# Blender 4.5.3 LTS
# www.blender.org
mtllib mandibulaobj.mtl
g mandibula_Mesh
v -0.303235 -0.511609 -0.271612
v -0.343690 -0.539772 -0.310412
v -0.306161 -0.505224 -0.327712
v -0.257267 -0.468550 -0.286012
v -0.274820 -0.471078 -0.348512
v -0.220280 -0.427323 -0.304112
v -0.249643 -0.437632 -0.371612
v -0.191660 -0.388080 -0.324912
v -0.231078 -0.405525 -0.396212
v -0.171084 -0.351095 -0.347912
v -0.219836 -0.375919 -0.422212
v -0.158770 -0.317388 -0.373312
v -0.216241 -0.349743 -0.449812
v -0.154927 -0.288082 -0.401312
v -0.220819 -0.327941 -0.479112
v -0.159866 -0.264303 -0.432112
v -0.268233 -0.485492 -0.225912
v -0.216619 -0.435353 -0.238012
v -0.175457 -0.387468 -0.253512
v -0.143925 -0.342069 -0.271912
v -0.121609 -0.299324 -0.293012
v -0.108403 -0.260529 -0.317312
v -0.104386 -0.227195 -0.345512
v -0.109934 -0.200857 -0.378212
v -0.183494 -0.405878 -0.184612
v -0.238658 -0.461722 -0.174612
v -0.139412 -0.351936 -0.197612
v -0.105799 -0.300048 -0.213212
v -0.081923 -0.250555 -0.231812
v -0.067923 -0.205474 -0.254512
v -0.063928 -0.166925 -0.282612
v -0.070050 -0.137223 -0.317512
v -0.214838 -0.441229 -0.119012
v -0.157546 -0.380697 -0.126912
v -0.111600 -0.321286 -0.137212
v -0.076311 -0.262841 -0.149712
v -0.051232 -0.205926 -0.165012
v -0.036467 -0.152958 -0.185112
v -0.032340 -0.107375 -0.212412
v -0.039258 -0.072822 -0.250012
v -0.197372 -0.425264 -0.060212
v -0.138768 -0.361114 -0.066012
v -0.091691 -0.297097 -0.073312
v -0.055360 -0.232949 -0.082412
v -0.029376 -0.168636 -0.093712
v -0.013885 -0.106079 -0.109612
v -0.127355 -0.348449 -0.002712
v -0.186578 -0.414857 0.000788
v -0.079723 -0.281378 -0.007112
v -0.042827 -0.213070 -0.012512
v -0.016224 -0.142788 -0.019112
v -0.000070 -0.069843 -0.028712
v -0.450955 -0.304677 -0.674912
v -0.417955 -0.260062 -0.662712
v -0.359655 -0.244095 -0.635612
v -0.401962 -0.295184 -0.653812
v -0.392218 -0.213729 -0.649712
v -0.327181 -0.193001 -0.616712
v -0.303810 -0.142245 -0.598012
v -0.373280 -0.166443 -0.636412
v -0.308386 -0.234216 -0.605312
v -0.357306 -0.290357 -0.629412
v -0.270638 -0.178882 -0.580212
v -0.243255 -0.124389 -0.555112
v -0.289101 -0.092292 -0.580512
v -0.225700 -0.071195 -0.531312
v -0.263914 -0.229604 -0.572312
v -0.317143 -0.289506 -0.602012
v -0.222146 -0.170633 -0.540612
v -0.191235 -0.112643 -0.508212
v -0.170765 -0.055801 -0.476612
v -0.226261 -0.229960 -0.537212
v -0.282694 -0.292429 -0.572212
v -0.181415 -0.168131 -0.498912
v -0.147457 -0.106884 -0.458312
v -0.123973 -0.046386 -0.417312
v -0.196012 -0.235532 -0.501312
v -0.254723 -0.299590 -0.541212
v -0.148811 -0.171806 -0.456612
v -0.112340 -0.108148 -0.407912
v -0.086001 -0.044509 -0.356812
v -0.173722 -0.246867 -0.465812
v -0.233813 -0.311237 -0.509812
v -0.124867 -0.182505 -0.415712
v -0.086268 -0.117871 -0.360112
v -0.057367 -0.052419 -0.299412
v -0.409409 -0.278833 0.773888
v -0.442425 -0.323248 0.786788
v -0.394036 -0.312500 0.766088
v -0.351721 -0.261510 0.746988
v -0.349992 -0.306317 0.742088
v -0.301080 -0.250077 0.717088
v -0.310548 -0.304020 0.715188
v -0.257334 -0.243919 0.684388
v -0.276818 -0.305497 0.686188
v -0.220517 -0.242638 0.649888
v -0.249375 -0.311096 0.655888
v -0.190995 -0.246663 0.614688
v -0.229176 -0.321396 0.625488
v -0.169333 -0.256443 0.580188
v -0.216786 -0.336844 0.595888
v -0.156089 -0.272525 0.547588
v -0.319131 -0.210608 0.727088
v -0.383540 -0.232890 0.759988
v -0.263331 -0.194743 0.690788
v -0.215683 -0.184757 0.651488
v -0.175795 -0.180517 0.610188
v -0.144034 -0.182455 0.568588
v -0.120726 -0.191499 0.528588
v -0.106413 -0.208397 0.492188
v -0.364378 -0.185886 0.745688
v -0.295644 -0.160043 0.707288
v -0.235949 -0.140250 0.664388
v -0.184887 -0.126576 0.617688
v -0.141969 -0.118879 0.568088
v -0.107711 -0.118207 0.518288
v -0.082491 -0.126093 0.471188
v -0.066892 -0.143990 0.429788
v -0.352609 -0.139282 0.731988
v -0.280911 -0.110389 0.688588
v -0.218377 -0.087255 0.639388
v -0.164417 -0.069734 0.584688
v -0.118717 -0.057999 0.525488
v -0.081620 -0.053986 0.465288
v -0.054053 -0.059876 0.408588
v -0.036679 -0.078632 0.360288
v -0.035585 0.008040 0.341888
v -0.066716 0.009628 0.414088
v -0.015480 -0.010996 0.281888
v -0.304210 -0.509480 0.453588
v -0.341971 -0.543646 0.437588
v -0.301656 -0.514992 0.398488
v -0.255564 -0.472224 0.411288
v -0.266894 -0.488393 0.352488
v -0.215156 -0.438546 0.362788
v -0.237559 -0.464141 0.300988
v -0.182279 -0.408488 0.308988
v -0.213986 -0.443066 0.245088
v -0.156678 -0.382733 0.250888
v -0.196776 -0.426419 0.186088
v -0.138156 -0.362469 0.189588
v -0.186330 -0.415439 0.124988
v -0.126999 -0.349123 0.126088
v -0.182750 -0.411335 0.062788
v -0.123392 -0.344115 0.061688
v -0.272729 -0.475824 0.472888
v -0.218437 -0.431488 0.427688
v -0.173862 -0.391050 0.376388
v -0.138073 -0.354837 0.319888
v -0.110517 -0.323506 0.258788
v -0.090964 -0.298643 0.194488
v -0.079359 -0.282151 0.127888
v -0.075642 -0.276030 0.060288
v -0.189478 -0.392719 0.446788
v -0.247212 -0.442852 0.494388
v -0.142090 -0.346134 0.392888
v -0.104228 -0.303331 0.333388
v -0.075096 -0.265451 0.268988
v -0.054616 -0.234694 0.200888
v -0.042455 -0.213942 0.130388
v -0.038568 -0.206203 0.058888
v -0.168646 -0.356415 0.468088
v -0.228384 -0.411527 0.517388
v -0.119526 -0.303971 0.412088
v -0.080105 -0.254420 0.349688
v -0.049885 -0.208927 0.281788
v -0.028409 -0.170665 0.209388
v -0.015736 -0.143852 0.133988
v -0.011661 -0.133488 0.057288
v -0.155968 -0.323482 0.491788
v -0.216778 -0.382694 0.541888
v -0.105957 -0.265949 0.434488
v -0.065840 -0.210121 0.370288
v -0.034864 -0.156641 0.299388
v -0.012777 -0.108597 0.222488
v 0.000541 -0.071198 0.140288
v 0.004778 -0.055403 0.055488
v -0.212704 -0.357482 0.568088
v -0.151646 -0.295139 0.518188
v -0.101560 -0.233587 0.460988
v -0.061366 -0.172536 0.396488
v -0.030374 -0.111831 0.324588
v -0.008113 -0.052336 0.243888
v -0.387431 -0.574424 -0.297512
v -0.412243 -0.588877 -0.324612
v -0.389621 -0.569685 -0.341712
v -0.365047 -0.546120 -0.362212
v -0.340090 -0.518612 -0.386112
v -0.318718 -0.490190 -0.411312
v -0.302613 -0.462397 -0.437312
v -0.292599 -0.436201 -0.463812
v -0.289508 -0.412473 -0.491012
v -0.293857 -0.392259 -0.518912
v -0.360030 -0.557251 -0.262112
v -0.331296 -0.537964 -0.217612
v -0.305420 -0.519310 -0.167512
v -0.284174 -0.502938 -0.113212
v -0.268176 -0.489902 -0.055912
v -0.258034 -0.481354 0.003488
v -0.254465 -0.478355 0.063888
v -0.522062 -0.348271 -0.696112
v -0.503746 -0.319295 -0.692312
v -0.491166 -0.346968 -0.685712
v -0.484759 -0.283743 -0.686412
v -0.466513 -0.241529 -0.678412
v -0.492011 0.046753 -0.667012
v -0.456194 -0.346438 -0.671012
v -0.418311 -0.347176 -0.651412
v -0.382665 -0.350003 -0.628412
v -0.351419 -0.355494 -0.602912
v -0.325544 -0.364029 -0.575612
v -0.305996 -0.376188 -0.547312
v -0.482744 -0.365447 0.798288
v -0.494828 -0.338938 0.803988
v -0.513268 -0.367623 0.808388
v -0.448260 -0.363853 0.783988
v -0.410880 -0.363329 0.764888
v -0.375946 -0.364808 0.742588
v -0.345319 -0.368844 0.717888
v -0.320056 -0.376025 0.691388
v -0.301228 -0.386737 0.664188
v -0.289584 -0.401644 0.636988
v -0.475609 -0.303768 0.797488
v -0.457116 -0.262136 0.788688
v -0.442711 -0.218328 0.778988
v -0.492847 0.048391 0.769188
v -0.385736 -0.577998 0.425888
v -0.387679 -0.573842 0.469188
v -0.410516 -0.592851 0.452888
v -0.358567 -0.560443 0.390488
v -0.330072 -0.540674 0.345788
v -0.304436 -0.521538 0.295688
v -0.283339 -0.504576 0.241288
v -0.267588 -0.490958 0.183888
v -0.257794 -0.481836 0.124388
v -0.362964 -0.550767 0.488688
v -0.337767 -0.523741 0.511288
v -0.316140 -0.496001 0.535088
v -0.299679 -0.468881 0.559488
v -0.289301 -0.443458 0.584588
v -0.285731 -0.420695 0.610388
v -1.990910 -0.971005 -0.589012
v -2.074181 -1.001941 -0.562412
v -2.104913 -0.989185 -0.558512
v -2.016309 -0.953502 -0.588212
v -2.140575 -0.975022 -0.552512
v -2.046680 -0.935298 -0.585212
v -2.176563 -0.958078 -0.545812
v -2.129553 -0.779490 -0.581012
v -1.917034 -0.914545 -0.617212
v -1.895140 -0.935844 -0.616012
v -1.943378 -0.892805 -0.616312
v -1.971439 -0.869698 -0.614212
v -1.808816 -0.872054 -0.644812
v -1.789088 -0.896338 -0.642312
v -1.832098 -0.847255 -0.645512
v -1.911856 -0.702632 -0.644912
v -1.675444 -0.852704 -0.666812
v -1.693449 -0.826173 -0.670312
v -1.714242 -0.798665 -0.672112
v -1.736519 -0.770173 -0.672712
v -1.573025 -0.777073 -0.693012
v -1.556370 -0.805519 -0.688912
v -1.591671 -0.747584 -0.695612
v -1.684558 -0.526473 -0.697012
v -1.449383 -0.725605 -0.712412
v -1.433918 -0.755452 -0.708012
v -1.466073 -0.694252 -0.715512
v -1.483865 -0.661684 -0.717412
v -1.310249 -0.703079 -0.723312
v -1.324407 -0.672022 -0.727912
v -1.339309 -0.639220 -0.731112
v -1.378351 -0.488182 -0.733212
v -1.200050 -0.616984 -0.738912
v -1.187323 -0.648959 -0.734312
v -1.213040 -0.583023 -0.742112
v -1.226449 -0.547592 -0.744212
v -1.078235 -0.561551 -0.745312
v -1.066954 -0.594245 -0.741012
v -1.088888 -0.526698 -0.748212
v -1.099688 -0.490051 -0.750012
v -0.951177 -0.539803 -0.743112
v -0.960382 -0.506739 -0.747012
v -0.968401 -0.470971 -0.749412
v -0.998837 -0.360470 -0.750612
v -0.848420 -0.453510 -0.743912
v -0.841799 -0.486884 -0.740612
v -0.853082 -0.417068 -0.745412
v -0.857508 -0.378600 -0.745712
v -0.743756 -0.403080 -0.735912
v -0.740631 -0.436637 -0.733712
v -0.744356 -0.366007 -0.736212
v -0.769144 -0.243511 -0.735212
v -0.649754 -0.390637 -0.722812
v -0.647779 -0.356867 -0.723412
v -0.643137 -0.318867 -0.721912
v -0.638904 -0.278292 -0.719012
v -0.561365 -0.316445 -0.706812
v -0.570500 -0.350998 -0.708812
v -0.550225 -0.276915 -0.702612
v -0.605712 0.022378 -0.691812
v -2.051304 -1.014331 -0.563212
v -2.109940 -1.032333 -0.543912
v -2.142735 -1.028773 -0.537112
v -2.181188 -1.022262 -0.528712
v -2.223452 -1.012047 -0.518912
v -2.282490 -0.932360 -0.505412
v -0.574938 -0.379149 -0.707812
v -0.644424 -0.417995 -0.719112
v -0.732397 -0.465165 -0.729012
v -0.831790 -0.516271 -0.735312
v -0.939931 -0.569592 -0.737312
v -1.054803 -0.624060 -0.734912
v -1.174482 -0.678618 -0.728112
v -1.296950 -0.732198 -0.717012
v -1.420277 -0.783842 -0.701812
v -1.542519 -0.832788 -0.682912
v -1.661308 -0.878545 -0.661212
v -1.774690 -0.920452 -0.637212
v -1.880314 -0.957817 -0.611712
v -1.975238 -0.989799 -0.586012
v -0.640109 -0.411826 0.834688
v -0.561210 -0.371514 0.820588
v -0.551727 -0.337535 0.817888
v -0.637762 -0.378929 0.834588
v -0.540332 -0.298686 0.812888
v -0.632656 -0.341694 0.832188
v -0.530849 -0.257284 0.806588
v -0.628160 -0.301900 0.828588
v -0.606408 0.023525 0.799988
v -0.626452 -0.261128 0.824288
v -0.733375 -0.425915 0.847088
v -0.730738 -0.458409 0.845688
v -0.733504 -0.389707 0.846588
v -0.733420 -0.351174 0.844788
v -0.779939 -0.182183 0.842288
v -0.837691 -0.476919 0.855188
v -0.831658 -0.509237 0.852788
v -0.841866 -0.441541 0.855888
v -0.845912 -0.404045 0.855488
v -0.851151 -0.365443 0.854188
v -0.949513 -0.530639 0.858388
v -0.940805 -0.562539 0.855288
v -0.957037 -0.496034 0.859988
v -0.964415 -0.459511 0.860388
v -1.039526 -0.213881 0.860088
v -1.067134 -0.585832 0.856788
v -1.056457 -0.617272 0.853188
v -1.077300 -0.552044 0.858888
v -1.087604 -0.516561 0.859988
v -1.098603 -0.479931 0.860188
v -1.188934 -0.641465 0.850388
v -1.176710 -0.672177 0.846588
v -1.201427 -0.608668 0.852788
v -1.214242 -0.574392 0.854188
v -1.279481 -0.409629 0.854688
v -1.313191 -0.696495 0.839388
v -1.299636 -0.726296 0.835588
v -1.327588 -0.664956 0.841788
v -1.342714 -0.631871 0.843188
v -1.358327 -0.597722 0.843688
v -1.438174 -0.749978 0.823888
v -1.423306 -0.778670 0.820288
v -1.454461 -0.719897 0.826188
v -1.471666 -0.688385 0.827288
v -1.538506 -0.549636 0.827588
v -1.561925 -0.801355 0.804488
v -1.545873 -0.828546 0.801188
v -1.580083 -0.772930 0.806288
v -1.599542 -0.743307 0.806888
v -1.619406 -0.712412 0.806788
v -1.682588 -0.849973 0.781688
v -1.665071 -0.875440 0.778988
v -1.702877 -0.823728 0.782688
v -1.724675 -0.796201 0.782588
v -1.799232 -0.582129 0.781688
v -1.798087 -0.895463 0.756188
v -1.778854 -0.918583 0.754388
v -1.820890 -0.871629 0.755988
v -1.845384 -0.846728 0.754688
v -1.869924 -0.820026 0.752788
v -1.906661 -0.937281 0.728488
v -1.885139 -0.957707 0.727988
v -1.932526 -0.916505 0.726788
v -1.960207 -0.894371 0.723888
v -2.021836 -0.776569 0.715288
v -2.006291 -0.975564 0.699388
v -1.981264 -0.992195 0.700888
v -2.036200 -0.958126 0.695488
v -2.067649 -0.939007 0.690588
v -2.097805 -0.917274 0.685488
v -2.095267 -1.010374 0.669588
v -2.064791 -1.022449 0.674188
v -2.130582 -0.996786 0.662788
v -2.166306 -0.980622 0.655288
v -2.162705 -0.882810 0.650788
v -0.565912 -0.398883 0.820288
v -2.293475 -0.942883 0.617788
v -2.214154 -1.032662 0.629188
v -2.172121 -1.042495 0.639788
v -2.134108 -1.048540 0.648888
v -2.101138 -1.051784 0.656088
v -2.042270 -1.034166 0.675588
v -1.965973 -1.010016 0.698588
v -1.870908 -0.978525 0.724388
v -1.765052 -0.941542 0.750088
v -1.651530 -0.900125 0.774188
v -1.532526 -0.854552 0.796088
v -1.410376 -0.805713 0.814988
v -1.286941 -0.754161 0.830188
v -1.164481 -0.700481 0.841288
v -1.044909 -0.645831 0.847988
v -0.930162 -0.591072 0.850288
v -0.822152 -0.537361 0.848188
v -0.722992 -0.485872 0.841788
v -0.635258 -0.438221 0.831688
v -0.528679 -0.656215 -0.376612
v -0.517926 -0.641598 -0.408912
v -0.435677 -0.591883 -0.388912
v -0.452351 -0.610191 -0.361212
v -0.617597 -0.706571 -0.388112
v -0.610968 -0.694295 -0.423612
v -0.717442 -0.759520 -0.396212
v -0.713690 -0.748881 -0.433612
v -0.826325 -0.813603 -0.400912
v -0.824793 -0.804048 -0.439312
v -0.942233 -0.867654 -0.402112
v -0.942530 -0.859050 -0.440812
v -1.063230 -0.920814 -0.399912
v -1.065065 -0.913037 -0.438312
v -1.187479 -0.972231 -0.394112
v -1.190776 -0.964974 -0.431812
v -1.312859 -1.020831 -0.384912
v -1.317711 -1.014201 -0.421512
v -1.437501 -1.066159 -0.372712
v -1.443899 -1.060258 -0.407812
v -1.559145 -1.107633 -0.357812
v -1.567497 -1.102392 -0.391112
v -1.675731 -1.144684 -0.340812
v -1.686418 -1.140334 -0.371712
v -1.785173 -1.177041 -0.322112
v -1.798893 -1.173639 -0.350012
v -1.884612 -1.204072 -0.302112
v -1.902928 -1.202147 -0.326312
v -1.971916 -1.226104 -0.281012
v -1.997012 -1.225933 -0.300212
v -0.504274 -0.623133 -0.439612
v -0.416818 -0.569584 -0.416312
v -0.601700 -0.678694 -0.456612
v -0.707864 -0.735366 -0.468112
v -0.821943 -0.792178 -0.474612
v -0.942075 -0.848579 -0.476312
v -1.066838 -0.903549 -0.473512
v -1.194570 -0.956553 -0.466312
v -1.323640 -1.006656 -0.455012
v -1.452173 -1.053504 -0.439912
v -1.578396 -1.096654 -0.421412
v -1.700542 -1.135661 -0.399812
v -1.816839 -1.170079 -0.375512
v -1.925985 -1.199904 -0.348512
v -2.026392 -1.224906 -0.318712
v -0.490992 -0.602591 -0.468912
v -0.399409 -0.545498 -0.443712
v -0.592103 -0.660960 -0.487612
v -0.701901 -0.719833 -0.500212
v -0.818832 -0.778582 -0.507212
v -0.941750 -0.836513 -0.509012
v -1.068916 -0.892782 -0.505812
v -1.199066 -0.946885 -0.497912
v -1.330465 -0.997980 -0.485612
v -1.461523 -1.045836 -0.469212
v -1.590681 -1.089926 -0.449112
v -1.716250 -1.130013 -0.425612
v -1.836578 -1.165460 -0.399012
v -1.950359 -1.196263 -0.369512
v -2.055434 -1.221845 -0.337112
v -0.480374 -0.581363 -0.497212
v -0.386028 -0.521236 -0.470912
v -0.584488 -0.642283 -0.516812
v -0.697023 -0.703284 -0.530012
v -0.816716 -0.763863 -0.537312
v -0.942028 -0.823192 -0.539012
v -1.071597 -0.880759 -0.535412
v -1.203967 -0.935946 -0.526812
v -1.337776 -0.988239 -0.513612
v -1.471370 -1.037003 -0.496212
v -1.603162 -1.082009 -0.474712
v -1.731781 -1.122845 -0.449712
v -1.855548 -1.159174 -0.421412
v -1.972993 -1.190575 -0.390012
v -2.081191 -1.216009 -0.355612
v -0.473843 -0.560466 -0.524712
v -0.377689 -0.497885 -0.497912
v -0.579988 -0.623558 -0.544612
v -0.694487 -0.686323 -0.557912
v -0.816167 -0.748368 -0.565212
v -0.943476 -0.809063 -0.566612
v -1.075057 -0.867797 -0.562512
v -1.209455 -0.923950 -0.553312
v -1.345301 -0.977111 -0.539412
v -1.480931 -1.026743 -0.521012
v -1.615066 -1.072541 -0.498512
v -1.746137 -1.114077 -0.472412
v -1.872471 -1.150916 -0.442812
v -1.992408 -1.182519 -0.410112
v -2.102166 -1.207277 -0.374512
v -0.472338 -0.540680 -0.551312
v -0.375134 -0.476207 -0.524812
v -0.579466 -0.605255 -0.570912
v -0.695156 -0.669422 -0.584012
v -0.818051 -0.732568 -0.590912
v -0.946682 -0.794273 -0.592012
v -1.079702 -0.853826 -0.587412
v -1.215439 -0.910791 -0.577712
v -1.352632 -0.964663 -0.563112
v -1.489808 -1.015022 -0.544012
v -1.625506 -1.061349 -0.520812
v -1.758047 -1.103305 -0.493912
v -1.886068 -1.140381 -0.463612
v -2.007424 -1.171798 -0.430212
v -2.117545 -1.195783 -0.394212
v -0.476593 -0.522866 -0.577112
v -0.379478 -0.457297 -0.551512
v -0.583955 -0.588263 -0.596012
v -0.699987 -0.653160 -0.608412
v -0.823224 -0.717036 -0.614812
v -0.952321 -0.779180 -0.615312
v -1.085699 -0.839264 -0.610412
v -1.221903 -0.896668 -0.600212
v -1.359669 -0.950887 -0.585112
v -1.497328 -1.001486 -0.565512
v -1.633500 -1.048152 -0.541912
v -1.766631 -1.090257 -0.514612
v -1.895249 -1.127381 -0.484112
v -2.016929 -1.158524 -0.450612
v -2.126716 -1.181679 -0.414712
v -0.487471 -0.507495 -0.602112
v -0.390979 -0.441675 -0.578012
v -0.594112 -0.573135 -0.619812
v -0.709538 -0.638083 -0.631312
v -0.832077 -0.701902 -0.636912
v -0.960477 -0.763990 -0.636912
v -1.093256 -0.824025 -0.631512
v -1.228870 -0.881281 -0.620912
v -1.365930 -0.935543 -0.605612
v -1.502983 -0.986193 -0.585812
v -1.638565 -1.032711 -0.562012
v -1.771098 -1.074768 -0.534712
v -1.899127 -1.111743 -0.504412
v -2.020324 -1.142646 -0.471312
v -2.129745 -1.165370 -0.436012
v -0.504093 -0.494296 -0.625912
v -0.409055 -0.429096 -0.603812
v -0.609279 -0.559316 -0.642112
v -0.723150 -0.623636 -0.652512
v -0.844236 -0.686836 -0.657212
v -0.971073 -0.748396 -0.656612
v -1.102389 -0.807911 -0.650812
v -1.236425 -0.864838 -0.640012
v -1.371914 -0.918672 -0.624512
v -1.507288 -0.968985 -0.604712
v -1.641185 -1.015266 -0.581112
v -1.772139 -1.056993 -0.554112
v -1.898581 -1.093740 -0.524312
v -2.018483 -1.124538 -0.492112
v -2.126915 -1.147081 -0.457912
v -0.432643 -0.419071 -0.628212
v -0.525394 -0.482781 -0.648112
v -0.628285 -0.546411 -0.662612
v -0.739853 -0.609440 -0.671812
v -0.858827 -0.671466 -0.675712
v -0.983535 -0.732050 -0.674512
v -1.112608 -0.790781 -0.668312
v -1.244591 -0.847040 -0.657412
v -1.377820 -0.900289 -0.641812
v -1.510926 -0.950118 -0.622112
v -1.642454 -0.995905 -0.598812
v -1.770833 -1.037223 -0.572412
v -1.894593 -1.073652 -0.543512
v -2.012102 -1.104255 -0.512412
v -2.118915 -1.126968 -0.479712
v -0.460786 -0.411021 -0.650612
v -0.550319 -0.472363 -0.668212
v -0.650182 -0.533740 -0.681012
v -0.758905 -0.594733 -0.689112
v -0.875093 -0.655228 -0.692212
v -0.997291 -0.714606 -0.690512
v -1.123945 -0.772238 -0.684012
v -1.253385 -0.827688 -0.673012
v -1.384163 -0.880237 -0.657512
v -1.514602 -0.929548 -0.638012
v -1.643156 -0.974893 -0.615112
v -1.768254 -1.015844 -0.589412
v -1.888441 -1.051782 -0.561412
v -2.002255 -1.082187 -0.531812
v -2.106544 -1.105096 -0.500912
v -0.492014 -0.404525 -0.670312
v -0.577619 -0.462338 -0.685712
v -0.673821 -0.520609 -0.697112
v -0.779134 -0.579118 -0.704212
v -0.892378 -0.637568 -0.706712
v -1.011891 -0.695423 -0.704512
v -1.136018 -0.752048 -0.697912
v -1.263014 -0.806698 -0.686812
v -1.391133 -0.858630 -0.671312
v -1.518806 -0.907415 -0.652112
v -1.644178 -0.952402 -0.629712
v -1.765597 -0.992955 -0.604712
v -1.881390 -1.028636 -0.577812
v -1.990419 -1.058652 -0.549612
v -2.090466 -1.081920 -0.520912
v -0.524023 -0.398294 -0.686712
v -0.604693 -0.451392 -0.700212
v -0.696892 -0.505827 -0.710512
v -0.799126 -0.561477 -0.717012
v -0.909625 -0.617899 -0.719012
v -1.026743 -0.674356 -0.716612
v -1.148650 -0.729897 -0.709912
v -1.273394 -0.783862 -0.698712
v -1.399238 -0.835409 -0.683412
v -1.524327 -0.883885 -0.664412
v -1.646709 -0.928629 -0.642512
v -1.764515 -0.969189 -0.618112
v -1.875907 -1.004714 -0.592012
v -1.979322 -1.034676 -0.565312
v -2.073240 -1.058049 -0.538712
v -0.552557 -0.390375 -0.699412
v -0.628397 -0.437463 -0.711512
v -0.717316 -0.487819 -0.721312
v -0.817152 -0.540867 -0.727412
v -0.925895 -0.595441 -0.729312
v -1.041208 -0.650648 -0.726812
v -1.161461 -0.705553 -0.719912
v -1.284635 -0.759090 -0.708812
v -1.408891 -0.810408 -0.693612
v -1.531971 -0.858921 -0.674812
v -1.652020 -0.903978 -0.653012
v -1.766895 -0.944802 -0.629012
v -1.874527 -0.980925 -0.603612
v -1.972587 -1.011355 -0.577812
v -2.058947 -1.035118 -0.553012
v -0.463872 -0.622764 -0.332812
v -0.532035 -0.664313 -0.341312
v -0.619008 -0.713910 -0.349412
v -0.717681 -0.766462 -0.355612
v -0.825584 -0.820265 -0.359212
v -0.940810 -0.874060 -0.360112
v -1.061126 -0.926964 -0.358112
v -1.184793 -0.978133 -0.353012
v -1.309690 -1.026493 -0.344912
v -1.433659 -1.071466 -0.334112
v -1.554630 -1.112584 -0.321212
v -1.670343 -1.149263 -0.306512
v -1.778538 -1.180917 -0.290712
v -1.876140 -1.207097 -0.274712
v -1.954535 -1.226400 -0.260512
v -2.045390 -1.243002 -0.258812
v -2.015445 -1.239870 -0.248412
v -2.079634 -1.245079 -0.271312
v -2.116449 -1.245156 -0.286112
v -2.150507 -1.242100 -0.301912
v -2.179219 -1.235702 -0.318812
v -2.201670 -1.226086 -0.336912
v -2.217339 -1.213512 -0.356412
v -2.226474 -1.198602 -0.377412
v -2.229145 -1.181763 -0.399712
v -2.225533 -1.163210 -0.422912
v -2.215948 -1.142868 -0.446612
v -2.200570 -1.120952 -0.470012
v -2.180189 -1.097628 -0.492612
v -2.156145 -1.073705 -0.513412
v -2.131864 -1.051468 -0.530712
v -2.145942 -1.269922 0.323988
v -2.097313 -1.259656 0.357488
v -2.148488 -1.264511 0.364788
v -2.208687 -1.275616 0.328488
v -2.194623 -1.265947 0.375088
v -2.260649 -1.275719 0.336188
v -2.234838 -1.263692 0.387288
v -2.300724 -1.270242 0.346488
v -2.266862 -1.257261 0.401188
v -2.332269 -1.261063 0.359488
v -2.290359 -1.247128 0.417088
v -2.356134 -1.248853 0.375088
v -2.372663 -1.234342 0.393788
v -2.306633 -1.234502 0.435188
v -2.316219 -1.220231 0.455588
v -2.381796 -1.218228 0.415588
v -2.257209 -1.282262 0.289188
v -2.188928 -1.278026 0.286488
v -2.311857 -1.280175 0.294988
v -2.354011 -1.272559 0.303888
v -2.387253 -1.261010 0.315888
v -2.412900 -1.246637 0.331288
v -2.430902 -1.230038 0.350688
v -2.440113 -1.211723 0.374288
v -2.224807 -1.283445 0.245488
v -2.296531 -1.286054 0.247088
v -2.353350 -1.281936 0.251588
v -2.397301 -1.271958 0.259188
v -2.432856 -1.257887 0.270088
v -2.461128 -1.240818 0.284988
v -2.481374 -1.221291 0.304988
v -2.491609 -1.200250 0.331088
v -2.328068 -1.288112 0.202788
v -2.252659 -1.286407 0.201988
v -2.385579 -1.281642 0.206088
v -2.430455 -1.268929 0.212188
v -2.467563 -1.251775 0.221588
v -2.498170 -1.230681 0.235488
v -2.521088 -1.206655 0.255788
v -2.533374 -1.181366 0.284788
v -2.352161 -1.289164 0.156788
v -2.274762 -1.288502 0.156588
v -2.408863 -1.280320 0.158688
v -2.453183 -1.264553 0.162888
v -2.491106 -1.243551 0.169888
v -2.523843 -1.217213 0.181388
v -2.550259 -1.185947 0.200388
v -2.578410 -1.082585 0.244788
v -2.369047 -1.290032 0.109488
v -2.289597 -1.289906 0.109988
v -2.423434 -1.278794 0.109888
v -2.466362 -1.260405 0.111388
v -2.504400 -1.235500 0.114688
v -2.539250 -1.202912 0.121188
v -2.604341 -1.049875 0.142888
v -2.181874 -1.074388 0.626488
v -2.235983 -1.072759 0.610388
v -2.288455 -1.101196 0.580988
v -2.223428 -1.100133 0.602888
v -2.286011 -1.065782 0.595088
v -2.338596 -1.092824 0.561488
v -2.328327 -1.052461 0.580888
v -2.391258 -1.017536 0.544588
v -2.326311 -1.125537 0.551988
v -2.258802 -1.125377 0.578188
v -2.372983 -1.114175 0.529288
v -2.410032 -1.096513 0.509488
v -2.350462 -1.145656 0.523388
v -2.287563 -1.149281 0.552688
v -2.398479 -1.133801 0.497088
v -2.438519 -1.116382 0.473188
v -2.472352 -1.093844 0.452088
v -2.467084 -0.985664 0.478188
v -2.367769 -1.164819 0.494988
v -2.306169 -1.169753 0.527088
v -2.418361 -1.153373 0.464688
v -2.462064 -1.136552 0.436088
v -2.520126 -1.028093 0.400088
v -2.378821 -1.183173 0.466988
v -2.316049 -1.187711 0.502088
v -2.432629 -1.172891 0.432588
v -2.480238 -1.157390 0.398788
v -2.520443 -1.135470 0.366088
v -2.383594 -1.201017 0.440188
v -2.319208 -1.204421 0.478088
v -2.440370 -1.192481 0.402088
v -2.490748 -1.178710 0.363088
v -2.555696 -1.074421 0.317088
v -2.243382 -1.053293 -0.499312
v -2.189448 -1.055238 -0.514512
v -2.228469 -1.081279 -0.490712
v -2.293197 -1.082317 -0.469912
v -2.260530 -1.106555 -0.465712
v -2.331589 -1.108709 -0.440512
v -2.285687 -1.130367 -0.439912
v -2.358879 -1.132193 -0.411112
v -2.303166 -1.152353 -0.413712
v -2.376231 -1.153265 -0.382012
v -2.313374 -1.172444 -0.387912
v -2.385293 -1.172662 -0.353612
v -2.316679 -1.191073 -0.362912
v -2.387492 -1.191301 -0.326212
v -2.313569 -1.208378 -0.339212
v -2.383429 -1.209231 -0.300612
v -2.349648 -1.076564 -0.450812
v -2.294015 -1.046265 -0.484812
v -2.389001 -1.102231 -0.417612
v -2.415308 -1.124231 -0.385012
v -2.431736 -1.144325 -0.352712
v -2.440798 -1.163721 -0.320712
v -2.443140 -1.183074 -0.289912
v -2.438473 -1.202259 -0.261412
v -2.410415 -1.008957 -0.430512
v -2.339166 -1.033876 -0.471512
v -2.431678 -1.086932 -0.398212
v -2.457085 -1.107655 -0.362212
v -2.509711 -1.035274 -0.328812
v -2.485548 -1.147588 -0.289112
v -2.489190 -1.168250 -0.253312
v -2.484261 -1.189421 -0.220612
v -2.524159 -1.125538 -0.258412
v -2.509904 -1.104617 -0.301412
v -2.561487 -1.037669 -0.216412
v -2.524474 -1.171113 -0.176412
v -2.147422 -1.266531 -0.197112
v -2.209817 -1.271594 -0.203212
v -2.150239 -1.260238 -0.239012
v -2.099124 -1.255890 -0.230312
v -2.189685 -1.274877 -0.159812
v -2.260035 -1.279582 -0.164312
v -2.226189 -1.281250 -0.119112
v -2.303091 -1.285583 -0.122612
v -2.256320 -1.285801 -0.075912
v -2.337986 -1.289519 -0.078712
v -2.278757 -1.288726 -0.030712
v -2.362331 -1.291193 -0.033012
v -2.292089 -1.290108 0.015688
v -2.375361 -1.291347 0.013888
v -2.295577 -1.290391 0.062788
v -2.377120 -1.290687 0.061588
v -2.195842 -1.260828 -0.250712
v -2.262983 -1.271694 -0.212512
v -2.319103 -1.278656 -0.171912
v -2.362593 -1.281783 -0.129112
v -2.392330 -1.281286 -0.084412
v -2.412814 -1.279839 -0.037712
v -2.425260 -1.278541 0.010688
v -2.428813 -1.278027 0.060188
v -2.305333 -1.266603 -0.224512
v -2.234857 -1.257272 -0.264412
v -2.359743 -1.269914 -0.182812
v -2.399761 -1.268847 -0.139312
v -2.429326 -1.265527 -0.093412
v -2.450901 -1.261760 -0.044912
v -2.464689 -1.258765 0.005988
v -2.470068 -1.257997 0.058588
v -2.335879 -1.256139 -0.239312
v -2.265874 -1.249656 -0.280012
v -2.388556 -1.256099 -0.197112
v -2.428823 -1.251942 -0.153012
v -2.460242 -1.245562 -0.105912
v -2.484178 -1.238676 -0.055212
v -2.500301 -1.232860 -0.000612
v -2.507480 -1.230934 0.056888
v -2.357965 -1.242380 -0.256912
v -2.288670 -1.238262 -0.297612
v -2.410866 -1.239549 -0.214912
v -2.452681 -1.232407 -0.170612
v -2.486808 -1.222334 -0.122812
v -2.514146 -1.210607 -0.069912
v -2.534019 -1.199378 -0.010512
v -2.543814 -1.193651 0.055088
v -2.373509 -1.226384 -0.277412
v -2.304161 -1.224169 -0.317412
v -2.427395 -1.221326 -0.236312
v -2.471462 -1.211157 -0.193012
v -2.508842 -1.196833 -0.145712
v -2.540833 -1.178460 -0.091812
v -2.596612 -1.054866 -0.025212
v -2.583570 -1.137683 0.052988
v -2.577348 -1.090726 -0.125212
v -2.041597 -1.251423 0.353588
v -2.013627 -1.243736 0.376788
v -2.043439 -1.247258 0.386388
v -2.077552 -1.249725 0.397788
v -2.114808 -1.250541 0.411288
v -2.149858 -1.248870 0.425888
v -2.180716 -1.244452 0.441388
v -2.205796 -1.237056 0.457888
v -2.224077 -1.226901 0.475788
v -2.234746 -1.214122 0.495288
v -2.073255 -1.259409 0.323888
v -2.107245 -1.267084 0.287188
v -2.138626 -1.273543 0.246588
v -2.165036 -1.278194 0.203288
v -2.184291 -1.280759 0.157888
v -2.196627 -1.282062 0.111188
v -2.201220 -1.282334 0.063888
v -2.124107 -1.070403 0.643088
v -2.149549 -1.091931 0.626588
v -2.176209 -1.115766 0.606288
v -2.199894 -1.139158 0.584388
v -2.218686 -1.161049 0.561588
v -2.231510 -1.181052 0.538788
v -2.237196 -1.198770 0.516388
v -2.043192 -1.247840 -0.225212
v -2.074618 -1.256209 -0.195512
v -2.108369 -1.264366 -0.158912
v -2.139326 -1.271091 -0.118412
v -2.165106 -1.276093 -0.075212
v -2.184596 -1.279480 -0.029912
v -2.196875 -1.281480 0.016588
v -1.994714 -1.230764 0.427388
v -1.969957 -1.230460 0.409188
v -1.882637 -1.208627 0.431088
v -1.900613 -1.207176 0.454188
v -1.783098 -1.181588 0.451788
v -1.796463 -1.178860 0.478688
v -1.673648 -1.149330 0.471188
v -1.683979 -1.145654 0.500988
v -1.557063 -1.112280 0.488788
v -1.565050 -1.107812 0.520988
v -1.435418 -1.070806 0.504088
v -1.441461 -1.065578 0.538088
v -1.310776 -1.025477 0.516688
v -1.315165 -1.019613 0.552088
v -1.185296 -0.976870 0.525888
v -1.188230 -0.970386 0.562488
v -1.061147 -0.925461 0.531588
v -1.062619 -0.918457 0.568888
v -0.939984 -0.864462 0.571088
v -0.940150 -0.872301 0.533588
v -0.822354 -0.809368 0.569188
v -0.824242 -0.818250 0.531888
v -0.711260 -0.754102 0.562888
v -0.715367 -0.764067 0.526588
v -0.608538 -0.699516 0.552288
v -0.615523 -0.711118 0.517788
v -0.515603 -0.646726 0.536888
v -0.526612 -0.660662 0.505488
v -0.450392 -0.614547 0.489388
v -0.433478 -0.596721 0.516088
v -2.024036 -1.230434 0.444688
v -1.923414 -1.205615 0.475188
v -1.814153 -1.175981 0.502988
v -1.697748 -1.141654 0.527988
v -1.575594 -1.102748 0.550088
v -1.449263 -1.059690 0.568988
v -1.320723 -1.012941 0.584388
v -1.191760 -0.962746 0.595788
v -1.064020 -0.909842 0.602888
v -0.939265 -0.854772 0.605388
v -0.819133 -0.798371 0.603288
v -0.705170 -0.741368 0.596288
v -0.599014 -0.684596 0.584088
v -0.501704 -0.628844 0.566288
v -0.414272 -0.574996 0.542288
v -2.053298 -1.228394 0.461788
v -1.947425 -1.202747 0.494988
v -1.833528 -1.172136 0.525288
v -1.713093 -1.136780 0.552488
v -1.587499 -1.096992 0.576588
v -1.458234 -1.052993 0.597088
v -1.327175 -1.005137 0.613688
v -1.195777 -0.954043 0.626088
v -1.065726 -0.899947 0.633888
v -0.938468 -0.843571 0.636788
v -0.815651 -0.785648 0.634588
v -0.698735 -0.726699 0.626988
v -0.589152 -0.667643 0.613788
v -0.488058 -0.609075 0.594388
v -0.396607 -0.551591 0.568288
v -2.079845 -1.223926 0.478988
v -1.969787 -1.197940 0.514088
v -1.852126 -1.166722 0.546188
v -1.728243 -1.130584 0.575188
v -1.599608 -1.089948 0.600788
v -1.467708 -1.045033 0.622688
v -1.334015 -0.996261 0.640388
v -1.200298 -0.944076 0.653588
v -1.067927 -0.888889 0.662088
v -0.938367 -0.831222 0.665488
v -0.813063 -0.771793 0.663388
v -0.693478 -0.711123 0.655588
v -0.581067 -0.649831 0.641688
v -0.477076 -0.588620 0.621288
v -0.382862 -0.528102 0.594088
v -2.101987 -1.216894 0.496588
v -1.989121 -1.190881 0.532888
v -1.868670 -1.159436 0.566288
v -1.742120 -1.122781 0.596488
v -1.611033 -1.081444 0.623188
v -1.476882 -1.035845 0.646088
v -1.341152 -0.986205 0.664688
v -1.205298 -0.933144 0.678788
v -1.070907 -0.876891 0.687888
v -0.939335 -0.818057 0.691688
v -0.812134 -0.757271 0.689888
v -0.690569 -0.695035 0.682088
v -0.576095 -0.631970 0.668088
v -0.470173 -0.568596 0.647388
v -0.374152 -0.505624 0.619688
v -2.118716 -1.207316 0.514888
v -2.003933 -1.181448 0.551688
v -1.881787 -1.149866 0.585688
v -1.753543 -1.113073 0.616688
v -1.620885 -1.071308 0.644088
v -1.485171 -1.025181 0.667688
v -1.347987 -0.974921 0.687088
v -1.210794 -0.921049 0.701688
v -1.074957 -0.864077 0.711388
v -0.942153 -0.804340 0.715688
v -0.813530 -0.742535 0.714188
v -0.690751 -0.679198 0.706788
v -0.575185 -0.614740 0.693088
v -0.468181 -0.549874 0.672588
v -0.371208 -0.485019 0.645188
v -2.128746 -1.194986 0.534088
v -2.013232 -1.169461 0.570688
v -1.890472 -1.138029 0.604888
v -1.761638 -1.101089 0.636088
v -1.628391 -1.059175 0.663888
v -1.492195 -1.012808 0.687888
v -1.354429 -0.962301 0.707688
v -1.216762 -0.908089 0.722788
v -1.080467 -0.850578 0.732888
v -0.947089 -0.790494 0.737688
v -0.818208 -0.728166 0.736788
v -0.694986 -0.664091 0.729888
v -0.579179 -0.598912 0.716788
v -0.471948 -0.533124 0.697088
v -0.374965 -0.467164 0.670588
v -2.131164 -1.180033 0.554288
v -2.016132 -1.154747 0.590288
v -1.893754 -1.123547 0.623988
v -1.765510 -1.086755 0.654888
v -1.632853 -1.044989 0.682688
v -1.497255 -0.998671 0.706788
v -1.360194 -0.948121 0.726788
v -1.223126 -0.893958 0.742188
v -1.087520 -0.836603 0.752688
v -0.954848 -0.776476 0.757888
v -0.826465 -0.714189 0.757588
v -0.703942 -0.650170 0.751488
v -0.588740 -0.584939 0.739288
v -0.482231 -0.518909 0.720888
v -0.385870 -0.452699 0.695988
v -2.126757 -1.162620 0.575088
v -2.013304 -1.137662 0.609888
v -1.892605 -1.106800 0.642688
v -1.766039 -1.070344 0.673088
v -1.635068 -1.028816 0.700488
v -1.501057 -0.982726 0.724388
v -1.365567 -0.932604 0.744388
v -1.230077 -0.878770 0.759988
v -1.096042 -0.821844 0.770688
v -0.964833 -0.762237 0.776288
v -0.838012 -0.700478 0.776588
v -0.717051 -0.636987 0.771388
v -0.603304 -0.572376 0.760488
v -0.498242 -0.507065 0.743588
v -0.403335 -0.441474 0.720688
v -2.116708 -1.143043 0.595888
v -2.006029 -1.118511 0.629088
v -1.888014 -1.087967 0.660688
v -1.764122 -1.051929 0.690188
v -1.635727 -1.010810 0.716988
v -1.504083 -0.965214 0.740588
v -1.370869 -0.915477 0.760388
v -1.237639 -0.862228 0.776088
v -1.105657 -0.805969 0.786988
v -0.976692 -0.747146 0.792988
v -0.852000 -0.686362 0.793888
v -0.733150 -0.624046 0.789588
v -0.621706 -0.560726 0.779888
v -0.518939 -0.496805 0.764788
v -0.426420 -0.432713 0.744088
v -2.101987 -1.121682 0.616188
v -1.995387 -1.097582 0.647488
v -1.881250 -1.067452 0.677688
v -1.760939 -1.031805 0.706088
v -1.635717 -0.991145 0.732188
v -1.507047 -0.945990 0.755288
v -1.376600 -0.896779 0.774888
v -1.245822 -0.844230 0.790388
v -1.116382 -0.788780 0.801488
v -0.989844 -0.730957 0.807788
v -0.867754 -0.671488 0.809188
v -0.751582 -0.610794 0.805788
v -0.642991 -0.549410 0.797288
v -0.543351 -0.487750 0.783888
v -0.453843 -0.426109 0.765588
v -2.083967 -1.098950 0.635288
v -1.982741 -1.075387 0.664488
v -1.873587 -1.045661 0.693088
v -1.757670 -1.010270 0.720388
v -1.636128 -0.970009 0.745688
v -1.510640 -0.925213 0.768288
v -1.382959 -0.876527 0.787588
v -1.254740 -0.824587 0.803088
v -1.127843 -0.769945 0.814088
v -1.003824 -0.713229 0.820688
v -0.884427 -0.655183 0.822588
v -0.771208 -0.596434 0.819888
v -0.666019 -0.537634 0.812388
v -0.570040 -0.479080 0.800488
v -0.484567 -0.420877 0.784588
v -2.065365 -1.075970 0.652288
v -1.971140 -1.052674 0.679288
v -1.867493 -1.023094 0.706488
v -1.755985 -0.987760 0.732788
v -1.638047 -0.947590 0.757388
v -1.515657 -0.902946 0.779488
v -1.390452 -0.854662 0.798588
v -1.264609 -0.803115 0.813888
v -1.139864 -0.749149 0.824988
v -1.018073 -0.693417 0.831688
v -0.901063 -0.636868 0.833988
v -0.790588 -0.580148 0.831688
v -0.688586 -0.524115 0.824988
v -0.596519 -0.469289 0.814288
v -0.515965 -0.416000 0.800288
v -2.050393 -1.053988 0.665988
v -1.963808 -1.030508 0.691088
v -1.865616 -1.000468 0.717088
v -1.757853 -0.964736 0.742788
v -1.642855 -0.924203 0.766988
v -1.522681 -0.879437 0.788788
v -1.399494 -0.831015 0.807688
v -1.275237 -0.779698 0.822988
v -1.152072 -0.726061 0.834088
v -1.031918 -0.671164 0.840788
v -0.916629 -0.615658 0.843188
v -0.808111 -0.560802 0.841188
v -0.708406 -0.507363 0.834788
v -0.619619 -0.456616 0.824888
v -0.544011 -0.409146 0.812388
v -1.952709 -1.230365 0.389588
v -1.874313 -1.211062 0.404488
v -1.776711 -1.184882 0.421388
v -1.668516 -1.153228 0.437888
v -1.552803 -1.116550 0.453088
v -1.431833 -1.075432 0.466488
v -1.307864 -1.030458 0.477588
v -1.182966 -0.982099 0.485788
v -1.059299 -0.930929 0.490788
v -0.938984 -0.878025 0.492488
v -0.823757 -0.824230 0.491188
v -0.715855 -0.770427 0.486888
v -0.617182 -0.717875 0.479988
v -0.530308 -0.668286 0.471088
v -0.462053 -0.626630 0.461888
v -0.427734 -0.609398 0.388288
v -0.447606 -0.620441 0.427988
v -0.523322 -0.667820 0.432688
v -0.508900 -0.661332 0.389988
v -0.601215 -0.715576 0.393388
v -0.611877 -0.718949 0.438488
v -0.711574 -0.772488 0.443588
v -0.703458 -0.771127 0.396788
v -0.820225 -0.826953 0.446788
v -0.814296 -0.827074 0.399088
v -0.936009 -0.881295 0.447788
v -0.931785 -0.882658 0.399788
v -1.056990 -0.934655 0.446288
v -1.054204 -0.936836 0.398488
v -1.181139 -0.986063 0.441988
v -1.179808 -0.988865 0.394888
v -1.306627 -1.034572 0.434888
v -1.306842 -1.038100 0.388788
v -1.431278 -1.079801 0.425288
v -1.433163 -1.083766 0.380588
v -1.553045 -1.120984 0.413688
v -1.557000 -1.125418 0.370688
v -1.676285 -1.162587 0.359788
v -1.669854 -1.157751 0.400588
v -1.779452 -1.189419 0.386788
v -1.789148 -1.194820 0.348488
v -1.879348 -1.215784 0.373388
v -1.894010 -1.221790 0.337688
v -1.967171 -1.236354 0.361888
v -1.989078 -1.243349 0.328888
v -0.404999 -0.595313 0.343088
v -0.491323 -0.651679 0.343188
v -0.587682 -0.709261 0.344888
v -0.693326 -0.767395 0.346988
v -0.806818 -0.825263 0.348488
v -0.926694 -0.882346 0.348888
v -1.051317 -0.937806 0.347788
v -1.178949 -0.990802 0.344888
v -1.308028 -1.040805 0.339788
v -1.436791 -1.087271 0.332888
v -1.563379 -1.129648 0.324788
v -1.686020 -1.167490 0.315888
v -1.803045 -1.200363 0.306788
v -1.913166 -1.228060 0.298288
v -2.014895 -1.250360 0.291388
v -0.383417 -0.580619 0.293088
v -0.473536 -0.640905 0.292588
v -0.573655 -0.701601 0.293288
v -0.682502 -0.762303 0.294488
v -0.798930 -0.822316 0.295388
v -0.921376 -0.881111 0.295588
v -1.048402 -0.937871 0.294788
v -1.178445 -0.992065 0.292388
v -1.309958 -1.042968 0.288388
v -1.441266 -1.090243 0.282888
v -1.570902 -1.133369 0.276388
v -1.697100 -1.171901 0.269388
v -1.818278 -1.205511 0.262188
v -1.933159 -1.233896 0.255588
v -2.040371 -1.256641 0.250188
v -0.365034 -0.567289 0.239288
v -0.458017 -0.630616 0.238688
v -0.560925 -0.694047 0.238988
v -0.672600 -0.756985 0.239688
v -0.791582 -0.818910 0.240288
v -0.916414 -0.879204 0.240388
v -1.045835 -0.937361 0.239788
v -1.178197 -0.992647 0.237988
v -1.312038 -1.044542 0.234988
v -1.445988 -1.092632 0.230888
v -1.578375 -1.136483 0.225988
v -1.707729 -1.175673 0.220688
v -1.832480 -1.209774 0.215288
v -1.951348 -1.238481 0.210388
v -2.062654 -1.261459 0.206188
v -0.350976 -0.556316 0.182688
v -0.445874 -0.622006 0.182388
v -0.550820 -0.687508 0.182688
v -0.664460 -0.752211 0.183088
v -0.785421 -0.815701 0.183588
v -0.912358 -0.877269 0.183688
v -1.043699 -0.936486 0.183288
v -1.178089 -0.992739 0.182188
v -1.314067 -1.045509 0.180188
v -1.450169 -1.094276 0.177388
v -1.584916 -1.138719 0.173988
v -1.716738 -1.178411 0.170388
v -1.844163 -1.212929 0.166688
v -1.965822 -1.241863 0.163188
v -2.080142 -1.264784 0.160188
v -0.437930 -0.616044 0.124488
v -0.342049 -0.548870 0.124288
v -0.544075 -0.682847 0.124888
v -0.659021 -0.748760 0.125388
v -0.781305 -0.813261 0.125788
v -0.909572 -0.875739 0.125988
v -1.042252 -0.935766 0.125888
v -1.178097 -0.992639 0.125388
v -1.315638 -1.045937 0.124288
v -1.453202 -1.095225 0.122788
v -1.589519 -1.140096 0.120988
v -1.723020 -1.180124 0.118988
v -1.852140 -1.214780 0.116888
v -1.975500 -1.243752 0.114788
v -2.091623 -1.266719 0.112888
v -0.435217 -0.613617 0.065688
v -0.338978 -0.545911 0.064888
v -0.541721 -0.680951 0.066388
v -0.657133 -0.747302 0.066988
v -0.779891 -0.812143 0.067488
v -0.908632 -0.874961 0.067788
v -1.041894 -0.935236 0.067988
v -1.178213 -0.992448 0.068088
v -1.316235 -1.045986 0.067988
v -1.454489 -1.095429 0.067788
v -1.591297 -1.140441 0.067488
v -1.725396 -1.180518 0.066988
v -1.855205 -1.215330 0.066388
v -1.979164 -1.244351 0.065688
v -2.095702 -1.267150 0.064888
v -0.438178 -0.615462 0.006888
v -0.342297 -0.548288 0.005488
v -0.544315 -0.682365 0.007888
v -0.659261 -0.748277 0.008588
v -0.781545 -0.812778 0.009088
v -0.909704 -0.875348 0.009488
v -1.042492 -0.935284 0.009988
v -1.178329 -0.992257 0.010688
v -1.315769 -1.045547 0.011588
v -1.453434 -1.094842 0.012688
v -1.589751 -1.139714 0.013888
v -1.723160 -1.179634 0.014988
v -1.852380 -1.214298 0.015988
v -1.975741 -1.243270 0.016688
v -2.091772 -1.266129 0.016888
v -0.446254 -0.621034 -0.051012
v -0.351464 -0.555252 -0.052912
v -0.551200 -0.686536 -0.049912
v -0.664831 -0.751338 -0.049212
v -0.785793 -0.814829 -0.048812
v -0.912721 -0.876496 -0.048312
v -1.044062 -0.935712 -0.047512
v -1.178453 -0.991966 -0.046312
v -1.314438 -1.044636 -0.044312
v -1.450541 -1.093403 -0.041912
v -1.585287 -1.137847 -0.039212
v -1.717109 -1.177538 -0.036512
v -1.844643 -1.211965 -0.033912
v -1.966301 -1.240899 -0.031812
v -2.080530 -1.263712 -0.030412
v -0.458637 -0.629162 -0.107412
v -0.365770 -0.565643 -0.109512
v -0.561544 -0.692592 -0.106412
v -0.673212 -0.755630 -0.105912
v -0.792185 -0.817655 -0.105712
v -0.917018 -0.877949 -0.105212
v -1.046339 -0.936098 -0.104212
v -1.178701 -0.991384 -0.102312
v -1.312642 -1.043286 -0.099412
v -1.446599 -1.091277 -0.095612
v -1.578986 -1.135128 -0.091412
v -1.708341 -1.174318 -0.086912
v -1.833191 -1.208427 -0.082712
v -1.951967 -1.237027 -0.079012
v -2.063381 -1.259913 -0.076312
v -0.474404 -0.638869 -0.161312
v -0.384284 -0.578583 -0.163312
v -0.574507 -0.699764 -0.160812
v -0.683354 -0.760466 -0.161012
v -0.799674 -0.820570 -0.161112
v -0.922220 -0.879374 -0.160712
v -1.049146 -0.936125 -0.159512
v -1.179189 -0.990320 -0.157012
v -1.310703 -1.041223 -0.153112
v -1.442109 -1.088505 -0.148012
v -1.571646 -1.131623 -0.142112
v -1.697852 -1.170056 -0.135912
v -1.819129 -1.203674 -0.129712
v -1.934126 -1.231867 -0.124312
v -2.041346 -1.254513 -0.120312
v -0.492422 -0.649260 -0.212112
v -0.406214 -0.592703 -0.213312
v -0.588773 -0.706941 -0.212712
v -0.694318 -0.765068 -0.213812
v -0.807801 -0.823036 -0.214612
v -0.927677 -0.880118 -0.214412
v -1.052300 -0.935578 -0.213012
v -1.179924 -0.988674 -0.209912
v -1.309011 -1.038577 -0.205012
v -1.437775 -1.085043 -0.198512
v -1.564370 -1.127321 -0.190912
v -1.687011 -1.165163 -0.182712
v -1.804136 -1.198043 -0.174512
v -1.914265 -1.225641 -0.167212
v -2.016102 -1.247849 -0.161612
v -0.510239 -0.658431 -0.259212
v -0.429081 -0.606397 -0.258612
v -0.602554 -0.712675 -0.261612
v -0.704789 -0.768325 -0.264112
v -0.815527 -0.824265 -0.265712
v -0.933017 -0.879849 -0.265912
v -1.055428 -0.934126 -0.264212
v -1.181131 -0.986163 -0.260512
v -1.308074 -1.035291 -0.254512
v -1.434394 -1.080956 -0.246612
v -1.558231 -1.122608 -0.237312
v -1.677616 -1.159786 -0.227112
v -1.790487 -1.191919 -0.216612
v -1.895349 -1.218889 -0.206912
v -1.990433 -1.240248 -0.199312
v -0.524901 -0.664436 -0.302312
v -0.449193 -0.616958 -0.298612
v -0.613456 -0.715566 -0.307212
v -0.713053 -0.769096 -0.311512
v -0.821796 -0.823669 -0.314012
v -0.937580 -0.878012 -0.314612
v -1.058461 -0.931363 -0.312812
v -1.182718 -0.982680 -0.308412
v -1.308098 -1.031280 -0.301312
v -1.432756 -1.076409 -0.292012
v -1.554625 -1.117600 -0.280912
v -1.671334 -1.154360 -0.268512
v -1.781032 -1.186035 -0.255512
v -1.880934 -1.212301 -0.242912
v -1.968759 -1.232872 -0.232412
v -0.384459 -0.494822 -0.299312
v -0.345825 -0.467709 -0.263712
v -0.302904 -0.427907 -0.274712
v -0.349220 -0.462968 -0.312712
v -0.268723 -0.390420 -0.288712
v -0.319945 -0.431798 -0.329412
v -0.296510 -0.401604 -0.348012
v -0.242487 -0.355183 -0.305212
v -0.223756 -0.322662 -0.323712
v -0.279349 -0.373223 -0.368012
v -0.212581 -0.293462 -0.344312
v -0.268804 -0.347386 -0.389312
v -0.265301 -0.325029 -0.412012
v -0.208973 -0.268689 -0.367212
v -0.213174 -0.249065 -0.392912
v -0.269073 -0.306975 -0.436212
v -0.312436 -0.442727 -0.220612
v -0.264434 -0.396292 -0.229912
v -0.226720 -0.352900 -0.241912
v -0.198305 -0.312369 -0.256312
v -0.178268 -0.274926 -0.273012
v -0.166428 -0.241559 -0.292712
v -0.162887 -0.213481 -0.315812
v -0.167565 -0.191688 -0.343212
v -0.233082 -0.368466 -0.179212
v -0.284085 -0.419959 -0.171312
v -0.192998 -0.319664 -0.189312
v -0.162826 -0.273573 -0.201612
v -0.141663 -0.230219 -0.216312
v -0.129263 -0.191389 -0.234512
v -0.125696 -0.158694 -0.257712
v -0.130899 -0.134134 -0.287112
v -0.261379 -0.400560 -0.117212
v -0.208615 -0.344810 -0.123612
v -0.167017 -0.291169 -0.131712
v -0.135513 -0.239252 -0.141612
v -0.113289 -0.189190 -0.153712
v -0.099782 -0.141742 -0.169912
v -0.095393 -0.101857 -0.189512
v -0.101416 -0.072147 -0.221912
v -0.244853 -0.385373 -0.059312
v -0.190945 -0.326420 -0.064112
v -0.148366 -0.268788 -0.070112
v -0.116078 -0.211689 -0.077312
v -0.092992 -0.154937 -0.086412
v -0.078772 -0.096495 -0.101612
v -0.234517 -0.375505 0.001188
v -0.180264 -0.314618 -0.001812
v -0.137206 -0.254238 -0.005612
v -0.104420 -0.193387 -0.010012
v -0.080767 -0.131270 -0.015412
v -0.065693 -0.062325 -0.024712
v -0.440923 -0.262628 -0.591612
v -0.472950 -0.303151 -0.603612
v -0.428944 -0.291554 -0.584912
v -0.388350 -0.245320 -0.567312
v -0.357239 -0.198450 -0.549212
v -0.416462 -0.219107 -0.579212
v -0.336747 -0.150536 -0.532412
v -0.398026 -0.173065 -0.566312
v -0.342749 -0.233593 -0.540512
v -0.389000 -0.284300 -0.563612
v -0.307104 -0.183246 -0.516712
v -0.281467 -0.133208 -0.493212
v -0.324336 -0.103177 -0.516812
v -0.265843 -0.082177 -0.471412
v -0.303678 -0.226711 -0.511812
v -0.353465 -0.280815 -0.539912
v -0.264663 -0.173381 -0.482112
v -0.236031 -0.120693 -0.452012
v -0.217567 -0.066321 -0.423012
v -0.323054 -0.280956 -0.514612
v -0.270746 -0.224540 -0.481612
v -0.229317 -0.168807 -0.446012
v -0.197996 -0.113393 -0.408412
v -0.176511 -0.055465 -0.370412
v -0.244434 -0.227322 -0.451012
v -0.298432 -0.285178 -0.488212
v -0.201134 -0.169931 -0.409712
v -0.167475 -0.112421 -0.364712
v -0.142951 -0.051137 -0.316812
v -0.280280 -0.293738 -0.461812
v -0.225127 -0.235286 -0.421112
v -0.180472 -0.177285 -0.374912
v -0.144976 -0.118923 -0.323512
v -0.117591 -0.055801 -0.265712
v -0.421053 -0.309675 0.697088
v -0.464348 -0.322619 0.715388
v -0.432088 -0.282479 0.702688
v -0.380343 -0.263632 0.678588
v -0.335677 -0.250276 0.652288
v -0.381928 -0.300983 0.676288
v -0.297441 -0.241756 0.624088
v -0.347228 -0.295860 0.653288
v -0.317652 -0.294363 0.628788
v -0.265459 -0.237756 0.594688
v -0.239992 -0.238800 0.564988
v -0.293766 -0.296939 0.603488
v -0.221312 -0.245210 0.536188
v -0.276233 -0.304045 0.578188
v -0.209978 -0.257534 0.509188
v -0.265638 -0.315927 0.553788
v -0.349108 -0.217053 0.659588
v -0.407057 -0.239815 0.689388
v -0.299924 -0.200020 0.627388
v -0.258434 -0.188326 0.593188
v -0.224047 -0.181824 0.557688
v -0.196724 -0.181011 0.522188
v -0.176805 -0.186619 0.488488
v -0.164617 -0.199575 0.458088
v -0.389552 -0.194651 0.675988
v -0.326840 -0.169998 0.640888
v -0.274072 -0.150166 0.602688
v -0.229710 -0.135530 0.561688
v -0.192742 -0.126210 0.518588
v -0.163197 -0.123110 0.475588
v -0.141556 -0.127675 0.435288
v -0.128216 -0.141240 0.400188
v -0.378324 -0.148793 0.662688
v -0.313972 -0.122101 0.623688
v -0.258547 -0.099143 0.579688
v -0.211454 -0.081075 0.531388
v -0.171497 -0.067800 0.479088
v -0.139712 -0.062612 0.427488
v -0.115034 -0.067533 0.376888
v -0.100133 -0.081774 0.335488
v -0.126511 -0.002749 0.380788
v -0.097708 -0.001616 0.313388
v -0.079760 -0.016312 0.259588
v -0.382748 -0.498596 0.427688
v -0.347385 -0.467033 0.439688
v -0.301300 -0.431590 0.401088
v -0.344354 -0.471001 0.391688
v -0.263071 -0.399493 0.355888
v -0.311105 -0.445528 0.348288
v -0.282985 -0.422378 0.298688
v -0.231967 -0.371084 0.304688
v -0.207656 -0.346738 0.248588
v -0.260536 -0.402297 0.244288
v -0.190333 -0.327775 0.188688
v -0.244258 -0.386529 0.186188
v -0.234262 -0.376187 0.125488
v -0.179908 -0.315291 0.126188
v -0.176568 -0.310706 0.062088
v -0.230973 -0.372207 0.063288
v -0.318069 -0.436362 0.454888
v -0.266988 -0.394493 0.413488
v -0.225233 -0.356392 0.365988
v -0.191758 -0.322574 0.312688
v -0.166042 -0.293298 0.254388
v -0.147747 -0.270242 0.192188
v -0.136843 -0.255011 0.127288
v -0.133392 -0.249313 0.060788
v -0.294387 -0.406749 0.471888
v -0.240604 -0.359846 0.428188
v -0.196570 -0.316443 0.378388
v -0.161455 -0.276873 0.322788
v -0.134405 -0.241770 0.261788
v -0.115335 -0.213435 0.196788
v -0.104049 -0.194260 0.128888
v -0.100420 -0.187042 0.059288
v -0.277061 -0.379158 0.490188
v -0.221716 -0.328014 0.444888
v -0.176376 -0.279689 0.393188
v -0.140136 -0.234209 0.335188
v -0.112133 -0.192307 0.271488
v -0.092217 -0.157081 0.202988
v -0.080379 -0.132342 0.131188
v -0.076546 -0.122701 0.057688
v -0.266244 -0.354201 0.509888
v -0.210269 -0.299696 0.463788
v -0.164372 -0.247111 0.410888
v -0.127480 -0.196060 0.351288
v -0.098847 -0.147084 0.285188
v -0.077985 -0.101247 0.212688
v -0.065181 -0.063688 0.137288
v -0.061088 -0.048608 0.055988
v -0.206273 -0.275995 0.485088
v -0.262262 -0.332809 0.531088
v -0.160343 -0.220097 0.432188
v -0.123516 -0.164537 0.372488
v -0.094811 -0.109033 0.305488
v -0.073328 -0.052310 0.226788
v -0.428079 -0.523544 -0.327212
v -0.449227 -0.541112 -0.313612
v -0.425670 -0.527262 -0.289512
v -0.404945 -0.502003 -0.343712
v -0.381305 -0.476808 -0.363612
v -0.361111 -0.451191 -0.384312
v -0.345860 -0.426477 -0.405612
v -0.336293 -0.403428 -0.427512
v -0.333034 -0.382997 -0.450012
v -0.336519 -0.366023 -0.473212
v -0.399333 -0.510577 -0.256812
v -0.371647 -0.491977 -0.214212
v -0.346811 -0.474110 -0.165612
v -0.326422 -0.458309 -0.112512
v -0.311081 -0.445827 -0.055712
v -0.301505 -0.437726 0.003588
v -0.298019 -0.434935 0.064388
v -0.539004 -0.344730 -0.623212
v -0.511807 -0.341118 -0.614312
v -0.521002 -0.319290 -0.619312
v -0.502172 -0.286761 -0.613412
v -0.484478 -0.246398 -0.605712
v -0.507477 0.041987 -0.593512
v -0.480666 -0.337889 -0.601812
v -0.446713 -0.335937 -0.584912
v -0.414906 -0.335964 -0.565312
v -0.387116 -0.338425 -0.543712
v -0.364183 -0.344089 -0.520612
v -0.347096 -0.353137 -0.496912
v -0.530037 -0.364971 0.735288
v -0.511804 -0.339914 0.730888
v -0.503320 -0.360395 0.726788
v -0.472882 -0.355919 0.714688
v -0.439640 -0.352619 0.698388
v -0.408561 -0.351101 0.679588
v -0.381491 -0.352115 0.658988
v -0.359393 -0.356141 0.636988
v -0.342817 -0.363826 0.614388
v -0.332843 -0.375457 0.591988
v -0.492734 -0.307867 0.724488
v -0.474744 -0.268684 0.715988
v -0.461786 -0.225595 0.706788
v -0.510200 0.042167 0.696388
v -0.426244 -0.527609 0.455888
v -0.424083 -0.530745 0.418988
v -0.447516 -0.544886 0.443088
v -0.397878 -0.513670 0.386288
v -0.370432 -0.494587 0.343588
v -0.345835 -0.476238 0.294888
v -0.325586 -0.459947 0.241488
v -0.310485 -0.446983 0.184588
v -0.301165 -0.438200 0.125188
v -0.403078 -0.506467 0.471288
v -0.379290 -0.481862 0.489788
v -0.358848 -0.456827 0.509088
v -0.343441 -0.432802 0.528888
v -0.333501 -0.410625 0.549188
v -0.329755 -0.391259 0.570188
v -2.059696 -0.986318 -0.490712
v -1.978462 -0.956250 -0.516712
v -2.002579 -0.940950 -0.515512
v -2.089278 -0.975375 -0.486612
v -2.122996 -0.964165 -0.480412
v -2.031021 -0.925500 -0.512412
v -2.156521 -0.949127 -0.474212
v -2.113034 -0.771629 -0.508112
v -1.884338 -0.921825 -0.543112
v -1.905142 -0.902845 -0.544012
v -1.930071 -0.883699 -0.542912
v -1.956691 -0.862281 -0.540812
v -1.798661 -0.861197 -0.571112
v -1.779932 -0.883054 -0.568912
v -1.820537 -0.838893 -0.571612
v -1.899559 -0.695916 -0.570912
v -1.668034 -0.840164 -0.593112
v -1.685047 -0.815960 -0.596212
v -1.704601 -0.791361 -0.597712
v -1.725943 -0.764499 -0.598312
v -1.550590 -0.793914 -0.614912
v -1.566253 -0.767795 -0.618612
v -1.583568 -0.741108 -0.620912
v -1.675596 -0.521933 -0.622212
v -1.429775 -0.744681 -0.633612
v -1.444248 -0.717162 -0.637712
v -1.459808 -0.688627 -0.640412
v -1.476549 -0.657880 -0.642312
v -1.307836 -0.693251 -0.648612
v -1.321102 -0.664530 -0.652912
v -1.334864 -0.634645 -0.655912
v -1.373155 -0.485453 -0.657912
v -1.186731 -0.640183 -0.659512
v -1.198559 -0.610643 -0.663712
v -1.210465 -0.578902 -0.666712
v -1.222872 -0.544693 -0.668812
v -1.078556 -0.556360 -0.670012
v -1.068282 -0.586528 -0.666012
v -1.088641 -0.523568 -0.672712
v -1.099327 -0.488317 -0.674512
v -0.954410 -0.533344 -0.668012
v -0.962599 -0.502906 -0.671612
v -0.970033 -0.469398 -0.673812
v -1.000074 -0.360069 -0.675012
v -0.847227 -0.481806 -0.665612
v -0.852733 -0.451051 -0.668512
v -0.856811 -0.416869 -0.669912
v -0.861255 -0.379405 -0.670212
v -0.750547 -0.402227 -0.660712
v -0.748363 -0.432850 -0.658812
v -0.750878 -0.367239 -0.660912
v -0.775792 -0.245655 -0.659912
v -0.659964 -0.388455 -0.648212
v -0.657347 -0.357643 -0.648612
v -0.652552 -0.321537 -0.647012
v -0.648836 -0.282007 -0.644312
v -0.583687 -0.350462 -0.634712
v -0.574225 -0.318693 -0.632612
v -0.563239 -0.280981 -0.628512
v -0.618885 0.017797 -0.617812
v -2.095671 -1.012815 -0.473412
v -2.038573 -0.995641 -0.492212
v -2.126718 -1.011019 -0.466512
v -2.163530 -1.006181 -0.457912
v -2.202912 -0.999344 -0.448112
v -2.260347 -0.923340 -0.434512
v -0.589377 -0.374300 -0.634412
v -0.656361 -0.411841 -0.645212
v -0.741831 -0.457704 -0.654812
v -0.838713 -0.507602 -0.660912
v -0.944644 -0.559740 -0.662912
v -1.057495 -0.613142 -0.660512
v -1.175253 -0.666641 -0.653912
v -1.295892 -0.719270 -0.643012
v -1.417490 -0.769971 -0.628112
v -1.537994 -0.818074 -0.609612
v -1.655145 -0.862996 -0.588212
v -1.766890 -0.904068 -0.564612
v -1.870876 -0.940597 -0.539512
v -1.964154 -0.971844 -0.514412
v -0.574017 -0.371951 0.746288
v -0.649939 -0.410618 0.759988
v -0.646851 -0.380670 0.759688
v -0.564200 -0.340855 0.743588
v -0.641683 -0.345436 0.757388
v -0.553033 -0.304131 0.738788
v -0.637621 -0.306480 0.753888
v -0.544316 -0.263192 0.732788
v -0.636535 -0.265458 0.749588
v -0.621310 0.018002 0.726388
v -0.738090 -0.455594 0.770688
v -0.739794 -0.425935 0.771888
v -0.739554 -0.391804 0.771388
v -0.739796 -0.354200 0.769588
v -0.786806 -0.185349 0.767188
v -0.841724 -0.475441 0.779688
v -0.836623 -0.504925 0.777588
v -0.845438 -0.442031 0.780388
v -0.849403 -0.405533 0.779988
v -0.854826 -0.367146 0.778688
v -0.943765 -0.556960 0.780088
v -0.951359 -0.527679 0.782888
v -0.958330 -0.494935 0.784388
v -0.965611 -0.459608 0.784788
v -1.040789 -0.214385 0.784488
v -1.067084 -0.581514 0.781288
v -1.057414 -0.610427 0.778088
v -1.076697 -0.549587 0.783388
v -1.086588 -0.515475 0.784388
v -1.097439 -0.479435 0.784588
v -1.187070 -0.635997 0.775088
v -1.175746 -0.664274 0.771588
v -1.198820 -0.604945 0.777388
v -1.211214 -0.572140 0.778688
v -1.276197 -0.408058 0.779188
v -1.296851 -0.717342 0.760788
v -1.309514 -0.689876 0.764288
v -1.323268 -0.660091 0.766588
v -1.337666 -0.628552 0.767888
v -1.353023 -0.595084 0.768388
v -1.418791 -0.768772 0.745688
v -1.432768 -0.742416 0.749088
v -1.448220 -0.713973 0.751188
v -1.464797 -0.684015 0.752188
v -1.531373 -0.546048 0.752488
v -1.539629 -0.817705 0.726988
v -1.554789 -0.792850 0.729888
v -1.572204 -0.766171 0.731588
v -1.590721 -0.738277 0.732188
v -1.609805 -0.708323 0.731988
v -1.657190 -0.863764 0.705088
v -1.673707 -0.840724 0.707488
v -1.693161 -0.816117 0.708388
v -1.713892 -0.790610 0.708088
v -1.787945 -0.577802 0.707188
v -1.769327 -0.906172 0.680888
v -1.787560 -0.885479 0.682288
v -1.809420 -0.863374 0.682088
v -1.832847 -0.840494 0.680688
v -1.856261 -0.815305 0.678888
v -1.894189 -0.926537 0.655088
v -1.873866 -0.944552 0.654888
v -1.919219 -0.907399 0.653288
v -1.945418 -0.887452 0.650388
v -2.006303 -0.771396 0.641888
v -1.991982 -0.963969 0.626588
v -1.968238 -0.978396 0.628388
v -2.020864 -0.948052 0.622688
v -2.050261 -0.931977 0.617888
v -2.076936 -0.913575 0.613588
v -2.079046 -0.997620 0.597588
v -2.049935 -1.007699 0.602388
v -2.113035 -0.985530 0.590788
v -2.145850 -0.971839 0.583788
v -2.138840 -0.880172 0.580088
v -0.580088 -0.394816 0.746588
v -2.193938 -1.019685 0.558388
v -2.271825 -0.931495 0.547188
v -2.153960 -1.027678 0.568788
v -2.117604 -1.031851 0.577988
v -2.029084 -1.016140 0.604388
v -2.086498 -1.033139 0.585488
v -1.954426 -0.992826 0.626788
v -1.860907 -0.962062 0.652088
v -1.756781 -0.926022 0.677288
v -1.644904 -0.885341 0.700988
v -1.527630 -0.840710 0.722488
v -1.407117 -0.792706 0.740988
v -1.285511 -0.742106 0.755988
v -1.164873 -0.689477 0.766888
v -1.047229 -0.635786 0.773488
v -0.934503 -0.582093 0.775688
v -0.828804 -0.529573 0.773688
v -0.732054 -0.479284 0.767388
v -0.646831 -0.432839 0.757688
v -0.472125 -0.545779 -0.368412
v -0.551313 -0.593641 -0.387812
v -0.561590 -0.606715 -0.360312
v -0.487940 -0.562312 -0.345112
v -0.641679 -0.644716 -0.402312
v -0.648114 -0.655673 -0.371812
v -0.741914 -0.697797 -0.412312
v -0.745847 -0.707446 -0.379812
v -0.852709 -0.760463 -0.384512
v -0.850797 -0.751880 -0.418012
v -0.966506 -0.805915 -0.419512
v -0.966680 -0.813654 -0.385612
v -1.087004 -0.859034 -0.416812
v -1.085733 -0.866055 -0.383212
v -1.210663 -0.910303 -0.410212
v -1.208044 -0.916612 -0.377312
v -1.331663 -0.964667 -0.367812
v -1.335644 -0.958870 -0.399712
v -1.454452 -1.009344 -0.355312
v -1.459979 -1.004275 -0.385612
v -1.581608 -1.045948 -0.368512
v -1.574227 -1.050365 -0.340112
v -1.689042 -1.086971 -0.322712
v -1.698560 -1.083429 -0.348812
v -1.796415 -1.118860 -0.303712
v -1.808858 -1.116358 -0.326912
v -1.910625 -1.144380 -0.302912
v -1.893977 -1.145537 -0.283512
v -1.979013 -1.167085 -0.262412
v -2.002242 -1.167666 -0.277212
v -0.454110 -0.525456 -0.391412
v -0.538123 -0.576919 -0.413612
v -0.632480 -0.630726 -0.430312
v -0.736067 -0.685784 -0.441712
v -0.847635 -0.741390 -0.448212
v -0.965547 -0.796707 -0.449912
v -1.088174 -0.850802 -0.447012
v -1.213762 -0.903030 -0.439612
v -1.340680 -0.952457 -0.428112
v -1.467151 -0.998736 -0.412712
v -1.591214 -1.041310 -0.393812
v -1.711291 -1.079847 -0.371912
v -1.825312 -1.113880 -0.347412
v -1.931990 -1.143204 -0.320512
v -2.029630 -1.167681 -0.291212
v -0.525169 -0.558511 -0.438212
v -0.437511 -0.503742 -0.414212
v -0.623028 -0.614910 -0.456212
v -0.729750 -0.672129 -0.468612
v -0.844080 -0.729563 -0.475612
v -0.964487 -0.786287 -0.477312
v -1.089424 -0.841573 -0.474012
v -1.217232 -0.894884 -0.466012
v -1.346377 -0.945294 -0.453512
v -1.475276 -0.992573 -0.436912
v -1.602173 -1.036079 -0.416612
v -1.725383 -1.075573 -0.392812
v -1.843334 -1.110627 -0.366212
v -1.954341 -1.141005 -0.336812
v -2.056251 -1.166028 -0.304712
v -0.514656 -0.539699 -0.461712
v -0.424517 -0.482121 -0.436712
v -0.615128 -0.598518 -0.480612
v -0.724495 -0.657757 -0.493412
v -0.841303 -0.716797 -0.500612
v -0.964005 -0.774911 -0.502112
v -1.091039 -0.831571 -0.498312
v -1.220974 -0.885857 -0.489612
v -1.352439 -0.937358 -0.476312
v -1.483673 -0.985530 -0.458712
v -1.613205 -1.029951 -0.437212
v -1.739357 -1.070286 -0.412112
v -1.860556 -1.106105 -0.383812
v -1.974928 -1.137056 -0.352612
v -2.079454 -1.161992 -0.318312
v -0.416251 -0.461585 -0.459212
v -0.508014 -0.521402 -0.484512
v -0.610135 -0.582160 -0.503512
v -0.721274 -0.643048 -0.516412
v -0.839863 -0.703637 -0.523412
v -0.964361 -0.763101 -0.524612
v -1.093316 -0.820819 -0.520312
v -1.225179 -0.876065 -0.511012
v -1.358574 -0.928525 -0.497012
v -1.491852 -0.977464 -0.478612
v -1.623528 -1.022662 -0.456212
v -1.752039 -1.063589 -0.430112
v -1.875707 -1.099910 -0.400712
v -1.992279 -1.130940 -0.368312
v -2.097950 -1.155366 -0.332812
v -0.413354 -0.442889 -0.481512
v -0.505892 -0.504274 -0.506612
v -0.608896 -0.566509 -0.525312
v -0.721027 -0.628781 -0.537812
v -0.840731 -0.690465 -0.544412
v -0.966461 -0.750831 -0.545112
v -1.096654 -0.809352 -0.540412
v -1.229849 -0.865508 -0.530612
v -1.364498 -0.918572 -0.516012
v -1.499231 -0.968131 -0.497012
v -1.632378 -1.013748 -0.473912
v -1.762460 -1.055104 -0.447212
v -1.887614 -1.091646 -0.417212
v -2.005299 -1.122565 -0.384312
v -2.111234 -1.146210 -0.348512
v -0.509115 -0.489286 -0.528012
v -0.416757 -0.426912 -0.503812
v -0.612353 -0.552342 -0.546012
v -0.724627 -0.615328 -0.557912
v -0.844689 -0.677542 -0.563812
v -0.970669 -0.738531 -0.564112
v -1.101229 -0.797483 -0.559012
v -1.234898 -0.853979 -0.548712
v -1.370021 -0.907382 -0.533712
v -1.505229 -0.957280 -0.514312
v -1.638949 -1.003246 -0.490812
v -1.769529 -1.044642 -0.463812
v -1.895282 -1.081232 -0.433712
v -2.013099 -1.111761 -0.400812
v -2.118899 -1.134592 -0.365612
v -0.426711 -0.414276 -0.525912
v -0.518455 -0.476800 -0.548812
v -0.620980 -0.539999 -0.565612
v -0.732648 -0.603037 -0.576512
v -0.851995 -0.665393 -0.581812
v -0.977386 -0.726234 -0.581512
v -1.107339 -0.785237 -0.576012
v -1.240319 -0.841576 -0.565412
v -1.374836 -0.895031 -0.550112
v -1.509445 -0.944881 -0.530512
v -1.642476 -0.990690 -0.507012
v -1.772558 -1.032046 -0.480112
v -1.897828 -1.068396 -0.450312
v -2.015263 -1.098693 -0.418012
v -2.120720 -1.120794 -0.383712
v -0.442652 -0.404533 -0.547512
v -0.533132 -0.466554 -0.568612
v -0.634194 -0.529233 -0.583912
v -0.744399 -0.591750 -0.593712
v -0.862284 -0.653587 -0.598112
v -0.986203 -0.714007 -0.597212
v -1.114694 -0.772490 -0.591312
v -1.246195 -0.828509 -0.580612
v -1.379141 -0.881535 -0.565212
v -1.512172 -0.931056 -0.545612
v -1.643724 -0.976544 -0.522312
v -1.772228 -1.017572 -0.495812
v -1.896019 -1.053601 -0.466612
v -2.012381 -1.083510 -0.435312
v -2.117066 -1.105248 -0.402312
v -0.463589 -0.397503 -0.567912
v -0.551973 -0.458150 -0.586912
v -0.650932 -0.519555 -0.600712
v -0.759016 -0.580997 -0.609312
v -0.874781 -0.641759 -0.612812
v -0.996656 -0.701411 -0.611412
v -1.123103 -0.759126 -0.605112
v -1.252459 -0.814369 -0.594212
v -1.383345 -0.866827 -0.578912
v -1.514207 -0.915871 -0.559512
v -1.643491 -0.960874 -0.536612
v -1.769526 -1.001400 -0.510712
v -1.890850 -1.036929 -0.482412
v -2.005219 -1.066676 -0.452312
v -2.108500 -1.088400 -0.420812
v -0.574223 -0.451026 -0.603512
v -0.488658 -0.392715 -0.586612
v -0.670336 -0.510394 -0.615712
v -0.775660 -0.570007 -0.623212
v -0.888831 -0.629354 -0.626012
v -1.008295 -0.687808 -0.624012
v -1.132314 -0.744524 -0.617512
v -1.259418 -0.799082 -0.606612
v -1.387853 -0.850839 -0.591312
v -1.516164 -0.899174 -0.572212
v -1.642673 -0.943752 -0.549812
v -1.765643 -0.983728 -0.524612
v -1.883586 -1.018882 -0.497312
v -1.994574 -1.048254 -0.468612
v -2.095622 -1.070299 -0.438912
v -0.516629 -0.389266 -0.603212
v -0.598532 -0.444471 -0.617912
v -0.691168 -0.500948 -0.628712
v -0.793372 -0.558201 -0.635412
v -0.903782 -0.615719 -0.637612
v -1.020660 -0.672658 -0.635312
v -1.142344 -0.728482 -0.628612
v -1.267113 -0.782149 -0.617712
v -1.393088 -0.833305 -0.602512
v -1.518732 -0.881123 -0.583712
v -1.642167 -0.925250 -0.561712
v -1.761657 -0.964844 -0.537312
v -1.875422 -0.999558 -0.511012
v -1.982016 -1.028675 -0.483712
v -2.079228 -1.051010 -0.455912
v -0.622417 -0.436978 -0.629912
v -0.545281 -0.386073 -0.617112
v -0.711416 -0.490050 -0.639712
v -0.810724 -0.544660 -0.645812
v -0.918597 -0.600066 -0.647612
v -1.033379 -0.655631 -0.645212
v -1.152943 -0.710380 -0.638412
v -1.275651 -0.763478 -0.627512
v -1.399465 -0.814058 -0.612412
v -1.522717 -0.861682 -0.593812
v -1.643371 -0.905483 -0.572312
v -1.759347 -0.945092 -0.548512
v -1.868810 -0.979658 -0.523012
v -1.970197 -1.008653 -0.497012
v -2.061679 -1.031125 -0.471312
v -0.570434 -0.381492 -0.627612
v -0.643090 -0.427017 -0.639112
v -0.729091 -0.476234 -0.648412
v -0.826309 -0.528167 -0.654312
v -0.932525 -0.581732 -0.656112
v -1.045810 -0.635972 -0.653612
v -1.164035 -0.689910 -0.646912
v -1.285172 -0.742580 -0.636012
v -1.407492 -0.793038 -0.621012
v -1.528842 -0.840608 -0.602512
v -1.647261 -0.884730 -0.581212
v -1.760399 -0.924711 -0.557712
v -1.866400 -0.959899 -0.532712
v -1.962640 -0.989278 -0.507612
v -2.046964 -1.012173 -0.483712
v -0.498668 -0.573517 -0.321712
v -0.564819 -0.613899 -0.330012
v -0.649590 -0.662213 -0.337912
v -0.746143 -0.713691 -0.343912
v -0.852124 -0.766435 -0.347312
v -0.965406 -0.819470 -0.348012
v -1.084076 -0.871639 -0.345712
v -1.205797 -0.922048 -0.340512
v -1.328941 -0.969764 -0.332112
v -1.451149 -1.014193 -0.321112
v -1.570457 -1.054775 -0.307912
v -1.684408 -1.090909 -0.293112
v -1.790833 -1.122119 -0.277112
v -1.886558 -1.147945 -0.261012
v -1.963283 -1.166812 -0.246712
v -2.050426 -1.183414 -0.241512
v -2.022316 -1.179929 -0.234612
v -2.082512 -1.186118 -0.249912
v -2.116746 -1.187090 -0.259912
v -2.147761 -1.185694 -0.270512
v -2.173396 -1.181353 -0.282112
v -2.192945 -1.174110 -0.295712
v -2.206426 -1.163767 -0.311512
v -2.214072 -1.151143 -0.329512
v -2.215958 -1.136548 -0.348812
v -2.211929 -1.120670 -0.368912
v -2.201985 -1.103510 -0.389112
v -2.186399 -1.085390 -0.409212
v -2.165779 -1.066260 -0.428612
v -2.141694 -1.046547 -0.446712
v -2.117380 -1.028422 -0.461812
v -2.207126 -1.214489 0.315488
v -2.149362 -1.204284 0.348088
v -2.101118 -1.199166 0.344688
v -2.148592 -1.208837 0.314588
v -2.253309 -1.215327 0.318688
v -2.191928 -1.206434 0.353788
v -2.287134 -1.211450 0.323788
v -2.227528 -1.205410 0.361188
v -2.313071 -1.204625 0.331688
v -2.254689 -1.200791 0.370488
v -2.332483 -1.195365 0.342688
v -2.273873 -1.193117 0.381888
v -2.345746 -1.184000 0.357088
v -2.286923 -1.183140 0.395988
v -2.352304 -1.171189 0.374988
v -2.294173 -1.171689 0.412588
v -2.252674 -1.220693 0.279788
v -2.190006 -1.216511 0.280088
v -2.300131 -1.219427 0.280688
v -2.335198 -1.213845 0.284188
v -2.362500 -1.205024 0.291488
v -2.383478 -1.193784 0.302488
v -2.397668 -1.180890 0.317188
v -2.404123 -1.166865 0.336188
v -2.224199 -1.221694 0.241588
v -2.289512 -1.224184 0.240388
v -2.337921 -1.221089 0.240388
v -2.373655 -1.213454 0.243788
v -2.402340 -1.202438 0.251188
v -2.424891 -1.189118 0.262388
v -2.440239 -1.174311 0.277688
v -2.445178 -1.161669 0.296388
v -2.318848 -1.226163 0.197988
v -2.250863 -1.224459 0.199788
v -2.366414 -1.221093 0.197888
v -2.401728 -1.211217 0.201888
v -2.430814 -1.197725 0.209788
v -2.454406 -1.181480 0.221488
v -2.469428 -1.165744 0.237288
v -2.477300 -1.150329 0.257988
v -2.340824 -1.227344 0.152988
v -2.272069 -1.226481 0.155088
v -2.385828 -1.220462 0.153088
v -2.419726 -1.208263 0.157388
v -2.448839 -1.191964 0.164888
v -2.471787 -1.173760 0.176988
v -2.490419 -1.153100 0.193488
v -2.517312 -1.055355 0.228188
v -2.355700 -1.228251 0.106788
v -2.286505 -1.227853 0.109088
v -2.396714 -1.219840 0.106788
v -2.428847 -1.205893 0.109988
v -2.458303 -1.186612 0.114888
v -2.482538 -1.164901 0.119688
v -2.543186 -1.019630 0.137188
v -2.265693 -1.078781 0.514488
v -2.215979 -1.054682 0.540988
v -2.164448 -1.054213 0.557088
v -2.205329 -1.075890 0.535488
v -2.307247 -1.073625 0.497688
v -2.261985 -1.050288 0.526388
v -2.356212 -1.001850 0.481988
v -2.299029 -1.037643 0.514588
v -2.299029 -1.098241 0.489888
v -2.239572 -1.096527 0.513888
v -2.338020 -1.091272 0.469488
v -2.370611 -1.077864 0.451088
v -2.319633 -1.113859 0.466488
v -2.266322 -1.115553 0.492488
v -2.361202 -1.104791 0.442688
v -2.394306 -1.093732 0.420988
v -2.422108 -1.073815 0.405588
v -2.424188 -0.972753 0.421188
v -2.335494 -1.128590 0.442688
v -2.282982 -1.131552 0.471688
v -2.379997 -1.120462 0.414188
v -2.415228 -1.110379 0.389088
v -2.469510 -1.008936 0.353788
v -2.346570 -1.142933 0.418988
v -2.292181 -1.145542 0.451288
v -2.394373 -1.136176 0.385988
v -2.432147 -1.126901 0.356988
v -2.464946 -1.105985 0.335888
v -2.352431 -1.157254 0.395888
v -2.295714 -1.158872 0.431288
v -2.402745 -1.151705 0.359388
v -2.441235 -1.143490 0.328688
v -2.500077 -1.046431 0.285588
v -2.172542 -1.033600 -0.445612
v -2.224222 -1.033479 -0.430312
v -2.272524 -1.057665 -0.403612
v -2.211031 -1.055083 -0.424312
v -2.308935 -1.078779 -0.378012
v -2.242782 -1.075518 -0.402412
v -2.334038 -1.097069 -0.353612
v -2.267414 -1.094673 -0.380312
v -2.349446 -1.113669 -0.329812
v -2.284336 -1.112399 -0.358312
v -2.357378 -1.129663 -0.306112
v -2.294014 -1.129137 -0.336312
v -2.359298 -1.145571 -0.282512
v -2.297122 -1.145241 -0.314712
v -2.355712 -1.161332 -0.260012
v -2.294588 -1.160386 -0.293912
v -2.321824 -1.055946 -0.385712
v -2.271186 -1.030869 -0.415612
v -2.358610 -1.077392 -0.355912
v -2.378652 -1.090054 -0.334212
v -2.390301 -1.108456 -0.308212
v -2.401717 -1.126037 -0.275812
v -2.405881 -1.139016 -0.251712
v -2.401923 -1.155651 -0.226912
v -2.310956 -1.019247 -0.404512
v -2.378574 -0.993331 -0.365812
v -2.397007 -1.064154 -0.338112
v -2.408326 -1.071794 -0.327712
v -2.464696 -1.006439 -0.281612
v -2.438018 -1.111425 -0.252812
v -2.438356 -1.129512 -0.227312
v -2.437418 -1.148498 -0.190512
v -2.476507 -1.076022 -0.243912
v -2.470348 -1.085154 -0.246712
v -2.503943 -1.006212 -0.194712
v -2.469780 -1.136677 -0.151912
v -2.149863 -1.205529 -0.186312
v -2.102721 -1.195483 -0.216112
v -2.150990 -1.200303 -0.220512
v -2.208529 -1.210791 -0.188512
v -2.190955 -1.213478 -0.151912
v -2.256688 -1.218210 -0.152912
v -2.297367 -1.223818 -0.113912
v -2.226478 -1.219571 -0.113512
v -2.255720 -1.223950 -0.072312
v -2.328758 -1.227670 -0.072112
v -2.277169 -1.226694 -0.029012
v -2.349681 -1.229468 -0.028712
v -2.360694 -1.229759 0.015288
v -2.289595 -1.228104 0.016188
v -2.292585 -1.228346 0.062588
v -2.362453 -1.229099 0.060588
v -2.256607 -1.211782 -0.192412
v -2.193005 -1.201806 -0.227112
v -2.307943 -1.218356 -0.154612
v -2.345097 -1.221671 -0.114612
v -2.368940 -1.222101 -0.073412
v -2.385349 -1.221426 -0.030312
v -2.395761 -1.220465 0.014088
v -2.399629 -1.219775 0.059988
v -2.227856 -1.200119 -0.235012
v -2.292261 -1.208856 -0.197812
v -2.338716 -1.212525 -0.159412
v -2.371013 -1.212638 -0.120412
v -2.395158 -1.210584 -0.079512
v -2.413132 -1.207928 -0.035612
v -2.424952 -1.205678 0.011188
v -2.430340 -1.204810 0.060488
v -2.254370 -1.194846 -0.244912
v -2.316344 -1.201380 -0.207512
v -2.360434 -1.202047 -0.170212
v -2.393464 -1.199310 -0.131612
v -2.419422 -1.194694 -0.090112
v -2.439516 -1.189402 -0.044512
v -2.453209 -1.185095 0.005688
v -2.459758 -1.183519 0.060188
v -2.273443 -1.186060 -0.258212
v -2.334000 -1.190271 -0.221612
v -2.378293 -1.188447 -0.185312
v -2.413052 -1.182940 -0.147212
v -2.441586 -1.175022 -0.105412
v -2.462017 -1.168052 -0.059612
v -2.477698 -1.161499 -0.001912
v -2.486747 -1.156313 0.058788
v -2.286446 -1.174172 -0.274812
v -2.347050 -1.176582 -0.239412
v -2.392326 -1.172530 -0.204412
v -2.429122 -1.164178 -0.167512
v -2.458707 -1.154439 -0.126512
v -2.482982 -1.143366 -0.080812
v -2.536403 -1.024096 -0.012812
v -2.522681 -1.106657 0.056888
v -2.519311 -1.057925 -0.108012
v -2.048599 -1.187379 0.370488
v -2.020713 -1.183612 0.364288
v -2.048017 -1.190844 0.343988
v -2.080562 -1.190374 0.377888
v -2.115444 -1.192001 0.387188
v -2.147790 -1.191515 0.396988
v -2.175504 -1.188748 0.407688
v -2.197408 -1.183402 0.419888
v -2.212896 -1.175529 0.433788
v -2.221444 -1.165386 0.449288
v -2.079101 -1.198483 0.317088
v -2.112402 -1.206001 0.282588
v -2.142902 -1.212188 0.243988
v -2.168224 -1.216650 0.202088
v -2.186882 -1.219167 0.157588
v -2.198818 -1.220437 0.111288
v -2.203311 -1.220701 0.064288
v -2.109227 -1.048528 0.573788
v -2.134778 -1.066252 0.559088
v -2.161553 -1.086183 0.541188
v -2.185395 -1.105174 0.522288
v -2.204351 -1.122564 0.503388
v -2.216985 -1.138739 0.484588
v -2.222738 -1.153151 0.466288
v -2.049496 -1.187452 -0.214212
v -2.080456 -1.195382 -0.187312
v -2.113426 -1.203275 -0.153012
v -2.143495 -1.209828 -0.114412
v -2.168585 -1.214673 -0.072712
v -2.187485 -1.217912 -0.028512
v -2.199364 -1.219879 0.017388
v -1.908435 -1.149118 0.432188
v -1.892026 -1.149793 0.413888
v -1.977078 -1.171142 0.391888
v -2.000167 -1.172213 0.405688
v -1.806560 -1.121188 0.456888
v -1.794464 -1.123116 0.434888
v -1.696245 -1.088459 0.479488
v -1.687083 -1.091327 0.454588
v -1.579293 -1.050977 0.499888
v -1.572267 -1.054721 0.472488
v -1.457657 -1.009404 0.517388
v -1.452485 -1.013800 0.488088
v -1.333322 -0.963999 0.531688
v -1.329596 -0.969115 0.500888
v -1.208440 -0.915440 0.542288
v -1.206077 -0.921068 0.510488
v -1.084782 -0.864171 0.548888
v -1.083766 -0.870510 0.516288
v -0.964183 -0.811044 0.551188
v -0.964614 -0.818102 0.518388
v -0.848574 -0.757017 0.549188
v -0.850642 -0.764910 0.516788
v -0.739691 -0.702934 0.542888
v -0.743888 -0.711802 0.511588
v -0.639472 -0.649654 0.532188
v -0.646255 -0.660037 0.502788
v -0.549215 -0.598487 0.516888
v -0.559639 -0.610971 0.490388
v -0.470142 -0.550434 0.496688
v -0.486089 -0.566577 0.474388
v -1.929452 -1.148516 0.448488
v -2.027415 -1.172718 0.418688
v -1.822659 -1.119384 0.476188
v -1.708621 -1.085550 0.501388
v -1.588636 -1.047120 0.523888
v -1.464473 -1.004539 0.543188
v -1.337993 -0.958359 0.558888
v -1.211075 -0.908932 0.570488
v -1.085588 -0.856712 0.577788
v -0.962961 -0.802617 0.580388
v -0.845048 -0.747300 0.578188
v -0.733588 -0.691603 0.571088
v -0.630117 -0.636354 0.558988
v -0.535868 -0.582455 0.541488
v -0.451879 -0.530693 0.518488
v -1.951555 -1.146898 0.463488
v -2.054570 -1.171912 0.431288
v -1.840317 -1.116904 0.493588
v -1.722349 -1.082049 0.520888
v -1.599132 -1.042655 0.545188
v -1.472234 -0.999149 0.565988
v -1.343328 -0.951969 0.582888
v -1.214182 -0.901559 0.595388
v -1.086466 -0.848356 0.603388
v -0.961536 -0.792971 0.606388
v -0.841237 -0.736155 0.604188
v -0.726908 -0.678721 0.596688
v -0.620302 -0.621311 0.583488
v -0.522558 -0.564720 0.564688
v -0.435124 -0.509669 0.539888
v -1.971970 -1.143839 0.477888
v -2.078879 -1.169068 0.443788
v -1.857175 -1.113155 0.509688
v -1.735951 -1.077634 0.538588
v -1.609692 -1.037391 0.564288
v -1.480152 -0.993070 0.586288
v -1.348910 -0.944998 0.604188
v -1.217536 -0.893604 0.617588
v -1.087609 -0.839218 0.626188
v -0.960575 -0.782559 0.629688
v -0.837981 -0.724353 0.627688
v -0.721281 -0.665221 0.619988
v -0.612129 -0.605799 0.606388
v -0.511773 -0.546789 0.586688
v -0.421866 -0.488828 0.560888
v -1.989440 -1.138736 0.492188
v -2.099049 -1.164083 0.456888
v -1.871855 -1.107825 0.525088
v -1.748063 -1.071795 0.555088
v -1.619535 -1.031067 0.581688
v -1.487844 -0.986069 0.604588
v -1.354565 -0.937129 0.623288
v -1.221254 -0.884876 0.637388
v -1.089498 -0.829539 0.646588
v -0.960651 -0.771730 0.650588
v -0.836161 -0.712166 0.648988
v -0.717780 -0.651493 0.641488
v -0.606764 -0.590314 0.627888
v -0.504759 -0.529365 0.607988
v -0.413220 -0.469265 0.581788
v -2.002462 -1.131565 0.506688
v -2.113782 -1.156851 0.470888
v -1.883374 -1.100633 0.540088
v -1.757887 -1.064466 0.570688
v -1.627889 -1.023317 0.597888
v -1.494735 -0.977799 0.621388
v -1.359993 -0.928340 0.640688
v -1.225336 -0.875375 0.655388
v -1.092241 -0.819227 0.665088
v -0.962155 -0.760615 0.669588
v -0.836641 -0.700065 0.668388
v -0.717045 -0.638291 0.661388
v -0.605030 -0.575827 0.648188
v -0.502150 -0.513301 0.628588
v -0.409943 -0.451542 0.602688
v -2.122090 -1.147192 0.485888
v -2.010140 -1.122256 0.521588
v -1.890446 -1.091374 0.555088
v -1.764461 -1.055167 0.585788
v -1.633765 -1.013962 0.613288
v -1.500129 -0.968204 0.637088
v -1.365013 -0.918413 0.656788
v -1.229889 -0.865010 0.671888
v -1.096320 -0.808522 0.682088
v -0.965868 -0.749478 0.686988
v -0.839896 -0.688390 0.686288
v -0.720157 -0.625902 0.679888
v -0.608000 -0.562724 0.667388
v -0.505084 -0.499393 0.648688
v -0.412850 -0.436728 0.623588
v -2.011693 -1.110543 0.537188
v -2.123168 -1.135139 0.502088
v -1.892381 -1.079893 0.570288
v -1.766887 -1.043826 0.600688
v -1.636781 -1.002769 0.627988
v -1.503742 -0.957059 0.651788
v -1.369224 -0.907317 0.671688
v -1.234699 -0.853963 0.686988
v -1.101819 -0.797632 0.697488
v -0.971973 -0.738536 0.702788
v -0.846699 -0.677505 0.702788
v -0.727566 -0.614965 0.697088
v -0.616122 -0.551645 0.685588
v -0.513821 -0.488163 0.668088
v -0.422309 -0.425256 0.644388
v -2.007701 -1.096675 0.553088
v -2.117682 -1.121150 0.518988
v -1.889860 -1.066445 0.585188
v -1.765944 -1.030706 0.614988
v -1.637417 -0.989978 0.641888
v -1.505849 -0.944689 0.665388
v -1.372810 -0.895268 0.685188
v -1.239855 -0.842342 0.700588
v -1.108454 -0.786331 0.711288
v -0.980071 -0.727756 0.717088
v -0.856368 -0.667153 0.717688
v -0.738706 -0.605034 0.712888
v -0.628625 -0.542225 0.702588
v -0.527787 -0.479263 0.686588
v -0.437630 -0.416968 0.664788
v -2.106735 -1.105212 0.536288
v -1.999230 -1.081139 0.568788
v -1.884072 -1.051227 0.599788
v -1.762624 -1.015990 0.628588
v -1.636464 -0.975755 0.654788
v -1.507164 -0.930951 0.677888
v -1.376386 -0.882114 0.697388
v -1.245491 -0.829756 0.712888
v -1.116143 -0.774414 0.723688
v -0.989813 -0.716507 0.729788
v -0.868145 -0.656772 0.730988
v -0.752604 -0.595727 0.727188
v -0.644743 -0.534002 0.718088
v -0.546008 -0.472314 0.703788
v -0.457847 -0.411385 0.684088
v -2.091192 -1.087798 0.553388
v -1.987574 -1.064040 0.583988
v -1.876088 -1.034627 0.613488
v -1.758113 -0.999872 0.641288
v -1.635019 -0.960187 0.666688
v -1.508485 -0.915908 0.689288
v -1.380166 -0.867672 0.708488
v -1.251731 -0.815916 0.723788
v -1.124727 -0.761365 0.734788
v -1.000724 -0.704450 0.741088
v -0.881476 -0.645814 0.742888
v -0.768528 -0.586184 0.739788
v -0.663428 -0.526287 0.731988
v -0.567538 -0.466637 0.719188
v -0.482197 -0.408043 0.701788
v -2.072649 -1.069037 0.569688
v -1.974106 -1.045791 0.598288
v -1.867296 -1.016858 0.626188
v -1.753399 -0.982534 0.652788
v -1.633886 -0.943239 0.677488
v -1.510326 -0.899403 0.699488
v -1.384674 -0.851684 0.718488
v -1.258690 -0.800628 0.733688
v -1.134030 -0.746870 0.744588
v -1.012454 -0.690954 0.751188
v -0.895700 -0.633724 0.753288
v -0.785514 -0.575924 0.750888
v -0.683433 -0.518379 0.743888
v -0.591029 -0.461520 0.732688
v -0.509449 -0.406040 0.717388
v -2.053540 -1.049829 0.584488
v -1.961576 -1.027117 0.610788
v -1.860057 -0.998512 0.637288
v -1.750470 -0.964237 0.662888
v -1.634361 -0.925018 0.686988
v -1.513692 -0.881416 0.708588
v -1.390423 -0.833991 0.727288
v -1.266509 -0.783404 0.742388
v -1.143901 -0.730314 0.753288
v -1.024353 -0.675366 0.759888
v -0.909787 -0.619618 0.762288
v -0.802146 -0.563829 0.760188
v -0.703061 -0.508936 0.753888
v -0.614293 -0.455482 0.743788
v -0.537282 -0.404286 0.730588
v -2.038054 -1.031717 0.596388
v -1.953406 -1.009097 0.620688
v -1.857043 -0.980008 0.646088
v -1.750902 -0.945310 0.671188
v -1.637632 -0.905720 0.694888
v -1.519188 -0.861897 0.716288
v -1.397730 -0.814418 0.734888
v -1.275411 -0.763960 0.749888
v -1.154274 -0.711291 0.760688
v -1.036156 -0.657261 0.767388
v -0.923095 -0.602739 0.769788
v -0.817012 -0.548782 0.767888
v -0.720025 -0.496467 0.761788
v -0.634156 -0.446860 0.752288
v -0.561831 -0.400960 0.740388
v -1.961572 -1.170586 0.377088
v -1.884847 -1.151719 0.392188
v -1.789122 -1.125893 0.409088
v -1.682697 -1.094683 0.425788
v -1.568746 -1.058549 0.441188
v -1.449537 -1.017975 0.454888
v -1.327230 -0.973538 0.466188
v -1.204186 -0.925830 0.474588
v -1.082365 -0.875413 0.479688
v -0.963695 -0.823245 0.481688
v -0.850405 -0.770308 0.480488
v -0.744432 -0.717465 0.476488
v -0.647871 -0.666087 0.469788
v -0.563108 -0.617673 0.460988
v -0.496949 -0.577390 0.451888
v -0.542415 -0.610576 0.386888
v -0.556347 -0.616924 0.426788
v -0.483109 -0.571151 0.422288
v -0.463918 -0.560364 0.385088
v -0.632435 -0.663430 0.389988
v -0.642690 -0.666871 0.432188
v -0.732565 -0.717806 0.392988
v -0.740375 -0.719242 0.436888
v -0.841267 -0.772878 0.394888
v -0.847097 -0.772749 0.439788
v -0.956928 -0.827511 0.395188
v -0.961036 -0.826339 0.440488
v -1.077701 -0.880954 0.393588
v -1.080279 -0.878855 0.438688
v -1.201551 -0.932339 0.389788
v -1.202683 -0.929521 0.434288
v -1.326740 -0.980822 0.383488
v -1.326409 -0.977484 0.426888
v -1.451406 -1.025852 0.375188
v -1.449306 -1.022070 0.417188
v -1.573581 -1.066968 0.365388
v -1.569411 -1.062716 0.405488
v -1.691096 -1.103692 0.354488
v -1.684459 -1.098940 0.392388
v -1.802197 -1.135381 0.343188
v -1.792287 -1.130163 0.378588
v -1.904900 -1.161774 0.332488
v -1.890320 -1.155976 0.365188
v -1.997699 -1.182848 0.323388
v -1.976068 -1.176177 0.353588
v -0.525411 -0.601271 0.341888
v -0.442048 -0.546750 0.341688
v -0.619284 -0.657346 0.343388
v -0.722625 -0.714190 0.345188
v -0.834088 -0.771092 0.346288
v -0.952135 -0.827223 0.346288
v -1.074913 -0.881931 0.344888
v -1.200799 -0.934184 0.341688
v -1.328125 -0.983543 0.336488
v -1.455134 -1.029365 0.329588
v -1.579968 -1.071098 0.321488
v -1.700848 -1.108396 0.312688
v -1.815904 -1.140808 0.303588
v -1.923864 -1.167928 0.295088
v -2.023126 -1.189727 0.287788
v -0.508206 -0.590745 0.292588
v -0.421123 -0.532612 0.292988
v -0.605640 -0.649919 0.293088
v -0.712192 -0.709230 0.293988
v -0.826492 -0.768268 0.294488
v -0.947017 -0.826005 0.294388
v -1.072098 -0.882004 0.293288
v -1.200303 -0.935347 0.290688
v -1.330064 -0.985607 0.286588
v -1.459617 -1.032237 0.280988
v -1.587393 -1.074811 0.274588
v -1.711728 -1.112790 0.267688
v -1.830946 -1.145841 0.260588
v -1.943566 -1.173640 0.253888
v -2.048119 -1.195768 0.248188
v -0.493162 -0.580795 0.239488
v -0.403406 -0.519737 0.240088
v -0.593300 -0.642496 0.239588
v -0.702473 -0.704128 0.239988
v -0.819342 -0.764879 0.240288
v -0.942246 -0.824213 0.240088
v -1.069630 -0.881503 0.239288
v -1.200155 -0.935937 0.237388
v -1.332143 -0.987180 0.234188
v -1.464339 -1.034627 0.230088
v -1.594873 -1.077825 0.225188
v -1.722267 -1.116455 0.219988
v -1.844957 -1.149987 0.214688
v -1.961356 -1.178194 0.209688
v -2.069904 -1.200546 0.205388
v -0.481393 -0.572517 0.183488
v -0.389921 -0.509111 0.183788
v -0.583478 -0.636181 0.183588
v -0.694623 -0.699478 0.183788
v -0.813373 -0.761786 0.183988
v -0.938182 -0.822378 0.183988
v -1.067586 -0.880735 0.183388
v -1.200139 -0.936137 0.182188
v -1.334172 -0.988147 0.180088
v -1.468420 -1.036262 0.177188
v -1.601314 -1.080053 0.173888
v -1.731075 -1.119176 0.170288
v -1.856440 -1.153126 0.166688
v -1.975539 -1.181451 0.163288
v -2.086894 -1.203830 0.160288
v -0.473840 -0.566687 0.125388
v -0.381377 -0.501896 0.125188
v -0.577024 -0.631644 0.125688
v -0.689376 -0.696142 0.126088
v -0.809357 -0.759353 0.126288
v -0.935496 -0.820856 0.126488
v -1.066247 -0.879924 0.126288
v -1.200147 -0.936037 0.125688
v -1.335734 -0.988675 0.124588
v -1.471453 -1.037211 0.123088
v -1.605818 -1.081422 0.121288
v -1.737266 -1.120782 0.119288
v -1.864217 -1.154961 0.117188
v -1.985019 -1.183324 0.115188
v -2.097985 -1.205633 0.113288
v -0.471219 -0.564367 0.066088
v -0.378489 -0.499154 0.065288
v -0.574770 -0.629756 0.066788
v -0.687587 -0.694693 0.067388
v -0.808034 -0.758342 0.067888
v -0.934556 -0.820077 0.068188
v -1.065881 -0.879493 0.068388
v -1.200263 -0.935846 0.068388
v -1.336340 -0.988624 0.068388
v -1.472642 -1.037407 0.068188
v -1.607596 -1.081767 0.067888
v -1.739633 -1.121275 0.067488
v -1.867091 -1.155395 0.066888
v -1.988591 -1.183815 0.066188
v -2.101864 -1.206049 0.065388
v -0.474079 -0.566204 0.006888
v -0.381616 -0.501414 0.005488
v -0.577264 -0.631162 0.007988
v -0.689615 -0.695660 0.008688
v -0.809588 -0.758970 0.009288
v -0.935727 -0.820474 0.009888
v -1.066479 -0.879541 0.010388
v -1.200379 -0.935654 0.011088
v -1.335874 -0.988185 0.012088
v -1.471685 -1.036828 0.013288
v -1.606050 -1.081040 0.014488
v -1.737497 -1.120399 0.015588
v -1.864357 -1.154471 0.016588
v -1.985259 -1.182842 0.017288
v -2.098033 -1.205035 0.017588
v -0.481872 -0.571552 -0.051212
v -0.390401 -0.508147 -0.053112
v -0.583958 -0.635217 -0.049912
v -0.695095 -0.698613 -0.049112
v -0.813845 -0.760921 -0.048412
v -0.938653 -0.821513 -0.047712
v -1.067957 -0.879862 -0.046812
v -1.200503 -0.935364 -0.045512
v -1.334543 -0.987274 -0.043512
v -1.468792 -1.035389 -0.041012
v -1.601678 -1.079280 -0.038312
v -1.731447 -1.118303 -0.035512
v -1.856820 -1.152154 -0.033012
v -1.976019 -1.180487 -0.030812
v -2.087191 -1.202651 -0.029312
v -0.493881 -0.579349 -0.107212
v -0.404134 -0.518190 -0.109312
v -0.594011 -0.641149 -0.106012
v -0.703184 -0.702781 -0.105412
v -0.819946 -0.763623 -0.104812
v -0.942750 -0.822950 -0.104112
v -1.070234 -0.880247 -0.102812
v -1.200651 -0.934774 -0.100812
v -1.332747 -0.985924 -0.097812
v -1.464843 -1.033363 -0.094012
v -1.595377 -1.076562 -0.089712
v -1.722778 -1.115092 -0.085312
v -1.845468 -1.148624 -0.081012
v -1.961984 -1.176639 -0.077312
v -2.070432 -1.198983 -0.074412
v -0.509066 -0.588808 -0.160312
v -0.422090 -0.530583 -0.162112
v -0.606491 -0.648082 -0.159712
v -0.713035 -0.707493 -0.159512
v -0.827244 -0.766423 -0.159312
v -0.947761 -0.824259 -0.158612
v -1.072941 -0.880266 -0.157112
v -1.201139 -0.933710 -0.154412
v -1.330799 -0.983961 -0.150412
v -1.460361 -1.030491 -0.145212
v -1.588136 -1.073065 -0.139312
v -1.712480 -1.110945 -0.133112
v -1.831698 -1.143996 -0.127012
v -1.944426 -1.171703 -0.121512
v -2.048987 -1.193732 -0.117112
v -0.526511 -0.598852 -0.209812
v -0.443255 -0.544239 -0.210812
v -0.620383 -0.654927 -0.210212
v -0.723716 -0.711871 -0.211012
v -0.835171 -0.768872 -0.211412
v -0.953111 -0.825094 -0.210812
v -1.075896 -0.879704 -0.209112
v -1.201775 -0.932056 -0.205812
v -1.329108 -0.981315 -0.200712
v -1.456018 -1.027129 -0.194112
v -1.580952 -1.068870 -0.186512
v -1.701732 -1.106160 -0.178412
v -1.816903 -1.138381 -0.170212
v -1.924863 -1.165501 -0.162712
v -2.024233 -1.187208 -0.156712
v -0.543754 -0.607675 -0.255012
v -0.465365 -0.557371 -0.254412
v -0.633766 -0.660628 -0.257012
v -0.733788 -0.715096 -0.259212
v -0.842598 -0.770076 -0.260412
v -0.958251 -0.824809 -0.260212
v -1.078924 -0.878244 -0.258312
v -1.202774 -0.929629 -0.254312
v -1.327963 -0.978112 -0.248112
v -1.452630 -1.023142 -0.240112
v -1.574705 -1.064250 -0.230812
v -1.692328 -1.100883 -0.220612
v -1.803329 -1.132563 -0.210112
v -1.906131 -1.158964 -0.200412
v -1.998938 -1.179939 -0.192412
v -0.557926 -0.613540 -0.295212
v -0.484688 -0.567767 -0.291712
v -0.644269 -0.663487 -0.299712
v -0.741846 -0.715951 -0.303612
v -0.848560 -0.769557 -0.305912
v -0.962507 -0.823048 -0.306112
v -1.081643 -0.875655 -0.304012
v -1.204046 -0.926320 -0.299412
v -1.327772 -0.974284 -0.292212
v -1.450776 -1.018778 -0.282712
v -1.570875 -1.059524 -0.271412
v -1.685930 -1.095648 -0.259012
v -1.793758 -1.126871 -0.245912
v -1.891792 -1.152684 -0.233412
v -1.977547 -1.172785 -0.222812
vn 0.6513 -0.7496 -0.1181
vn 0.6514 -0.7495 -0.1182
vn 0.6513 -0.7495 -0.1182
vn 0.6873 -0.7077 -0.1636
vn 0.7200 -0.6607 -0.2121
vn 0.7200 -0.6608 -0.2121
vn 0.7490 -0.6072 -0.2653
vn 0.7489 -0.6072 -0.2653
vn 0.7710 -0.5494 -0.3220
vn 0.7843 -0.4882 -0.3828
vn 0.7843 -0.4883 -0.3828
vn 0.7862 -0.4258 -0.4479
vn 0.6764 -0.7319 -0.0826
vn 0.7225 -0.6805 -0.1223
vn 0.7653 -0.6211 -0.1686
vn 0.7653 -0.6212 -0.1686
vn 0.8027 -0.5542 -0.2201
vn 0.8028 -0.5542 -0.2201
vn 0.8315 -0.4823 -0.2756
vn 0.8491 -0.4073 -0.3365
vn 0.8490 -0.4073 -0.3365
vn 0.8526 -0.3331 -0.4027
vn 0.8525 -0.3332 -0.4027
vn 0.8526 -0.3330 -0.4027
vn 0.6977 -0.7142 -0.0553
vn 0.6978 -0.7142 -0.0553
vn 0.7518 -0.6537 -0.0865
vn 0.7517 -0.6538 -0.0865
vn 0.8033 -0.5820 -0.1263
vn 0.8485 -0.5000 -0.1731
vn 0.8486 -0.5000 -0.1731
vn 0.8825 -0.4128 -0.2253
vn 0.9023 -0.3235 -0.2850
vn 0.9023 -0.3234 -0.2850
vn 0.9055 -0.2373 -0.3517
vn 0.7163 -0.6970 -0.0338
vn 0.7162 -0.6971 -0.0338
vn 0.7761 -0.6280 -0.0569
vn 0.7761 -0.6280 -0.0570
vn 0.8345 -0.5440 -0.0881
vn 0.8344 -0.5440 -0.0881
vn 0.8851 -0.4477 -0.1271
vn 0.9220 -0.3462 -0.1733
vn 0.9425 -0.2426 -0.2301
vn 0.9424 -0.2426 -0.2301
vn 0.9440 -0.1437 -0.2971
vn 0.9440 -0.1438 -0.2971
vn 0.7313 -0.6819 -0.0185
vn 0.7312 -0.6819 -0.0185
vn 0.7956 -0.6049 -0.0346
vn 0.7956 -0.6048 -0.0346
vn 0.8579 -0.5107 -0.0567
vn 0.8579 -0.5106 -0.0566
vn 0.9112 -0.4028 -0.0861
vn 0.9112 -0.4029 -0.0861
vn 0.9500 -0.2871 -0.1230
vn 0.7421 -0.6702 -0.0086
vn 0.7439 -0.6682 -0.0093
vn 0.7457 -0.6663 -0.0047
vn 0.8094 -0.5870 -0.0177
vn 0.8093 -0.5871 -0.0177
vn 0.8736 -0.4857 -0.0305
vn 0.8736 -0.4857 -0.0306
vn 0.8735 -0.4858 -0.0306
vn 0.8736 -0.4858 -0.0306
vn 0.9280 -0.3694 -0.0485
vn 0.9280 -0.3695 -0.0485
vn 0.9682 -0.2395 -0.0726
vn 0.4165 -0.0390 -0.9083
vn 0.4164 -0.0390 -0.9083
vn 0.4165 -0.0391 -0.9083
vn 0.4164 -0.0391 -0.9083
vn 0.4270 0.0408 -0.9033
vn 0.4270 0.0407 -0.9033
vn 0.4387 0.1025 -0.8928
vn 0.4387 0.1025 -0.8927
vn 0.5035 -0.0897 -0.8593
vn 0.5035 -0.0896 -0.8593
vn 0.5261 0.0047 -0.8504
vn 0.5261 0.0048 -0.8504
vn 0.5434 0.0860 -0.8350
vn 0.5434 0.0861 -0.8350
vn 0.5434 0.0860 -0.8351
vn 0.5582 0.1518 -0.8157
vn 0.5581 0.1519 -0.8157
vn 0.5818 -0.1416 -0.8009
vn 0.5819 -0.1416 -0.8009
vn 0.6185 -0.0399 -0.7848
vn 0.6447 0.0563 -0.7624
vn 0.6448 0.0562 -0.7623
vn 0.6448 0.0563 -0.7623
vn 0.6631 0.1401 -0.7353
vn 0.6508 -0.1957 -0.7336
vn 0.6989 -0.0897 -0.7095
vn 0.6989 -0.0897 -0.7096
vn 0.6990 -0.0897 -0.7095
vn 0.7344 0.0161 -0.6785
vn 0.7344 0.0160 -0.6785
vn 0.7345 0.0160 -0.6785
vn 0.7569 0.1140 -0.6435
vn 0.7569 0.1141 -0.6435
vn 0.7064 -0.2504 -0.6621
vn 0.7064 -0.2504 -0.6620
vn 0.7632 -0.1428 -0.6302
vn 0.7632 -0.1427 -0.6302
vn 0.8057 -0.0325 -0.5914
vn 0.8057 -0.0324 -0.5914
vn 0.8319 0.0741 -0.5500
vn 0.7479 -0.3067 -0.5887
vn 0.8106 -0.2012 -0.5500
vn 0.8105 -0.2012 -0.5500
vn 0.8583 -0.0919 -0.5048
vn 0.8890 0.0162 -0.4577
vn 0.8890 0.0161 -0.4576
vn 0.4139 -0.0216 0.9101
vn 0.5045 -0.0750 0.8602
vn 0.5044 -0.0750 0.8602
vn 0.5044 -0.0751 0.8602
vn 0.5856 -0.1299 0.8001
vn 0.6569 -0.1868 0.7305
vn 0.7139 -0.2441 0.6564
vn 0.7139 -0.2440 0.6564
vn 0.7558 -0.3024 0.5808
vn 0.7822 -0.3624 0.5068
vn 0.4225 0.0605 0.9043
vn 0.5250 0.0223 0.8508
vn 0.6205 -0.0252 0.7838
vn 0.6206 -0.0252 0.7838
vn 0.6206 -0.0252 0.7837
vn 0.7036 -0.0780 0.7063
vn 0.7694 -0.1338 0.6246
vn 0.8175 -0.1948 0.5420
vn 0.8471 -0.2605 0.4631
vn 0.8471 -0.2606 0.4631
vn 0.4329 0.1235 0.8929
vn 0.4330 0.1235 0.8929
vn 0.5403 0.1055 0.8348
vn 0.5403 0.1056 0.8348
vn 0.5404 0.1055 0.8348
vn 0.6446 0.0733 0.7610
vn 0.6447 0.0733 0.7609
vn 0.7371 0.0301 0.6751
vn 0.8102 -0.0213 0.5858
vn 0.8102 -0.0214 0.5858
vn 0.8637 -0.0836 0.4970
vn 0.8969 -0.1552 0.4140
vn 0.8970 -0.1553 0.4140
vn 0.8969 -0.1553 0.4140
vn 0.4444 0.1726 0.8790
vn 0.5536 0.1724 0.8147
vn 0.5537 0.1724 0.8147
vn 0.6610 0.1587 0.7334
vn 0.6610 0.1587 0.7335
vn 0.7572 0.1299 0.6401
vn 0.7572 0.1301 0.6401
vn 0.8341 0.0871 0.5447
vn 0.8341 0.0870 0.5447
vn 0.8925 0.0259 0.4504
vn 0.8924 0.0259 0.4504
vn 0.9305 -0.0511 0.3628
vn 0.9051 0.1323 0.4040
vn 0.9052 0.1324 0.4040
vn 0.9492 0.0544 0.3098
vn 0.9492 0.0543 0.3098
vn 0.6522 -0.7506 0.1057
vn 0.6523 -0.7506 0.1057
vn 0.6767 -0.7329 0.0702
vn 0.6767 -0.7329 0.0701
vn 0.6977 -0.7151 0.0433
vn 0.6976 -0.7152 0.0433
vn 0.7159 -0.6979 0.0223
vn 0.7308 -0.6825 0.0075
vn 0.7417 -0.6707 -0.0020
vn 0.7447 -0.6674 -0.0053
vn 0.7450 -0.6671 -0.0024
vn 0.7477 -0.6640 -0.0053
vn 0.7477 -0.6640 -0.0049
vn 0.6892 -0.7087 0.1512
vn 0.6892 -0.7086 0.1512
vn 0.7237 -0.6813 0.1099
vn 0.7523 -0.6546 0.0743
vn 0.7523 -0.6547 0.0743
vn 0.7522 -0.6547 0.0743
vn 0.7762 -0.6288 0.0453
vn 0.7763 -0.6288 0.0453
vn 0.7763 -0.6287 0.0453
vn 0.7955 -0.6055 0.0234
vn 0.7955 -0.6056 0.0234
vn 0.8092 -0.5875 0.0071
vn 0.8092 -0.5875 0.0070
vn 0.8165 -0.5774 -0.0031
vn 0.8165 -0.5773 -0.0053
vn 0.8162 -0.5777 -0.0052
vn 0.7229 -0.6614 0.1998
vn 0.7675 -0.6217 0.1563
vn 0.8048 -0.5824 0.1141
vn 0.8353 -0.5445 0.0763
vn 0.8583 -0.5111 0.0454
vn 0.8583 -0.5112 0.0455
vn 0.8737 -0.4860 0.0199
vn 0.8737 -0.4860 0.0200
vn 0.8841 -0.4673 -0.0050
vn 0.8814 -0.4724 0.0009
vn 0.8814 -0.4723 0.0010
vn 0.8798 -0.4753 -0.0055
vn 0.7529 -0.6074 0.2533
vn 0.8060 -0.5542 0.2080
vn 0.8060 -0.5541 0.2080
vn 0.8510 -0.4998 0.1612
vn 0.8869 -0.4473 0.1155
vn 0.8869 -0.4474 0.1155
vn 0.9123 -0.4025 0.0750
vn 0.9285 -0.3694 0.0379
vn 0.9285 -0.3694 0.0380
vn 0.9362 -0.3514 0.0070
vn 0.9362 -0.3514 0.0071
vn 0.7762 -0.5488 0.3104
vn 0.7761 -0.5489 0.3104
vn 0.7762 -0.5489 0.3104
vn 0.8359 -0.4813 0.2639
vn 0.8359 -0.4812 0.2639
vn 0.8860 -0.4115 0.2137
vn 0.9246 -0.3447 0.1620
vn 0.9246 -0.3448 0.1620
vn 0.9517 -0.2858 0.1123
vn 0.9517 -0.2857 0.1123
vn 0.9691 -0.2386 0.0625
vn 0.9770 -0.2125 0.0158
vn 0.9770 -0.2126 0.0160
vn 0.7903 -0.4870 0.3718
vn 0.7904 -0.4869 0.3718
vn 0.7904 -0.4870 0.3718
vn 0.8544 -0.4051 0.3254
vn 0.9067 -0.3206 0.2740
vn 0.9458 -0.2396 0.2194
vn 0.9731 -0.1634 0.1623
vn 0.9731 -0.1633 0.1623
vn 0.7745 -0.3654 -0.5164
vn 0.7745 -0.3654 -0.5163
vn 0.8404 -0.2650 -0.4728
vn 0.8915 -0.1611 -0.4234
vn 0.9265 -0.0580 -0.3717
vn 0.7932 -0.4236 0.4376
vn 0.7932 -0.4235 0.4376
vn 0.8588 -0.3297 0.3922
vn 0.9106 -0.2329 0.3414
vn 0.9478 -0.1387 0.2872
vn 0.9725 -0.0464 0.2284
vn 0.8166 -0.5771 -0.0074
vn 0.8167 -0.5771 -0.0074
vn 0.8814 -0.4722 -0.0118
vn 0.8814 -0.4722 -0.0113
vn 0.9361 -0.3513 -0.0170
vn 0.9361 -0.3514 -0.0171
vn 0.9361 -0.3513 -0.0174
vn 0.9361 -0.3513 -0.0171
vn 0.9767 -0.2129 -0.0256
vn 0.9767 -0.2129 -0.0257
vn 0.5945 -0.7957 -0.1161
vn 0.6199 -0.7679 -0.1611
vn 0.6199 -0.7680 -0.1611
vn 0.6440 -0.7369 -0.2054
vn 0.6676 -0.7002 -0.2532
vn 0.6676 -0.7001 -0.2532
vn 0.6675 -0.7002 -0.2532
vn 0.6883 -0.6573 -0.3070
vn 0.7037 -0.6105 -0.3636
vn 0.7118 -0.5608 -0.4230
vn 0.7108 -0.5088 -0.4856
vn 0.7108 -0.5087 -0.4857
vn 0.7108 -0.5088 -0.4857
vn 0.7108 -0.5089 -0.4856
vn 0.6122 -0.7867 -0.0788
vn 0.6122 -0.7868 -0.0788
vn 0.6122 -0.7868 -0.0787
vn 0.6285 -0.7760 -0.0530
vn 0.6443 -0.7640 -0.0332
vn 0.6582 -0.7527 -0.0173
vn 0.6581 -0.7527 -0.0173
vn 0.6723 -0.7403 -0.0073
vn 0.6748 -0.7380 -0.0021
vn 0.6695 -0.7428 -0.0070
vn 0.6789 -0.7342 -0.0036
vn 0.6803 -0.7329 -0.0017
vn 0.6814 -0.7319 -0.0030
vn 0.6812 -0.7320 -0.0073
vn 0.3276 -0.0758 -0.9418
vn 0.3277 -0.0756 -0.9418
vn 0.3245 0.0031 -0.9459
vn 0.3245 0.0032 -0.9459
vn 0.3290 0.0599 -0.9424
vn 0.3291 0.0599 -0.9424
vn 0.3591 0.0757 -0.9302
vn 0.4020 -0.1349 -0.9056
vn 0.4694 -0.1883 -0.8627
vn 0.4693 -0.1883 -0.8627
vn 0.5335 -0.2408 -0.8108
vn 0.5919 -0.2964 -0.7495
vn 0.5919 -0.2964 -0.7496
vn 0.6393 -0.3505 -0.6844
vn 0.6394 -0.3505 -0.6844
vn 0.6394 -0.3504 -0.6844
vn 0.6750 -0.4034 -0.6178
vn 0.6989 -0.4563 -0.5508
vn 0.3236 -0.0583 0.9444
vn 0.3237 -0.0583 0.9444
vn 0.3237 -0.0584 0.9444
vn 0.4014 -0.1207 0.9079
vn 0.4716 -0.1768 0.8639
vn 0.5382 -0.2320 0.8102
vn 0.5383 -0.2320 0.8102
vn 0.5987 -0.2903 0.7465
vn 0.5987 -0.2904 0.7465
vn 0.6473 -0.3466 0.6789
vn 0.6833 -0.4012 0.6100
vn 0.7070 -0.4548 0.5416
vn 0.7070 -0.4549 0.5416
vn 0.3185 0.0231 0.9477
vn 0.3185 0.0230 0.9476
vn 0.3220 0.0810 0.9433
vn 0.3307 0.1261 0.9353
vn 0.3307 0.1262 0.9353
vn 0.3778 0.1148 0.9188
vn 0.3778 0.1148 0.9187
vn 0.5953 -0.7968 0.1034
vn 0.5952 -0.7969 0.1034
vn 0.6123 -0.7878 0.0661
vn 0.6123 -0.7878 0.0662
vn 0.6123 -0.7879 0.0662
vn 0.6282 -0.7770 0.0407
vn 0.6438 -0.7649 0.0215
vn 0.6437 -0.7649 0.0215
vn 0.6575 -0.7534 0.0061
vn 0.6688 -0.7434 -0.0037
vn 0.6728 -0.7398 -0.0076
vn 0.6734 -0.7393 -0.0047
vn 0.6789 -0.7341 -0.0094
vn 0.6798 -0.7333 -0.0068
vn 0.6215 -0.7691 0.1487
vn 0.6465 -0.7380 0.1931
vn 0.6465 -0.7381 0.1931
vn 0.6711 -0.7011 0.2410
vn 0.6929 -0.6578 0.2953
vn 0.7092 -0.6106 0.3524
vn 0.7183 -0.5603 0.4124
vn 0.7183 -0.5604 0.4124
vn 0.7181 -0.5079 0.4757
vn -0.2134 -0.2481 -0.9449
vn -0.2135 -0.2481 -0.9449
vn -0.2356 -0.2139 -0.9480
vn -0.2676 -0.1243 -0.9555
vn -0.2613 -0.1275 -0.9568
vn -0.2652 -0.1258 -0.9560
vn -0.1845 -0.2350 -0.9543
vn -0.1845 -0.2351 -0.9543
vn -0.2057 -0.1966 -0.9587
vn -0.2057 -0.1967 -0.9587
vn -0.2590 -0.1272 -0.9575
vn -0.1565 -0.2233 -0.9621
vn -0.1765 -0.1833 -0.9671
vn -0.1766 -0.1833 -0.9671
vn -0.1766 -0.1832 -0.9671
vn -0.2002 -0.1133 -0.9732
vn -0.1907 -0.1141 -0.9750
vn -0.1970 -0.1138 -0.9738
vn -0.1290 -0.2113 -0.9689
vn -0.1484 -0.1710 -0.9740
vn -0.1484 -0.1709 -0.9740
vn -0.1882 -0.1112 -0.9758
vn -0.1025 -0.1992 -0.9746
vn -0.1025 -0.1991 -0.9746
vn -0.1209 -0.1588 -0.9799
vn -0.1210 -0.1588 -0.9799
vn -0.1432 -0.0744 -0.9869
vn -0.1445 -0.0745 -0.9867
vn -0.1445 -0.0744 -0.9867
vn -0.1415 -0.0745 -0.9871
vn -0.0764 -0.1858 -0.9796
vn -0.0763 -0.1856 -0.9797
vn -0.0763 -0.1857 -0.9796
vn -0.0764 -0.1859 -0.9796
vn -0.0940 -0.1453 -0.9849
vn -0.0940 -0.1452 -0.9849
vn -0.1402 -0.0739 -0.9874
vn -0.0493 -0.1705 -0.9841
vn -0.0495 -0.1707 -0.9841
vn -0.0492 -0.1705 -0.9841
vn -0.0492 -0.1702 -0.9842
vn -0.0665 -0.1294 -0.9894
vn -0.0666 -0.1294 -0.9894
vn -0.0874 -0.0486 -0.9950
vn -0.0816 -0.0474 -0.9955
vn -0.0851 -0.0482 -0.9952
vn -0.0207 -0.1530 -0.9880
vn -0.0378 -0.1115 -0.9930
vn -0.0378 -0.1115 -0.9931
vn -0.0792 -0.0447 -0.9959
vn 0.0079 -0.1342 -0.9909
vn -0.0090 -0.0917 -0.9957
vn -0.0202 -0.0606 -0.9980
vn -0.0202 -0.0605 -0.9980
vn 0.0369 -0.1135 -0.9929
vn 0.0205 -0.0696 -0.9974
vn 0.0206 -0.0695 -0.9974
vn 0.0078 -0.0183 -0.9998
vn 0.0682 -0.0904 -0.9936
vn 0.0524 -0.0447 -0.9976
vn 0.0349 -0.0021 -0.9994
vn 0.0350 -0.0020 -0.9994
vn 0.0350 -0.0017 -0.9994
vn 0.1037 -0.0651 -0.9925
vn 0.0888 -0.0182 -0.9959
vn 0.0815 0.0193 -0.9965
vn 0.0814 0.0193 -0.9965
vn 0.1426 -0.0382 -0.9890
vn 0.1425 -0.0382 -0.9891
vn 0.1426 -0.0382 -0.9891
vn 0.1303 0.0094 -0.9914
vn 0.1303 0.0093 -0.9914
vn 0.1284 0.0398 -0.9909
vn 0.1868 -0.0101 -0.9823
vn 0.1803 0.0362 -0.9830
vn 0.1803 0.0362 -0.9829
vn 0.1808 0.0666 -0.9813
vn 0.1808 0.0665 -0.9813
vn -0.2143 -0.3135 -0.9251
vn -0.2142 -0.3134 -0.9251
vn -0.2421 -0.2717 -0.9314
vn -0.2655 -0.2418 -0.9333
vn -0.3526 -0.1540 -0.9230
vn 0.2208 0.0673 -0.9730
vn 0.2446 0.0565 -0.9680
vn 0.2443 0.0108 -0.9696
vn 0.2553 -0.0530 -0.9654
vn 0.2074 -0.0780 -0.9751
vn 0.1689 -0.1064 -0.9799
vn 0.1305 -0.1300 -0.9829
vn 0.1306 -0.1300 -0.9829
vn 0.0943 -0.1520 -0.9839
vn 0.0943 -0.1521 -0.9839
vn 0.0619 -0.1721 -0.9831
vn 0.0619 -0.1722 -0.9831
vn 0.0322 -0.1903 -0.9812
vn 0.0321 -0.1905 -0.9812
vn 0.0321 -0.1904 -0.9812
vn 0.0029 -0.2076 -0.9782
vn 0.0029 -0.2077 -0.9782
vn -0.0261 -0.2241 -0.9742
vn -0.0262 -0.2241 -0.9742
vn -0.0260 -0.2242 -0.9742
vn -0.0259 -0.2243 -0.9742
vn -0.0532 -0.2391 -0.9695
vn -0.0533 -0.2390 -0.9695
vn -0.0792 -0.2527 -0.9643
vn -0.0791 -0.2526 -0.9643
vn -0.1048 -0.2652 -0.9585
vn -0.1049 -0.2656 -0.9584
vn -0.1049 -0.2654 -0.9584
vn -0.1317 -0.2783 -0.9514
vn -0.1317 -0.2782 -0.9514
vn -0.1316 -0.2784 -0.9514
vn -0.1584 -0.2902 -0.9438
vn -0.1583 -0.2902 -0.9438
vn -0.1580 -0.2902 -0.9438
vn -0.1583 -0.2903 -0.9438
vn -0.1858 -0.2989 -0.9360
vn 0.1788 0.0104 0.9838
vn 0.1787 0.0104 0.9838
vn 0.1717 0.0572 0.9835
vn 0.1720 0.0904 0.9809
vn 0.1783 0.0744 0.9812
vn 0.1782 0.0744 0.9812
vn 0.1783 0.0743 0.9812
vn 0.1346 -0.0186 0.9907
vn 0.1347 -0.0186 0.9907
vn 0.1219 0.0296 0.9921
vn 0.1219 0.0295 0.9921
vn 0.1180 0.0622 0.9911
vn 0.1180 0.0623 0.9911
vn 0.1181 0.0622 0.9911
vn 0.1381 0.0617 0.9885
vn 0.0960 -0.0461 0.9943
vn 0.0807 0.0012 0.9967
vn 0.0738 0.0337 0.9967
vn 0.0745 0.0355 0.9966
vn 0.0741 0.0350 0.9966
vn 0.0749 0.0367 0.9965
vn 0.0749 0.0368 0.9965
vn 0.0606 -0.0718 0.9956
vn 0.0445 -0.0262 0.9987
vn 0.0360 0.0059 0.9993
vn 0.0385 0.0113 0.9992
vn 0.0384 0.0122 0.9992
vn 0.0361 0.0058 0.9993
vn 0.0409 0.0171 0.9990
vn 0.0409 0.0170 0.9990
vn 0.0292 -0.0954 0.9950
vn 0.0292 -0.0955 0.9950
vn 0.0128 -0.0515 0.9986
vn 0.0128 -0.0516 0.9986
vn 0.0029 -0.0201 0.9998
vn 0.0029 -0.0202 0.9998
vn -0.0020 -0.0001 1.0000
vn -0.0019 -0.0000 1.0000
vn -0.0019 -0.0001 1.0000
vn -0.0019 -0.0002 1.0000
vn 0.0002 -0.1166 0.9932
vn 0.0002 -0.1167 0.9932
vn -0.0166 -0.0742 0.9971
vn -0.0167 -0.0742 0.9971
vn -0.0277 -0.0432 0.9987
vn -0.0377 -0.0176 0.9991
vn -0.0378 -0.0178 0.9991
vn -0.0377 -0.0179 0.9991
vn -0.0376 -0.0179 0.9991
vn -0.0284 -0.1355 0.9904
vn -0.0284 -0.1356 0.9904
vn -0.0454 -0.0942 0.9945
vn -0.0574 -0.0634 0.9963
vn -0.0575 -0.0635 0.9963
vn -0.0574 -0.0636 0.9963
vn -0.0670 -0.0323 0.9972
vn -0.0669 -0.0323 0.9972
vn -0.0570 -0.1530 0.9866
vn -0.0570 -0.1531 0.9866
vn -0.0571 -0.1531 0.9866
vn -0.0571 -0.1534 0.9865
vn -0.0742 -0.1122 0.9909
vn -0.0741 -0.1123 0.9909
vn -0.0742 -0.1123 0.9909
vn -0.0867 -0.0817 0.9929
vn -0.0870 -0.0819 0.9928
vn -0.0866 -0.0819 0.9929
vn -0.1013 -0.0532 0.9934
vn -0.1013 -0.0533 0.9934
vn -0.1013 -0.0531 0.9934
vn -0.0843 -0.1688 0.9820
vn -0.0843 -0.1685 0.9821
vn -0.0843 -0.1686 0.9821
vn -0.0843 -0.1689 0.9820
vn -0.1020 -0.1280 0.9865
vn -0.1154 -0.0978 0.9885
vn -0.1154 -0.0979 0.9885
vn -0.1153 -0.0978 0.9885
vn -0.1273 -0.0657 0.9897
vn -0.1268 -0.0658 0.9897
vn -0.1109 -0.1817 0.9771
vn -0.1109 -0.1816 0.9771
vn -0.1293 -0.1413 0.9815
vn -0.1293 -0.1412 0.9815
vn -0.1434 -0.1117 0.9833
vn -0.1434 -0.1118 0.9833
vn -0.1434 -0.1116 0.9833
vn -0.1754 -0.0635 0.9824
vn -0.1755 -0.0635 0.9824
vn -0.1378 -0.1934 0.9714
vn -0.1378 -0.1933 0.9714
vn -0.1571 -0.1528 0.9757
vn -0.1720 -0.1238 0.9773
vn -0.1899 -0.0668 0.9795
vn -0.1899 -0.0667 0.9795
vn -0.1658 -0.2049 0.9646
vn -0.1658 -0.2048 0.9647
vn -0.1858 -0.1645 0.9687
vn -0.1858 -0.1644 0.9687
vn -0.2018 -0.1361 0.9699
vn -0.2018 -0.1360 0.9699
vn -0.2462 -0.0763 0.9662
vn -0.2492 -0.0770 0.9654
vn -0.2536 -0.0757 0.9644
vn -0.1943 -0.2160 0.9569
vn -0.2156 -0.1770 0.9603
vn -0.2326 -0.1500 0.9609
vn -0.2566 -0.0742 0.9637
vn -0.2238 -0.2285 0.9475
vn -0.2239 -0.2284 0.9475
vn -0.2238 -0.2284 0.9475
vn -0.2462 -0.1934 0.9497
vn -0.2462 -0.1933 0.9497
vn -0.2649 -0.1679 0.9496
vn -0.2649 -0.1679 0.9495
vn -0.2649 -0.1678 0.9496
vn -0.3930 -0.0135 0.9194
vn -0.3929 -0.0134 0.9195
vn -0.3930 -0.0134 0.9194
vn -0.3930 -0.0134 0.9195
vn 0.2491 -0.0337 0.9679
vn 0.2491 -0.0338 0.9679
vn 0.2367 0.0316 0.9711
vn 0.2367 0.0315 0.9711
vn 0.2363 0.0779 0.9686
vn 0.2363 0.0778 0.9686
vn 0.2413 0.1139 0.9638
vn 0.2517 0.0866 0.9639
vn -0.3160 -0.1772 0.9321
vn -0.3160 -0.1773 0.9320
vn -0.2771 -0.2192 0.9355
vn -0.2530 -0.2505 0.9345
vn -0.2244 -0.2954 0.9286
vn -0.1961 -0.2813 0.9394
vn -0.1679 -0.2730 0.9473
vn -0.1408 -0.2612 0.9550
vn -0.1410 -0.2611 0.9550
vn -0.1409 -0.2611 0.9550
vn -0.1136 -0.2486 0.9619
vn -0.1139 -0.2486 0.9619
vn -0.1137 -0.2487 0.9619
vn -0.1138 -0.2485 0.9619
vn -0.0874 -0.2358 0.9679
vn -0.0874 -0.2357 0.9679
vn -0.0877 -0.2360 0.9678
vn -0.0875 -0.2359 0.9678
vn -0.0617 -0.2221 0.9731
vn -0.0613 -0.2221 0.9731
vn -0.0613 -0.2220 0.9731
vn -0.0614 -0.2220 0.9731
vn -0.0337 -0.2073 0.9777
vn -0.0339 -0.2071 0.9777
vn -0.0339 -0.2070 0.9778
vn -0.0047 -0.1906 0.9817
vn 0.0245 -0.1733 0.9846
vn 0.0244 -0.1735 0.9845
vn 0.0246 -0.1733 0.9846
vn 0.0546 -0.1547 0.9864
vn 0.0546 -0.1546 0.9865
vn 0.0546 -0.1547 0.9865
vn 0.0872 -0.1344 0.9871
vn 0.0873 -0.1344 0.9871
vn 0.0872 -0.1343 0.9871
vn 0.1238 -0.1119 0.9860
vn 0.1237 -0.1118 0.9860
vn 0.1623 -0.0880 0.9828
vn 0.1622 -0.0880 0.9828
vn 0.2009 -0.0589 0.9778
vn 0.2009 -0.0590 0.9778
vn 0.5392 -0.8179 -0.2009
vn 0.5045 -0.8396 -0.2016
vn 0.4728 -0.8578 -0.2014
vn 0.4434 -0.8734 -0.2014
vn 0.4164 -0.8866 -0.2016
vn 0.4164 -0.8866 -0.2015
vn 0.4163 -0.8866 -0.2015
vn 0.3910 -0.8979 -0.2024
vn 0.3909 -0.8979 -0.2024
vn 0.3911 -0.8978 -0.2024
vn 0.3656 -0.9081 -0.2042
vn 0.3656 -0.9081 -0.2043
vn 0.3399 -0.9174 -0.2069
vn 0.3400 -0.9174 -0.2069
vn 0.3152 -0.9255 -0.2100
vn 0.3150 -0.9256 -0.2100
vn 0.3151 -0.9257 -0.2094
vn 0.2906 -0.9326 -0.2139
vn 0.2654 -0.9391 -0.2183
vn 0.2390 -0.9452 -0.2225
vn 0.2114 -0.9509 -0.2262
vn 0.1818 -0.9565 -0.2283
vn 0.5496 -0.7965 -0.2520
vn 0.5095 -0.8213 -0.2568
vn 0.4741 -0.8420 -0.2576
vn 0.4419 -0.8594 -0.2573
vn 0.4418 -0.8594 -0.2573
vn 0.4126 -0.8740 -0.2567
vn 0.4126 -0.8739 -0.2568
vn 0.4126 -0.8740 -0.2568
vn 0.3849 -0.8864 -0.2572
vn 0.3850 -0.8864 -0.2572
vn 0.3576 -0.8972 -0.2590
vn 0.3576 -0.8974 -0.2586
vn 0.3575 -0.8974 -0.2586
vn 0.3576 -0.8972 -0.2592
vn 0.3302 -0.9070 -0.2615
vn 0.3302 -0.9069 -0.2616
vn 0.3302 -0.9068 -0.2619
vn 0.3035 -0.9153 -0.2647
vn 0.2771 -0.9225 -0.2689
vn 0.2771 -0.9224 -0.2689
vn 0.2498 -0.9288 -0.2736
vn 0.2210 -0.9349 -0.2778
vn 0.1906 -0.9408 -0.2803
vn 0.1576 -0.9472 -0.2792
vn 0.5596 -0.7708 -0.3046
vn 0.5143 -0.7985 -0.3128
vn 0.4747 -0.8216 -0.3156
vn 0.4394 -0.8409 -0.3159
vn 0.4073 -0.8570 -0.3156
vn 0.4072 -0.8571 -0.3156
vn 0.3770 -0.8706 -0.3160
vn 0.3770 -0.8706 -0.3161
vn 0.3770 -0.8706 -0.3162
vn 0.3476 -0.8822 -0.3177
vn 0.3476 -0.8821 -0.3178
vn 0.3475 -0.8821 -0.3179
vn 0.3476 -0.8821 -0.3177
vn 0.3181 -0.8923 -0.3204
vn 0.2894 -0.9010 -0.3232
vn 0.2894 -0.9009 -0.3233
vn 0.2895 -0.9010 -0.3231
vn 0.2607 -0.9083 -0.3270
vn 0.2607 -0.9084 -0.3270
vn 0.2313 -0.9148 -0.3312
vn 0.2003 -0.9209 -0.3345
vn 0.1673 -0.9272 -0.3350
vn 0.1292 -0.9340 -0.3331
vn 0.5673 -0.7401 -0.3610
vn 0.5673 -0.7402 -0.3610
vn 0.5172 -0.7714 -0.3708
vn 0.4736 -0.7970 -0.3749
vn 0.4736 -0.7969 -0.3749
vn 0.4350 -0.8180 -0.3763
vn 0.4350 -0.8181 -0.3763
vn 0.3999 -0.8355 -0.3770
vn 0.3999 -0.8355 -0.3768
vn 0.3999 -0.8354 -0.3770
vn 0.3669 -0.8499 -0.3782
vn 0.3669 -0.8500 -0.3780
vn 0.3669 -0.8500 -0.3781
vn 0.3351 -0.8620 -0.3803
vn 0.3350 -0.8621 -0.3802
vn 0.3352 -0.8619 -0.3804
vn 0.3035 -0.8728 -0.3823
vn 0.3035 -0.8728 -0.3824
vn 0.3035 -0.8726 -0.3827
vn 0.3035 -0.8727 -0.3825
vn 0.2728 -0.8818 -0.3847
vn 0.2728 -0.8818 -0.3848
vn 0.2421 -0.8895 -0.3874
vn 0.2422 -0.8896 -0.3874
vn 0.2106 -0.8963 -0.3902
vn 0.1774 -0.9027 -0.3921
vn 0.1415 -0.9090 -0.3920
vn 0.0961 -0.9155 -0.3907
vn 0.5715 -0.7064 -0.4177
vn 0.5172 -0.7407 -0.4289
vn 0.5172 -0.7406 -0.4289
vn 0.4699 -0.7682 -0.4347
vn 0.4699 -0.7683 -0.4347
vn 0.4279 -0.7907 -0.4377
vn 0.4279 -0.7908 -0.4377
vn 0.3897 -0.8091 -0.4399
vn 0.3898 -0.8091 -0.4399
vn 0.3897 -0.8090 -0.4401
vn 0.3541 -0.8242 -0.4420
vn 0.3200 -0.8368 -0.4442
vn 0.3200 -0.8369 -0.4442
vn 0.3199 -0.8369 -0.4442
vn 0.2864 -0.8480 -0.4460
vn 0.2864 -0.8479 -0.4460
vn 0.2540 -0.8575 -0.4475
vn 0.2215 -0.8657 -0.4488
vn 0.2215 -0.8657 -0.4489
vn 0.1882 -0.8731 -0.4498
vn 0.1882 -0.8730 -0.4499
vn 0.1533 -0.8799 -0.4498
vn 0.1140 -0.8862 -0.4491
vn 0.0613 -0.8920 -0.4478
vn 0.0612 -0.8920 -0.4478
vn 0.5709 -0.6696 -0.4750
vn 0.5131 -0.7067 -0.4872
vn 0.5131 -0.7066 -0.4872
vn 0.4625 -0.7358 -0.4946
vn 0.4176 -0.7591 -0.4993
vn 0.4176 -0.7592 -0.4993
vn 0.4175 -0.7591 -0.4994
vn 0.3767 -0.7780 -0.5028
vn 0.3767 -0.7781 -0.5027
vn 0.3766 -0.7781 -0.5028
vn 0.3387 -0.7936 -0.5055
vn 0.3387 -0.7935 -0.5056
vn 0.3388 -0.7935 -0.5056
vn 0.3024 -0.8066 -0.5078
vn 0.3024 -0.8067 -0.5078
vn 0.2673 -0.8181 -0.5091
vn 0.2673 -0.8182 -0.5091
vn 0.2673 -0.8182 -0.5090
vn 0.2334 -0.8280 -0.5098
vn 0.2334 -0.8280 -0.5097
vn 0.1995 -0.8370 -0.5096
vn 0.1995 -0.8369 -0.5097
vn 0.1996 -0.8370 -0.5096
vn 0.1996 -0.8370 -0.5095
vn 0.1649 -0.8449 -0.5089
vn 0.1286 -0.8523 -0.5070
vn 0.1285 -0.8523 -0.5070
vn 0.0861 -0.8588 -0.5050
vn 0.0862 -0.8588 -0.5050
vn 0.0274 -0.8641 -0.5027
vn 0.0274 -0.8640 -0.5027
vn 0.0274 -0.8641 -0.5026
vn 0.5644 -0.6300 -0.5334
vn 0.5039 -0.6694 -0.5458
vn 0.5039 -0.6695 -0.5458
vn 0.5039 -0.6694 -0.5460
vn 0.4508 -0.6997 -0.5543
vn 0.4507 -0.6998 -0.5542
vn 0.4508 -0.6996 -0.5544
vn 0.4035 -0.7238 -0.5598
vn 0.4035 -0.7237 -0.5598
vn 0.3605 -0.7431 -0.5639
vn 0.3605 -0.7430 -0.5639
vn 0.3605 -0.7431 -0.5638
vn 0.3208 -0.7589 -0.5667
vn 0.3208 -0.7589 -0.5666
vn 0.2832 -0.7724 -0.5686
vn 0.2832 -0.7723 -0.5686
vn 0.2468 -0.7841 -0.5695
vn 0.2469 -0.7840 -0.5695
vn 0.2472 -0.7841 -0.5693
vn 0.2116 -0.7944 -0.5694
vn 0.1768 -0.8036 -0.5683
vn 0.1768 -0.8036 -0.5684
vn 0.1768 -0.8035 -0.5684
vn 0.1412 -0.8120 -0.5664
vn 0.1412 -0.8119 -0.5664
vn 0.1038 -0.8198 -0.5632
vn 0.0592 -0.8268 -0.5594
vn -0.0033 -0.8321 -0.5546
vn 0.5506 -0.5881 -0.5925
vn 0.4888 -0.6293 -0.6042
vn 0.4342 -0.6605 -0.6125
vn 0.4342 -0.6606 -0.6125
vn 0.4342 -0.6606 -0.6124
vn 0.3854 -0.6849 -0.6184
vn 0.3855 -0.6849 -0.6184
vn 0.3414 -0.7043 -0.6224
vn 0.3414 -0.7043 -0.6225
vn 0.3005 -0.7204 -0.6250
vn 0.3006 -0.7205 -0.6250
vn 0.2621 -0.7342 -0.6263
vn 0.2250 -0.7461 -0.6267
vn 0.2250 -0.7460 -0.6267
vn 0.2251 -0.7462 -0.6266
vn 0.1891 -0.7565 -0.6261
vn 0.1535 -0.7657 -0.6246
vn 0.1174 -0.7741 -0.6221
vn 0.1174 -0.7742 -0.6220
vn 0.1174 -0.7741 -0.6220
vn 0.0796 -0.7821 -0.6180
vn 0.0797 -0.7823 -0.6178
vn 0.0796 -0.7822 -0.6179
vn 0.0342 -0.7899 -0.6123
vn 0.0342 -0.7899 -0.6122
vn 0.0344 -0.7897 -0.6125
vn -0.0296 -0.7961 -0.6045
vn -0.0297 -0.7960 -0.6045
vn -0.0298 -0.7959 -0.6046
vn 0.5290 -0.5434 -0.6519
vn 0.4668 -0.5853 -0.6630
vn 0.4117 -0.6161 -0.6716
vn 0.4117 -0.6161 -0.6715
vn 0.4117 -0.6160 -0.6716
vn 0.4116 -0.6161 -0.6716
vn 0.3622 -0.6397 -0.6779
vn 0.3622 -0.6397 -0.6780
vn 0.3174 -0.6586 -0.6823
vn 0.2762 -0.6745 -0.6847
vn 0.2762 -0.6746 -0.6846
vn 0.2763 -0.6745 -0.6846
vn 0.2762 -0.6744 -0.6847
vn 0.2372 -0.6882 -0.6857
vn 0.2374 -0.6883 -0.6855
vn 0.2373 -0.6882 -0.6856
vn 0.2000 -0.7003 -0.6853
vn 0.2000 -0.7004 -0.6852
vn 0.2000 -0.7003 -0.6852
vn 0.1639 -0.7107 -0.6842
vn 0.1639 -0.7108 -0.6841
vn 0.1639 -0.7108 -0.6840
vn 0.1638 -0.7109 -0.6840
vn 0.1284 -0.7205 -0.6815
vn 0.0925 -0.7295 -0.6777
vn 0.0926 -0.7295 -0.6776
vn 0.0926 -0.7295 -0.6777
vn 0.0550 -0.7379 -0.6727
vn 0.0111 -0.7471 -0.6646
vn 0.0111 -0.7472 -0.6646
vn -0.0514 -0.7553 -0.6533
vn -0.0514 -0.7554 -0.6533
vn 0.4992 -0.4954 -0.7109
vn 0.4378 -0.5366 -0.7214
vn 0.4378 -0.5365 -0.7214
vn 0.3828 -0.5657 -0.7304
vn 0.3333 -0.5874 -0.7375
vn 0.3333 -0.5873 -0.7375
vn 0.2884 -0.6048 -0.7424
vn 0.2883 -0.6047 -0.7424
vn 0.2471 -0.6197 -0.7449
vn 0.2084 -0.6332 -0.7454
vn 0.2085 -0.6334 -0.7452
vn 0.2083 -0.6332 -0.7454
vn 0.1711 -0.6455 -0.7443
vn 0.1712 -0.6456 -0.7443
vn 0.1710 -0.6458 -0.7441
vn 0.1712 -0.6455 -0.7443
vn 0.1357 -0.6565 -0.7420
vn 0.1356 -0.6565 -0.7420
vn 0.1009 -0.6670 -0.7382
vn 0.1009 -0.6669 -0.7382
vn 0.1010 -0.6670 -0.7382
vn 0.0662 -0.6772 -0.7329
vn 0.0662 -0.6771 -0.7329
vn 0.0302 -0.6868 -0.7262
vn 0.0301 -0.6868 -0.7262
vn -0.0106 -0.6975 -0.7165
vn -0.0696 -0.7081 -0.7027
vn -0.0696 -0.7080 -0.7027
vn 0.4613 -0.4423 -0.7691
vn 0.4613 -0.4424 -0.7691
vn 0.4019 -0.4817 -0.7787
vn 0.4019 -0.4817 -0.7788
vn 0.3480 -0.5085 -0.7876
vn 0.2990 -0.5278 -0.7950
vn 0.2545 -0.5431 -0.8002
vn 0.2137 -0.5567 -0.8027
vn 0.2137 -0.5568 -0.8027
vn 0.1757 -0.5698 -0.8027
vn 0.1758 -0.5699 -0.8027
vn 0.1758 -0.5698 -0.8028
vn 0.1757 -0.5698 -0.8028
vn 0.1390 -0.5825 -0.8009
vn 0.1390 -0.5824 -0.8009
vn 0.1392 -0.5827 -0.8006
vn 0.1393 -0.5828 -0.8006
vn 0.1048 -0.5941 -0.7975
vn 0.1048 -0.5941 -0.7976
vn 0.0717 -0.6057 -0.7924
vn 0.0390 -0.6176 -0.7855
vn 0.0050 -0.6290 -0.7774
vn -0.0325 -0.6405 -0.7673
vn -0.0856 -0.6528 -0.7527
vn 0.4157 -0.3831 -0.8249
vn 0.3593 -0.4196 -0.8336
vn 0.3074 -0.4439 -0.8417
vn 0.2597 -0.4611 -0.8485
vn 0.2166 -0.4745 -0.8532
vn 0.2166 -0.4744 -0.8532
vn 0.1772 -0.4869 -0.8553
vn 0.1771 -0.4869 -0.8553
vn 0.1405 -0.4998 -0.8547
vn 0.1404 -0.4997 -0.8547
vn 0.1052 -0.5125 -0.8522
vn 0.1053 -0.5126 -0.8522
vn 0.0723 -0.5252 -0.8479
vn 0.0724 -0.5251 -0.8479
vn 0.0724 -0.5252 -0.8479
vn 0.0414 -0.5382 -0.8418
vn 0.0110 -0.5517 -0.8340
vn -0.0207 -0.5646 -0.8251
vn -0.0554 -0.5762 -0.8154
vn -0.0554 -0.5763 -0.8154
vn -0.1007 -0.5893 -0.8016
vn 0.3659 -0.3214 -0.8734
vn 0.3659 -0.3213 -0.8734
vn 0.3123 -0.3517 -0.8825
vn 0.2628 -0.3722 -0.8902
vn 0.2173 -0.3879 -0.8957
vn 0.1763 -0.4004 -0.8992
vn 0.1762 -0.4003 -0.8993
vn 0.1389 -0.4124 -0.9003
vn 0.1040 -0.4254 -0.8990
vn 0.1041 -0.4255 -0.8990
vn 0.0704 -0.4388 -0.8958
vn 0.0704 -0.4389 -0.8958
vn 0.0393 -0.4522 -0.8910
vn 0.0393 -0.4522 -0.8911
vn 0.0104 -0.4662 -0.8846
vn 0.0105 -0.4662 -0.8846
vn -0.0178 -0.4809 -0.8766
vn -0.0470 -0.4954 -0.8674
vn -0.0470 -0.4953 -0.8674
vn -0.0784 -0.5083 -0.8576
vn -0.0783 -0.5083 -0.8576
vn -0.1157 -0.5222 -0.8450
vn -0.1157 -0.5222 -0.8449
vn -0.1156 -0.5222 -0.8450
vn 0.3127 -0.2543 -0.9152
vn 0.3127 -0.2542 -0.9152
vn 0.2621 -0.2764 -0.9246
vn 0.2161 -0.2941 -0.9310
vn 0.1736 -0.3097 -0.9349
vn 0.1736 -0.3096 -0.9349
vn 0.1354 -0.3231 -0.9366
vn 0.1353 -0.3231 -0.9366
vn 0.1007 -0.3361 -0.9364
vn 0.1007 -0.3362 -0.9364
vn 0.0678 -0.3498 -0.9344
vn 0.0678 -0.3497 -0.9344
vn 0.0678 -0.3499 -0.9343
vn 0.0680 -0.3501 -0.9343
vn 0.0361 -0.3640 -0.9307
vn 0.0359 -0.3638 -0.9308
vn 0.0360 -0.3639 -0.9307
vn 0.0068 -0.3781 -0.9258
vn 0.0068 -0.3781 -0.9257
vn -0.0204 -0.3924 -0.9195
vn -0.0204 -0.3924 -0.9196
vn -0.0204 -0.3925 -0.9195
vn -0.0470 -0.4074 -0.9120
vn -0.0470 -0.4075 -0.9120
vn -0.0744 -0.4224 -0.9034
vn -0.1023 -0.4369 -0.8937
vn -0.1326 -0.4523 -0.8820
vn -0.1325 -0.4523 -0.8820
vn 0.5640 -0.8128 -0.1458
vn 0.5305 -0.8346 -0.1480
vn 0.5306 -0.8346 -0.1480
vn 0.5009 -0.8530 -0.1468
vn 0.5010 -0.8529 -0.1468
vn 0.5010 -0.8530 -0.1466
vn 0.5009 -0.8530 -0.1467
vn 0.4726 -0.8688 -0.1477
vn 0.4724 -0.8689 -0.1477
vn 0.4726 -0.8688 -0.1476
vn 0.4727 -0.8688 -0.1475
vn 0.4450 -0.8830 -0.1489
vn 0.4451 -0.8831 -0.1487
vn 0.4451 -0.8830 -0.1489
vn 0.4450 -0.8830 -0.1490
vn 0.4196 -0.8951 -0.1505
vn 0.4197 -0.8951 -0.1505
vn 0.4194 -0.8952 -0.1506
vn 0.3956 -0.9057 -0.1524
vn 0.3955 -0.9057 -0.1526
vn 0.3717 -0.9154 -0.1546
vn 0.3715 -0.9154 -0.1547
vn 0.3716 -0.9154 -0.1547
vn 0.3716 -0.9154 -0.1546
vn 0.3473 -0.9245 -0.1572
vn 0.3473 -0.9245 -0.1571
vn 0.3238 -0.9325 -0.1600
vn 0.3239 -0.9325 -0.1600
vn 0.3237 -0.9326 -0.1599
vn 0.3237 -0.9325 -0.1602
vn 0.3010 -0.9396 -0.1631
vn 0.3012 -0.9395 -0.1630
vn 0.2778 -0.9461 -0.1662
vn 0.2532 -0.9525 -0.1691
vn 0.2532 -0.9525 -0.1690
vn 0.2532 -0.9525 -0.1692
vn 0.2532 -0.9525 -0.1693
vn 0.2280 -0.9583 -0.1722
vn 0.2281 -0.9583 -0.1722
vn 0.2021 -0.9633 -0.1765
vn 0.1742 -0.9688 -0.1762
vn 0.1503 -0.9632 -0.2227
vn 0.1215 -0.9550 -0.2704
vn 0.1215 -0.9551 -0.2703
vn 0.0860 -0.9412 -0.3267
vn 0.0456 -0.9200 -0.3892
vn 0.0455 -0.9200 -0.3892
vn 0.0049 -0.8932 -0.4496
vn -0.0323 -0.8631 -0.5041
vn -0.0323 -0.8630 -0.5041
vn -0.0629 -0.8318 -0.5515
vn -0.0867 -0.7985 -0.5957
vn -0.0867 -0.7986 -0.5956
vn -0.1053 -0.7617 -0.6394
vn -0.1053 -0.7616 -0.6394
vn -0.1054 -0.7617 -0.6394
vn -0.1053 -0.7617 -0.6393
vn -0.1209 -0.7178 -0.6856
vn -0.1209 -0.7179 -0.6856
vn -0.1358 -0.6643 -0.7350
vn -0.1358 -0.6644 -0.7350
vn -0.1497 -0.6009 -0.7852
vn -0.1612 -0.5322 -0.8311
vn -0.1712 -0.4633 -0.8695
vn -0.1712 -0.4632 -0.8695
vn -0.1840 -0.3917 -0.9015
vn -0.1542 -0.3780 -0.9129
vn -0.1292 -0.3617 -0.9233
vn -0.1031 -0.3480 -0.9318
vn -0.0766 -0.3339 -0.9395
vn -0.0765 -0.3340 -0.9395
vn -0.0507 -0.3199 -0.9461
vn -0.0507 -0.3198 -0.9461
vn -0.0245 -0.3058 -0.9518
vn -0.0246 -0.3057 -0.9518
vn 0.0032 -0.2908 -0.9568
vn 0.0034 -0.2911 -0.9567
vn 0.0335 -0.2760 -0.9606
vn 0.0335 -0.2759 -0.9606
vn 0.0642 -0.2608 -0.9633
vn 0.0641 -0.2607 -0.9633
vn 0.0641 -0.2609 -0.9632
vn 0.0960 -0.2450 -0.9648
vn 0.0962 -0.2453 -0.9647
vn 0.0961 -0.2450 -0.9647
vn 0.0960 -0.2449 -0.9648
vn 0.1313 -0.2292 -0.9645
vn 0.1313 -0.2291 -0.9645
vn 0.1703 -0.2109 -0.9626
vn 0.1703 -0.2110 -0.9625
vn 0.2117 -0.1918 -0.9583
vn 0.2573 -0.1755 -0.9503
vn 0.2573 -0.1754 -0.9503
vn 0.3059 -0.1491 -0.9403
vn 0.3059 -0.1492 -0.9403
vn 0.3646 -0.2145 -0.9061
vn 0.3646 -0.2146 -0.9061
vn 0.4207 -0.2703 -0.8660
vn 0.4206 -0.2703 -0.8660
vn 0.4753 -0.3259 -0.8172
vn 0.5258 -0.3826 -0.7597
vn 0.5671 -0.4353 -0.6992
vn 0.5989 -0.4845 -0.6376
vn 0.6211 -0.5319 -0.5756
vn 0.6337 -0.5778 -0.5143
vn 0.6337 -0.5777 -0.5144
vn 0.6337 -0.5778 -0.5144
vn 0.6376 -0.6219 -0.4547
vn 0.6341 -0.6634 -0.3972
vn 0.6249 -0.7024 -0.3409
vn 0.6113 -0.7379 -0.2861
vn 0.5953 -0.7677 -0.2370
vn 0.5953 -0.7678 -0.2370
vn 0.5789 -0.7924 -0.1922
vn 0.5789 -0.7925 -0.1922
vn 0.1048 -0.9849 0.1375
vn 0.1048 -0.9849 0.1376
vn 0.0502 -0.9810 0.1874
vn -0.0254 -0.9701 0.2414
vn -0.1100 -0.9492 0.2947
vn -0.1910 -0.9136 0.3589
vn -0.1911 -0.9136 0.3588
vn -0.2536 -0.8731 0.4164
vn -0.3019 -0.8314 0.4665
vn 0.0798 -0.9921 0.0963
vn -0.0006 -0.9904 0.1380
vn -0.1052 -0.9721 0.2095
vn -0.1973 -0.9416 0.2730
vn -0.2763 -0.9022 0.3313
vn -0.2763 -0.9021 0.3313
vn -0.3422 -0.8554 0.3889
vn -0.3421 -0.8554 0.3889
vn -0.3973 -0.8020 0.4460
vn 0.0507 -0.9966 0.0650
vn 0.0506 -0.9966 0.0650
vn -0.0461 -0.9931 0.1080
vn -0.1653 -0.9713 0.1711
vn -0.2719 -0.9349 0.2282
vn -0.3606 -0.8895 0.2807
vn -0.3607 -0.8895 0.2807
vn -0.4385 -0.8323 0.3390
vn -0.4386 -0.8323 0.3390
vn -0.5053 -0.7617 0.4057
vn -0.5053 -0.7616 0.4057
vn 0.0299 -0.9989 0.0363
vn -0.0869 -0.9929 0.0815
vn -0.2270 -0.9656 0.1268
vn -0.2271 -0.9656 0.1268
vn -0.3521 -0.9220 0.1611
vn -0.4629 -0.8647 0.1950
vn -0.5672 -0.7866 0.2438
vn -0.5672 -0.7867 0.2438
vn -0.6522 -0.6896 0.3148
vn 0.0156 -0.9995 0.0271
vn 0.0106 -0.9996 0.0264
vn 0.0080 -0.9997 0.0220
vn -0.1300 -0.9895 0.0628
vn -0.2945 -0.9520 0.0837
vn -0.2944 -0.9520 0.0837
vn -0.4372 -0.8949 0.0893
vn -0.5702 -0.8157 0.0976
vn -0.6945 -0.7084 0.1257
vn -0.8960 -0.3963 0.2005
vn -0.8960 -0.3963 0.2004
vn 0.0049 -0.9998 0.0215
vn 0.0035 -0.9999 0.0137
vn -0.1769 -0.9829 0.0510
vn -0.3617 -0.9311 0.0468
vn -0.5140 -0.8573 0.0292
vn -0.6553 -0.7552 0.0170
vn -0.8977 -0.4394 -0.0306
vn -0.8978 -0.4394 -0.0306
vn -0.8978 -0.4394 -0.0305
vn -0.2833 -0.3714 0.8842
vn -0.2832 -0.3714 0.8842
vn -0.3547 -0.3222 0.8777
vn -0.3547 -0.3223 0.8777
vn -0.5125 -0.2631 0.8174
vn -0.5126 -0.2631 0.8173
vn -0.2984 -0.4642 0.8340
vn -0.2983 -0.4642 0.8340
vn -0.2983 -0.4641 0.8340
vn -0.4337 -0.3993 0.8077
vn -0.4337 -0.3993 0.8078
vn -0.5648 -0.2322 0.7919
vn -0.5649 -0.2322 0.7918
vn -0.5648 -0.2323 0.7918
vn -0.3431 -0.5351 0.7720
vn -0.3431 -0.5350 0.7720
vn -0.4924 -0.4865 0.7217
vn -0.4925 -0.4865 0.7217
vn -0.4924 -0.4866 0.7217
vn -0.5843 -0.4127 0.6988
vn -0.5844 -0.4126 0.6988
vn -0.6711 -0.1746 0.7206
vn -0.6710 -0.1746 0.7206
vn -0.6711 -0.1745 0.7206
vn -0.3865 -0.6022 0.6986
vn -0.3864 -0.6022 0.6986
vn -0.5094 -0.5510 0.6610
vn -0.5985 -0.4745 0.6455
vn -0.8085 -0.3664 0.4606
vn -0.8084 -0.3664 0.4606
vn -0.3883 -0.6809 0.6209
vn -0.5023 -0.6188 0.6040
vn -0.5024 -0.6187 0.6040
vn -0.5968 -0.5394 0.5940
vn -0.7484 -0.2373 0.6193
vn -0.7484 -0.2374 0.6193
vn -0.3687 -0.7408 0.5615
vn -0.3686 -0.7409 0.5615
vn -0.4774 -0.6848 0.5506
vn -0.4774 -0.6847 0.5506
vn -0.5816 -0.6117 0.5363
vn -0.8069 -0.5651 0.1720
vn -0.2681 -0.4090 -0.8722
vn -0.2679 -0.5013 -0.8228
vn -0.2679 -0.5014 -0.8227
vn -0.2678 -0.5013 -0.8228
vn -0.2679 -0.5013 -0.8227
vn -0.2690 -0.5902 -0.7611
vn -0.2691 -0.5902 -0.7611
vn -0.2736 -0.6674 -0.6926
vn -0.2797 -0.7265 -0.6277
vn -0.2830 -0.7680 -0.5745
vn -0.2833 -0.7679 -0.5745
vn -0.2785 -0.7997 -0.5319
vn -0.3173 -0.3687 -0.8737
vn -0.3173 -0.3686 -0.8737
vn -0.3495 -0.4604 -0.8160
vn -0.3495 -0.4605 -0.8160
vn -0.3877 -0.5501 -0.7397
vn -0.3877 -0.5500 -0.7397
vn -0.4188 -0.6310 -0.6530
vn -0.4184 -0.6313 -0.6530
vn -0.4342 -0.6929 -0.5756
vn -0.4342 -0.6929 -0.5757
vn -0.4342 -0.7394 -0.5145
vn -0.4342 -0.7395 -0.5145
vn -0.4240 -0.7764 -0.4663
vn -0.4789 -0.2841 -0.8306
vn -0.5047 -0.2304 -0.8320
vn -0.5302 -0.4793 -0.6994
vn -0.5301 -0.4794 -0.6994
vn -0.7433 -0.5949 -0.3059
vn -0.7433 -0.5949 -0.3058
vn -0.6872 -0.4060 -0.6024
vn -0.5749 -0.6782 -0.4578
vn -0.5748 -0.6782 -0.4578
vn -0.5547 -0.7310 -0.3973
vn -0.5548 -0.7310 -0.3973
vn -0.4902 -0.4857 -0.7237
vn -0.4903 -0.4857 -0.7237
vn -0.4901 -0.4858 -0.7237
vn -0.7746 -0.6193 0.1283
vn -0.7747 -0.6192 0.1282
vn -0.8239 -0.4081 -0.3932
vn -0.8239 -0.4081 -0.3933
vn -0.8239 -0.4080 -0.3933
vn 0.1020 -0.9829 -0.1533
vn 0.1021 -0.9829 -0.1533
vn 0.0823 -0.9901 -0.1137
vn 0.0658 -0.9942 -0.0846
vn 0.0525 -0.9969 -0.0581
vn 0.0383 -0.9988 -0.0316
vn 0.0229 -0.9997 -0.0103
vn 0.0067 -0.9999 0.0105
vn 0.0058 -1.0000 0.0075
vn 0.0094 -0.9999 0.0045
vn 0.0508 -0.9772 -0.2063
vn 0.0173 -0.9865 -0.1631
vn 0.0174 -0.9865 -0.1631
vn -0.0242 -0.9912 -0.1305
vn -0.0242 -0.9912 -0.1304
vn -0.0923 -0.9900 -0.1065
vn -0.0922 -0.9900 -0.1064
vn -0.1740 -0.9809 -0.0875
vn -0.1738 -0.9809 -0.0874
vn -0.1739 -0.9809 -0.0874
vn -0.2310 -0.9717 -0.0497
vn -0.2309 -0.9717 -0.0497
vn -0.2440 -0.9698 -0.0016
vn -0.2439 -0.9698 -0.0016
vn -0.2438 -0.9698 -0.0015
vn -0.0152 -0.9614 -0.2747
vn -0.0936 -0.9646 -0.2464
vn -0.2057 -0.9532 -0.2214
vn -0.2057 -0.9533 -0.2214
vn -0.3173 -0.9330 -0.1696
vn -0.3871 -0.9142 -0.1202
vn -0.3872 -0.9141 -0.1202
vn -0.4289 -0.9003 -0.0739
vn -0.4287 -0.9004 -0.0740
vn -0.4401 -0.8975 -0.0277
vn -0.4400 -0.8975 -0.0277
vn -0.0984 -0.9300 -0.3542
vn -0.2198 -0.9227 -0.3166
vn -0.2198 -0.9228 -0.3166
vn -0.3481 -0.8993 -0.2647
vn -0.4469 -0.8713 -0.2028
vn -0.5156 -0.8445 -0.1447
vn -0.5624 -0.8218 -0.0915
vn -0.5827 -0.8113 -0.0470
vn -0.5826 -0.8114 -0.0471
vn -0.5827 -0.8114 -0.0470
vn -0.1743 -0.8928 -0.4153
vn -0.3127 -0.8780 -0.3623
vn -0.4373 -0.8490 -0.2966
vn -0.5342 -0.8140 -0.2281
vn -0.6109 -0.7748 -0.1627
vn -0.6701 -0.7352 -0.1021
vn -0.7052 -0.7070 -0.0541
vn -0.7051 -0.7070 -0.0541
vn -0.2306 -0.8558 -0.4630
vn -0.3728 -0.8375 -0.3996
vn -0.4958 -0.8047 -0.3266
vn -0.4957 -0.8047 -0.3266
vn -0.5955 -0.7628 -0.2522
vn -0.6798 -0.7116 -0.1775
vn -0.8881 -0.4576 -0.0433
vn -0.8881 -0.4577 -0.0433
vn -0.8595 -0.4578 -0.2272
vn -0.8595 -0.4578 -0.2273
vn -0.3409 -0.7863 0.5152
vn -0.3409 -0.7864 0.5152
vn -0.4430 -0.7435 0.5010
vn -0.5529 -0.6853 0.4740
vn -0.5529 -0.6853 0.4739
vn -0.5530 -0.6853 0.4739
vn -0.8127 -0.3639 0.4550
vn -0.8127 -0.3640 0.4550
vn -0.2612 -0.8287 -0.4949
vn -0.2612 -0.8288 -0.4949
vn -0.2613 -0.8287 -0.4949
vn -0.4045 -0.8079 -0.4287
vn -0.4045 -0.8078 -0.4287
vn -0.5294 -0.7708 -0.3543
vn -0.5295 -0.7708 -0.3542
vn -0.5294 -0.7709 -0.3543
vn -0.6329 -0.7225 -0.2783
vn -0.6327 -0.7227 -0.2784
vn -0.6327 -0.7227 -0.2783
vn -0.8397 -0.5026 -0.2059
vn -0.8397 -0.5025 -0.2059
vn -0.8396 -0.5026 -0.2059
vn -0.2201 -0.9750 0.0293
vn -0.2200 -0.9751 0.0292
vn -0.2200 -0.9751 0.0293
vn -0.4153 -0.9097 0.0091
vn -0.4153 -0.9096 0.0091
vn -0.5666 -0.8239 -0.0166
vn -0.5666 -0.8238 -0.0166
vn -0.7015 -0.7118 -0.0352
vn -0.8798 -0.4548 0.1381
vn -0.8798 -0.4547 0.1381
vn 0.1558 -0.9787 0.1338
vn 0.1238 -0.9759 0.1796
vn 0.0905 -0.9700 0.2256
vn 0.0906 -0.9700 0.2256
vn 0.0489 -0.9590 0.2793
vn -0.0044 -0.9405 0.3398
vn -0.0045 -0.9405 0.3398
vn -0.0646 -0.9161 0.3956
vn -0.1222 -0.8874 0.4445
vn -0.1704 -0.8524 0.4943
vn 0.1476 -0.9843 0.0965
vn 0.1377 -0.9881 0.0683
vn 0.1376 -0.9881 0.0683
vn 0.1232 -0.9915 0.0421
vn 0.1042 -0.9943 0.0216
vn 0.1041 -0.9943 0.0216
vn 0.0867 -0.9962 0.0052
vn 0.0898 -0.9959 0.0108
vn 0.0882 -0.9961 0.0088
vn 0.0852 -0.9964 0.0036
vn 0.0863 -0.9963 0.0002
vn 0.0858 -0.9963 -0.0018
vn 0.0866 -0.9962 -0.0046
vn -0.2365 -0.3460 0.9079
vn -0.2365 -0.3461 0.9079
vn -0.2746 -0.2980 0.9142
vn -0.3059 -0.2626 0.9152
vn -0.3058 -0.2626 0.9151
vn -0.3058 -0.2626 0.9152
vn -0.3538 -0.1911 0.9156
vn -0.2303 -0.4194 0.8781
vn -0.2234 -0.4891 0.8431
vn -0.2234 -0.4890 0.8432
vn -0.2234 -0.4891 0.8432
vn -0.2149 -0.5632 0.7979
vn -0.2148 -0.5632 0.7979
vn -0.2059 -0.6510 0.7306
vn -0.2117 -0.7142 0.6671
vn -0.2117 -0.7143 0.6671
vn -0.2173 -0.7631 0.6086
vn -0.2173 -0.7632 0.6086
vn -0.2044 -0.8096 0.5503
vn -0.2272 -0.3677 -0.9018
vn -0.2272 -0.3676 -0.9018
vn -0.2196 -0.4482 -0.8665
vn -0.2196 -0.4483 -0.8665
vn -0.2099 -0.5269 -0.8236
vn -0.1992 -0.6023 -0.7730
vn -0.1888 -0.6701 -0.7179
vn -0.1888 -0.6700 -0.7179
vn -0.1800 -0.7256 -0.6642
vn -0.1800 -0.7255 -0.6642
vn -0.1718 -0.7679 -0.6171
vn -0.1719 -0.7679 -0.6171
vn -0.1603 -0.8018 -0.5758
vn -0.1603 -0.8017 -0.5758
vn -0.2626 -0.3256 -0.9083
vn -0.2920 -0.2922 -0.9107
vn -0.2920 -0.2923 -0.9107
vn -0.3546 -0.1314 -0.9257
vn -0.3546 -0.1313 -0.9257
vn -0.3546 -0.1315 -0.9257
vn 0.1544 -0.9767 -0.1492
vn 0.1544 -0.9767 -0.1491
vn 0.1458 -0.9830 -0.1120
vn 0.1349 -0.9874 -0.0827
vn 0.1220 -0.9908 -0.0587
vn 0.1107 -0.9931 -0.0386
vn 0.1016 -0.9946 -0.0221
vn 0.0964 -0.9953 -0.0128
vn 0.0977 -0.9950 -0.0186
vn 0.0917 -0.9957 -0.0099
vn 0.0899 -0.9959 -0.0057
vn 0.1226 -0.9730 -0.1956
vn 0.0862 -0.9649 -0.2479
vn 0.0408 -0.9497 -0.3105
vn -0.0121 -0.9250 -0.3797
vn -0.0649 -0.8940 -0.4434
vn -0.0649 -0.8939 -0.4434
vn -0.1103 -0.8609 -0.4966
vn -0.1405 -0.8324 -0.5360
vn -0.1406 -0.8324 -0.5360
vn 0.1828 -0.9597 0.2136
vn 0.2128 -0.9540 0.2112
vn 0.2127 -0.9540 0.2112
vn 0.2408 -0.9482 0.2071
vn 0.2675 -0.9420 0.2027
vn 0.2926 -0.9355 0.1981
vn 0.3171 -0.9283 0.1942
vn 0.3419 -0.9201 0.1911
vn 0.3418 -0.9202 0.1911
vn 0.3417 -0.9202 0.1909
vn 0.3676 -0.9107 0.1887
vn 0.3675 -0.9107 0.1886
vn 0.3676 -0.9107 0.1886
vn 0.3676 -0.9107 0.1885
vn 0.3928 -0.9004 0.1870
vn 0.3928 -0.9004 0.1872
vn 0.3928 -0.9004 0.1871
vn 0.3927 -0.9004 0.1869
vn 0.4183 -0.8889 0.1867
vn 0.4183 -0.8889 0.1868
vn 0.4453 -0.8756 0.1869
vn 0.4454 -0.8756 0.1868
vn 0.4453 -0.8757 0.1870
vn 0.4747 -0.8599 0.1876
vn 0.4747 -0.8599 0.1875
vn 0.5064 -0.8415 0.1882
vn 0.5413 -0.8195 0.1881
vn 0.1589 -0.9513 0.2643
vn 0.1917 -0.9448 0.2657
vn 0.2226 -0.9389 0.2627
vn 0.2518 -0.9327 0.2581
vn 0.2793 -0.9263 0.2530
vn 0.3059 -0.9190 0.2487
vn 0.3328 -0.9105 0.2455
vn 0.3330 -0.9104 0.2454
vn 0.3329 -0.9105 0.2454
vn 0.3327 -0.9105 0.2453
vn 0.3599 -0.9007 0.2432
vn 0.3600 -0.9007 0.2431
vn 0.3600 -0.9007 0.2433
vn 0.3601 -0.9006 0.2433
vn 0.3874 -0.8896 0.2417
vn 0.3874 -0.8897 0.2414
vn 0.3874 -0.8897 0.2416
vn 0.3874 -0.8896 0.2418
vn 0.4151 -0.8771 0.2417
vn 0.4151 -0.8771 0.2416
vn 0.4152 -0.8770 0.2418
vn 0.4444 -0.8623 0.2429
vn 0.4444 -0.8623 0.2430
vn 0.4768 -0.8445 0.2438
vn 0.5124 -0.8235 0.2436
vn 0.5525 -0.7984 0.2394
vn 0.1320 -0.9392 0.3169
vn 0.1679 -0.9320 0.3212
vn 0.2015 -0.9257 0.3201
vn 0.2015 -0.9257 0.3202
vn 0.2331 -0.9195 0.3164
vn 0.2631 -0.9130 0.3118
vn 0.2920 -0.9055 0.3078
vn 0.2920 -0.9055 0.3079
vn 0.3209 -0.8967 0.3048
vn 0.3506 -0.8863 0.3025
vn 0.3507 -0.8863 0.3025
vn 0.3803 -0.8745 0.3011
vn 0.3803 -0.8745 0.3010
vn 0.4104 -0.8608 0.3009
vn 0.4105 -0.8608 0.3009
vn 0.4427 -0.8443 0.3019
vn 0.4783 -0.8245 0.3023
vn 0.5180 -0.8010 0.3001
vn 0.5633 -0.7728 0.2924
vn 0.1026 -0.9221 0.3732
vn 0.1026 -0.9220 0.3732
vn 0.1418 -0.9145 0.3788
vn 0.1781 -0.9081 0.3791
vn 0.2121 -0.9017 0.3767
vn 0.2443 -0.8949 0.3734
vn 0.2754 -0.8871 0.3704
vn 0.2754 -0.8871 0.3703
vn 0.3065 -0.8778 0.3682
vn 0.3063 -0.8778 0.3684
vn 0.3062 -0.8778 0.3685
vn 0.3381 -0.8670 0.3661
vn 0.3383 -0.8670 0.3659
vn 0.3379 -0.8670 0.3663
vn 0.3705 -0.8546 0.3639
vn 0.3703 -0.8546 0.3640
vn 0.3704 -0.8545 0.3641
vn 0.3705 -0.8544 0.3642
vn 0.4036 -0.8397 0.3633
vn 0.4391 -0.8218 0.3632
vn 0.4780 -0.8001 0.3624
vn 0.4780 -0.8001 0.3625
vn 0.5219 -0.7738 0.3589
vn 0.5721 -0.7421 0.3494
vn 0.5721 -0.7420 0.3494
vn 0.0727 -0.9000 0.4297
vn 0.0727 -0.9001 0.4297
vn 0.1148 -0.8925 0.4362
vn 0.1149 -0.8925 0.4362
vn 0.1534 -0.8856 0.4383
vn 0.1892 -0.8789 0.4379
vn 0.2233 -0.8716 0.4365
vn 0.2233 -0.8716 0.4364
vn 0.2563 -0.8632 0.4350
vn 0.2564 -0.8632 0.4350
vn 0.2895 -0.8535 0.4333
vn 0.2895 -0.8534 0.4334
vn 0.3234 -0.8421 0.4316
vn 0.3234 -0.8422 0.4315
vn 0.3581 -0.8290 0.4296
vn 0.3580 -0.8291 0.4295
vn 0.3582 -0.8290 0.4295
vn 0.3582 -0.8289 0.4297
vn 0.3941 -0.8135 0.4277
vn 0.4326 -0.7946 0.4260
vn 0.4749 -0.7716 0.4233
vn 0.4748 -0.7716 0.4232
vn 0.4749 -0.7715 0.4233
vn 0.5226 -0.7431 0.4179
vn 0.5772 -0.7079 0.4070
vn 0.0433 -0.8730 0.4858
vn 0.0433 -0.8730 0.4857
vn 0.0434 -0.8730 0.4857
vn 0.0434 -0.8730 0.4858
vn 0.0878 -0.8654 0.4933
vn 0.1280 -0.8582 0.4971
vn 0.1652 -0.8508 0.4989
vn 0.2007 -0.8428 0.4994
vn 0.2007 -0.8427 0.4995
vn 0.2007 -0.8428 0.4993
vn 0.2354 -0.8337 0.4995
vn 0.2354 -0.8338 0.4994
vn 0.2702 -0.8235 0.4988
vn 0.2702 -0.8235 0.4989
vn 0.3059 -0.8119 0.4972
vn 0.3058 -0.8118 0.4974
vn 0.3059 -0.8119 0.4973
vn 0.3427 -0.7984 0.4951
vn 0.3427 -0.7983 0.4952
vn 0.3814 -0.7824 0.4923
vn 0.3812 -0.7824 0.4924
vn 0.4226 -0.7630 0.4890
vn 0.4226 -0.7630 0.4891
vn 0.4226 -0.7631 0.4890
vn 0.4681 -0.7390 0.4846
vn 0.4681 -0.7390 0.4845
vn 0.5192 -0.7090 0.4772
vn 0.5192 -0.7091 0.4772
vn 0.5774 -0.6710 0.4651
vn 0.0150 -0.8404 0.5417
vn 0.0150 -0.8405 0.5417
vn 0.0613 -0.8331 0.5497
vn 0.1028 -0.8257 0.5547
vn 0.1028 -0.8256 0.5548
vn 0.1027 -0.8256 0.5549
vn 0.1410 -0.8177 0.5582
vn 0.1410 -0.8176 0.5582
vn 0.1410 -0.8177 0.5581
vn 0.1775 -0.8091 0.5602
vn 0.1775 -0.8091 0.5603
vn 0.2133 -0.7996 0.5613
vn 0.2133 -0.7996 0.5614
vn 0.2133 -0.7997 0.5613
vn 0.2493 -0.7892 0.5613
vn 0.2492 -0.7892 0.5613
vn 0.2863 -0.7772 0.5604
vn 0.2863 -0.7772 0.5603
vn 0.2863 -0.7771 0.5605
vn 0.3247 -0.7634 0.5584
vn 0.3652 -0.7471 0.5554
vn 0.4088 -0.7274 0.5512
vn 0.4089 -0.7273 0.5512
vn 0.4087 -0.7275 0.5511
vn 0.4569 -0.7029 0.5452
vn 0.4569 -0.7029 0.5451
vn 0.4569 -0.7028 0.5453
vn 0.4569 -0.7026 0.5455
vn 0.5105 -0.6717 0.5369
vn 0.5105 -0.6717 0.5368
vn 0.5716 -0.6313 0.5242
vn -0.0114 -0.8019 0.5973
vn 0.0358 -0.7952 0.6052
vn 0.0358 -0.7952 0.6053
vn 0.0779 -0.7876 0.6112
vn 0.0780 -0.7879 0.6108
vn 0.0779 -0.7877 0.6112
vn 0.1165 -0.7793 0.6157
vn 0.1166 -0.7794 0.6156
vn 0.1163 -0.7792 0.6158
vn 0.1164 -0.7794 0.6157
vn 0.1536 -0.7707 0.6185
vn 0.1536 -0.7706 0.6185
vn 0.1536 -0.7707 0.6184
vn 0.1899 -0.7610 0.6203
vn 0.1899 -0.7611 0.6202
vn 0.1900 -0.7612 0.6201
vn 0.1901 -0.7612 0.6200
vn 0.2268 -0.7504 0.6208
vn 0.2269 -0.7505 0.6207
vn 0.2268 -0.7503 0.6210
vn 0.2267 -0.7503 0.6209
vn 0.2649 -0.7383 0.6202
vn 0.2649 -0.7384 0.6202
vn 0.3041 -0.7242 0.6189
vn 0.3042 -0.7244 0.6187
vn 0.3041 -0.7243 0.6188
vn 0.3041 -0.7242 0.6188
vn 0.3459 -0.7078 0.6159
vn 0.3459 -0.7079 0.6159
vn 0.3908 -0.6879 0.6116
vn 0.3908 -0.6880 0.6115
vn 0.4405 -0.6632 0.6051
vn 0.4958 -0.6314 0.5963
vn 0.5582 -0.5893 0.5841
vn -0.0361 -0.7568 0.6527
vn -0.0361 -0.7567 0.6527
vn 0.0109 -0.7505 0.6608
vn 0.0525 -0.7424 0.6678
vn 0.0525 -0.7424 0.6679
vn 0.0525 -0.7425 0.6678
vn 0.0908 -0.7335 0.6735
vn 0.0908 -0.7335 0.6736
vn 0.0908 -0.7336 0.6735
vn 0.1276 -0.7241 0.6777
vn 0.1276 -0.7242 0.6777
vn 0.1276 -0.7241 0.6778
vn 0.1640 -0.7141 0.6806
vn 0.1640 -0.7140 0.6807
vn 0.1640 -0.7141 0.6805
vn 0.1640 -0.7142 0.6805
vn 0.2011 -0.7034 0.6818
vn 0.2014 -0.7034 0.6816
vn 0.2009 -0.7033 0.6819
vn 0.2393 -0.6910 0.6821
vn 0.2392 -0.6910 0.6821
vn 0.2392 -0.6910 0.6822
vn 0.2792 -0.6769 0.6811
vn 0.2792 -0.6768 0.6811
vn 0.3214 -0.6609 0.6782
vn 0.3672 -0.6417 0.6733
vn 0.4176 -0.6179 0.6662
vn 0.4176 -0.6179 0.6661
vn 0.4738 -0.5867 0.6568
vn 0.4738 -0.5867 0.6567
vn 0.5367 -0.5440 0.6450
vn -0.0592 -0.7048 0.7069
vn -0.0133 -0.6985 0.7155
vn -0.0132 -0.6985 0.7155
vn 0.0266 -0.6894 0.7239
vn 0.0634 -0.6791 0.7313
vn 0.0989 -0.6682 0.7374
vn 0.0989 -0.6683 0.7373
vn 0.1344 -0.6573 0.7416
vn 0.1344 -0.6572 0.7416
vn 0.1706 -0.6460 0.7440
vn 0.1708 -0.6459 0.7440
vn 0.1705 -0.6459 0.7442
vn 0.1706 -0.6461 0.7440
vn 0.2090 -0.6334 0.7450
vn 0.2090 -0.6335 0.7450
vn 0.2488 -0.6198 0.7443
vn 0.2912 -0.6048 0.7412
vn 0.3373 -0.5876 0.7355
vn 0.3880 -0.5658 0.7275
vn 0.4442 -0.5365 0.7175
vn 0.5066 -0.4948 0.7061
vn 0.5066 -0.4947 0.7061
vn -0.0812 -0.6456 0.7594
vn -0.0812 -0.6455 0.7594
vn -0.0375 -0.6392 0.7681
vn 0.0004 -0.6288 0.7776
vn 0.0350 -0.6165 0.7866
vn 0.0682 -0.6037 0.7943
vn 0.0683 -0.6037 0.7943
vn 0.1020 -0.5914 0.7999
vn 0.1373 -0.5793 0.8034
vn 0.1373 -0.5793 0.8035
vn 0.1373 -0.5792 0.8035
vn 0.1747 -0.5666 0.8053
vn 0.1747 -0.5665 0.8053
vn 0.2137 -0.5536 0.8049
vn 0.2556 -0.5401 0.8018
vn 0.3015 -0.5252 0.7958
vn 0.3518 -0.5063 0.7874
vn 0.3518 -0.5063 0.7873
vn 0.4071 -0.4795 0.7774
vn 0.4676 -0.4397 0.7668
vn -0.1026 -0.5795 0.8085
vn -0.0618 -0.5728 0.8174
vn -0.0618 -0.5727 0.8174
vn -0.0266 -0.5610 0.8274
vn 0.0055 -0.5470 0.8371
vn 0.0055 -0.5469 0.8371
vn 0.0054 -0.5470 0.8371
vn 0.0364 -0.5323 0.8458
vn 0.0680 -0.5186 0.8523
vn 0.1016 -0.5056 0.8568
vn 0.1015 -0.5055 0.8569
vn 0.1015 -0.5055 0.8568
vn 0.1014 -0.5056 0.8568
vn 0.1377 -0.4928 0.8592
vn 0.1378 -0.4929 0.8591
vn 0.1375 -0.4925 0.8594
vn 0.1752 -0.4799 0.8596
vn 0.1752 -0.4799 0.8597
vn 0.2156 -0.4679 0.8571
vn 0.2157 -0.4679 0.8571
vn 0.2157 -0.4679 0.8570
vn 0.2603 -0.4551 0.8516
vn 0.2603 -0.4551 0.8515
vn 0.2602 -0.4551 0.8516
vn 0.2603 -0.4550 0.8516
vn 0.3094 -0.4385 0.8438
vn 0.3626 -0.4145 0.8347
vn 0.4201 -0.3778 0.8251
vn 0.4201 -0.3779 0.8251
vn -0.1219 -0.5115 0.8506
vn -0.1219 -0.5114 0.8506
vn -0.0857 -0.5018 0.8607
vn -0.0541 -0.4879 0.8712
vn -0.0245 -0.4723 0.8811
vn -0.0245 -0.4722 0.8811
vn 0.0040 -0.4565 0.8897
vn 0.0333 -0.4418 0.8965
vn 0.0334 -0.4419 0.8964
vn 0.0333 -0.4417 0.8965
vn 0.0333 -0.4416 0.8966
vn 0.0649 -0.4279 0.9015
vn 0.0649 -0.4280 0.9014
vn 0.0991 -0.4144 0.9047
vn 0.0991 -0.4143 0.9047
vn 0.1349 -0.4017 0.9058
vn 0.1733 -0.3901 0.9043
vn 0.2155 -0.3783 0.9002
vn 0.2155 -0.3783 0.9003
vn 0.2623 -0.3632 0.8940
vn 0.3132 -0.3432 0.8855
vn 0.3680 -0.3130 0.8756
vn 0.3680 -0.3129 0.8756
vn -0.1411 -0.4409 0.8864
vn -0.1411 -0.4408 0.8864
vn -0.1107 -0.4267 0.8976
vn -0.0824 -0.4110 0.9079
vn -0.0548 -0.3951 0.9170
vn -0.0279 -0.3793 0.9249
vn -0.0279 -0.3793 0.9248
vn -0.0004 -0.3643 0.9313
vn 0.0294 -0.3502 0.9362
vn 0.0293 -0.3497 0.9364
vn 0.0293 -0.3498 0.9363
vn 0.0295 -0.3504 0.9361
vn 0.0616 -0.3357 0.9400
vn 0.0617 -0.3358 0.9399
vn 0.0951 -0.3219 0.9420
vn 0.0950 -0.3219 0.9420
vn 0.0950 -0.3221 0.9419
vn 0.0950 -0.3222 0.9419
vn 0.1305 -0.3094 0.9419
vn 0.1306 -0.3095 0.9419
vn 0.1306 -0.3094 0.9419
vn 0.1696 -0.2965 0.9398
vn 0.1696 -0.2966 0.9398
vn 0.2132 -0.2815 0.9356
vn 0.2605 -0.2643 0.9286
vn 0.3122 -0.2426 0.9185
vn 0.3123 -0.2426 0.9185
vn 0.1754 -0.9712 0.1612
vn 0.2035 -0.9657 0.1614
vn 0.2296 -0.9606 0.1569
vn 0.2296 -0.9605 0.1569
vn 0.2550 -0.9546 0.1540
vn 0.2549 -0.9546 0.1539
vn 0.2796 -0.9482 0.1509
vn 0.2796 -0.9482 0.1510
vn 0.3029 -0.9415 0.1478
vn 0.3027 -0.9415 0.1480
vn 0.3026 -0.9416 0.1480
vn 0.3256 -0.9343 0.1449
vn 0.3489 -0.9263 0.1423
vn 0.3489 -0.9263 0.1421
vn 0.3488 -0.9264 0.1421
vn 0.3732 -0.9172 0.1399
vn 0.3733 -0.9171 0.1398
vn 0.3732 -0.9172 0.1398
vn 0.3731 -0.9172 0.1400
vn 0.3969 -0.9074 0.1378
vn 0.3969 -0.9074 0.1379
vn 0.3971 -0.9074 0.1378
vn 0.3971 -0.9074 0.1379
vn 0.4208 -0.8969 0.1364
vn 0.4207 -0.8969 0.1365
vn 0.4207 -0.8969 0.1364
vn 0.4461 -0.8847 0.1351
vn 0.4460 -0.8847 0.1352
vn 0.4461 -0.8847 0.1352
vn 0.4464 -0.8845 0.1353
vn 0.4735 -0.8705 0.1342
vn 0.4735 -0.8705 0.1343
vn 0.4732 -0.8707 0.1339
vn 0.4735 -0.8706 0.1339
vn 0.5020 -0.8545 0.1333
vn 0.5020 -0.8545 0.1334
vn 0.5317 -0.8360 0.1352
vn 0.5318 -0.8360 0.1352
vn 0.5652 -0.8141 0.1332
vn 0.5809 -0.7939 0.1798
vn 0.5982 -0.7692 0.2247
vn 0.6151 -0.7393 0.2741
vn 0.6297 -0.7035 0.3294
vn 0.6298 -0.7035 0.3294
vn 0.6398 -0.6644 0.3863
vn 0.6398 -0.6643 0.3863
vn 0.6399 -0.6644 0.3863
vn 0.6442 -0.6223 0.4446
vn 0.6411 -0.5780 0.5048
vn 0.6411 -0.5780 0.5050
vn 0.6292 -0.5320 0.5667
vn 0.6292 -0.5319 0.5667
vn 0.6071 -0.4840 0.6302
vn 0.6072 -0.4840 0.6302
vn 0.6072 -0.4840 0.6301
vn 0.5751 -0.4335 0.6938
vn 0.5327 -0.3788 0.7568
vn 0.5327 -0.3789 0.7568
vn 0.4804 -0.3196 0.8168
vn 0.4804 -0.3196 0.8167
vn 0.4235 -0.2611 0.8675
vn 0.3649 -0.2027 0.9087
vn 0.3031 -0.1340 0.9435
vn 0.2539 -0.1603 0.9539
vn 0.2074 -0.1762 0.9623
vn 0.2076 -0.1762 0.9622
vn 0.2075 -0.1762 0.9622
vn 0.1651 -0.1951 0.9668
vn 0.1257 -0.2135 0.9688
vn 0.1255 -0.2131 0.9689
vn 0.0901 -0.2294 0.9692
vn 0.0899 -0.2293 0.9692
vn 0.0900 -0.2293 0.9692
vn 0.0576 -0.2446 0.9679
vn 0.0574 -0.2445 0.9680
vn 0.0574 -0.2444 0.9680
vn 0.0575 -0.2445 0.9679
vn 0.0263 -0.2597 0.9653
vn 0.0264 -0.2599 0.9653
vn -0.0041 -0.2751 0.9614
vn -0.0042 -0.2750 0.9614
vn -0.0324 -0.2898 0.9565
vn -0.0324 -0.2897 0.9566
vn -0.0325 -0.2898 0.9565
vn -0.0589 -0.3042 0.9508
vn -0.0589 -0.3041 0.9508
vn -0.0588 -0.3042 0.9508
vn -0.0850 -0.3187 0.9440
vn -0.0850 -0.3188 0.9440
vn -0.1118 -0.3333 0.9362
vn -0.1384 -0.3477 0.9273
vn -0.1636 -0.3643 0.9168
vn -0.1636 -0.3644 0.9168
vn -0.1937 -0.3753 0.9064
vn -0.1937 -0.3753 0.9065
vn -0.1936 -0.3753 0.9065
vn -0.1790 -0.4448 0.8775
vn -0.1790 -0.4449 0.8775
vn -0.1669 -0.5099 0.8439
vn -0.1525 -0.5769 0.8024
vn -0.1346 -0.6444 0.7527
vn -0.1145 -0.7058 0.6991
vn -0.0919 -0.7609 0.6424
vn -0.0919 -0.7608 0.6424
vn -0.0670 -0.8087 0.5844
vn -0.0402 -0.8476 0.5291
vn -0.0090 -0.8808 0.4735
vn -0.0090 -0.8807 0.4735
vn 0.0251 -0.9089 0.4163
vn 0.0598 -0.9315 0.3588
vn 0.0935 -0.9484 0.3030
vn 0.1243 -0.9595 0.2529
vn 0.1514 -0.9664 0.2077
vn 0.5356 -0.8434 0.0435
vn 0.5046 -0.8621 0.0469
vn 0.4763 -0.8778 0.0508
vn 0.4764 -0.8778 0.0509
vn 0.4499 -0.8914 0.0550
vn 0.4256 -0.9030 0.0591
vn 0.4256 -0.9030 0.0592
vn 0.4256 -0.9030 0.0590
vn 0.4026 -0.9133 0.0625
vn 0.4027 -0.9132 0.0626
vn 0.3800 -0.9227 0.0653
vn 0.3801 -0.9226 0.0654
vn 0.3802 -0.9226 0.0653
vn 0.3800 -0.9227 0.0654
vn 0.3571 -0.9316 0.0675
vn 0.3571 -0.9316 0.0676
vn 0.3352 -0.9396 0.0690
vn 0.3352 -0.9396 0.0691
vn 0.3352 -0.9396 0.0694
vn 0.3352 -0.9396 0.0692
vn 0.3136 -0.9470 0.0699
vn 0.3136 -0.9470 0.0698
vn 0.2915 -0.9540 0.0698
vn 0.2915 -0.9540 0.0699
vn 0.2682 -0.9608 0.0697
vn 0.2436 -0.9674 0.0691
vn 0.2170 -0.9737 0.0690
vn 0.5434 -0.8392 0.0208
vn 0.5098 -0.8600 0.0224
vn 0.4802 -0.8768 0.0261
vn 0.4530 -0.8910 0.0303
vn 0.4283 -0.9030 0.0348
vn 0.4283 -0.9030 0.0347
vn 0.4283 -0.9029 0.0347
vn 0.4283 -0.9030 0.0349
vn 0.4050 -0.9135 0.0384
vn 0.3821 -0.9232 0.0412
vn 0.3821 -0.9232 0.0414
vn 0.3592 -0.9323 0.0429
vn 0.3591 -0.9323 0.0432
vn 0.3592 -0.9323 0.0428
vn 0.3370 -0.9405 0.0445
vn 0.3370 -0.9405 0.0444
vn 0.3150 -0.9480 0.0447
vn 0.2925 -0.9552 0.0441
vn 0.2686 -0.9623 0.0433
vn 0.2429 -0.9691 0.0429
vn 0.2139 -0.9758 0.0443
vn 0.5516 -0.8341 0.0052
vn 0.5158 -0.8567 0.0061
vn 0.5188 -0.8549 -0.0014
vn 0.5180 -0.8554 0.0038
vn 0.4863 -0.8738 0.0074
vn 0.4846 -0.8747 0.0092
vn 0.4875 -0.8731 0.0001
vn 0.4579 -0.8889 0.0114
vn 0.4566 -0.8896 0.0132
vn 0.4565 -0.8896 0.0132
vn 0.4587 -0.8886 0.0037
vn 0.4320 -0.9017 0.0160
vn 0.4311 -0.9022 0.0174
vn 0.4325 -0.9016 0.0071
vn 0.4079 -0.9128 0.0197
vn 0.4071 -0.9132 0.0209
vn 0.4080 -0.9129 0.0095
vn 0.3842 -0.9230 0.0229
vn 0.3836 -0.9232 0.0234
vn 0.3842 -0.9232 0.0114
vn 0.3607 -0.9326 0.0125
vn 0.3651 -0.9308 0.0147
vn 0.3604 -0.9325 0.0250
vn 0.3604 -0.9325 0.0249
vn 0.3361 -0.9415 0.0269
vn 0.3379 -0.9408 0.0266
vn 0.3378 -0.9409 0.0263
vn 0.3381 -0.9410 0.0125
vn 0.3095 -0.9506 0.0234
vn 0.3152 -0.9487 0.0262
vn 0.3151 -0.9487 0.0262
vn 0.3195 -0.9475 0.0146
vn 0.2920 -0.9561 0.0255
vn 0.2913 -0.9564 0.0227
vn 0.2912 -0.9566 0.0144
vn 0.2646 -0.9642 0.0161
vn 0.2672 -0.9633 0.0246
vn 0.2673 -0.9634 0.0199
vn 0.2375 -0.9713 0.0162
vn 0.2401 -0.9705 0.0243
vn 0.2401 -0.9704 0.0243
vn 0.2388 -0.9709 0.0189
vn 0.2093 -0.9775 0.0260
vn 0.2092 -0.9775 0.0260
vn 0.5618 -0.8273 -0.0067
vn 0.5595 -0.8288 -0.0060
vn 0.5639 -0.8258 -0.0110
vn 0.5247 -0.8512 -0.0092
vn 0.5243 -0.8515 -0.0064
vn 0.4910 -0.8712 -0.0028
vn 0.4912 -0.8710 -0.0057
vn 0.4613 -0.8872 0.0007
vn 0.4615 -0.8871 -0.0025
vn 0.4350 -0.9004 -0.0010
vn 0.4345 -0.9007 0.0047
vn 0.4095 -0.9123 0.0071
vn 0.4091 -0.9125 0.0018
vn 0.3851 -0.9228 0.0097
vn 0.3851 -0.9229 0.0025
vn 0.3612 -0.9324 0.0118
vn 0.3610 -0.9325 0.0034
vn 0.3376 -0.9413 0.0046
vn 0.3378 -0.9411 0.0119
vn 0.3140 -0.9494 0.0050
vn 0.3140 -0.9494 0.0112
vn 0.2900 -0.9570 0.0108
vn 0.2899 -0.9570 0.0056
vn 0.2633 -0.9647 0.0047
vn 0.2637 -0.9646 0.0090
vn 0.2343 -0.9721 0.0041
vn 0.2349 -0.9720 0.0080
vn 0.2041 -0.9789 0.0116
vn 0.2017 -0.9794 0.0073
vn 0.2013 -0.9795 0.0061
vn 0.5685 -0.8226 -0.0104
vn 0.5688 -0.8224 -0.0126
vn 0.5284 -0.8489 -0.0098
vn 0.5296 -0.8482 -0.0112
vn 0.4944 -0.8692 -0.0086
vn 0.4951 -0.8688 -0.0080
vn 0.4640 -0.8858 -0.0059
vn 0.4644 -0.8856 -0.0056
vn 0.4368 -0.8995 -0.0041
vn 0.4371 -0.8994 -0.0023
vn 0.4105 -0.9118 -0.0031
vn 0.4104 -0.9119 -0.0005
vn 0.3866 -0.9222 -0.0022
vn 0.3854 -0.9227 0.0015
vn 0.3614 -0.9324 0.0029
vn 0.3617 -0.9323 -0.0023
vn 0.3374 -0.9414 0.0031
vn 0.3399 -0.9405 0.0020
vn 0.3132 -0.9497 0.0030
vn 0.3138 -0.9495 -0.0007
vn 0.2868 -0.9580 0.0005
vn 0.2884 -0.9575 0.0016
vn 0.2616 -0.9652 0.0016
vn 0.2611 -0.9653 -0.0017
vn 0.2321 -0.9727 0.0009
vn 0.2312 -0.9729 -0.0023
vn 0.1975 -0.9803 0.0002
vn 0.1969 -0.9804 -0.0022
vn 0.5734 -0.8192 -0.0118
vn 0.5727 -0.8197 -0.0095
vn 0.5325 -0.8464 -0.0095
vn 0.5321 -0.8466 -0.0088
vn 0.4974 -0.8675 -0.0084
vn 0.4971 -0.8676 -0.0074
vn 0.4662 -0.8847 -0.0068
vn 0.4661 -0.8847 -0.0063
vn 0.4381 -0.8989 -0.0052
vn 0.4381 -0.8989 -0.0050
vn 0.4116 -0.9114 -0.0043
vn 0.4115 -0.9114 -0.0041
vn 0.3862 -0.9224 -0.0035
vn 0.3861 -0.9224 -0.0030
vn 0.3618 -0.9322 -0.0038
vn 0.3622 -0.9321 -0.0033
vn 0.3380 -0.9411 -0.0026
vn 0.3369 -0.9415 -0.0016
vn 0.3126 -0.9499 -0.0034
vn 0.3126 -0.9499 -0.0015
vn 0.2871 -0.9579 -0.0030
vn 0.2870 -0.9579 -0.0033
vn 0.2597 -0.9657 -0.0031
vn 0.2599 -0.9656 -0.0039
vn 0.2292 -0.9734 -0.0037
vn 0.2293 -0.9733 -0.0045
vn 0.1942 -0.9810 -0.0040
vn 0.1941 -0.9810 -0.0052
vn 0.5727 -0.8198 -0.0033
vn 0.5757 -0.8177 -0.0020
vn 0.5343 -0.8453 -0.0021
vn 0.5316 -0.8470 -0.0042
vn 0.4983 -0.8670 -0.0018
vn 0.4982 -0.8670 -0.0067
vn 0.4670 -0.8843 -0.0024
vn 0.4671 -0.8842 -0.0062
vn 0.4386 -0.8987 -0.0036
vn 0.4391 -0.8985 -0.0044
vn 0.4120 -0.9112 -0.0035
vn 0.4117 -0.9113 -0.0042
vn 0.3866 -0.9222 -0.0040
vn 0.3866 -0.9223 -0.0039
vn 0.3615 -0.9324 -0.0037
vn 0.3616 -0.9323 -0.0038
vn 0.3370 -0.9415 -0.0041
vn 0.3371 -0.9415 -0.0037
vn 0.3125 -0.9499 -0.0041
vn 0.3125 -0.9499 -0.0043
vn 0.2868 -0.9580 -0.0042
vn 0.2866 -0.9580 -0.0045
vn 0.2590 -0.9659 -0.0049
vn 0.2591 -0.9658 -0.0050
vn 0.2282 -0.9736 -0.0055
vn 0.2283 -0.9736 -0.0054
vn 0.1926 -0.9813 -0.0056
vn 0.1928 -0.9812 -0.0060
vn 0.5737 -0.8191 0.0025
vn 0.5730 -0.8195 -0.0000
vn 0.5329 -0.8462 0.0015
vn 0.5324 -0.8465 -0.0003
vn 0.4973 -0.8676 -0.0003
vn 0.4976 -0.8674 -0.0014
vn 0.4662 -0.8847 -0.0016
vn 0.4664 -0.8846 -0.0022
vn 0.4381 -0.8989 -0.0030
vn 0.4380 -0.8989 -0.0028
vn 0.4118 -0.9112 -0.0038
vn 0.4118 -0.9113 -0.0037
vn 0.3864 -0.9223 -0.0050
vn 0.3865 -0.9223 -0.0044
vn 0.3617 -0.9323 -0.0059
vn 0.3615 -0.9323 -0.0047
vn 0.3381 -0.9411 -0.0061
vn 0.3374 -0.9413 -0.0045
vn 0.3115 -0.9502 -0.0062
vn 0.3127 -0.9498 -0.0047
vn 0.2869 -0.9580 -0.0068
vn 0.2871 -0.9579 -0.0054
vn 0.2597 -0.9657 -0.0067
vn 0.2592 -0.9658 -0.0053
vn 0.2291 -0.9734 -0.0066
vn 0.2288 -0.9735 -0.0058
vn 0.1933 -0.9811 -0.0061
vn 0.1935 -0.9811 -0.0072
vn 0.5687 -0.8225 0.0032
vn 0.5698 -0.8218 0.0016
vn 0.5291 -0.8486 0.0018
vn 0.5300 -0.8480 0.0010
vn 0.4952 -0.8688 0.0001
vn 0.4950 -0.8689 -0.0010
vn 0.4646 -0.8855 -0.0018
vn 0.4645 -0.8856 -0.0033
vn 0.4369 -0.8995 -0.0037
vn 0.4368 -0.8995 -0.0056
vn 0.4108 -0.9117 -0.0048
vn 0.4113 -0.9115 -0.0083
vn 0.3854 -0.9227 -0.0057
vn 0.3857 -0.9226 -0.0097
vn 0.3621 -0.9321 -0.0112
vn 0.3635 -0.9315 -0.0095
vn 0.3375 -0.9412 -0.0125
vn 0.3376 -0.9413 -0.0069
vn 0.3128 -0.9497 -0.0127
vn 0.3129 -0.9497 -0.0078
vn 0.2879 -0.9576 -0.0122
vn 0.2878 -0.9577 -0.0081
vn 0.2610 -0.9653 -0.0115
vn 0.2611 -0.9653 -0.0089
vn 0.2311 -0.9729 -0.0114
vn 0.2309 -0.9729 -0.0089
vn 0.1965 -0.9804 -0.0122
vn 0.1965 -0.9805 -0.0098
vn 0.5634 -0.8262 -0.0001
vn 0.5626 -0.8267 -0.0035
vn 0.5246 -0.8514 -0.0044
vn 0.5250 -0.8511 -0.0010
vn 0.4915 -0.8709 -0.0042
vn 0.4916 -0.8708 -0.0053
vn 0.4618 -0.8870 -0.0068
vn 0.4612 -0.8872 -0.0084
vn 0.4360 -0.8999 -0.0097
vn 0.4342 -0.9007 -0.0119
vn 0.4098 -0.9121 -0.0099
vn 0.4091 -0.9123 -0.0160
vn 0.3851 -0.9228 -0.0111
vn 0.3849 -0.9228 -0.0188
vn 0.3653 -0.9308 -0.0168
vn 0.3622 -0.9318 -0.0209
vn 0.3388 -0.9406 -0.0210
vn 0.3379 -0.9411 -0.0131
vn 0.3133 -0.9494 -0.0208
vn 0.3121 -0.9499 -0.0141
vn 0.2889 -0.9572 -0.0143
vn 0.2889 -0.9572 -0.0206
vn 0.2631 -0.9645 -0.0207
vn 0.2627 -0.9648 -0.0145
vn 0.2344 -0.9719 -0.0208
vn 0.2336 -0.9722 -0.0146
vn 0.2012 -0.9793 -0.0220
vn 0.1999 -0.9797 -0.0157
vn 0.5601 -0.8284 -0.0043
vn 0.5201 -0.8541 -0.0072
vn 0.5192 -0.8545 -0.0134
vn 0.4875 -0.8731 -0.0110
vn 0.4870 -0.8732 -0.0169
vn 0.4584 -0.8887 -0.0144
vn 0.4580 -0.8887 -0.0210
vn 0.4323 -0.9014 -0.0255
vn 0.4325 -0.9015 -0.0174
vn 0.4129 -0.9104 -0.0257
vn 0.4033 -0.9148 -0.0200
vn 0.3839 -0.9227 -0.0339
vn 0.3837 -0.9233 -0.0192
vn 0.3610 -0.9319 -0.0354
vn 0.3609 -0.9324 -0.0212
vn 0.3373 -0.9411 -0.0225
vn 0.3373 -0.9411 -0.0226
vn 0.3144 -0.9486 -0.0351
vn 0.3136 -0.9492 -0.0242
vn 0.2906 -0.9562 -0.0345
vn 0.2912 -0.9563 -0.0258
vn 0.2641 -0.9642 -0.0223
vn 0.2355 -0.9716 -0.0224
vn 0.2356 -0.9716 -0.0224
vn 0.2029 -0.9789 -0.0240
vn 0.5523 -0.8335 -0.0162
vn 0.5163 -0.8562 -0.0168
vn 0.4851 -0.8742 -0.0195
vn 0.4568 -0.8893 -0.0233
vn 0.4312 -0.9019 -0.0273
vn 0.4311 -0.9019 -0.0272
vn 0.4070 -0.9129 -0.0307
vn 0.3834 -0.9230 -0.0333
vn 0.3599 -0.9323 -0.0352
vn 0.3599 -0.9323 -0.0353
vn 0.3371 -0.9407 -0.0367
vn 0.3371 -0.9408 -0.0365
vn 0.3372 -0.9407 -0.0366
vn 0.3371 -0.9408 -0.0370
vn 0.3146 -0.9485 -0.0367
vn 0.3145 -0.9486 -0.0368
vn 0.2911 -0.9560 -0.0366
vn 0.2661 -0.9633 -0.0363
vn 0.2661 -0.9633 -0.0364
vn 0.2388 -0.9704 -0.0367
vn 0.2078 -0.9774 -0.0391
vn 0.5439 -0.8385 -0.0325
vn 0.5103 -0.8594 -0.0338
vn 0.5103 -0.8593 -0.0338
vn 0.4805 -0.8762 -0.0372
vn 0.4804 -0.8762 -0.0372
vn 0.4531 -0.8905 -0.0413
vn 0.4531 -0.8905 -0.0412
vn 0.4283 -0.9025 -0.0456
vn 0.4283 -0.9025 -0.0455
vn 0.4048 -0.9131 -0.0493
vn 0.4048 -0.9131 -0.0494
vn 0.3817 -0.9228 -0.0522
vn 0.3584 -0.9320 -0.0545
vn 0.3584 -0.9320 -0.0547
vn 0.3584 -0.9320 -0.0544
vn 0.3361 -0.9402 -0.0558
vn 0.3361 -0.9402 -0.0557
vn 0.3360 -0.9402 -0.0557
vn 0.3141 -0.9477 -0.0564
vn 0.2915 -0.9549 -0.0562
vn 0.2674 -0.9620 -0.0560
vn 0.2413 -0.9688 -0.0561
vn 0.2123 -0.9755 -0.0582
vn 0.5358 -0.8425 -0.0558
vn 0.5046 -0.8613 -0.0591
vn 0.4764 -0.8770 -0.0630
vn 0.4497 -0.8907 -0.0670
vn 0.4254 -0.9022 -0.0711
vn 0.4253 -0.9022 -0.0711
vn 0.4254 -0.9022 -0.0710
vn 0.4022 -0.9125 -0.0746
vn 0.4022 -0.9125 -0.0747
vn 0.3794 -0.9220 -0.0775
vn 0.3794 -0.9220 -0.0776
vn 0.3564 -0.9309 -0.0799
vn 0.3563 -0.9309 -0.0800
vn 0.3565 -0.9309 -0.0796
vn 0.3565 -0.9309 -0.0795
vn 0.3342 -0.9389 -0.0817
vn 0.3341 -0.9390 -0.0817
vn 0.3342 -0.9389 -0.0819
vn 0.3343 -0.9389 -0.0820
vn 0.3124 -0.9463 -0.0828
vn 0.3124 -0.9463 -0.0829
vn 0.3123 -0.9463 -0.0829
vn 0.2902 -0.9534 -0.0832
vn 0.2901 -0.9534 -0.0832
vn 0.2902 -0.9533 -0.0832
vn 0.2667 -0.9602 -0.0834
vn 0.2421 -0.9667 -0.0833
vn 0.2152 -0.9730 -0.0838
vn 0.5617 -0.8237 0.0774
vn 0.5616 -0.8237 0.0774
vn 0.5297 -0.8446 0.0786
vn 0.5296 -0.8446 0.0786
vn 0.5014 -0.8612 0.0835
vn 0.5014 -0.8612 0.0836
vn 0.5014 -0.8612 0.0837
vn 0.4739 -0.8763 0.0866
vn 0.4474 -0.8898 0.0896
vn 0.4476 -0.8897 0.0896
vn 0.4475 -0.8898 0.0897
vn 0.4231 -0.9013 0.0925
vn 0.4232 -0.9013 0.0925
vn 0.4001 -0.9115 0.0952
vn 0.4001 -0.9115 0.0953
vn 0.3772 -0.9209 0.0976
vn 0.3772 -0.9209 0.0978
vn 0.3540 -0.9299 0.1001
vn 0.3539 -0.9299 0.0998
vn 0.3539 -0.9299 0.1000
vn 0.3541 -0.9298 0.1003
vn 0.3317 -0.9378 0.1021
vn 0.3099 -0.9451 0.1040
vn 0.3097 -0.9451 0.1044
vn 0.3100 -0.9451 0.1038
vn 0.2879 -0.9519 0.1052
vn 0.2878 -0.9519 0.1054
vn 0.2878 -0.9519 0.1053
vn 0.2879 -0.9519 0.1051
vn 0.2642 -0.9586 0.1064
vn 0.2642 -0.9586 0.1062
vn 0.2644 -0.9586 0.1060
vn 0.2402 -0.9647 0.1076
vn 0.2401 -0.9648 0.1072
vn 0.2402 -0.9648 0.1075
vn 0.2160 -0.9707 0.1055
vn 0.1885 -0.9762 0.1070
vn 0.1856 -0.9798 0.0744
vn 0.1857 -0.9798 0.0744
vn 0.1797 -0.9824 0.0510
vn 0.1796 -0.9824 0.0510
vn 0.1725 -0.9845 0.0319
vn 0.1648 -0.9862 0.0151
vn 0.1527 -0.9883 -0.0016
vn 0.1561 -0.9877 0.0016
vn 0.1513 -0.9885 -0.0005
vn 0.1458 -0.9893 -0.0054
vn 0.1462 -0.9893 -0.0041
vn 0.1441 -0.9895 -0.0061
vn 0.1441 -0.9895 -0.0066
vn 0.1454 -0.9893 -0.0083
vn 0.1461 -0.9892 -0.0080
vn 0.1504 -0.9885 -0.0134
vn 0.1509 -0.9885 -0.0122
vn 0.1537 -0.9880 -0.0164
vn 0.1618 -0.9864 -0.0282
vn 0.1703 -0.9844 -0.0452
vn 0.1703 -0.9844 -0.0451
vn 0.1779 -0.9819 -0.0656
vn 0.1839 -0.9789 -0.0897
vn 0.1838 -0.9789 -0.0897
vn 0.1868 -0.9747 -0.1225
vn 0.1867 -0.9747 -0.1225
vn 0.2143 -0.9693 -0.1208
vn 0.2383 -0.9635 -0.1222
vn 0.2384 -0.9635 -0.1222
vn 0.2383 -0.9635 -0.1221
vn 0.2385 -0.9635 -0.1217
vn 0.2625 -0.9573 -0.1211
vn 0.2626 -0.9573 -0.1210
vn 0.2625 -0.9573 -0.1213
vn 0.2860 -0.9507 -0.1199
vn 0.2861 -0.9507 -0.1201
vn 0.2861 -0.9507 -0.1198
vn 0.2860 -0.9507 -0.1196
vn 0.3084 -0.9439 -0.1178
vn 0.3084 -0.9440 -0.1174
vn 0.3083 -0.9440 -0.1175
vn 0.3303 -0.9367 -0.1158
vn 0.3303 -0.9367 -0.1160
vn 0.3528 -0.9288 -0.1138
vn 0.3528 -0.9287 -0.1139
vn 0.3529 -0.9287 -0.1139
vn 0.3760 -0.9199 -0.1114
vn 0.3760 -0.9199 -0.1113
vn 0.3993 -0.9104 -0.1086
vn 0.3992 -0.9104 -0.1086
vn 0.4225 -0.9002 -0.1057
vn 0.4225 -0.9002 -0.1056
vn 0.4469 -0.8887 -0.1026
vn 0.4468 -0.8887 -0.1026
vn 0.4734 -0.8752 -0.0996
vn 0.5010 -0.8600 -0.0965
vn 0.5010 -0.8600 -0.0966
vn 0.5295 -0.8434 -0.0915
vn 0.5615 -0.8226 -0.0903
vn 0.5615 -0.8225 -0.0903
vn 0.5614 -0.8226 -0.0903
vn 0.5716 -0.8184 -0.0585
vn 0.5831 -0.8116 -0.0369
vn 0.5830 -0.8116 -0.0369
vn 0.5946 -0.8038 -0.0204
vn 0.6051 -0.7961 -0.0074
vn 0.6080 -0.7939 -0.0067
vn 0.6108 -0.7918 -0.0009
vn 0.6166 -0.7873 -0.0016
vn 0.6168 -0.7871 0.0018
vn 0.6221 -0.7829 -0.0010
vn 0.6215 -0.7834 0.0017
vn 0.6229 -0.7823 -0.0077
vn 0.6223 -0.7828 -0.0012
vn 0.6206 -0.7841 -0.0092
vn 0.6217 -0.7832 -0.0103
vn 0.6168 -0.7870 -0.0131
vn 0.6161 -0.7876 -0.0099
vn 0.6087 -0.7934 -0.0057
vn 0.6081 -0.7938 -0.0079
vn 0.6042 -0.7968 -0.0033
vn 0.5938 -0.8046 0.0090
vn 0.5938 -0.8045 0.0090
vn 0.5825 -0.8124 0.0250
vn 0.5714 -0.8194 0.0460
vn 0.5713 -0.8194 0.0460
vn -0.6512 0.7498 0.1176
vn -0.6872 0.7079 0.1633
vn -0.7198 0.6611 0.2117
vn -0.7199 0.6610 0.2117
vn -0.7488 0.6075 0.2650
vn -0.7708 0.5499 0.3216
vn -0.7841 0.4889 0.3824
vn -0.7860 0.4264 0.4477
vn -0.7859 0.4264 0.4477
vn -0.6760 0.7324 0.0818
vn -0.6761 0.7322 0.0820
vn -0.6760 0.7323 0.0819
vn -0.7222 0.6808 0.1218
vn -0.7651 0.6216 0.1682
vn -0.7651 0.6215 0.1682
vn -0.8026 0.5546 0.2197
vn -0.8025 0.5547 0.2197
vn -0.8314 0.4828 0.2752
vn -0.8313 0.4828 0.2752
vn -0.8489 0.4078 0.3362
vn -0.8525 0.3334 0.4025
vn -0.8526 0.3334 0.4025
vn -0.6974 0.7145 0.0549
vn -0.6975 0.7145 0.0550
vn -0.6975 0.7145 0.0551
vn -0.7514 0.6542 0.0861
vn -0.8031 0.5825 0.1258
vn -0.8031 0.5824 0.1258
vn -0.8483 0.5004 0.1728
vn -0.8484 0.5004 0.1728
vn -0.8824 0.4132 0.2250
vn -0.9023 0.3237 0.2848
vn -0.9055 0.2375 0.3517
vn -0.9055 0.2376 0.3517
vn -0.7160 0.6973 0.0337
vn -0.7758 0.6284 0.0567
vn -0.7758 0.6284 0.0568
vn -0.8342 0.5445 0.0877
vn -0.8342 0.5444 0.0877
vn -0.8850 0.4479 0.1268
vn -0.9224 0.3452 0.1730
vn -0.9426 0.2412 0.2308
vn -0.9426 0.2411 0.2308
vn -0.9427 0.2411 0.2308
vn -0.9443 0.1421 0.2969
vn -0.7310 0.6821 0.0185
vn -0.7953 0.6053 0.0346
vn -0.7953 0.6052 0.0345
vn -0.8577 0.5110 0.0566
vn -0.8577 0.5110 0.0565
vn -0.9111 0.4030 0.0858
vn -0.9111 0.4031 0.0858
vn -0.9112 0.4030 0.0858
vn -0.9505 0.2855 0.1227
vn -0.9505 0.2856 0.1227
vn -0.7418 0.6706 0.0087
vn -0.7454 0.6666 0.0047
vn -0.7432 0.6690 0.0097
vn -0.8089 0.5877 0.0178
vn -0.8091 0.5874 0.0178
vn -0.8734 0.4861 0.0306
vn -0.9278 0.3699 0.0483
vn -0.9278 0.3699 0.0484
vn -0.9687 0.2374 0.0728
vn -0.9687 0.2373 0.0728
vn -0.4154 0.0375 0.9089
vn -0.4253 -0.0428 0.9040
vn -0.4253 -0.0429 0.9040
vn -0.4372 -0.1019 0.8936
vn -0.5032 0.0893 0.8595
vn -0.5252 -0.0060 0.8509
vn -0.5253 -0.0060 0.8509
vn -0.5416 -0.0884 0.8360
vn -0.5561 -0.1526 0.8170
vn -0.5816 0.1413 0.8011
vn -0.6180 0.0392 0.7852
vn -0.6180 0.0393 0.7852
vn -0.6441 -0.0571 0.7628
vn -0.6441 -0.0570 0.7628
vn -0.6617 -0.1415 0.7363
vn -0.6507 0.1957 0.7337
vn -0.6987 0.0895 0.7098
vn -0.7342 -0.0166 0.6787
vn -0.7342 -0.0167 0.6787
vn -0.7559 -0.1161 0.6443
vn -0.7559 -0.1162 0.6443
vn -0.7062 0.2505 0.6622
vn -0.7630 0.1428 0.6304
vn -0.7631 0.1428 0.6304
vn -0.8057 0.0321 0.5915
vn -0.8057 0.0320 0.5915
vn -0.8310 -0.0767 0.5509
vn -0.7477 0.3070 0.5888
vn -0.8106 0.2014 0.5499
vn -0.8584 0.0920 0.5047
vn -0.8886 -0.0187 0.4583
vn -0.8886 -0.0188 0.4583
vn -0.4126 0.0197 -0.9107
vn -0.4127 0.0197 -0.9106
vn -0.5040 0.0745 -0.8605
vn -0.5854 0.1297 -0.8003
vn -0.6568 0.1869 -0.7305
vn -0.7137 0.2443 -0.6565
vn -0.7556 0.3028 -0.5808
vn -0.7557 0.3028 -0.5808
vn -0.7820 0.3632 -0.5066
vn -0.4210 -0.0622 -0.9049
vn -0.4211 -0.0621 -0.9049
vn -0.5239 -0.0236 -0.8515
vn -0.5239 -0.0237 -0.8515
vn -0.5239 -0.0236 -0.8514
vn -0.6200 0.0244 -0.7842
vn -0.6200 0.0245 -0.7842
vn -0.7034 0.0777 -0.7065
vn -0.7694 0.1338 -0.6246
vn -0.8175 0.1952 -0.5418
vn -0.8471 0.2611 -0.4628
vn -0.8471 0.2612 -0.4628
vn -0.4314 -0.1251 -0.8934
vn -0.5393 -0.1065 -0.8354
vn -0.5392 -0.1066 -0.8354
vn -0.5392 -0.1065 -0.8354
vn -0.6439 -0.0743 -0.7615
vn -0.7368 -0.0308 -0.6754
vn -0.8101 0.0210 -0.5859
vn -0.8101 0.0209 -0.5859
vn -0.8638 0.0838 -0.4968
vn -0.8971 0.1558 -0.4135
vn -0.8971 0.1559 -0.4135
vn -0.4436 -0.1721 -0.8795
vn -0.4436 -0.1722 -0.8795
vn -0.5520 -0.1732 -0.8157
vn -0.6593 -0.1603 -0.7346
vn -0.6592 -0.1603 -0.7346
vn -0.7558 -0.1324 -0.6412
vn -0.7558 -0.1324 -0.6413
vn -0.8324 -0.0898 -0.5468
vn -0.8325 -0.0898 -0.5468
vn -0.8918 -0.0288 -0.4516
vn -0.9305 0.0518 -0.3626
vn -0.9305 0.0517 -0.3625
vn -0.9040 -0.1358 -0.4054
vn -0.9489 -0.0569 -0.3103
vn -0.6520 0.7509 -0.1050
vn -0.6521 0.7508 -0.1053
vn -0.6764 0.7333 -0.0695
vn -0.6764 0.7333 -0.0696
vn -0.6973 0.7155 -0.0430
vn -0.6973 0.7154 -0.0430
vn -0.7156 0.6982 -0.0222
vn -0.7305 0.6829 -0.0075
vn -0.7305 0.6828 -0.0075
vn -0.7456 0.6663 0.0069
vn -0.7414 0.6711 0.0019
vn -0.7414 0.6710 0.0019
vn -0.7438 0.6683 0.0021
vn -0.7475 0.6642 0.0050
vn -0.7474 0.6643 0.0052
vn -0.6890 0.7089 -0.1508
vn -0.7234 0.6817 -0.1093
vn -0.7519 0.6551 -0.0739
vn -0.7760 0.6291 -0.0449
vn -0.7759 0.6292 -0.0451
vn -0.7758 0.6294 -0.0451
vn -0.7953 0.6058 -0.0232
vn -0.7952 0.6059 -0.0233
vn -0.7951 0.6060 -0.0232
vn -0.8090 0.5878 -0.0070
vn -0.8089 0.5879 -0.0070
vn -0.8089 0.5878 -0.0070
vn -0.8162 0.5777 0.0040
vn -0.8163 0.5777 0.0031
vn -0.8162 0.5777 0.0031
vn -0.8160 0.5780 0.0052
vn -0.7227 0.6618 -0.1994
vn -0.7227 0.6617 -0.1994
vn -0.7672 0.6222 -0.1558
vn -0.8045 0.5830 -0.1137
vn -0.8350 0.5449 -0.0760
vn -0.8350 0.5449 -0.0759
vn -0.8350 0.5450 -0.0759
vn -0.8581 0.5114 -0.0452
vn -0.8581 0.5115 -0.0453
vn -0.8735 0.4864 -0.0198
vn -0.8736 0.4863 -0.0199
vn -0.8797 0.4755 0.0027
vn -0.8806 0.4738 0.0092
vn -0.8812 0.4728 -0.0009
vn -0.8812 0.4727 -0.0009
vn -0.7527 0.6078 -0.2529
vn -0.8058 0.5546 -0.2076
vn -0.8509 0.5001 -0.1608
vn -0.8509 0.5002 -0.1608
vn -0.8868 0.4476 -0.1151
vn -0.9123 0.4027 -0.0748
vn -0.9284 0.3697 -0.0379
vn -0.9284 0.3698 -0.0379
vn -0.9360 0.3518 -0.0070
vn -0.9361 0.3518 -0.0069
vn -0.9361 0.3517 -0.0069
vn -0.7759 0.5494 -0.3100
vn -0.8357 0.4819 -0.2634
vn -0.8860 0.4118 -0.2133
vn -0.8859 0.4118 -0.2133
vn -0.9245 0.3451 -0.1616
vn -0.9245 0.3452 -0.1616
vn -0.9520 0.2850 -0.1118
vn -0.9520 0.2849 -0.1118
vn -0.9695 0.2369 -0.0621
vn -0.9695 0.2370 -0.0620
vn -0.9775 0.2103 -0.0164
vn -0.9775 0.2104 -0.0161
vn -0.9775 0.2105 -0.0161
vn -0.7902 0.4876 -0.3714
vn -0.7902 0.4875 -0.3714
vn -0.7901 0.4876 -0.3714
vn -0.8543 0.4056 -0.3250
vn -0.9067 0.3210 -0.2738
vn -0.9067 0.3209 -0.2738
vn -0.9457 0.2400 -0.2191
vn -0.9732 0.1622 -0.1628
vn -0.7744 0.3659 0.5162
vn -0.7744 0.3658 0.5162
vn -0.8403 0.2655 0.4726
vn -0.8916 0.1616 0.4231
vn -0.8916 0.1615 0.4231
vn -0.9266 0.0558 0.3718
vn -0.7930 0.4241 -0.4374
vn -0.7930 0.4241 -0.4373
vn -0.8587 0.3301 -0.3921
vn -0.8587 0.3301 -0.3920
vn -0.9105 0.2332 -0.3414
vn -0.9477 0.1391 -0.2871
vn -0.9726 0.0449 -0.2280
vn -0.8164 0.5775 0.0074
vn -0.8813 0.4725 0.0113
vn -0.9359 0.3518 0.0171
vn -0.9359 0.3519 0.0171
vn -0.9772 0.2107 0.0256
vn -0.9772 0.2108 0.0256
vn -0.9772 0.2108 0.0257
vn -0.5944 0.7958 0.1155
vn -0.5943 0.7959 0.1156
vn -0.6198 0.7680 0.1613
vn -0.6439 0.7370 0.2054
vn -0.6440 0.7370 0.2054
vn -0.6675 0.7003 0.2529
vn -0.6882 0.6575 0.3068
vn -0.7034 0.6108 0.3635
vn -0.7035 0.6108 0.3634
vn -0.7115 0.5613 0.4228
vn -0.7105 0.5093 0.4855
vn -0.7106 0.5093 0.4855
vn -0.6121 0.7870 0.0777
vn -0.6119 0.7871 0.0778
vn -0.6120 0.7871 0.0778
vn -0.6282 0.7762 0.0526
vn -0.6441 0.7642 0.0331
vn -0.6580 0.7529 0.0172
vn -0.6579 0.7529 0.0172
vn -0.6720 0.7405 0.0074
vn -0.6692 0.7430 0.0070
vn -0.6745 0.7383 0.0021
vn -0.6794 0.7338 0.0016
vn -0.6792 0.7340 0.0045
vn -0.6807 0.7325 0.0049
vn -0.6811 0.7321 0.0068
vn -0.3267 0.0741 0.9422
vn -0.3267 0.0740 0.9422
vn -0.3225 -0.0058 0.9466
vn -0.3277 -0.0609 0.9428
vn -0.3278 -0.0609 0.9428
vn -0.3606 -0.0748 0.9297
vn -0.4025 0.1360 0.9053
vn -0.4695 0.1889 0.8625
vn -0.5333 0.2410 0.8108
vn -0.5333 0.2410 0.8109
vn -0.5917 0.2968 0.7495
vn -0.6392 0.3510 0.6843
vn -0.6748 0.4038 0.6177
vn -0.6748 0.4039 0.6177
vn -0.6986 0.4568 0.5507
vn -0.3227 0.0563 -0.9448
vn -0.3225 0.0563 -0.9449
vn -0.4021 0.1220 -0.9074
vn -0.4719 0.1777 -0.8636
vn -0.4719 0.1777 -0.8635
vn -0.5381 0.2323 -0.8102
vn -0.5382 0.2324 -0.8102
vn -0.5986 0.2909 -0.7464
vn -0.6472 0.3472 -0.6787
vn -0.6831 0.4018 -0.6098
vn -0.6832 0.4018 -0.6098
vn -0.7067 0.4555 -0.5413
vn -0.7067 0.4556 -0.5413
vn -0.3161 -0.0263 -0.9484
vn -0.3161 -0.0262 -0.9484
vn -0.3207 -0.0822 -0.9436
vn -0.3297 -0.1264 -0.9356
vn -0.3793 -0.1142 -0.9182
vn -0.3793 -0.1143 -0.9182
vn -0.5951 0.7971 -0.1028
vn -0.5951 0.7970 -0.1028
vn -0.5950 0.7971 -0.1028
vn -0.6120 0.7882 -0.0652
vn -0.6120 0.7881 -0.0652
vn -0.6279 0.7772 -0.0403
vn -0.6436 0.7651 -0.0214
vn -0.6573 0.7536 -0.0061
vn -0.6713 0.7412 0.0030
vn -0.6739 0.7388 0.0081
vn -0.6686 0.7436 0.0037
vn -0.6784 0.7346 0.0066
vn -0.6797 0.7335 0.0087
vn -0.6215 0.7692 -0.1489
vn -0.6214 0.7692 -0.1489
vn -0.6464 0.7381 -0.1931
vn -0.6710 0.7013 -0.2407
vn -0.6927 0.6581 -0.2950
vn -0.7090 0.6109 -0.3522
vn -0.7090 0.6110 -0.3522
vn -0.7180 0.5609 -0.4121
vn -0.7179 0.5085 -0.4755
vn 0.2137 0.2475 0.9450
vn 0.2350 0.2152 0.9479
vn 0.2674 0.1239 0.9556
vn 0.2674 0.1238 0.9556
vn 0.2658 0.1228 0.9562
vn 0.2628 0.1260 0.9566
vn 0.1846 0.2346 0.9544
vn 0.2052 0.1978 0.9585
vn 0.2052 0.1977 0.9585
vn 0.2591 0.1266 0.9575
vn 0.1566 0.2229 0.9622
vn 0.1763 0.1839 0.9670
vn 0.2002 0.1130 0.9732
vn 0.1934 0.1174 0.9741
vn 0.1932 0.1137 0.9745
vn 0.1292 0.2110 0.9689
vn 0.1291 0.2111 0.9689
vn 0.1481 0.1718 0.9739
vn 0.1481 0.1717 0.9740
vn 0.1481 0.1717 0.9739
vn 0.1884 0.1109 0.9758
vn 0.1026 0.1991 0.9746
vn 0.1027 0.1989 0.9746
vn 0.1027 0.1991 0.9746
vn 0.1027 0.1992 0.9746
vn 0.1207 0.1597 0.9798
vn 0.1446 0.0741 0.9867
vn 0.1423 0.0742 0.9870
vn 0.1414 0.0754 0.9871
vn 0.0763 0.1855 0.9797
vn 0.0763 0.1856 0.9797
vn 0.0762 0.1858 0.9796
vn 0.0936 0.1461 0.9848
vn 0.0936 0.1462 0.9848
vn 0.1402 0.0736 0.9874
vn 0.0493 0.1702 0.9842
vn 0.0493 0.1701 0.9842
vn 0.0666 0.1299 0.9893
vn 0.0666 0.1300 0.9893
vn 0.0841 0.0479 0.9953
vn 0.0875 0.0482 0.9950
vn 0.0813 0.0457 0.9956
vn 0.0208 0.1527 0.9881
vn 0.0208 0.1526 0.9881
vn 0.0376 0.1118 0.9930
vn 0.0793 0.0442 0.9959
vn -0.0077 0.1339 0.9910
vn -0.0078 0.1339 0.9910
vn 0.0089 0.0918 0.9957
vn 0.0198 0.0609 0.9979
vn -0.0368 0.1131 0.9929
vn -0.0367 0.1130 0.9929
vn -0.0204 0.0696 0.9974
vn -0.0205 0.0696 0.9974
vn -0.0077 0.0180 0.9998
vn -0.0681 0.0899 0.9936
vn -0.0524 0.0447 0.9976
vn -0.0347 0.0019 0.9994
vn -0.0349 0.0019 0.9994
vn -0.0348 0.0019 0.9994
vn -0.0343 0.0015 0.9994
vn -0.1035 0.0648 0.9925
vn -0.1035 0.0647 0.9925
vn -0.0888 0.0181 0.9959
vn -0.0887 0.0181 0.9959
vn -0.0814 -0.0194 0.9965
vn -0.0814 -0.0193 0.9965
vn -0.1423 0.0377 0.9891
vn -0.1302 -0.0097 0.9914
vn -0.1302 -0.0096 0.9914
vn -0.1301 -0.0097 0.9914
vn -0.1283 -0.0398 0.9909
vn -0.1283 -0.0397 0.9909
vn -0.1865 0.0094 0.9824
vn -0.1865 0.0095 0.9824
vn -0.1800 -0.0366 0.9830
vn -0.1806 -0.0666 0.9813
vn -0.1804 -0.0665 0.9813
vn -0.1805 -0.0667 0.9813
vn 0.2151 0.3117 0.9255
vn 0.2425 0.2703 0.9317
vn 0.2426 0.2703 0.9317
vn 0.2642 0.2439 0.9331
vn 0.3535 0.1520 0.9230
vn 0.3535 0.1519 0.9230
vn -0.2198 -0.0674 0.9732
vn -0.2197 -0.0674 0.9732
vn -0.2441 -0.0568 0.9681
vn -0.2432 -0.0121 0.9699
vn -0.2541 0.0504 0.9659
vn -0.2062 0.0760 0.9755
vn -0.2062 0.0760 0.9756
vn -0.2062 0.0759 0.9756
vn -0.1683 0.1054 0.9801
vn -0.1302 0.1292 0.9830
vn -0.0940 0.1514 0.9840
vn -0.0939 0.1514 0.9840
vn -0.0616 0.1716 0.9832
vn -0.0320 0.1899 0.9813
vn -0.0319 0.1901 0.9813
vn -0.0321 0.1900 0.9813
vn -0.0321 0.1898 0.9813
vn -0.0027 0.2072 0.9783
vn -0.0027 0.2071 0.9783
vn 0.0263 0.2238 0.9743
vn 0.0263 0.2237 0.9743
vn 0.0534 0.2386 0.9697
vn 0.0534 0.2386 0.9696
vn 0.0796 0.2521 0.9644
vn 0.0794 0.2522 0.9644
vn 0.0794 0.2524 0.9643
vn 0.0794 0.2523 0.9644
vn 0.1053 0.2651 0.9585
vn 0.1055 0.2652 0.9584
vn 0.1053 0.2650 0.9585
vn 0.1052 0.2651 0.9585
vn 0.1319 0.2777 0.9516
vn 0.1586 0.2896 0.9439
vn 0.1586 0.2895 0.9439
vn 0.1864 0.2975 0.9363
vn 0.1863 0.2976 0.9363
vn -0.1784 -0.0112 -0.9839
vn -0.1784 -0.0111 -0.9839
vn -0.1715 -0.0574 -0.9835
vn -0.1717 -0.0904 -0.9810
vn -0.1718 -0.0904 -0.9810
vn -0.1778 -0.0741 -0.9813
vn -0.1344 0.0180 -0.9908
vn -0.1218 -0.0297 -0.9921
vn -0.1218 -0.0298 -0.9921
vn -0.1179 -0.0624 -0.9911
vn -0.1179 -0.0625 -0.9911
vn -0.1383 -0.0617 -0.9885
vn -0.1382 -0.0617 -0.9885
vn -0.0958 0.0455 -0.9944
vn -0.0806 -0.0014 -0.9967
vn -0.0737 -0.0338 -0.9967
vn -0.0742 -0.0354 -0.9966
vn -0.0742 -0.0350 -0.9966
vn -0.0747 -0.0367 -0.9965
vn -0.0748 -0.0366 -0.9965
vn -0.0605 0.0713 -0.9956
vn -0.0605 0.0714 -0.9956
vn -0.0443 0.0260 -0.9987
vn -0.0378 -0.0093 -0.9992
vn -0.0359 -0.0059 -0.9993
vn -0.0360 -0.0059 -0.9993
vn -0.0382 -0.0136 -0.9992
vn -0.0408 -0.0173 -0.9990
vn -0.0410 -0.0171 -0.9990
vn -0.0291 0.0951 -0.9950
vn -0.0291 0.0952 -0.9950
vn -0.0127 0.0514 -0.9986
vn -0.0127 0.0515 -0.9986
vn -0.0029 0.0200 -0.9998
vn 0.0016 0.0001 -1.0000
vn 0.0018 0.0002 -1.0000
vn 0.0019 0.0002 -1.0000
vn -0.0001 0.1164 -0.9932
vn -0.0001 0.1165 -0.9932
vn 0.0167 0.0741 -0.9971
vn 0.0168 0.0741 -0.9971
vn 0.0277 0.0432 -0.9987
vn 0.0377 0.0179 -0.9991
vn 0.0376 0.0178 -0.9991
vn 0.0376 0.0179 -0.9991
vn 0.0285 0.1355 -0.9904
vn 0.0285 0.1356 -0.9904
vn 0.0455 0.0941 -0.9945
vn 0.0456 0.0941 -0.9945
vn 0.0575 0.0635 -0.9963
vn 0.0574 0.0636 -0.9963
vn 0.0669 0.0323 -0.9972
vn 0.0575 0.1530 -0.9866
vn 0.0570 0.1529 -0.9866
vn 0.0571 0.1528 -0.9866
vn 0.0743 0.1121 -0.9909
vn 0.0743 0.1120 -0.9909
vn 0.0867 0.0820 -0.9929
vn 0.0868 0.0819 -0.9929
vn 0.0867 0.0819 -0.9929
vn 0.1013 0.0532 -0.9934
vn 0.1013 0.0531 -0.9934
vn 0.0845 0.1681 -0.9821
vn 0.0845 0.1682 -0.9821
vn 0.1020 0.1281 -0.9865
vn 0.1022 0.1283 -0.9865
vn 0.1020 0.1280 -0.9865
vn 0.1153 0.0981 -0.9885
vn 0.1152 0.0981 -0.9885
vn 0.1152 0.0980 -0.9885
vn 0.1267 0.0657 -0.9898
vn 0.1267 0.0656 -0.9898
vn 0.1267 0.0658 -0.9898
vn 0.1109 0.1816 -0.9771
vn 0.1110 0.1813 -0.9771
vn 0.1109 0.1817 -0.9771
vn 0.1293 0.1411 -0.9815
vn 0.1293 0.1412 -0.9815
vn 0.1433 0.1119 -0.9833
vn 0.1433 0.1120 -0.9833
vn 0.1755 0.0633 -0.9824
vn 0.1756 0.0633 -0.9824
vn 0.1379 0.1931 -0.9714
vn 0.1380 0.1931 -0.9714
vn 0.1571 0.1527 -0.9757
vn 0.1718 0.1243 -0.9773
vn 0.1901 0.0665 -0.9795
vn 0.1899 0.0666 -0.9795
vn 0.1659 0.2045 -0.9647
vn 0.1859 0.1641 -0.9688
vn 0.1859 0.1642 -0.9687
vn 0.2014 0.1368 -0.9699
vn 0.2014 0.1369 -0.9699
vn 0.2490 0.0775 -0.9654
vn 0.2503 0.0758 -0.9652
vn 0.2464 0.0759 -0.9662
vn 0.1944 0.2155 -0.9570
vn 0.2156 0.1768 -0.9603
vn 0.2316 0.1517 -0.9609
vn 0.2316 0.1516 -0.9609
vn 0.2550 0.0744 -0.9641
vn 0.2241 0.2279 -0.9476
vn 0.2241 0.2279 -0.9475
vn 0.2462 0.1931 -0.9498
vn 0.2462 0.1930 -0.9498
vn 0.2633 0.1712 -0.9494
vn 0.2633 0.1711 -0.9494
vn 0.3944 0.0048 -0.9189
vn 0.3944 0.0047 -0.9189
vn -0.2477 0.0307 -0.9684
vn -0.2354 -0.0331 -0.9713
vn -0.2356 -0.0783 -0.9687
vn -0.2409 -0.1135 -0.9639
vn -0.2409 -0.1134 -0.9639
vn -0.2511 -0.0868 -0.9641
vn 0.3161 0.1771 -0.9321
vn 0.3161 0.1770 -0.9321
vn 0.2770 0.2188 -0.9356
vn 0.2533 0.2491 -0.9348
vn 0.2254 0.2934 -0.9290
vn 0.1967 0.2797 -0.9397
vn 0.1682 0.2722 -0.9474
vn 0.1411 0.2604 -0.9551
vn 0.1411 0.2605 -0.9551
vn 0.1140 0.2476 -0.9621
vn 0.1140 0.2479 -0.9621
vn 0.1140 0.2478 -0.9621
vn 0.1140 0.2477 -0.9621
vn 0.0879 0.2351 -0.9680
vn 0.0878 0.2351 -0.9680
vn 0.0880 0.2351 -0.9680
vn 0.0879 0.2352 -0.9680
vn 0.0615 0.2217 -0.9732
vn 0.0614 0.2217 -0.9732
vn 0.0341 0.2067 -0.9778
vn 0.0341 0.2066 -0.9778
vn 0.0049 0.1901 -0.9818
vn 0.0050 0.1900 -0.9818
vn 0.0049 0.1900 -0.9818
vn -0.0243 0.1727 -0.9847
vn -0.0242 0.1727 -0.9847
vn -0.0542 0.1541 -0.9866
vn -0.0543 0.1543 -0.9865
vn -0.0542 0.1542 -0.9866
vn -0.0869 0.1335 -0.9872
vn -0.1232 0.1110 -0.9862
vn -0.1616 0.0868 -0.9830
vn -0.1995 0.0567 -0.9783
vn -0.1995 0.0567 -0.9782
vn -0.1995 0.0566 -0.9783
vn -0.5392 0.8179 0.2009
vn -0.5044 0.8396 0.2014
vn -0.5045 0.8396 0.2014
vn -0.4728 0.8579 0.2012
vn -0.4434 0.8734 0.2012
vn -0.4164 0.8866 0.2013
vn -0.4164 0.8866 0.2014
vn -0.3911 0.8978 0.2025
vn -0.3911 0.8978 0.2024
vn -0.3910 0.8978 0.2024
vn -0.3910 0.8979 0.2023
vn -0.3656 0.9081 0.2041
vn -0.3656 0.9081 0.2043
vn -0.3656 0.9082 0.2039
vn -0.3656 0.9082 0.2037
vn -0.3399 0.9175 0.2067
vn -0.3399 0.9175 0.2066
vn -0.3151 0.9256 0.2099
vn -0.3151 0.9256 0.2098
vn -0.3151 0.9256 0.2100
vn -0.2906 0.9327 0.2137
vn -0.2655 0.9391 0.2181
vn -0.2391 0.9452 0.2224
vn -0.2114 0.9509 0.2262
vn -0.1817 0.9564 0.2285
vn -0.1818 0.9564 0.2285
vn -0.5495 0.7966 0.2518
vn -0.5095 0.8214 0.2565
vn -0.5095 0.8213 0.2565
vn -0.4741 0.8420 0.2574
vn -0.4740 0.8420 0.2574
vn -0.4419 0.8595 0.2571
vn -0.4418 0.8595 0.2571
vn -0.4126 0.8740 0.2565
vn -0.4127 0.8740 0.2565
vn -0.3850 0.8865 0.2565
vn -0.3850 0.8865 0.2569
vn -0.3850 0.8866 0.2564
vn -0.3577 0.8973 0.2586
vn -0.3577 0.8973 0.2585
vn -0.3303 0.9070 0.2612
vn -0.3304 0.9070 0.2612
vn -0.3036 0.9154 0.2644
vn -0.2771 0.9225 0.2686
vn -0.2498 0.9289 0.2735
vn -0.2210 0.9349 0.2778
vn -0.1906 0.9408 0.2802
vn -0.1576 0.9472 0.2792
vn -0.5595 0.7709 0.3045
vn -0.5143 0.7986 0.3127
vn -0.4747 0.8217 0.3155
vn -0.4394 0.8410 0.3156
vn -0.4073 0.8572 0.3153
vn -0.4072 0.8571 0.3155
vn -0.3771 0.8707 0.3156
vn -0.3769 0.8706 0.3161
vn -0.3770 0.8707 0.3160
vn -0.3478 0.8822 0.3176
vn -0.3477 0.8822 0.3176
vn -0.3480 0.8820 0.3178
vn -0.3481 0.8820 0.3176
vn -0.3182 0.8923 0.3201
vn -0.3182 0.8923 0.3202
vn -0.3182 0.8924 0.3201
vn -0.2894 0.9011 0.3230
vn -0.2894 0.9010 0.3230
vn -0.2608 0.9084 0.3268
vn -0.2314 0.9148 0.3311
vn -0.2003 0.9209 0.3343
vn -0.1674 0.9273 0.3348
vn -0.1294 0.9340 0.3329
vn -0.5671 0.7403 0.3610
vn -0.5172 0.7714 0.3707
vn -0.4736 0.7970 0.3748
vn -0.4350 0.8181 0.3761
vn -0.3998 0.8356 0.3768
vn -0.3999 0.8356 0.3767
vn -0.3999 0.8356 0.3768
vn -0.3670 0.8500 0.3780
vn -0.3670 0.8499 0.3780
vn -0.3670 0.8500 0.3779
vn -0.3350 0.8622 0.3800
vn -0.3035 0.8728 0.3823
vn -0.3034 0.8727 0.3826
vn -0.3036 0.8728 0.3823
vn -0.3036 0.8728 0.3822
vn -0.2728 0.8819 0.3845
vn -0.2728 0.8819 0.3846
vn -0.2421 0.8896 0.3872
vn -0.2421 0.8896 0.3873
vn -0.2107 0.8963 0.3901
vn -0.1774 0.9027 0.3921
vn -0.1774 0.9027 0.3920
vn -0.1416 0.9091 0.3917
vn -0.0963 0.9156 0.3904
vn -0.5713 0.7065 0.4177
vn -0.5171 0.7407 0.4289
vn -0.4699 0.7683 0.4346
vn -0.4280 0.7908 0.4376
vn -0.3897 0.8092 0.4397
vn -0.3898 0.8092 0.4397
vn -0.3542 0.8242 0.4419
vn -0.3199 0.8369 0.4442
vn -0.3199 0.8369 0.4441
vn -0.2864 0.8480 0.4459
vn -0.2864 0.8480 0.4460
vn -0.2864 0.8481 0.4458
vn -0.2540 0.8575 0.4474
vn -0.2216 0.8658 0.4486
vn -0.2216 0.8659 0.4486
vn -0.1882 0.8731 0.4497
vn -0.1882 0.8731 0.4496
vn -0.1534 0.8800 0.4496
vn -0.1143 0.8864 0.4487
vn -0.1142 0.8863 0.4487
vn -0.0614 0.8922 0.4475
vn -0.0615 0.8922 0.4475
vn -0.5708 0.6699 0.4749
vn -0.5708 0.6698 0.4749
vn -0.5707 0.6698 0.4749
vn -0.5130 0.7068 0.4870
vn -0.5130 0.7068 0.4871
vn -0.4624 0.7359 0.4945
vn -0.4176 0.7592 0.4993
vn -0.3767 0.7780 0.5029
vn -0.3766 0.7779 0.5030
vn -0.3766 0.7780 0.5029
vn -0.3767 0.7780 0.5028
vn -0.3387 0.7935 0.5056
vn -0.3387 0.7935 0.5057
vn -0.3025 0.8066 0.5078
vn -0.3024 0.8066 0.5079
vn -0.3024 0.8067 0.5078
vn -0.2674 0.8181 0.5092
vn -0.2673 0.8181 0.5092
vn -0.2333 0.8280 0.5098
vn -0.2333 0.8281 0.5098
vn -0.1995 0.8369 0.5097
vn -0.1649 0.8449 0.5089
vn -0.1651 0.8449 0.5088
vn -0.1649 0.8449 0.5088
vn -0.1286 0.8524 0.5069
vn -0.1287 0.8524 0.5069
vn -0.0864 0.8590 0.5047
vn -0.0275 0.8642 0.5023
vn -0.0275 0.8642 0.5024
vn -0.5642 0.6303 0.5332
vn -0.5642 0.6303 0.5333
vn -0.5038 0.6697 0.5456
vn -0.5038 0.6696 0.5457
vn -0.4506 0.7000 0.5540
vn -0.4505 0.6999 0.5542
vn -0.4507 0.7001 0.5538
vn -0.4508 0.6999 0.5540
vn -0.4035 0.7238 0.5598
vn -0.4034 0.7237 0.5598
vn -0.3605 0.7430 0.5639
vn -0.3605 0.7430 0.5640
vn -0.3207 0.7589 0.5668
vn -0.2831 0.7723 0.5686
vn -0.2831 0.7724 0.5686
vn -0.2831 0.7723 0.5687
vn -0.2468 0.7840 0.5696
vn -0.2469 0.7841 0.5694
vn -0.2469 0.7841 0.5695
vn -0.2116 0.7943 0.5695
vn -0.2117 0.7944 0.5694
vn -0.1768 0.8035 0.5684
vn -0.1768 0.8037 0.5682
vn -0.1768 0.8035 0.5685
vn -0.1412 0.8119 0.5665
vn -0.1039 0.8198 0.5632
vn -0.1040 0.8199 0.5630
vn -0.1039 0.8198 0.5631
vn -0.0594 0.8270 0.5591
vn 0.0033 0.8322 0.5544
vn -0.5504 0.5884 0.5923
vn -0.4887 0.6295 0.6041
vn -0.4887 0.6295 0.6040
vn -0.4342 0.6607 0.6124
vn -0.3853 0.6848 0.6186
vn -0.3855 0.6850 0.6183
vn -0.3854 0.6849 0.6184
vn -0.3414 0.7044 0.6223
vn -0.3006 0.7206 0.6248
vn -0.2622 0.7343 0.6261
vn -0.2623 0.7343 0.6261
vn -0.2251 0.7460 0.6267
vn -0.2252 0.7461 0.6266
vn -0.1892 0.7565 0.6260
vn -0.1891 0.7565 0.6260
vn -0.1894 0.7567 0.6258
vn -0.1536 0.7658 0.6244
vn -0.1536 0.7658 0.6245
vn -0.1536 0.7659 0.6244
vn -0.1174 0.7744 0.6218
vn -0.1174 0.7744 0.6217
vn -0.1174 0.7743 0.6218
vn -0.0798 0.7822 0.6179
vn -0.0799 0.7826 0.6174
vn -0.0797 0.7821 0.6180
vn -0.0344 0.7901 0.6120
vn 0.0297 0.7962 0.6044
vn 0.0297 0.7961 0.6044
vn 0.0296 0.7964 0.6041
vn -0.5288 0.5437 0.6518
vn -0.5288 0.5437 0.6517
vn -0.4667 0.5855 0.6629
vn -0.4116 0.6162 0.6715
vn -0.3622 0.6397 0.6779
vn -0.3622 0.6398 0.6779
vn -0.3622 0.6398 0.6778
vn -0.3174 0.6587 0.6822
vn -0.2763 0.6746 0.6845
vn -0.2763 0.6747 0.6845
vn -0.2375 0.6885 0.6853
vn -0.2375 0.6884 0.6853
vn -0.2374 0.6884 0.6853
vn -0.2000 0.7005 0.6850
vn -0.1638 0.7110 0.6838
vn -0.1284 0.7205 0.6814
vn -0.1284 0.7206 0.6814
vn -0.1283 0.7204 0.6816
vn -0.1284 0.7205 0.6815
vn -0.0925 0.7295 0.6777
vn -0.0549 0.7378 0.6727
vn -0.0550 0.7379 0.6727
vn -0.0113 0.7472 0.6645
vn 0.0516 0.7552 0.6535
vn -0.4991 0.4958 0.7107
vn -0.4991 0.4957 0.7107
vn -0.4378 0.5367 0.7213
vn -0.4379 0.5367 0.7213
vn -0.4378 0.5366 0.7213
vn -0.3828 0.5657 0.7304
vn -0.3333 0.5874 0.7375
vn -0.3333 0.5873 0.7375
vn -0.2882 0.6048 0.7424
vn -0.2883 0.6048 0.7424
vn -0.2471 0.6197 0.7449
vn -0.2472 0.6197 0.7449
vn -0.2084 0.6333 0.7453
vn -0.2084 0.6333 0.7454
vn -0.1712 0.6456 0.7442
vn -0.1712 0.6457 0.7442
vn -0.1712 0.6455 0.7443
vn -0.1356 0.6565 0.7420
vn -0.1355 0.6565 0.7420
vn -0.1009 0.6668 0.7384
vn -0.1009 0.6669 0.7383
vn -0.1008 0.6668 0.7384
vn -0.0662 0.6772 0.7329
vn -0.0662 0.6771 0.7329
vn -0.0300 0.6867 0.7263
vn 0.0105 0.6975 0.7166
vn 0.0105 0.6974 0.7166
vn 0.0105 0.6975 0.7165
vn 0.0698 0.7079 0.7029
vn 0.0698 0.7078 0.7029
vn -0.4613 0.4428 0.7689
vn -0.4613 0.4428 0.7688
vn -0.4019 0.4819 0.7786
vn -0.3479 0.5085 0.7876
vn -0.3479 0.5086 0.7876
vn -0.2989 0.5277 0.7951
vn -0.2543 0.5429 0.8004
vn -0.2136 0.5565 0.8029
vn -0.2136 0.5566 0.8029
vn -0.1757 0.5697 0.8029
vn -0.1757 0.5698 0.8028
vn -0.1391 0.5823 0.8010
vn -0.1390 0.5823 0.8010
vn -0.1046 0.5941 0.7976
vn -0.1047 0.5939 0.7977
vn -0.1049 0.5942 0.7975
vn -0.1045 0.5943 0.7974
vn -0.0716 0.6055 0.7926
vn -0.0389 0.6174 0.7857
vn -0.0049 0.6289 0.7775
vn -0.0049 0.6288 0.7775
vn 0.0325 0.6403 0.7674
vn 0.0325 0.6404 0.7674
vn 0.0857 0.6526 0.7529
vn 0.0857 0.6525 0.7529
vn -0.4157 0.3833 0.8248
vn -0.3593 0.4196 0.8336
vn -0.3073 0.4438 0.8418
vn -0.2596 0.4610 0.8486
vn -0.2165 0.4742 0.8534
vn -0.1770 0.4866 0.8555
vn -0.1403 0.4995 0.8549
vn -0.1402 0.4995 0.8549
vn -0.1052 0.5123 0.8524
vn -0.1050 0.5120 0.8526
vn -0.1051 0.5122 0.8524
vn -0.1052 0.5122 0.8524
vn -0.0723 0.5249 0.8481
vn -0.0412 0.5379 0.8420
vn -0.0108 0.5515 0.8341
vn -0.0109 0.5515 0.8341
vn 0.0208 0.5646 0.8251
vn 0.0208 0.5645 0.8251
vn 0.0555 0.5759 0.8156
vn 0.1008 0.5890 0.8018
vn -0.3659 0.3215 0.8734
vn -0.3659 0.3214 0.8734
vn -0.3123 0.3516 0.8825
vn -0.2626 0.3721 0.8903
vn -0.2626 0.3720 0.8903
vn -0.2627 0.3721 0.8903
vn -0.2172 0.3876 0.8959
vn -0.1760 0.4000 0.8995
vn -0.1387 0.4120 0.9006
vn -0.1387 0.4121 0.9005
vn -0.1038 0.4249 0.8993
vn -0.1040 0.4252 0.8991
vn -0.1038 0.4250 0.8992
vn -0.0701 0.4384 0.8960
vn -0.0702 0.4384 0.8960
vn -0.0699 0.4383 0.8961
vn -0.0699 0.4382 0.8961
vn -0.0392 0.4518 0.8913
vn -0.0391 0.4518 0.8913
vn -0.0103 0.4659 0.8848
vn 0.0179 0.4807 0.8767
vn 0.0471 0.4952 0.8675
vn 0.0785 0.5080 0.8578
vn 0.1158 0.5220 0.8451
vn 0.1158 0.5219 0.8451
vn 0.1157 0.5220 0.8451
vn -0.3129 0.2545 0.9150
vn -0.3129 0.2546 0.9150
vn -0.2620 0.2762 0.9247
vn -0.2160 0.2938 0.9312
vn -0.2160 0.2938 0.9311
vn -0.1734 0.3095 0.9350
vn -0.1351 0.3227 0.9368
vn -0.1352 0.3228 0.9368
vn -0.1005 0.3358 0.9366
vn -0.1005 0.3357 0.9366
vn -0.1005 0.3359 0.9365
vn -0.1005 0.3360 0.9365
vn -0.0676 0.3492 0.9346
vn -0.0677 0.3494 0.9345
vn -0.0677 0.3493 0.9345
vn -0.0678 0.3492 0.9346
vn -0.0358 0.3637 0.9308
vn -0.0358 0.3636 0.9309
vn -0.0066 0.3777 0.9259
vn 0.0207 0.3921 0.9197
vn 0.0206 0.3921 0.9197
vn 0.0207 0.3920 0.9197
vn 0.0471 0.4071 0.9121
vn 0.0471 0.4071 0.9122
vn 0.0745 0.4221 0.9035
vn 0.1024 0.4367 0.8938
vn 0.1024 0.4367 0.8937
vn 0.1325 0.4523 0.8820
vn -0.5642 0.8126 0.1461
vn -0.5305 0.8346 0.1480
vn -0.5306 0.8346 0.1480
vn -0.5008 0.8531 0.1463
vn -0.4724 0.8690 0.1471
vn -0.4724 0.8690 0.1472
vn -0.4445 0.8833 0.1490
vn -0.4444 0.8834 0.1488
vn -0.4447 0.8832 0.1489
vn -0.4448 0.8832 0.1488
vn -0.4195 0.8952 0.1503
vn -0.4196 0.8952 0.1502
vn -0.4193 0.8953 0.1503
vn -0.3955 0.9058 0.1522
vn -0.3955 0.9057 0.1523
vn -0.3953 0.9058 0.1526
vn -0.3953 0.9058 0.1524
vn -0.3717 0.9154 0.1544
vn -0.3716 0.9154 0.1544
vn -0.3473 0.9245 0.1571
vn -0.3474 0.9244 0.1574
vn -0.3473 0.9245 0.1570
vn -0.3240 0.9325 0.1597
vn -0.3240 0.9325 0.1598
vn -0.3013 0.9396 0.1627
vn -0.3012 0.9396 0.1626
vn -0.3012 0.9396 0.1623
vn -0.2778 0.9462 0.1659
vn -0.2532 0.9526 0.1689
vn -0.2533 0.9525 0.1689
vn -0.2533 0.9525 0.1690
vn -0.2282 0.9583 0.1719
vn -0.2019 0.9633 0.1767
vn -0.2020 0.9633 0.1767
vn -0.1738 0.9688 0.1769
vn -0.1501 0.9631 0.2235
vn -0.1216 0.9550 0.2706
vn -0.0862 0.9411 0.3269
vn -0.0456 0.9199 0.3895
vn -0.0051 0.8932 0.4497
vn 0.0322 0.8629 0.5043
vn 0.0628 0.8316 0.5518
vn 0.0629 0.8316 0.5518
vn 0.0867 0.7983 0.5960
vn 0.0865 0.7983 0.5960
vn 0.1053 0.7615 0.6396
vn 0.1208 0.7179 0.6856
vn 0.1208 0.7179 0.6855
vn 0.1356 0.6647 0.7347
vn 0.1495 0.6012 0.7850
vn 0.1609 0.5328 0.8308
vn 0.1706 0.4647 0.8689
vn 0.1838 0.3929 0.9010
vn 0.1838 0.3930 0.9010
vn 0.1541 0.3782 0.9128
vn 0.1293 0.3613 0.9234
vn 0.1293 0.3614 0.9234
vn 0.1032 0.3477 0.9319
vn 0.1032 0.3476 0.9319
vn 0.1033 0.3476 0.9320
vn 0.0767 0.3336 0.9396
vn 0.0508 0.3194 0.9463
vn 0.0508 0.3193 0.9463
vn 0.0508 0.3194 0.9462
vn 0.0508 0.3195 0.9462
vn 0.0248 0.3053 0.9519
vn -0.0032 0.2906 0.9568
vn -0.0032 0.2907 0.9568
vn -0.0333 0.2753 0.9608
vn -0.0332 0.2752 0.9608
vn -0.0640 0.2602 0.9634
vn -0.0639 0.2602 0.9634
vn -0.0639 0.2600 0.9635
vn -0.0960 0.2449 0.9648
vn -0.0960 0.2448 0.9648
vn -0.1310 0.2287 0.9646
vn -0.1311 0.2289 0.9646
vn -0.1310 0.2288 0.9646
vn -0.1700 0.2105 0.9627
vn -0.1700 0.2106 0.9627
vn -0.2114 0.1912 0.9585
vn -0.2113 0.1912 0.9585
vn -0.2574 0.1757 0.9502
vn -0.3070 0.1503 0.9398
vn -0.3069 0.1503 0.9398
vn -0.3070 0.1502 0.9398
vn -0.3654 0.2164 0.9054
vn -0.3654 0.2164 0.9053
vn -0.3654 0.2163 0.9054
vn -0.4208 0.2709 0.8658
vn -0.4208 0.2710 0.8657
vn -0.4208 0.2710 0.8658
vn -0.4752 0.3264 0.8171
vn -0.5257 0.3834 0.7593
vn -0.5258 0.3835 0.7593
vn -0.5670 0.4361 0.6988
vn -0.5670 0.4360 0.6988
vn -0.5986 0.4851 0.6375
vn -0.5986 0.4851 0.6374
vn -0.6208 0.5325 0.5754
vn -0.6334 0.5782 0.5143
vn -0.6373 0.6222 0.4547
vn -0.6339 0.6636 0.3972
vn -0.6339 0.6636 0.3971
vn -0.6339 0.6637 0.3972
vn -0.6246 0.7025 0.3410
vn -0.6246 0.7026 0.3410
vn -0.6111 0.7381 0.2860
vn -0.6111 0.7380 0.2860
vn -0.5952 0.7678 0.2370
vn -0.5953 0.7678 0.2370
vn -0.5789 0.7923 0.1927
vn -0.5788 0.7923 0.1927
vn -0.5788 0.7924 0.1927
vn -0.1054 0.9850 -0.1368
vn -0.0512 0.9810 -0.1870
vn 0.0242 0.9703 -0.2408
vn 0.1095 0.9498 -0.2932
vn 0.1094 0.9498 -0.2932
vn 0.1924 0.9132 -0.3593
vn 0.2550 0.8724 -0.4170
vn 0.3025 0.8314 -0.4662
vn 0.3025 0.8314 -0.4661
vn -0.0808 0.9922 -0.0952
vn -0.0808 0.9922 -0.0951
vn -0.0012 0.9907 -0.1362
vn 0.1064 0.9717 -0.2109
vn 0.1982 0.9410 -0.2743
vn 0.1983 0.9410 -0.2743
vn 0.2766 0.9017 -0.3322
vn 0.2766 0.9018 -0.3322
vn 0.3415 0.8553 -0.3896
vn 0.3961 0.8024 -0.4464
vn -0.0516 0.9966 -0.0644
vn 0.0443 0.9933 -0.1069
vn 0.1650 0.9713 -0.1712
vn 0.2712 0.9350 -0.2286
vn 0.2713 0.9350 -0.2286
vn 0.3585 0.8902 -0.2811
vn 0.4350 0.8339 -0.3398
vn 0.4350 0.8338 -0.3398
vn 0.4899 0.7739 -0.4015
vn 0.4898 0.7739 -0.4015
vn 0.4898 0.7738 -0.4015
vn -0.0316 0.9989 -0.0356
vn 0.0847 0.9931 -0.0812
vn 0.0848 0.9931 -0.0812
vn 0.2259 0.9659 -0.1267
vn 0.3497 0.9230 -0.1604
vn 0.4589 0.8671 -0.1939
vn 0.4588 0.8671 -0.1939
vn 0.5539 0.7968 -0.2416
vn 0.6254 0.7179 -0.3058
vn -0.0149 0.9995 -0.0272
vn -0.0180 0.9995 -0.0271
vn -0.0119 0.9997 -0.0229
vn 0.1277 0.9898 -0.0638
vn 0.1278 0.9897 -0.0638
vn 0.2936 0.9522 -0.0841
vn 0.2937 0.9522 -0.0841
vn 0.4351 0.8960 -0.0889
vn 0.4350 0.8960 -0.0889
vn 0.5595 0.8230 -0.0979
vn 0.5595 0.8231 -0.0979
vn 0.6712 0.7309 -0.1239
vn 0.9046 0.3765 -0.2000
vn 0.9046 0.3765 -0.1999
vn -0.0116 0.9997 -0.0199
vn -0.0088 0.9999 -0.0145
vn 0.1757 0.9830 -0.0529
vn 0.3627 0.9307 -0.0474
vn 0.5138 0.8574 -0.0291
vn 0.6425 0.7661 -0.0188
vn 0.9042 0.4261 0.0295
vn 0.2830 0.3695 -0.8851
vn 0.2831 0.3695 -0.8851
vn 0.3502 0.3219 -0.8796
vn 0.5185 0.2621 -0.8139
vn 0.5184 0.2621 -0.8140
vn 0.2958 0.4642 -0.8349
vn 0.2958 0.4641 -0.8349
vn 0.4331 0.4009 -0.8073
vn 0.4331 0.4010 -0.8073
vn 0.5673 0.2260 -0.7919
vn 0.3426 0.5330 -0.7737
vn 0.3426 0.5329 -0.7737
vn 0.4920 0.4951 -0.7161
vn 0.4921 0.4951 -0.7161
vn 0.5802 0.4218 -0.6968
vn 0.5802 0.4218 -0.6967
vn 0.5802 0.4217 -0.6967
vn 0.5802 0.4217 -0.6968
vn 0.6603 0.1634 -0.7330
vn 0.6603 0.1635 -0.7330
vn 0.3893 0.6006 -0.6984
vn 0.3893 0.6005 -0.6984
vn 0.5109 0.5509 -0.6599
vn 0.5908 0.4824 -0.6467
vn 0.8139 0.3592 -0.4567
vn 0.8138 0.3592 -0.4568
vn 0.8138 0.3593 -0.4567
vn 0.3892 0.6832 -0.6178
vn 0.5027 0.6190 -0.6035
vn 0.5027 0.6189 -0.6035
vn 0.5863 0.5491 -0.5956
vn 0.7234 0.2114 -0.6572
vn 0.7234 0.2114 -0.6573
vn 0.3684 0.7431 -0.5586
vn 0.3684 0.7432 -0.5586
vn 0.4767 0.6857 -0.5501
vn 0.4767 0.6855 -0.5502
vn 0.4766 0.6858 -0.5500
vn 0.5673 0.6183 -0.5440
vn 0.8200 0.5489 -0.1621
vn 0.2683 0.4076 0.8728
vn 0.2683 0.4077 0.8728
vn 0.2671 0.5015 0.8229
vn 0.2671 0.5014 0.8229
vn 0.2675 0.5908 0.7612
vn 0.2675 0.5907 0.7612
vn 0.2713 0.6683 0.6927
vn 0.2714 0.6682 0.6927
vn 0.2713 0.6682 0.6927
vn 0.2773 0.7273 0.6278
vn 0.2812 0.7685 0.5748
vn 0.2771 0.7999 0.5323
vn 0.3121 0.3753 0.8728
vn 0.3121 0.3754 0.8728
vn 0.3437 0.4683 0.8140
vn 0.3436 0.4684 0.8140
vn 0.3436 0.4683 0.8140
vn 0.3755 0.5560 0.7415
vn 0.4075 0.6291 0.6620
vn 0.4075 0.6290 0.6620
vn 0.4074 0.6291 0.6620
vn 0.4192 0.7081 0.5682
vn 0.4246 0.7499 0.5073
vn 0.4236 0.7769 0.4658
vn 0.4830 0.2809 0.8293
vn 0.4831 0.2808 0.8293
vn 0.4831 0.2809 0.8293
vn 0.5050 0.2181 0.8351
vn 0.5050 0.2180 0.8351
vn 0.4788 0.4510 0.7532
vn 0.7542 0.5560 0.3493
vn 0.7542 0.5560 0.3494
vn 0.6865 0.3914 0.6128
vn 0.5630 0.6775 0.4732
vn 0.5630 0.6775 0.4733
vn 0.5335 0.7490 0.3929
vn 0.4873 0.3245 0.8107
vn 0.4872 0.3245 0.8107
vn 0.8247 0.5600 -0.0792
vn 0.8247 0.5600 -0.0793
vn 0.8321 0.3996 0.3845
vn 0.8322 0.3996 0.3845
vn -0.1026 0.9830 0.1522
vn -0.1027 0.9830 0.1522
vn -0.0831 0.9902 0.1124
vn -0.0830 0.9902 0.1123
vn -0.0831 0.9902 0.1123
vn -0.0669 0.9942 0.0842
vn -0.0669 0.9942 0.0840
vn -0.0553 0.9968 0.0583
vn -0.0553 0.9968 0.0582
vn -0.0441 0.9985 0.0320
vn -0.0310 0.9995 0.0101
vn -0.0137 0.9998 -0.0119
vn -0.0172 0.9998 -0.0054
vn -0.0123 0.9999 -0.0082
vn -0.0516 0.9773 0.2053
vn -0.0206 0.9868 0.1609
vn 0.0168 0.9916 0.1284
vn 0.0167 0.9916 0.1284
vn 0.0842 0.9908 0.1056
vn 0.0843 0.9908 0.1056
vn 0.1737 0.9808 0.0885
vn 0.1738 0.9808 0.0885
vn 0.2368 0.9702 0.0506
vn 0.2369 0.9702 0.0506
vn 0.2490 0.9685 0.0008
vn 0.2489 0.9685 0.0007
vn 0.0129 0.9619 0.2732
vn 0.0128 0.9619 0.2732
vn 0.0898 0.9652 0.2456
vn 0.2083 0.9520 0.2244
vn 0.3268 0.9294 0.1715
vn 0.3269 0.9294 0.1715
vn 0.3947 0.9108 0.1210
vn 0.4348 0.8974 0.0749
vn 0.4347 0.8974 0.0749
vn 0.4451 0.8950 0.0285
vn 0.0965 0.9304 0.3537
vn 0.0964 0.9304 0.3537
vn 0.2198 0.9226 0.3169
vn 0.3517 0.8977 0.2654
vn 0.4499 0.8697 0.2029
vn 0.5172 0.8435 0.1450
vn 0.5637 0.8208 0.0922
vn 0.5840 0.8103 0.0478
vn 0.5843 0.8101 0.0479
vn 0.5844 0.8101 0.0479
vn 0.1730 0.8929 0.4156
vn 0.1729 0.8929 0.4156
vn 0.3137 0.8776 0.3626
vn 0.4390 0.8482 0.2964
vn 0.4389 0.8482 0.2964
vn 0.5351 0.8135 0.2278
vn 0.6050 0.7792 0.1639
vn 0.6049 0.7792 0.1639
vn 0.6599 0.7441 0.1045
vn 0.6598 0.7441 0.1045
vn 0.6953 0.7168 0.0520
vn 0.2299 0.8555 0.4640
vn 0.2298 0.8555 0.4640
vn 0.3736 0.8370 0.3999
vn 0.3736 0.8369 0.3999
vn 0.4966 0.8043 0.3264
vn 0.5915 0.7661 0.2515
vn 0.5914 0.7661 0.2515
vn 0.6627 0.7267 0.1807
vn 0.8933 0.4473 0.0436
vn 0.8933 0.4474 0.0436
vn 0.8604 0.4512 0.2369
vn 0.3411 0.7871 -0.5140
vn 0.3410 0.7871 -0.5140
vn 0.4419 0.7441 -0.5011
vn 0.4420 0.7440 -0.5011
vn 0.5352 0.7012 -0.4711
vn 0.5352 0.7011 -0.4711
vn 0.8205 0.3485 -0.4531
vn 0.8205 0.3486 -0.4531
vn 0.2600 0.8288 0.4954
vn 0.4046 0.8079 0.4285
vn 0.5204 0.7786 0.3506
vn 0.5205 0.7785 0.3507
vn 0.5204 0.7786 0.3507
vn 0.6100 0.7447 0.2710
vn 0.6099 0.7447 0.2710
vn 0.8462 0.4923 0.2037
vn 0.8462 0.4924 0.2037
vn 0.2216 0.9746 -0.0311
vn 0.4188 0.9080 -0.0088
vn 0.5682 0.8227 0.0173
vn 0.5683 0.8227 0.0173
vn 0.6909 0.7219 0.0390
vn 0.8815 0.4484 -0.1479
vn -0.1558 0.9788 -0.1332
vn -0.1559 0.9788 -0.1332
vn -0.1237 0.9758 -0.1802
vn -0.0908 0.9699 -0.2257
vn -0.0909 0.9700 -0.2257
vn -0.0501 0.9591 -0.2787
vn 0.0028 0.9407 -0.3393
vn 0.0028 0.9407 -0.3392
vn 0.0630 0.9165 -0.3951
vn 0.1209 0.8881 -0.4435
vn 0.1693 0.8534 -0.4930
vn -0.1481 0.9844 -0.0951
vn -0.1481 0.9844 -0.0950
vn -0.1382 0.9881 -0.0677
vn -0.1381 0.9881 -0.0677
vn -0.1237 0.9914 -0.0418
vn -0.1045 0.9943 -0.0214
vn -0.0880 0.9961 -0.0060
vn -0.0883 0.9961 -0.0076
vn -0.0900 0.9959 -0.0108
vn -0.0865 0.9962 -0.0034
vn -0.0870 0.9962 0.0002
vn -0.0862 0.9963 0.0019
vn -0.0869 0.9962 0.0048
vn 0.2370 0.3447 -0.9083
vn 0.2370 0.3448 -0.9083
vn 0.2753 0.2953 -0.9149
vn 0.3049 0.2625 -0.9155
vn 0.3500 0.1899 -0.9173
vn 0.3500 0.1898 -0.9173
vn 0.2299 0.4204 -0.8777
vn 0.2229 0.4890 -0.8433
vn 0.2229 0.4889 -0.8434
vn 0.2143 0.5608 -0.7997
vn 0.2143 0.5609 -0.7997
vn 0.2029 0.6520 -0.7305
vn 0.2029 0.6521 -0.7305
vn 0.2083 0.7161 -0.6662
vn 0.2157 0.7641 -0.6079
vn 0.2036 0.8104 -0.5494
vn 0.2036 0.8104 -0.5493
vn 0.2276 0.3665 0.9022
vn 0.2277 0.3665 0.9021
vn 0.2189 0.4498 0.8659
vn 0.2189 0.4497 0.8659
vn 0.2091 0.5283 0.8229
vn 0.2092 0.5283 0.8229
vn 0.1985 0.6030 0.7726
vn 0.1881 0.6703 0.7178
vn 0.1881 0.6704 0.7178
vn 0.1793 0.7254 0.6646
vn 0.1712 0.7676 0.6176
vn 0.1595 0.8014 0.5765
vn 0.2632 0.3231 0.9090
vn 0.2632 0.3232 0.9090
vn 0.2901 0.2956 0.9102
vn 0.2902 0.2956 0.9102
vn 0.3513 0.1277 0.9275
vn -0.1546 0.9768 0.1484
vn -0.1546 0.9768 0.1485
vn -0.1463 0.9830 0.1106
vn -0.1463 0.9830 0.1107
vn -0.1353 0.9874 0.0820
vn -0.1222 0.9908 0.0583
vn -0.1109 0.9931 0.0384
vn -0.0969 0.9952 0.0126
vn -0.1019 0.9946 0.0220
vn -0.0982 0.9950 0.0188
vn -0.0920 0.9957 0.0101
vn -0.0902 0.9959 0.0059
vn -0.1225 0.9729 0.1962
vn -0.0863 0.9648 0.2485
vn -0.0411 0.9495 0.3111
vn 0.0114 0.9248 0.3802
vn 0.0115 0.9248 0.3802
vn 0.0640 0.8939 0.4437
vn 0.1097 0.8606 0.4973
vn 0.1096 0.8606 0.4973
vn 0.1396 0.8323 0.5364
vn -0.1827 0.9596 -0.2139
vn -0.2128 0.9540 -0.2111
vn -0.2127 0.9540 -0.2111
vn -0.2408 0.9483 -0.2069
vn -0.2676 0.9420 -0.2025
vn -0.2675 0.9420 -0.2025
vn -0.2927 0.9355 -0.1979
vn -0.3173 0.9283 -0.1939
vn -0.3172 0.9283 -0.1939
vn -0.3419 0.9202 -0.1908
vn -0.3419 0.9201 -0.1908
vn -0.3675 0.9107 -0.1885
vn -0.3928 0.9004 -0.1870
vn -0.3928 0.9004 -0.1869
vn -0.3929 0.9004 -0.1870
vn -0.4183 0.8890 -0.1864
vn -0.4184 0.8889 -0.1865
vn -0.4185 0.8890 -0.1861
vn -0.4453 0.8757 -0.1866
vn -0.4453 0.8757 -0.1867
vn -0.4453 0.8757 -0.1868
vn -0.4747 0.8600 -0.1872
vn -0.5064 0.8416 -0.1880
vn -0.5413 0.8195 -0.1881
vn -0.1588 0.9513 -0.2643
vn -0.1587 0.9513 -0.2643
vn -0.1917 0.9448 -0.2657
vn -0.2227 0.9389 -0.2626
vn -0.2519 0.9328 -0.2579
vn -0.2518 0.9328 -0.2579
vn -0.2794 0.9263 -0.2527
vn -0.3060 0.9191 -0.2483
vn -0.3327 0.9106 -0.2452
vn -0.3327 0.9106 -0.2451
vn -0.3328 0.9106 -0.2451
vn -0.3602 0.9007 -0.2428
vn -0.3602 0.9007 -0.2429
vn -0.3875 0.8897 -0.2412
vn -0.3875 0.8898 -0.2411
vn -0.3875 0.8897 -0.2413
vn -0.3875 0.8897 -0.2415
vn -0.4152 0.8771 -0.2414
vn -0.4444 0.8624 -0.2426
vn -0.4768 0.8446 -0.2436
vn -0.5123 0.8236 -0.2434
vn -0.5525 0.7985 -0.2392
vn -0.1320 0.9392 -0.3169
vn -0.1680 0.9320 -0.3211
vn -0.2016 0.9257 -0.3201
vn -0.2333 0.9196 -0.3162
vn -0.2332 0.9196 -0.3162
vn -0.2632 0.9131 -0.3115
vn -0.2920 0.9056 -0.3076
vn -0.2920 0.9056 -0.3075
vn -0.3210 0.8968 -0.3044
vn -0.3506 0.8864 -0.3021
vn -0.3506 0.8865 -0.3021
vn -0.3506 0.8864 -0.3022
vn -0.3803 0.8747 -0.3005
vn -0.3803 0.8747 -0.3006
vn -0.4105 0.8609 -0.3006
vn -0.4428 0.8444 -0.3016
vn -0.4427 0.8444 -0.3016
vn -0.4783 0.8246 -0.3020
vn -0.4783 0.8247 -0.3020
vn -0.5180 0.8011 -0.2999
vn -0.5633 0.7729 -0.2922
vn -0.1025 0.9220 -0.3735
vn -0.1025 0.9219 -0.3735
vn -0.1418 0.9145 -0.3789
vn -0.1781 0.9081 -0.3790
vn -0.2121 0.9018 -0.3765
vn -0.2443 0.8951 -0.3731
vn -0.2754 0.8872 -0.3701
vn -0.2755 0.8872 -0.3701
vn -0.3063 0.8781 -0.3677
vn -0.3065 0.8779 -0.3678
vn -0.3063 0.8780 -0.3678
vn -0.3060 0.8782 -0.3676
vn -0.3384 0.8671 -0.3656
vn -0.3706 0.8546 -0.3637
vn -0.3706 0.8546 -0.3638
vn -0.4037 0.8398 -0.3630
vn -0.4391 0.8219 -0.3630
vn -0.4391 0.8219 -0.3629
vn -0.4779 0.8003 -0.3621
vn -0.4779 0.8003 -0.3622
vn -0.5218 0.7739 -0.3588
vn -0.5720 0.7421 -0.3494
vn -0.0728 0.8999 -0.4299
vn -0.0728 0.9000 -0.4299
vn -0.1148 0.8924 -0.4363
vn -0.1149 0.8924 -0.4363
vn -0.1534 0.8857 -0.4382
vn -0.1535 0.8857 -0.4382
vn -0.1893 0.8790 -0.4377
vn -0.2233 0.8716 -0.4364
vn -0.2232 0.8716 -0.4364
vn -0.2564 0.8632 -0.4349
vn -0.2563 0.8632 -0.4349
vn -0.2896 0.8535 -0.4332
vn -0.2896 0.8535 -0.4333
vn -0.3234 0.8423 -0.4313
vn -0.3234 0.8422 -0.4314
vn -0.3235 0.8422 -0.4313
vn -0.3581 0.8291 -0.4292
vn -0.3581 0.8292 -0.4292
vn -0.3581 0.8291 -0.4293
vn -0.3942 0.8136 -0.4274
vn -0.3942 0.8136 -0.4275
vn -0.4326 0.7948 -0.4256
vn -0.4326 0.7948 -0.4257
vn -0.4749 0.7717 -0.4231
vn -0.5226 0.7432 -0.4178
vn -0.5770 0.7081 -0.4070
vn -0.5771 0.7081 -0.4070
vn -0.0435 0.8730 -0.4858
vn -0.0434 0.8730 -0.4858
vn -0.0878 0.8654 -0.4933
vn -0.0878 0.8655 -0.4932
vn -0.1280 0.8582 -0.4971
vn -0.1652 0.8507 -0.4989
vn -0.1653 0.8508 -0.4989
vn -0.2008 0.8427 -0.4995
vn -0.2007 0.8427 -0.4995
vn -0.2007 0.8428 -0.4994
vn -0.2354 0.8338 -0.4994
vn -0.2354 0.8337 -0.4995
vn -0.2702 0.8235 -0.4988
vn -0.2701 0.8235 -0.4988
vn -0.3061 0.8115 -0.4978
vn -0.3059 0.8118 -0.4974
vn -0.3061 0.8115 -0.4977
vn -0.3427 0.7983 -0.4953
vn -0.3425 0.7981 -0.4957
vn -0.3426 0.7982 -0.4954
vn -0.3427 0.7984 -0.4952
vn -0.3812 0.7824 -0.4924
vn -0.4226 0.7631 -0.4890
vn -0.4226 0.7630 -0.4891
vn -0.4681 0.7391 -0.4844
vn -0.4680 0.7391 -0.4845
vn -0.5191 0.7092 -0.4771
vn -0.5772 0.6712 -0.4651
vn -0.5772 0.6712 -0.4650
vn -0.5772 0.6713 -0.4650
vn -0.0151 0.8404 -0.5418
vn -0.0151 0.8404 -0.5417
vn -0.0614 0.8331 -0.5498
vn -0.0614 0.8331 -0.5497
vn -0.1027 0.8255 -0.5550
vn -0.1027 0.8255 -0.5549
vn -0.1410 0.8176 -0.5582
vn -0.1774 0.8091 -0.5603
vn -0.2128 0.7996 -0.5616
vn -0.2127 0.7995 -0.5617
vn -0.2131 0.7996 -0.5614
vn -0.2132 0.7997 -0.5612
vn -0.2491 0.7891 -0.5614
vn -0.2863 0.7771 -0.5604
vn -0.2863 0.7772 -0.5604
vn -0.2863 0.7771 -0.5605
vn -0.3245 0.7634 -0.5585
vn -0.3245 0.7633 -0.5586
vn -0.3246 0.7634 -0.5585
vn -0.3247 0.7633 -0.5585
vn -0.3651 0.7471 -0.5554
vn -0.3653 0.7468 -0.5557
vn -0.3652 0.7467 -0.5559
vn -0.4089 0.7273 -0.5512
vn -0.4089 0.7274 -0.5512
vn -0.4567 0.7029 -0.5452
vn -0.4567 0.7030 -0.5452
vn -0.4567 0.7029 -0.5453
vn -0.5104 0.6718 -0.5368
vn -0.5714 0.6316 -0.5241
vn -0.5713 0.6315 -0.5242
vn -0.5713 0.6316 -0.5241
vn 0.0113 0.8020 -0.5973
vn 0.0113 0.8019 -0.5973
vn 0.0112 0.8020 -0.5972
vn -0.0359 0.7952 -0.6053
vn -0.0358 0.7952 -0.6052
vn -0.0359 0.7953 -0.6052
vn -0.0780 0.7877 -0.6111
vn -0.0780 0.7878 -0.6110
vn -0.1167 0.7795 -0.6154
vn -0.1167 0.7796 -0.6154
vn -0.1537 0.7709 -0.6181
vn -0.1537 0.7708 -0.6182
vn -0.1538 0.7708 -0.6182
vn -0.1902 0.7613 -0.6198
vn -0.1902 0.7614 -0.6198
vn -0.1902 0.7613 -0.6199
vn -0.1901 0.7612 -0.6200
vn -0.2271 0.7506 -0.6205
vn -0.2271 0.7507 -0.6204
vn -0.2650 0.7385 -0.6200
vn -0.3043 0.7245 -0.6185
vn -0.3043 0.7244 -0.6185
vn -0.3459 0.7080 -0.6157
vn -0.3908 0.6882 -0.6113
vn -0.3908 0.6881 -0.6113
vn -0.4404 0.6633 -0.6050
vn -0.4404 0.6634 -0.6050
vn -0.4956 0.6316 -0.5962
vn -0.4957 0.6315 -0.5962
vn -0.4957 0.6316 -0.5962
vn -0.5581 0.5897 -0.5838
vn -0.5580 0.5896 -0.5839
vn 0.0360 0.7569 -0.6525
vn 0.0360 0.7570 -0.6525
vn -0.0110 0.7506 -0.6607
vn -0.0526 0.7425 -0.6678
vn -0.0909 0.7336 -0.6734
vn -0.0909 0.7337 -0.6734
vn -0.1276 0.7243 -0.6776
vn -0.1276 0.7241 -0.6778
vn -0.1276 0.7242 -0.6776
vn -0.1638 0.7143 -0.6804
vn -0.1640 0.7144 -0.6803
vn -0.1640 0.7143 -0.6803
vn -0.2010 0.7034 -0.6818
vn -0.2010 0.7034 -0.6817
vn -0.2011 0.7035 -0.6816
vn -0.2009 0.7034 -0.6818
vn -0.2393 0.6915 -0.6816
vn -0.2393 0.6913 -0.6818
vn -0.2394 0.6916 -0.6814
vn -0.2793 0.6770 -0.6809
vn -0.3214 0.6610 -0.6781
vn -0.3214 0.6609 -0.6781
vn -0.3673 0.6418 -0.6732
vn -0.4176 0.6181 -0.6659
vn -0.4176 0.6181 -0.6660
vn -0.4737 0.5869 -0.6566
vn -0.5366 0.5444 -0.6448
vn 0.0590 0.7051 -0.7067
vn 0.0590 0.7050 -0.7067
vn 0.0133 0.6986 -0.7154
vn 0.0132 0.6986 -0.7154
vn -0.0266 0.6894 -0.7239
vn -0.0634 0.6790 -0.7314
vn -0.0989 0.6682 -0.7374
vn -0.0989 0.6681 -0.7375
vn -0.0989 0.6681 -0.7374
vn -0.1343 0.6572 -0.7416
vn -0.1708 0.6460 -0.7440
vn -0.1708 0.6459 -0.7440
vn -0.2090 0.6335 -0.7450
vn -0.2090 0.6336 -0.7449
vn -0.2488 0.6198 -0.7443
vn -0.2488 0.6197 -0.7443
vn -0.2911 0.6048 -0.7413
vn -0.3373 0.5876 -0.7355
vn -0.3373 0.5875 -0.7355
vn -0.3881 0.5659 -0.7274
vn -0.4443 0.5368 -0.7173
vn -0.4442 0.5368 -0.7173
vn -0.5065 0.4953 -0.7058
vn 0.0810 0.6460 -0.7591
vn 0.0810 0.6459 -0.7591
vn 0.0374 0.6393 -0.7680
vn -0.0004 0.6288 -0.7776
vn -0.0349 0.6164 -0.7867
vn -0.0681 0.6035 -0.7945
vn -0.0681 0.6034 -0.7945
vn -0.0681 0.6035 -0.7944
vn -0.1018 0.5912 -0.8001
vn -0.1019 0.5912 -0.8001
vn -0.1372 0.5791 -0.8036
vn -0.1372 0.5792 -0.8036
vn -0.1746 0.5664 -0.8054
vn -0.2135 0.5533 -0.8052
vn -0.2135 0.5532 -0.8052
vn -0.2136 0.5533 -0.8051
vn -0.2555 0.5399 -0.8020
vn -0.3013 0.5251 -0.7959
vn -0.3014 0.5252 -0.7959
vn -0.3518 0.5064 -0.7873
vn -0.4071 0.4798 -0.7772
vn -0.4677 0.4403 -0.7664
vn -0.4676 0.4403 -0.7664
vn 0.1026 0.5796 -0.8084
vn 0.0619 0.5727 -0.8174
vn 0.0266 0.5609 -0.8274
vn 0.0266 0.5610 -0.8274
vn -0.0053 0.5467 -0.8373
vn -0.0361 0.5320 -0.8460
vn -0.0361 0.5319 -0.8460
vn -0.0677 0.5181 -0.8526
vn -0.0677 0.5182 -0.8526
vn -0.1012 0.5052 -0.8571
vn -0.1012 0.5051 -0.8571
vn -0.1373 0.4922 -0.8596
vn -0.1372 0.4921 -0.8597
vn -0.1373 0.4923 -0.8595
vn -0.1373 0.4924 -0.8595
vn -0.1749 0.4794 -0.8600
vn -0.1750 0.4794 -0.8600
vn -0.2155 0.4675 -0.8573
vn -0.2601 0.4549 -0.8517
vn -0.3093 0.4384 -0.8439
vn -0.3625 0.4146 -0.8347
vn -0.3625 0.4145 -0.8347
vn -0.4200 0.3781 -0.8250
vn 0.1219 0.5117 -0.8505
vn 0.1219 0.5116 -0.8505
vn 0.0858 0.5018 -0.8607
vn 0.0542 0.4876 -0.8714
vn 0.0543 0.4876 -0.8714
vn 0.0542 0.4875 -0.8714
vn 0.0246 0.4719 -0.8813
vn -0.0038 0.4560 -0.8900
vn -0.0038 0.4559 -0.8900
vn -0.0331 0.4412 -0.8968
vn -0.0647 0.4274 -0.9018
vn -0.0645 0.4275 -0.9017
vn -0.0644 0.4274 -0.9017
vn -0.0646 0.4273 -0.9018
vn -0.0989 0.4140 -0.9049
vn -0.0989 0.4139 -0.9049
vn -0.1347 0.4012 -0.9060
vn -0.1347 0.4013 -0.9060
vn -0.1347 0.4014 -0.9060
vn -0.1731 0.3897 -0.9045
vn -0.1731 0.3897 -0.9046
vn -0.2154 0.3780 -0.9004
vn -0.2622 0.3631 -0.8941
vn -0.3131 0.3431 -0.8856
vn -0.3680 0.3131 -0.8755
vn 0.1411 0.4411 -0.8863
vn 0.1108 0.4266 -0.8977
vn 0.1107 0.4266 -0.8977
vn 0.1108 0.4265 -0.8977
vn 0.0826 0.4107 -0.9080
vn 0.0550 0.3947 -0.9172
vn 0.0281 0.3789 -0.9250
vn 0.0280 0.3789 -0.9250
vn 0.0007 0.3639 -0.9314
vn 0.0007 0.3638 -0.9315
vn -0.0290 0.3494 -0.9365
vn -0.0291 0.3495 -0.9365
vn -0.0290 0.3493 -0.9365
vn -0.0613 0.3350 -0.9402
vn -0.0612 0.3351 -0.9402
vn -0.0947 0.3216 -0.9421
vn -0.1302 0.3090 -0.9421
vn -0.1694 0.2961 -0.9400
vn -0.1693 0.2962 -0.9400
vn -0.2129 0.2812 -0.9357
vn -0.2603 0.2641 -0.9287
vn -0.3126 0.2431 -0.9183
vn -0.1749 0.9711 -0.1621
vn -0.2035 0.9657 -0.1616
vn -0.2035 0.9656 -0.1616
vn -0.2297 0.9606 -0.1566
vn -0.2551 0.9546 -0.1537
vn -0.2550 0.9546 -0.1537
vn -0.2797 0.9482 -0.1506
vn -0.3030 0.9415 -0.1475
vn -0.3030 0.9415 -0.1476
vn -0.3257 0.9343 -0.1446
vn -0.3258 0.9344 -0.1445
vn -0.3493 0.9262 -0.1418
vn -0.3493 0.9262 -0.1419
vn -0.3492 0.9263 -0.1418
vn -0.3491 0.9263 -0.1418
vn -0.3732 0.9172 -0.1397
vn -0.3969 0.9075 -0.1376
vn -0.3968 0.9076 -0.1374
vn -0.3969 0.9075 -0.1378
vn -0.3969 0.9075 -0.1377
vn -0.4208 0.8969 -0.1358
vn -0.4209 0.8969 -0.1359
vn -0.4206 0.8970 -0.1362
vn -0.4206 0.8970 -0.1361
vn -0.4461 0.8847 -0.1350
vn -0.4461 0.8848 -0.1351
vn -0.4461 0.8848 -0.1350
vn -0.4462 0.8847 -0.1348
vn -0.4735 0.8706 -0.1338
vn -0.4735 0.8706 -0.1339
vn -0.4734 0.8706 -0.1337
vn -0.4735 0.8706 -0.1337
vn -0.5019 0.8546 -0.1331
vn -0.5020 0.8546 -0.1330
vn -0.5020 0.8546 -0.1331
vn -0.5318 0.8360 -0.1351
vn -0.5654 0.8139 -0.1336
vn -0.5809 0.7938 -0.1803
vn -0.5981 0.7693 -0.2248
vn -0.5980 0.7693 -0.2248
vn -0.6149 0.7395 -0.2740
vn -0.6295 0.7036 -0.3295
vn -0.6295 0.7037 -0.3295
vn -0.6397 0.6645 -0.3864
vn -0.6439 0.6227 -0.4445
vn -0.6408 0.5785 -0.5047
vn -0.6288 0.5326 -0.5665
vn -0.6069 0.4848 -0.6298
vn -0.5750 0.4344 -0.6933
vn -0.5327 0.3799 -0.7563
vn -0.4804 0.3201 -0.8166
vn -0.4803 0.3201 -0.8166
vn -0.4237 0.2620 -0.8671
vn -0.3659 0.2048 -0.9078
vn -0.3660 0.2049 -0.9078
vn -0.3660 0.2048 -0.9078
vn -0.3046 0.1356 -0.9428
vn -0.2539 0.1607 -0.9538
vn -0.2069 0.1755 -0.9625
vn -0.2069 0.1756 -0.9625
vn -0.1647 0.1945 -0.9670
vn -0.1647 0.1946 -0.9670
vn -0.1251 0.2126 -0.9691
vn -0.1251 0.2125 -0.9691
vn -0.0895 0.2288 -0.9693
vn -0.0895 0.2287 -0.9694
vn -0.0898 0.2288 -0.9693
vn -0.0896 0.2288 -0.9693
vn -0.0571 0.2440 -0.9681
vn -0.0260 0.2592 -0.9655
vn -0.0260 0.2591 -0.9655
vn -0.0261 0.2592 -0.9655
vn -0.0261 0.2593 -0.9655
vn 0.0044 0.2745 -0.9616
vn 0.0326 0.2892 -0.9567
vn 0.0592 0.3036 -0.9510
vn 0.0591 0.3037 -0.9509
vn 0.0852 0.3182 -0.9442
vn 0.0853 0.3182 -0.9442
vn 0.1119 0.3329 -0.9363
vn 0.1120 0.3328 -0.9363
vn 0.1386 0.3472 -0.9275
vn 0.1634 0.3648 -0.9166
vn 0.1936 0.3767 -0.9059
vn 0.1784 0.4465 -0.8768
vn 0.1667 0.5105 -0.8436
vn 0.1523 0.5770 -0.8024
vn 0.1345 0.6438 -0.7533
vn 0.1345 0.6437 -0.7533
vn 0.1145 0.7044 -0.7005
vn 0.0912 0.7600 -0.6435
vn 0.0654 0.8088 -0.5845
vn 0.0654 0.8087 -0.5845
vn 0.0382 0.8481 -0.5284
vn 0.0382 0.8482 -0.5283
vn 0.0382 0.8482 -0.5284
vn 0.0075 0.8813 -0.4725
vn 0.0074 0.8813 -0.4725
vn -0.0262 0.9093 -0.4153
vn -0.0603 0.9317 -0.3583
vn -0.0937 0.9484 -0.3030
vn -0.1242 0.9594 -0.2532
vn -0.1510 0.9662 -0.2087
vn -0.1510 0.9663 -0.2087
vn -0.5355 0.8435 -0.0432
vn -0.5355 0.8434 -0.0432
vn -0.5045 0.8621 -0.0467
vn -0.5046 0.8621 -0.0467
vn -0.4764 0.8778 -0.0508
vn -0.4499 0.8914 -0.0548
vn -0.4257 0.9029 -0.0588
vn -0.4256 0.9030 -0.0589
vn -0.4259 0.9029 -0.0588
vn -0.4259 0.9029 -0.0586
vn -0.4027 0.9132 -0.0625
vn -0.3801 0.9227 -0.0653
vn -0.3800 0.9227 -0.0655
vn -0.3802 0.9226 -0.0653
vn -0.3801 0.9226 -0.0652
vn -0.3571 0.9316 -0.0674
vn -0.3571 0.9316 -0.0675
vn -0.3353 0.9396 -0.0689
vn -0.3352 0.9396 -0.0689
vn -0.3136 0.9470 -0.0697
vn -0.2917 0.9539 -0.0703
vn -0.2916 0.9540 -0.0700
vn -0.2917 0.9540 -0.0698
vn -0.2916 0.9540 -0.0698
vn -0.2682 0.9609 -0.0694
vn -0.2682 0.9609 -0.0695
vn -0.2437 0.9674 -0.0688
vn -0.2438 0.9674 -0.0688
vn -0.2171 0.9737 -0.0687
vn -0.5433 0.8393 -0.0208
vn -0.5098 0.8600 -0.0224
vn -0.4802 0.8768 -0.0260
vn -0.4531 0.8910 -0.0303
vn -0.4530 0.8910 -0.0303
vn -0.4284 0.9029 -0.0346
vn -0.4283 0.9030 -0.0346
vn -0.4050 0.9135 -0.0384
vn -0.3822 0.9232 -0.0411
vn -0.3821 0.9232 -0.0411
vn -0.3821 0.9232 -0.0412
vn -0.3591 0.9323 -0.0429
vn -0.3589 0.9324 -0.0434
vn -0.3590 0.9323 -0.0433
vn -0.3591 0.9323 -0.0432
vn -0.3370 0.9405 -0.0443
vn -0.3371 0.9404 -0.0443
vn -0.3371 0.9404 -0.0442
vn -0.3370 0.9405 -0.0442
vn -0.3152 0.9480 -0.0442
vn -0.3150 0.9480 -0.0447
vn -0.3150 0.9480 -0.0446
vn -0.2926 0.9552 -0.0440
vn -0.2686 0.9623 -0.0432
vn -0.2429 0.9691 -0.0428
vn -0.2140 0.9758 -0.0441
vn -0.5514 0.8342 -0.0052
vn -0.5515 0.8342 -0.0052
vn -0.5158 0.8567 -0.0061
vn -0.5186 0.8550 -0.0015
vn -0.5191 0.8547 0.0006
vn -0.4846 0.8747 -0.0092
vn -0.4867 0.8736 -0.0049
vn -0.4877 0.8730 -0.0028
vn -0.4592 0.8883 -0.0054
vn -0.4566 0.8896 -0.0132
vn -0.4565 0.8896 -0.0132
vn -0.4573 0.8893 -0.0089
vn -0.4311 0.9022 -0.0174
vn -0.4319 0.9018 -0.0137
vn -0.4353 0.9002 -0.0109
vn -0.4071 0.9132 -0.0209
vn -0.4038 0.9148 -0.0132
vn -0.4058 0.9137 -0.0219
vn -0.3856 0.9224 -0.0234
vn -0.3836 0.9232 -0.0233
vn -0.3857 0.9226 -0.0099
vn -0.3604 0.9325 -0.0247
vn -0.3607 0.9326 -0.0121
vn -0.3604 0.9324 -0.0252
vn -0.3603 0.9325 -0.0252
vn -0.3377 0.9409 -0.0260
vn -0.3381 0.9410 -0.0135
vn -0.3375 0.9410 -0.0253
vn -0.3146 0.9489 -0.0247
vn -0.3152 0.9487 -0.0261
vn -0.3151 0.9487 -0.0263
vn -0.3149 0.9490 -0.0139
vn -0.2913 0.9564 -0.0237
vn -0.2920 0.9561 -0.0254
vn -0.2913 0.9565 -0.0141
vn -0.2672 0.9633 -0.0245
vn -0.2660 0.9639 -0.0135
vn -0.2662 0.9637 -0.0221
vn -0.2387 0.9708 -0.0218
vn -0.2401 0.9705 -0.0243
vn -0.2380 0.9712 -0.0131
vn -0.2094 0.9775 -0.0259
vn -0.2093 0.9775 -0.0259
vn -0.5623 0.8269 0.0094
vn -0.5594 0.8289 0.0060
vn -0.5632 0.8263 0.0080
vn -0.5245 0.8514 0.0068
vn -0.5239 0.8517 0.0080
vn -0.4913 0.8710 0.0042
vn -0.4909 0.8712 0.0050
vn -0.4616 0.8871 0.0019
vn -0.4613 0.8872 0.0004
vn -0.4344 0.9007 -0.0030
vn -0.4356 0.9001 -0.0012
vn -0.4069 0.9134 -0.0034
vn -0.4060 0.9138 -0.0052
vn -0.3872 0.9220 -0.0021
vn -0.3869 0.9221 -0.0102
vn -0.3604 0.9328 -0.0033
vn -0.3605 0.9327 -0.0121
vn -0.3380 0.9412 -0.0046
vn -0.3376 0.9412 -0.0126
vn -0.3141 0.9493 -0.0119
vn -0.3143 0.9493 -0.0050
vn -0.2898 0.9570 -0.0110
vn -0.2896 0.9571 -0.0045
vn -0.2635 0.9646 -0.0041
vn -0.2640 0.9645 -0.0101
vn -0.2353 0.9719 -0.0090
vn -0.2344 0.9721 -0.0035
vn -0.2026 0.9792 -0.0098
vn -0.2042 0.9789 -0.0116
vn -0.2012 0.9795 -0.0039
vn -0.5682 0.8228 0.0128
vn -0.5693 0.8220 0.0113
vn -0.5294 0.8483 0.0101
vn -0.5285 0.8489 0.0111
vn -0.4950 0.8688 0.0080
vn -0.4943 0.8692 0.0086
vn -0.4640 0.8858 0.0059
vn -0.4645 0.8856 0.0056
vn -0.4367 0.8996 0.0036
vn -0.4366 0.8996 0.0030
vn -0.4094 0.9124 0.0026
vn -0.4101 0.9121 0.0026
vn -0.3875 0.9219 -0.0001
vn -0.3873 0.9219 0.0028
vn -0.3613 0.9325 0.0016
vn -0.3606 0.9327 -0.0030
vn -0.3377 0.9413 0.0012
vn -0.3375 0.9413 -0.0034
vn -0.3136 0.9496 -0.0035
vn -0.3135 0.9496 0.0012
vn -0.2883 0.9575 -0.0025
vn -0.2881 0.9576 0.0012
vn -0.2612 0.9653 0.0018
vn -0.2617 0.9651 -0.0018
vn -0.2320 0.9727 -0.0009
vn -0.2312 0.9729 0.0022
vn -0.1980 0.9802 -0.0010
vn -0.1969 0.9804 0.0026
vn -0.5724 0.8199 0.0122
vn -0.5730 0.8195 0.0089
vn -0.5325 0.8464 0.0082
vn -0.5320 0.8467 0.0109
vn -0.4973 0.8675 0.0071
vn -0.4969 0.8678 0.0089
vn -0.4659 0.8848 0.0068
vn -0.4663 0.8846 0.0060
vn -0.4381 0.8989 0.0052
vn -0.4378 0.8990 0.0052
vn -0.4116 0.9114 0.0042
vn -0.4117 0.9113 0.0044
vn -0.3866 0.9222 0.0037
vn -0.3865 0.9223 0.0036
vn -0.3614 0.9324 0.0022
vn -0.3614 0.9324 0.0039
vn -0.3375 0.9413 0.0019
vn -0.3374 0.9413 0.0036
vn -0.3130 0.9498 0.0019
vn -0.3127 0.9498 0.0037
vn -0.2873 0.9578 0.0023
vn -0.2871 0.9579 0.0037
vn -0.2599 0.9656 0.0031
vn -0.2596 0.9657 0.0043
vn -0.2296 0.9733 0.0037
vn -0.2291 0.9734 0.0048
vn -0.1946 0.9809 0.0039
vn -0.1939 0.9810 0.0055
vn -0.5733 0.8193 0.0081
vn -0.5739 0.8189 0.0012
vn -0.5332 0.8460 0.0079
vn -0.5334 0.8459 0.0015
vn -0.4965 0.8680 0.0056
vn -0.4978 0.8673 0.0022
vn -0.4669 0.8843 0.0059
vn -0.4667 0.8844 0.0027
vn -0.4391 0.8984 0.0028
vn -0.4385 0.8987 0.0052
vn -0.4117 0.9113 0.0034
vn -0.4116 0.9113 0.0044
vn -0.3866 0.9222 0.0039
vn -0.3617 0.9323 0.0044
vn -0.3615 0.9323 0.0039
vn -0.3370 0.9415 0.0045
vn -0.3369 0.9415 0.0041
vn -0.3124 0.9499 0.0040
vn -0.3124 0.9500 0.0039
vn -0.2867 0.9580 0.0046
vn -0.2868 0.9580 0.0041
vn -0.2590 0.9659 0.0048
vn -0.2592 0.9658 0.0046
vn -0.2281 0.9736 0.0051
vn -0.2284 0.9736 0.0053
vn -0.1931 0.9812 0.0059
vn -0.1927 0.9812 0.0057
vn -0.5732 0.8194 -0.0012
vn -0.5727 0.8198 -0.0003
vn -0.5323 0.8465 -0.0000
vn -0.5326 0.8463 -0.0005
vn -0.4971 0.8677 0.0011
vn -0.4975 0.8675 0.0007
vn -0.4664 0.8846 0.0018
vn -0.4660 0.8848 0.0019
vn -0.4379 0.8990 0.0027
vn -0.4382 0.8989 0.0028
vn -0.4116 0.9114 0.0041
vn -0.3864 0.9223 0.0038
vn -0.3863 0.9224 0.0048
vn -0.3615 0.9323 0.0041
vn -0.3616 0.9323 0.0059
vn -0.3370 0.9415 0.0072
vn -0.3374 0.9413 0.0043
vn -0.3128 0.9498 0.0060
vn -0.3119 0.9501 0.0061
vn -0.2871 0.9579 0.0063
vn -0.2867 0.9580 0.0073
vn -0.2595 0.9657 0.0058
vn -0.2595 0.9657 0.0062
vn -0.2289 0.9734 0.0062
vn -0.2290 0.9734 0.0063
vn -0.1938 0.9810 0.0064
vn -0.1935 0.9811 0.0071
vn -0.5700 0.8217 -0.0031
vn -0.5685 0.8227 -0.0013
vn -0.5300 0.8480 -0.0021
vn -0.5288 0.8487 -0.0006
vn -0.4946 0.8691 0.0013
vn -0.4955 0.8686 -0.0001
vn -0.4648 0.8854 0.0018
vn -0.4642 0.8857 0.0037
vn -0.4367 0.8996 0.0063
vn -0.4371 0.8994 0.0036
vn -0.4106 0.9118 0.0085
vn -0.4109 0.9117 0.0050
vn -0.3857 0.9226 0.0053
vn -0.3856 0.9226 0.0102
vn -0.3615 0.9323 0.0113
vn -0.3618 0.9322 0.0060
vn -0.3371 0.9414 0.0127
vn -0.3372 0.9414 0.0089
vn -0.3118 0.9501 0.0114
vn -0.3114 0.9502 0.0125
vn -0.2868 0.9579 0.0091
vn -0.2886 0.9574 0.0111
vn -0.2606 0.9654 0.0093
vn -0.2614 0.9652 0.0106
vn -0.2312 0.9729 0.0107
vn -0.2310 0.9729 0.0096
vn -0.1966 0.9804 0.0103
vn -0.1964 0.9805 0.0110
vn -0.5645 0.8254 -0.0010
vn -0.5625 0.8268 0.0036
vn -0.5256 0.8507 0.0001
vn -0.5241 0.8517 0.0044
vn -0.4910 0.8711 0.0068
vn -0.4921 0.8705 0.0025
vn -0.4622 0.8867 0.0054
vn -0.4614 0.8871 0.0103
vn -0.4347 0.9005 0.0137
vn -0.4352 0.9003 0.0078
vn -0.4094 0.9122 0.0166
vn -0.4096 0.9122 0.0098
vn -0.3849 0.9229 0.0111
vn -0.3849 0.9228 0.0193
vn -0.3617 0.9322 0.0114
vn -0.3609 0.9324 0.0214
vn -0.3372 0.9412 0.0225
vn -0.3375 0.9413 0.0121
vn -0.3142 0.9491 0.0206
vn -0.3105 0.9503 0.0216
vn -0.2889 0.9572 0.0156
vn -0.2923 0.9562 0.0178
vn -0.2621 0.9649 0.0166
vn -0.2634 0.9645 0.0186
vn -0.2345 0.9719 0.0185
vn -0.2333 0.9723 0.0163
vn -0.2002 0.9796 0.0180
vn -0.2009 0.9794 0.0196
vn -0.5601 0.8284 0.0044
vn -0.5201 0.8540 0.0072
vn -0.5184 0.8550 0.0148
vn -0.4867 0.8734 0.0176
vn -0.4879 0.8728 0.0097
vn -0.4590 0.8884 0.0129
vn -0.4581 0.8886 0.0216
vn -0.4327 0.9014 0.0159
vn -0.4322 0.9014 0.0258
vn -0.4077 0.9126 0.0294
vn -0.4079 0.9128 0.0186
vn -0.3840 0.9231 0.0204
vn -0.3838 0.9228 0.0327
vn -0.3604 0.9325 0.0218
vn -0.3602 0.9322 0.0353
vn -0.3369 0.9408 0.0372
vn -0.3384 0.9408 0.0219
vn -0.3145 0.9490 0.0218
vn -0.3087 0.9506 0.0334
vn -0.2884 0.9571 0.0268
vn -0.2933 0.9555 0.0313
vn -0.2641 0.9642 0.0222
vn -0.2640 0.9643 0.0222
vn -0.2355 0.9716 0.0224
vn -0.2356 0.9716 0.0224
vn -0.2030 0.9789 0.0240
vn -0.5522 0.8335 0.0161
vn -0.5522 0.8336 0.0161
vn -0.5163 0.8562 0.0168
vn -0.4850 0.8743 0.0195
vn -0.4568 0.8893 0.0233
vn -0.4312 0.9019 0.0273
vn -0.4311 0.9019 0.0273
vn -0.4069 0.9130 0.0306
vn -0.4069 0.9129 0.0307
vn -0.3834 0.9230 0.0334
vn -0.3599 0.9323 0.0352
vn -0.3371 0.9408 0.0365
vn -0.3371 0.9408 0.0364
vn -0.3144 0.9486 0.0366
vn -0.3143 0.9486 0.0369
vn -0.2911 0.9560 0.0364
vn -0.2911 0.9560 0.0365
vn -0.2661 0.9633 0.0361
vn -0.2661 0.9633 0.0362
vn -0.2661 0.9633 0.0363
vn -0.2389 0.9704 0.0367
vn -0.2079 0.9774 0.0391
vn -0.5439 0.8385 0.0324
vn -0.5102 0.8594 0.0337
vn -0.4805 0.8762 0.0372
vn -0.4804 0.8762 0.0372
vn -0.4531 0.8905 0.0413
vn -0.4283 0.9025 0.0456
vn -0.4048 0.9131 0.0493
vn -0.3817 0.9228 0.0521
vn -0.3817 0.9228 0.0520
vn -0.3816 0.9229 0.0519
vn -0.3583 0.9320 0.0541
vn -0.3583 0.9320 0.0540
vn -0.3584 0.9320 0.0543
vn -0.3361 0.9402 0.0556
vn -0.3361 0.9402 0.0558
vn -0.3361 0.9402 0.0557
vn -0.3361 0.9402 0.0554
vn -0.3141 0.9477 0.0563
vn -0.2915 0.9549 0.0561
vn -0.2915 0.9549 0.0562
vn -0.2674 0.9620 0.0558
vn -0.2413 0.9688 0.0560
vn -0.2414 0.9688 0.0560
vn -0.2123 0.9755 0.0581
vn -0.2122 0.9755 0.0582
vn -0.5358 0.8425 0.0556
vn -0.5046 0.8613 0.0589
vn -0.4764 0.8770 0.0628
vn -0.4497 0.8907 0.0670
vn -0.4497 0.8907 0.0669
vn -0.4254 0.9022 0.0710
vn -0.4019 0.9126 0.0749
vn -0.4022 0.9125 0.0745
vn -0.4022 0.9125 0.0747
vn -0.3793 0.9220 0.0774
vn -0.3794 0.9220 0.0774
vn -0.3794 0.9220 0.0773
vn -0.3564 0.9309 0.0794
vn -0.3563 0.9310 0.0796
vn -0.3566 0.9309 0.0793
vn -0.3341 0.9390 0.0815
vn -0.3343 0.9389 0.0816
vn -0.3124 0.9464 0.0826
vn -0.3124 0.9464 0.0827
vn -0.3125 0.9463 0.0828
vn -0.2902 0.9533 0.0832
vn -0.2903 0.9533 0.0831
vn -0.2902 0.9534 0.0829
vn -0.2902 0.9534 0.0830
vn -0.2667 0.9602 0.0832
vn -0.2421 0.9667 0.0831
vn -0.2153 0.9730 0.0835
vn -0.5617 0.8238 -0.0766
vn -0.5296 0.8446 -0.0779
vn -0.5297 0.8446 -0.0779
vn -0.5013 0.8613 -0.0832
vn -0.4739 0.8763 -0.0864
vn -0.4739 0.8763 -0.0865
vn -0.4739 0.8763 -0.0863
vn -0.4739 0.8763 -0.0862
vn -0.4474 0.8899 -0.0889
vn -0.4474 0.8898 -0.0893
vn -0.4232 0.9013 -0.0923
vn -0.4232 0.9013 -0.0924
vn -0.4001 0.9115 -0.0950
vn -0.4001 0.9115 -0.0952
vn -0.3772 0.9210 -0.0977
vn -0.3772 0.9210 -0.0978
vn -0.3773 0.9210 -0.0975
vn -0.3772 0.9210 -0.0975
vn -0.3540 0.9299 -0.0998
vn -0.3540 0.9299 -0.0999
vn -0.3540 0.9299 -0.0997
vn -0.3317 0.9379 -0.1018
vn -0.3317 0.9379 -0.1019
vn -0.3099 0.9451 -0.1036
vn -0.3099 0.9451 -0.1037
vn -0.3098 0.9451 -0.1038
vn -0.2877 0.9519 -0.1050
vn -0.2877 0.9520 -0.1049
vn -0.2877 0.9519 -0.1051
vn -0.2877 0.9519 -0.1052
vn -0.2642 0.9586 -0.1060
vn -0.2643 0.9586 -0.1063
vn -0.2642 0.9586 -0.1059
vn -0.2402 0.9648 -0.1066
vn -0.2162 0.9707 -0.1046
vn -0.1886 0.9763 -0.1060
vn -0.1886 0.9763 -0.1059
vn -0.1860 0.9798 -0.0736
vn -0.1859 0.9798 -0.0736
vn -0.1798 0.9824 -0.0507
vn -0.1726 0.9845 -0.0318
vn -0.1650 0.9862 -0.0152
vn -0.1564 0.9877 -0.0016
vn -0.1524 0.9883 0.0020
vn -0.1527 0.9883 -0.0010
vn -0.1457 0.9893 0.0055
vn -0.1463 0.9892 0.0041
vn -0.1442 0.9895 0.0063
vn -0.1438 0.9896 0.0061
vn -0.1455 0.9893 0.0074
vn -0.1459 0.9893 0.0088
vn -0.1507 0.9885 0.0122
vn -0.1504 0.9885 0.0136
vn -0.1539 0.9880 0.0164
vn -0.1539 0.9879 0.0164
vn -0.1619 0.9864 0.0281
vn -0.1704 0.9844 0.0450
vn -0.1780 0.9819 0.0653
vn -0.1842 0.9789 0.0890
vn -0.1869 0.9748 0.1217
vn -0.1868 0.9748 0.1217
vn -0.2144 0.9693 0.1201
vn -0.2385 0.9635 0.1212
vn -0.2385 0.9635 0.1215
vn -0.2626 0.9573 0.1208
vn -0.2626 0.9573 0.1207
vn -0.2626 0.9573 0.1210
vn -0.2859 0.9508 0.1196
vn -0.2861 0.9507 0.1193
vn -0.2861 0.9507 0.1194
vn -0.2860 0.9508 0.1194
vn -0.3085 0.9439 0.1178
vn -0.3085 0.9439 0.1179
vn -0.3084 0.9439 0.1178
vn -0.3084 0.9439 0.1177
vn -0.3303 0.9367 0.1159
vn -0.3301 0.9368 0.1157
vn -0.3302 0.9368 0.1158
vn -0.3528 0.9288 0.1135
vn -0.3528 0.9288 0.1134
vn -0.3762 0.9198 0.1110
vn -0.3763 0.9198 0.1112
vn -0.3762 0.9199 0.1111
vn -0.3762 0.9199 0.1109
vn -0.3992 0.9104 0.1085
vn -0.3993 0.9104 0.1084
vn -0.3992 0.9104 0.1084
vn -0.4225 0.9002 0.1054
vn -0.4225 0.9002 0.1052
vn -0.4225 0.9002 0.1053
vn -0.4224 0.9002 0.1057
vn -0.4468 0.8888 0.1023
vn -0.4468 0.8887 0.1023
vn -0.4733 0.8753 0.0993
vn -0.4734 0.8752 0.0993
vn -0.4732 0.8753 0.0994
vn -0.5009 0.8602 0.0961
vn -0.5009 0.8601 0.0961
vn -0.5294 0.8435 0.0909
vn -0.5615 0.8226 0.0895
vn -0.5715 0.8186 0.0581
vn -0.5829 0.8117 0.0368
vn -0.5944 0.8039 0.0203
vn -0.5944 0.8040 0.0203
vn -0.6102 0.7923 0.0004
vn -0.6089 0.7932 0.0056
vn -0.6049 0.7963 0.0074
vn -0.6155 0.7882 0.0008
vn -0.6175 0.7866 -0.0022
vn -0.6208 0.7839 0.0009
vn -0.6218 0.7832 -0.0007
vn -0.6253 0.7804 0.0058
vn -0.6212 0.7836 0.0062
vn -0.6216 0.7833 0.0105
vn -0.6210 0.7838 0.0092
vn -0.6170 0.7868 0.0132
vn -0.6160 0.7877 0.0098
vn -0.6083 0.7937 0.0057
vn -0.6079 0.7940 0.0083
vn -0.6040 0.7969 0.0034
vn -0.6040 0.7970 0.0034
vn -0.5936 0.8047 -0.0090
vn -0.5937 0.8047 -0.0090
vn -0.5823 0.8126 -0.0248
vn -0.5824 0.8126 -0.0248
vn -0.5824 0.8125 -0.0248
vn -0.5711 0.8196 -0.0455
vn -0.5712 0.8196 -0.0455
vn 0.3130 0.4327 0.8454
vn 0.3130 0.4328 0.8454
vn 0.2880 0.7315 0.6180
vn 0.2878 0.7317 0.6179
vn 0.2878 0.7315 0.6181
vn 0.2881 0.7316 0.6179
vn 0.0368 0.8362 -0.5472
vn 0.0805 0.9052 -0.4172
vn 0.0805 0.9053 -0.4170
vn 0.0802 0.9053 -0.4171
vn 0.0806 0.9053 -0.4171
vn -0.3208 0.9466 -0.0320
vn -0.3207 0.9466 -0.0320
vn -0.8438 0.3679 -0.3907
vn -0.8438 0.3678 -0.3907
vn -0.3114 0.9500 -0.0220
vn -0.2679 0.9631 -0.0237
vn -0.2680 0.9631 -0.0237
vn -0.2075 0.9781 -0.0147
vn -0.2075 0.9781 -0.0148
vn -0.2074 0.9781 -0.0148
vn -0.1236 0.9920 0.0243
vn -0.1235 0.9920 0.0243
vn -0.1235 0.9920 0.0244
vn -0.0095 0.9928 0.1194
vn -0.3707 0.9287 0.0147
vn -0.3706 0.9287 0.0147
vn -0.3706 0.9287 0.0146
vn -0.3467 0.9377 0.0251
vn -0.3467 0.9376 0.0251
vn -0.3007 0.9531 0.0353
vn -0.3004 0.9531 0.0352
vn -0.3005 0.9531 0.0352
vn -0.2390 0.9705 0.0330
vn -0.1545 0.9879 -0.0134
vn -0.1546 0.9879 -0.0134
vn -0.4868 0.6083 0.6268
vn -0.4868 0.6083 0.6269
vn -0.1451 0.9872 -0.0659
vn 0.0001 0.9589 -0.2837
vn 0.0001 0.9589 -0.2836
vn 0.0588 0.8977 0.4366
vn 0.1025 0.9771 0.1865
vn 0.1024 0.9771 0.1864
vn 0.1026 0.9770 0.1868
vn 0.1025 0.9771 0.1864
vn 0.2088 0.2963 -0.9320
vn 0.2088 0.2962 -0.9320
vn 0.1406 0.9375 0.3182
vn 0.1878 0.6811 -0.7077
vn 0.1876 0.6815 -0.7074
vn 0.1009 0.9797 -0.1730
vn 0.1011 0.9797 -0.1731
vn 0.1009 0.9797 -0.1732
vn 0.1010 0.9797 -0.1730
vn 0.8337 0.4808 0.2715
vn 0.7496 0.5936 -0.2930
vn 0.7495 0.5936 -0.2930
vn -0.9383 0.2780 0.2055
vn 0.4596 0.8678 -0.1889
vn -0.9270 0.3494 0.1365
vn 0.3425 0.9304 -0.1303
vn 0.3426 0.9304 -0.1303
vn -0.9702 0.2152 0.1117
vn 0.5508 0.8279 -0.1055
vn -0.8531 0.5195 0.0482
vn 0.3613 0.9308 -0.0559
vn 0.3613 0.9308 -0.0560
vn -0.4151 0.9096 -0.0175
vn -0.4151 0.9096 -0.0176
vn -0.4153 0.9095 -0.0175
vn -0.7898 0.6132 -0.0138
vn -0.7898 0.6132 -0.0137
vn 0.1324 0.9912 0.0074
vn -0.8374 0.5446 -0.0469
vn 0.2582 0.9638 0.0664
vn -0.9823 0.1164 -0.1469
vn -0.9823 0.1165 -0.1469
vn 0.1721 0.9696 -0.1738
vn 0.1720 0.9696 -0.1738
vn -0.2149 0.9764 0.0200
vn -0.2148 0.9765 0.0202
vn -0.2148 0.9764 0.0207
vn -0.9842 0.0746 0.1603
vn 0.4531 0.8863 -0.0957
vn -0.9318 0.3590 0.0534
vn 0.6298 0.7761 -0.0321
vn -0.9771 0.2129 0.0009
vn 0.3658 0.9304 0.0232
vn -0.9220 0.3850 -0.0412
vn 0.2557 0.9648 0.0610
vn -0.8915 0.4466 -0.0765
vn 0.5726 0.8101 0.1255
vn -0.9455 0.2935 -0.1410
vn 0.2497 0.9615 0.1143
vn 0.2498 0.9615 0.1143
vn -0.8564 0.4819 -0.1855
vn -0.8563 0.4819 -0.1855
vn 0.3953 0.9038 0.1643
vn 0.3951 0.9038 0.1646
vn 0.3952 0.9037 0.1645
vn -0.9546 0.0407 -0.2950
vn -0.9546 0.0408 -0.2950
vn -0.2210 0.9748 -0.0298
vn -0.2206 0.9749 -0.0298
vn -0.2207 0.9749 -0.0299
vn 0.2335 0.9508 0.2035
vn 0.1432 0.3905 0.9094
vn 0.1432 0.3904 0.9094
vn -0.3125 0.2718 -0.9102
vn -0.0892 0.3573 0.9297
vn -0.0892 0.3574 0.9297
vn -0.0890 0.3575 0.9297
vn 0.3094 0.8790 0.3627
vn 0.3094 0.8790 0.3628
vn -0.8374 0.3558 -0.4150
vn -0.8374 0.3558 -0.4151
vn 0.6382 0.4942 0.5903
vn 0.6381 0.4942 0.5904
vn -0.7576 0.1385 -0.6379
vn 0.2997 0.7178 0.6285
vn 0.2997 0.7177 0.6285
vn -0.6287 0.1790 -0.7568
vn -0.6286 0.1789 -0.7568
vn 0.0749 0.6595 0.7479
vn 0.1742 0.9394 -0.2954
vn 0.1742 0.9394 -0.2953
vn -0.8626 0.3692 0.3457
vn -0.8627 0.3692 0.3457
vn -0.5928 0.8050 0.0240
vn 0.2306 0.6169 -0.7525
vn 0.2306 0.6170 -0.7524
vn -0.8358 0.2905 0.4658
vn -0.8359 0.2904 0.4658
vn -0.7288 0.6102 0.3106
vn -0.7288 0.6102 0.3105
vn -0.7288 0.6103 0.3106
vn -0.0435 0.4762 -0.8782
vn -0.0435 0.4763 -0.8782
vn -0.4523 0.1537 0.8785
vn 0.0078 0.5170 -0.8560
vn -0.0779 0.4560 -0.8866
vn -0.0780 0.4560 -0.8866
vn -0.3910 0.5773 0.7169
vn -0.5124 0.1314 -0.8486
vn -0.3325 0.1840 0.9250
vn -0.3324 0.1840 0.9250
vn -0.3224 0.6202 -0.7151
vn -0.3224 0.6203 -0.7151
vn -0.8992 0.3456 -0.2682
vn -0.8277 0.5189 0.2135
vt 0.380500 0.052000
vt 0.378800 0.039600
vt 0.382700 0.037900
vt 0.385900 0.050500
vt 0.386400 0.036200
vt 0.391200 0.048900
vt 0.390100 0.034400
vt 0.396400 0.047100
vt 0.393600 0.032500
vt 0.401400 0.045100
vt 0.397100 0.030400
vt 0.406100 0.042900
vt 0.400300 0.028200
vt 0.410500 0.040200
vt 0.403300 0.025700
vt 0.414400 0.037100
vt 0.382000 0.064400
vt 0.388900 0.063100
vt 0.395800 0.061600
vt 0.402500 0.059900
vt 0.409000 0.058000
vt 0.415200 0.055500
vt 0.420900 0.052500
vt 0.425800 0.048700
vt 0.391700 0.075700
vt 0.383300 0.076900
vt 0.400000 0.074400
vt 0.408300 0.072900
vt 0.416500 0.071000
vt 0.424300 0.068500
vt 0.431400 0.065100
vt 0.437500 0.060600
vt 0.384500 0.089300
vt 0.394100 0.088400
vt 0.403800 0.087300
vt 0.413600 0.086000
vt 0.423600 0.084300
vt 0.433400 0.081900
vt 0.442300 0.078400
vt 0.449800 0.073200
vt 0.385400 0.101700
vt 0.395900 0.101000
vt 0.406800 0.100200
vt 0.418000 0.099200
vt 0.429800 0.097900
vt 0.441800 0.095900
vt 0.397100 0.113700
vt 0.386000 0.114200
vt 0.408800 0.113200
vt 0.421000 0.112500
vt 0.434100 0.111700
vt 0.448500 0.110500
vt 0.419500 0.003500
vt 0.431500 0.005200
vt 0.429700 0.010300
vt 0.417500 0.007000
vt 0.443500 0.006700
vt 0.441900 0.013400
vt 0.454100 0.016200
vt 0.455500 0.008100
vt 0.427800 0.015300
vt 0.415500 0.010400
vt 0.440100 0.020000
vt 0.452500 0.024300
vt 0.466300 0.018600
vt 0.465000 0.028100
vt 0.425700 0.020200
vt 0.413300 0.013800
vt 0.438200 0.026500
vt 0.450700 0.032400
vt 0.463500 0.037800
vt 0.423400 0.024900
vt 0.411100 0.017000
vt 0.435900 0.032700
vt 0.448600 0.040300
vt 0.461600 0.047600
vt 0.420800 0.029400
vt 0.408700 0.020100
vt 0.433200 0.038600
vt 0.445800 0.047900
vt 0.459000 0.057200
vt 0.417800 0.033400
vt 0.406100 0.023000
vt 0.429800 0.044000
vt 0.442200 0.054800
vt 0.455200 0.065900
vt 0.426800 0.249400
vt 0.415100 0.248700
vt 0.413500 0.244600
vt 0.425500 0.242200
vt 0.411800 0.240700
vt 0.424100 0.236200
vt 0.410000 0.237300
vt 0.422400 0.230900
vt 0.408100 0.234100
vt 0.420500 0.226100
vt 0.406000 0.231100
vt 0.418300 0.221700
vt 0.403800 0.228400
vt 0.415600 0.217700
vt 0.401300 0.225900
vt 0.412500 0.214300
vt 0.437600 0.239700
vt 0.438600 0.248600
vt 0.436300 0.231800
vt 0.434900 0.224700
vt 0.433000 0.218200
vt 0.430700 0.212200
vt 0.427800 0.206900
vt 0.424000 0.202500
vt 0.450400 0.247300
vt 0.449600 0.237000
vt 0.448700 0.227600
vt 0.447400 0.218800
vt 0.445800 0.210400
vt 0.443500 0.202600
vt 0.440300 0.195800
vt 0.436000 0.190200
vt 0.462300 0.245800
vt 0.461800 0.234500
vt 0.461100 0.223700
vt 0.460100 0.213200
vt 0.458800 0.202900
vt 0.456800 0.193200
vt 0.453500 0.184500
vt 0.448500 0.177400
vt 0.467600 0.172800
vt 0.470500 0.184300
vt 0.461900 0.163600
vt 0.382200 0.215200
vt 0.378600 0.213900
vt 0.380300 0.201400
vt 0.385500 0.202600
vt 0.381800 0.188900
vt 0.388600 0.189900
vt 0.383200 0.176500
vt 0.391400 0.177200
vt 0.384400 0.164000
vt 0.393900 0.164500
vt 0.385300 0.151500
vt 0.395800 0.151800
vt 0.385900 0.139100
vt 0.397100 0.139100
vt 0.386200 0.126600
vt 0.397600 0.126400
vt 0.385700 0.216700
vt 0.390600 0.203900
vt 0.395200 0.191000
vt 0.399600 0.178100
vt 0.403400 0.165200
vt 0.406500 0.152200
vt 0.408600 0.139200
vt 0.409400 0.126100
vt 0.395500 0.205300
vt 0.389100 0.218200
vt 0.401800 0.192400
vt 0.407700 0.179300
vt 0.413200 0.166100
vt 0.417700 0.152700
vt 0.420900 0.139300
vt 0.422100 0.125900
vt 0.400300 0.207000
vt 0.392400 0.219900
vt 0.408100 0.194000
vt 0.415700 0.180800
vt 0.423000 0.167300
vt 0.429400 0.153600
vt 0.433900 0.139600
vt 0.435800 0.125600
vt 0.404800 0.209000
vt 0.395600 0.221700
vt 0.414000 0.196200
vt 0.423400 0.182900
vt 0.432600 0.169300
vt 0.441300 0.155100
vt 0.448200 0.140400
vt 0.451200 0.125400
vt 0.398500 0.223700
vt 0.408900 0.211400
vt 0.419400 0.198900
vt 0.430200 0.186000
vt 0.441300 0.172500
vt 0.452700 0.158000
vt 0.375000 0.041200
vt 0.375000 0.029000
vt 0.377200 0.027200
vt 0.379300 0.025300
vt 0.381500 0.023500
vt 0.383700 0.021700
vt 0.385800 0.019900
vt 0.388000 0.018100
vt 0.390200 0.016300
vt 0.392300 0.014500
vt 0.375000 0.053400
vt 0.375000 0.065700
vt 0.375000 0.077900
vt 0.375000 0.090100
vt 0.375000 0.102400
vt 0.375000 0.114600
vt 0.375000 0.126800
vt 0.409700 0.000000
vt 0.421500 0.000000
vt 0.407500 0.001800
vt 0.433200 0.000000
vt 0.445000 0.000000
vt 0.456800 0.000000
vt 0.405400 0.003600
vt 0.403200 0.005400
vt 0.401000 0.007200
vt 0.398900 0.009100
vt 0.396700 0.010900
vt 0.394500 0.012700
vt 0.403400 0.248400
vt 0.416500 0.255000
vt 0.405300 0.250000
vt 0.401500 0.246800
vt 0.399600 0.245300
vt 0.397700 0.243700
vt 0.395800 0.242100
vt 0.393900 0.240500
vt 0.392000 0.238900
vt 0.390100 0.237400
vt 0.427800 0.258400
vt 0.439400 0.258900
vt 0.451000 0.258500
vt 0.462600 0.257800
vt 0.375000 0.212500
vt 0.376900 0.226300
vt 0.375000 0.224700
vt 0.375000 0.200300
vt 0.375000 0.188000
vt 0.375000 0.175800
vt 0.375000 0.163600
vt 0.375000 0.151300
vt 0.375000 0.139100
vt 0.378800 0.227900
vt 0.380700 0.229500
vt 0.382600 0.231100
vt 0.384500 0.232600
vt 0.386400 0.234200
vt 0.388200 0.235800
vt 0.432600 0.782400
vt 0.433200 0.767400
vt 0.442500 0.769600
vt 0.442500 0.783300
vt 0.452300 0.770400
vt 0.452500 0.783900
vt 0.462400 0.770500
vt 0.462500 0.784100
vt 0.442100 0.797900
vt 0.432000 0.797400
vt 0.452300 0.798300
vt 0.462500 0.798500
vt 0.441600 0.813000
vt 0.431300 0.812800
vt 0.451900 0.813200
vt 0.462200 0.813300
vt 0.430500 0.828200
vt 0.441000 0.828400
vt 0.451500 0.828400
vt 0.461900 0.828500
vt 0.440400 0.843800
vt 0.429700 0.843800
vt 0.451000 0.843900
vt 0.461500 0.843900
vt 0.439700 0.859400
vt 0.428900 0.859400
vt 0.450400 0.859400
vt 0.461100 0.859400
vt 0.428100 0.875000
vt 0.439000 0.875000
vt 0.449800 0.875000
vt 0.460600 0.875000
vt 0.438300 0.890600
vt 0.427300 0.890600
vt 0.449200 0.890600
vt 0.460100 0.890600
vt 0.437600 0.906300
vt 0.426500 0.906300
vt 0.448600 0.906300
vt 0.459600 0.906300
vt 0.425600 0.921900
vt 0.436900 0.921900
vt 0.448000 0.921900
vt 0.459200 0.921900
vt 0.436100 0.937500
vt 0.424800 0.937500
vt 0.447400 0.937500
vt 0.458700 0.937500
vt 0.435400 0.953100
vt 0.424000 0.953100
vt 0.446800 0.953100
vt 0.458200 0.953100
vt 0.423100 0.968800
vt 0.434700 0.968800
vt 0.446200 0.968800
vt 0.457700 0.968800
vt 0.434000 0.984400
vt 0.422300 0.984400
vt 0.445600 0.984400
vt 0.457300 0.984400
vt 0.423800 0.765600
vt 0.424700 0.750000
vt 0.433200 0.754500
vt 0.442000 0.757600
vt 0.451800 0.758100
vt 0.461900 0.757800
vt 0.456800 1.000000
vt 0.445000 1.000000
vt 0.433200 1.000000
vt 0.421500 1.000000
vt 0.409700 1.000000
vt 0.410600 0.984400
vt 0.411600 0.968800
vt 0.412500 0.953100
vt 0.413500 0.937500
vt 0.414400 0.921900
vt 0.415300 0.906200
vt 0.416300 0.890600
vt 0.417200 0.875000
vt 0.418200 0.859400
vt 0.419100 0.843800
vt 0.420000 0.828100
vt 0.421000 0.812500
vt 0.421900 0.796900
vt 0.422900 0.781200
vt 0.418200 0.282500
vt 0.417400 0.267600
vt 0.428700 0.270000
vt 0.429400 0.283500
vt 0.440100 0.270800
vt 0.440700 0.284100
vt 0.451500 0.270900
vt 0.452000 0.284400
vt 0.463000 0.270700
vt 0.463200 0.284300
vt 0.430100 0.298000
vt 0.418900 0.297500
vt 0.441200 0.298400
vt 0.452400 0.298600
vt 0.463500 0.298600
vt 0.430700 0.313000
vt 0.419600 0.312800
vt 0.441700 0.313200
vt 0.452700 0.313400
vt 0.463700 0.313400
vt 0.431300 0.328300
vt 0.420300 0.328200
vt 0.442200 0.328400
vt 0.453100 0.328500
vt 0.463900 0.328500
vt 0.431900 0.343800
vt 0.421000 0.343800
vt 0.442700 0.343800
vt 0.453400 0.343900
vt 0.464100 0.343900
vt 0.432500 0.359400
vt 0.421800 0.359400
vt 0.443200 0.359400
vt 0.453800 0.359400
vt 0.464400 0.359400
vt 0.433100 0.375000
vt 0.422500 0.375000
vt 0.443700 0.375000
vt 0.454200 0.375000
vt 0.464600 0.375000
vt 0.433700 0.390600
vt 0.423200 0.390600
vt 0.444200 0.390600
vt 0.454600 0.390600
vt 0.464900 0.390600
vt 0.434300 0.406200
vt 0.423900 0.406200
vt 0.444700 0.406200
vt 0.455000 0.406200
vt 0.465200 0.406200
vt 0.434900 0.421700
vt 0.424600 0.421800
vt 0.445200 0.421600
vt 0.455400 0.421600
vt 0.465500 0.421600
vt 0.435400 0.437000
vt 0.425300 0.437200
vt 0.445600 0.436800
vt 0.455700 0.436700
vt 0.465800 0.436700
vt 0.436000 0.452100
vt 0.425900 0.452600
vt 0.446000 0.451800
vt 0.456000 0.451600
vt 0.466100 0.451600
vt 0.436300 0.466700
vt 0.426500 0.467600
vt 0.446200 0.466200
vt 0.456200 0.465900
vt 0.466200 0.466000
vt 0.436400 0.480400
vt 0.427000 0.482600
vt 0.446200 0.479600
vt 0.456200 0.479600
vt 0.466300 0.479800
vt 0.406100 0.265600
vt 0.456000 0.492200
vt 0.445900 0.491900
vt 0.436100 0.492300
vt 0.427000 0.495500
vt 0.418400 0.500000
vt 0.417600 0.484400
vt 0.416700 0.468800
vt 0.415900 0.453100
vt 0.415100 0.437500
vt 0.414300 0.421900
vt 0.413500 0.406200
vt 0.412600 0.390600
vt 0.411800 0.375000
vt 0.411000 0.359400
vt 0.410200 0.343800
vt 0.409400 0.328100
vt 0.408500 0.312500
vt 0.407700 0.296900
vt 0.406900 0.281200
vt 0.156400 0.712500
vt 0.156400 0.716900
vt 0.140800 0.720700
vt 0.140700 0.717800
vt 0.172000 0.708600
vt 0.172000 0.713600
vt 0.187600 0.705400
vt 0.187700 0.710800
vt 0.203200 0.702800
vt 0.203300 0.708400
vt 0.218900 0.700800
vt 0.218900 0.706400
vt 0.234500 0.699200
vt 0.234500 0.704900
vt 0.250100 0.698000
vt 0.250100 0.703700
vt 0.265700 0.697100
vt 0.265700 0.702900
vt 0.281300 0.696700
vt 0.281300 0.702400
vt 0.296900 0.696600
vt 0.297000 0.702200
vt 0.312500 0.696900
vt 0.312500 0.702400
vt 0.328000 0.697700
vt 0.328100 0.702900
vt 0.343600 0.699000
vt 0.343700 0.703800
vt 0.358700 0.701000
vt 0.359400 0.705000
vt 0.156500 0.720500
vt 0.140800 0.723400
vt 0.172100 0.717800
vt 0.187700 0.715300
vt 0.203300 0.713200
vt 0.218900 0.711500
vt 0.234500 0.710000
vt 0.250100 0.708900
vt 0.265800 0.708000
vt 0.281400 0.707500
vt 0.297000 0.707200
vt 0.312600 0.707200
vt 0.328200 0.707500
vt 0.343800 0.708000
vt 0.359400 0.708700
vt 0.156500 0.723600
vt 0.140900 0.725900
vt 0.172100 0.721300
vt 0.187700 0.719300
vt 0.203300 0.717500
vt 0.219000 0.715900
vt 0.234600 0.714600
vt 0.250200 0.713500
vt 0.265800 0.712700
vt 0.281400 0.712100
vt 0.297000 0.711800
vt 0.312600 0.711600
vt 0.328200 0.711700
vt 0.343800 0.711900
vt 0.359400 0.712200
vt 0.156600 0.726300
vt 0.141000 0.728200
vt 0.172200 0.724500
vt 0.187800 0.722800
vt 0.203400 0.721300
vt 0.219000 0.719900
vt 0.234600 0.718700
vt 0.250200 0.717700
vt 0.265800 0.717000
vt 0.281400 0.716400
vt 0.297000 0.716000
vt 0.312600 0.715700
vt 0.328200 0.715600
vt 0.343800 0.715500
vt 0.359400 0.715600
vt 0.156600 0.728800
vt 0.141000 0.730400
vt 0.172200 0.727400
vt 0.187800 0.726000
vt 0.203400 0.724700
vt 0.219000 0.723500
vt 0.234600 0.722500
vt 0.250200 0.721600
vt 0.265800 0.720800
vt 0.281400 0.720300
vt 0.297000 0.719800
vt 0.312600 0.719500
vt 0.328200 0.719200
vt 0.343800 0.719000
vt 0.359400 0.718900
vt 0.156700 0.731200
vt 0.141100 0.732500
vt 0.172300 0.730000
vt 0.187900 0.728900
vt 0.203500 0.727800
vt 0.219100 0.726800
vt 0.234700 0.725900
vt 0.250300 0.725100
vt 0.265900 0.724400
vt 0.281500 0.723900
vt 0.297000 0.723400
vt 0.312600 0.723000
vt 0.328200 0.722700
vt 0.343800 0.722400
vt 0.359400 0.722100
vt 0.156800 0.733500
vt 0.141200 0.734500
vt 0.172300 0.732500
vt 0.187900 0.731600
vt 0.203500 0.730700
vt 0.219100 0.729800
vt 0.234700 0.729100
vt 0.250300 0.728400
vt 0.265900 0.727800
vt 0.281500 0.727200
vt 0.297100 0.726800
vt 0.312600 0.726300
vt 0.328200 0.726000
vt 0.343800 0.725600
vt 0.359400 0.725300
vt 0.156800 0.735700
vt 0.141200 0.736500
vt 0.172400 0.734900
vt 0.188000 0.734200
vt 0.203600 0.733400
vt 0.219200 0.732700
vt 0.234700 0.732100
vt 0.250300 0.731500
vt 0.265900 0.730900
vt 0.281500 0.730400
vt 0.297100 0.730000
vt 0.312700 0.729600
vt 0.328200 0.729200
vt 0.343800 0.728800
vt 0.359400 0.728500
vt 0.156900 0.737900
vt 0.141300 0.738500
vt 0.172500 0.737200
vt 0.188000 0.736600
vt 0.203600 0.736000
vt 0.219200 0.735500
vt 0.234800 0.734900
vt 0.250400 0.734400
vt 0.265900 0.733900
vt 0.281500 0.733500
vt 0.297100 0.733100
vt 0.312700 0.732700
vt 0.328300 0.732300
vt 0.343800 0.732000
vt 0.359400 0.731600
vt 0.141400 0.740500
vt 0.156900 0.740000
vt 0.172500 0.739500
vt 0.188100 0.739000
vt 0.203700 0.738500
vt 0.219200 0.738100
vt 0.234800 0.737600
vt 0.250400 0.737200
vt 0.266000 0.736800
vt 0.281500 0.736400
vt 0.297100 0.736100
vt 0.312700 0.735700
vt 0.328300 0.735400
vt 0.343800 0.735000
vt 0.359400 0.734700
vt 0.141400 0.742400
vt 0.157000 0.742000
vt 0.172600 0.741600
vt 0.188100 0.741300
vt 0.203700 0.740900
vt 0.219300 0.740600
vt 0.234900 0.740200
vt 0.250400 0.739900
vt 0.266000 0.739600
vt 0.281600 0.739300
vt 0.297100 0.739000
vt 0.312700 0.738700
vt 0.328300 0.738400
vt 0.343900 0.738100
vt 0.359400 0.737800
vt 0.141500 0.744300
vt 0.157100 0.744000
vt 0.172600 0.743800
vt 0.188200 0.743500
vt 0.203800 0.743300
vt 0.219300 0.743000
vt 0.234900 0.742700
vt 0.250500 0.742500
vt 0.266000 0.742300
vt 0.281600 0.742000
vt 0.297200 0.741800
vt 0.312700 0.741500
vt 0.328300 0.741300
vt 0.343900 0.741100
vt 0.359400 0.740900
vt 0.141600 0.746200
vt 0.157100 0.746000
vt 0.172700 0.745900
vt 0.188300 0.745700
vt 0.203800 0.745500
vt 0.219400 0.745400
vt 0.234900 0.745200
vt 0.250500 0.745000
vt 0.266100 0.744900
vt 0.281600 0.744700
vt 0.297200 0.744600
vt 0.312800 0.744400
vt 0.328300 0.744200
vt 0.343900 0.744100
vt 0.359400 0.743900
vt 0.141600 0.748100
vt 0.157200 0.748000
vt 0.172800 0.747900
vt 0.188300 0.747900
vt 0.203900 0.747800
vt 0.219400 0.747700
vt 0.235000 0.747600
vt 0.250500 0.747500
vt 0.266100 0.747400
vt 0.281700 0.747400
vt 0.297200 0.747300
vt 0.312800 0.747200
vt 0.328300 0.747100
vt 0.343900 0.747000
vt 0.359400 0.747000
vt 0.125000 0.721000
vt 0.140700 0.713200
vt 0.125100 0.722800
vt 0.156300 0.706600
vt 0.172000 0.702400
vt 0.187600 0.699100
vt 0.203200 0.696500
vt 0.218800 0.694400
vt 0.234500 0.692800
vt 0.250100 0.691600
vt 0.265700 0.690800
vt 0.281300 0.690400
vt 0.296900 0.690400
vt 0.312400 0.690800
vt 0.327800 0.691700
vt 0.343200 0.693300
vt 0.359000 0.696300
vt 0.375000 0.703200
vt 0.375000 0.700000
vt 0.375000 0.706300
vt 0.375000 0.709400
vt 0.375000 0.712500
vt 0.375000 0.715700
vt 0.375000 0.718800
vt 0.375000 0.721900
vt 0.375000 0.725000
vt 0.375000 0.728100
vt 0.375000 0.731300
vt 0.375000 0.734400
vt 0.375000 0.737500
vt 0.375000 0.740600
vt 0.375000 0.743800
vt 0.375000 0.746900
vt 0.375000 0.750000
vt 0.359400 0.750000
vt 0.343900 0.750000
vt 0.328300 0.750000
vt 0.312800 0.750000
vt 0.297200 0.750000
vt 0.281700 0.750000
vt 0.266100 0.750000
vt 0.250600 0.750000
vt 0.235000 0.750000
vt 0.219500 0.750000
vt 0.203900 0.750000
vt 0.188400 0.750000
vt 0.172800 0.750000
vt 0.157300 0.750000
vt 0.141700 0.750000
vt 0.126200 0.750000
vt 0.126100 0.748200
vt 0.126000 0.746400
vt 0.125900 0.744600
vt 0.125900 0.742800
vt 0.125800 0.740900
vt 0.125700 0.739100
vt 0.125600 0.737300
vt 0.125600 0.735500
vt 0.125500 0.733700
vt 0.125400 0.731900
vt 0.125400 0.730100
vt 0.125300 0.728300
vt 0.125200 0.726500
vt 0.125100 0.724700
vt 0.376800 0.561200
vt 0.377300 0.551400
vt 0.382500 0.548700
vt 0.384600 0.559200
vt 0.387300 0.546300
vt 0.391400 0.557200
vt 0.391700 0.543800
vt 0.397500 0.554900
vt 0.395900 0.541100
vt 0.403200 0.552400
vt 0.399800 0.538300
vt 0.408400 0.549600
vt 0.413200 0.546300
vt 0.403500 0.535400
vt 0.407000 0.532100
vt 0.417400 0.542600
vt 0.387000 0.569900
vt 0.377600 0.571400
vt 0.395500 0.568100
vt 0.403200 0.566200
vt 0.410400 0.563800
vt 0.417100 0.561000
vt 0.423000 0.557600
vt 0.428200 0.553400
vt 0.378800 0.581600
vt 0.389400 0.580500
vt 0.399300 0.579100
vt 0.408700 0.577500
vt 0.417600 0.575500
vt 0.425800 0.572800
vt 0.433100 0.569300
vt 0.439300 0.564500
vt 0.391800 0.591200
vt 0.380200 0.592000
vt 0.403000 0.590200
vt 0.413800 0.589000
vt 0.424500 0.587400
vt 0.434600 0.585100
vt 0.443600 0.581500
vt 0.451000 0.576200
vt 0.393800 0.601900
vt 0.381400 0.602400
vt 0.406000 0.601300
vt 0.418200 0.600600
vt 0.430500 0.599600
vt 0.442700 0.597800
vt 0.454300 0.594700
vt 0.463700 0.589000
vt 0.395200 0.612600
vt 0.382400 0.612800
vt 0.408100 0.612500
vt 0.421200 0.612200
vt 0.434900 0.611900
vt 0.449400 0.611100
vt 0.465100 0.609400
vt 0.425400 0.502500
vt 0.435100 0.501900
vt 0.433600 0.509700
vt 0.423300 0.507500
vt 0.445200 0.502600
vt 0.444100 0.512100
vt 0.455500 0.503900
vt 0.454700 0.514500
vt 0.431800 0.516500
vt 0.421000 0.512400
vt 0.442600 0.520600
vt 0.453600 0.524500
vt 0.429600 0.522600
vt 0.418600 0.516800
vt 0.440800 0.528300
vt 0.452100 0.533800
vt 0.463500 0.539000
vt 0.464600 0.528100
vt 0.427200 0.528300
vt 0.416000 0.521000
vt 0.438500 0.535600
vt 0.450100 0.542700
vt 0.462000 0.549700
vt 0.424400 0.533600
vt 0.413200 0.524900
vt 0.435800 0.542200
vt 0.447500 0.551000
vt 0.459700 0.559800
vt 0.421200 0.538300
vt 0.410200 0.528700
vt 0.432400 0.548200
vt 0.444000 0.558300
vt 0.456200 0.568800
vt 0.440800 0.747900
vt 0.431200 0.747200
vt 0.428700 0.741800
vt 0.438900 0.739800
vt 0.426000 0.736700
vt 0.436600 0.732800
vt 0.423100 0.731900
vt 0.434000 0.726400
vt 0.420100 0.727400
vt 0.431100 0.720400
vt 0.416900 0.723100
vt 0.427900 0.714800
vt 0.413500 0.719000
vt 0.424200 0.709700
vt 0.409900 0.715100
vt 0.420100 0.705100
vt 0.449300 0.737600
vt 0.450800 0.747200
vt 0.447400 0.728900
vt 0.445000 0.721000
vt 0.442300 0.713500
vt 0.439100 0.706600
vt 0.435200 0.700300
vt 0.430500 0.694800
vt 0.459800 0.735300
vt 0.461100 0.746100
vt 0.458200 0.725300
vt 0.456200 0.715800
vt 0.453700 0.706700
vt 0.450600 0.698200
vt 0.446600 0.690600
vt 0.441300 0.684200
vt 0.462600 0.689900
vt 0.465500 0.700200
vt 0.458500 0.680700
vt 0.452700 0.673000
vt 0.377300 0.683800
vt 0.385300 0.686100
vt 0.383200 0.696200
vt 0.377700 0.693200
vt 0.378000 0.674000
vt 0.387600 0.675900
vt 0.379100 0.664100
vt 0.389900 0.665500
vt 0.380400 0.654000
vt 0.392200 0.655100
vt 0.381600 0.643800
vt 0.394100 0.644600
vt 0.382500 0.633500
vt 0.395400 0.634000
vt 0.382800 0.623100
vt 0.395800 0.623400
vt 0.388400 0.699000
vt 0.392400 0.688500
vt 0.396300 0.678000
vt 0.400000 0.667300
vt 0.403500 0.656500
vt 0.406300 0.645600
vt 0.408300 0.634700
vt 0.408900 0.623600
vt 0.398800 0.691200
vt 0.393100 0.701900
vt 0.404300 0.680400
vt 0.409500 0.669400
vt 0.414500 0.658200
vt 0.418600 0.646900
vt 0.421400 0.635400
vt 0.422400 0.623900
vt 0.404800 0.694100
vt 0.397700 0.704900
vt 0.411800 0.683100
vt 0.418700 0.671900
vt 0.425300 0.660300
vt 0.431100 0.648500
vt 0.435100 0.636500
vt 0.436600 0.624200
vt 0.410300 0.697300
vt 0.402000 0.708100
vt 0.418700 0.686300
vt 0.427200 0.675000
vt 0.435600 0.663200
vt 0.443500 0.650900
vt 0.449800 0.637900
vt 0.452300 0.624600
vt 0.415500 0.701000
vt 0.406100 0.711500
vt 0.425000 0.690200
vt 0.434800 0.679000
vt 0.445000 0.667300
vt 0.455300 0.654600
vt 0.465700 0.640400
vt 0.475300 0.625100
vt 0.465100 0.660800
vt 0.370400 0.553300
vt 0.375000 0.543600
vt 0.377700 0.540900
vt 0.380400 0.538100
vt 0.383100 0.535400
vt 0.385800 0.532700
vt 0.388600 0.530000
vt 0.391300 0.527200
vt 0.394000 0.524500
vt 0.396700 0.521800
vt 0.367200 0.563000
vt 0.366800 0.572800
vt 0.367200 0.582700
vt 0.367800 0.592700
vt 0.368600 0.602700
vt 0.369200 0.612900
vt 0.369400 0.623000
vt 0.415700 0.502700
vt 0.413000 0.505400
vt 0.410200 0.508200
vt 0.407500 0.510900
vt 0.404800 0.513600
vt 0.402100 0.516300
vt 0.399400 0.519100
vt 0.421600 0.746900
vt 0.418500 0.743800
vt 0.415400 0.740600
vt 0.412300 0.737500
vt 0.409200 0.734400
vt 0.406100 0.731300
vt 0.403000 0.728100
vt 0.399900 0.725000
vt 0.370600 0.691000
vt 0.378100 0.703200
vt 0.367500 0.681800
vt 0.367100 0.672400
vt 0.367400 0.662800
vt 0.368000 0.653000
vt 0.368700 0.643100
vt 0.369200 0.633100
vt 0.381200 0.706300
vt 0.384300 0.709400
vt 0.387400 0.712500
vt 0.390500 0.715700
vt 0.393600 0.718800
vt 0.396800 0.721900
vt 0.359400 0.539700
vt 0.358700 0.543400
vt 0.343600 0.545700
vt 0.343700 0.541200
vt 0.328000 0.547300
vt 0.328100 0.542300
vt 0.312500 0.548300
vt 0.312500 0.543000
vt 0.296900 0.548800
vt 0.296900 0.543400
vt 0.281300 0.548900
vt 0.281300 0.543400
vt 0.265700 0.548600
vt 0.265700 0.543000
vt 0.250100 0.547900
vt 0.250100 0.542300
vt 0.234500 0.546800
vt 0.234500 0.541300
vt 0.218900 0.539900
vt 0.218800 0.545300
vt 0.203300 0.538000
vt 0.203200 0.543400
vt 0.187600 0.535700
vt 0.187600 0.540900
vt 0.172000 0.532900
vt 0.172000 0.537800
vt 0.156400 0.529700
vt 0.156300 0.534000
vt 0.140700 0.528700
vt 0.140800 0.526000
vt 0.359400 0.536400
vt 0.343800 0.537200
vt 0.328200 0.537900
vt 0.312600 0.538400
vt 0.297000 0.538600
vt 0.281400 0.538500
vt 0.265700 0.538100
vt 0.250100 0.537400
vt 0.234500 0.536400
vt 0.218900 0.535000
vt 0.203300 0.533400
vt 0.187700 0.531300
vt 0.172100 0.529000
vt 0.156400 0.526300
vt 0.140800 0.523500
vt 0.359400 0.533200
vt 0.343800 0.533700
vt 0.328200 0.534100
vt 0.312600 0.534300
vt 0.297000 0.534300
vt 0.281400 0.534100
vt 0.265800 0.533600
vt 0.250200 0.533000
vt 0.234500 0.532000
vt 0.218900 0.530800
vt 0.203300 0.529300
vt 0.187700 0.527600
vt 0.172100 0.525700
vt 0.156500 0.523500
vt 0.140900 0.521300
vt 0.359400 0.530200
vt 0.343800 0.530400
vt 0.328200 0.530500
vt 0.312600 0.530500
vt 0.297000 0.530400
vt 0.281400 0.530100
vt 0.265800 0.529700
vt 0.250200 0.529000
vt 0.234600 0.528100
vt 0.219000 0.527000
vt 0.203400 0.525800
vt 0.187700 0.524300
vt 0.172100 0.522700
vt 0.156500 0.521000
vt 0.140900 0.519200
vt 0.359400 0.527300
vt 0.343800 0.527300
vt 0.328200 0.527200
vt 0.312600 0.527100
vt 0.297000 0.526900
vt 0.281400 0.526500
vt 0.265800 0.526000
vt 0.250200 0.525400
vt 0.234600 0.524600
vt 0.219000 0.523700
vt 0.203400 0.522600
vt 0.187800 0.521400
vt 0.172200 0.520100
vt 0.156600 0.518700
vt 0.141000 0.517200
vt 0.359400 0.524400
vt 0.343800 0.524300
vt 0.328200 0.524100
vt 0.312600 0.523900
vt 0.297000 0.523600
vt 0.281400 0.523200
vt 0.265800 0.522800
vt 0.250200 0.522200
vt 0.234600 0.521500
vt 0.219000 0.520600
vt 0.203400 0.519700
vt 0.187800 0.518700
vt 0.172200 0.517700
vt 0.156600 0.516500
vt 0.141000 0.515400
vt 0.359400 0.521600
vt 0.343800 0.521400
vt 0.328200 0.521100
vt 0.312600 0.520900
vt 0.297000 0.520500
vt 0.281400 0.520200
vt 0.265900 0.519700
vt 0.250300 0.519200
vt 0.234700 0.518600
vt 0.219100 0.517900
vt 0.203500 0.517100
vt 0.187900 0.516300
vt 0.172300 0.515400
vt 0.156700 0.514500
vt 0.141100 0.513600
vt 0.359400 0.518800
vt 0.343800 0.518500
vt 0.328200 0.518300
vt 0.312600 0.518000
vt 0.297100 0.517600
vt 0.281500 0.517300
vt 0.265900 0.516800
vt 0.250300 0.516400
vt 0.234700 0.515800
vt 0.219100 0.515300
vt 0.203500 0.514600
vt 0.187900 0.514000
vt 0.172300 0.513300
vt 0.156700 0.512500
vt 0.141200 0.511800
vt 0.359400 0.516100
vt 0.343800 0.515800
vt 0.328200 0.515500
vt 0.312700 0.515200
vt 0.297100 0.514900
vt 0.281500 0.514500
vt 0.265900 0.514100
vt 0.250300 0.513700
vt 0.234700 0.513300
vt 0.219100 0.512800
vt 0.203600 0.512300
vt 0.188000 0.511800
vt 0.172400 0.511200
vt 0.156800 0.510600
vt 0.141200 0.510100
vt 0.359400 0.513300
vt 0.343800 0.513100
vt 0.328300 0.512800
vt 0.312700 0.512500
vt 0.297100 0.512200
vt 0.281500 0.511900
vt 0.265900 0.511600
vt 0.250300 0.511200
vt 0.234800 0.510900
vt 0.219200 0.510500
vt 0.203600 0.510100
vt 0.188000 0.509700
vt 0.172400 0.509200
vt 0.156900 0.508800
vt 0.141300 0.508300
vt 0.359400 0.510700
vt 0.343800 0.510400
vt 0.328300 0.510200
vt 0.312700 0.509900
vt 0.297100 0.509700
vt 0.281500 0.509400
vt 0.266000 0.509100
vt 0.250400 0.508900
vt 0.234800 0.508600
vt 0.219200 0.508300
vt 0.203600 0.507900
vt 0.188100 0.507600
vt 0.172500 0.507300
vt 0.156900 0.507000
vt 0.141300 0.506600
vt 0.359400 0.508000
vt 0.343900 0.507800
vt 0.328300 0.507600
vt 0.312700 0.507400
vt 0.297100 0.507200
vt 0.281600 0.507000
vt 0.266000 0.506800
vt 0.250400 0.506600
vt 0.234800 0.506300
vt 0.219300 0.506100
vt 0.203700 0.505900
vt 0.188100 0.505700
vt 0.172500 0.505400
vt 0.157000 0.505200
vt 0.141400 0.505000
vt 0.359400 0.505300
vt 0.343900 0.505200
vt 0.328300 0.505000
vt 0.312700 0.504900
vt 0.297100 0.504800
vt 0.281600 0.504600
vt 0.266000 0.504500
vt 0.250400 0.504300
vt 0.234900 0.504200
vt 0.219300 0.504000
vt 0.203700 0.503900
vt 0.188200 0.503800
vt 0.172600 0.503600
vt 0.157000 0.503500
vt 0.141500 0.503300
vt 0.359400 0.502700
vt 0.343900 0.502600
vt 0.328300 0.502500
vt 0.312700 0.502400
vt 0.297200 0.502400
vt 0.281600 0.502300
vt 0.266000 0.502200
vt 0.250500 0.502200
vt 0.234900 0.502100
vt 0.219300 0.502000
vt 0.203800 0.501900
vt 0.188200 0.501900
vt 0.172600 0.501800
vt 0.157100 0.501700
vt 0.141500 0.501700
vt 0.359000 0.547900
vt 0.375000 0.540900
vt 0.343200 0.551400
vt 0.327800 0.553200
vt 0.312400 0.554300
vt 0.296900 0.554900
vt 0.281300 0.555100
vt 0.265700 0.554800
vt 0.250100 0.554100
vt 0.234500 0.553100
vt 0.218800 0.551600
vt 0.203200 0.549600
vt 0.187600 0.547100
vt 0.171900 0.543900
vt 0.156300 0.539800
vt 0.140700 0.533100
vt 0.125100 0.523700
vt 0.125000 0.525300
vt 0.125100 0.522100
vt 0.125200 0.520500
vt 0.125300 0.518900
vt 0.125300 0.517400
vt 0.125400 0.515800
vt 0.125400 0.514200
vt 0.125500 0.512600
vt 0.125600 0.511100
vt 0.125600 0.509500
vt 0.125700 0.507900
vt 0.125800 0.506300
vt 0.125800 0.504700
vt 0.125900 0.503200
vt 0.125900 0.501600
vt 0.126000 0.500000
vt 0.141600 0.500000
vt 0.157100 0.500000
vt 0.172700 0.500000
vt 0.188300 0.500000
vt 0.203800 0.500000
vt 0.219400 0.500000
vt 0.234900 0.500000
vt 0.250500 0.500000
vt 0.266100 0.500000
vt 0.281600 0.500000
vt 0.297200 0.500000
vt 0.312800 0.500000
vt 0.328300 0.500000
vt 0.343900 0.500000
vt 0.359400 0.500000
vt 0.375000 0.502700
vt 0.375000 0.500000
vt 0.375000 0.505400
vt 0.375000 0.508200
vt 0.375000 0.510900
vt 0.375000 0.513600
vt 0.375000 0.516300
vt 0.375000 0.519100
vt 0.375000 0.521800
vt 0.375000 0.524500
vt 0.375000 0.527200
vt 0.375000 0.530000
vt 0.375000 0.532700
vt 0.375000 0.535400
vt 0.375000 0.538100
vt 0.140600 0.553500
vt 0.140600 0.542400
vt 0.156300 0.547600
vt 0.156300 0.557000
vt 0.171900 0.560100
vt 0.171900 0.551400
vt 0.187600 0.554400
vt 0.187500 0.562700
vt 0.203200 0.556800
vt 0.203200 0.564800
vt 0.218800 0.558700
vt 0.218800 0.566500
vt 0.234400 0.560100
vt 0.234400 0.567800
vt 0.250100 0.561100
vt 0.250000 0.568700
vt 0.265700 0.561700
vt 0.265700 0.569200
vt 0.281300 0.561900
vt 0.281200 0.569500
vt 0.296800 0.561800
vt 0.296700 0.569300
vt 0.312000 0.568800
vt 0.312200 0.561200
vt 0.327500 0.560100
vt 0.327100 0.567800
vt 0.342500 0.558400
vt 0.341700 0.566500
vt 0.356800 0.556200
vt 0.355300 0.564900
vt 0.140600 0.564700
vt 0.156300 0.567300
vt 0.171900 0.569600
vt 0.187500 0.571700
vt 0.203200 0.573500
vt 0.218800 0.574900
vt 0.234400 0.576000
vt 0.250000 0.576800
vt 0.265700 0.577300
vt 0.281200 0.577500
vt 0.296600 0.577400
vt 0.311800 0.577000
vt 0.326800 0.576300
vt 0.341100 0.575300
vt 0.354600 0.574100
vt 0.140600 0.576200
vt 0.156300 0.578000
vt 0.171900 0.579800
vt 0.187500 0.581400
vt 0.203200 0.582800
vt 0.218800 0.583900
vt 0.234400 0.584800
vt 0.250000 0.585400
vt 0.265600 0.585800
vt 0.281200 0.586000
vt 0.296600 0.585900
vt 0.311700 0.585600
vt 0.326600 0.585100
vt 0.340900 0.584400
vt 0.354500 0.583600
vt 0.140600 0.587800
vt 0.156300 0.589100
vt 0.171900 0.590300
vt 0.187500 0.591400
vt 0.203100 0.592400
vt 0.218800 0.593300
vt 0.234400 0.593900
vt 0.250000 0.594400
vt 0.265600 0.594700
vt 0.281200 0.594900
vt 0.296600 0.594800
vt 0.311700 0.594600
vt 0.326600 0.594300
vt 0.340900 0.593800
vt 0.354800 0.593300
vt 0.140600 0.599500
vt 0.156300 0.600300
vt 0.171900 0.601100
vt 0.187500 0.601800
vt 0.203100 0.602400
vt 0.218800 0.602900
vt 0.234400 0.603400
vt 0.250000 0.603700
vt 0.265600 0.603900
vt 0.281200 0.604000
vt 0.296600 0.604000
vt 0.311800 0.603800
vt 0.326600 0.603700
vt 0.341100 0.603400
vt 0.355100 0.603100
vt 0.156300 0.611600
vt 0.140600 0.611300
vt 0.171900 0.612000
vt 0.187500 0.612300
vt 0.203100 0.612600
vt 0.218800 0.612800
vt 0.234400 0.613000
vt 0.250000 0.613100
vt 0.265600 0.613200
vt 0.281200 0.613300
vt 0.296600 0.613300
vt 0.311800 0.613200
vt 0.326700 0.613100
vt 0.341300 0.613100
vt 0.355500 0.613000
vt 0.156300 0.623000
vt 0.140600 0.623100
vt 0.171900 0.622900
vt 0.187500 0.622900
vt 0.203100 0.622800
vt 0.218800 0.622800
vt 0.234400 0.622700
vt 0.250000 0.622700
vt 0.265600 0.622600
vt 0.281200 0.622600
vt 0.296600 0.622600
vt 0.311800 0.622600
vt 0.326800 0.622700
vt 0.341400 0.622800
vt 0.355700 0.622800
vt 0.156300 0.634400
vt 0.140600 0.634900
vt 0.171900 0.633900
vt 0.187500 0.633500
vt 0.203100 0.633100
vt 0.218800 0.632700
vt 0.234400 0.632400
vt 0.250000 0.632200
vt 0.265600 0.632100
vt 0.281200 0.632000
vt 0.296600 0.632000
vt 0.311800 0.632100
vt 0.326800 0.632200
vt 0.341400 0.632400
vt 0.355500 0.632700
vt 0.156300 0.645700
vt 0.140600 0.646700
vt 0.171900 0.644800
vt 0.187500 0.644000
vt 0.203100 0.643300
vt 0.218800 0.642600
vt 0.234400 0.642100
vt 0.250000 0.641700
vt 0.265600 0.641400
vt 0.281200 0.641300
vt 0.296600 0.641300
vt 0.311800 0.641400
vt 0.326700 0.641600
vt 0.341200 0.642000
vt 0.355200 0.642500
vt 0.156300 0.657000
vt 0.140600 0.658400
vt 0.171900 0.655600
vt 0.187500 0.654400
vt 0.203100 0.653300
vt 0.218800 0.652300
vt 0.234400 0.651500
vt 0.250000 0.651000
vt 0.265600 0.650600
vt 0.281200 0.650400
vt 0.296600 0.650400
vt 0.311700 0.650600
vt 0.326600 0.650900
vt 0.341000 0.651500
vt 0.354900 0.652200
vt 0.156300 0.668000
vt 0.140600 0.670000
vt 0.171900 0.666100
vt 0.187500 0.664400
vt 0.203200 0.663000
vt 0.218800 0.661700
vt 0.234400 0.660700
vt 0.250000 0.660000
vt 0.265700 0.659500
vt 0.281200 0.659200
vt 0.296600 0.659200
vt 0.311800 0.659500
vt 0.326600 0.660000
vt 0.341000 0.660700
vt 0.354600 0.661700
vt 0.156300 0.678800
vt 0.140600 0.681500
vt 0.171900 0.676400
vt 0.187500 0.674100
vt 0.203200 0.672300
vt 0.218800 0.670700
vt 0.234400 0.669500
vt 0.250000 0.668600
vt 0.265700 0.668000
vt 0.281200 0.667700
vt 0.296600 0.667800
vt 0.311900 0.668100
vt 0.326800 0.668800
vt 0.341200 0.669700
vt 0.354800 0.670900
vt 0.156300 0.689200
vt 0.140600 0.692700
vt 0.171900 0.686000
vt 0.187500 0.683300
vt 0.203200 0.681000
vt 0.218800 0.679300
vt 0.234400 0.677900
vt 0.250100 0.676800
vt 0.265700 0.676200
vt 0.281200 0.675800
vt 0.296700 0.675900
vt 0.312000 0.676300
vt 0.327100 0.677100
vt 0.341700 0.678300
vt 0.355400 0.679900
vt 0.156300 0.698600
vt 0.140600 0.703800
vt 0.171900 0.694800
vt 0.187600 0.691700
vt 0.203200 0.689200
vt 0.218800 0.687200
vt 0.234400 0.685600
vt 0.250100 0.684500
vt 0.265700 0.683800
vt 0.281300 0.683400
vt 0.296800 0.683400
vt 0.312200 0.683900
vt 0.327500 0.684800
vt 0.342500 0.686300
vt 0.356800 0.688200
vt 0.125000 0.537500
vt 0.125000 0.708800
vt 0.125000 0.696600
vt 0.125000 0.684300
vt 0.125000 0.672100
vt 0.125000 0.659900
vt 0.125000 0.647600
vt 0.125000 0.635400
vt 0.125000 0.623100
vt 0.125000 0.610900
vt 0.125000 0.598700
vt 0.125000 0.586400
vt 0.125000 0.574200
vt 0.125000 0.562000
vt 0.125000 0.549700
s 1
g off
g mandibula_Goddard_None
usemtl Goddard_None
f 1/1/1 2/2/2 3/3/2
f 3/3/2 4/4/3 1/1/1
s 2
f 5/5/4 6/6/4 4/4/4
f 4/4/4 3/3/4 5/5/4
s 3
f 6/6/5 5/5/6 7/7/6
f 7/7/6 8/8/6 6/6/5
s 4
f 8/8/7 7/7/8 9/9/8
f 9/9/8 10/10/8 8/8/7
s 5
f 9/9/9 11/11/9 12/12/9
f 12/12/9 10/10/9 9/9/9
s 6
f 12/12/10 11/11/11 13/13/10
f 13/13/10 14/14/10 12/12/10
s 7
f 14/14/12 13/13/12 15/15/12
f 15/15/12 16/16/12 14/14/12
s 8
f 17/17/13 1/1/13 4/4/13
f 4/4/13 18/18/13 17/17/13
s 9
f 18/18/14 4/4/14 6/6/14
f 6/6/14 19/19/14 18/18/14
s 10
f 6/6/15 8/8/16 20/20/15
f 20/20/15 19/19/15 6/6/15
s 11
f 20/20/17 8/8/18 10/10/18
f 10/10/18 21/21/18 20/20/17
s 12
f 21/21/19 10/10/19 12/12/19
f 12/12/19 22/22/19 21/21/19
s 13
f 12/12/20 14/14/20 23/23/21
f 23/23/21 22/22/21 12/12/20
s 14
f 23/23/22 14/14/23 16/16/22
f 16/16/22 24/24/24 23/23/22
s 15
f 17/17/25 18/18/25 25/25/26
f 25/25/26 26/26/25 17/17/25
s 16
f 25/25/27 18/18/28 19/19/27
f 19/19/27 27/27/28 25/25/27
s 17
f 27/27/29 19/19/29 20/20/29
f 20/20/29 28/28/29 27/27/29
s 18
f 21/21/30 29/29/31 28/28/30
f 28/28/30 20/20/30 21/21/30
s 19
f 29/29/32 21/21/32 22/22/32
f 22/22/32 30/30/32 29/29/32
s 20
f 30/30/33 22/22/33 23/23/34
f 23/23/34 31/31/34 30/30/33
s 21
f 23/23/35 24/24/35 32/32/35
f 32/32/35 31/31/35 23/23/35
s 22
f 33/33/36 26/26/37 25/25/36
f 25/25/36 34/34/36 33/33/36
s 23
f 27/27/38 35/35/39 34/34/39
f 34/34/39 25/25/39 27/27/38
s 24
f 35/35/40 27/27/41 28/28/41
f 28/28/41 36/36/40 35/35/40
s 25
f 36/36/42 28/28/42 29/29/42
f 29/29/42 37/37/42 36/36/42
s 26
f 30/30/43 38/38/43 37/37/43
f 37/37/43 29/29/43 30/30/43
s 27
f 38/38/44 30/30/45 31/31/45
f 31/31/45 39/39/44 38/38/44
s 28
f 39/39/46 31/31/47 32/32/46
f 32/32/46 40/40/46 39/39/46
s 29
f 41/41/48 33/33/49 34/34/49
f 34/34/49 42/42/49 41/41/48
s 30
f 42/42/50 34/34/51 35/35/51
f 35/35/51 43/43/51 42/42/50
s 31
f 35/35/52 36/36/52 44/44/53
f 44/44/53 43/43/52 35/35/52
s 32
f 44/44/54 36/36/54 37/37/54
f 37/37/54 45/45/55 44/44/54
s 33
f 45/45/56 37/37/56 38/38/56
f 38/38/56 46/46/56 45/45/56
s 34
f 41/41/57 42/42/57 47/47/58
f 47/47/58 48/48/59 41/41/57
s 35
f 43/43/60 49/49/61 47/47/61
f 47/47/61 42/42/61 43/43/60
s 36
f 44/44/62 50/50/63 49/49/64
f 49/49/64 43/43/65 44/44/62
s 37
f 44/44/66 45/45/67 51/51/67
f 51/51/67 50/50/66 44/44/66
s 38
f 45/45/68 46/46/68 52/52/68
f 52/52/68 51/51/68 45/45/68
s 39
f 53/53/69 54/54/70 55/55/71
f 55/55/71 56/56/72 53/53/69
s 40
f 57/57/73 58/58/73 55/55/73
f 55/55/73 54/54/74 57/57/73
s 41
f 59/59/75 58/58/75 57/57/75
f 57/57/75 60/60/76 59/59/75
s 42
f 56/56/77 55/55/77 61/61/77
f 61/61/77 62/62/78 56/56/77
s 43
f 55/55/79 58/58/80 63/63/80
f 63/63/80 61/61/80 55/55/79
s 44
f 59/59/81 64/64/81 63/63/82
f 63/63/82 58/58/83 59/59/81
s 45
f 59/59/84 65/65/84 66/66/85
f 66/66/85 64/64/85 59/59/84
s 46
f 61/61/86 67/67/86 68/68/87
f 68/68/87 62/62/86 61/61/86
s 47
f 61/61/88 63/63/88 69/69/88
f 69/69/88 67/67/88 61/61/88
s 48
f 63/63/89 64/64/90 70/70/90
f 70/70/90 69/69/91 63/63/89
s 49
f 64/64/92 66/66/92 71/71/92
f 71/71/92 70/70/92 64/64/92
s 50
f 68/68/93 67/67/93 72/72/93
f 72/72/93 73/73/93 68/68/93
s 51
f 69/69/94 74/74/95 72/72/95
f 72/72/95 67/67/96 69/69/94
s 52
f 69/69/97 70/70/98 75/75/99
f 75/75/99 74/74/99 69/69/97
s 53
f 70/70/100 71/71/101 76/76/100
f 76/76/100 75/75/101 70/70/100
s 54
f 73/73/102 72/72/103 77/77/103
f 77/77/103 78/78/103 73/73/102
s 55
f 72/72/104 74/74/104 79/79/105
f 79/79/105 77/77/104 72/72/104
s 56
f 74/74/106 75/75/106 80/80/107
f 80/80/107 79/79/107 74/74/106
s 57
f 75/75/108 76/76/108 81/81/108
f 81/81/108 80/80/108 75/75/108
s 58
f 78/78/109 77/77/109 82/82/109
f 82/82/109 83/83/109 78/78/109
s 59
f 77/77/110 79/79/110 84/84/110
f 84/84/110 82/82/111 77/77/110
s 60
f 79/79/112 80/80/112 85/85/112
f 85/85/112 84/84/112 79/79/112
s 61
f 81/81/113 86/86/114 85/85/113
f 85/85/113 80/80/113 81/81/113
s 62
f 87/87/115 88/88/115 89/89/115
f 89/89/115 90/90/115 87/87/115
s 63
f 90/90/116 89/89/117 91/91/118
f 91/91/118 92/92/118 90/90/116
s 64
f 93/93/119 94/94/119 92/92/119
f 92/92/119 91/91/119 93/93/119
s 65
f 94/94/120 93/93/120 95/95/120
f 95/95/120 96/96/120 94/94/120
s 66
f 96/96/121 95/95/121 97/97/122
f 97/97/122 98/98/121 96/96/121
s 67
f 97/97/123 99/99/123 100/100/123
f 100/100/123 98/98/123 97/97/123
s 68
f 100/100/124 99/99/124 101/101/124
f 101/101/124 102/102/124 100/100/124
s 69
f 90/90/125 103/103/125 104/104/125
f 104/104/125 87/87/125 90/90/125
s 70
f 103/103/126 90/90/126 92/92/126
f 92/92/126 105/105/126 103/103/126
s 71
f 105/105/127 92/92/128 94/94/127
f 94/94/127 106/106/129 105/105/127
s 72
f 96/96/130 107/107/130 106/106/130
f 106/106/130 94/94/130 96/96/130
s 73
f 107/107/131 96/96/131 98/98/131
f 98/98/131 108/108/131 107/107/131
s 74
f 108/108/132 98/98/132 100/100/132
f 100/100/132 109/109/132 108/108/132
s 75
f 100/100/133 102/102/133 110/110/133
f 110/110/133 109/109/134 100/100/133
s 76
f 111/111/135 104/104/135 103/103/136
f 103/103/136 112/112/135 111/111/135
s 77
f 103/103/137 105/105/138 113/113/139
f 113/113/139 112/112/137 103/103/137
s 78
f 113/113/140 105/105/141 106/106/141
f 106/106/141 114/114/141 113/113/140
s 79
f 114/114/142 106/106/142 107/107/142
f 107/107/142 115/115/142 114/114/142
s 80
f 108/108/143 116/116/144 115/115/143
f 115/115/143 107/107/143 108/108/143
s 81
f 116/116/145 108/108/145 109/109/145
f 109/109/145 117/117/145 116/116/145
s 82
f 117/117/146 109/109/147 110/110/146
f 110/110/146 118/118/148 117/117/146
s 83
f 119/119/149 111/111/149 112/112/149
f 112/112/149 120/120/149 119/119/149
s 84
f 120/120/150 112/112/151 113/113/151
f 113/113/151 121/121/151 120/120/150
s 85
f 114/114/152 122/122/152 121/121/153
f 121/121/153 113/113/152 114/114/152
s 86
f 122/122/154 114/114/155 115/115/155
f 115/115/155 123/123/155 122/122/154
s 87
f 123/123/156 115/115/157 116/116/157
f 116/116/157 124/124/157 123/123/156
s 88
f 117/117/158 125/125/159 124/124/158
f 124/124/158 116/116/158 117/117/158
s 89
f 125/125/160 117/117/160 118/118/160
f 118/118/160 126/126/160 125/125/160
s 90
f 125/125/161 127/127/161 128/128/162
f 128/128/162 124/124/161 125/125/161
s 91
f 125/125/163 126/126/163 129/129/164
f 129/129/164 127/127/163 125/125/163
s 92
f 130/130/165 131/131/166 132/132/165
f 132/132/165 133/133/165 130/130/165
s 93
f 134/134/167 135/135/167 133/133/168
f 133/133/168 132/132/167 134/134/167
s 94
f 135/135/169 134/134/170 136/136/170
f 136/136/170 137/137/169 135/135/169
s 95
f 137/137/171 136/136/171 138/138/171
f 138/138/171 139/139/171 137/137/171
s 96
f 138/138/172 140/140/172 141/141/172
f 141/141/172 139/139/172 138/138/172
s 34
f 141/141/173 140/140/173 142/142/174
f 142/142/174 143/143/175 141/141/173
f 143/143/175 142/142/174 144/144/176
f 144/144/176 145/145/177 143/143/175
s 97
f 146/146/178 130/130/178 133/133/178
f 133/133/178 147/147/179 146/146/178
s 98
f 147/147/180 133/133/180 135/135/180
f 135/135/180 148/148/180 147/147/180
s 99
f 137/137/181 149/149/181 148/148/182
f 148/148/182 135/135/183 137/137/181
s 100
f 149/149/184 137/137/185 139/139/186
f 139/139/186 150/150/185 149/149/184
s 101
f 150/150/187 139/139/187 141/141/188
f 141/141/188 151/151/187 150/150/187
s 102
f 141/141/189 143/143/190 152/152/190
f 152/152/190 151/151/190 141/141/189
s 103
f 152/152/191 143/143/191 145/145/192
f 145/145/192 153/153/193 152/152/191
s 104
f 154/154/194 155/155/194 146/146/194
f 146/146/194 147/147/194 154/154/194
s 105
f 148/148/195 156/156/195 154/154/195
f 154/154/195 147/147/195 148/148/195
s 106
f 157/157/196 156/156/196 148/148/196
f 148/148/196 149/149/196 157/157/196
s 107
f 149/149/197 150/150/197 158/158/197
f 158/158/197 157/157/197 149/149/197
s 108
f 158/158/198 150/150/198 151/151/199
f 151/151/199 159/159/198 158/158/198
s 109
f 151/151/200 152/152/200 160/160/201
f 160/160/201 159/159/200 151/151/200
s 110
f 161/161/202 160/160/203 152/152/204
f 152/152/204 153/153/205 161/161/202
s 111
f 155/155/206 154/154/206 162/162/206
f 162/162/206 163/163/206 155/155/206
s 112
f 164/164/207 162/162/207 154/154/207
f 154/154/207 156/156/208 164/164/207
s 113
f 165/165/209 164/164/209 156/156/209
f 156/156/209 157/157/209 165/165/209
s 114
f 158/158/210 166/166/210 165/165/211
f 165/165/211 157/157/210 158/158/210
s 115
f 159/159/212 167/167/212 166/166/212
f 166/166/212 158/158/212 159/159/212
s 116
f 160/160/213 168/168/214 167/167/214
f 167/167/214 159/159/214 160/160/213
s 117
f 161/161/215 169/169/215 168/168/216
f 168/168/216 160/160/215 161/161/215
s 118
f 162/162/217 170/170/218 171/171/218
f 171/171/218 163/163/219 162/162/217
s 119
f 164/164/220 172/172/220 170/170/221
f 170/170/221 162/162/221 164/164/220
s 120
f 172/172/222 164/164/222 165/165/222
f 165/165/222 173/173/222 172/172/222
s 121
f 166/166/223 174/174/224 173/173/224
f 173/173/224 165/165/224 166/166/223
s 122
f 167/167/225 175/175/225 174/174/226
f 174/174/226 166/166/225 167/167/225
s 123
f 175/175/227 167/167/227 168/168/227
f 168/168/227 176/176/227 175/175/227
s 124
f 169/169/228 177/177/229 176/176/229
f 176/176/229 168/168/229 169/169/228
s 125
f 178/178/230 171/171/230 170/170/231
f 170/170/231 179/179/232 178/178/230
s 126
f 172/172/233 180/180/233 179/179/233
f 179/179/233 170/170/233 172/172/233
s 127
f 173/173/234 181/181/234 180/180/234
f 180/180/234 172/172/234 173/173/234
s 128
f 181/181/235 173/173/235 174/174/235
f 174/174/235 182/182/235 181/181/235
s 129
f 175/175/236 183/183/236 182/182/237
f 182/182/237 174/174/236 175/175/236
s 130
f 15/15/238 83/83/239 82/82/238
f 82/82/238 16/16/238 15/15/238
s 131
f 16/16/240 82/82/240 84/84/240
f 84/84/240 24/24/240 16/16/240
s 132
f 84/84/241 85/85/241 32/32/241
f 32/32/241 24/24/241 84/84/241
s 133
f 32/32/242 85/85/242 86/86/242
f 86/86/242 40/40/242 32/32/242
s 134
f 101/101/243 178/178/243 179/179/243
f 179/179/243 102/102/244 101/101/243
s 135
f 102/102/245 179/179/245 180/180/245
f 180/180/245 110/110/245 102/102/245
s 136
f 180/180/246 181/181/246 118/118/246
f 118/118/246 110/110/246 180/180/246
s 137
f 118/118/247 181/181/247 182/182/247
f 182/182/247 126/126/247 118/118/247
s 138
f 126/126/248 182/182/248 183/183/248
f 183/183/248 129/129/248 126/126/248
s 34
f 48/48/59 47/47/58 145/145/177
f 145/145/177 144/144/176 48/48/59
s 103
f 145/145/192 47/47/249 49/49/250
f 49/49/250 153/153/193 145/145/192
s 110
f 49/49/251 50/50/252 161/161/202
f 161/161/202 153/153/205 49/49/251
s 139
f 161/161/253 50/50/254 51/51/255
f 51/51/255 169/169/256 161/161/253
s 140
f 51/51/257 52/52/258 177/177/258
f 177/177/258 169/169/258 51/51/257
s 141
f 184/184/259 185/185/259 186/186/259
f 186/186/259 2/2/259 184/184/259
s 142
f 3/3/260 2/2/260 186/186/261
f 186/186/261 187/187/260 3/3/260
s 143
f 5/5/262 3/3/262 187/187/262
f 187/187/262 188/188/262 5/5/262
s 144
f 189/189/263 7/7/264 5/5/263
f 5/5/263 188/188/265 189/189/263
s 145
f 190/190/266 9/9/266 7/7/266
f 7/7/266 189/189/266 190/190/266
s 146
f 191/191/267 11/11/267 9/9/267
f 9/9/267 190/190/267 191/191/267
s 147
f 11/11/268 191/191/268 192/192/268
f 192/192/268 13/13/268 11/11/268
s 148
f 193/193/269 15/15/270 13/13/271
f 13/13/271 192/192/272 193/193/269
s 149
f 194/194/273 184/184/274 2/2/275
f 2/2/275 1/1/273 194/194/273
s 150
f 17/17/276 195/195/276 194/194/276
f 194/194/276 1/1/276 17/17/276
s 151
f 26/26/277 196/196/277 195/195/277
f 195/195/277 17/17/277 26/26/277
s 152
f 33/33/278 197/197/278 196/196/279
f 196/196/279 26/26/278 33/33/278
s 153
f 41/41/280 198/198/281 197/197/282
f 197/197/282 33/33/282 41/41/280
f 48/48/283 199/199/284 198/198/281
f 198/198/281 41/41/280 48/48/283
f 144/144/285 200/200/286 199/199/284
f 199/199/284 48/48/283 144/144/285
s 154
f 201/201/287 202/202/287 53/53/288
f 53/53/288 203/203/287 201/201/287
s 155
f 53/53/289 202/202/289 204/204/289
f 204/204/289 54/54/290 53/53/289
s 156
f 204/204/291 205/205/292 57/57/291
f 57/57/291 54/54/291 204/204/291
s 157
f 205/205/293 206/206/293 60/60/293
f 60/60/293 57/57/293 205/205/293
s 158
f 56/56/294 207/207/294 203/203/294
f 203/203/294 53/53/294 56/56/294
s 159
f 56/56/295 62/62/295 208/208/296
f 208/208/296 207/207/296 56/56/295
s 160
f 209/209/297 208/208/297 62/62/297
f 62/62/297 68/68/297 209/209/297
s 161
f 68/68/298 73/73/299 210/210/298
f 210/210/298 209/209/298 68/68/298
s 162
f 210/210/300 73/73/301 78/78/302
f 78/78/302 211/211/300 210/210/300
s 163
f 83/83/303 212/212/303 211/211/303
f 211/211/303 78/78/303 83/83/303
s 164
f 15/15/304 193/193/304 212/212/304
f 212/212/304 83/83/304 15/15/304
s 165
f 213/213/305 88/88/306 214/214/306
f 214/214/306 215/215/307 213/213/305
s 166
f 89/89/308 88/88/308 213/213/308
f 213/213/308 216/216/308 89/89/308
s 167
f 217/217/309 91/91/309 89/89/309
f 89/89/309 216/216/309 217/217/309
s 168
f 218/218/310 93/93/310 91/91/311
f 91/91/311 217/217/310 218/218/310
s 169
f 219/219/312 95/95/313 93/93/312
f 93/93/312 218/218/312 219/219/312
s 170
f 97/97/314 95/95/314 219/219/314
f 219/219/314 220/220/314 97/97/314
s 171
f 99/99/315 97/97/315 220/220/315
f 220/220/315 221/221/315 99/99/315
s 172
f 99/99/316 221/221/316 222/222/316
f 222/222/316 101/101/317 99/99/316
s 173
f 87/87/318 223/223/319 214/214/319
f 214/214/319 88/88/319 87/87/318
s 174
f 223/223/320 87/87/320 104/104/320
f 104/104/320 224/224/320 223/223/320
s 175
f 111/111/321 225/225/322 224/224/321
f 224/224/321 104/104/321 111/111/321
s 176
f 226/226/323 225/225/324 111/111/324
f 111/111/324 119/119/323 226/226/323
s 177
f 227/227/325 131/131/326 228/228/326
f 228/228/326 229/229/326 227/227/325
s 178
f 131/131/327 227/227/328 230/230/329
f 230/230/329 132/132/328 131/131/327
s 179
f 132/132/330 230/230/330 231/231/330
f 231/231/330 134/134/330 132/132/330
s 180
f 134/134/331 231/231/331 232/232/332
f 232/232/332 136/136/331 134/134/331
s 181
f 136/136/333 232/232/333 233/233/333
f 233/233/333 138/138/333 136/136/333
s 153
f 138/138/334 233/233/334 234/234/335
f 234/234/335 140/140/336 138/138/334
f 140/140/336 234/234/335 235/235/337
f 235/235/337 142/142/338 140/140/336
f 142/142/338 235/235/337 200/200/286
f 200/200/286 144/144/285 142/142/338
s 182
f 130/130/339 236/236/339 228/228/339
f 228/228/339 131/131/339 130/130/339
s 183
f 146/146/340 237/237/341 236/236/340
f 236/236/340 130/130/340 146/146/340
s 184
f 155/155/342 238/238/342 237/237/342
f 237/237/342 146/146/342 155/155/342
s 185
f 163/163/343 239/239/343 238/238/343
f 238/238/343 155/155/343 163/163/343
s 186
f 171/171/344 240/240/344 239/239/344
f 239/239/344 163/163/344 171/171/344
s 187
f 178/178/345 241/241/346 240/240/346
f 240/240/346 171/171/345 178/178/345
s 188
f 222/222/347 241/241/347 178/178/347
f 178/178/347 101/101/347 222/222/347
s 189
f 242/242/348 243/243/349 244/244/349
f 244/244/349 245/245/348 242/242/348
s 190
f 246/246/350 247/247/350 245/245/350
f 245/245/350 244/244/350 246/246/350
s 191
f 248/248/351 249/249/352 247/247/353
f 247/247/353 246/246/351 248/248/351
s 192
f 245/245/354 250/250/355 251/251/355
f 251/251/355 242/242/354 245/245/354
s 193
f 247/247/356 252/252/357 250/250/357
f 250/250/357 245/245/356 247/247/356
s 191
f 252/252/358 247/247/353 249/249/352
f 249/249/352 253/253/358 252/252/358
s 194
f 250/250/359 254/254/359 255/255/359
f 255/255/359 251/251/359 250/250/359
s 195
f 254/254/360 250/250/361 252/252/362
f 252/252/362 256/256/360 254/254/360
s 196
f 253/253/363 257/257/364 256/256/365
f 256/256/365 252/252/363 253/253/363
s 197
f 258/258/366 255/255/366 254/254/366
f 254/254/366 259/259/366 258/258/366
s 198
f 256/256/367 260/260/368 259/259/367
f 259/259/367 254/254/367 256/256/367
s 196
f 257/257/364 261/261/369 260/260/369
f 260/260/369 256/256/365 257/257/364
s 199
f 259/259/370 262/262/371 263/263/371
f 263/263/371 258/258/371 259/259/370
s 200
f 260/260/372 264/264/372 262/262/372
f 262/262/372 259/259/373 260/260/372
s 201
f 264/264/374 260/260/375 261/261/376
f 261/261/376 265/265/377 264/264/374
s 202
f 262/262/378 266/266/379 267/267/380
f 267/267/380 263/263/381 262/262/378
s 203
f 266/266/382 262/262/383 264/264/383
f 264/264/383 268/268/383 266/266/382
s 201
f 265/265/377 269/269/384 268/268/384
f 268/268/384 264/264/374 265/265/377
s 204
f 270/270/385 267/267/386 266/266/387
f 266/266/387 271/271/388 270/270/385
s 205
f 268/268/389 272/272/390 271/271/389
f 271/271/389 266/266/389 268/268/389
s 206
f 269/269/391 273/273/392 272/272/393
f 272/272/393 268/268/391 269/269/391
s 207
f 271/271/394 274/274/394 275/275/394
f 275/275/394 270/270/394 271/271/394
s 208
f 272/272/395 276/276/395 274/274/395
f 274/274/395 271/271/396 272/272/395
s 206
f 276/276/397 272/272/393 273/273/392
f 273/273/392 277/277/397 276/276/397
s 209
f 274/274/398 278/278/398 279/279/398
f 279/279/398 275/275/398 274/274/398
s 210
f 278/278/399 274/274/399 276/276/399
f 276/276/399 280/280/399 278/278/399
s 211
f 277/277/400 281/281/401 280/280/401
f 280/280/401 276/276/401 277/277/400
s 212
f 282/282/402 279/279/402 278/278/402
f 278/278/402 283/283/402 282/282/402
s 213
f 280/280/403 284/284/404 283/283/403
f 283/283/403 278/278/403 280/280/403
s 214
f 281/281/405 285/285/405 284/284/405
f 284/284/405 280/280/405 281/281/405
s 215
f 283/283/406 286/286/406 287/287/406
f 287/287/406 282/282/406 283/283/406
s 216
f 284/284/407 288/288/407 286/286/407
f 286/286/407 283/283/407 284/284/407
s 217
f 288/288/408 284/284/409 285/285/410
f 285/285/410 289/289/409 288/288/408
s 218
f 286/286/411 290/290/411 291/291/411
f 291/291/411 287/287/411 286/286/411
s 219
f 290/290/412 286/286/412 288/288/412
f 288/288/412 292/292/412 290/290/412
s 220
f 289/289/413 293/293/413 292/292/413
f 292/292/413 288/288/414 289/289/413
s 221
f 294/294/415 291/291/416 290/290/416
f 290/290/416 295/295/417 294/294/415
s 222
f 292/292/418 296/296/418 295/295/419
f 295/295/419 290/290/418 292/292/418
s 223
f 293/293/420 297/297/420 296/296/420
f 296/296/420 292/292/420 293/293/420
s 224
f 295/295/421 298/298/421 299/299/421
f 299/299/421 294/294/421 295/295/421
s 225
f 296/296/422 300/300/423 298/298/422
f 298/298/422 295/295/422 296/296/422
s 226
f 300/300/424 296/296/424 297/297/424
f 297/297/424 301/301/425 300/300/424
s 227
f 302/302/426 303/303/427 304/304/427
f 304/304/427 243/243/426 302/302/426
s 228
f 244/244/428 243/243/428 304/304/428
f 304/304/428 305/305/428 244/244/428
s 229
f 306/306/429 246/246/429 244/244/429
f 244/244/429 305/305/429 306/306/429
s 230
f 307/307/430 248/248/430 246/246/430
f 246/246/430 306/306/430 307/307/430
s 231
f 301/301/431 206/308/431 205/309/431
f 205/309/431 300/300/431 301/301/431
s 232
f 204/310/432 298/298/432 300/300/432
f 300/300/432 205/309/432 204/310/432
s 233
f 204/310/433 202/311/433 299/299/433
f 299/299/433 298/298/433 204/310/433
s 234
f 299/299/434 202/311/434 201/312/434
f 201/312/434 308/313/434 299/299/434
s 235
f 294/294/435 299/299/435 308/313/435
f 308/313/435 309/314/435 294/294/435
s 236
f 309/314/436 310/315/436 291/291/436
f 291/291/436 294/294/436 309/314/436
s 237
f 310/315/437 311/316/437 287/287/437
f 287/287/437 291/291/438 310/315/437
s 238
f 287/287/439 311/316/439 312/317/440
f 312/317/440 282/282/440 287/287/439
s 239
f 282/282/441 312/317/441 313/318/442
f 313/318/442 279/279/442 282/282/441
s 240
f 314/319/443 275/275/444 279/279/445
f 279/279/445 313/318/445 314/319/443
s 241
f 275/275/446 314/319/447 315/320/447
f 315/320/447 270/270/446 275/275/446
s 242
f 270/270/448 315/320/449 316/321/450
f 316/321/450 267/267/451 270/270/448
s 243
f 317/322/452 263/263/452 267/267/453
f 267/267/453 316/321/452 317/322/452
s 244
f 318/323/454 258/258/455 263/263/454
f 263/263/454 317/322/454 318/323/454
s 245
f 319/324/456 255/255/457 258/258/458
f 258/258/458 318/323/458 319/324/456
s 246
f 320/325/459 251/251/460 255/255/459
f 255/255/459 319/324/461 320/325/459
s 247
f 321/326/462 242/242/463 251/251/464
f 251/251/464 320/325/465 321/326/462
s 248
f 242/242/466 321/326/466 302/302/466
f 302/302/466 243/243/466 242/242/466
s 249
f 322/327/467 323/328/468 324/329/468
f 324/329/468 325/330/467 322/327/467
s 250
f 324/329/469 326/331/469 327/332/469
f 327/332/469 325/330/469 324/329/469
s 251
f 326/331/470 328/333/470 329/334/470
f 329/334/470 327/332/470 326/331/470
s 252
f 329/334/471 328/333/471 330/335/472
f 330/335/472 331/336/473 329/334/471
s 253
f 322/327/474 325/330/474 332/337/474
f 332/337/474 333/338/475 322/327/474
s 254
f 325/330/476 327/332/476 334/339/477
f 334/339/477 332/337/476 325/330/476
s 255
f 327/332/478 329/334/479 335/340/478
f 335/340/478 334/339/480 327/332/478
s 256
f 329/334/481 331/336/481 336/341/481
f 336/341/481 335/340/481 329/334/481
s 257
f 333/338/482 332/337/482 337/342/482
f 337/342/482 338/343/482 333/338/482
s 258
f 332/337/483 334/339/483 339/344/483
f 339/344/483 337/342/483 332/337/483
s 259
f 334/339/484 335/340/485 340/345/486
f 340/345/486 339/344/484 334/339/484
f 335/340/485 336/341/487 341/346/488
f 341/346/488 340/345/486 335/340/485
s 260
f 338/343/489 337/342/489 342/347/489
f 342/347/489 343/348/489 338/343/489
s 261
f 337/342/490 339/344/490 344/349/490
f 344/349/490 342/347/490 337/342/490
s 262
f 339/344/491 340/345/492 345/350/493
f 345/350/493 344/349/494 339/344/491
f 340/345/492 341/346/495 346/351/496
f 346/351/496 345/350/493 340/345/492
s 263
f 343/348/497 342/347/498 347/352/497
f 347/352/497 348/353/498 343/348/497
s 264
f 342/347/499 344/349/499 349/354/500
f 349/354/500 347/352/499 342/347/499
s 265
f 344/349/501 345/350/501 350/355/501
f 350/355/501 349/354/502 344/349/501
s 266
f 345/350/503 346/351/504 351/356/505
f 351/356/505 350/355/506 345/350/503
s 267
f 348/353/507 347/352/508 352/357/507
f 352/357/507 353/358/508 348/353/507
s 268
f 347/352/509 349/354/510 354/359/510
f 354/359/510 352/357/510 347/352/509
s 269
f 349/354/511 350/355/511 355/360/511
f 355/360/511 354/359/511 349/354/511
s 270
f 351/356/512 356/361/513 355/360/514
f 355/360/514 350/355/515 351/356/512
s 271
f 353/358/516 352/357/516 357/362/517
f 357/362/517 358/363/517 353/358/516
s 272
f 352/357/518 354/359/518 359/364/518
f 359/364/518 357/362/518 352/357/518
s 273
f 354/359/519 355/360/520 360/365/520
f 360/365/520 359/364/521 354/359/519
s 274
f 355/360/522 356/361/523 361/366/523
f 361/366/523 360/365/523 355/360/522
s 275
f 358/363/524 357/362/525 362/367/526
f 362/367/526 363/368/527 358/363/524
s 276
f 357/362/528 359/364/528 364/369/529
f 364/369/529 362/367/530 357/362/528
s 277
f 360/365/531 365/370/532 364/369/533
f 364/369/533 359/364/531 360/365/531
s 278
f 360/365/534 361/366/535 366/371/536
f 366/371/536 365/370/535 360/365/534
s 279
f 363/368/537 362/367/538 367/372/539
f 367/372/539 368/373/540 363/368/537
s 280
f 362/367/541 364/369/541 369/374/541
f 369/374/541 367/372/541 362/367/541
s 281
f 364/369/542 365/370/543 370/375/542
f 370/375/542 369/374/544 364/369/542
s 282
f 366/371/545 371/376/546 370/375/546
f 370/375/546 365/370/546 366/371/545
s 283
f 368/373/547 367/372/547 372/377/548
f 372/377/548 373/378/548 368/373/547
s 284
f 369/374/549 374/379/550 372/377/550
f 372/377/550 367/372/550 369/374/549
s 285
f 369/374/551 370/375/552 375/380/552
f 375/380/552 374/379/553 369/374/551
s 286
f 370/375/554 371/376/555 376/381/554
f 376/381/554 375/380/554 370/375/554
s 287
f 373/378/556 372/377/556 377/382/557
f 377/382/557 378/383/557 373/378/556
s 288
f 372/377/558 374/379/558 379/384/558
f 379/384/558 377/382/558 372/377/558
s 289
f 375/380/559 380/385/559 379/384/559
f 379/384/559 374/379/559 375/380/559
s 290
f 375/380/560 376/381/561 381/386/561
f 381/386/561 380/385/561 375/380/560
s 291
f 378/383/562 377/382/562 382/387/562
f 382/387/562 383/388/563 378/383/562
s 292
f 377/382/564 379/384/564 384/389/564
f 384/389/564 382/387/565 377/382/564
s 293
f 379/384/566 380/385/566 385/390/566
f 385/390/566 384/389/567 379/384/566
s 294
f 380/385/568 381/386/568 386/391/569
f 386/391/569 385/390/570 380/385/568
s 295
f 383/388/571 382/387/571 387/392/571
f 387/392/571 388/393/571 383/388/571
s 296
f 384/389/572 389/394/572 387/392/572
f 387/392/572 382/387/572 384/389/572
s 297
f 384/389/573 385/390/573 390/395/573
f 390/395/573 389/394/573 384/389/573
s 294
f 385/390/570 386/391/569 391/396/574
f 391/396/574 390/395/574 385/390/570
s 298
f 388/393/575 387/392/575 392/397/576
f 392/397/576 393/398/577 388/393/575
s 299
f 387/392/578 389/394/578 394/399/579
f 394/399/579 392/397/579 387/392/578
s 300
f 389/394/580 390/395/581 395/400/580
f 395/400/580 394/399/582 389/394/580
s 301
f 390/395/583 391/396/584 396/401/585
f 396/401/585 395/400/586 390/395/583
s 302
f 215/215/587 214/214/587 323/328/588
f 323/328/588 397/402/588 215/215/587
s 303
f 223/223/589 324/329/589 323/328/590
f 323/328/590 214/214/590 223/223/589
s 304
f 224/224/591 326/331/592 324/329/591
f 324/329/591 223/223/591 224/224/591
s 305
f 225/225/593 328/333/593 326/331/593
f 326/331/593 224/224/593 225/225/593
s 306
f 226/226/594 330/335/594 328/333/594
f 328/333/594 225/225/594 226/226/594
s 307
f 394/399/595 395/400/596 398/403/595
f 398/403/595 399/404/595 394/399/595
s 308
f 394/399/597 399/404/597 400/405/597
f 400/405/597 392/397/597 394/399/597
s 309
f 401/406/598 393/398/598 392/397/598
f 392/397/598 400/405/598 401/406/598
s 310
f 401/406/599 402/407/599 403/408/599
f 403/408/599 393/398/599 401/406/599
s 311
f 393/398/600 403/408/600 404/409/600
f 404/409/600 388/393/600 393/398/600
s 312
f 405/410/601 383/388/601 388/393/601
f 388/393/601 404/409/601 405/410/601
s 313
f 383/388/602 405/410/603 406/411/604
f 406/411/604 378/383/602 383/388/602
s 314
f 378/383/605 406/411/606 407/412/607
f 407/412/607 373/378/608 378/383/605
s 315
f 408/413/609 368/373/610 373/378/611
f 373/378/611 407/412/612 408/413/609
s 316
f 368/373/613 408/413/614 409/414/615
f 409/414/615 363/368/616 368/373/613
s 317
f 363/368/617 409/414/618 410/415/619
f 410/415/619 358/363/619 363/368/617
s 318
f 411/416/620 353/358/620 358/363/620
f 358/363/620 410/415/620 411/416/620
s 319
f 353/358/621 411/416/622 412/417/621
f 412/417/621 348/353/623 353/358/621
s 320
f 348/353/624 412/417/624 413/418/625
f 413/418/625 343/348/626 348/353/624
s 321
f 414/419/627 338/343/628 343/348/629
f 343/348/629 413/418/629 414/419/627
s 322
f 338/343/630 414/419/630 415/420/631
f 415/420/631 333/338/630 338/343/630
s 323
f 333/338/632 415/420/632 416/421/633
f 416/421/633 322/327/633 333/338/632
s 324
f 322/327/634 416/421/635 397/402/634
f 397/402/634 323/328/634 322/327/634
s 325
f 417/422/636 418/423/636 419/424/636
f 419/424/636 420/425/636 417/422/636
s 326
f 417/422/637 421/426/637 422/427/637
f 422/427/637 418/423/637 417/422/637
s 327
f 421/426/638 423/428/638 424/429/638
f 424/429/638 422/427/638 421/426/638
s 328
f 425/430/639 426/431/639 424/429/639
f 424/429/639 423/428/639 425/430/639
s 329
f 425/430/640 427/432/641 428/433/642
f 428/433/642 426/431/640 425/430/640
s 330
f 427/432/643 429/434/644 430/435/644
f 430/435/644 428/433/645 427/432/643
s 331
f 429/434/646 431/436/647 432/437/647
f 432/437/647 430/435/647 429/434/646
s 332
f 431/436/648 433/438/648 434/439/649
f 434/439/649 432/437/649 431/436/648
s 333
f 433/438/650 435/440/651 436/441/651
f 436/441/651 434/439/652 433/438/650
s 334
f 437/442/653 438/443/653 436/441/653
f 436/441/653 435/440/653 437/442/653
s 335
f 437/442/654 439/444/654 440/445/654
f 440/445/654 438/443/654 437/442/654
s 336
f 441/446/655 442/447/655 440/445/655
f 440/445/655 439/444/655 441/446/655
s 337
f 441/446/656 443/448/656 444/449/656
f 444/449/656 442/447/656 441/446/656
s 338
f 443/448/657 445/450/657 446/451/657
f 446/451/657 444/449/657 443/448/657
s 339
f 419/424/658 418/423/658 447/452/658
f 447/452/658 448/453/658 419/424/658
s 340
f 418/423/659 422/427/659 449/454/659
f 449/454/659 447/452/659 418/423/659
s 341
f 422/427/660 424/429/660 450/455/660
f 450/455/660 449/454/660 422/427/660
s 342
f 424/429/661 426/431/662 451/456/662
f 451/456/662 450/455/661 424/429/661
s 343
f 426/431/663 428/433/664 452/457/665
f 452/457/665 451/456/665 426/431/663
s 344
f 428/433/666 430/435/667 453/458/667
f 453/458/667 452/457/667 428/433/666
s 345
f 430/435/668 432/437/669 454/459/670
f 454/459/670 453/458/671 430/435/668
s 346
f 432/437/672 434/439/673 455/460/674
f 455/460/674 454/459/672 432/437/672
s 347
f 434/439/675 436/441/675 456/461/675
f 456/461/675 455/460/675 434/439/675
s 348
f 436/441/676 438/443/677 457/462/677
f 457/462/677 456/461/677 436/441/676
s 349
f 438/443/678 440/445/678 458/463/678
f 458/463/678 457/462/678 438/443/678
s 350
f 442/447/679 459/464/679 458/463/679
f 458/463/679 440/445/679 442/447/679
s 351
f 444/449/680 460/465/680 459/464/680
f 459/464/680 442/447/680 444/449/680
s 352
f 444/449/681 446/451/681 461/466/681
f 461/466/681 460/465/681 444/449/681
s 353
f 447/452/682 462/467/682 463/468/682
f 463/468/682 448/453/682 447/452/682
s 354
f 447/452/683 449/454/683 464/469/683
f 464/469/683 462/467/683 447/452/683
s 355
f 450/455/684 465/470/684 464/469/684
f 464/469/684 449/454/684 450/455/684
s 356
f 451/456/685 466/471/685 465/470/685
f 465/470/685 450/455/685 451/456/685
s 357
f 451/456/686 452/457/687 467/472/687
f 467/472/687 466/471/686 451/456/686
s 358
f 452/457/688 453/458/688 468/473/689
f 468/473/689 467/472/690 452/457/688
s 359
f 454/459/691 469/474/692 468/473/693
f 468/473/693 453/458/694 454/459/691
s 360
f 454/459/695 455/460/695 470/475/695
f 470/475/695 469/474/695 454/459/695
s 361
f 456/461/696 471/476/697 470/475/696
f 470/475/696 455/460/698 456/461/696
s 362
f 457/462/699 472/477/700 471/476/700
f 471/476/700 456/461/700 457/462/699
s 363
f 457/462/701 458/463/701 473/478/701
f 473/478/701 472/477/701 457/462/701
s 364
f 459/464/702 474/479/702 473/478/702
f 473/478/702 458/463/702 459/464/702
s 365
f 460/465/703 475/480/703 474/479/703
f 474/479/703 459/464/703 460/465/703
s 366
f 460/465/704 461/466/704 476/481/704
f 476/481/704 475/480/704 460/465/704
s 367
f 462/467/705 477/482/706 478/483/705
f 478/483/705 463/468/706 462/467/705
s 368
f 462/467/707 464/469/707 479/484/707
f 479/484/707 477/482/707 462/467/707
s 369
f 464/469/708 465/470/708 480/485/709
f 480/485/709 479/484/709 464/469/708
s 370
f 466/471/710 481/486/711 480/485/710
f 480/485/710 465/470/710 466/471/710
s 371
f 466/471/712 467/472/713 482/487/712
f 482/487/712 481/486/714 466/471/712
s 372
f 468/473/715 483/488/716 482/487/717
f 482/487/717 467/472/715 468/473/715
s 373
f 469/474/718 484/489/719 483/488/718
f 483/488/718 468/473/720 469/474/718
s 374
f 469/474/721 470/475/722 485/490/723
f 485/490/723 484/489/724 469/474/721
s 375
f 470/475/725 471/476/725 486/491/726
f 486/491/726 485/490/725 470/475/725
s 376
f 472/477/727 487/492/728 486/491/727
f 486/491/727 471/476/727 472/477/727
s 377
f 472/477/729 473/478/729 488/493/729
f 488/493/729 487/492/729 472/477/729
s 378
f 474/479/730 489/494/730 488/493/730
f 488/493/730 473/478/730 474/479/730
s 379
f 475/480/731 490/495/731 489/494/731
f 489/494/731 474/479/731 475/480/731
s 380
f 475/480/732 476/481/732 491/496/732
f 491/496/732 490/495/732 475/480/732
s 381
f 477/482/733 492/497/733 493/498/733
f 493/498/733 478/483/733 477/482/733
s 382
f 477/482/734 479/484/734 494/499/734
f 494/499/734 492/497/735 477/482/734
s 383
f 479/484/736 480/485/737 495/500/737
f 495/500/737 494/499/736 479/484/736
s 384
f 481/486/738 496/501/739 495/500/739
f 495/500/739 480/485/739 481/486/738
s 385
f 481/486/740 482/487/741 497/502/740
f 497/502/740 496/501/742 481/486/740
s 386
f 482/487/743 483/488/743 498/503/743
f 498/503/743 497/502/743 482/487/743
s 387
f 484/489/744 499/504/745 498/503/746
f 498/503/746 483/488/746 484/489/744
s 388
f 484/489/747 485/490/748 500/505/747
f 500/505/747 499/504/748 484/489/747
s 389
f 486/491/749 501/506/749 500/505/749
f 500/505/749 485/490/749 486/491/749
s 390
f 487/492/750 502/507/751 501/506/750
f 501/506/750 486/491/750 487/492/750
s 391
f 487/492/752 488/493/752 503/508/753
f 503/508/753 502/507/752 487/492/752
s 392
f 489/494/754 504/509/754 503/508/754
f 503/508/754 488/493/754 489/494/754
s 393
f 490/495/755 505/510/755 504/509/755
f 504/509/755 489/494/755 490/495/755
s 394
f 490/495/756 491/496/757 506/511/757
f 506/511/757 505/510/757 490/495/756
s 395
f 492/497/758 507/512/758 508/513/758
f 508/513/758 493/498/758 492/497/758
s 396
f 492/497/759 494/499/759 509/514/759
f 509/514/759 507/512/760 492/497/759
s 397
f 494/499/761 495/500/761 510/515/761
f 510/515/761 509/514/761 494/499/761
s 398
f 496/501/762 511/516/763 510/515/762
f 510/515/762 495/500/764 496/501/762
s 399
f 496/501/765 497/502/765 512/517/766
f 512/517/766 511/516/767 496/501/765
s 400
f 498/503/768 513/518/769 512/517/770
f 512/517/770 497/502/769 498/503/768
s 401
f 499/504/771 514/519/772 513/518/772
f 513/518/772 498/503/772 499/504/771
s 402
f 499/504/773 500/505/773 515/520/774
f 515/520/774 514/519/775 499/504/773
s 403
f 501/506/776 516/521/776 515/520/777
f 515/520/777 500/505/776 501/506/776
s 404
f 502/507/778 517/522/779 516/521/780
f 516/521/780 501/506/781 502/507/778
s 405
f 502/507/782 503/508/782 518/523/782
f 518/523/782 517/522/782 502/507/782
s 406
f 503/508/783 504/509/784 519/524/784
f 519/524/784 518/523/784 503/508/783
s 407
f 505/510/785 520/525/785 519/524/786
f 519/524/786 504/509/785 505/510/785
s 408
f 505/510/787 506/511/788 521/526/788
f 521/526/788 520/525/789 505/510/787
s 409
f 507/512/790 522/527/790 523/528/790
f 523/528/790 508/513/790 507/512/790
s 410
f 507/512/791 509/514/792 524/529/792
f 524/529/792 522/527/793 507/512/791
s 411
f 510/515/794 525/530/795 524/529/796
f 524/529/796 509/514/794 510/515/794
s 412
f 511/516/797 526/531/797 525/530/798
f 525/530/798 510/515/798 511/516/797
s 413
f 511/516/799 512/517/800 527/532/801
f 527/532/801 526/531/801 511/516/799
s 414
f 513/518/802 528/533/803 527/532/802
f 527/532/802 512/517/802 513/518/802
s 415
f 514/519/804 529/534/805 528/533/805
f 528/533/805 513/518/804 514/519/804
s 416
f 514/519/806 515/520/807 530/535/808
f 530/535/808 529/534/806 514/519/806
s 417
f 515/520/809 516/521/809 531/536/809
f 531/536/809 530/535/809 515/520/809
s 418
f 517/522/810 532/537/811 531/536/812
f 531/536/812 516/521/812 517/522/810
s 419
f 517/522/813 518/523/814 533/538/813
f 533/538/813 532/537/813 517/522/813
s 420
f 518/523/815 519/524/815 534/539/815
f 534/539/815 533/538/815 518/523/815
s 421
f 520/525/816 535/540/816 534/539/816
f 534/539/816 519/524/816 520/525/816
s 422
f 520/525/817 521/526/817 536/541/817
f 536/541/817 535/540/817 520/525/817
s 423
f 522/527/818 537/542/818 538/543/818
f 538/543/818 523/528/818 522/527/818
s 424
f 522/527/819 524/529/819 539/544/819
f 539/544/819 537/542/819 522/527/819
s 425
f 524/529/820 525/530/821 540/545/822
f 540/545/822 539/544/820 524/529/820
s 426
f 541/546/823 540/545/824 525/530/823
f 525/530/823 526/531/823 541/546/823
s 427
f 542/547/825 541/546/826 526/531/825
f 526/531/825 527/532/825 542/547/825
s 428
f 542/547/827 527/532/828 528/533/827
f 528/533/827 543/548/827 542/547/827
s 429
f 528/533/829 529/534/829 544/549/829
f 544/549/829 543/548/829 528/533/829
s 430
f 529/534/830 530/535/830 545/550/831
f 545/550/831 544/549/832 529/534/830
s 431
f 530/535/833 531/536/833 546/551/833
f 546/551/833 545/550/833 530/535/833
s 432
f 547/552/834 546/551/834 531/536/834
f 531/536/834 532/537/834 547/552/834
s 433
f 548/553/835 547/552/836 532/537/837
f 532/537/837 533/538/835 548/553/835
s 434
f 534/539/838 549/554/839 548/553/840
f 548/553/840 533/538/838 534/539/838
s 435
f 550/555/841 549/554/842 534/539/841
f 534/539/841 535/540/843 550/555/841
s 436
f 551/556/844 550/555/844 535/540/845
f 535/540/845 536/541/846 551/556/844
s 437
f 552/557/847 553/558/847 538/543/847
f 538/543/847 537/542/847 552/557/847
s 438
f 554/559/848 552/557/848 537/542/848
f 537/542/848 539/544/848 554/559/848
s 439
f 540/545/849 555/560/850 554/559/851
f 554/559/851 539/544/852 540/545/849
s 440
f 555/560/853 540/545/853 541/546/854
f 541/546/854 556/561/854 555/560/853
s 441
f 556/561/855 541/546/855 542/547/855
f 542/547/855 557/562/855 556/561/855
s 442
f 557/562/856 542/547/857 543/548/858
f 543/548/858 558/563/859 557/562/856
s 443
f 559/564/860 558/563/861 543/548/862
f 543/548/862 544/549/860 559/564/860
s 444
f 560/565/863 559/564/864 544/549/865
f 544/549/865 545/550/865 560/565/863
s 445
f 546/551/866 561/566/867 560/565/868
f 560/565/868 545/550/869 546/551/866
s 446
f 561/566/870 546/551/870 547/552/870
f 547/552/870 562/567/870 561/566/870
s 447
f 562/567/871 547/552/872 548/553/873
f 548/553/873 563/568/871 562/567/871
s 448
f 549/554/874 564/569/874 563/568/874
f 563/568/874 548/553/874 549/554/874
s 449
f 564/569/875 549/554/875 550/555/876
f 550/555/876 565/570/876 564/569/875
s 450
f 565/570/877 550/555/878 551/556/877
f 551/556/877 566/571/878 565/570/877
s 451
f 567/572/879 553/558/879 552/557/879
f 552/557/879 568/573/879 567/572/879
s 452
f 568/573/880 552/557/880 554/559/881
f 554/559/881 569/574/880 568/573/880
s 453
f 555/560/882 570/575/882 569/574/882
f 569/574/882 554/559/882 555/560/882
s 454
f 570/575/883 555/560/883 556/561/884
f 556/561/884 571/576/884 570/575/883
s 455
f 571/576/885 556/561/886 557/562/885
f 557/562/885 572/577/886 571/576/885
s 456
f 558/563/887 573/578/887 572/577/887
f 572/577/887 557/562/887 558/563/887
s 457
f 573/578/888 558/563/888 559/564/889
f 559/564/889 574/579/890 573/578/888
s 458
f 574/579/891 559/564/892 560/565/893
f 560/565/893 575/580/894 574/579/891
s 459
f 561/566/895 576/581/896 575/580/896
f 575/580/896 560/565/895 561/566/895
s 460
f 576/581/897 561/566/898 562/567/899
f 562/567/899 577/582/899 576/581/897
s 461
f 577/582/900 562/567/901 563/568/901
f 563/568/901 578/583/901 577/582/900
s 462
f 564/569/902 579/584/903 578/583/903
f 578/583/903 563/568/903 564/569/902
s 463
f 579/584/904 564/569/904 565/570/904
f 565/570/904 580/585/904 579/584/904
s 464
f 580/585/905 565/570/906 566/571/905
f 566/571/905 581/586/905 580/585/905
s 465
f 582/587/907 567/572/907 568/573/907
f 568/573/907 583/588/908 582/587/907
s 466
f 583/588/909 568/573/909 569/574/910
f 569/574/910 584/589/909 583/588/909
s 467
f 570/575/911 585/590/911 584/589/911
f 584/589/911 569/574/911 570/575/911
s 468
f 585/590/912 570/575/912 571/576/912
f 571/576/912 586/591/912 585/590/912
s 469
f 586/591/913 571/576/913 572/577/913
f 572/577/913 587/592/913 586/591/913
s 470
f 573/578/914 588/593/915 587/592/914
f 587/592/914 572/577/915 573/578/914
s 471
f 588/593/916 573/578/917 574/579/918
f 574/579/918 589/594/919 588/593/916
s 472
f 589/594/920 574/579/921 575/580/922
f 575/580/922 590/595/923 589/594/920
s 473
f 576/581/924 591/596/924 590/595/925
f 590/595/925 575/580/924 576/581/924
s 474
f 591/596/926 576/581/926 577/582/926
f 577/582/926 592/597/926 591/596/926
s 475
f 592/597/927 577/582/927 578/583/927
f 578/583/927 593/598/927 592/597/927
s 476
f 579/584/928 594/599/928 593/598/928
f 593/598/928 578/583/928 579/584/928
s 477
f 594/599/929 579/584/929 580/585/929
f 580/585/929 595/600/929 594/599/929
s 478
f 595/600/930 580/585/930 581/586/930
f 581/586/930 596/601/930 595/600/930
s 479
f 597/602/931 582/587/931 583/588/931
f 583/588/931 598/603/931 597/602/931
s 480
f 598/603/932 583/588/932 584/589/932
f 584/589/932 599/604/932 598/603/932
s 481
f 585/590/933 600/605/933 599/604/933
f 599/604/933 584/589/933 585/590/933
s 482
f 600/605/934 585/590/934 586/591/934
f 586/591/934 601/606/934 600/605/934
s 483
f 601/606/935 586/591/936 587/592/935
f 587/592/935 602/607/936 601/606/935
s 484
f 588/593/937 603/608/937 602/607/937
f 602/607/937 587/592/938 588/593/937
s 485
f 603/608/939 588/593/939 589/594/940
f 589/594/940 604/609/939 603/608/939
s 486
f 604/609/941 589/594/942 590/595/942
f 590/595/942 605/610/942 604/609/941
s 487
f 591/596/943 606/611/944 605/610/945
f 605/610/945 590/595/945 591/596/943
s 488
f 606/611/946 591/596/946 592/597/946
f 592/597/946 607/612/946 606/611/946
s 489
f 607/612/947 592/597/947 593/598/947
f 593/598/947 608/613/947 607/612/947
s 490
f 594/599/948 609/614/948 608/613/948
f 608/613/948 593/598/948 594/599/948
s 491
f 609/614/949 594/599/950 595/600/950
f 595/600/950 610/615/950 609/614/949
s 492
f 610/615/951 595/600/951 596/601/951
f 596/601/951 611/616/951 610/615/951
s 493
f 612/617/952 597/602/952 598/603/953
f 598/603/953 613/618/952 612/617/952
s 494
f 613/618/954 598/603/954 599/604/954
f 599/604/954 614/619/954 613/618/954
s 495
f 600/605/955 615/620/955 614/619/955
f 614/619/955 599/604/955 600/605/955
s 496
f 615/620/956 600/605/956 601/606/956
f 601/606/956 616/621/956 615/620/956
s 497
f 616/621/957 601/606/957 602/607/957
f 602/607/957 617/622/958 616/621/957
s 498
f 603/608/959 618/623/959 617/622/959
f 617/622/959 602/607/959 603/608/959
s 499
f 618/623/960 603/608/961 604/609/960
f 604/609/960 619/624/960 618/623/960
s 500
f 619/624/962 604/609/963 605/610/963
f 605/610/963 620/625/962 619/624/962
s 501
f 606/611/964 621/626/964 620/625/965
f 620/625/965 605/610/965 606/611/964
s 502
f 621/626/966 606/611/966 607/612/967
f 607/612/967 622/627/967 621/626/966
s 503
f 622/627/968 607/612/968 608/613/968
f 608/613/968 623/628/968 622/627/968
s 504
f 609/614/969 624/629/970 623/628/970
f 623/628/970 608/613/970 609/614/969
s 505
f 624/629/971 609/614/972 610/615/972
f 610/615/972 625/630/972 624/629/971
s 506
f 625/630/973 610/615/974 611/616/975
f 611/616/975 626/631/975 625/630/973
s 507
f 627/632/976 612/617/976 613/618/977
f 613/618/977 628/633/977 627/632/976
s 508
f 628/633/978 613/618/978 614/619/978
f 614/619/978 629/634/978 628/633/978
s 509
f 615/620/979 630/635/979 629/634/979
f 629/634/979 614/619/979 615/620/979
s 510
f 630/635/980 615/620/981 616/621/980
f 616/621/980 631/636/980 630/635/980
s 511
f 631/636/982 616/621/982 617/622/983
f 617/622/983 632/637/983 631/636/982
s 512
f 618/623/984 633/638/985 632/637/985
f 632/637/985 617/622/985 618/623/984
s 513
f 633/638/986 618/623/987 619/624/988
f 619/624/988 634/639/989 633/638/986
s 514
f 634/639/990 619/624/991 620/625/992
f 620/625/992 635/640/990 634/639/990
s 515
f 621/626/993 636/641/994 635/640/994
f 635/640/994 620/625/993 621/626/993
s 516
f 637/642/995 636/641/995 621/626/996
f 621/626/996 622/627/997 637/642/995
s 517
f 638/643/998 637/642/998 622/627/999
f 622/627/999 623/628/998 638/643/998
s 518
f 623/628/1000 624/629/1000 639/644/1000
f 639/644/1000 638/643/1000 623/628/1000
s 519
f 639/644/1001 624/629/1001 625/630/1001
f 625/630/1001 640/645/1001 639/644/1001
s 520
f 640/645/1002 625/630/1002 626/631/1003
f 626/631/1003 641/646/1002 640/645/1002
s 521
f 185/647/1004 642/648/1004 420/425/1004
f 420/425/1004 186/649/1004 185/647/1004
s 522
f 420/425/1005 642/648/1005 643/650/1005
f 643/650/1005 417/422/1006 420/425/1005
s 523
f 417/422/1007 643/650/1008 644/651/1009
f 644/651/1009 421/426/1010 417/422/1007
s 524
f 644/651/1011 645/652/1012 423/428/1013
f 423/428/1013 421/426/1014 644/651/1011
s 525
f 423/428/1015 645/652/1016 646/653/1017
f 646/653/1017 425/430/1018 423/428/1015
s 526
f 425/430/1019 646/653/1020 647/654/1020
f 647/654/1020 427/432/1021 425/430/1019
s 527
f 648/655/1022 429/434/1023 427/432/1023
f 427/432/1023 647/654/1022 648/655/1022
s 528
f 429/434/1024 648/655/1025 649/656/1026
f 649/656/1026 431/436/1027 429/434/1024
s 529
f 649/656/1028 650/657/1028 433/438/1029
f 433/438/1029 431/436/1028 649/656/1028
s 530
f 433/438/1030 650/657/1031 651/658/1032
f 651/658/1032 435/440/1033 433/438/1030
s 531
f 652/659/1034 437/442/1035 435/440/1035
f 435/440/1035 651/658/1035 652/659/1034
s 532
f 653/660/1036 439/444/1036 437/442/1036
f 437/442/1036 652/659/1036 653/660/1036
s 533
f 439/444/1037 653/660/1038 654/661/1039
f 654/661/1039 441/446/1040 439/444/1037
s 534
f 655/662/1041 443/448/1041 441/446/1042
f 441/446/1042 654/661/1042 655/662/1041
s 535
f 656/663/1043 445/450/1043 443/448/1043
f 443/448/1043 655/662/1043 656/663/1043
s 536
f 657/664/1044 445/450/1044 656/663/1044
f 656/663/1044 658/665/1044 657/664/1044
s 537
f 446/451/1045 445/450/1045 657/664/1045
f 657/664/1045 659/666/1045 446/451/1045
s 538
f 660/667/1046 461/466/1047 446/451/1046
f 446/451/1046 659/666/1046 660/667/1046
s 539
f 661/668/1048 476/481/1048 461/466/1048
f 461/466/1048 660/667/1048 661/668/1048
s 540
f 476/481/1049 661/668/1049 662/669/1049
f 662/669/1049 491/496/1050 476/481/1049
s 541
f 491/496/1051 662/669/1051 663/670/1051
f 663/670/1051 506/511/1051 491/496/1051
s 542
f 506/511/1052 663/670/1053 664/671/1052
f 664/671/1052 521/526/1053 506/511/1052
s 543
f 521/526/1054 664/671/1054 665/672/1054
f 665/672/1054 536/541/1054 521/526/1054
s 544
f 536/541/1055 665/672/1056 666/673/1056
f 666/673/1056 551/556/1056 536/541/1055
s 545
f 566/571/1057 551/556/1058 666/673/1059
f 666/673/1059 667/674/1060 566/571/1057
s 546
f 668/675/1061 581/586/1062 566/571/1062
f 566/571/1062 667/674/1062 668/675/1061
s 547
f 581/586/1063 668/675/1064 669/676/1063
f 669/676/1063 596/601/1063 581/586/1063
s 548
f 596/601/1065 669/676/1065 670/677/1065
f 670/677/1065 611/616/1065 596/601/1065
s 549
f 611/616/1066 670/677/1066 671/678/1066
f 671/678/1066 626/631/1066 611/616/1066
s 550
f 672/679/1067 641/646/1067 626/631/1068
f 626/631/1068 671/678/1067 672/679/1067
s 551
f 672/679/1069 303/680/1069 302/681/1069
f 302/681/1069 641/646/1069 672/679/1069
s 552
f 321/682/1070 640/645/1070 641/646/1070
f 641/646/1070 302/681/1070 321/682/1070
s 553
f 320/683/1071 639/644/1071 640/645/1071
f 640/645/1071 321/682/1071 320/683/1071
s 554
f 639/644/1072 320/683/1072 319/684/1072
f 319/684/1072 638/643/1072 639/644/1072
s 555
f 318/685/1073 637/642/1074 638/643/1074
f 638/643/1074 319/684/1074 318/685/1073
s 556
f 317/686/1075 636/641/1075 637/642/1075
f 637/642/1075 318/685/1076 317/686/1075
s 557
f 636/641/1077 317/686/1077 316/687/1078
f 316/687/1078 635/640/1078 636/641/1077
s 558
f 315/688/1079 634/639/1080 635/640/1080
f 635/640/1080 316/687/1080 315/688/1079
s 559
f 314/689/1081 633/638/1082 634/639/1082
f 634/639/1082 315/688/1082 314/689/1081
s 560
f 314/689/1083 313/690/1084 632/637/1085
f 632/637/1085 633/638/1083 314/689/1083
s 561
f 312/691/1086 631/636/1087 632/637/1088
f 632/637/1088 313/690/1089 312/691/1086
s 562
f 311/692/1090 630/635/1090 631/636/1090
f 631/636/1090 312/691/1091 311/692/1090
s 563
f 311/692/1092 310/693/1093 629/634/1092
f 629/634/1092 630/635/1092 311/692/1092
s 564
f 309/694/1094 628/633/1094 629/634/1094
f 629/634/1094 310/693/1094 309/694/1094
s 565
f 308/695/1095 627/632/1095 628/633/1096
f 628/633/1096 309/694/1095 308/695/1095
s 566
f 627/632/1097 308/695/1098 201/696/1098
f 201/696/1098 203/697/1097 627/632/1097
s 567
f 627/632/1099 203/697/1100 207/698/1099
f 207/698/1099 612/617/1099 627/632/1099
s 568
f 612/617/1101 207/698/1102 208/699/1102
f 208/699/1102 597/602/1102 612/617/1101
s 569
f 208/699/1103 209/700/1103 582/587/1103
f 582/587/1103 597/602/1103 208/699/1103
s 570
f 209/700/1104 210/701/1104 567/572/1104
f 567/572/1104 582/587/1104 209/700/1104
s 571
f 567/572/1105 210/701/1105 211/702/1105
f 211/702/1105 553/558/1105 567/572/1105
s 572
f 553/558/1106 211/702/1106 212/703/1106
f 212/703/1106 538/543/1106 553/558/1106
s 573
f 538/543/1107 212/703/1107 193/704/1107
f 193/704/1107 523/528/1107 538/543/1107
s 574
f 523/528/1108 193/704/1109 192/705/1110
f 192/705/1110 508/513/1110 523/528/1108
s 575
f 192/705/1111 191/706/1111 493/498/1111
f 493/498/1111 508/513/1111 192/705/1111
s 576
f 191/706/1112 190/707/1112 478/483/1112
f 478/483/1112 493/498/1112 191/706/1112
s 577
f 478/483/1113 190/707/1113 189/708/1113
f 189/708/1113 463/468/1113 478/483/1113
s 578
f 463/468/1114 189/708/1114 188/709/1114
f 188/709/1114 448/453/1114 463/468/1114
s 579
f 448/453/1115 188/709/1116 187/710/1115
f 187/710/1115 419/424/1115 448/453/1115
s 580
f 187/710/1117 186/649/1117 420/425/1118
f 420/425/1118 419/424/1118 187/710/1117
s 581
f 673/711/1119 674/712/1120 675/713/1120
f 675/713/1120 676/714/1120 673/711/1119
s 582
f 677/715/1121 678/716/1121 676/714/1121
f 676/714/1121 675/713/1121 677/715/1121
s 583
f 678/716/1122 677/715/1122 679/717/1122
f 679/717/1122 680/718/1122 678/716/1122
s 584
f 681/719/1123 682/720/1123 680/718/1123
f 680/718/1123 679/717/1123 681/719/1123
s 585
f 682/720/1124 681/719/1124 683/721/1124
f 683/721/1124 684/722/1125 682/720/1124
s 586
f 685/723/1126 684/722/1126 683/721/1126
f 683/721/1126 686/724/1126 685/723/1126
s 587
f 686/724/1127 687/725/1127 688/726/1127
f 688/726/1127 685/723/1127 686/724/1127
s 588
f 689/727/1128 690/728/1128 673/711/1128
f 673/711/1128 676/714/1128 689/727/1128
s 589
f 689/727/1129 676/714/1129 678/716/1129
f 678/716/1129 691/729/1129 689/727/1129
s 590
f 691/729/1130 678/716/1130 680/718/1130
f 680/718/1130 692/730/1130 691/729/1130
s 591
f 680/718/1131 682/720/1131 693/731/1131
f 693/731/1131 692/730/1131 680/718/1131
s 592
f 682/720/1132 684/722/1132 694/732/1132
f 694/732/1132 693/731/1133 682/720/1132
s 593
f 694/732/1134 684/722/1135 685/723/1134
f 685/723/1134 695/733/1134 694/732/1134
s 594
f 695/733/1136 685/723/1136 688/726/1136
f 688/726/1136 696/734/1136 695/733/1136
s 595
f 697/735/1137 690/728/1137 689/727/1137
f 689/727/1137 698/736/1138 697/735/1137
s 596
f 698/736/1139 689/727/1139 691/729/1139
f 691/729/1139 699/737/1139 698/736/1139
s 597
f 692/730/1140 700/738/1140 699/737/1140
f 699/737/1140 691/729/1140 692/730/1140
s 598
f 693/731/1141 701/739/1141 700/738/1141
f 700/738/1141 692/730/1141 693/731/1141
s 599
f 702/740/1142 701/739/1143 693/731/1142
f 693/731/1142 694/732/1142 702/740/1142
s 600
f 695/733/1144 703/741/1144 702/740/1144
f 702/740/1144 694/732/1145 695/733/1144
s 601
f 704/742/1146 703/741/1147 695/733/1146
f 695/733/1146 696/734/1146 704/742/1146
s 602
f 705/743/1148 706/744/1148 697/735/1148
f 697/735/1148 698/736/1148 705/743/1148
s 603
f 707/745/1149 705/743/1149 698/736/1149
f 698/736/1149 699/737/1149 707/745/1149
s 604
f 699/737/1150 700/738/1150 708/746/1151
f 708/746/1151 707/745/1151 699/737/1150
s 605
f 700/738/1152 701/739/1152 709/747/1152
f 709/747/1152 708/746/1152 700/738/1152
s 606
f 710/748/1153 709/747/1153 701/739/1153
f 701/739/1153 702/740/1153 710/748/1153
s 607
f 702/740/1154 703/741/1155 711/749/1154
f 711/749/1154 710/748/1154 702/740/1154
s 608
f 704/742/1156 712/750/1156 711/749/1156
f 711/749/1156 703/741/1156 704/742/1156
s 609
f 705/743/1157 713/751/1158 714/752/1159
f 714/752/1159 706/744/1157 705/743/1157
s 610
f 715/753/1160 713/751/1160 705/743/1160
f 705/743/1160 707/745/1160 715/753/1160
s 611
f 716/754/1161 715/753/1161 707/745/1162
f 707/745/1162 708/746/1162 716/754/1161
s 612
f 708/746/1163 709/747/1163 717/755/1163
f 717/755/1163 716/754/1163 708/746/1163
s 613
f 709/747/1164 710/748/1164 718/756/1164
f 718/756/1164 717/755/1164 709/747/1164
s 614
f 719/757/1165 718/756/1165 710/748/1165
f 710/748/1165 711/749/1165 719/757/1165
s 615
f 711/749/1166 712/750/1167 720/758/1166
f 720/758/1166 719/757/1166 711/749/1166
s 609
f 721/759/1168 722/760/1169 714/752/1159
f 714/752/1159 713/751/1158 721/759/1168
s 616
f 715/753/1170 723/761/1170 721/759/1170
f 721/759/1170 713/751/1170 715/753/1170
s 617
f 724/762/1171 723/761/1171 715/753/1171
f 715/753/1171 716/754/1171 724/762/1171
s 618
f 725/763/1172 724/762/1172 716/754/1172
f 716/754/1172 717/755/1172 725/763/1172
s 619
f 717/755/1173 718/756/1173 726/764/1173
f 726/764/1173 725/763/1173 717/755/1173
s 620
f 718/756/1174 719/757/1175 727/765/1175
f 727/765/1175 726/764/1176 718/756/1174
s 621
f 728/766/1177 729/767/1178 730/768/1178
f 730/768/1178 731/769/1178 728/766/1177
s 622
f 729/767/1179 732/770/1180 733/771/1179
f 733/771/1179 730/768/1179 729/767/1179
s 623
f 733/771/1181 732/770/1182 734/772/1181
f 734/772/1181 735/773/1181 733/771/1181
s 624
f 730/768/1183 736/774/1184 737/775/1183
f 737/775/1183 731/769/1185 730/768/1183
s 625
f 736/774/1186 730/768/1187 733/771/1187
f 733/771/1187 738/776/1187 736/774/1186
s 626
f 733/771/1188 735/773/1188 739/777/1189
f 739/777/1189 738/776/1190 733/771/1188
s 627
f 736/774/1191 740/778/1191 741/779/1191
f 741/779/1191 737/775/1192 736/774/1191
s 628
f 742/780/1193 740/778/1194 736/774/1193
f 736/774/1193 738/776/1195 742/780/1193
s 629
f 739/777/1196 743/781/1196 742/780/1197
f 742/780/1197 738/776/1196 739/777/1196
s 630
f 744/782/1198 743/781/1199 739/777/1198
f 739/777/1198 745/783/1200 744/782/1198
s 631
f 741/779/1201 740/778/1202 746/784/1202
f 746/784/1202 747/785/1201 741/779/1201
s 632
f 742/780/1203 748/786/1203 746/784/1203
f 746/784/1203 740/778/1203 742/780/1203
s 633
f 749/787/1204 748/786/1204 742/780/1204
f 742/780/1204 743/781/1204 749/787/1204
s 634
f 744/782/1205 750/788/1205 749/787/1206
f 749/787/1206 743/781/1206 744/782/1205
s 635
f 751/789/1207 752/790/1207 747/785/1207
f 747/785/1207 746/784/1207 751/789/1207
s 636
f 746/784/1208 748/786/1208 753/791/1208
f 753/791/1208 751/789/1209 746/784/1208
s 637
f 749/787/1210 754/792/1210 753/791/1210
f 753/791/1210 748/786/1210 749/787/1210
s 638
f 755/793/1211 754/792/1212 749/787/1211
f 749/787/1211 750/788/1211 755/793/1211
s 639
f 756/794/1213 757/795/1213 752/790/1214
f 752/790/1214 751/789/1213 756/794/1213
s 640
f 758/796/1215 756/794/1215 751/789/1215
f 751/789/1215 753/791/1216 758/796/1215
s 641
f 753/791/1217 754/792/1217 759/797/1217
f 759/797/1217 758/796/1217 753/791/1217
s 642
f 755/793/1218 760/798/1218 759/797/1218
f 759/797/1218 754/792/1218 755/793/1218
s 643
f 761/799/1219 762/800/1219 763/801/1219
f 763/801/1219 764/802/1219 761/799/1219
s 644
f 765/803/1220 766/804/1221 764/802/1222
f 764/802/1222 763/801/1223 765/803/1220
s 645
f 765/803/1224 767/805/1224 768/806/1224
f 768/806/1224 766/804/1225 765/803/1224
s 646
f 768/806/1226 767/805/1226 769/807/1226
f 769/807/1226 770/808/1226 768/806/1226
s 647
f 771/809/1227 772/810/1227 770/808/1227
f 770/808/1227 769/807/1227 771/809/1227
s 648
f 773/811/1228 774/812/1229 772/810/1228
f 772/810/1228 771/809/1228 773/811/1228
s 649
f 774/812/1230 773/811/1230 775/813/1230
f 775/813/1230 776/814/1230 774/812/1230
s 650
f 761/799/1231 764/802/1232 777/815/1231
f 777/815/1231 778/816/1231 761/799/1231
s 651
f 777/815/1233 764/802/1233 766/804/1233
f 766/804/1233 779/817/1234 777/815/1233
s 652
f 768/806/1235 780/818/1235 779/817/1236
f 779/817/1236 766/804/1236 768/806/1235
s 653
f 770/808/1237 781/819/1237 780/818/1237
f 780/818/1237 768/806/1238 770/808/1237
s 654
f 781/819/1239 770/808/1239 772/810/1240
f 772/810/1240 782/820/1240 781/819/1239
s 655
f 774/812/1241 783/821/1241 782/820/1242
f 782/820/1242 772/810/1241 774/812/1241
s 656
f 774/812/1243 776/814/1243 784/822/1243
f 784/822/1243 783/821/1243 774/812/1243
s 657
f 777/815/1244 785/823/1244 786/824/1244
f 786/824/1244 778/816/1244 777/815/1244
s 658
f 779/817/1245 787/825/1245 785/823/1245
f 785/823/1245 777/815/1245 779/817/1245
s 659
f 787/825/1246 779/817/1246 780/818/1247
f 780/818/1247 788/826/1246 787/825/1246
s 660
f 781/819/1248 789/827/1249 788/826/1248
f 788/826/1248 780/818/1248 781/819/1248
s 661
f 781/819/1250 782/820/1250 790/828/1250
f 790/828/1250 789/827/1250 781/819/1250
s 662
f 790/828/1251 782/820/1252 783/821/1252
f 783/821/1252 791/829/1252 790/828/1251
s 663
f 784/822/1253 792/830/1254 791/829/1254
f 791/829/1254 783/821/1254 784/822/1253
s 664
f 789/827/1255 790/828/1256 793/831/1255
f 793/831/1255 794/832/1257 789/827/1255
s 665
f 793/831/1258 790/828/1258 791/829/1259
f 791/829/1259 795/833/1258 793/831/1258
s 666
f 791/829/1260 792/830/1261 796/834/1261
f 796/834/1261 795/833/1262 791/829/1260
s 667
f 797/835/1263 798/836/1263 799/837/1264
f 799/837/1264 800/838/1263 797/835/1263
s 668
f 797/835/1265 801/839/1265 802/840/1265
f 802/840/1265 798/836/1265 797/835/1265
s 669
f 802/840/1266 801/839/1266 803/841/1266
f 803/841/1266 804/842/1266 802/840/1266
s 670
f 805/843/1267 806/844/1267 804/842/1267
f 804/842/1267 803/841/1267 805/843/1267
s 671
f 807/845/1268 808/846/1268 806/844/1268
f 806/844/1268 805/843/1268 807/845/1268
s 672
f 808/846/1269 807/845/1269 809/847/1269
f 809/847/1269 810/848/1269 808/846/1269
s 609
f 811/849/1270 812/850/1271 810/848/1272
f 810/848/1272 809/847/1272 811/849/1270
s 673
f 813/851/1273 799/837/1273 798/836/1273
f 798/836/1273 814/852/1273 813/851/1273
s 674
f 802/840/1274 815/853/1274 814/852/1275
f 814/852/1275 798/836/1275 802/840/1274
s 675
f 804/842/1276 816/854/1277 815/853/1276
f 815/853/1276 802/840/1277 804/842/1276
s 676
f 816/854/1278 804/842/1278 806/844/1279
f 806/844/1279 817/855/1278 816/854/1278
s 677
f 808/846/1280 818/856/1281 817/855/1282
f 817/855/1282 806/844/1281 808/846/1280
s 678
f 808/846/1283 810/848/1283 819/857/1284
f 819/857/1284 818/856/1283 808/846/1283
s 679
f 819/857/1285 810/848/1286 812/850/1287
f 812/850/1287 820/858/1285 819/857/1285
s 680
f 814/852/1288 821/859/1288 822/860/1288
f 822/860/1288 813/851/1288 814/852/1288
s 681
f 821/859/1289 814/852/1289 815/853/1289
f 815/853/1289 823/861/1289 821/859/1289
s 682
f 816/854/1290 824/862/1290 823/861/1291
f 823/861/1291 815/853/1290 816/854/1290
s 683
f 816/854/1292 817/855/1292 825/863/1292
f 825/863/1292 824/862/1292 816/854/1292
s 684
f 825/863/1293 817/855/1293 818/856/1294
f 818/856/1294 826/864/1293 825/863/1293
s 685
f 819/857/1295 827/865/1296 826/864/1296
f 826/864/1296 818/856/1296 819/857/1295
s 686
f 819/857/1297 820/858/1297 828/866/1297
f 828/866/1297 827/865/1298 819/857/1297
s 687
f 821/859/1299 829/867/1299 830/868/1299
f 830/868/1299 822/860/1299 821/859/1299
s 688
f 831/869/1300 829/867/1301 821/859/1300
f 821/859/1300 823/861/1300 831/869/1300
s 689
f 832/870/1302 831/869/1302 823/861/1302
f 823/861/1302 824/862/1302 832/870/1302
s 690
f 824/862/1303 825/863/1303 833/871/1303
f 833/871/1303 832/870/1303 824/862/1303
s 691
f 826/864/1304 834/872/1304 833/871/1304
f 833/871/1304 825/863/1304 826/864/1304
s 692
f 835/873/1305 834/872/1305 826/864/1305
f 826/864/1305 827/865/1305 835/873/1305
s 693
f 828/866/1306 836/874/1307 835/873/1308
f 835/873/1308 827/865/1307 828/866/1306
s 694
f 837/875/1309 838/876/1309 830/868/1309
f 830/868/1309 829/867/1309 837/875/1309
s 695
f 831/869/1310 839/877/1310 837/875/1310
f 837/875/1310 829/867/1310 831/869/1310
s 696
f 840/878/1311 839/877/1311 831/869/1311
f 831/869/1311 832/870/1311 840/878/1311
s 697
f 841/879/1312 840/878/1312 832/870/1312
f 832/870/1312 833/871/1312 841/879/1312
s 698
f 833/871/1313 834/872/1313 842/880/1313
f 842/880/1313 841/879/1313 833/871/1313
s 699
f 835/873/1314 843/881/1314 842/880/1314
f 842/880/1314 834/872/1314 835/873/1314
s 700
f 844/882/1315 843/881/1316 835/873/1316
f 835/873/1316 836/874/1316 844/882/1315
s 701
f 837/875/1317 845/883/1317 846/884/1317
f 846/884/1317 838/876/1317 837/875/1317
s 702
f 847/885/1318 845/883/1318 837/875/1318
f 837/875/1318 839/877/1318 847/885/1318
s 703
f 840/878/1319 848/886/1320 847/885/1320
f 847/885/1320 839/877/1319 840/878/1319
s 704
f 849/887/1321 848/886/1321 840/878/1321
f 840/878/1321 841/879/1321 849/887/1321
s 705
f 850/888/1322 849/887/1322 841/879/1322
f 841/879/1322 842/880/1322 850/888/1322
s 706
f 842/880/1323 843/881/1323 851/889/1323
f 851/889/1323 850/888/1324 842/880/1323
s 707
f 844/882/1325 852/890/1326 851/889/1325
f 851/889/1325 843/881/1325 844/882/1325
s 708
f 756/794/1327 688/726/1328 687/725/1327
f 687/725/1327 757/795/1328 756/794/1327
s 709
f 696/734/1329 688/726/1329 756/794/1329
f 756/794/1329 758/796/1329 696/734/1329
s 710
f 704/742/1330 696/734/1331 758/796/1331
f 758/796/1331 759/797/1332 704/742/1330
s 711
f 759/797/1333 760/798/1333 712/750/1333
f 712/750/1333 704/742/1334 759/797/1333
s 712
f 775/813/1335 846/884/1335 845/883/1336
f 845/883/1336 776/814/1337 775/813/1335
s 713
f 847/885/1338 784/822/1338 776/814/1338
f 776/814/1338 845/883/1339 847/885/1338
s 714
f 792/830/1340 784/822/1341 847/885/1342
f 847/885/1342 848/886/1342 792/830/1340
s 715
f 848/886/1343 849/887/1344 796/834/1345
f 796/834/1345 792/830/1345 848/886/1343
s 716
f 850/888/1346 853/891/1347 796/834/1346
f 796/834/1346 849/887/1348 850/888/1346
s 609
f 722/760/1169 721/759/1168 812/850/1271
f 812/850/1271 811/849/1270 722/760/1169
s 717
f 721/759/1349 723/761/1349 820/858/1350
f 820/858/1350 812/850/1351 721/759/1349
s 718
f 723/761/1352 724/762/1353 828/866/1353
f 828/866/1353 820/858/1353 723/761/1352
s 719
f 724/762/1354 725/763/1355 836/874/1355
f 836/874/1355 828/866/1354 724/762/1354
s 720
f 844/882/1356 836/874/1356 725/763/1356
f 725/763/1356 726/764/1356 844/882/1356
s 721
f 726/764/1357 727/765/1358 852/890/1357
f 852/890/1357 844/882/1357 726/764/1357
s 722
f 854/892/1359 855/893/1359 856/894/1359
f 856/894/1359 674/712/1359 854/892/1359
s 723
f 675/713/1360 674/712/1360 856/894/1360
f 856/894/1360 857/895/1360 675/713/1360
s 724
f 677/715/1361 675/713/1362 857/895/1361
f 857/895/1361 858/896/1361 677/715/1361
s 725
f 677/715/1363 858/896/1363 859/897/1363
f 859/897/1363 679/717/1363 677/715/1363
s 726
f 679/717/1364 859/897/1364 860/898/1364
f 860/898/1364 681/719/1365 679/717/1364
s 727
f 681/719/1366 860/898/1366 861/899/1366
f 861/899/1366 683/721/1366 681/719/1366
s 728
f 686/724/1367 683/721/1367 861/899/1367
f 861/899/1367 862/900/1367 686/724/1367
s 729
f 686/724/1368 862/900/1368 863/901/1368
f 863/901/1368 687/725/1368 686/724/1368
s 730
f 674/712/1369 673/711/1369 864/902/1369
f 864/902/1369 854/892/1369 674/712/1369
s 731
f 865/903/1370 864/902/1370 673/711/1371
f 673/711/1371 690/728/1370 865/903/1370
s 732
f 866/904/1372 865/903/1372 690/728/1372
f 690/728/1372 697/735/1372 866/904/1372
s 733
f 706/744/1373 867/905/1373 866/904/1374
f 866/904/1374 697/735/1373 706/744/1373
s 734
f 868/906/1375 867/905/1376 706/744/1376
f 706/744/1376 714/752/1377 868/906/1375
f 868/906/1375 714/752/1377 722/760/1378
f 722/760/1378 869/907/1379 868/906/1375
f 870/908/1380 869/907/1379 722/760/1378
f 722/760/1378 811/849/1381 870/908/1380
s 735
f 401/406/1382 728/766/1383 871/909/1383
f 871/909/1383 402/407/1383 401/406/1382
s 736
f 729/767/1384 728/766/1384 401/406/1384
f 401/406/1384 400/405/1384 729/767/1384
s 737
f 400/405/1385 399/404/1386 732/770/1387
f 732/770/1387 729/767/1387 400/405/1385
s 738
f 732/770/1388 399/404/1388 398/403/1388
f 398/403/1388 734/772/1388 732/770/1388
s 739
f 728/766/1389 731/769/1389 872/910/1389
f 872/910/1389 871/909/1389 728/766/1389
s 740
f 873/911/1390 872/910/1391 731/769/1392
f 731/769/1392 737/775/1390 873/911/1390
s 741
f 737/775/1393 741/779/1394 874/912/1394
f 874/912/1394 873/911/1394 737/775/1393
s 742
f 875/913/1395 874/912/1395 741/779/1395
f 741/779/1395 747/785/1395 875/913/1395
s 743
f 876/914/1396 875/913/1397 747/785/1396
f 747/785/1396 752/790/1397 876/914/1396
s 744
f 877/915/1398 876/914/1398 752/790/1399
f 752/790/1399 757/795/1399 877/915/1398
s 745
f 687/725/1400 863/901/1400 877/915/1400
f 877/915/1400 757/795/1400 687/725/1400
s 746
f 303/303/1401 672/916/1402 762/800/1401
f 762/800/1401 304/304/1401 303/303/1401
s 747
f 763/801/1403 762/800/1404 672/916/1403
f 672/916/1403 671/917/1403 763/801/1403
s 748
f 671/917/1405 670/918/1405 765/803/1405
f 765/803/1405 763/801/1405 671/917/1405
s 749
f 767/805/1406 765/803/1406 670/918/1406
f 670/918/1406 669/919/1406 767/805/1406
s 750
f 769/807/1407 767/805/1407 669/919/1408
f 669/919/1408 668/920/1408 769/807/1407
s 751
f 769/807/1409 668/920/1410 667/921/1410
f 667/921/1410 771/809/1410 769/807/1409
s 752
f 773/811/1411 771/809/1412 667/921/1412
f 667/921/1412 666/922/1412 773/811/1411
s 753
f 775/813/1413 773/811/1414 666/922/1414
f 666/922/1414 665/923/1414 775/813/1413
s 754
f 761/799/1415 305/305/1415 304/304/1415
f 304/304/1415 762/800/1415 761/799/1415
s 755
f 305/305/1416 761/799/1417 778/816/1417
f 778/816/1417 306/306/1417 305/305/1416
s 756
f 786/824/1418 307/307/1418 306/306/1419
f 306/306/1419 778/816/1420 786/824/1418
s 757
f 658/665/1421 878/924/1422 800/838/1421
f 800/838/1421 657/925/1421 658/665/1421
s 758
f 797/835/1423 800/838/1423 878/924/1423
f 878/924/1423 879/926/1423 797/835/1423
s 759
f 797/835/1424 879/926/1424 880/927/1424
f 880/927/1424 801/839/1424 797/835/1424
s 760
f 803/841/1425 801/839/1425 880/927/1425
f 880/927/1425 881/928/1425 803/841/1425
s 761
f 881/928/1426 882/929/1426 805/843/1426
f 805/843/1426 803/841/1426 881/928/1426
s 734
f 805/843/1427 882/929/1427 883/930/1428
f 883/930/1428 807/845/1429 805/843/1427
f 809/847/1430 807/845/1429 883/930/1428
f 883/930/1428 884/931/1431 809/847/1430
f 811/849/1381 809/847/1430 884/931/1431
f 884/931/1431 870/908/1380 811/849/1381
s 762
f 659/932/1432 657/925/1432 800/838/1432
f 800/838/1432 799/837/1432 659/932/1432
s 763
f 813/851/1433 660/933/1433 659/932/1433
f 659/932/1433 799/837/1433 813/851/1433
s 764
f 661/934/1434 660/933/1434 813/851/1434
f 813/851/1434 822/860/1434 661/934/1434
s 765
f 661/934/1435 822/860/1435 830/868/1435
f 830/868/1435 662/935/1435 661/934/1435
s 766
f 838/876/1436 663/936/1436 662/935/1436
f 662/935/1436 830/868/1437 838/876/1436
s 767
f 664/937/1438 663/936/1438 838/876/1438
f 838/876/1438 846/884/1438 664/937/1438
s 768
f 665/923/1439 664/937/1440 846/884/1439
f 846/884/1439 775/813/1440 665/923/1439
s 769
f 885/938/1441 886/939/1441 887/940/1441
f 887/940/1441 888/941/1441 885/938/1441
s 770
f 887/940/1442 889/942/1442 890/943/1442
f 890/943/1442 888/941/1443 887/940/1442
s 771
f 890/943/1444 889/942/1444 891/944/1444
f 891/944/1444 892/945/1444 890/943/1444
s 772
f 892/945/1445 891/944/1445 893/946/1445
f 893/946/1445 894/947/1445 892/945/1445
s 773
f 894/947/1446 893/946/1446 895/948/1446
f 895/948/1446 896/949/1446 894/947/1446
s 774
f 896/949/1447 895/948/1447 897/950/1447
f 897/950/1447 898/951/1447 896/949/1447
s 775
f 898/951/1448 897/950/1448 899/952/1449
f 899/952/1449 900/953/1450 898/951/1448
s 776
f 900/953/1451 899/952/1452 901/954/1453
f 901/954/1453 902/955/1454 900/953/1451
s 777
f 903/956/1455 902/955/1456 901/954/1457
f 901/954/1457 904/957/1458 903/956/1455
s 778
f 905/958/1459 903/956/1459 904/957/1459
f 904/957/1459 906/959/1460 905/958/1459
s 779
f 907/960/1461 905/958/1462 906/959/1463
f 906/959/1463 908/961/1463 907/960/1461
s 780
f 909/962/1464 907/960/1465 908/961/1464
f 908/961/1464 910/963/1464 909/962/1464
s 781
f 911/964/1466 909/962/1466 910/963/1466
f 910/963/1466 912/965/1466 911/964/1466
s 782
f 911/964/1467 912/965/1467 913/966/1467
f 913/966/1467 914/967/1467 911/964/1467
s 783
f 915/968/1468 885/938/1468 888/941/1468
f 888/941/1468 916/969/1468 915/968/1468
s 784
f 916/969/1469 888/941/1469 890/943/1469
f 890/943/1469 917/970/1469 916/969/1469
s 785
f 917/970/1470 890/943/1470 892/945/1470
f 892/945/1470 918/971/1470 917/970/1470
s 786
f 918/971/1471 892/945/1471 894/947/1471
f 894/947/1471 919/972/1471 918/971/1471
s 787
f 920/973/1472 919/972/1472 894/947/1472
f 894/947/1472 896/949/1472 920/973/1472
s 788
f 920/973/1473 896/949/1473 898/951/1473
f 898/951/1473 921/974/1473 920/973/1473
s 789
f 921/974/1474 898/951/1475 900/953/1476
f 900/953/1476 922/975/1477 921/974/1474
s 790
f 902/955/1478 923/976/1479 922/975/1480
f 922/975/1480 900/953/1481 902/955/1478
s 791
f 923/976/1482 902/955/1483 903/956/1484
f 903/956/1484 924/977/1485 923/976/1482
s 792
f 924/977/1486 903/956/1487 905/958/1486
f 905/958/1486 925/978/1488 924/977/1486
s 793
f 925/978/1489 905/958/1489 907/960/1489
f 907/960/1489 926/979/1490 925/978/1489
s 794
f 926/979/1491 907/960/1491 909/962/1491
f 909/962/1491 927/980/1491 926/979/1491
s 795
f 927/980/1492 909/962/1492 911/964/1492
f 911/964/1492 928/981/1492 927/980/1492
s 796
f 929/982/1493 928/981/1493 911/964/1493
f 911/964/1493 914/967/1493 929/982/1493
s 797
f 930/983/1494 915/968/1494 916/969/1494
f 916/969/1494 931/984/1494 930/983/1494
s 798
f 917/970/1495 932/985/1495 931/984/1495
f 931/984/1495 916/969/1495 917/970/1495
s 799
f 932/985/1496 917/970/1497 918/971/1496
f 918/971/1496 933/986/1496 932/985/1496
s 800
f 933/986/1498 918/971/1498 919/972/1498
f 919/972/1498 934/987/1498 933/986/1498
s 801
f 934/987/1499 919/972/1499 920/973/1499
f 920/973/1499 935/988/1499 934/987/1499
s 802
f 935/988/1500 920/973/1501 921/974/1500
f 921/974/1500 936/989/1500 935/988/1500
s 803
f 936/989/1502 921/974/1502 922/975/1502
f 922/975/1502 937/990/1502 936/989/1502
s 804
f 938/991/1503 937/990/1503 922/975/1504
f 922/975/1504 923/976/1504 938/991/1503
s 805
f 938/991/1505 923/976/1506 924/977/1505
f 924/977/1505 939/992/1506 938/991/1505
s 806
f 939/992/1507 924/977/1507 925/978/1508
f 925/978/1508 940/993/1508 939/992/1507
s 807
f 926/979/1509 941/994/1509 940/993/1509
f 940/993/1509 925/978/1509 926/979/1509
s 808
f 941/994/1510 926/979/1510 927/980/1510
f 927/980/1510 942/995/1510 941/994/1510
s 809
f 942/995/1511 927/980/1511 928/981/1511
f 928/981/1511 943/996/1511 942/995/1511
s 810
f 943/996/1512 928/981/1512 929/982/1512
f 929/982/1512 944/997/1512 943/996/1512
s 811
f 945/998/1513 930/983/1513 931/984/1514
f 931/984/1514 946/999/1514 945/998/1513
s 812
f 947/1000/1515 946/999/1515 931/984/1515
f 931/984/1515 932/985/1515 947/1000/1515
s 813
f 947/1000/1516 932/985/1516 933/986/1516
f 933/986/1516 948/1001/1516 947/1000/1516
s 814
f 948/1001/1517 933/986/1517 934/987/1517
f 934/987/1517 949/1002/1517 948/1001/1517
s 815
f 935/988/1518 950/1003/1518 949/1002/1518
f 949/1002/1518 934/987/1518 935/988/1518
s 816
f 950/1003/1519 935/988/1519 936/989/1520
f 936/989/1520 951/1004/1519 950/1003/1519
s 817
f 951/1004/1521 936/989/1521 937/990/1522
f 937/990/1522 952/1005/1523 951/1004/1521
s 818
f 952/1005/1524 937/990/1525 938/991/1524
f 938/991/1524 953/1006/1526 952/1005/1524
s 819
f 953/1006/1527 938/991/1528 939/992/1529
f 939/992/1529 954/1007/1530 953/1006/1527
s 820
f 954/1007/1531 939/992/1531 940/993/1531
f 940/993/1531 955/1008/1531 954/1007/1531
s 821
f 956/1009/1532 955/1008/1532 940/993/1532
f 940/993/1532 941/994/1532 956/1009/1532
s 822
f 956/1009/1533 941/994/1533 942/995/1534
f 942/995/1534 957/1010/1534 956/1009/1533
s 823
f 957/1010/1535 942/995/1535 943/996/1535
f 943/996/1535 958/1011/1535 957/1010/1535
s 824
f 944/997/1536 959/1012/1537 958/1011/1536
f 958/1011/1536 943/996/1536 944/997/1536
s 825
f 960/1013/1538 945/998/1539 946/999/1538
f 946/999/1538 961/1014/1538 960/1013/1538
s 826
f 961/1014/1540 946/999/1540 947/1000/1541
f 947/1000/1541 962/1015/1541 961/1014/1540
s 827
f 962/1015/1542 947/1000/1542 948/1001/1542
f 948/1001/1542 963/1016/1542 962/1015/1542
s 828
f 963/1016/1543 948/1001/1543 949/1002/1543
f 949/1002/1543 964/1017/1543 963/1016/1543
s 829
f 965/1018/1544 964/1017/1545 949/1002/1544
f 949/1002/1544 950/1003/1544 965/1018/1544
s 830
f 965/1018/1546 950/1003/1546 951/1004/1547
f 951/1004/1547 966/1019/1546 965/1018/1546
s 831
f 966/1019/1548 951/1004/1549 952/1005/1548
f 952/1005/1548 967/1020/1548 966/1019/1548
s 832
f 953/1006/1550 968/1021/1550 967/1020/1550
f 967/1020/1550 952/1005/1551 953/1006/1550
s 833
f 968/1021/1552 953/1006/1553 954/1007/1554
f 954/1007/1554 969/1022/1555 968/1021/1552
s 834
f 969/1022/1556 954/1007/1556 955/1008/1556
f 955/1008/1556 970/1023/1556 969/1022/1556
s 835
f 970/1023/1557 955/1008/1557 956/1009/1557
f 956/1009/1557 971/1024/1557 970/1023/1557
s 836
f 971/1024/1558 956/1009/1559 957/1010/1558
f 957/1010/1558 972/1025/1560 971/1024/1558
s 837
f 972/1025/1561 957/1010/1561 958/1011/1561
f 958/1011/1561 973/1026/1561 972/1025/1561
s 838
f 974/1027/1562 973/1026/1562 958/1011/1562
f 958/1011/1562 959/1012/1562 974/1027/1562
s 839
f 975/1028/1563 960/1013/1564 961/1014/1565
f 961/1014/1565 976/1029/1566 975/1028/1563
s 840
f 962/1015/1567 977/1030/1567 976/1029/1567
f 976/1029/1567 961/1014/1567 962/1015/1567
s 841
f 977/1030/1568 962/1015/1568 963/1016/1568
f 963/1016/1568 978/1031/1568 977/1030/1568
s 842
f 978/1031/1569 963/1016/1569 964/1017/1569
f 964/1017/1569 979/1032/1569 978/1031/1569
s 843
f 979/1032/1570 964/1017/1571 965/1018/1570
f 965/1018/1570 980/1033/1572 979/1032/1570
s 844
f 980/1033/1573 965/1018/1573 966/1019/1574
f 966/1019/1574 981/1034/1574 980/1033/1573
s 845
f 981/1034/1575 966/1019/1575 967/1020/1576
f 967/1020/1576 982/1035/1575 981/1034/1575
s 846
f 983/1036/1577 982/1035/1578 967/1020/1578
f 967/1020/1578 968/1021/1579 983/1036/1577
s 847
f 983/1036/1580 968/1021/1580 969/1022/1581
f 969/1022/1581 984/1037/1581 983/1036/1580
s 848
f 984/1037/1582 969/1022/1583 970/1023/1583
f 970/1023/1583 985/1038/1583 984/1037/1582
s 849
f 971/1024/1584 986/1039/1585 985/1038/1585
f 985/1038/1585 970/1023/1586 971/1024/1584
s 850
f 986/1039/1587 971/1024/1588 972/1025/1588
f 972/1025/1588 987/1040/1588 986/1039/1587
s 851
f 987/1040/1589 972/1025/1590 973/1026/1590
f 973/1026/1590 988/1041/1590 987/1040/1589
s 852
f 988/1041/1591 973/1026/1591 974/1027/1591
f 974/1027/1591 989/1042/1591 988/1041/1591
s 853
f 990/1043/1592 975/1028/1593 976/1029/1592
f 976/1029/1592 991/1044/1592 990/1043/1592
s 854
f 992/1045/1594 991/1044/1594 976/1029/1594
f 976/1029/1594 977/1030/1594 992/1045/1594
s 855
f 992/1045/1595 977/1030/1595 978/1031/1596
f 978/1031/1596 993/1046/1597 992/1045/1595
s 856
f 993/1046/1598 978/1031/1599 979/1032/1600
f 979/1032/1600 994/1047/1600 993/1046/1598
s 857
f 980/1033/1601 995/1048/1601 994/1047/1602
f 994/1047/1602 979/1032/1601 980/1033/1601
s 858
f 995/1048/1603 980/1033/1604 981/1034/1603
f 981/1034/1603 996/1049/1605 995/1048/1603
s 859
f 996/1049/1606 981/1034/1607 982/1035/1607
f 982/1035/1607 997/1050/1607 996/1049/1606
s 860
f 997/1050/1608 982/1035/1609 983/1036/1608
f 983/1036/1608 998/1051/1610 997/1050/1608
s 861
f 998/1051/1611 983/1036/1611 984/1037/1611
f 984/1037/1611 999/1052/1611 998/1051/1611
s 862
f 999/1052/1612 984/1037/1612 985/1038/1612
f 985/1038/1612 1000/1053/1612 999/1052/1612
s 863
f 1001/1054/1613 1000/1053/1614 985/1038/1613
f 985/1038/1613 986/1039/1615 1001/1054/1613
s 864
f 1001/1054/1616 986/1039/1617 987/1040/1618
f 987/1040/1618 1002/1055/1619 1001/1054/1616
s 865
f 1002/1055/1620 987/1040/1621 988/1041/1620
f 988/1041/1620 1003/1056/1620 1002/1055/1620
s 866
f 989/1042/1622 1004/1057/1622 1003/1056/1622
f 1003/1056/1622 988/1041/1622 989/1042/1622
s 867
f 1005/1058/1623 990/1043/1623 991/1044/1623
f 991/1044/1623 1006/1059/1623 1005/1058/1623
s 868
f 1006/1059/1624 991/1044/1625 992/1045/1625
f 992/1045/1625 1007/1060/1625 1006/1059/1624
s 869
f 1007/1060/1626 992/1045/1627 993/1046/1628
f 993/1046/1628 1008/1061/1626 1007/1060/1626
s 870
f 1008/1061/1629 993/1046/1630 994/1047/1631
f 994/1047/1631 1009/1062/1632 1008/1061/1629
s 871
f 1010/1063/1633 1009/1062/1634 994/1047/1633
f 994/1047/1633 995/1048/1635 1010/1063/1633
s 872
f 1010/1063/1636 995/1048/1637 996/1049/1638
f 996/1049/1638 1011/1064/1639 1010/1063/1636
s 873
f 1011/1064/1640 996/1049/1641 997/1050/1642
f 997/1050/1642 1012/1065/1643 1011/1064/1640
s 874
f 998/1051/1644 1013/1066/1645 1012/1065/1645
f 1012/1065/1645 997/1050/1644 998/1051/1644
s 875
f 1013/1066/1646 998/1051/1647 999/1052/1648
f 999/1052/1648 1014/1067/1649 1013/1066/1646
s 876
f 1014/1067/1650 999/1052/1650 1000/1053/1651
f 1000/1053/1651 1015/1068/1651 1014/1067/1650
s 877
f 1015/1068/1652 1000/1053/1652 1001/1054/1653
f 1001/1054/1653 1016/1069/1653 1015/1068/1652
s 878
f 1016/1069/1654 1001/1054/1654 1002/1055/1654
f 1002/1055/1654 1017/1070/1654 1016/1069/1654
s 879
f 1017/1070/1655 1002/1055/1655 1003/1056/1655
f 1003/1056/1655 1018/1071/1655 1017/1070/1655
s 880
f 1019/1072/1656 1018/1071/1656 1003/1056/1656
f 1003/1056/1656 1004/1057/1656 1019/1072/1656
s 881
f 1020/1073/1657 1005/1058/1658 1006/1059/1657
f 1006/1059/1657 1021/1074/1657 1020/1073/1657
s 882
f 1007/1060/1659 1022/1075/1659 1021/1074/1659
f 1021/1074/1659 1006/1059/1659 1007/1060/1659
s 883
f 1022/1075/1660 1007/1060/1661 1008/1061/1661
f 1008/1061/1661 1023/1076/1662 1022/1075/1660
s 884
f 1023/1076/1663 1008/1061/1664 1009/1062/1664
f 1009/1062/1664 1024/1077/1665 1023/1076/1663
s 885
f 1024/1077/1666 1009/1062/1667 1010/1063/1668
f 1010/1063/1668 1025/1078/1668 1024/1077/1666
s 886
f 1025/1078/1669 1010/1063/1670 1011/1064/1671
f 1011/1064/1671 1026/1079/1672 1025/1078/1669
s 887
f 1026/1079/1673 1011/1064/1674 1012/1065/1673
f 1012/1065/1673 1027/1080/1675 1026/1079/1673
s 888
f 1028/1081/1676 1027/1080/1677 1012/1065/1678
f 1012/1065/1678 1013/1066/1677 1028/1081/1676
s 889
f 1028/1081/1679 1013/1066/1680 1014/1067/1680
f 1014/1067/1680 1029/1082/1680 1028/1081/1679
s 890
f 1029/1082/1681 1014/1067/1681 1015/1068/1681
f 1015/1068/1681 1030/1083/1681 1029/1082/1681
s 891
f 1016/1069/1682 1031/1084/1682 1030/1083/1682
f 1030/1083/1682 1015/1068/1682 1016/1069/1682
s 892
f 1031/1084/1683 1016/1069/1683 1017/1070/1683
f 1017/1070/1683 1032/1085/1684 1031/1084/1683
s 893
f 1032/1085/1685 1017/1070/1685 1018/1071/1686
f 1018/1071/1686 1033/1086/1685 1032/1085/1685
s 894
f 1033/1086/1687 1018/1071/1687 1019/1072/1687
f 1019/1072/1687 1034/1087/1687 1033/1086/1687
s 895
f 1035/1088/1688 1020/1073/1688 1021/1074/1688
f 1021/1074/1688 1036/1089/1688 1035/1088/1688
s 896
f 1037/1090/1689 1036/1089/1690 1021/1074/1689
f 1021/1074/1689 1022/1075/1690 1037/1090/1689
s 897
f 1037/1090/1691 1022/1075/1691 1023/1076/1691
f 1023/1076/1691 1038/1091/1691 1037/1090/1691
s 898
f 1038/1091/1692 1023/1076/1692 1024/1077/1692
f 1024/1077/1692 1039/1092/1692 1038/1091/1692
s 899
f 1025/1078/1693 1040/1093/1693 1039/1092/1693
f 1039/1092/1693 1024/1077/1694 1025/1078/1693
s 900
f 1040/1093/1695 1025/1078/1695 1026/1079/1696
f 1026/1079/1696 1041/1094/1695 1040/1093/1695
s 901
f 1041/1094/1697 1026/1079/1698 1027/1080/1699
f 1027/1080/1699 1042/1095/1700 1041/1094/1697
s 902
f 1042/1095/1701 1027/1080/1702 1028/1081/1702
f 1028/1081/1702 1043/1096/1702 1042/1095/1701
s 903
f 1043/1096/1703 1028/1081/1703 1029/1082/1703
f 1029/1082/1703 1044/1097/1703 1043/1096/1703
s 904
f 1044/1097/1704 1029/1082/1704 1030/1083/1704
f 1030/1083/1704 1045/1098/1704 1044/1097/1704
s 905
f 1046/1099/1705 1045/1098/1705 1030/1083/1705
f 1030/1083/1705 1031/1084/1705 1046/1099/1705
s 906
f 1046/1099/1706 1031/1084/1706 1032/1085/1706
f 1032/1085/1706 1047/1100/1706 1046/1099/1706
s 907
f 1047/1100/1707 1032/1085/1707 1033/1086/1707
f 1033/1086/1707 1048/1101/1707 1047/1100/1707
s 908
f 1034/1087/1708 1049/1102/1708 1048/1101/1708
f 1048/1101/1708 1033/1086/1709 1034/1087/1708
s 909
f 1050/1103/1710 1035/1088/1711 1036/1089/1710
f 1036/1089/1710 1051/1104/1710 1050/1103/1710
s 910
f 1051/1104/1712 1036/1089/1712 1037/1090/1712
f 1037/1090/1712 1052/1105/1712 1051/1104/1712
s 911
f 1052/1105/1713 1037/1090/1713 1038/1091/1713
f 1038/1091/1713 1053/1106/1713 1052/1105/1713
s 912
f 1053/1106/1714 1038/1091/1714 1039/1092/1714
f 1039/1092/1714 1054/1107/1714 1053/1106/1714
s 913
f 1055/1108/1715 1054/1107/1715 1039/1092/1716
f 1039/1092/1716 1040/1093/1715 1055/1108/1715
s 914
f 1055/1108/1717 1040/1093/1717 1041/1094/1717
f 1041/1094/1717 1056/1109/1717 1055/1108/1717
s 915
f 1056/1109/1718 1041/1094/1719 1042/1095/1719
f 1042/1095/1719 1057/1110/1720 1056/1109/1718
s 916
f 1043/1096/1721 1058/1111/1722 1057/1110/1722
f 1057/1110/1722 1042/1095/1721 1043/1096/1721
s 917
f 1058/1111/1723 1043/1096/1723 1044/1097/1723
f 1044/1097/1723 1059/1112/1723 1058/1111/1723
s 918
f 1059/1112/1724 1044/1097/1724 1045/1098/1724
f 1045/1098/1724 1060/1113/1724 1059/1112/1724
s 919
f 1060/1113/1725 1045/1098/1725 1046/1099/1725
f 1046/1099/1725 1061/1114/1725 1060/1113/1725
s 920
f 1061/1114/1726 1046/1099/1726 1047/1100/1726
f 1047/1100/1726 1062/1115/1727 1061/1114/1726
s 921
f 1062/1115/1728 1047/1100/1728 1048/1101/1728
f 1048/1101/1728 1063/1116/1728 1062/1115/1728
s 922
f 1064/1117/1729 1063/1116/1729 1048/1101/1729
f 1048/1101/1729 1049/1102/1729 1064/1117/1729
s 923
f 1065/1118/1730 1050/1103/1730 1051/1104/1730
f 1051/1104/1730 1066/1119/1730 1065/1118/1730
s 924
f 1052/1105/1731 1067/1120/1732 1066/1119/1732
f 1066/1119/1732 1051/1104/1732 1052/1105/1731
s 925
f 1067/1120/1733 1052/1105/1733 1053/1106/1733
f 1053/1106/1733 1068/1121/1733 1067/1120/1733
s 926
f 1068/1121/1734 1053/1106/1735 1054/1107/1736
f 1054/1107/1736 1069/1122/1736 1068/1121/1734
s 927
f 1069/1122/1737 1054/1107/1737 1055/1108/1737
f 1055/1108/1737 1070/1123/1737 1069/1122/1737
s 928
f 1070/1123/1738 1055/1108/1738 1056/1109/1738
f 1056/1109/1738 1071/1124/1738 1070/1123/1738
s 929
f 1071/1124/1739 1056/1109/1740 1057/1110/1741
f 1057/1110/1741 1072/1125/1742 1071/1124/1739
s 930
f 1073/1126/1743 1072/1125/1744 1057/1110/1743
f 1057/1110/1743 1058/1111/1745 1073/1126/1743
s 931
f 1073/1126/1746 1058/1111/1747 1059/1112/1746
f 1059/1112/1746 1074/1127/1747 1073/1126/1746
s 932
f 1074/1127/1748 1059/1112/1748 1060/1113/1749
f 1060/1113/1749 1075/1128/1750 1074/1127/1748
s 933
f 1061/1114/1751 1076/1129/1752 1075/1128/1753
f 1075/1128/1753 1060/1113/1754 1061/1114/1751
s 934
f 1076/1129/1755 1061/1114/1755 1062/1115/1755
f 1062/1115/1755 1077/1130/1755 1076/1129/1755
s 935
f 1077/1130/1756 1062/1115/1756 1063/1116/1756
f 1063/1116/1756 1078/1131/1756 1077/1130/1756
s 936
f 1078/1131/1757 1063/1116/1757 1064/1117/1758
f 1064/1117/1758 1079/1132/1758 1078/1131/1757
s 937
f 1080/1133/1759 1065/1118/1760 1066/1119/1760
f 1066/1119/1760 1081/1134/1760 1080/1133/1759
s 938
f 1082/1135/1761 1081/1134/1761 1066/1119/1761
f 1066/1119/1761 1067/1120/1761 1082/1135/1761
s 939
f 1082/1135/1762 1067/1120/1762 1068/1121/1762
f 1068/1121/1762 1083/1136/1762 1082/1135/1762
s 940
f 1083/1136/1763 1068/1121/1764 1069/1122/1764
f 1069/1122/1764 1084/1137/1763 1083/1136/1763
s 941
f 1070/1123/1765 1085/1138/1765 1084/1137/1765
f 1084/1137/1765 1069/1122/1765 1070/1123/1765
s 942
f 1085/1138/1766 1070/1123/1767 1071/1124/1768
f 1071/1124/1768 1086/1139/1769 1085/1138/1766
s 943
f 1086/1139/1770 1071/1124/1771 1072/1125/1770
f 1072/1125/1770 1087/1140/1770 1086/1139/1770
s 944
f 1087/1140/1772 1072/1125/1773 1073/1126/1772
f 1073/1126/1772 1088/1141/1772 1087/1140/1772
s 945
f 1088/1141/1774 1073/1126/1774 1074/1127/1774
f 1074/1127/1774 1089/1142/1774 1088/1141/1774
s 946
f 1089/1142/1775 1074/1127/1775 1075/1128/1775
f 1075/1128/1775 1090/1143/1775 1089/1142/1775
s 947
f 1091/1144/1776 1090/1143/1777 1075/1128/1776
f 1075/1128/1776 1076/1129/1776 1091/1144/1776
s 948
f 1091/1144/1778 1076/1129/1778 1077/1130/1778
f 1077/1130/1778 1092/1145/1778 1091/1144/1778
s 949
f 1092/1145/1779 1077/1130/1779 1078/1131/1779
f 1078/1131/1779 1093/1146/1779 1092/1145/1779
s 950
f 1079/1132/1780 1094/1147/1780 1093/1146/1781
f 1093/1146/1781 1078/1131/1780 1079/1132/1780
s 951
f 1095/1148/1782 1080/1133/1783 1081/1134/1782
f 1081/1134/1782 1096/1149/1782 1095/1148/1782
s 952
f 1096/1149/1784 1081/1134/1784 1082/1135/1784
f 1082/1135/1784 1097/1150/1784 1096/1149/1784
s 953
f 1097/1150/1785 1082/1135/1785 1083/1136/1785
f 1083/1136/1785 1098/1151/1785 1097/1150/1785
s 954
f 1098/1151/1786 1083/1136/1786 1084/1137/1786
f 1084/1137/1786 1099/1152/1786 1098/1151/1786
s 955
f 1100/1153/1787 1099/1152/1788 1084/1137/1787
f 1084/1137/1787 1085/1138/1787 1100/1153/1787
s 956
f 1100/1153/1789 1085/1138/1789 1086/1139/1789
f 1086/1139/1789 1101/1154/1789 1100/1153/1789
s 957
f 1101/1154/1790 1086/1139/1791 1087/1140/1792
f 1087/1140/1792 1102/1155/1793 1101/1154/1790
s 958
f 1088/1141/1794 1103/1156/1795 1102/1155/1794
f 1102/1155/1794 1087/1140/1794 1088/1141/1794
s 959
f 1103/1156/1796 1088/1141/1797 1089/1142/1798
f 1089/1142/1798 1104/1157/1799 1103/1156/1796
s 960
f 1104/1157/1800 1089/1142/1800 1090/1143/1801
f 1090/1143/1801 1105/1158/1802 1104/1157/1800
s 961
f 1105/1158/1803 1090/1143/1803 1091/1144/1804
f 1091/1144/1804 1106/1159/1804 1105/1158/1803
s 962
f 1106/1159/1805 1091/1144/1805 1092/1145/1805
f 1092/1145/1805 1107/1160/1805 1106/1159/1805
s 963
f 1107/1160/1806 1092/1145/1806 1093/1146/1806
f 1093/1146/1806 1108/1161/1806 1107/1160/1806
s 964
f 1109/1162/1807 1108/1161/1808 1093/1146/1807
f 1093/1146/1807 1094/1147/1807 1109/1162/1807
s 965
f 855/893/1809 1110/1163/1809 886/939/1809
f 886/939/1809 856/1164/1809 855/893/1809
s 966
f 886/939/1810 1110/1163/1810 1111/1165/1810
f 1111/1165/1810 887/940/1810 886/939/1810
s 967
f 1111/1165/1811 1112/1166/1812 889/942/1812
f 889/942/1812 887/940/1812 1111/1165/1811
s 968
f 889/942/1813 1112/1166/1814 1113/1167/1814
f 1113/1167/1814 891/944/1814 889/942/1813
s 969
f 891/944/1815 1113/1167/1815 1114/1168/1816
f 1114/1168/1816 893/946/1815 891/944/1815
s 970
f 895/948/1817 893/946/1818 1114/1168/1819
f 1114/1168/1819 1115/1169/1817 895/948/1817
s 971
f 895/948/1820 1115/1169/1820 1116/1170/1820
f 1116/1170/1820 897/950/1820 895/948/1820
s 972
f 897/950/1821 1116/1170/1821 1117/1171/1822
f 1117/1171/1822 899/952/1823 897/950/1821
s 973
f 1118/1172/1824 901/954/1825 899/952/1826
f 899/952/1826 1117/1171/1827 1118/1172/1824
s 974
f 901/954/1828 1118/1172/1829 1119/1173/1830
f 1119/1173/1830 904/957/1831 901/954/1828
s 975
f 904/957/1832 1119/1173/1833 1120/1174/1832
f 1120/1174/1832 906/959/1834 904/957/1832
s 976
f 1121/1175/1835 908/961/1836 906/959/1837
f 906/959/1837 1120/1174/1838 1121/1175/1835
s 977
f 1122/1176/1839 910/963/1840 908/961/1841
f 908/961/1841 1121/1175/1842 1122/1176/1839
s 978
f 1123/1177/1843 912/965/1844 910/963/1844
f 910/963/1844 1122/1176/1843 1123/1177/1843
s 979
f 912/965/1845 1123/1177/1846 1124/1178/1846
f 1124/1178/1846 913/966/1846 912/965/1845
s 980
f 228/1179/1847 913/966/1847 1124/1178/1847
f 1124/1178/1847 229/1180/1847 228/1179/1847
s 981
f 914/967/1848 913/966/1848 228/1179/1848
f 228/1179/1848 236/1181/1848 914/967/1848
s 982
f 929/982/1849 914/967/1849 236/1181/1849
f 236/1181/1849 237/1182/1849 929/982/1849
s 983
f 238/1183/1850 944/997/1850 929/982/1850
f 929/982/1850 237/1182/1850 238/1183/1850
s 984
f 239/1184/1851 959/1012/1851 944/997/1851
f 944/997/1851 238/1183/1852 239/1184/1851
s 985
f 240/1185/1853 974/1027/1854 959/1012/1853
f 959/1012/1853 239/1184/1855 240/1185/1853
s 986
f 241/1186/1856 989/1042/1856 974/1027/1856
f 974/1027/1856 240/1185/1856 241/1186/1856
s 987
f 222/1187/1857 1004/1057/1857 989/1042/1857
f 989/1042/1857 241/1186/1858 222/1187/1857
s 988
f 221/1188/1859 1019/1072/1859 1004/1057/1860
f 1004/1057/1860 222/1187/1859 221/1188/1859
s 989
f 220/1189/1861 1034/1087/1861 1019/1072/1862
f 1019/1072/1862 221/1188/1863 220/1189/1861
s 990
f 219/1190/1864 1049/1102/1864 1034/1087/1864
f 1034/1087/1864 220/1189/1864 219/1190/1864
s 991
f 1049/1102/1865 219/1190/1866 218/1191/1866
f 218/1191/1866 1064/1117/1865 1049/1102/1865
s 992
f 1064/1117/1867 218/1191/1867 217/1192/1868
f 217/1192/1868 1079/1132/1867 1064/1117/1867
s 993
f 216/1193/1869 1094/1147/1869 1079/1132/1869
f 1079/1132/1869 217/1192/1869 216/1193/1869
s 994
f 1094/1147/1870 216/1193/1870 213/1194/1870
f 213/1194/1870 1109/1162/1870 1094/1147/1870
s 995
f 215/1195/1871 397/1196/1871 1109/1162/1871
f 1109/1162/1871 213/1194/1871 215/1195/1871
s 996
f 416/1197/1872 1108/1161/1872 1109/1162/1872
f 1109/1162/1872 397/1196/1872 416/1197/1872
s 997
f 1107/1160/1873 1108/1161/1874 416/1197/1875
f 416/1197/1875 415/1198/1873 1107/1160/1873
s 998
f 1106/1159/1876 1107/1160/1876 415/1198/1876
f 415/1198/1876 414/1199/1876 1106/1159/1876
s 999
f 414/1199/1877 413/1200/1878 1105/1158/1878
f 1105/1158/1878 1106/1159/1878 414/1199/1877
s 1000
f 1104/1157/1879 1105/1158/1880 413/1200/1881
f 413/1200/1881 412/1201/1881 1104/1157/1879
s 1001
f 1103/1156/1882 1104/1157/1883 412/1201/1884
f 412/1201/1884 411/1202/1885 1103/1156/1882
s 1002
f 411/1202/1886 410/1203/1886 1102/1155/1887
f 1102/1155/1887 1103/1156/1886 411/1202/1886
s 1003
f 410/1203/1888 409/1204/1889 1101/1154/1889
f 1101/1154/1889 1102/1155/1889 410/1203/1888
s 1004
f 409/1204/1890 408/1205/1891 1100/1153/1891
f 1100/1153/1891 1101/1154/1892 409/1204/1890
s 1005
f 1099/1152/1893 1100/1153/1894 408/1205/1894
f 408/1205/1894 407/1206/1895 1099/1152/1893
s 1006
f 407/1206/1896 406/1207/1896 1098/1151/1897
f 1098/1151/1897 1099/1152/1896 407/1206/1896
s 1007
f 406/1207/1898 405/1208/1898 1097/1150/1898
f 1097/1150/1898 1098/1151/1898 406/1207/1898
s 1008
f 404/1209/1899 1096/1149/1899 1097/1150/1899
f 1097/1150/1899 405/1208/1899 404/1209/1899
s 1009
f 404/1209/1900 403/1210/1901 1095/1148/1900
f 1095/1148/1900 1096/1149/1900 404/1209/1900
s 1010
f 871/1211/1902 1095/1148/1902 403/1210/1903
f 403/1210/1903 402/1212/1904 871/1211/1902
s 1011
f 871/1211/1905 872/1213/1905 1080/1133/1905
f 1080/1133/1905 1095/1148/1906 871/1211/1905
s 1012
f 872/1213/1907 873/1214/1907 1065/1118/1907
f 1065/1118/1907 1080/1133/1907 872/1213/1907
s 1013
f 873/1214/1908 874/1215/1908 1050/1103/1908
f 1050/1103/1908 1065/1118/1908 873/1214/1908
s 1014
f 1050/1103/1909 874/1215/1909 875/1216/1909
f 875/1216/1909 1035/1088/1909 1050/1103/1909
s 1015
f 875/1216/1910 876/1217/1910 1020/1073/1910
f 1020/1073/1910 1035/1088/1910 875/1216/1910
s 1016
f 877/1218/1911 1005/1058/1912 1020/1073/1912
f 1020/1073/1912 876/1217/1912 877/1218/1911
s 1017
f 863/1219/1913 990/1043/1913 1005/1058/1913
f 1005/1058/1913 877/1218/1913 863/1219/1913
s 1018
f 975/1028/1914 990/1043/1914 863/1219/1914
f 863/1219/1914 862/1220/1914 975/1028/1914
s 1019
f 975/1028/1915 862/1220/1915 861/1221/1915
f 861/1221/1915 960/1013/1916 975/1028/1915
s 1020
f 861/1221/1917 860/1222/1917 945/998/1917
f 945/998/1917 960/1013/1917 861/1221/1917
s 1021
f 945/998/1918 860/1222/1918 859/1223/1918
f 859/1223/1918 930/983/1918 945/998/1918
s 1022
f 930/983/1919 859/1223/1919 858/1224/1919
f 858/1224/1919 915/968/1919 930/983/1919
s 1023
f 858/1224/1920 857/1225/1920 885/938/1920
f 885/938/1920 915/968/1920 858/1224/1920
s 1024
f 857/1225/1921 856/1164/1921 886/939/1921
f 886/939/1921 885/938/1921 857/1225/1921
s 1025
f 1125/1226/1922 1126/1227/1922 1127/1228/1922
f 1127/1228/1922 1128/1229/1922 1125/1226/1922
s 1026
f 1129/1230/1923 1128/1229/1923 1127/1228/1923
f 1127/1228/1923 1130/1231/1923 1129/1230/1923
s 1027
f 1129/1230/1924 1130/1231/1925 1131/1232/1925
f 1131/1232/1925 1132/1233/1925 1129/1230/1924
s 1028
f 1132/1233/1926 1131/1232/1926 1133/1234/1926
f 1133/1234/1926 1134/1235/1926 1132/1233/1926
s 1029
f 1135/1236/1927 1136/1237/1928 1134/1235/1929
f 1134/1235/1929 1133/1234/1927 1135/1236/1927
s 1030
f 1136/1237/1930 1135/1236/1931 1137/1238/1931
f 1137/1238/1931 1138/1239/1931 1136/1237/1930
s 1031
f 1138/1239/1932 1137/1238/1933 1139/1240/1934
f 1139/1240/1934 1140/1241/1935 1138/1239/1932
s 1032
f 1140/1241/1936 1139/1240/1937 1141/1242/1937
f 1141/1242/1937 1142/1243/1936 1140/1241/1936
s 1033
f 1142/1243/1938 1141/1242/1939 1143/1244/1940
f 1143/1244/1940 1144/1245/1941 1142/1243/1938
s 1034
f 1144/1245/1942 1143/1244/1943 1145/1246/1942
f 1145/1246/1942 1146/1247/1942 1144/1245/1942
s 1035
f 1147/1248/1944 1146/1247/1945 1145/1246/1945
f 1145/1246/1945 1148/1249/1944 1147/1248/1944
s 1036
f 1147/1248/1946 1148/1249/1946 1149/1250/1946
f 1149/1250/1946 1150/1251/1946 1147/1248/1946
s 1037
f 1150/1251/1947 1149/1250/1947 1151/1252/1947
f 1151/1252/1947 1152/1253/1947 1150/1251/1947
s 1038
f 1153/1254/1948 1154/1255/1948 1152/1253/1948
f 1152/1253/1948 1151/1252/1948 1153/1254/1948
s 1039
f 1155/1256/1949 1125/1226/1949 1128/1229/1949
f 1128/1229/1949 1156/1257/1949 1155/1256/1949
s 1040
f 1156/1257/1950 1128/1229/1950 1129/1230/1950
f 1129/1230/1950 1157/1258/1950 1156/1257/1950
s 1041
f 1157/1258/1951 1129/1230/1951 1132/1233/1951
f 1132/1233/1951 1158/1259/1951 1157/1258/1951
s 1042
f 1158/1259/1952 1132/1233/1952 1134/1235/1952
f 1134/1235/1952 1159/1260/1952 1158/1259/1952
s 1043
f 1160/1261/1953 1159/1260/1954 1134/1235/1955
f 1134/1235/1955 1136/1237/1956 1160/1261/1953
s 1044
f 1160/1261/1957 1136/1237/1957 1138/1239/1957
f 1138/1239/1957 1161/1262/1957 1160/1261/1957
s 1045
f 1161/1262/1958 1138/1239/1958 1140/1241/1958
f 1140/1241/1958 1162/1263/1959 1161/1262/1958
s 1046
f 1142/1243/1960 1163/1264/1961 1162/1263/1960
f 1162/1263/1960 1140/1241/1962 1142/1243/1960
s 1047
f 1163/1264/1963 1142/1243/1963 1144/1245/1964
f 1144/1245/1964 1164/1265/1963 1163/1264/1963
s 1048
f 1164/1265/1965 1144/1245/1965 1146/1247/1965
f 1146/1247/1965 1165/1266/1965 1164/1265/1965
s 1049
f 1165/1266/1966 1146/1247/1966 1147/1248/1966
f 1147/1248/1966 1166/1267/1966 1165/1266/1966
s 1050
f 1166/1267/1967 1147/1248/1967 1150/1251/1967
f 1150/1251/1967 1167/1268/1967 1166/1267/1967
s 1051
f 1167/1268/1968 1150/1251/1968 1152/1253/1968
f 1152/1253/1968 1168/1269/1968 1167/1268/1968
s 1052
f 1169/1270/1969 1168/1269/1969 1152/1253/1969
f 1152/1253/1969 1154/1255/1969 1169/1270/1969
s 1053
f 1170/1271/1970 1155/1256/1970 1156/1257/1970
f 1156/1257/1970 1171/1272/1970 1170/1271/1970
s 1054
f 1157/1258/1971 1172/1273/1972 1171/1272/1973
f 1171/1272/1973 1156/1257/1971 1157/1258/1971
s 1055
f 1172/1273/1974 1157/1258/1975 1158/1259/1975
f 1158/1259/1975 1173/1274/1976 1172/1273/1974
s 1056
f 1173/1274/1977 1158/1259/1978 1159/1260/1979
f 1159/1260/1979 1174/1275/1980 1173/1274/1977
s 1057
f 1174/1275/1981 1159/1260/1982 1160/1261/1982
f 1160/1261/1982 1175/1276/1983 1174/1275/1981
s 1058
f 1175/1276/1984 1160/1261/1985 1161/1262/1985
f 1161/1262/1985 1176/1277/1986 1175/1276/1984
s 1059
f 1176/1277/1987 1161/1262/1988 1162/1263/1988
f 1162/1263/1988 1177/1278/1989 1176/1277/1987
s 1060
f 1178/1279/1990 1177/1278/1991 1162/1263/1992
f 1162/1263/1992 1163/1264/1993 1178/1279/1990
s 1061
f 1178/1279/1994 1163/1264/1995 1164/1265/1996
f 1164/1265/1996 1179/1280/1997 1178/1279/1994
s 1062
f 1179/1280/1998 1164/1265/1999 1165/1266/2000
f 1165/1266/2000 1180/1281/2001 1179/1280/1998
s 1063
f 1166/1267/2002 1181/1282/2003 1180/1281/2004
f 1180/1281/2004 1165/1266/2002 1166/1267/2002
s 1064
f 1181/1282/2005 1166/1267/2006 1167/1268/2006
f 1167/1268/2006 1182/1283/2007 1181/1282/2005
s 1065
f 1182/1283/2008 1167/1268/2009 1168/1269/2010
f 1168/1269/2010 1183/1284/2011 1182/1283/2008
s 1066
f 1183/1284/2012 1168/1269/2012 1169/1270/2013
f 1169/1270/2013 1184/1285/2013 1183/1284/2012
s 1067
f 1185/1286/2014 1170/1271/2015 1171/1272/2015
f 1171/1272/2015 1186/1287/2016 1185/1286/2014
s 1054
f 1187/1288/2017 1186/1287/2018 1171/1272/1973
f 1171/1272/1973 1172/1273/1972 1187/1288/2017
s 1055
f 1187/1288/2019 1172/1273/1974 1173/1274/1976
f 1173/1274/1976 1188/1289/2020 1187/1288/2019
s 1056
f 1188/1289/2021 1173/1274/1977 1174/1275/1980
f 1174/1275/1980 1189/1290/2022 1188/1289/2021
s 1057
f 1175/1276/1983 1190/1291/2023 1189/1290/2024
f 1189/1290/2024 1174/1275/1981 1175/1276/1983
s 1058
f 1190/1291/2025 1175/1276/1984 1176/1277/1986
f 1176/1277/1986 1191/1292/2026 1190/1291/2025
s 1059
f 1191/1292/2027 1176/1277/1987 1177/1278/1989
f 1177/1278/1989 1192/1293/2028 1191/1292/2027
s 1060
f 1192/1293/2029 1177/1278/1991 1178/1279/1990
f 1178/1279/1990 1193/1294/2030 1192/1293/2029
s 1061
f 1193/1294/2031 1178/1279/1994 1179/1280/1997
f 1179/1280/1997 1194/1295/2032 1193/1294/2031
s 1062
f 1194/1295/2033 1179/1280/1998 1180/1281/2001
f 1180/1281/2001 1195/1296/2034 1194/1295/2033
s 1063
f 1196/1297/2035 1195/1296/2036 1180/1281/2004
f 1180/1281/2004 1181/1282/2003 1196/1297/2035
s 1064
f 1196/1297/2037 1181/1282/2005 1182/1283/2007
f 1182/1283/2007 1197/1298/2038 1196/1297/2037
s 1065
f 1197/1298/2039 1182/1283/2008 1183/1284/2011
f 1183/1284/2011 1198/1299/2040 1197/1298/2039
s 1068
f 1184/1285/2041 1199/1300/2042 1198/1299/2043
f 1198/1299/2043 1183/1284/2041 1184/1285/2041
s 1067
f 1200/1301/2044 1185/1286/2014 1186/1287/2016
f 1186/1287/2016 1201/1302/2045 1200/1301/2044
s 1054
f 1201/1302/2046 1186/1287/2018 1187/1288/2017
f 1187/1288/2017 1202/1303/2047 1201/1302/2046
s 1055
f 1203/1304/2048 1202/1303/2049 1187/1288/2019
f 1187/1288/2019 1188/1289/2020 1203/1304/2048
s 1056
f 1204/1305/2050 1203/1304/2051 1188/1289/2021
f 1188/1289/2021 1189/1290/2022 1204/1305/2050
s 1057
f 1190/1291/2023 1205/1306/2052 1204/1305/2053
f 1204/1305/2053 1189/1290/2024 1190/1291/2023
s 1058
f 1206/1307/2054 1205/1306/2055 1190/1291/2025
f 1190/1291/2025 1191/1292/2026 1206/1307/2054
s 1059
f 1207/1308/2056 1206/1307/2057 1191/1292/2027
f 1191/1292/2027 1192/1293/2028 1207/1308/2056
s 1060
f 1207/1308/2058 1192/1293/2029 1193/1294/2030
f 1193/1294/2030 1208/1309/2059 1207/1308/2058
s 1061
f 1209/1310/2060 1208/1309/2061 1193/1294/2031
f 1193/1294/2031 1194/1295/2032 1209/1310/2060
s 1062
f 1210/1311/2062 1209/1310/2063 1194/1295/2033
f 1194/1295/2033 1195/1296/2034 1210/1311/2062
s 1063
f 1210/1311/2064 1195/1296/2036 1196/1297/2035
f 1196/1297/2035 1211/1312/2065 1210/1311/2064
s 1064
f 1212/1313/2066 1211/1312/2067 1196/1297/2037
f 1196/1297/2037 1197/1298/2038 1212/1313/2066
s 1065
f 1213/1314/2068 1212/1313/2069 1197/1298/2039
f 1197/1298/2039 1198/1299/2040 1213/1314/2068
s 1068
f 1199/1300/2042 1214/1315/2070 1213/1314/2071
f 1213/1314/2071 1198/1299/2043 1199/1300/2042
s 1067
f 1215/1316/2072 1216/1317/2073 1200/1301/2044
f 1200/1301/2044 1201/1302/2045 1215/1316/2072
s 1054
f 1202/1303/2047 1217/1318/2074 1215/1316/2075
f 1215/1316/2075 1201/1302/2046 1202/1303/2047
s 1055
f 1218/1319/2076 1217/1318/2077 1202/1303/2049
f 1202/1303/2049 1203/1304/2048 1218/1319/2076
s 1056
f 1219/1320/2078 1218/1319/2079 1203/1304/2051
f 1203/1304/2051 1204/1305/2050 1219/1320/2078
s 1057
f 1204/1305/2053 1205/1306/2052 1220/1321/2080
f 1220/1321/2080 1219/1320/2081 1204/1305/2053
s 1058
f 1206/1307/2054 1221/1322/2082 1220/1321/2083
f 1220/1321/2083 1205/1306/2055 1206/1307/2054
s 1059
f 1207/1308/2056 1222/1323/2084 1221/1322/2085
f 1221/1322/2085 1206/1307/2057 1207/1308/2056
s 1060
f 1222/1323/2086 1207/1308/2058 1208/1309/2059
f 1208/1309/2059 1223/1324/2087 1222/1323/2086
s 1061
f 1209/1310/2060 1224/1325/2088 1223/1324/2089
f 1223/1324/2089 1208/1309/2061 1209/1310/2060
s 1062
f 1210/1311/2062 1225/1326/2090 1224/1325/2091
f 1224/1325/2091 1209/1310/2063 1210/1311/2062
s 1063
f 1211/1312/2065 1226/1327/2092 1225/1326/2093
f 1225/1326/2093 1210/1311/2064 1211/1312/2065
s 1064
f 1227/1328/2094 1226/1327/2095 1211/1312/2067
f 1211/1312/2067 1212/1313/2066 1227/1328/2094
s 1065
f 1228/1329/2096 1227/1328/2097 1212/1313/2069
f 1212/1313/2069 1213/1314/2068 1228/1329/2096
s 1068
f 1213/1314/2071 1214/1315/2070 1229/1330/2098
f 1229/1330/2098 1228/1329/2099 1213/1314/2071
s 1067
f 1215/1316/2072 1230/1331/2100 1231/1332/2101
f 1231/1332/2101 1216/1317/2073 1215/1316/2072
s 1054
f 1230/1331/2102 1215/1316/2075 1217/1318/2074
f 1217/1318/2074 1232/1333/2103 1230/1331/2102
s 1055
f 1218/1319/2076 1233/1334/2104 1232/1333/2105
f 1232/1333/2105 1217/1318/2077 1218/1319/2076
s 1056
f 1219/1320/2078 1234/1335/2106 1233/1334/2107
f 1233/1334/2107 1218/1319/2079 1219/1320/2078
s 1057
f 1220/1321/2080 1235/1336/2108 1234/1335/2109
f 1234/1335/2109 1219/1320/2081 1220/1321/2080
s 1058
f 1236/1337/2110 1235/1336/2111 1220/1321/2083
f 1220/1321/2083 1221/1322/2082 1236/1337/2110
s 1059
f 1237/1338/2112 1236/1337/2113 1221/1322/2085
f 1221/1322/2085 1222/1323/2084 1237/1338/2112
s 1060
f 1222/1323/2086 1223/1324/2087 1238/1339/2114
f 1238/1339/2114 1237/1338/2115 1222/1323/2086
s 1061
f 1224/1325/2088 1239/1340/2116 1238/1339/2117
f 1238/1339/2117 1223/1324/2089 1224/1325/2088
s 1062
f 1225/1326/2090 1240/1341/2118 1239/1340/2119
f 1239/1340/2119 1224/1325/2091 1225/1326/2090
s 1063
f 1240/1341/2120 1225/1326/2093 1226/1327/2092
f 1226/1327/2092 1241/1342/2121 1240/1341/2120
s 1064
f 1227/1328/2094 1242/1343/2122 1241/1342/2123
f 1241/1342/2123 1226/1327/2095 1227/1328/2094
s 1065
f 1228/1329/2096 1243/1344/2124 1242/1343/2125
f 1242/1343/2125 1227/1328/2097 1228/1329/2096
s 1068
f 1229/1330/2098 1244/1345/2126 1243/1344/2127
f 1243/1344/2127 1228/1329/2099 1229/1330/2098
s 1067
f 1245/1346/2128 1246/1347/2129 1231/1332/2101
f 1231/1332/2101 1230/1331/2100 1245/1346/2128
s 1054
f 1230/1331/2102 1232/1333/2103 1247/1348/2130
f 1247/1348/2130 1245/1346/2131 1230/1331/2102
s 1055
f 1233/1334/2104 1248/1349/2132 1247/1348/2133
f 1247/1348/2133 1232/1333/2105 1233/1334/2104
s 1056
f 1234/1335/2106 1249/1350/2134 1248/1349/2135
f 1248/1349/2135 1233/1334/2107 1234/1335/2106
s 1057
f 1249/1350/2136 1234/1335/2109 1235/1336/2108
f 1235/1336/2108 1250/1351/2137 1249/1350/2136
s 1058
f 1236/1337/2110 1251/1352/2138 1250/1351/2139
f 1250/1351/2139 1235/1336/2111 1236/1337/2110
s 1059
f 1237/1338/2112 1252/1353/2140 1251/1352/2141
f 1251/1352/2141 1236/1337/2113 1237/1338/2112
s 1060
f 1238/1339/2114 1253/1354/2142 1252/1353/2143
f 1252/1353/2143 1237/1338/2115 1238/1339/2114
s 1061
f 1254/1355/2144 1253/1354/2145 1238/1339/2117
f 1238/1339/2117 1239/1340/2116 1254/1355/2144
s 1062
f 1255/1356/2146 1254/1355/2147 1239/1340/2119
f 1239/1340/2119 1240/1341/2118 1255/1356/2146
s 1063
f 1240/1341/2120 1241/1342/2121 1256/1357/2148
f 1256/1357/2148 1255/1356/2149 1240/1341/2120
s 1064
f 1242/1343/2122 1257/1358/2150 1256/1357/2151
f 1256/1357/2151 1241/1342/2123 1242/1343/2122
s 1065
f 1243/1344/2124 1258/1359/2152 1257/1358/2153
f 1257/1358/2153 1242/1343/2125 1243/1344/2124
s 1068
f 1258/1359/2154 1243/1344/2127 1244/1345/2126
f 1244/1345/2126 1259/1360/2155 1258/1359/2154
s 1067
f 1245/1346/2128 1260/1361/2156 1261/1362/2157
f 1261/1362/2157 1246/1347/2129 1245/1346/2128
s 1054
f 1247/1348/2130 1262/1363/2158 1260/1361/2159
f 1260/1361/2159 1245/1346/2131 1247/1348/2130
s 1055
f 1263/1364/2160 1262/1363/2161 1247/1348/2133
f 1247/1348/2133 1248/1349/2132 1263/1364/2160
s 1056
f 1264/1365/2162 1263/1364/2163 1248/1349/2135
f 1248/1349/2135 1249/1350/2134 1264/1365/2162
s 1057
f 1249/1350/2136 1250/1351/2137 1265/1366/2164
f 1265/1366/2164 1264/1365/2165 1249/1350/2136
s 1058
f 1251/1352/2138 1266/1367/2166 1265/1366/2167
f 1265/1366/2167 1250/1351/2139 1251/1352/2138
s 1059
f 1252/1353/2140 1267/1368/2168 1266/1367/2169
f 1266/1367/2169 1251/1352/2141 1252/1353/2140
s 1060
f 1267/1368/2170 1252/1353/2143 1253/1354/2142
f 1253/1354/2142 1268/1369/2171 1267/1368/2170
s 1061
f 1254/1355/2144 1269/1370/2172 1268/1369/2173
f 1268/1369/2173 1253/1354/2145 1254/1355/2144
s 1062
f 1255/1356/2146 1270/1371/2174 1269/1370/2175
f 1269/1370/2175 1254/1355/2147 1255/1356/2146
s 1063
f 1256/1357/2148 1271/1372/2176 1270/1371/2177
f 1270/1371/2177 1255/1356/2149 1256/1357/2148
s 1064
f 1272/1373/2178 1271/1372/2179 1256/1357/2151
f 1256/1357/2151 1257/1358/2150 1272/1373/2178
s 1065
f 1273/1374/2180 1272/1373/2181 1257/1358/2153
f 1257/1358/2153 1258/1359/2152 1273/1374/2180
s 1068
f 1258/1359/2154 1259/1360/2155 1274/1375/2182
f 1274/1375/2182 1273/1374/2183 1258/1359/2154
s 1067
f 1260/1361/2156 1275/1376/2184 1276/1377/2185
f 1276/1377/2185 1261/1362/2157 1260/1361/2156
s 1054
f 1275/1376/2186 1260/1361/2159 1262/1363/2158
f 1262/1363/2158 1277/1378/2187 1275/1376/2186
s 1055
f 1263/1364/2160 1278/1379/2188 1277/1378/2189
f 1277/1378/2189 1262/1363/2161 1263/1364/2160
s 1056
f 1264/1365/2162 1279/1380/2190 1278/1379/2191
f 1278/1379/2191 1263/1364/2163 1264/1365/2162
s 1057
f 1265/1366/2164 1280/1381/2192 1279/1380/2193
f 1279/1380/2193 1264/1365/2165 1265/1366/2164
s 1058
f 1281/1382/2194 1280/1381/2195 1265/1366/2167
f 1265/1366/2167 1266/1367/2166 1281/1382/2194
s 1059
f 1282/1383/2196 1281/1382/2197 1266/1367/2169
f 1266/1367/2169 1267/1368/2168 1282/1383/2196
s 1060
f 1267/1368/2170 1268/1369/2171 1283/1384/2198
f 1283/1384/2198 1282/1383/2199 1267/1368/2170
s 1061
f 1269/1370/2172 1284/1385/2200 1283/1384/2201
f 1283/1384/2201 1268/1369/2173 1269/1370/2172
s 1062
f 1270/1371/2174 1285/1386/2202 1284/1385/2203
f 1284/1385/2203 1269/1370/2175 1270/1371/2174
s 1063
f 1285/1386/2204 1270/1371/2177 1271/1372/2176
f 1271/1372/2176 1286/1387/2205 1285/1386/2204
s 1064
f 1272/1373/2178 1287/1388/2206 1286/1387/2207
f 1286/1387/2207 1271/1372/2179 1272/1373/2178
s 1065
f 1273/1374/2180 1288/1389/2208 1287/1388/2209
f 1287/1388/2209 1272/1373/2181 1273/1374/2180
s 1068
f 1274/1375/2182 1289/1390/2210 1288/1389/2211
f 1288/1389/2211 1273/1374/2183 1274/1375/2182
s 1067
f 1290/1391/2212 1291/1392/2212 1276/1377/2185
f 1276/1377/2185 1275/1376/2184 1290/1391/2212
s 1054
f 1275/1376/2186 1277/1378/2187 1292/1393/2213
f 1292/1393/2213 1290/1391/2214 1275/1376/2186
s 1055
f 1278/1379/2188 1293/1394/2215 1292/1393/2216
f 1292/1393/2216 1277/1378/2189 1278/1379/2188
s 1056
f 1279/1380/2190 1294/1395/2217 1293/1394/2218
f 1293/1394/2218 1278/1379/2191 1279/1380/2190
s 1057
f 1294/1395/2219 1279/1380/2193 1280/1381/2192
f 1280/1381/2192 1295/1396/2220 1294/1395/2219
s 1058
f 1281/1382/2194 1296/1397/2221 1295/1396/2222
f 1295/1396/2222 1280/1381/2195 1281/1382/2194
s 1059
f 1282/1383/2196 1297/1398/2223 1296/1397/2224
f 1296/1397/2224 1281/1382/2197 1282/1383/2196
s 1060
f 1283/1384/2198 1298/1399/2225 1297/1398/2226
f 1297/1398/2226 1282/1383/2199 1283/1384/2198
s 1061
f 1299/1400/2227 1298/1399/2228 1283/1384/2201
f 1283/1384/2201 1284/1385/2200 1299/1400/2227
s 1062
f 1300/1401/2229 1299/1400/2230 1284/1385/2203
f 1284/1385/2203 1285/1386/2202 1300/1401/2229
s 1063
f 1285/1386/2204 1286/1387/2205 1301/1402/2231
f 1301/1402/2231 1300/1401/2232 1285/1386/2204
s 1064
f 1287/1388/2206 1302/1403/2233 1301/1402/2233
f 1301/1402/2233 1286/1387/2207 1287/1388/2206
s 1065
f 1288/1389/2208 1303/1404/2234 1302/1403/2235
f 1302/1403/2235 1287/1388/2209 1288/1389/2208
s 1068
f 1303/1404/2236 1288/1389/2211 1289/1390/2210
f 1289/1390/2210 1304/1405/2236 1303/1404/2236
s 1069
f 1290/1391/2237 1305/1406/2237 1306/1407/2237
f 1306/1407/2237 1291/1392/2237 1290/1391/2237
s 1054
f 1292/1393/2213 1307/1408/2238 1305/1406/2238
f 1305/1406/2238 1290/1391/2214 1292/1393/2213
s 1055
f 1308/1409/2239 1307/1408/2239 1292/1393/2216
f 1292/1393/2216 1293/1394/2215 1308/1409/2239
s 1056
f 1309/1410/2240 1308/1409/2240 1293/1394/2218
f 1293/1394/2218 1294/1395/2217 1309/1410/2240
s 1057
f 1294/1395/2219 1295/1396/2220 1310/1411/2241
f 1310/1411/2241 1309/1410/2242 1294/1395/2219
s 1058
f 1296/1397/2221 1311/1412/2243 1310/1411/2243
f 1310/1411/2243 1295/1396/2222 1296/1397/2221
s 1059
f 1297/1398/2223 1312/1413/2244 1311/1412/2244
f 1311/1412/2244 1296/1397/2224 1297/1398/2223
s 1060
f 1312/1413/2245 1297/1398/2226 1298/1399/2225
f 1298/1399/2225 1313/1414/2246 1312/1413/2245
s 1070
f 1299/1400/2247 1314/1415/2248 1313/1414/2249
f 1313/1414/2249 1298/1399/2250 1299/1400/2247
s 1062
f 1300/1401/2229 1315/1416/2251 1314/1415/2252
f 1314/1415/2252 1299/1400/2230 1300/1401/2229
s 1063
f 1301/1402/2231 1316/1417/2253 1315/1416/2253
f 1315/1416/2253 1300/1401/2232 1301/1402/2231
s 1071
f 1317/1418/2254 1316/1417/2254 1301/1402/2255
f 1301/1402/2255 1302/1403/2254 1317/1418/2254
s 1072
f 1318/1419/2256 1317/1418/2256 1302/1403/2256
f 1302/1403/2256 1303/1404/2256 1318/1419/2256
s 1073
f 1303/1404/2257 1304/1405/2257 1319/1420/2257
f 1319/1420/2257 1318/1419/2257 1303/1404/2257
s 1074
f 1305/1406/2258 1320/1421/2258 1321/1422/2258
f 1321/1422/2258 1306/1407/2258 1305/1406/2258
s 1075
f 1320/1421/2259 1305/1406/2259 1307/1408/2260
f 1307/1408/2260 1322/1423/2260 1320/1421/2259
s 1076
f 1308/1409/2261 1323/1424/2262 1322/1423/2262
f 1322/1423/2262 1307/1408/2261 1308/1409/2261
s 1077
f 1309/1410/2263 1324/1425/2263 1323/1424/2264
f 1323/1424/2264 1308/1409/2263 1309/1410/2263
s 1078
f 1310/1411/2265 1325/1426/2265 1324/1425/2266
f 1324/1425/2266 1309/1410/2265 1310/1411/2265
s 1079
f 1326/1427/2267 1325/1426/2267 1310/1411/2268
f 1310/1411/2268 1311/1412/2267 1326/1427/2267
s 1080
f 1327/1428/2269 1326/1427/2269 1311/1412/2269
f 1311/1412/2269 1312/1413/2269 1327/1428/2269
s 1081
f 1312/1413/2270 1313/1414/2271 1328/1429/2272
f 1328/1429/2272 1327/1428/2272 1312/1413/2270
s 1082
f 1314/1415/2273 1329/1430/2274 1328/1429/2274
f 1328/1429/2274 1313/1414/2275 1314/1415/2273
s 1083
f 1315/1416/2276 1330/1431/2276 1329/1430/2276
f 1329/1430/2276 1314/1415/2276 1315/1416/2276
s 1084
f 1330/1431/2277 1315/1416/2277 1316/1417/2277
f 1316/1417/2277 1331/1432/2277 1330/1431/2277
s 1085
f 1317/1418/2278 1332/1433/2278 1331/1432/2278
f 1331/1432/2278 1316/1417/2278 1317/1418/2278
s 1086
f 1318/1419/2279 1333/1434/2279 1332/1433/2279
f 1332/1433/2279 1317/1418/2279 1318/1419/2279
s 1087
f 1319/1420/2280 1334/1435/2280 1333/1434/2280
f 1333/1434/2280 1318/1419/2280 1319/1420/2280
s 1088
f 1335/1436/2281 1336/1437/2281 1321/1422/2281
f 1321/1422/2281 1320/1421/2281 1335/1436/2281
s 1089
f 1320/1421/2282 1322/1423/2282 1337/1438/2282
f 1337/1438/2282 1335/1436/2282 1320/1421/2282
s 1090
f 1323/1424/2283 1338/1439/2283 1337/1438/2283
f 1337/1438/2283 1322/1423/2283 1323/1424/2283
s 1091
f 1324/1425/2284 1339/1440/2284 1338/1439/2284
f 1338/1439/2284 1323/1424/2284 1324/1425/2284
s 1092
f 1339/1440/2285 1324/1425/2286 1325/1426/2287
f 1325/1426/2287 1340/1441/2285 1339/1440/2285
s 1093
f 1326/1427/2288 1341/1442/2289 1340/1441/2288
f 1340/1441/2288 1325/1426/2288 1326/1427/2288
s 1094
f 1327/1428/2290 1342/1443/2290 1341/1442/2290
f 1341/1442/2290 1326/1427/2291 1327/1428/2290
s 1095
f 1328/1429/2292 1343/1444/2293 1342/1443/2294
f 1342/1443/2294 1327/1428/2295 1328/1429/2292
s 1096
f 1344/1445/2296 1343/1444/2297 1328/1429/2298
f 1328/1429/2298 1329/1430/2299 1344/1445/2296
s 1097
f 1345/1446/2300 1344/1445/2301 1329/1430/2302
f 1329/1430/2302 1330/1431/2300 1345/1446/2300
s 1098
f 1330/1431/2303 1331/1432/2304 1346/1447/2303
f 1346/1447/2303 1345/1446/2305 1330/1431/2303
s 1099
f 1332/1433/2306 1347/1448/2306 1346/1447/2306
f 1346/1447/2306 1331/1432/2306 1332/1433/2306
s 1100
f 1333/1434/2307 1348/1449/2307 1347/1448/2307
f 1347/1448/2307 1332/1433/2307 1333/1434/2307
s 1101
f 1348/1449/2308 1333/1434/2308 1334/1435/2308
f 1334/1435/2308 1349/1450/2308 1348/1449/2308
s 1102
f 227/1451/2309 229/1180/2309 1124/1178/2309
f 1124/1178/2309 1126/1227/2310 227/1451/2309
s 1103
f 1123/1177/2311 1127/1228/2311 1126/1227/2312
f 1126/1227/2312 1124/1178/2311 1123/1177/2311
s 1104
f 1122/1176/2313 1130/1231/2314 1127/1228/2315
f 1127/1228/2315 1123/1177/2314 1122/1176/2313
s 1105
f 1130/1231/2316 1122/1176/2316 1121/1175/2316
f 1121/1175/2316 1131/1232/2316 1130/1231/2316
s 1106
f 1131/1232/2317 1121/1175/2317 1120/1174/2318
f 1120/1174/2318 1133/1234/2319 1131/1232/2317
s 1107
f 1135/1236/2320 1133/1234/2321 1120/1174/2321
f 1120/1174/2321 1119/1173/2321 1135/1236/2320
s 1108
f 1135/1236/2322 1119/1173/2323 1118/1172/2323
f 1118/1172/2323 1137/1238/2323 1135/1236/2322
s 1109
f 1137/1238/2324 1118/1172/2325 1117/1171/2325
f 1117/1171/2325 1139/1240/2325 1137/1238/2324
s 1110
f 1139/1240/2326 1117/1171/2327 1116/1170/2328
f 1116/1170/2328 1141/1242/2329 1139/1240/2326
s 1111
f 1115/1169/2330 1143/1244/2330 1141/1242/2330
f 1141/1242/2330 1116/1170/2330 1115/1169/2330
s 1112
f 1145/1246/2331 1143/1244/2332 1115/1169/2331
f 1115/1169/2331 1114/1168/2333 1145/1246/2331
s 1113
f 1148/1249/2334 1145/1246/2335 1114/1168/2336
f 1114/1168/2336 1113/1167/2337 1148/1249/2334
s 1114
f 1112/1166/2338 1149/1250/2339 1148/1249/2340
f 1148/1249/2340 1113/1167/2339 1112/1166/2338
s 1115
f 1111/1165/2341 1151/1252/2341 1149/1250/2342
f 1149/1250/2342 1112/1166/2343 1111/1165/2341
s 1116
f 1151/1252/2344 1111/1165/2344 1110/1163/2344
f 1110/1163/2344 1153/1254/2344 1151/1252/2344
s 1117
f 854/892/2345 1153/1254/2345 1110/1163/2345
f 1110/1163/2345 855/893/2345 854/892/2345
s 1118
f 1154/1255/2346 1153/1254/2347 854/892/2347
f 854/892/2347 864/902/2347 1154/1255/2346
s 1119
f 1169/1270/2348 1154/1255/2348 864/902/2349
f 864/902/2349 865/903/2349 1169/1270/2348
s 1120
f 1169/1270/2350 865/903/2350 866/904/2350
f 866/904/2350 1184/1285/2350 1169/1270/2350
s 1121
f 1199/1300/2351 1184/1285/2351 866/904/2351
f 866/904/2351 867/905/2351 1199/1300/2351
s 1122
f 1214/1315/2352 1199/1300/2353 867/905/2353
f 867/905/2353 868/906/2354 1214/1315/2352
f 1229/1330/2355 1214/1315/2352 868/906/2354
f 868/906/2354 869/907/2356 1229/1330/2355
f 1229/1330/2355 869/907/2356 870/908/2357
f 870/908/2357 1244/1345/2358 1229/1330/2355
f 1244/1345/2358 870/908/2357 884/931/2359
f 884/931/2359 1259/1360/2360 1244/1345/2358
f 883/930/2361 1274/1375/2362 1259/1360/2360
f 1259/1360/2360 884/931/2359 883/930/2361
f 1274/1375/2362 883/930/2361 882/929/2363
f 882/929/2363 1289/1390/2363 1274/1375/2362
s 1123
f 882/929/2364 881/928/2364 1304/1405/2364
f 1304/1405/2364 1289/1390/2364 882/929/2364
s 1124
f 1304/1405/2365 881/928/2365 880/927/2365
f 880/927/2365 1319/1420/2366 1304/1405/2365
s 1125
f 879/926/2367 1334/1435/2367 1319/1420/2367
f 1319/1420/2367 880/927/2367 879/926/2367
s 1126
f 878/924/2368 1349/1450/2369 1334/1435/2368
f 1334/1435/2368 879/926/2368 878/924/2368
s 1127
f 1349/1450/2370 878/924/2371 658/665/2371
f 658/665/2371 656/663/2371 1349/1450/2370
s 1128
f 1348/1449/2372 1349/1450/2372 656/663/2372
f 656/663/2372 655/662/2372 1348/1449/2372
s 1129
f 654/661/2373 1347/1448/2374 1348/1449/2375
f 1348/1449/2375 655/662/2376 654/661/2373
s 1130
f 653/660/2377 1346/1447/2378 1347/1448/2379
f 1347/1448/2379 654/661/2379 653/660/2377
s 1131
f 1346/1447/2380 653/660/2381 652/659/2382
f 652/659/2382 1345/1446/2383 1346/1447/2380
s 1132
f 651/658/2384 1344/1445/2385 1345/1446/2386
f 1345/1446/2386 652/659/2386 651/658/2384
s 1133
f 650/657/2387 1343/1444/2388 1344/1445/2388
f 1344/1445/2388 651/658/2388 650/657/2387
s 1134
f 1342/1443/2389 1343/1444/2390 650/657/2391
f 650/657/2391 649/656/2389 1342/1443/2389
s 1135
f 648/655/2392 1341/1442/2392 1342/1443/2393
f 1342/1443/2393 649/656/2393 648/655/2392
s 1136
f 647/654/2394 1340/1441/2395 1341/1442/2395
f 1341/1442/2395 648/655/2395 647/654/2394
s 1137
f 1340/1441/2396 647/654/2396 646/653/2397
f 646/653/2397 1339/1440/2396 1340/1441/2396
s 1138
f 1338/1439/2398 1339/1440/2398 646/653/2398
f 646/653/2398 645/652/2399 1338/1439/2398
s 1139
f 1337/1438/2400 1338/1439/2400 645/652/2400
f 645/652/2400 644/651/2400 1337/1438/2400
s 1140
f 643/650/2401 1335/1436/2401 1337/1438/2402
f 1337/1438/2402 644/651/2401 643/650/2401
s 1141
f 1336/1437/2403 1335/1436/2403 643/650/2403
f 643/650/2403 642/648/2403 1336/1437/2403
s 1142
f 184/1452/2404 1336/1437/2405 642/648/2404
f 642/648/2404 185/647/2406 184/1452/2404
s 1143
f 1336/1437/2407 184/1452/2407 194/1453/2407
f 194/1453/2407 1321/1422/2407 1336/1437/2407
s 1144
f 1321/1422/2408 194/1453/2409 195/1454/2409
f 195/1454/2409 1306/1407/2409 1321/1422/2408
s 1145
f 195/1454/2410 196/1455/2410 1291/1392/2410
f 1291/1392/2410 1306/1407/2410 195/1454/2410
s 1146
f 1291/1392/2411 196/1455/2411 197/1456/2412
f 197/1456/2412 1276/1377/2413 1291/1392/2411
f 1276/1377/2413 197/1456/2412 198/1457/2414
f 198/1457/2414 1261/1362/2415 1276/1377/2413
f 198/1457/2414 199/1458/2416 1246/1347/2417
f 1246/1347/2417 1261/1362/2415 198/1457/2414
f 199/1458/2416 200/1459/2418 1231/1332/2419
f 1231/1332/2419 1246/1347/2417 199/1458/2416
f 200/1459/2418 235/1460/2420 1216/1317/2421
f 1216/1317/2421 1231/1332/2419 200/1459/2418
f 1200/1301/2422 1216/1317/2421 235/1460/2420
f 235/1460/2420 234/1461/2423 1200/1301/2422
f 1200/1301/2422 234/1461/2423 233/1462/2424
f 233/1462/2424 1185/1286/2425 1200/1301/2422
f 1185/1286/2425 233/1462/2424 232/1463/2426
f 232/1463/2426 1170/1271/2426 1185/1286/2425
s 1147
f 1170/1271/2427 232/1463/2428 231/1464/2428
f 231/1464/2428 1155/1256/2427 1170/1271/2427
s 1148
f 1155/1256/2429 231/1464/2429 230/1465/2429
f 230/1465/2429 1125/1226/2429 1155/1256/2429
s 1149
f 1125/1226/2430 230/1465/2430 227/1451/2431
f 227/1451/2431 1126/1227/2430 1125/1226/2430
s 1150
f 1350/2/2432 1351/1/2432 1352/4/2432
f 1352/4/2432 1353/3/2432 1350/2/2432
s 1151
f 1352/4/2433 1354/6/2433 1355/5/2433
f 1355/5/2433 1353/3/2433 1352/4/2433
s 1152
f 1356/7/2434 1355/5/2434 1354/6/2434
f 1354/6/2434 1357/8/2435 1356/7/2434
s 1153
f 1356/7/2436 1357/8/2436 1358/10/2436
f 1358/10/2436 1359/9/2436 1356/7/2436
s 1154
f 1360/12/2437 1361/11/2437 1359/9/2437
f 1359/9/2437 1358/10/2437 1360/12/2437
s 1155
f 1362/13/2438 1361/11/2438 1360/12/2438
f 1360/12/2438 1363/14/2438 1362/13/2438
s 1156
f 1362/13/2439 1363/14/2439 1364/16/2439
f 1364/16/2439 1365/15/2440 1362/13/2439
s 1157
f 1352/4/2441 1351/1/2442 1366/17/2443
f 1366/17/2443 1367/18/2442 1352/4/2441
s 1158
f 1352/4/2444 1367/18/2444 1368/19/2444
f 1368/19/2444 1354/6/2444 1352/4/2444
s 1159
f 1368/19/2445 1369/20/2446 1357/8/2445
f 1357/8/2445 1354/6/2445 1368/19/2445
s 1160
f 1370/21/2447 1358/10/2448 1357/8/2447
f 1357/8/2447 1369/20/2447 1370/21/2447
s 1161
f 1371/22/2449 1360/12/2450 1358/10/2450
f 1358/10/2450 1370/21/2450 1371/22/2449
s 1162
f 1372/23/2451 1363/14/2451 1360/12/2451
f 1360/12/2451 1371/22/2451 1372/23/2451
s 1163
f 1363/14/2452 1372/23/2452 1373/24/2452
f 1373/24/2452 1364/16/2453 1363/14/2452
s 1164
f 1374/25/2454 1367/18/2455 1366/17/2456
f 1366/17/2456 1375/26/2455 1374/25/2454
s 1165
f 1376/27/2457 1368/19/2457 1367/18/2457
f 1367/18/2457 1374/25/2457 1376/27/2457
s 1166
f 1376/27/2458 1377/28/2458 1369/20/2459
f 1369/20/2459 1368/19/2459 1376/27/2458
s 1167
f 1377/28/2460 1378/29/2461 1370/21/2461
f 1370/21/2461 1369/20/2461 1377/28/2460
s 1168
f 1371/22/2462 1370/21/2462 1378/29/2462
f 1378/29/2462 1379/30/2462 1371/22/2462
s 1169
f 1371/22/2463 1379/30/2463 1380/31/2463
f 1380/31/2463 1372/23/2463 1371/22/2463
s 1170
f 1381/32/2464 1373/24/2464 1372/23/2464
f 1372/23/2464 1380/31/2465 1381/32/2464
s 1171
f 1375/26/2466 1382/33/2466 1383/34/2466
f 1383/34/2466 1374/25/2466 1375/26/2466
s 1172
f 1384/35/2467 1376/27/2468 1374/25/2468
f 1374/25/2468 1383/34/2468 1384/35/2467
s 1173
f 1377/28/2469 1376/27/2470 1384/35/2470
f 1384/35/2470 1385/36/2470 1377/28/2469
s 1174
f 1377/28/2471 1385/36/2471 1386/37/2471
f 1386/37/2471 1378/29/2471 1377/28/2471
s 1175
f 1386/37/2472 1387/38/2472 1379/30/2472
f 1379/30/2472 1378/29/2472 1386/37/2472
s 1176
f 1380/31/2473 1379/30/2474 1387/38/2475
f 1387/38/2475 1388/39/2475 1380/31/2473
s 1177
f 1380/31/2476 1388/39/2476 1389/40/2476
f 1389/40/2476 1381/32/2476 1380/31/2476
s 1178
f 1383/34/2477 1382/33/2477 1390/41/2477
f 1390/41/2477 1391/42/2477 1383/34/2477
s 1179
f 1383/34/2478 1391/42/2479 1392/43/2479
f 1392/43/2479 1384/35/2479 1383/34/2478
s 1180
f 1393/44/2480 1385/36/2481 1384/35/2481
f 1384/35/2481 1392/43/2481 1393/44/2480
s 1181
f 1386/37/2482 1385/36/2483 1393/44/2482
f 1393/44/2482 1394/45/2484 1386/37/2482
s 1182
f 1386/37/2485 1394/45/2486 1395/46/2485
f 1395/46/2485 1387/38/2486 1386/37/2485
s 1183
f 1390/41/2487 1396/48/2488 1397/47/2489
f 1397/47/2489 1391/42/2487 1390/41/2487
s 1184
f 1391/42/2490 1397/47/2491 1398/49/2491
f 1398/49/2491 1392/43/2491 1391/42/2490
s 1185
f 1399/50/2492 1393/44/2492 1392/43/2492
f 1392/43/2492 1398/49/2492 1399/50/2492
s 1186
f 1400/51/2493 1394/45/2494 1393/44/2494
f 1393/44/2494 1399/50/2494 1400/51/2493
s 1187
f 1401/52/2495 1395/46/2496 1394/45/2496
f 1394/45/2496 1400/51/2496 1401/52/2495
s 1188
f 1402/54/2497 1403/53/2497 1404/56/2497
f 1404/56/2497 1405/55/2497 1402/54/2497
s 1189
f 1406/58/2498 1407/57/2498 1402/54/2498
f 1402/54/2498 1405/55/2499 1406/58/2498
s 1190
f 1407/57/2500 1406/58/2500 1408/59/2500
f 1408/59/2500 1409/60/2500 1407/57/2500
s 1191
f 1410/61/2501 1405/55/2501 1404/56/2501
f 1404/56/2501 1411/62/2501 1410/61/2501
s 1192
f 1405/55/2502 1410/61/2502 1412/63/2503
f 1412/63/2503 1406/58/2503 1405/55/2502
s 1193
f 1412/63/2504 1413/64/2504 1408/59/2504
f 1408/59/2504 1406/58/2504 1412/63/2504
s 1194
f 1414/65/2505 1408/59/2505 1413/64/2505
f 1413/64/2505 1415/66/2505 1414/65/2505
s 1195
f 1416/67/2506 1410/61/2506 1411/62/2506
f 1411/62/2506 1417/68/2506 1416/67/2506
s 1196
f 1412/63/2507 1410/61/2507 1416/67/2507
f 1416/67/2507 1418/69/2508 1412/63/2507
s 1197
f 1412/63/2509 1418/69/2509 1419/70/2510
f 1419/70/2510 1413/64/2509 1412/63/2509
s 1198
f 1420/71/2511 1415/66/2511 1413/64/2511
f 1413/64/2511 1419/70/2511 1420/71/2511
s 1199
f 1417/68/2512 1421/73/2512 1422/72/2512
f 1422/72/2512 1416/67/2512 1417/68/2512
s 1200
f 1422/72/2513 1423/74/2513 1418/69/2513
f 1418/69/2513 1416/67/2513 1422/72/2513
s 1201
f 1418/69/2514 1423/74/2515 1424/75/2514
f 1424/75/2514 1419/70/2514 1418/69/2514
s 1202
f 1425/76/2516 1420/71/2516 1419/70/2517
f 1419/70/2517 1424/75/2516 1425/76/2516
s 1203
f 1426/77/2518 1422/72/2518 1421/73/2518
f 1421/73/2518 1427/78/2518 1426/77/2518
s 1204
f 1426/77/2519 1428/79/2519 1423/74/2519
f 1423/74/2519 1422/72/2520 1426/77/2519
s 1205
f 1429/80/2521 1424/75/2521 1423/74/2521
f 1423/74/2521 1428/79/2522 1429/80/2521
s 1206
f 1430/81/2523 1425/76/2523 1424/75/2523
f 1424/75/2523 1429/80/2523 1430/81/2523
s 1207
f 1431/83/2524 1432/82/2524 1426/77/2524
f 1426/77/2524 1427/78/2524 1431/83/2524
s 1208
f 1428/79/2525 1426/77/2525 1432/82/2525
f 1432/82/2525 1433/84/2525 1428/79/2525
s 1209
f 1428/79/2526 1433/84/2526 1434/85/2526
f 1434/85/2526 1429/80/2526 1428/79/2526
s 1210
f 1435/86/2527 1430/81/2527 1429/80/2528
f 1429/80/2528 1434/85/2528 1435/86/2527
s 1211
f 1436/89/2529 1437/88/2529 1438/87/2530
f 1438/87/2530 1439/90/2529 1436/89/2529
s 1212
f 1436/89/2531 1439/90/2531 1440/92/2531
f 1440/92/2531 1441/91/2531 1436/89/2531
s 1213
f 1442/94/2532 1443/93/2532 1441/91/2532
f 1441/91/2532 1440/92/2532 1442/94/2532
s 1214
f 1444/95/2533 1443/93/2533 1442/94/2533
f 1442/94/2533 1445/96/2533 1444/95/2533
s 1215
f 1444/95/2534 1445/96/2534 1446/98/2534
f 1446/98/2534 1447/97/2534 1444/95/2534
s 1216
f 1446/98/2535 1448/100/2536 1449/99/2535
f 1449/99/2535 1447/97/2535 1446/98/2535
s 1217
f 1449/99/2537 1448/100/2537 1450/102/2537
f 1450/102/2537 1451/101/2537 1449/99/2537
s 1218
f 1452/103/2538 1439/90/2538 1438/87/2539
f 1438/87/2539 1453/104/2539 1452/103/2538
s 1219
f 1454/105/2540 1440/92/2541 1439/90/2540
f 1439/90/2540 1452/103/2542 1454/105/2540
s 1220
f 1455/106/2543 1442/94/2543 1440/92/2544
f 1440/92/2544 1454/105/2544 1455/106/2543
s 1221
f 1456/107/2545 1445/96/2545 1442/94/2545
f 1442/94/2545 1455/106/2545 1456/107/2545
s 1222
f 1457/108/2546 1446/98/2546 1445/96/2546
f 1445/96/2546 1456/107/2546 1457/108/2546
s 1223
f 1457/108/2547 1458/109/2547 1448/100/2547
f 1448/100/2547 1446/98/2547 1457/108/2547
s 1224
f 1458/109/2548 1459/110/2549 1450/102/2549
f 1450/102/2549 1448/100/2548 1458/109/2548
s 1225
f 1453/104/2550 1460/111/2550 1461/112/2550
f 1461/112/2550 1452/103/2550 1453/104/2550
s 1226
f 1462/113/2551 1454/105/2552 1452/103/2553
f 1452/103/2553 1461/112/2553 1462/113/2551
s 1227
f 1455/106/2554 1454/105/2554 1462/113/2554
f 1462/113/2554 1463/114/2554 1455/106/2554
s 1228
f 1455/106/2555 1463/114/2555 1464/115/2555
f 1464/115/2555 1456/107/2555 1455/106/2555
s 1229
f 1465/116/2556 1457/108/2556 1456/107/2557
f 1456/107/2557 1464/115/2557 1465/116/2556
s 1230
f 1458/109/2558 1457/108/2558 1465/116/2558
f 1465/116/2558 1466/117/2558 1458/109/2558
s 1231
f 1458/109/2559 1466/117/2560 1467/118/2560
f 1467/118/2560 1459/110/2560 1458/109/2559
s 1232
f 1461/112/2561 1460/111/2561 1468/119/2562
f 1468/119/2562 1469/120/2562 1461/112/2561
s 1233
f 1461/112/2563 1469/120/2563 1470/121/2563
f 1470/121/2563 1462/113/2563 1461/112/2563
s 1234
f 1471/122/2564 1463/114/2565 1462/113/2565
f 1462/113/2565 1470/121/2565 1471/122/2564
s 1235
f 1464/115/2566 1463/114/2567 1471/122/2566
f 1471/122/2566 1472/123/2567 1464/115/2566
s 1236
f 1464/115/2568 1472/123/2569 1473/124/2568
f 1473/124/2568 1465/116/2568 1464/115/2568
s 1237
f 1474/125/2570 1466/117/2570 1465/116/2570
f 1465/116/2570 1473/124/2570 1474/125/2570
s 1238
f 1467/118/2571 1466/117/2572 1474/125/2572
f 1474/125/2572 1475/126/2572 1467/118/2571
s 1239
f 1474/125/2573 1473/124/2573 1476/128/2573
f 1476/128/2573 1477/127/2573 1474/125/2573
s 1240
f 1475/126/2574 1474/125/2574 1477/127/2574
f 1477/127/2574 1478/129/2574 1475/126/2574
s 1241
f 1479/131/2575 1480/130/2575 1481/133/2576
f 1481/133/2576 1482/132/2575 1479/131/2575
s 1242
f 1483/135/2577 1484/134/2578 1482/132/2578
f 1482/132/2578 1481/133/2578 1483/135/2577
s 1243
f 1485/136/2579 1484/134/2579 1483/135/2579
f 1483/135/2579 1486/137/2580 1485/136/2579
s 1244
f 1485/136/2581 1486/137/2581 1487/139/2581
f 1487/139/2581 1488/138/2581 1485/136/2581
s 1245
f 1489/141/2582 1490/140/2582 1488/138/2583
f 1488/138/2583 1487/139/2582 1489/141/2582
s 1183
f 1491/142/2584 1490/140/2585 1489/141/2586
f 1489/141/2586 1492/143/2587 1491/142/2584
f 1491/142/2584 1492/143/2587 1493/145/2588
f 1493/145/2588 1494/144/2589 1491/142/2584
s 1246
f 1481/133/2590 1480/130/2590 1495/146/2590
f 1495/146/2590 1496/147/2590 1481/133/2590
s 1247
f 1481/133/2591 1496/147/2591 1497/148/2591
f 1497/148/2591 1483/135/2591 1481/133/2591
s 1248
f 1498/149/2592 1486/137/2592 1483/135/2592
f 1483/135/2592 1497/148/2592 1498/149/2592
s 1249
f 1487/139/2593 1486/137/2594 1498/149/2595
f 1498/149/2595 1499/150/2594 1487/139/2593
s 1250
f 1500/151/2596 1489/141/2597 1487/139/2598
f 1487/139/2598 1499/150/2597 1500/151/2596
s 1251
f 1501/152/2599 1492/143/2600 1489/141/2601
f 1489/141/2601 1500/151/2599 1501/152/2599
s 1252
f 1493/145/2602 1492/143/2603 1501/152/2604
f 1501/152/2604 1502/153/2605 1493/145/2602
s 1253
f 1503/155/2606 1504/154/2606 1496/147/2607
f 1496/147/2607 1495/146/2607 1503/155/2606
s 1254
f 1497/148/2608 1496/147/2608 1504/154/2608
f 1504/154/2608 1505/156/2608 1497/148/2608
s 1255
f 1497/148/2609 1505/156/2609 1506/157/2609
f 1506/157/2609 1498/149/2609 1497/148/2609
s 1256
f 1507/158/2610 1499/150/2611 1498/149/2612
f 1498/149/2612 1506/157/2612 1507/158/2610
s 1257
f 1500/151/2613 1499/150/2614 1507/158/2614
f 1507/158/2614 1508/159/2614 1500/151/2613
s 1258
f 1500/151/2615 1508/159/2615 1509/160/2616
f 1509/160/2616 1501/152/2615 1500/151/2615
s 1259
f 1510/161/2617 1502/153/2618 1501/152/2619
f 1501/152/2619 1509/160/2620 1510/161/2617
s 1260
f 1503/155/2621 1511/163/2621 1512/162/2621
f 1512/162/2621 1504/154/2621 1503/155/2621
s 1261
f 1512/162/2622 1513/164/2622 1505/156/2622
f 1505/156/2622 1504/154/2622 1512/162/2622
s 1262
f 1506/157/2623 1505/156/2623 1513/164/2624
f 1513/164/2624 1514/165/2624 1506/157/2623
s 1263
f 1506/157/2625 1514/165/2625 1515/166/2625
f 1515/166/2625 1507/158/2625 1506/157/2625
s 1264
f 1516/167/2626 1508/159/2626 1507/158/2626
f 1507/158/2626 1515/166/2626 1516/167/2626
s 1265
f 1509/160/2627 1508/159/2627 1516/167/2628
f 1516/167/2628 1517/168/2627 1509/160/2627
s 1266
f 1518/169/2629 1510/161/2630 1509/160/2631
f 1509/160/2631 1517/168/2630 1518/169/2629
s 1267
f 1512/162/2632 1511/163/2632 1519/171/2632
f 1519/171/2632 1520/170/2632 1512/162/2632
s 1268
f 1512/162/2633 1520/170/2633 1521/172/2633
f 1521/172/2633 1513/164/2633 1512/162/2633
s 1269
f 1521/172/2634 1522/173/2635 1514/165/2634
f 1514/165/2634 1513/164/2635 1521/172/2634
s 1270
f 1515/166/2636 1514/165/2636 1522/173/2637
f 1522/173/2637 1523/174/2636 1515/166/2636
s 1271
f 1515/166/2638 1523/174/2639 1524/175/2639
f 1524/175/2639 1516/167/2638 1515/166/2638
s 1272
f 1525/176/2640 1517/168/2641 1516/167/2641
f 1516/167/2641 1524/175/2641 1525/176/2640
s 1273
f 1518/169/2642 1517/168/2643 1525/176/2644
f 1525/176/2644 1526/177/2643 1518/169/2642
s 1274
f 1527/179/2645 1520/170/2646 1519/171/2647
f 1519/171/2647 1528/178/2645 1527/179/2645
s 1275
f 1521/172/2648 1520/170/2648 1527/179/2648
f 1527/179/2648 1529/180/2648 1521/172/2648
s 1276
f 1521/172/2649 1529/180/2649 1530/181/2650
f 1530/181/2650 1522/173/2650 1521/172/2649
s 1277
f 1530/181/2651 1531/182/2651 1523/174/2651
f 1523/174/2651 1522/173/2651 1530/181/2651
s 1278
f 1524/175/2652 1523/174/2652 1531/182/2652
f 1531/182/2652 1532/183/2652 1524/175/2652
s 1279
f 1431/83/2653 1365/15/2653 1364/16/2654
f 1364/16/2654 1432/82/2653 1431/83/2653
s 1280
f 1373/24/2655 1433/84/2655 1432/82/2655
f 1432/82/2655 1364/16/2655 1373/24/2655
s 1281
f 1381/32/2656 1434/85/2656 1433/84/2656
f 1433/84/2656 1373/24/2657 1381/32/2656
s 1282
f 1435/86/2658 1434/85/2658 1381/32/2658
f 1381/32/2658 1389/40/2658 1435/86/2658
s 1283
f 1450/102/2659 1527/179/2659 1528/178/2660
f 1528/178/2660 1451/101/2659 1450/102/2659
s 1284
f 1459/110/2661 1529/180/2661 1527/179/2662
f 1527/179/2662 1450/102/2662 1459/110/2661
s 1285
f 1459/110/2663 1467/118/2663 1530/181/2663
f 1530/181/2663 1529/180/2663 1459/110/2663
s 1286
f 1530/181/2664 1467/118/2664 1475/126/2664
f 1475/126/2664 1531/182/2664 1530/181/2664
s 1287
f 1478/129/2665 1532/183/2665 1531/182/2665
f 1531/182/2665 1475/126/2665 1478/129/2665
s 1183
f 1493/145/2588 1397/47/2489 1396/48/2488
f 1396/48/2488 1494/144/2589 1493/145/2588
s 1252
f 1502/153/2605 1398/49/2666 1397/47/2666
f 1397/47/2666 1493/145/2602 1502/153/2605
s 1259
f 1399/50/2667 1398/49/2667 1502/153/2618
f 1502/153/2618 1510/161/2617 1399/50/2667
s 1288
f 1518/169/2668 1400/51/2669 1399/50/2669
f 1399/50/2669 1510/161/2668 1518/169/2668
s 1289
f 1526/177/2670 1401/52/2671 1400/51/2672
f 1400/51/2672 1518/169/2670 1526/177/2670
s 1290
f 1350/2/2673 1533/186/2673 1534/185/2674
f 1534/185/2674 1535/184/2673 1350/2/2673
s 1291
f 1353/3/2675 1536/187/2675 1533/186/2675
f 1533/186/2675 1350/2/2675 1353/3/2675
s 1292
f 1537/188/2676 1536/187/2677 1353/3/2677
f 1353/3/2677 1355/5/2677 1537/188/2676
s 1293
f 1537/188/2678 1355/5/2678 1356/7/2678
f 1356/7/2678 1538/189/2678 1537/188/2678
s 1294
f 1359/9/2679 1539/190/2679 1538/189/2679
f 1538/189/2679 1356/7/2679 1359/9/2679
s 1295
f 1540/191/2680 1539/190/2681 1359/9/2681
f 1359/9/2681 1361/11/2681 1540/191/2680
s 1296
f 1540/191/2682 1361/11/2682 1362/13/2682
f 1362/13/2682 1541/192/2682 1540/191/2682
s 1297
f 1365/15/2683 1542/193/2683 1541/192/2683
f 1541/192/2683 1362/13/2684 1365/15/2683
s 1298
f 1350/2/2685 1535/184/2686 1543/194/2687
f 1543/194/2687 1351/1/2687 1350/2/2685
s 1299
f 1366/17/2688 1351/1/2688 1543/194/2688
f 1543/194/2688 1544/195/2688 1366/17/2688
s 1300
f 1544/195/2689 1545/196/2689 1375/26/2689
f 1375/26/2689 1366/17/2689 1544/195/2689
s 1301
f 1545/196/2690 1546/197/2691 1382/33/2691
f 1382/33/2691 1375/26/2691 1545/196/2690
s 1302
f 1390/41/2692 1382/33/2693 1546/197/2693
f 1546/197/2693 1547/198/2694 1390/41/2692
f 1547/198/2694 1548/199/2695 1396/48/2696
f 1396/48/2696 1390/41/2692 1547/198/2694
f 1549/200/2697 1494/144/2698 1396/48/2696
f 1396/48/2696 1548/199/2695 1549/200/2697
s 1303
f 1550/201/2699 1551/203/2700 1403/53/2699
f 1403/53/2699 1552/202/2700 1550/201/2699
s 1304
f 1553/204/2701 1552/202/2701 1403/53/2701
f 1403/53/2701 1402/54/2701 1553/204/2701
s 1305
f 1554/205/2702 1553/204/2702 1402/54/2702
f 1402/54/2702 1407/57/2703 1554/205/2702
s 1306
f 1409/60/2704 1555/206/2704 1554/205/2704
f 1554/205/2704 1407/57/2704 1409/60/2704
s 1307
f 1404/56/2705 1403/53/2705 1551/203/2705
f 1551/203/2705 1556/207/2705 1404/56/2705
s 1308
f 1404/56/2706 1556/207/2706 1557/208/2706
f 1557/208/2706 1411/62/2706 1404/56/2706
s 1309
f 1411/62/2707 1557/208/2708 1558/209/2708
f 1558/209/2708 1417/68/2708 1411/62/2707
s 1310
f 1558/209/2709 1559/210/2709 1421/73/2709
f 1421/73/2709 1417/68/2709 1558/209/2709
s 1311
f 1421/73/2710 1559/210/2710 1560/211/2710
f 1560/211/2710 1427/78/2710 1421/73/2710
s 1312
f 1561/212/2711 1431/83/2712 1427/78/2712
f 1427/78/2712 1560/211/2712 1561/212/2711
s 1313
f 1365/15/2713 1431/83/2713 1561/212/2713
f 1561/212/2713 1542/193/2713 1365/15/2713
s 1314
f 1562/215/2714 1563/214/2714 1437/88/2715
f 1437/88/2715 1564/213/2714 1562/215/2714
s 1315
f 1565/216/2716 1564/213/2716 1437/88/2716
f 1437/88/2716 1436/89/2716 1565/216/2716
s 1316
f 1566/217/2717 1565/216/2717 1436/89/2718
f 1436/89/2718 1441/91/2717 1566/217/2717
s 1317
f 1567/218/2719 1566/217/2719 1441/91/2720
f 1441/91/2720 1443/93/2720 1567/218/2719
s 1318
f 1568/219/2721 1567/218/2721 1443/93/2721
f 1443/93/2721 1444/95/2721 1568/219/2721
s 1319
f 1444/95/2722 1447/97/2722 1569/220/2722
f 1569/220/2722 1568/219/2722 1444/95/2722
s 1320
f 1570/221/2723 1569/220/2723 1447/97/2723
f 1447/97/2723 1449/99/2724 1570/221/2723
s 1321
f 1571/222/2725 1570/221/2726 1449/99/2726
f 1449/99/2726 1451/101/2726 1571/222/2725
s 1322
f 1563/214/2727 1572/223/2728 1438/87/2727
f 1438/87/2727 1437/88/2727 1563/214/2727
s 1323
f 1438/87/2729 1572/223/2729 1573/224/2729
f 1573/224/2729 1453/104/2729 1438/87/2729
s 1324
f 1573/224/2730 1574/225/2730 1460/111/2730
f 1460/111/2730 1453/104/2730 1573/224/2730
s 1325
f 1468/119/2731 1460/111/2732 1574/225/2732
f 1574/225/2732 1575/226/2731 1468/119/2731
s 1326
f 1576/228/2733 1479/131/2734 1577/227/2735
f 1577/227/2735 1578/229/2734 1576/228/2733
s 1327
f 1482/132/2736 1579/230/2736 1577/227/2737
f 1577/227/2737 1479/131/2736 1482/132/2736
s 1328
f 1579/230/2738 1482/132/2738 1484/134/2738
f 1484/134/2738 1580/231/2738 1579/230/2738
s 1329
f 1485/136/2739 1581/232/2739 1580/231/2739
f 1580/231/2739 1484/134/2739 1485/136/2739
s 1330
f 1488/138/2740 1582/233/2740 1581/232/2740
f 1581/232/2740 1485/136/2740 1488/138/2740
s 1302
f 1490/140/2741 1583/234/2742 1582/233/2743
f 1582/233/2743 1488/138/2743 1490/140/2741
f 1491/142/2744 1584/235/2745 1583/234/2742
f 1583/234/2742 1490/140/2741 1491/142/2744
f 1494/144/2698 1549/200/2697 1584/235/2745
f 1584/235/2745 1491/142/2744 1494/144/2698
s 1331
f 1576/228/2746 1585/236/2746 1480/130/2747
f 1480/130/2747 1479/131/2747 1576/228/2746
s 1332
f 1585/236/2748 1586/237/2748 1495/146/2748
f 1495/146/2748 1480/130/2748 1585/236/2748
s 1333
f 1495/146/2749 1586/237/2749 1587/238/2749
f 1587/238/2749 1503/155/2749 1495/146/2749
s 1334
f 1587/238/2750 1588/239/2750 1511/163/2750
f 1511/163/2750 1503/155/2750 1587/238/2750
s 1335
f 1588/239/2751 1589/240/2752 1519/171/2751
f 1519/171/2751 1511/163/2751 1588/239/2751
s 1336
f 1519/171/2753 1589/240/2753 1590/241/2753
f 1590/241/2753 1528/178/2753 1519/171/2753
s 1337
f 1571/222/2754 1451/101/2754 1528/178/2754
f 1528/178/2754 1590/241/2754 1571/222/2754
s 1338
f 1591/243/2755 1592/242/2755 1593/245/2755
f 1593/245/2755 1594/244/2755 1591/243/2755
s 1339
f 1595/246/2756 1594/244/2756 1593/245/2756
f 1593/245/2756 1596/247/2756 1595/246/2756
s 1340
f 1597/248/2757 1595/246/2758 1596/247/2759
f 1596/247/2759 1598/249/2760 1597/248/2757
s 1341
f 1593/245/2761 1592/242/2761 1599/251/2761
f 1599/251/2761 1600/250/2761 1593/245/2761
s 1342
f 1601/252/2762 1596/247/2763 1593/245/2762
f 1593/245/2762 1600/250/2763 1601/252/2762
s 1340
f 1596/247/2759 1601/252/2764 1602/253/2764
f 1602/253/2764 1598/249/2760 1596/247/2759
s 1343
f 1603/254/2765 1600/250/2765 1599/251/2765
f 1599/251/2765 1604/255/2765 1603/254/2765
s 1344
f 1600/250/2766 1603/254/2766 1605/256/2766
f 1605/256/2766 1601/252/2766 1600/250/2766
s 1345
f 1602/253/2767 1601/252/2767 1605/256/2768
f 1605/256/2768 1606/257/2769 1602/253/2767
s 1346
f 1604/255/2770 1607/258/2771 1608/259/2771
f 1608/259/2771 1603/254/2770 1604/255/2770
s 1347
f 1605/256/2772 1603/254/2772 1608/259/2773
f 1608/259/2773 1609/260/2774 1605/256/2772
s 1345
f 1610/261/2775 1606/257/2769 1605/256/2768
f 1605/256/2768 1609/260/2775 1610/261/2775
s 1348
f 1608/259/2776 1607/258/2777 1611/263/2778
f 1611/263/2778 1612/262/2779 1608/259/2776
s 1349
f 1613/264/2780 1609/260/2780 1608/259/2780
f 1608/259/2780 1612/262/2780 1613/264/2780
s 1350
f 1609/260/2781 1613/264/2782 1614/265/2783
f 1614/265/2783 1610/261/2781 1609/260/2781
s 1351
f 1612/262/2784 1611/263/2785 1615/267/2786
f 1615/267/2786 1616/266/2784 1612/262/2784
s 1352
f 1612/262/2787 1616/266/2787 1617/268/2787
f 1617/268/2787 1613/264/2788 1612/262/2787
s 1350
f 1614/265/2783 1613/264/2782 1617/268/2789
f 1617/268/2789 1618/269/2789 1614/265/2783
s 1353
f 1615/267/2790 1619/270/2791 1620/271/2791
f 1620/271/2791 1616/266/2791 1615/267/2790
s 1354
f 1617/268/2792 1616/266/2792 1620/271/2793
f 1620/271/2793 1621/272/2793 1617/268/2792
s 1355
f 1622/273/2794 1618/269/2795 1617/268/2795
f 1617/268/2795 1621/272/2796 1622/273/2794
s 1356
f 1620/271/2797 1619/270/2798 1623/275/2797
f 1623/275/2797 1624/274/2797 1620/271/2797
s 1357
f 1624/274/2799 1625/276/2799 1621/272/2799
f 1621/272/2799 1620/271/2799 1624/274/2799
s 1355
f 1621/272/2796 1625/276/2800 1626/277/2800
f 1626/277/2800 1622/273/2794 1621/272/2796
s 1358
f 1627/278/2801 1624/274/2802 1623/275/2802
f 1623/275/2802 1628/279/2801 1627/278/2801
s 1359
f 1624/274/2803 1627/278/2803 1629/280/2803
f 1629/280/2803 1625/276/2803 1624/274/2803
s 1360
f 1626/277/2804 1625/276/2804 1629/280/2804
f 1629/280/2804 1630/281/2804 1626/277/2804
s 1361
f 1628/279/2805 1631/282/2805 1632/283/2806
f 1632/283/2806 1627/278/2805 1628/279/2805
s 1362
f 1629/280/2807 1627/278/2807 1632/283/2808
f 1632/283/2808 1633/284/2807 1629/280/2807
s 1363
f 1630/281/2809 1629/280/2809 1633/284/2809
f 1633/284/2809 1634/285/2809 1630/281/2809
s 1364
f 1632/283/2810 1631/282/2810 1635/287/2810
f 1635/287/2810 1636/286/2810 1632/283/2810
s 1365
f 1637/288/2811 1633/284/2811 1632/283/2811
f 1632/283/2811 1636/286/2811 1637/288/2811
s 1366
f 1633/284/2812 1637/288/2813 1638/289/2814
f 1638/289/2814 1634/285/2815 1633/284/2812
s 1367
f 1639/290/2816 1636/286/2816 1635/287/2817
f 1635/287/2817 1640/291/2817 1639/290/2816
s 1368
f 1636/286/2818 1639/290/2819 1641/292/2818
f 1641/292/2818 1637/288/2818 1636/286/2818
s 1369
f 1638/289/2820 1637/288/2821 1641/292/2821
f 1641/292/2821 1642/293/2820 1638/289/2820
s 1370
f 1640/291/2822 1643/294/2822 1644/295/2822
f 1644/295/2822 1639/290/2822 1640/291/2822
s 1371
f 1641/292/2823 1639/290/2824 1644/295/2825
f 1644/295/2825 1645/296/2825 1641/292/2823
s 1372
f 1646/297/2826 1642/293/2826 1641/292/2827
f 1641/292/2827 1645/296/2826 1646/297/2826
s 1373
f 1644/295/2828 1643/294/2829 1647/299/2828
f 1647/299/2828 1648/298/2828 1644/295/2828
s 1374
f 1649/300/2830 1645/296/2830 1644/295/2830
f 1644/295/2830 1648/298/2830 1649/300/2830
s 1375
f 1645/296/2831 1649/300/2831 1650/301/2832
f 1650/301/2832 1646/297/2833 1645/296/2831
s 1376
f 1651/303/2834 1652/302/2834 1591/243/2834
f 1591/243/2834 1653/304/2834 1651/303/2834
s 1377
f 1594/244/2835 1654/305/2836 1653/304/2835
f 1653/304/2835 1591/243/2835 1594/244/2835
s 1378
f 1654/305/2837 1594/244/2837 1595/246/2837
f 1595/246/2837 1655/306/2837 1654/305/2837
s 1379
f 1656/307/2838 1655/306/2839 1595/246/2838
f 1595/246/2838 1597/248/2838 1656/307/2838
s 1380
f 1555/308/2840 1650/301/2841 1649/300/2840
f 1649/300/2840 1554/309/2840 1555/308/2840
s 1381
f 1648/298/2842 1553/310/2842 1554/309/2842
f 1554/309/2842 1649/300/2842 1648/298/2842
s 1382
f 1648/298/2843 1647/299/2843 1552/311/2843
f 1552/311/2843 1553/310/2843 1648/298/2843
s 1383
f 1657/313/2844 1550/312/2844 1552/311/2844
f 1552/311/2844 1647/299/2844 1657/313/2844
s 1384
f 1643/294/2845 1658/314/2846 1657/313/2847
f 1657/313/2847 1647/299/2846 1643/294/2845
s 1385
f 1659/315/2848 1658/314/2848 1643/294/2848
f 1643/294/2848 1640/291/2848 1659/315/2848
s 1386
f 1640/291/2849 1635/287/2849 1660/316/2849
f 1660/316/2849 1659/315/2849 1640/291/2849
s 1387
f 1635/287/2850 1631/282/2850 1661/317/2851
f 1661/317/2851 1660/316/2851 1635/287/2850
s 1388
f 1662/318/2852 1661/317/2852 1631/282/2852
f 1631/282/2852 1628/279/2852 1662/318/2852
s 1389
f 1623/275/2853 1663/319/2854 1662/318/2855
f 1662/318/2855 1628/279/2856 1623/275/2853
s 1390
f 1619/270/2857 1664/320/2857 1663/319/2857
f 1663/319/2857 1623/275/2858 1619/270/2857
s 1391
f 1619/270/2859 1615/267/2859 1665/321/2859
f 1665/321/2859 1664/320/2860 1619/270/2859
s 1392
f 1665/321/2861 1615/267/2861 1611/263/2862
f 1611/263/2862 1666/322/2861 1665/321/2861
s 1393
f 1607/258/2863 1667/323/2864 1666/322/2865
f 1666/322/2865 1611/263/2866 1607/258/2863
s 1394
f 1668/324/2867 1667/323/2868 1607/258/2869
f 1607/258/2869 1604/255/2870 1668/324/2867
s 1395
f 1604/255/2871 1599/251/2871 1669/325/2871
f 1669/325/2871 1668/324/2871 1604/255/2871
s 1396
f 1599/251/2872 1592/242/2873 1670/326/2872
f 1670/326/2872 1669/325/2872 1599/251/2872
s 1397
f 1652/302/2874 1670/326/2875 1592/242/2874
f 1592/242/2874 1591/243/2874 1652/302/2874
s 1398
f 1671/328/2876 1672/327/2876 1673/330/2877
f 1673/330/2877 1674/329/2877 1671/328/2876
s 1399
f 1675/332/2878 1676/331/2878 1674/329/2878
f 1674/329/2878 1673/330/2878 1675/332/2878
s 1400
f 1677/334/2879 1678/333/2880 1676/331/2880
f 1676/331/2880 1675/332/2879 1677/334/2879
s 1401
f 1678/333/2881 1677/334/2881 1679/336/2881
f 1679/336/2881 1680/335/2881 1678/333/2881
s 1402
f 1673/330/2882 1672/327/2882 1681/338/2882
f 1681/338/2882 1682/337/2882 1673/330/2882
s 1403
f 1683/339/2883 1675/332/2884 1673/330/2883
f 1673/330/2883 1682/337/2884 1683/339/2883
s 1404
f 1684/340/2885 1677/334/2885 1675/332/2886
f 1675/332/2886 1683/339/2885 1684/340/2885
s 1405
f 1679/336/2887 1677/334/2887 1684/340/2888
f 1684/340/2888 1685/341/2887 1679/336/2887
s 1406
f 1686/342/2889 1682/337/2889 1681/338/2889
f 1681/338/2889 1687/343/2889 1686/342/2889
s 1407
f 1688/344/2890 1683/339/2890 1682/337/2890
f 1682/337/2890 1686/342/2890 1688/344/2890
s 1408
f 1683/339/2891 1688/344/2891 1689/345/2892
f 1689/345/2892 1684/340/2893 1683/339/2891
f 1689/345/2892 1690/346/2894 1685/341/2895
f 1685/341/2895 1684/340/2893 1689/345/2892
s 1409
f 1687/343/2896 1691/348/2897 1692/347/2897
f 1692/347/2897 1686/342/2896 1687/343/2896
s 1410
f 1693/349/2898 1688/344/2898 1686/342/2898
f 1686/342/2898 1692/347/2898 1693/349/2898
s 1411
f 1689/345/2899 1688/344/2900 1693/349/2901
f 1693/349/2901 1694/350/2902 1689/345/2899
f 1689/345/2899 1694/350/2902 1695/351/2903
f 1695/351/2903 1690/346/2904 1689/345/2899
s 1412
f 1696/352/2905 1692/347/2906 1691/348/2905
f 1691/348/2905 1697/353/2905 1696/352/2905
s 1413
f 1692/347/2907 1696/352/2908 1698/354/2907
f 1698/354/2907 1693/349/2907 1692/347/2907
s 1414
f 1698/354/2909 1699/355/2909 1694/350/2909
f 1694/350/2909 1693/349/2909 1698/354/2909
s 1415
f 1695/351/2910 1694/350/2911 1699/355/2912
f 1699/355/2912 1700/356/2912 1695/351/2910
s 1416
f 1701/357/2913 1696/352/2913 1697/353/2913
f 1697/353/2913 1702/358/2914 1701/357/2913
s 1417
f 1698/354/2915 1696/352/2916 1701/357/2916
f 1701/357/2916 1703/359/2916 1698/354/2915
s 1418
f 1698/354/2917 1703/359/2917 1704/360/2917
f 1704/360/2917 1699/355/2917 1698/354/2917
s 1419
f 1705/361/2918 1700/356/2919 1699/355/2920
f 1699/355/2920 1704/360/2920 1705/361/2918
s 1420
f 1702/358/2921 1706/363/2921 1707/362/2921
f 1707/362/2921 1701/357/2922 1702/358/2921
s 1421
f 1707/362/2923 1708/364/2923 1703/359/2924
f 1703/359/2924 1701/357/2924 1707/362/2923
s 1422
f 1704/360/2925 1703/359/2926 1708/364/2926
f 1708/364/2926 1709/365/2926 1704/360/2925
s 1423
f 1704/360/2927 1709/365/2927 1710/366/2927
f 1710/366/2927 1705/361/2927 1704/360/2927
s 1424
f 1707/362/2928 1706/363/2929 1711/368/2930
f 1711/368/2930 1712/367/2930 1707/362/2928
s 1425
f 1707/362/2931 1712/367/2931 1713/369/2931
f 1713/369/2931 1708/364/2932 1707/362/2931
s 1426
f 1714/370/2933 1709/365/2934 1708/364/2935
f 1708/364/2935 1713/369/2934 1714/370/2933
s 1427
f 1715/371/2936 1710/366/2936 1709/365/2936
f 1709/365/2936 1714/370/2937 1715/371/2936
s 1428
f 1716/373/2938 1717/372/2938 1712/367/2939
f 1712/367/2939 1711/368/2939 1716/373/2938
s 1429
f 1713/369/2940 1712/367/2941 1717/372/2940
f 1717/372/2940 1718/374/2942 1713/369/2940
s 1430
f 1719/375/2943 1714/370/2944 1713/369/2944
f 1713/369/2944 1718/374/2945 1719/375/2943
s 1431
f 1720/376/2946 1715/371/2947 1714/370/2946
f 1714/370/2946 1719/375/2948 1720/376/2946
s 1432
f 1716/373/2949 1721/378/2950 1722/377/2951
f 1722/377/2951 1717/372/2951 1716/373/2949
s 1433
f 1723/379/2952 1718/374/2952 1717/372/2953
f 1717/372/2953 1722/377/2952 1723/379/2952
s 1434
f 1724/380/2954 1719/375/2955 1718/374/2955
f 1718/374/2955 1723/379/2955 1724/380/2954
s 1435
f 1719/375/2956 1724/380/2957 1725/381/2957
f 1725/381/2957 1720/376/2957 1719/375/2956
s 1436
f 1722/377/2958 1721/378/2958 1726/383/2958
f 1726/383/2958 1727/382/2959 1722/377/2958
s 1437
f 1722/377/2960 1727/382/2960 1728/384/2960
f 1728/384/2960 1723/379/2960 1722/377/2960
s 1438
f 1729/385/2961 1724/380/2961 1723/379/2961
f 1723/379/2961 1728/384/2961 1729/385/2961
s 1439
f 1725/381/2962 1724/380/2963 1729/385/2963
f 1729/385/2963 1730/386/2963 1725/381/2962
s 1440
f 1731/387/2964 1727/382/2964 1726/383/2964
f 1726/383/2964 1732/388/2964 1731/387/2964
s 1441
f 1733/389/2965 1728/384/2966 1727/382/2966
f 1727/382/2966 1731/387/2966 1733/389/2965
s 1442
f 1728/384/2967 1733/389/2967 1734/390/2967
f 1734/390/2967 1729/385/2968 1728/384/2967
s 1443
f 1734/390/2969 1735/391/2970 1730/386/2971
f 1730/386/2971 1729/385/2971 1734/390/2969
s 1444
f 1736/392/2972 1731/387/2972 1732/388/2972
f 1732/388/2972 1737/393/2972 1736/392/2972
s 1445
f 1738/394/2973 1733/389/2973 1731/387/2973
f 1731/387/2973 1736/392/2973 1738/394/2973
s 1446
f 1734/390/2974 1733/389/2975 1738/394/2975
f 1738/394/2975 1739/395/2975 1734/390/2974
s 1443
f 1734/390/2969 1739/395/2976 1740/396/2976
f 1740/396/2976 1735/391/2970 1734/390/2969
s 1447
f 1741/397/2977 1736/392/2977 1737/393/2978
f 1737/393/2978 1742/398/2977 1741/397/2977
s 1448
f 1736/392/2979 1741/397/2980 1743/399/2980
f 1743/399/2980 1738/394/2980 1736/392/2979
s 1449
f 1743/399/2981 1744/400/2982 1739/395/2981
f 1739/395/2981 1738/394/2981 1743/399/2981
s 1450
f 1740/396/2983 1739/395/2983 1744/400/2984
f 1744/400/2984 1745/401/2984 1740/396/2983
s 1451
f 1671/328/2985 1563/214/2985 1562/215/2985
f 1562/215/2985 1746/402/2985 1671/328/2985
s 1452
f 1563/214/2986 1671/328/2986 1674/329/2986
f 1674/329/2986 1572/223/2986 1563/214/2986
s 1453
f 1573/224/2987 1572/223/2987 1674/329/2987
f 1674/329/2987 1676/331/2987 1573/224/2987
s 1454
f 1574/225/2988 1573/224/2989 1676/331/2988
f 1676/331/2988 1678/333/2989 1574/225/2988
s 1455
f 1575/226/2990 1574/225/2990 1678/333/2990
f 1678/333/2990 1680/335/2990 1575/226/2990
s 1456
f 1744/400/2991 1743/399/2992 1747/404/2992
f 1747/404/2992 1748/403/2992 1744/400/2991
s 1457
f 1747/404/2993 1743/399/2993 1741/397/2993
f 1741/397/2993 1749/405/2993 1747/404/2993
s 1458
f 1741/397/2994 1742/398/2994 1750/406/2994
f 1750/406/2994 1749/405/2994 1741/397/2994
s 1459
f 1751/408/2995 1752/407/2995 1750/406/2995
f 1750/406/2995 1742/398/2995 1751/408/2995
s 1460
f 1737/393/2996 1753/409/2996 1751/408/2996
f 1751/408/2996 1742/398/2996 1737/393/2996
s 1461
f 1754/410/2997 1753/409/2997 1737/393/2997
f 1737/393/2997 1732/388/2997 1754/410/2997
s 1462
f 1726/383/2998 1755/411/2999 1754/410/2999
f 1754/410/2999 1732/388/2998 1726/383/2998
s 1463
f 1756/412/3000 1755/411/3001 1726/383/3002
f 1726/383/3002 1721/378/3003 1756/412/3000
s 1464
f 1756/412/3004 1721/378/3005 1716/373/3006
f 1716/373/3006 1757/413/3007 1756/412/3004
s 1465
f 1758/414/3008 1757/413/3009 1716/373/3009
f 1716/373/3009 1711/368/3008 1758/414/3008
s 1466
f 1711/368/3010 1706/363/3011 1759/415/3010
f 1759/415/3010 1758/414/3010 1711/368/3010
s 1467
f 1706/363/3012 1702/358/3013 1760/416/3014
f 1760/416/3014 1759/415/3014 1706/363/3012
s 1468
f 1761/417/3015 1760/416/3015 1702/358/3016
f 1702/358/3016 1697/353/3015 1761/417/3015
s 1469
f 1691/348/3017 1762/418/3018 1761/417/3019
f 1761/417/3019 1697/353/3017 1691/348/3017
s 1470
f 1763/419/3020 1762/418/3020 1691/348/3020
f 1691/348/3020 1687/343/3020 1763/419/3020
s 1471
f 1681/338/3021 1764/420/3021 1763/419/3021
f 1763/419/3021 1687/343/3021 1681/338/3021
s 1472
f 1765/421/3022 1764/420/3022 1681/338/3022
f 1681/338/3022 1672/327/3022 1765/421/3022
s 1473
f 1746/402/3023 1765/421/3024 1672/327/3023
f 1672/327/3023 1671/328/3025 1746/402/3023
s 1474
f 1766/424/3026 1767/423/3026 1768/422/3026
f 1768/422/3026 1769/425/3026 1766/424/3026
s 1475
f 1770/427/3027 1771/426/3027 1768/422/3028
f 1768/422/3028 1767/423/3028 1770/427/3027
s 1476
f 1772/429/3029 1773/428/3029 1771/426/3029
f 1771/426/3029 1770/427/3029 1772/429/3029
s 1477
f 1774/430/3030 1773/428/3030 1772/429/3030
f 1772/429/3030 1775/431/3030 1774/430/3030
s 1478
f 1776/433/3031 1777/432/3031 1774/430/3032
f 1774/430/3032 1775/431/3031 1776/433/3031
s 1479
f 1778/435/3033 1779/434/3034 1777/432/3035
f 1777/432/3035 1776/433/3036 1778/435/3033
s 1480
f 1779/434/3037 1778/435/3038 1780/437/3039
f 1780/437/3039 1781/436/3040 1779/434/3037
s 1481
f 1782/438/3041 1781/436/3042 1780/437/3042
f 1780/437/3042 1783/439/3042 1782/438/3041
s 1482
f 1784/440/3043 1782/438/3044 1783/439/3044
f 1783/439/3044 1785/441/3045 1784/440/3043
s 1483
f 1786/443/3046 1787/442/3046 1784/440/3046
f 1784/440/3046 1785/441/3046 1786/443/3046
s 1484
f 1788/444/3047 1787/442/3047 1786/443/3047
f 1786/443/3047 1789/445/3047 1788/444/3047
s 1485
f 1790/446/3048 1788/444/3048 1789/445/3048
f 1789/445/3048 1791/447/3048 1790/446/3048
s 1486
f 1792/449/3049 1793/448/3049 1790/446/3049
f 1790/446/3049 1791/447/3049 1792/449/3049
s 1487
f 1794/450/3050 1793/448/3050 1792/449/3051
f 1792/449/3051 1795/451/3050 1794/450/3050
s 1488
f 1766/424/3052 1796/453/3052 1797/452/3052
f 1797/452/3052 1767/423/3052 1766/424/3052
s 1489
f 1770/427/3053 1767/423/3053 1797/452/3054
f 1797/452/3054 1798/454/3054 1770/427/3053
s 1490
f 1772/429/3055 1770/427/3055 1798/454/3056
f 1798/454/3056 1799/455/3055 1772/429/3055
s 1491
f 1799/455/3057 1800/456/3057 1775/431/3058
f 1775/431/3058 1772/429/3057 1799/455/3057
s 1492
f 1801/457/3059 1776/433/3060 1775/431/3059
f 1775/431/3059 1800/456/3059 1801/457/3059
s 1493
f 1802/458/3061 1778/435/3062 1776/433/3063
f 1776/433/3063 1801/457/3063 1802/458/3061
s 1494
f 1780/437/3064 1778/435/3064 1802/458/3065
f 1802/458/3065 1803/459/3065 1780/437/3064
s 1495
f 1804/460/3066 1783/439/3066 1780/437/3066
f 1780/437/3066 1803/459/3067 1804/460/3066
s 1496
f 1805/461/3068 1785/441/3068 1783/439/3068
f 1783/439/3068 1804/460/3068 1805/461/3068
s 1497
f 1785/441/3069 1805/461/3069 1806/462/3069
f 1806/462/3069 1786/443/3069 1785/441/3069
s 1498
f 1789/445/3070 1786/443/3070 1806/462/3070
f 1806/462/3070 1807/463/3070 1789/445/3070
s 1499
f 1791/447/3071 1789/445/3071 1807/463/3071
f 1807/463/3071 1808/464/3071 1791/447/3071
s 1500
f 1809/465/3072 1792/449/3072 1791/447/3072
f 1791/447/3072 1808/464/3072 1809/465/3072
s 1501
f 1795/451/3073 1792/449/3073 1809/465/3073
f 1809/465/3073 1810/466/3073 1795/451/3073
s 1502
f 1811/467/3074 1797/452/3074 1796/453/3074
f 1796/453/3074 1812/468/3074 1811/467/3074
s 1503
f 1798/454/3075 1797/452/3075 1811/467/3075
f 1811/467/3075 1813/469/3075 1798/454/3075
s 1504
f 1799/455/3076 1798/454/3076 1813/469/3076
f 1813/469/3076 1814/470/3076 1799/455/3076
s 1505
f 1799/455/3077 1814/470/3077 1815/471/3077
f 1815/471/3077 1800/456/3077 1799/455/3077
s 1506
f 1801/457/3078 1800/456/3079 1815/471/3079
f 1815/471/3079 1816/472/3078 1801/457/3078
s 1507
f 1802/458/3080 1801/457/3081 1816/472/3082
f 1816/472/3082 1817/473/3080 1802/458/3080
s 1508
f 1817/473/3083 1818/474/3084 1803/459/3085
f 1803/459/3085 1802/458/3086 1817/473/3083
s 1509
f 1819/475/3087 1804/460/3088 1803/459/3089
f 1803/459/3089 1818/474/3089 1819/475/3087
s 1510
f 1820/476/3090 1805/461/3091 1804/460/3090
f 1804/460/3090 1819/475/3090 1820/476/3090
s 1511
f 1806/462/3092 1805/461/3092 1820/476/3092
f 1820/476/3092 1821/477/3092 1806/462/3092
s 1512
f 1822/478/3093 1807/463/3093 1806/462/3093
f 1806/462/3093 1821/477/3093 1822/478/3093
s 1513
f 1823/479/3094 1808/464/3094 1807/463/3094
f 1807/463/3094 1822/478/3094 1823/479/3094
s 1514
f 1808/464/3095 1823/479/3095 1824/480/3095
f 1824/480/3095 1809/465/3095 1808/464/3095
s 1515
f 1810/466/3096 1809/465/3096 1824/480/3096
f 1824/480/3096 1825/481/3096 1810/466/3096
s 1516
f 1826/482/3097 1811/467/3097 1812/468/3097
f 1812/468/3097 1827/483/3097 1826/482/3097
s 1517
f 1813/469/3098 1811/467/3098 1826/482/3098
f 1826/482/3098 1828/484/3098 1813/469/3098
s 1518
f 1814/470/3099 1813/469/3099 1828/484/3099
f 1828/484/3099 1829/485/3099 1814/470/3099
s 1519
f 1830/486/3100 1815/471/3100 1814/470/3100
f 1814/470/3100 1829/485/3100 1830/486/3100
s 1520
f 1816/472/3101 1815/471/3102 1830/486/3102
f 1830/486/3102 1831/487/3103 1816/472/3101
s 1521
f 1817/473/3104 1816/472/3104 1831/487/3105
f 1831/487/3105 1832/488/3106 1817/473/3104
s 1522
f 1817/473/3107 1832/488/3107 1833/489/3107
f 1833/489/3107 1818/474/3107 1817/473/3107
s 1523
f 1819/475/3108 1818/474/3109 1833/489/3110
f 1833/489/3110 1834/490/3111 1819/475/3108
s 1524
f 1820/476/3112 1819/475/3112 1834/490/3112
f 1834/490/3112 1835/491/3113 1820/476/3112
s 1525
f 1835/491/3114 1836/492/3114 1821/477/3114
f 1821/477/3114 1820/476/3115 1835/491/3114
s 1526
f 1837/493/3116 1822/478/3116 1821/477/3116
f 1821/477/3116 1836/492/3116 1837/493/3116
s 1527
f 1838/494/3117 1823/479/3118 1822/478/3117
f 1822/478/3117 1837/493/3117 1838/494/3117
s 1528
f 1824/480/3119 1823/479/3119 1838/494/3119
f 1838/494/3119 1839/495/3119 1824/480/3119
s 1529
f 1840/496/3120 1825/481/3120 1824/480/3120
f 1824/480/3120 1839/495/3120 1840/496/3120
s 1530
f 1827/483/3121 1841/498/3121 1842/497/3121
f 1842/497/3121 1826/482/3121 1827/483/3121
s 1531
f 1828/484/3122 1826/482/3122 1842/497/3122
f 1842/497/3122 1843/499/3122 1828/484/3122
s 1532
f 1829/485/3123 1828/484/3123 1843/499/3123
f 1843/499/3123 1844/500/3123 1829/485/3123
s 1533
f 1845/501/3124 1830/486/3124 1829/485/3124
f 1829/485/3124 1844/500/3124 1845/501/3124
s 1534
f 1831/487/3125 1830/486/3125 1845/501/3126
f 1845/501/3126 1846/502/3125 1831/487/3125
s 1535
f 1832/488/3127 1831/487/3127 1846/502/3127
f 1846/502/3127 1847/503/3127 1832/488/3127
s 1536
f 1848/504/3128 1833/489/3129 1832/488/3129
f 1832/488/3129 1847/503/3129 1848/504/3128
s 1537
f 1834/490/3130 1833/489/3131 1848/504/3130
f 1848/504/3130 1849/505/3132 1834/490/3130
s 1538
f 1835/491/3133 1834/490/3133 1849/505/3133
f 1849/505/3133 1850/506/3133 1835/491/3133
s 1539
f 1835/491/3134 1850/506/3134 1851/507/3134
f 1851/507/3134 1836/492/3135 1835/491/3134
s 1540
f 1837/493/3136 1836/492/3136 1851/507/3137
f 1851/507/3137 1852/508/3136 1837/493/3136
s 1541
f 1838/494/3138 1837/493/3138 1852/508/3138
f 1852/508/3138 1853/509/3138 1838/494/3138
s 1542
f 1853/509/3139 1854/510/3139 1839/495/3140
f 1839/495/3140 1838/494/3139 1853/509/3139
s 1543
f 1855/511/3141 1840/496/3141 1839/495/3142
f 1839/495/3142 1854/510/3142 1855/511/3141
s 1544
f 1842/497/3143 1841/498/3143 1856/513/3144
f 1856/513/3144 1857/512/3145 1842/497/3143
s 1545
f 1858/514/3146 1843/499/3147 1842/497/3147
f 1842/497/3147 1857/512/3147 1858/514/3146
s 1546
f 1859/515/3148 1844/500/3148 1843/499/3148
f 1843/499/3148 1858/514/3148 1859/515/3148
s 1547
f 1844/500/3149 1859/515/3149 1860/516/3149
f 1860/516/3149 1845/501/3149 1844/500/3149
s 1548
f 1846/502/3150 1845/501/3151 1860/516/3152
f 1860/516/3152 1861/517/3153 1846/502/3150
s 1549
f 1847/503/3154 1846/502/3154 1861/517/3154
f 1861/517/3154 1862/518/3155 1847/503/3154
s 1550
f 1848/504/3156 1847/503/3157 1862/518/3157
f 1862/518/3157 1863/519/3158 1848/504/3156
s 1551
f 1849/505/3159 1848/504/3160 1863/519/3160
f 1863/519/3160 1864/520/3160 1849/505/3159
s 1552
f 1850/506/3161 1849/505/3162 1864/520/3161
f 1864/520/3161 1865/521/3161 1850/506/3161
s 1553
f 1851/507/3163 1850/506/3163 1865/521/3163
f 1865/521/3163 1866/522/3163 1851/507/3163
s 1554
f 1852/508/3164 1851/507/3165 1866/522/3166
f 1866/522/3166 1867/523/3164 1852/508/3164
s 1555
f 1853/509/3167 1852/508/3168 1867/523/3168
f 1867/523/3168 1868/524/3168 1853/509/3167
s 1556
f 1853/509/3169 1868/524/3169 1869/525/3169
f 1869/525/3169 1854/510/3169 1853/509/3169
s 1557
f 1870/526/3170 1855/511/3170 1854/510/3171
f 1854/510/3171 1869/525/3170 1870/526/3170
s 1558
f 1871/527/3172 1857/512/3172 1856/513/3173
f 1856/513/3173 1872/528/3173 1871/527/3172
s 1559
f 1858/514/3174 1857/512/3174 1871/527/3174
f 1871/527/3174 1873/529/3175 1858/514/3174
s 1560
f 1859/515/3176 1858/514/3177 1873/529/3178
f 1873/529/3178 1874/530/3179 1859/515/3176
s 1561
f 1860/516/3180 1859/515/3180 1874/530/3180
f 1874/530/3180 1875/531/3181 1860/516/3180
s 1562
f 1861/517/3182 1860/516/3182 1875/531/3183
f 1875/531/3183 1876/532/3182 1861/517/3182
s 1563
f 1862/518/3184 1861/517/3184 1876/532/3184
f 1876/532/3184 1877/533/3184 1862/518/3184
s 1564
f 1878/534/3185 1863/519/3186 1862/518/3185
f 1862/518/3185 1877/533/3187 1878/534/3185
s 1565
f 1864/520/3188 1863/519/3189 1878/534/3190
f 1878/534/3190 1879/535/3188 1864/520/3188
s 1566
f 1865/521/3191 1864/520/3191 1879/535/3192
f 1879/535/3192 1880/536/3191 1865/521/3191
s 1567
f 1881/537/3193 1866/522/3194 1865/521/3195
f 1865/521/3195 1880/536/3195 1881/537/3193
s 1568
f 1882/538/3196 1867/523/3196 1866/522/3196
f 1866/522/3196 1881/537/3196 1882/538/3196
s 1569
f 1883/539/3197 1868/524/3197 1867/523/3198
f 1867/523/3198 1882/538/3199 1883/539/3197
s 1570
f 1884/540/3200 1869/525/3200 1868/524/3200
f 1868/524/3200 1883/539/3200 1884/540/3200
s 1571
f 1869/525/3201 1884/540/3201 1885/541/3201
f 1885/541/3201 1870/526/3201 1869/525/3201
s 1572
f 1872/528/3202 1886/543/3202 1887/542/3202
f 1887/542/3202 1871/527/3202 1872/528/3202
s 1573
f 1873/529/3203 1871/527/3204 1887/542/3203
f 1887/542/3203 1888/544/3203 1873/529/3203
s 1574
f 1874/530/3205 1873/529/3205 1888/544/3205
f 1888/544/3205 1889/545/3205 1874/530/3205
s 1575
f 1875/531/3206 1874/530/3207 1889/545/3208
f 1889/545/3208 1890/546/3206 1875/531/3206
s 1576
f 1876/532/3209 1875/531/3209 1890/546/3209
f 1890/546/3209 1891/547/3209 1876/532/3209
s 1577
f 1877/533/3210 1876/532/3210 1891/547/3210
f 1891/547/3210 1892/548/3210 1877/533/3210
s 1578
f 1878/534/3211 1877/533/3212 1892/548/3212
f 1892/548/3212 1893/549/3211 1878/534/3211
s 1579
f 1879/535/3213 1878/534/3214 1893/549/3214
f 1893/549/3214 1894/550/3214 1879/535/3213
s 1580
f 1880/536/3215 1879/535/3216 1894/550/3217
f 1894/550/3217 1895/551/3215 1880/536/3215
s 1581
f 1880/536/3218 1895/551/3218 1896/552/3219
f 1896/552/3219 1881/537/3220 1880/536/3218
s 1582
f 1897/553/3221 1882/538/3222 1881/537/3223
f 1881/537/3223 1896/552/3223 1897/553/3221
s 1583
f 1898/554/3224 1883/539/3225 1882/538/3224
f 1882/538/3224 1897/553/3226 1898/554/3224
s 1584
f 1899/555/3227 1884/540/3227 1883/539/3227
f 1883/539/3227 1898/554/3227 1899/555/3227
s 1585
f 1885/541/3228 1884/540/3229 1899/555/3229
f 1899/555/3229 1900/556/3230 1885/541/3228
s 1586
f 1887/542/3231 1886/543/3231 1901/558/3232
f 1901/558/3232 1902/557/3231 1887/542/3231
s 1587
f 1888/544/3233 1887/542/3233 1902/557/3233
f 1902/557/3233 1903/559/3233 1888/544/3233
s 1588
f 1889/545/3234 1888/544/3234 1903/559/3234
f 1903/559/3234 1904/560/3234 1889/545/3234
s 1589
f 1905/561/3235 1890/546/3236 1889/545/3236
f 1889/545/3236 1904/560/3237 1905/561/3235
s 1590
f 1891/547/3238 1890/546/3238 1905/561/3238
f 1905/561/3238 1906/562/3238 1891/547/3238
s 1591
f 1892/548/3239 1891/547/3240 1906/562/3240
f 1906/562/3240 1907/563/3239 1892/548/3239
s 1592
f 1908/564/3241 1893/549/3242 1892/548/3241
f 1892/548/3241 1907/563/3243 1908/564/3241
s 1593
f 1909/565/3244 1894/550/3244 1893/549/3244
f 1893/549/3244 1908/564/3244 1909/565/3244
s 1594
f 1910/566/3245 1895/551/3245 1894/550/3245
f 1894/550/3245 1909/565/3245 1910/566/3245
s 1595
f 1911/567/3246 1896/552/3247 1895/551/3248
f 1895/551/3248 1910/566/3249 1911/567/3246
s 1596
f 1896/552/3250 1911/567/3250 1912/568/3250
f 1912/568/3250 1897/553/3250 1896/552/3250
s 1597
f 1897/553/3251 1912/568/3252 1913/569/3252
f 1913/569/3252 1898/554/3252 1897/553/3251
s 1598
f 1898/554/3253 1913/569/3253 1914/570/3253
f 1914/570/3253 1899/555/3253 1898/554/3253
s 1599
f 1900/556/3254 1899/555/3254 1914/570/3254
f 1914/570/3254 1915/571/3254 1900/556/3254
s 1600
f 1902/557/3255 1901/558/3255 1916/572/3255
f 1916/572/3255 1917/573/3256 1902/557/3255
s 1601
f 1903/559/3257 1902/557/3258 1917/573/3258
f 1917/573/3258 1918/574/3259 1903/559/3257
s 1602
f 1904/560/3260 1903/559/3260 1918/574/3260
f 1918/574/3260 1919/575/3260 1904/560/3260
s 1603
f 1905/561/3261 1904/560/3261 1919/575/3261
f 1919/575/3261 1920/576/3262 1905/561/3261
s 1604
f 1906/562/3263 1905/561/3264 1920/576/3264
f 1920/576/3264 1921/577/3264 1906/562/3263
s 1605
f 1907/563/3265 1906/562/3265 1921/577/3266
f 1921/577/3266 1922/578/3265 1907/563/3265
s 1606
f 1907/563/3267 1922/578/3268 1923/579/3267
f 1923/579/3267 1908/564/3267 1907/563/3267
s 1607
f 1924/580/3269 1909/565/3270 1908/564/3269
f 1908/564/3269 1923/579/3271 1924/580/3269
s 1608
f 1925/581/3272 1910/566/3273 1909/565/3272
f 1909/565/3272 1924/580/3273 1925/581/3272
s 1609
f 1926/582/3274 1911/567/3275 1910/566/3274
f 1910/566/3274 1925/581/3276 1926/582/3274
s 1610
f 1912/568/3277 1911/567/3278 1926/582/3278
f 1926/582/3278 1927/583/3278 1912/568/3277
s 1611
f 1913/569/3279 1912/568/3279 1927/583/3279
f 1927/583/3279 1928/584/3279 1913/569/3279
s 1612
f 1914/570/3280 1913/569/3281 1928/584/3282
f 1928/584/3282 1929/585/3282 1914/570/3280
s 1613
f 1915/571/3283 1914/570/3283 1929/585/3284
f 1929/585/3284 1930/586/3284 1915/571/3283
s 1614
f 1931/588/3285 1917/573/3285 1916/572/3286
f 1916/572/3286 1932/587/3286 1931/588/3285
s 1615
f 1918/574/3287 1917/573/3287 1931/588/3287
f 1931/588/3287 1933/589/3287 1918/574/3287
s 1616
f 1919/575/3288 1918/574/3289 1933/589/3289
f 1933/589/3289 1934/590/3289 1919/575/3288
s 1617
f 1935/591/3290 1920/576/3290 1919/575/3290
f 1919/575/3290 1934/590/3290 1935/591/3290
s 1618
f 1936/592/3291 1921/577/3291 1920/576/3291
f 1920/576/3291 1935/591/3291 1936/592/3291
s 1619
f 1937/593/3292 1922/578/3293 1921/577/3292
f 1921/577/3292 1936/592/3292 1937/593/3292
s 1620
f 1938/594/3294 1923/579/3295 1922/578/3295
f 1922/578/3295 1937/593/3294 1938/594/3294
s 1621
f 1923/579/3296 1938/594/3296 1939/595/3297
f 1939/595/3297 1924/580/3296 1923/579/3296
s 1622
f 1924/580/3298 1939/595/3299 1940/596/3300
f 1940/596/3300 1925/581/3301 1924/580/3298
s 1623
f 1925/581/3302 1940/596/3302 1941/597/3302
f 1941/597/3302 1926/582/3302 1925/581/3302
s 1624
f 1927/583/3303 1926/582/3303 1941/597/3303
f 1941/597/3303 1942/598/3303 1927/583/3303
s 1625
f 1928/584/3304 1927/583/3305 1942/598/3305
f 1942/598/3305 1943/599/3304 1928/584/3304
s 1626
f 1929/585/3306 1928/584/3306 1943/599/3307
f 1943/599/3307 1944/600/3306 1929/585/3306
s 1627
f 1930/586/3308 1929/585/3309 1944/600/3309
f 1944/600/3309 1945/601/3308 1930/586/3308
s 1628
f 1931/588/3310 1932/587/3310 1946/602/3310
f 1946/602/3310 1947/603/3310 1931/588/3310
s 1629
f 1933/589/3311 1931/588/3311 1947/603/3311
f 1947/603/3311 1948/604/3311 1933/589/3311
s 1630
f 1934/590/3312 1933/589/3312 1948/604/3312
f 1948/604/3312 1949/605/3312 1934/590/3312
s 1631
f 1934/590/3313 1949/605/3313 1950/606/3313
f 1950/606/3313 1935/591/3313 1934/590/3313
s 1632
f 1951/607/3314 1936/592/3314 1935/591/3314
f 1935/591/3314 1950/606/3314 1951/607/3314
s 1633
f 1952/608/3315 1937/593/3315 1936/592/3315
f 1936/592/3315 1951/607/3315 1952/608/3315
s 1634
f 1953/609/3316 1938/594/3316 1937/593/3317
f 1937/593/3317 1952/608/3316 1953/609/3316
s 1635
f 1939/595/3318 1938/594/3319 1953/609/3320
f 1953/609/3320 1954/610/3321 1939/595/3318
s 1636
f 1940/596/3322 1939/595/3322 1954/610/3322
f 1954/610/3322 1955/611/3322 1940/596/3322
s 1637
f 1941/597/3323 1940/596/3323 1955/611/3323
f 1955/611/3323 1956/612/3323 1941/597/3323
s 1638
f 1942/598/3324 1941/597/3324 1956/612/3325
f 1956/612/3325 1957/613/3324 1942/598/3324
s 1639
f 1943/599/3326 1942/598/3327 1957/613/3327
f 1957/613/3327 1958/614/3326 1943/599/3326
s 1640
f 1959/615/3328 1944/600/3328 1943/599/3328
f 1943/599/3328 1958/614/3328 1959/615/3328
s 1641
f 1945/601/3329 1944/600/3329 1959/615/3329
f 1959/615/3329 1960/616/3329 1945/601/3329
s 1642
f 1961/618/3330 1947/603/3331 1946/602/3331
f 1946/602/3331 1962/617/3330 1961/618/3330
s 1643
f 1963/619/3332 1948/604/3332 1947/603/3332
f 1947/603/3332 1961/618/3332 1963/619/3332
s 1644
f 1964/620/3333 1949/605/3334 1948/604/3335
f 1948/604/3335 1963/619/3335 1964/620/3333
s 1645
f 1965/621/3336 1950/606/3336 1949/605/3336
f 1949/605/3336 1964/620/3336 1965/621/3336
s 1646
f 1950/606/3337 1965/621/3337 1966/622/3337
f 1966/622/3337 1951/607/3337 1950/606/3337
s 1647
f 1951/607/3338 1966/622/3338 1967/623/3338
f 1967/623/3338 1952/608/3339 1951/607/3338
s 1648
f 1952/608/3340 1967/623/3341 1968/624/3342
f 1968/624/3342 1953/609/3340 1952/608/3340
s 1649
f 1954/610/3343 1953/609/3344 1968/624/3345
f 1968/624/3345 1969/625/3346 1954/610/3343
s 1650
f 1955/611/3347 1954/610/3347 1969/625/3348
f 1969/625/3348 1970/626/3347 1955/611/3347
s 1651
f 1956/612/3349 1955/611/3349 1970/626/3349
f 1970/626/3349 1971/627/3349 1956/612/3349
s 1652
f 1957/613/3350 1956/612/3350 1971/627/3350
f 1971/627/3350 1972/628/3350 1957/613/3350
s 1653
f 1958/614/3351 1957/613/3351 1972/628/3351
f 1972/628/3351 1973/629/3351 1958/614/3351
s 1654
f 1959/615/3352 1958/614/3352 1973/629/3352
f 1973/629/3352 1974/630/3352 1959/615/3352
s 1655
f 1960/616/3353 1959/615/3354 1974/630/3354
f 1974/630/3354 1975/631/3355 1960/616/3353
s 1656
f 1962/617/3356 1976/632/3357 1977/633/3356
f 1977/633/3356 1961/618/3356 1962/617/3356
s 1657
f 1978/634/3358 1963/619/3358 1961/618/3358
f 1961/618/3358 1977/633/3358 1978/634/3358
s 1658
f 1979/635/3359 1964/620/3359 1963/619/3360
f 1963/619/3360 1978/634/3359 1979/635/3359
s 1659
f 1979/635/3361 1980/636/3361 1965/621/3361
f 1965/621/3361 1964/620/3361 1979/635/3361
s 1660
f 1981/637/3362 1966/622/3362 1965/621/3363
f 1965/621/3363 1980/636/3362 1981/637/3362
s 1661
f 1982/638/3364 1967/623/3365 1966/622/3366
f 1966/622/3366 1981/637/3367 1982/638/3364
s 1662
f 1968/624/3368 1967/623/3369 1982/638/3370
f 1982/638/3370 1983/639/3371 1968/624/3368
s 1663
f 1984/640/3372 1969/625/3372 1968/624/3373
f 1968/624/3373 1983/639/3372 1984/640/3372
s 1664
f 1985/641/3374 1970/626/3374 1969/625/3374
f 1969/625/3374 1984/640/3374 1985/641/3374
s 1665
f 1986/642/3375 1971/627/3376 1970/626/3377
f 1970/626/3377 1985/641/3375 1986/642/3375
s 1666
f 1987/643/3378 1972/628/3379 1971/627/3379
f 1971/627/3379 1986/642/3379 1987/643/3378
s 1667
f 1988/644/3380 1973/629/3380 1972/628/3380
f 1972/628/3380 1987/643/3380 1988/644/3380
s 1668
f 1989/645/3381 1974/630/3381 1973/629/3381
f 1973/629/3381 1988/644/3382 1989/645/3381
s 1669
f 1990/646/3383 1975/631/3383 1974/630/3383
f 1974/630/3383 1989/645/3383 1990/646/3383
s 1670
f 1991/648/3384 1534/647/3384 1533/649/3384
f 1533/649/3384 1769/425/3384 1991/648/3384
s 1671
f 1768/422/3385 1992/650/3385 1991/648/3386
f 1991/648/3386 1769/425/3386 1768/422/3385
s 1672
f 1771/426/3387 1993/651/3387 1992/650/3387
f 1992/650/3387 1768/422/3387 1771/426/3387
s 1673
f 1993/651/3388 1771/426/3388 1773/428/3389
f 1773/428/3389 1994/652/3389 1993/651/3388
s 1674
f 1774/430/3390 1995/653/3391 1994/652/3392
f 1994/652/3392 1773/428/3393 1774/430/3390
s 1675
f 1777/432/3394 1996/654/3394 1995/653/3395
f 1995/653/3395 1774/430/3396 1777/432/3394
s 1676
f 1996/654/3397 1777/432/3398 1779/434/3399
f 1779/434/3399 1997/655/3400 1996/654/3397
s 1677
f 1998/656/3401 1997/655/3401 1779/434/3401
f 1779/434/3401 1781/436/3402 1998/656/3401
s 1678
f 1999/657/3403 1998/656/3404 1781/436/3403
f 1781/436/3403 1782/438/3405 1999/657/3403
s 1679
f 1999/657/3406 1782/438/3407 1784/440/3406
f 1784/440/3406 2000/658/3406 1999/657/3406
s 1680
f 1787/442/3408 2001/659/3408 2000/658/3409
f 2000/658/3409 1784/440/3410 1787/442/3408
s 1681
f 2002/660/3411 2001/659/3411 1787/442/3411
f 1787/442/3411 1788/444/3411 2002/660/3411
s 1682
f 1790/446/3412 2003/661/3413 2002/660/3414
f 2002/660/3414 1788/444/3414 1790/446/3412
s 1683
f 1793/448/3415 2004/662/3415 2003/661/3415
f 2003/661/3415 1790/446/3415 1793/448/3415
s 1684
f 2005/663/3416 2004/662/3417 1793/448/3417
f 1793/448/3417 1794/450/3417 2005/663/3416
s 1685
f 2006/664/3418 2007/665/3418 2005/663/3418
f 2005/663/3418 1794/450/3418 2006/664/3418
s 1686
f 2006/664/3419 1794/450/3419 1795/451/3419
f 1795/451/3419 2008/666/3419 2006/664/3419
s 1687
f 2008/666/3420 1795/451/3420 1810/466/3420
f 1810/466/3420 2009/667/3420 2008/666/3420
s 1688
f 2009/667/3421 1810/466/3421 1825/481/3421
f 1825/481/3421 2010/668/3421 2009/667/3421
s 1689
f 2011/669/3422 2010/668/3422 1825/481/3422
f 1825/481/3422 1840/496/3422 2011/669/3422
s 1690
f 2012/670/3423 2011/669/3423 1840/496/3423
f 1840/496/3423 1855/511/3423 2012/670/3423
s 1691
f 1870/526/3424 2013/671/3424 2012/670/3424
f 2012/670/3424 1855/511/3424 1870/526/3424
s 1692
f 1885/541/3425 2014/672/3425 2013/671/3426
f 2013/671/3426 1870/526/3425 1885/541/3425
s 1693
f 1900/556/3427 2015/673/3427 2014/672/3428
f 2014/672/3428 1885/541/3427 1900/556/3427
s 1694
f 1900/556/3429 1915/571/3429 2016/674/3429
f 2016/674/3429 2015/673/3429 1900/556/3429
s 1695
f 1930/586/3430 2017/675/3431 2016/674/3430
f 2016/674/3430 1915/571/3430 1930/586/3430
s 1696
f 1945/601/3432 2018/676/3432 2017/675/3432
f 2017/675/3432 1930/586/3432 1945/601/3432
s 1697
f 1945/601/3433 1960/616/3433 2019/677/3433
f 2019/677/3433 2018/676/3433 1945/601/3433
s 1698
f 1975/631/3434 2020/678/3434 2019/677/3434
f 2019/677/3434 1960/616/3434 1975/631/3434
s 1699
f 1990/646/3435 2021/679/3435 2020/678/3435
f 2020/678/3435 1975/631/3435 1990/646/3435
s 1700
f 1652/681/3436 1651/680/3437 2021/679/3437
f 2021/679/3437 1990/646/3436 1652/681/3436
s 1701
f 1989/645/3438 1670/682/3438 1652/681/3438
f 1652/681/3438 1990/646/3438 1989/645/3438
s 1702
f 1988/644/3439 1669/683/3439 1670/682/3439
f 1670/682/3439 1989/645/3440 1988/644/3439
s 1703
f 1988/644/3441 1987/643/3442 1668/684/3443
f 1668/684/3443 1669/683/3442 1988/644/3441
s 1704
f 1986/642/3444 1667/685/3444 1668/684/3444
f 1668/684/3444 1987/643/3444 1986/642/3444
s 1705
f 1985/641/3445 1666/686/3446 1667/685/3447
f 1667/685/3447 1986/642/3448 1985/641/3445
s 1706
f 1985/641/3449 1984/640/3449 1665/687/3449
f 1665/687/3449 1666/686/3449 1985/641/3449
s 1707
f 1983/639/3450 1664/688/3450 1665/687/3451
f 1665/687/3451 1984/640/3450 1983/639/3450
s 1708
f 1982/638/3452 1663/689/3452 1664/688/3453
f 1664/688/3453 1983/639/3452 1982/638/3452
s 1709
f 1982/638/3454 1981/637/3455 1662/690/3454
f 1662/690/3454 1663/689/3456 1982/638/3454
s 1710
f 1980/636/3457 1661/691/3457 1662/690/3457
f 1662/690/3457 1981/637/3458 1980/636/3457
s 1711
f 1661/691/3459 1980/636/3459 1979/635/3460
f 1979/635/3460 1660/692/3461 1661/691/3459
s 1712
f 1660/692/3462 1979/635/3463 1978/634/3463
f 1978/634/3463 1659/693/3462 1660/692/3462
s 1713
f 1978/634/3464 1977/633/3465 1658/694/3464
f 1658/694/3464 1659/693/3465 1978/634/3464
s 1714
f 1976/632/3466 1657/695/3466 1658/694/3466
f 1658/694/3466 1977/633/3466 1976/632/3466
s 1715
f 1551/697/3467 1550/696/3468 1657/695/3469
f 1657/695/3469 1976/632/3469 1551/697/3467
s 1716
f 1556/698/3470 1551/697/3471 1976/632/3470
f 1976/632/3470 1962/617/3472 1556/698/3470
s 1717
f 1962/617/3473 1946/602/3473 1557/699/3474
f 1557/699/3474 1556/698/3475 1962/617/3473
s 1718
f 1932/587/3476 1558/700/3476 1557/699/3476
f 1557/699/3476 1946/602/3476 1932/587/3476
s 1719
f 1932/587/3477 1916/572/3477 1559/701/3478
f 1559/701/3478 1558/700/3477 1932/587/3477
s 1720
f 1560/702/3479 1559/701/3479 1916/572/3479
f 1916/572/3479 1901/558/3480 1560/702/3479
s 1721
f 1561/703/3481 1560/702/3481 1901/558/3482
f 1901/558/3482 1886/543/3482 1561/703/3481
s 1722
f 1886/543/3483 1872/528/3483 1542/704/3483
f 1542/704/3483 1561/703/3483 1886/543/3483
s 1723
f 1541/705/3484 1542/704/3484 1872/528/3484
f 1872/528/3484 1856/513/3484 1541/705/3484
s 1724
f 1841/498/3485 1540/706/3485 1541/705/3485
f 1541/705/3485 1856/513/3485 1841/498/3485
s 1725
f 1539/707/3486 1540/706/3486 1841/498/3487
f 1841/498/3487 1827/483/3488 1539/707/3486
s 1726
f 1812/468/3489 1538/708/3489 1539/707/3489
f 1539/707/3489 1827/483/3490 1812/468/3489
s 1727
f 1537/709/3491 1538/708/3491 1812/468/3491
f 1812/468/3491 1796/453/3492 1537/709/3491
s 1728
f 1536/710/3493 1537/709/3494 1796/453/3493
f 1796/453/3493 1766/424/3493 1536/710/3493
s 1729
f 1533/649/3495 1536/710/3496 1766/424/3496
f 1766/424/3496 1769/425/3497 1533/649/3495
s 1730
f 2022/714/3498 2023/713/3498 2024/712/3498
f 2024/712/3498 2025/711/3498 2022/714/3498
s 1731
f 2023/713/3499 2022/714/3499 2026/716/3499
f 2026/716/3499 2027/715/3499 2023/713/3499
s 1732
f 2028/718/3500 2029/717/3500 2027/715/3500
f 2027/715/3500 2026/716/3500 2028/718/3500
s 1733
f 2030/720/3501 2031/719/3502 2029/717/3501
f 2029/717/3501 2028/718/3501 2030/720/3501
s 1734
f 2031/719/3503 2030/720/3503 2032/722/3503
f 2032/722/3503 2033/721/3503 2031/719/3503
s 1735
f 2033/721/3504 2032/722/3504 2034/723/3504
f 2034/723/3504 2035/724/3504 2033/721/3504
s 1736
f 2036/726/3505 2037/725/3506 2035/724/3505
f 2035/724/3505 2034/723/3505 2036/726/3505
s 1737
f 2038/727/3507 2022/714/3507 2025/711/3508
f 2025/711/3508 2039/728/3507 2038/727/3507
s 1738
f 2022/714/3509 2038/727/3509 2040/729/3509
f 2040/729/3509 2026/716/3509 2022/714/3509
s 1739
f 2041/730/3510 2028/718/3510 2026/716/3510
f 2026/716/3510 2040/729/3510 2041/730/3510
s 1740
f 2028/718/3511 2041/730/3512 2042/731/3511
f 2042/731/3511 2030/720/3511 2028/718/3511
s 1741
f 2043/732/3513 2032/722/3514 2030/720/3513
f 2030/720/3513 2042/731/3513 2043/732/3513
s 1742
f 2034/723/3515 2032/722/3515 2043/732/3515
f 2043/732/3515 2044/733/3515 2034/723/3515
s 1743
f 2045/734/3516 2036/726/3516 2034/723/3516
f 2034/723/3516 2044/733/3516 2045/734/3516
s 1744
f 2039/728/3517 2046/735/3517 2047/736/3517
f 2047/736/3517 2038/727/3517 2039/728/3517
s 1745
f 2038/727/3518 2047/736/3518 2048/737/3518
f 2048/737/3518 2040/729/3518 2038/727/3518
s 1746
f 2040/729/3519 2048/737/3519 2049/738/3519
f 2049/738/3519 2041/730/3519 2040/729/3519
s 1747
f 2041/730/3520 2049/738/3521 2050/739/3521
f 2050/739/3521 2042/731/3520 2041/730/3520
s 1748
f 2042/731/3522 2050/739/3522 2051/740/3522
f 2051/740/3522 2043/732/3522 2042/731/3522
s 1749
f 2044/733/3523 2043/732/3524 2051/740/3524
f 2051/740/3524 2052/741/3524 2044/733/3523
s 1750
f 2044/733/3525 2052/741/3526 2053/742/3527
f 2053/742/3527 2045/734/3527 2044/733/3525
s 1751
f 2054/743/3528 2047/736/3528 2046/735/3528
f 2046/735/3528 2055/744/3528 2054/743/3528
s 1752
f 2047/736/3529 2054/743/3530 2056/745/3530
f 2056/745/3530 2048/737/3529 2047/736/3529
s 1753
f 2048/737/3531 2056/745/3531 2057/746/3531
f 2057/746/3531 2049/738/3531 2048/737/3531
s 1754
f 2058/747/3532 2050/739/3532 2049/738/3532
f 2049/738/3532 2057/746/3532 2058/747/3532
s 1755
f 2050/739/3533 2058/747/3534 2059/748/3533
f 2059/748/3533 2051/740/3533 2050/739/3533
s 1756
f 2060/749/3535 2052/741/3535 2051/740/3535
f 2051/740/3535 2059/748/3535 2060/749/3535
s 1757
f 2052/741/3536 2060/749/3536 2061/750/3536
f 2061/750/3536 2053/742/3536 2052/741/3536
s 1758
f 2062/751/3537 2054/743/3538 2055/744/3538
f 2055/744/3538 2063/752/3539 2062/751/3537
s 1759
f 2054/743/3540 2062/751/3541 2064/753/3541
f 2064/753/3541 2056/745/3541 2054/743/3540
s 1760
f 2065/754/3542 2057/746/3542 2056/745/3542
f 2056/745/3542 2064/753/3543 2065/754/3542
s 1761
f 2066/755/3544 2058/747/3545 2057/746/3544
f 2057/746/3544 2065/754/3544 2066/755/3544
s 1762
f 2058/747/3546 2066/755/3547 2067/756/3546
f 2067/756/3546 2059/748/3546 2058/747/3546
s 1763
f 2059/748/3548 2067/756/3548 2068/757/3548
f 2068/757/3548 2060/749/3548 2059/748/3548
s 1764
f 2060/749/3549 2068/757/3549 2069/758/3549
f 2069/758/3549 2061/750/3550 2060/749/3549
s 1758
f 2070/759/3551 2062/751/3537 2063/752/3539
f 2063/752/3539 2071/760/3552 2070/759/3551
s 1765
f 2062/751/3553 2070/759/3553 2072/761/3553
f 2072/761/3553 2064/753/3553 2062/751/3553
s 1766
f 2064/753/3554 2072/761/3554 2073/762/3554
f 2073/762/3554 2065/754/3554 2064/753/3554
s 1767
f 2074/763/3555 2066/755/3555 2065/754/3555
f 2065/754/3555 2073/762/3555 2074/763/3555
s 1768
f 2075/764/3556 2067/756/3556 2066/755/3556
f 2066/755/3556 2074/763/3556 2075/764/3556
s 1769
f 2068/757/3557 2067/756/3557 2075/764/3557
f 2075/764/3557 2076/765/3557 2068/757/3557
s 1770
f 2077/768/3558 2078/767/3558 2079/766/3559
f 2079/766/3559 2080/769/3558 2077/768/3558
s 1771
f 2078/767/3560 2077/768/3560 2081/771/3560
f 2081/771/3560 2082/770/3560 2078/767/3560
s 1772
f 2082/770/3561 2081/771/3561 2083/773/3562
f 2083/773/3562 2084/772/3561 2082/770/3561
s 1773
f 2085/774/3563 2077/768/3563 2080/769/3564
f 2080/769/3564 2086/775/3564 2085/774/3563
s 1774
f 2087/776/3565 2081/771/3566 2077/768/3566
f 2077/768/3566 2085/774/3565 2087/776/3565
s 1775
f 2081/771/3567 2087/776/3567 2088/777/3567
f 2088/777/3567 2083/773/3567 2081/771/3567
s 1776
f 2089/778/3568 2085/774/3568 2086/775/3569
f 2086/775/3569 2090/779/3569 2089/778/3568
s 1777
f 2085/774/3570 2089/778/3570 2091/780/3571
f 2091/780/3571 2087/776/3571 2085/774/3570
s 1778
f 2087/776/3572 2091/780/3573 2092/781/3574
f 2092/781/3574 2088/777/3575 2087/776/3572
s 1779
f 2088/777/3576 2092/781/3577 2093/782/3576
f 2093/782/3576 2094/783/3576 2088/777/3576
s 1780
f 2095/784/3578 2089/778/3578 2090/779/3579
f 2090/779/3579 2096/785/3579 2095/784/3578
s 1781
f 2089/778/3580 2095/784/3580 2097/786/3580
f 2097/786/3580 2091/780/3580 2089/778/3580
s 1782
f 2091/780/3581 2097/786/3581 2098/787/3581
f 2098/787/3581 2092/781/3581 2091/780/3581
s 1783
f 2092/781/3582 2098/787/3583 2099/788/3584
f 2099/788/3584 2093/782/3584 2092/781/3582
s 1784
f 2100/789/3585 2095/784/3585 2096/785/3585
f 2096/785/3585 2101/790/3585 2100/789/3585
s 1785
f 2095/784/3586 2100/789/3587 2102/791/3586
f 2102/791/3586 2097/786/3586 2095/784/3586
s 1786
f 2103/792/3588 2098/787/3588 2097/786/3588
f 2097/786/3588 2102/791/3588 2103/792/3588
s 1787
f 2104/793/3589 2099/788/3590 2098/787/3590
f 2098/787/3590 2103/792/3589 2104/793/3589
s 1788
f 2105/794/3591 2100/789/3591 2101/790/3592
f 2101/790/3592 2106/795/3591 2105/794/3591
s 1789
f 2107/796/3593 2102/791/3594 2100/789/3593
f 2100/789/3593 2105/794/3595 2107/796/3593
s 1790
f 2103/792/3596 2102/791/3596 2107/796/3596
f 2107/796/3596 2108/797/3596 2103/792/3596
s 1791
f 2109/798/3597 2104/793/3597 2103/792/3597
f 2103/792/3597 2108/797/3597 2109/798/3597
s 1792
f 2110/800/3598 2111/799/3599 2112/802/3599
f 2112/802/3599 2113/801/3598 2110/800/3598
s 1793
f 2114/804/3600 2115/803/3601 2113/801/3601
f 2113/801/3601 2112/802/3600 2114/804/3600
s 1794
f 2115/803/3602 2114/804/3602 2116/806/3602
f 2116/806/3602 2117/805/3603 2115/803/3602
s 1795
f 2118/808/3604 2119/807/3605 2117/805/3605
f 2117/805/3605 2116/806/3606 2118/808/3604
s 1796
f 2119/807/3607 2118/808/3607 2120/810/3607
f 2120/810/3607 2121/809/3607 2119/807/3607
s 1797
f 2122/812/3608 2123/811/3608 2121/809/3608
f 2121/809/3608 2120/810/3608 2122/812/3608
s 1798
f 2123/811/3609 2122/812/3609 2124/814/3609
f 2124/814/3609 2125/813/3609 2123/811/3609
s 1799
f 2126/815/3610 2112/802/3610 2111/799/3610
f 2111/799/3610 2127/816/3611 2126/815/3610
s 1800
f 2112/802/3612 2126/815/3613 2128/817/3614
f 2128/817/3614 2114/804/3612 2112/802/3612
s 1801
f 2129/818/3615 2116/806/3615 2114/804/3615
f 2114/804/3615 2128/817/3615 2129/818/3615
s 1802
f 2130/819/3616 2118/808/3617 2116/806/3616
f 2116/806/3616 2129/818/3618 2130/819/3616
s 1803
f 2118/808/3619 2130/819/3619 2131/820/3619
f 2131/820/3619 2120/810/3619 2118/808/3619
s 1804
f 2132/821/3620 2122/812/3620 2120/810/3620
f 2120/810/3620 2131/820/3620 2132/821/3620
s 1805
f 2122/812/3621 2132/821/3621 2133/822/3621
f 2133/822/3621 2124/814/3621 2122/812/3621
s 1806
f 2127/816/3622 2134/824/3623 2135/823/3622
f 2135/823/3622 2126/815/3624 2127/816/3622
s 1807
f 2136/825/3625 2128/817/3625 2126/815/3625
f 2126/815/3625 2135/823/3626 2136/825/3625
s 1808
f 2128/817/3627 2136/825/3627 2137/826/3627
f 2137/826/3627 2129/818/3627 2128/817/3627
s 1809
f 2138/827/3628 2130/819/3629 2129/818/3628
f 2129/818/3628 2137/826/3628 2138/827/3628
s 1810
f 2139/828/3630 2131/820/3630 2130/819/3630
f 2130/819/3630 2138/827/3630 2139/828/3630
s 1811
f 2132/821/3631 2131/820/3632 2139/828/3632
f 2139/828/3632 2140/829/3632 2132/821/3631
s 1812
f 2133/822/3633 2132/821/3633 2140/829/3633
f 2140/829/3633 2141/830/3633 2133/822/3633
s 1813
f 2138/827/3634 2142/832/3634 2143/831/3634
f 2143/831/3634 2139/828/3635 2138/827/3634
s 1814
f 2140/829/3636 2139/828/3636 2143/831/3636
f 2143/831/3636 2144/833/3637 2140/829/3636
s 1815
f 2141/830/3638 2140/829/3639 2144/833/3639
f 2144/833/3639 2145/834/3638 2141/830/3638
s 1816
f 2146/835/3640 2147/838/3641 2148/837/3640
f 2148/837/3640 2149/836/3640 2146/835/3640
s 1817
f 2150/839/3642 2146/835/3643 2149/836/3643
f 2149/836/3643 2151/840/3644 2150/839/3642
s 1818
f 2152/842/3645 2153/841/3646 2150/839/3646
f 2150/839/3646 2151/840/3646 2152/842/3645
s 1819
f 2154/843/3647 2153/841/3648 2152/842/3648
f 2152/842/3648 2155/844/3648 2154/843/3647
s 1820
f 2156/845/3649 2154/843/3649 2155/844/3649
f 2155/844/3649 2157/846/3649 2156/845/3649
s 1821
f 2156/845/3650 2157/846/3650 2158/848/3650
f 2158/848/3650 2159/847/3650 2156/845/3650
s 1758
f 2160/849/3651 2159/847/3652 2158/848/3652
f 2158/848/3652 2161/850/3653 2160/849/3651
s 1822
f 2162/852/3654 2149/836/3654 2148/837/3654
f 2148/837/3654 2163/851/3654 2162/852/3654
s 1823
f 2151/840/3655 2149/836/3655 2162/852/3655
f 2162/852/3655 2164/853/3655 2151/840/3655
s 1824
f 2152/842/3656 2151/840/3656 2164/853/3657
f 2164/853/3657 2165/854/3656 2152/842/3656
s 1825
f 2166/855/3658 2155/844/3659 2152/842/3658
f 2152/842/3658 2165/854/3658 2166/855/3658
s 1826
f 2157/846/3660 2155/844/3660 2166/855/3661
f 2166/855/3661 2167/856/3661 2157/846/3660
s 1827
f 2158/848/3662 2157/846/3662 2167/856/3662
f 2167/856/3662 2168/857/3663 2158/848/3662
s 1828
f 2158/848/3664 2168/857/3664 2169/858/3665
f 2169/858/3665 2161/850/3664 2158/848/3664
s 1829
f 2162/852/3666 2163/851/3666 2170/860/3667
f 2170/860/3667 2171/859/3666 2162/852/3666
s 1830
f 2172/861/3668 2164/853/3668 2162/852/3668
f 2162/852/3668 2171/859/3668 2172/861/3668
s 1831
f 2165/854/3669 2164/853/3669 2172/861/3669
f 2172/861/3669 2173/862/3669 2165/854/3669
s 1832
f 2166/855/3670 2165/854/3670 2173/862/3670
f 2173/862/3670 2174/863/3671 2166/855/3670
s 1833
f 2175/864/3672 2167/856/3672 2166/855/3672
f 2166/855/3672 2174/863/3672 2175/864/3672
s 1834
f 2168/857/3673 2167/856/3674 2175/864/3674
f 2175/864/3674 2176/865/3673 2168/857/3673
s 1835
f 2169/858/3675 2168/857/3675 2176/865/3675
f 2176/865/3675 2177/866/3675 2169/858/3675
s 1836
f 2171/859/3676 2170/860/3677 2178/868/3677
f 2178/868/3677 2179/867/3676 2171/859/3676
s 1837
f 2172/861/3678 2171/859/3678 2179/867/3678
f 2179/867/3678 2180/869/3678 2172/861/3678
s 1838
f 2172/861/3679 2180/869/3679 2181/870/3679
f 2181/870/3679 2173/862/3679 2172/861/3679
s 1839
f 2174/863/3680 2173/862/3680 2181/870/3680
f 2181/870/3680 2182/871/3680 2174/863/3680
s 1840
f 2175/864/3681 2174/863/3681 2182/871/3681
f 2182/871/3681 2183/872/3681 2175/864/3681
s 1841
f 2175/864/3682 2183/872/3682 2184/873/3682
f 2184/873/3682 2176/865/3682 2175/864/3682
s 1842
f 2177/866/3683 2176/865/3684 2184/873/3685
f 2184/873/3685 2185/874/3684 2177/866/3683
s 1843
f 2178/868/3686 2186/876/3686 2187/875/3686
f 2187/875/3686 2179/867/3687 2178/868/3686
s 1844
f 2180/869/3688 2179/867/3688 2187/875/3688
f 2187/875/3688 2188/877/3688 2180/869/3688
s 1845
f 2181/870/3689 2180/869/3689 2188/877/3690
f 2188/877/3690 2189/878/3689 2181/870/3689
s 1846
f 2181/870/3691 2189/878/3691 2190/879/3691
f 2190/879/3691 2182/871/3691 2181/870/3691
s 1847
f 2183/872/3692 2182/871/3692 2190/879/3693
f 2190/879/3693 2191/880/3692 2183/872/3692
s 1848
f 2184/873/3694 2183/872/3695 2191/880/3695
f 2191/880/3695 2192/881/3694 2184/873/3694
s 1849
f 2193/882/3696 2185/874/3696 2184/873/3696
f 2184/873/3696 2192/881/3696 2193/882/3696
s 1850
f 2187/875/3697 2186/876/3697 2194/884/3698
f 2194/884/3698 2195/883/3697 2187/875/3697
s 1851
f 2196/885/3699 2188/877/3699 2187/875/3700
f 2187/875/3700 2195/883/3700 2196/885/3699
s 1852
f 2189/878/3701 2188/877/3701 2196/885/3701
f 2196/885/3701 2197/886/3701 2189/878/3701
s 1853
f 2190/879/3702 2189/878/3702 2197/886/3702
f 2197/886/3702 2198/887/3703 2190/879/3702
s 1854
f 2199/888/3704 2191/880/3704 2190/879/3704
f 2190/879/3704 2198/887/3704 2199/888/3704
s 1855
f 2192/881/3705 2191/880/3706 2199/888/3705
f 2199/888/3705 2200/889/3705 2192/881/3705
s 1856
f 2193/882/3707 2192/881/3707 2200/889/3707
f 2200/889/3707 2201/890/3707 2193/882/3707
s 1857
f 2036/726/3708 2105/794/3709 2106/795/3708
f 2106/795/3708 2037/725/3708 2036/726/3708
s 1858
f 2045/734/3710 2107/796/3711 2105/794/3710
f 2105/794/3710 2036/726/3710 2045/734/3710
s 1859
f 2108/797/3712 2107/796/3713 2045/734/3712
f 2045/734/3712 2053/742/3712 2108/797/3712
s 1860
f 2061/750/3714 2109/798/3714 2108/797/3714
f 2108/797/3714 2053/742/3715 2061/750/3714
s 1861
f 2194/884/3716 2125/813/3716 2124/814/3716
f 2124/814/3716 2195/883/3716 2194/884/3716
s 1862
f 2133/822/3717 2196/885/3717 2195/883/3717
f 2195/883/3717 2124/814/3717 2133/822/3717
s 1863
f 2197/886/3718 2196/885/3719 2133/822/3719
f 2133/822/3719 2141/830/3720 2197/886/3718
s 1864
f 2145/834/3721 2198/887/3721 2197/886/3722
f 2197/886/3722 2141/830/3722 2145/834/3721
s 1865
f 2198/887/3723 2145/834/3724 2202/891/3723
f 2202/891/3723 2199/888/3723 2198/887/3723
s 1758
f 2161/850/3653 2070/759/3551 2071/760/3552
f 2071/760/3552 2160/849/3651 2161/850/3653
s 1866
f 2169/858/3725 2072/761/3725 2070/759/3725
f 2070/759/3725 2161/850/3725 2169/858/3725
s 1867
f 2177/866/3726 2073/762/3726 2072/761/3726
f 2072/761/3726 2169/858/3726 2177/866/3726
s 1868
f 2185/874/3727 2074/763/3727 2073/762/3727
f 2073/762/3727 2177/866/3728 2185/874/3727
s 1869
f 2193/882/3729 2075/764/3729 2074/763/3729
f 2074/763/3729 2185/874/3729 2193/882/3729
s 1870
f 2201/890/3730 2076/765/3730 2075/764/3730
f 2075/764/3730 2193/882/3730 2201/890/3730
s 1871
f 2203/894/3731 2204/893/3732 2205/892/3732
f 2205/892/3732 2024/712/3732 2203/894/3731
s 1872
f 2023/713/3733 2206/895/3733 2203/894/3733
f 2203/894/3733 2024/712/3733 2023/713/3733
s 1873
f 2027/715/3734 2207/896/3734 2206/895/3735
f 2206/895/3735 2023/713/3734 2027/715/3734
s 1874
f 2027/715/3736 2029/717/3736 2208/897/3736
f 2208/897/3736 2207/896/3736 2027/715/3736
s 1875
f 2031/719/3737 2209/898/3738 2208/897/3737
f 2208/897/3737 2029/717/3737 2031/719/3737
s 1876
f 2033/721/3739 2210/899/3739 2209/898/3739
f 2209/898/3739 2031/719/3739 2033/721/3739
s 1877
f 2033/721/3740 2035/724/3740 2211/900/3740
f 2211/900/3740 2210/899/3740 2033/721/3740
s 1878
f 2037/725/3741 2212/901/3741 2211/900/3741
f 2211/900/3741 2035/724/3741 2037/725/3741
s 1879
f 2205/892/3742 2213/902/3742 2025/711/3743
f 2025/711/3743 2024/712/3742 2205/892/3742
s 1880
f 2025/711/3744 2213/902/3744 2214/903/3744
f 2214/903/3744 2039/728/3745 2025/711/3744
s 1881
f 2214/903/3746 2215/904/3746 2046/735/3746
f 2046/735/3746 2039/728/3746 2214/903/3746
s 1882
f 2055/744/3747 2046/735/3747 2215/904/3747
f 2215/904/3747 2216/905/3747 2055/744/3747
s 1883
f 2217/906/3748 2063/752/3749 2055/744/3750
f 2055/744/3750 2216/905/3750 2217/906/3748
f 2218/907/3751 2071/760/3752 2063/752/3749
f 2063/752/3749 2217/906/3748 2218/907/3751
f 2219/908/3753 2160/849/3754 2071/760/3752
f 2071/760/3752 2218/907/3751 2219/908/3753
s 1884
f 1750/406/3755 1752/407/3755 2220/909/3756
f 2220/909/3756 2079/766/3755 1750/406/3755
s 1885
f 2078/767/3757 1749/405/3757 1750/406/3757
f 1750/406/3757 2079/766/3757 2078/767/3757
s 1886
f 2082/770/3758 1747/404/3758 1749/405/3758
f 1749/405/3758 2078/767/3758 2082/770/3758
s 1887
f 2084/772/3759 1748/403/3760 1747/404/3759
f 1747/404/3759 2082/770/3760 2084/772/3759
s 1888
f 2079/766/3761 2220/909/3761 2221/910/3761
f 2221/910/3761 2080/769/3761 2079/766/3761
s 1889
f 2221/910/3762 2222/911/3763 2086/775/3762
f 2086/775/3762 2080/769/3762 2221/910/3762
s 1890
f 2222/911/3764 2223/912/3765 2090/779/3765
f 2090/779/3765 2086/775/3765 2222/911/3764
s 1891
f 2224/913/3766 2096/785/3766 2090/779/3766
f 2090/779/3766 2223/912/3767 2224/913/3766
s 1892
f 2096/785/3768 2224/913/3768 2225/914/3768
f 2225/914/3768 2101/790/3768 2096/785/3768
s 1893
f 2225/914/3769 2226/915/3769 2106/795/3769
f 2106/795/3769 2101/790/3769 2225/914/3769
s 1894
f 2212/901/3770 2037/725/3770 2106/795/3771
f 2106/795/3771 2226/915/3770 2212/901/3770
s 1895
f 2110/800/3772 2021/916/3773 1651/303/3773
f 1651/303/3773 1653/304/3773 2110/800/3772
s 1896
f 2113/801/3774 2020/917/3775 2021/916/3775
f 2021/916/3775 2110/800/3774 2113/801/3774
s 1897
f 2115/803/3776 2019/918/3776 2020/917/3776
f 2020/917/3776 2113/801/3777 2115/803/3776
s 1898
f 2117/805/3778 2018/919/3778 2019/918/3778
f 2019/918/3778 2115/803/3778 2117/805/3778
s 1899
f 2119/807/3779 2017/920/3779 2018/919/3779
f 2018/919/3779 2117/805/3780 2119/807/3779
s 1900
f 2121/809/3781 2016/921/3781 2017/920/3781
f 2017/920/3781 2119/807/3781 2121/809/3781
s 1901
f 2123/811/3782 2015/922/3782 2016/921/3782
f 2016/921/3782 2121/809/3782 2123/811/3782
s 1902
f 2125/813/3783 2014/923/3783 2015/922/3783
f 2015/922/3783 2123/811/3783 2125/813/3783
s 1903
f 2111/799/3784 2110/800/3784 1653/304/3785
f 1653/304/3785 1654/305/3785 2111/799/3784
s 1904
f 2127/816/3786 2111/799/3787 1654/305/3786
f 1654/305/3786 1655/306/3786 2127/816/3786
s 1905
f 2127/816/3788 1655/306/3788 1656/307/3788
f 1656/307/3788 2134/824/3788 2127/816/3788
s 1906
f 2007/665/3789 2006/925/3790 2147/838/3790
f 2147/838/3790 2227/924/3790 2007/665/3789
s 1907
f 2146/835/3791 2228/926/3791 2227/924/3792
f 2227/924/3792 2147/838/3791 2146/835/3791
s 1908
f 2229/927/3793 2228/926/3793 2146/835/3793
f 2146/835/3793 2150/839/3793 2229/927/3793
s 1909
f 2153/841/3794 2230/928/3794 2229/927/3794
f 2229/927/3794 2150/839/3794 2153/841/3794
s 1910
f 2230/928/3795 2153/841/3795 2154/843/3795
f 2154/843/3795 2231/929/3795 2230/928/3795
s 1883
f 2232/930/3796 2231/929/3797 2154/843/3797
f 2154/843/3797 2156/845/3798 2232/930/3796
f 2159/847/3799 2233/931/3800 2232/930/3796
f 2232/930/3796 2156/845/3798 2159/847/3799
f 2233/931/3800 2159/847/3799 2160/849/3754
f 2160/849/3754 2219/908/3753 2233/931/3800
s 1911
f 2148/837/3801 2147/838/3801 2006/925/3801
f 2006/925/3801 2008/932/3801 2148/837/3801
s 1912
f 2163/851/3802 2148/837/3802 2008/932/3802
f 2008/932/3802 2009/933/3802 2163/851/3802
s 1913
f 2010/934/3803 2170/860/3803 2163/851/3803
f 2163/851/3803 2009/933/3803 2010/934/3803
s 1914
f 2010/934/3804 2011/935/3805 2178/868/3804
f 2178/868/3804 2170/860/3804 2010/934/3804
s 1915
f 2011/935/3806 2012/936/3806 2186/876/3806
f 2186/876/3806 2178/868/3806 2011/935/3806
s 1916
f 2186/876/3807 2012/936/3808 2013/937/3807
f 2013/937/3807 2194/884/3807 2186/876/3807
s 1917
f 2194/884/3809 2013/937/3809 2014/923/3809
f 2014/923/3809 2125/813/3809 2194/884/3809
s 1918
f 2234/941/3810 2235/940/3810 2236/939/3810
f 2236/939/3810 2237/938/3810 2234/941/3810
s 1919
f 2235/940/3811 2234/941/3812 2238/943/3811
f 2238/943/3811 2239/942/3811 2235/940/3811
s 1920
f 2239/942/3813 2238/943/3813 2240/945/3813
f 2240/945/3813 2241/944/3813 2239/942/3813
s 1921
f 2242/947/3814 2243/946/3814 2241/944/3815
f 2241/944/3815 2240/945/3814 2242/947/3814
s 1922
f 2243/946/3816 2242/947/3816 2244/949/3816
f 2244/949/3816 2245/948/3816 2243/946/3816
s 1923
f 2245/948/3817 2244/949/3818 2246/951/3818
f 2246/951/3818 2247/950/3818 2245/948/3817
s 1924
f 2248/953/3819 2249/952/3819 2247/950/3819
f 2247/950/3819 2246/951/3820 2248/953/3819
s 1925
f 2249/952/3821 2248/953/3821 2250/955/3821
f 2250/955/3821 2251/954/3821 2249/952/3821
s 1926
f 2251/954/3822 2250/955/3823 2252/956/3824
f 2252/956/3824 2253/957/3822 2251/954/3822
s 1927
f 2254/958/3825 2255/959/3825 2253/957/3826
f 2253/957/3826 2252/956/3827 2254/958/3825
s 1928
f 2255/959/3828 2254/958/3829 2256/960/3830
f 2256/960/3830 2257/961/3829 2255/959/3828
s 1929
f 2257/961/3831 2256/960/3831 2258/962/3831
f 2258/962/3831 2259/963/3831 2257/961/3831
s 1930
f 2260/964/3832 2261/965/3832 2259/963/3832
f 2259/963/3832 2258/962/3832 2260/964/3832
s 1931
f 2261/965/3833 2260/964/3833 2262/967/3833
f 2262/967/3833 2263/966/3833 2261/965/3833
s 1932
f 2264/969/3834 2234/941/3834 2237/938/3835
f 2237/938/3835 2265/968/3834 2264/969/3834
s 1933
f 2234/941/3836 2264/969/3836 2266/970/3836
f 2266/970/3836 2238/943/3836 2234/941/3836
s 1934
f 2267/971/3837 2240/945/3837 2238/943/3837
f 2238/943/3837 2266/970/3837 2267/971/3837
s 1935
f 2268/972/3838 2242/947/3838 2240/945/3839
f 2240/945/3839 2267/971/3838 2268/972/3838
s 1936
f 2269/973/3840 2244/949/3840 2242/947/3840
f 2242/947/3840 2268/972/3840 2269/973/3840
s 1937
f 2270/974/3841 2246/951/3841 2244/949/3841
f 2244/949/3841 2269/973/3841 2270/974/3841
s 1938
f 2271/975/3842 2248/953/3843 2246/951/3844
f 2246/951/3844 2270/974/3842 2271/975/3842
s 1939
f 2272/976/3845 2250/955/3846 2248/953/3845
f 2248/953/3845 2271/975/3845 2272/976/3845
s 1940
f 2273/977/3847 2252/956/3848 2250/955/3849
f 2250/955/3849 2272/976/3850 2273/977/3847
s 1941
f 2274/978/3851 2254/958/3851 2252/956/3851
f 2252/956/3851 2273/977/3851 2274/978/3851
s 1942
f 2275/979/3852 2256/960/3852 2254/958/3852
f 2254/958/3852 2274/978/3852 2275/979/3852
s 1943
f 2276/980/3853 2258/962/3853 2256/960/3853
f 2256/960/3853 2275/979/3853 2276/980/3853
s 1944
f 2277/981/3854 2260/964/3854 2258/962/3854
f 2258/962/3854 2276/980/3854 2277/981/3854
s 1945
f 2278/982/3855 2262/967/3855 2260/964/3855
f 2260/964/3855 2277/981/3855 2278/982/3855
s 1946
f 2279/984/3856 2264/969/3856 2265/968/3856
f 2265/968/3856 2280/983/3856 2279/984/3856
s 1947
f 2264/969/3857 2279/984/3857 2281/985/3857
f 2281/985/3857 2266/970/3857 2264/969/3857
s 1948
f 2266/970/3858 2281/985/3858 2282/986/3858
f 2282/986/3858 2267/971/3858 2266/970/3858
s 1949
f 2283/987/3859 2268/972/3859 2267/971/3860
f 2267/971/3860 2282/986/3860 2283/987/3859
s 1950
f 2268/972/3861 2283/987/3861 2284/988/3861
f 2284/988/3861 2269/973/3861 2268/972/3861
s 1951
f 2269/973/3862 2284/988/3863 2285/989/3863
f 2285/989/3863 2270/974/3862 2269/973/3862
s 1952
f 2286/990/3864 2271/975/3864 2270/974/3864
f 2270/974/3864 2285/989/3864 2286/990/3864
s 1953
f 2271/975/3865 2286/990/3865 2287/991/3866
f 2287/991/3866 2272/976/3867 2271/975/3865
s 1954
f 2272/976/3868 2287/991/3869 2288/992/3869
f 2288/992/3869 2273/977/3869 2272/976/3868
s 1955
f 2289/993/3870 2274/978/3870 2273/977/3870
f 2273/977/3870 2288/992/3870 2289/993/3870
s 1956
f 2274/978/3871 2289/993/3871 2290/994/3872
f 2290/994/3872 2275/979/3872 2274/978/3871
s 1957
f 2275/979/3873 2290/994/3873 2291/995/3873
f 2291/995/3873 2276/980/3874 2275/979/3873
s 1958
f 2276/980/3875 2291/995/3875 2292/996/3875
f 2292/996/3875 2277/981/3875 2276/980/3875
s 1959
f 2277/981/3876 2292/996/3876 2293/997/3876
f 2293/997/3876 2278/982/3876 2277/981/3876
s 1960
f 2294/999/3877 2279/984/3877 2280/983/3877
f 2280/983/3877 2295/998/3878 2294/999/3877
s 1961
f 2296/1000/3879 2281/985/3879 2279/984/3879
f 2279/984/3879 2294/999/3879 2296/1000/3879
s 1962
f 2281/985/3880 2296/1000/3880 2297/1001/3880
f 2297/1001/3880 2282/986/3880 2281/985/3880
s 1963
f 2298/1002/3881 2283/987/3881 2282/986/3881
f 2282/986/3881 2297/1001/3881 2298/1002/3881
s 1964
f 2283/987/3882 2298/1002/3882 2299/1003/3882
f 2299/1003/3882 2284/988/3882 2283/987/3882
s 1965
f 2284/988/3883 2299/1003/3884 2300/1004/3884
f 2300/1004/3884 2285/989/3884 2284/988/3883
s 1966
f 2301/1005/3885 2286/990/3886 2285/989/3887
f 2285/989/3887 2300/1004/3888 2301/1005/3885
s 1967
f 2302/1006/3889 2287/991/3889 2286/990/3889
f 2286/990/3889 2301/1005/3889 2302/1006/3889
s 1968
f 2287/991/3890 2302/1006/3891 2303/1007/3891
f 2303/1007/3891 2288/992/3890 2287/991/3890
s 1969
f 2304/1008/3892 2289/993/3892 2288/992/3892
f 2288/992/3892 2303/1007/3892 2304/1008/3892
s 1970
f 2305/1009/3893 2290/994/3894 2289/993/3894
f 2289/993/3894 2304/1008/3894 2305/1009/3893
s 1971
f 2290/994/3895 2305/1009/3895 2306/1010/3896
f 2306/1010/3896 2291/995/3896 2290/994/3895
s 1972
f 2307/1011/3897 2292/996/3897 2291/995/3897
f 2291/995/3897 2306/1010/3897 2307/1011/3897
s 1973
f 2308/1012/3898 2293/997/3898 2292/996/3898
f 2292/996/3898 2307/1011/3898 2308/1012/3898
s 1974
f 2309/1014/3899 2294/999/3899 2295/998/3900
f 2295/998/3900 2310/1013/3900 2309/1014/3899
s 1975
f 2294/999/3901 2309/1014/3901 2311/1015/3902
f 2311/1015/3902 2296/1000/3901 2294/999/3901
s 1976
f 2296/1000/3903 2311/1015/3903 2312/1016/3903
f 2312/1016/3903 2297/1001/3904 2296/1000/3903
s 1977
f 2313/1017/3905 2298/1002/3905 2297/1001/3905
f 2297/1001/3905 2312/1016/3905 2313/1017/3905
s 1978
f 2298/1002/3906 2313/1017/3906 2314/1018/3907
f 2314/1018/3907 2299/1003/3906 2298/1002/3906
s 1979
f 2299/1003/3908 2314/1018/3909 2315/1019/3908
f 2315/1019/3908 2300/1004/3908 2299/1003/3908
s 1980
f 2316/1020/3910 2301/1005/3911 2300/1004/3911
f 2300/1004/3911 2315/1019/3911 2316/1020/3910
s 1981
f 2301/1005/3912 2316/1020/3913 2317/1021/3913
f 2317/1021/3913 2302/1006/3914 2301/1005/3912
s 1982
f 2302/1006/3915 2317/1021/3916 2318/1022/3916
f 2318/1022/3916 2303/1007/3917 2302/1006/3915
s 1983
f 2319/1023/3918 2304/1008/3918 2303/1007/3918
f 2303/1007/3918 2318/1022/3919 2319/1023/3918
s 1984
f 2304/1008/3920 2319/1023/3921 2320/1024/3921
f 2320/1024/3921 2305/1009/3921 2304/1008/3920
s 1985
f 2305/1009/3922 2320/1024/3922 2321/1025/3922
f 2321/1025/3922 2306/1010/3922 2305/1009/3922
s 1986
f 2322/1026/3923 2307/1011/3923 2306/1010/3923
f 2306/1010/3923 2321/1025/3923 2322/1026/3923
s 1987
f 2323/1027/3924 2308/1012/3924 2307/1011/3924
f 2307/1011/3924 2322/1026/3925 2323/1027/3924
s 1988
f 2324/1029/3926 2309/1014/3926 2310/1013/3927
f 2310/1013/3927 2325/1028/3926 2324/1029/3926
s 1989
f 2309/1014/3928 2324/1029/3928 2326/1030/3928
f 2326/1030/3928 2311/1015/3929 2309/1014/3928
s 1990
f 2311/1015/3930 2326/1030/3930 2327/1031/3930
f 2327/1031/3930 2312/1016/3930 2311/1015/3930
s 1991
f 2328/1032/3931 2313/1017/3931 2312/1016/3931
f 2312/1016/3931 2327/1031/3932 2328/1032/3931
s 1992
f 2313/1017/3933 2328/1032/3934 2329/1033/3934
f 2329/1033/3934 2314/1018/3935 2313/1017/3933
s 1993
f 2314/1018/3936 2329/1033/3936 2330/1034/3936
f 2330/1034/3936 2315/1019/3937 2314/1018/3936
s 1994
f 2331/1035/3938 2316/1020/3938 2315/1019/3938
f 2315/1019/3938 2330/1034/3939 2331/1035/3938
s 1995
f 2316/1020/3940 2331/1035/3941 2332/1036/3942
f 2332/1036/3942 2317/1021/3942 2316/1020/3940
s 1996
f 2317/1021/3943 2332/1036/3944 2333/1037/3945
f 2333/1037/3945 2318/1022/3946 2317/1021/3943
s 1997
f 2334/1038/3947 2319/1023/3947 2318/1022/3947
f 2318/1022/3947 2333/1037/3947 2334/1038/3947
s 1998
f 2319/1023/3948 2334/1038/3948 2335/1039/3948
f 2335/1039/3948 2320/1024/3949 2319/1023/3948
s 1999
f 2320/1024/3950 2335/1039/3950 2336/1040/3951
f 2336/1040/3951 2321/1025/3950 2320/1024/3950
s 2000
f 2337/1041/3952 2322/1026/3952 2321/1025/3952
f 2321/1025/3952 2336/1040/3952 2337/1041/3952
s 2001
f 2338/1042/3953 2323/1027/3954 2322/1026/3955
f 2322/1026/3955 2337/1041/3955 2338/1042/3953
s 2002
f 2325/1028/3956 2339/1043/3957 2340/1044/3956
f 2340/1044/3956 2324/1029/3956 2325/1028/3956
s 2003
f 2324/1029/3958 2340/1044/3959 2341/1045/3959
f 2341/1045/3959 2326/1030/3959 2324/1029/3958
s 2004
f 2326/1030/3960 2341/1045/3960 2342/1046/3960
f 2342/1046/3960 2327/1031/3961 2326/1030/3960
s 2005
f 2343/1047/3962 2328/1032/3962 2327/1031/3962
f 2327/1031/3962 2342/1046/3962 2343/1047/3962
s 2006
f 2328/1032/3963 2343/1047/3963 2344/1048/3963
f 2344/1048/3963 2329/1033/3963 2328/1032/3963
s 2007
f 2329/1033/3964 2344/1048/3965 2345/1049/3966
f 2345/1049/3966 2330/1034/3967 2329/1033/3964
s 2008
f 2346/1050/3968 2331/1035/3968 2330/1034/3968
f 2330/1034/3968 2345/1049/3968 2346/1050/3968
s 2009
f 2347/1051/3969 2332/1036/3970 2331/1035/3971
f 2331/1035/3971 2346/1050/3971 2347/1051/3969
s 2010
f 2332/1036/3972 2347/1051/3973 2348/1052/3974
f 2348/1052/3974 2333/1037/3975 2332/1036/3972
s 2011
f 2349/1053/3976 2334/1038/3976 2333/1037/3977
f 2333/1037/3977 2348/1052/3978 2349/1053/3976
s 2012
f 2334/1038/3979 2349/1053/3980 2350/1054/3979
f 2350/1054/3979 2335/1039/3979 2334/1038/3979
s 2013
f 2335/1039/3981 2350/1054/3982 2351/1055/3981
f 2351/1055/3981 2336/1040/3983 2335/1039/3981
s 2014
f 2352/1056/3984 2337/1041/3984 2336/1040/3984
f 2336/1040/3984 2351/1055/3984 2352/1056/3984
s 2015
f 2337/1041/3985 2352/1056/3985 2353/1057/3986
f 2353/1057/3986 2338/1042/3987 2337/1041/3985
s 2016
f 2354/1059/3988 2340/1044/3989 2339/1043/3990
f 2339/1043/3990 2355/1058/3990 2354/1059/3988
s 2017
f 2356/1060/3991 2341/1045/3992 2340/1044/3993
f 2340/1044/3993 2354/1059/3993 2356/1060/3991
s 2018
f 2341/1045/3994 2356/1060/3994 2357/1061/3995
f 2357/1061/3995 2342/1046/3995 2341/1045/3994
s 2019
f 2358/1062/3996 2343/1047/3996 2342/1046/3997
f 2342/1046/3997 2357/1061/3996 2358/1062/3996
s 2020
f 2343/1047/3998 2358/1062/3999 2359/1063/4000
f 2359/1063/4000 2344/1048/3999 2343/1047/3998
s 2021
f 2344/1048/4001 2359/1063/4002 2360/1064/4003
f 2360/1064/4003 2345/1049/4004 2344/1048/4001
s 2022
f 2361/1065/4005 2346/1050/4006 2345/1049/4006
f 2345/1049/4006 2360/1064/4006 2361/1065/4005
s 2023
f 2362/1066/4007 2347/1051/4007 2346/1050/4007
f 2346/1050/4007 2361/1065/4007 2362/1066/4007
s 2024
f 2363/1067/4008 2348/1052/4009 2347/1051/4008
f 2347/1051/4008 2362/1066/4008 2363/1067/4008
s 2025
f 2364/1068/4010 2349/1053/4010 2348/1052/4010
f 2348/1052/4010 2363/1067/4010 2364/1068/4010
s 2026
f 2350/1054/4011 2349/1053/4012 2364/1068/4012
f 2364/1068/4012 2365/1069/4012 2350/1054/4011
s 2027
f 2366/1070/4013 2351/1055/4014 2350/1054/4013
f 2350/1054/4013 2365/1069/4013 2366/1070/4013
s 2028
f 2367/1071/4015 2352/1056/4016 2351/1055/4017
f 2351/1055/4017 2366/1070/4017 2367/1071/4015
s 2029
f 2368/1072/4018 2353/1057/4019 2352/1056/4019
f 2352/1056/4019 2367/1071/4019 2368/1072/4018
s 2030
f 2369/1074/4020 2354/1059/4020 2355/1058/4020
f 2355/1058/4020 2370/1073/4021 2369/1074/4020
s 2031
f 2354/1059/4022 2369/1074/4022 2371/1075/4022
f 2371/1075/4022 2356/1060/4022 2354/1059/4022
s 2032
f 2372/1076/4023 2357/1061/4023 2356/1060/4023
f 2356/1060/4023 2371/1075/4023 2372/1076/4023
s 2033
f 2373/1077/4024 2358/1062/4024 2357/1061/4025
f 2357/1061/4025 2372/1076/4025 2373/1077/4024
s 2034
f 2358/1062/4026 2373/1077/4026 2374/1078/4027
f 2374/1078/4027 2359/1063/4028 2358/1062/4026
s 2035
f 2375/1079/4029 2360/1064/4030 2359/1063/4031
f 2359/1063/4031 2374/1078/4031 2375/1079/4029
s 2036
f 2376/1080/4032 2361/1065/4033 2360/1064/4034
f 2360/1064/4034 2375/1079/4035 2376/1080/4032
s 2037
f 2361/1065/4036 2376/1080/4036 2377/1081/4037
f 2377/1081/4037 2362/1066/4038 2361/1065/4036
s 2038
f 2363/1067/4039 2362/1066/4039 2377/1081/4039
f 2377/1081/4039 2378/1082/4039 2363/1067/4039
s 2039
f 2364/1068/4040 2363/1067/4041 2378/1082/4040
f 2378/1082/4040 2379/1083/4040 2364/1068/4040
s 2040
f 2365/1069/4042 2364/1068/4042 2379/1083/4042
f 2379/1083/4042 2380/1084/4042 2365/1069/4042
s 2041
f 2381/1085/4043 2366/1070/4044 2365/1069/4044
f 2365/1069/4044 2380/1084/4044 2381/1085/4043
s 2042
f 2382/1086/4045 2367/1071/4045 2366/1070/4045
f 2366/1070/4045 2381/1085/4045 2382/1086/4045
s 2043
f 2367/1071/4046 2382/1086/4046 2383/1087/4046
f 2383/1087/4046 2368/1072/4046 2367/1071/4046
s 2044
f 2369/1074/4047 2370/1073/4047 2384/1088/4048
f 2384/1088/4048 2385/1089/4047 2369/1074/4047
s 2045
f 2369/1074/4049 2385/1089/4050 2386/1090/4049
f 2386/1090/4049 2371/1075/4050 2369/1074/4049
s 2046
f 2372/1076/4051 2371/1075/4051 2386/1090/4051
f 2386/1090/4051 2387/1091/4051 2372/1076/4051
s 2047
f 2373/1077/4052 2372/1076/4052 2387/1091/4052
f 2387/1091/4052 2388/1092/4052 2373/1077/4052
s 2048
f 2373/1077/4053 2388/1092/4054 2389/1093/4055
f 2389/1093/4055 2374/1078/4053 2373/1077/4053
s 2049
f 2375/1079/4056 2374/1078/4056 2389/1093/4056
f 2389/1093/4056 2390/1094/4056 2375/1079/4056
s 2050
f 2376/1080/4057 2375/1079/4057 2390/1094/4057
f 2390/1094/4057 2391/1095/4058 2376/1080/4057
s 2051
f 2376/1080/4059 2391/1095/4060 2392/1096/4059
f 2392/1096/4059 2377/1081/4059 2376/1080/4059
s 2052
f 2378/1082/4061 2377/1081/4062 2392/1096/4062
f 2392/1096/4062 2393/1097/4062 2378/1082/4061
s 2053
f 2379/1083/4063 2378/1082/4063 2393/1097/4063
f 2393/1097/4063 2394/1098/4063 2379/1083/4063
s 2054
f 2379/1083/4064 2394/1098/4065 2395/1099/4064
f 2395/1099/4064 2380/1084/4064 2379/1083/4064
s 2055
f 2381/1085/4066 2380/1084/4066 2395/1099/4066
f 2395/1099/4066 2396/1100/4066 2381/1085/4066
s 2056
f 2382/1086/4067 2381/1085/4068 2396/1100/4068
f 2396/1100/4068 2397/1101/4067 2382/1086/4067
s 2057
f 2382/1086/4069 2397/1101/4069 2398/1102/4069
f 2398/1102/4069 2383/1087/4069 2382/1086/4069
s 2058
f 2385/1089/4070 2384/1088/4071 2399/1103/4070
f 2399/1103/4070 2400/1104/4070 2385/1089/4070
s 2059
f 2385/1089/4072 2400/1104/4072 2401/1105/4072
f 2401/1105/4072 2386/1090/4072 2385/1089/4072
s 2060
f 2387/1091/4073 2386/1090/4073 2401/1105/4073
f 2401/1105/4073 2402/1106/4073 2387/1091/4073
s 2061
f 2388/1092/4074 2387/1091/4074 2402/1106/4074
f 2402/1106/4074 2403/1107/4074 2388/1092/4074
s 2062
f 2388/1092/4075 2403/1107/4076 2404/1108/4075
f 2404/1108/4075 2389/1093/4077 2388/1092/4075
s 2063
f 2390/1094/4078 2389/1093/4078 2404/1108/4079
f 2404/1108/4079 2405/1109/4078 2390/1094/4078
s 2064
f 2391/1095/4080 2390/1094/4080 2405/1109/4081
f 2405/1109/4081 2406/1110/4080 2391/1095/4080
s 2065
f 2391/1095/4082 2406/1110/4082 2407/1111/4082
f 2407/1111/4082 2392/1096/4082 2391/1095/4082
s 2066
f 2393/1097/4083 2392/1096/4084 2407/1111/4085
f 2407/1111/4085 2408/1112/4085 2393/1097/4083
s 2067
f 2394/1098/4086 2393/1097/4086 2408/1112/4086
f 2408/1112/4086 2409/1113/4086 2394/1098/4086
s 2068
f 2394/1098/4087 2409/1113/4087 2410/1114/4088
f 2410/1114/4088 2395/1099/4088 2394/1098/4087
s 2069
f 2396/1100/4089 2395/1099/4089 2410/1114/4089
f 2410/1114/4089 2411/1115/4089 2396/1100/4089
s 2070
f 2397/1101/4090 2396/1100/4090 2411/1115/4090
f 2411/1115/4090 2412/1116/4090 2397/1101/4090
s 2071
f 2397/1101/4091 2412/1116/4091 2413/1117/4092
f 2413/1117/4092 2398/1102/4092 2397/1101/4091
s 2072
f 2400/1104/4093 2399/1103/4093 2414/1118/4093
f 2414/1118/4093 2415/1119/4093 2400/1104/4093
s 2073
f 2400/1104/4094 2415/1119/4094 2416/1120/4094
f 2416/1120/4094 2401/1105/4094 2400/1104/4094
s 2074
f 2402/1106/4095 2401/1105/4095 2416/1120/4096
f 2416/1120/4096 2417/1121/4095 2402/1106/4095
s 2075
f 2403/1107/4097 2402/1106/4097 2417/1121/4097
f 2417/1121/4097 2418/1122/4097 2403/1107/4097
s 2076
f 2403/1107/4098 2418/1122/4099 2419/1123/4099
f 2419/1123/4099 2404/1108/4099 2403/1107/4098
s 2077
f 2405/1109/4100 2404/1108/4100 2419/1123/4101
f 2419/1123/4101 2420/1124/4100 2405/1109/4100
s 2078
f 2406/1110/4102 2405/1109/4103 2420/1124/4102
f 2420/1124/4102 2421/1125/4103 2406/1110/4102
s 2079
f 2406/1110/4104 2421/1125/4105 2422/1126/4106
f 2422/1126/4106 2407/1111/4107 2406/1110/4104
s 2080
f 2408/1112/4108 2407/1111/4108 2422/1126/4108
f 2422/1126/4108 2423/1127/4109 2408/1112/4108
s 2081
f 2409/1113/4110 2408/1112/4110 2423/1127/4110
f 2423/1127/4110 2424/1128/4110 2409/1113/4110
s 2082
f 2409/1113/4111 2424/1128/4111 2425/1129/4111
f 2425/1129/4111 2410/1114/4111 2409/1113/4111
s 2083
f 2411/1115/4112 2410/1114/4112 2425/1129/4112
f 2425/1129/4112 2426/1130/4112 2411/1115/4112
s 2084
f 2412/1116/4113 2411/1115/4114 2426/1130/4114
f 2426/1130/4114 2427/1131/4113 2412/1116/4113
s 2085
f 2412/1116/4115 2427/1131/4115 2428/1132/4115
f 2428/1132/4115 2413/1117/4115 2412/1116/4115
s 2086
f 2415/1119/4116 2414/1118/4116 2429/1133/4117
f 2429/1133/4117 2430/1134/4117 2415/1119/4116
s 2087
f 2415/1119/4118 2430/1134/4118 2431/1135/4118
f 2431/1135/4118 2416/1120/4118 2415/1119/4118
s 2088
f 2417/1121/4119 2416/1120/4120 2431/1135/4119
f 2431/1135/4119 2432/1136/4121 2417/1121/4119
s 2089
f 2418/1122/4122 2417/1121/4122 2432/1136/4122
f 2432/1136/4122 2433/1137/4122 2418/1122/4122
s 2090
f 2418/1122/4123 2433/1137/4123 2434/1138/4124
f 2434/1138/4124 2419/1123/4124 2418/1122/4123
s 2091
f 2420/1124/4125 2419/1123/4125 2434/1138/4125
f 2434/1138/4125 2435/1139/4125 2420/1124/4125
s 2092
f 2421/1125/4126 2420/1124/4127 2435/1139/4128
f 2435/1139/4128 2436/1140/4129 2421/1125/4126
s 2093
f 2421/1125/4130 2436/1140/4130 2437/1141/4131
f 2437/1141/4131 2422/1126/4130 2421/1125/4130
s 2094
f 2423/1127/4132 2422/1126/4132 2437/1141/4133
f 2437/1141/4133 2438/1142/4134 2423/1127/4132
s 2095
f 2424/1128/4135 2423/1127/4135 2438/1142/4136
f 2438/1142/4136 2439/1143/4135 2424/1128/4135
s 2096
f 2424/1128/4137 2439/1143/4137 2440/1144/4137
f 2440/1144/4137 2425/1129/4137 2424/1128/4137
s 2097
f 2426/1130/4138 2425/1129/4138 2440/1144/4138
f 2440/1144/4138 2441/1145/4138 2426/1130/4138
s 2098
f 2427/1131/4139 2426/1130/4139 2441/1145/4139
f 2441/1145/4139 2442/1146/4139 2427/1131/4139
s 2099
f 2427/1131/4140 2442/1146/4140 2443/1147/4140
f 2443/1147/4140 2428/1132/4140 2427/1131/4140
s 2100
f 2430/1134/4141 2429/1133/4141 2444/1148/4141
f 2444/1148/4141 2445/1149/4141 2430/1134/4141
s 2101
f 2430/1134/4142 2445/1149/4143 2446/1150/4142
f 2446/1150/4142 2431/1135/4144 2430/1134/4142
s 2102
f 2432/1136/4145 2431/1135/4145 2446/1150/4145
f 2446/1150/4145 2447/1151/4145 2432/1136/4145
s 2103
f 2433/1137/4146 2432/1136/4146 2447/1151/4146
f 2447/1151/4146 2448/1152/4146 2433/1137/4146
s 2104
f 2433/1137/4147 2448/1152/4148 2449/1153/4148
f 2449/1153/4148 2434/1138/4147 2433/1137/4147
s 2105
f 2435/1139/4149 2434/1138/4149 2449/1153/4149
f 2449/1153/4149 2450/1154/4150 2435/1139/4149
s 2106
f 2436/1140/4151 2435/1139/4152 2450/1154/4152
f 2450/1154/4152 2451/1155/4153 2436/1140/4151
s 2107
f 2436/1140/4154 2451/1155/4154 2452/1156/4155
f 2452/1156/4155 2437/1141/4155 2436/1140/4154
s 2108
f 2438/1142/4156 2437/1141/4156 2452/1156/4156
f 2452/1156/4156 2453/1157/4156 2438/1142/4156
s 2109
f 2439/1143/4157 2438/1142/4157 2453/1157/4157
f 2453/1157/4157 2454/1158/4157 2439/1143/4157
s 2110
f 2439/1143/4158 2454/1158/4159 2455/1159/4159
f 2455/1159/4159 2440/1144/4159 2439/1143/4158
s 2111
f 2441/1145/4160 2440/1144/4160 2455/1159/4160
f 2455/1159/4160 2456/1160/4160 2441/1145/4160
s 2112
f 2442/1146/4161 2441/1145/4161 2456/1160/4161
f 2456/1160/4161 2457/1161/4161 2442/1146/4161
s 2113
f 2458/1162/4162 2443/1147/4162 2442/1146/4162
f 2442/1146/4162 2457/1161/4162 2458/1162/4162
s 2114
f 2203/1164/4163 2236/939/4163 2459/1163/4163
f 2459/1163/4163 2204/893/4163 2203/1164/4163
s 2115
f 2460/1165/4164 2459/1163/4165 2236/939/4164
f 2236/939/4164 2235/940/4165 2460/1165/4164
s 2116
f 2461/1166/4166 2460/1165/4166 2235/940/4166
f 2235/940/4166 2239/942/4166 2461/1166/4166
s 2117
f 2461/1166/4167 2239/942/4168 2241/944/4168
f 2241/944/4168 2462/1167/4168 2461/1166/4167
s 2118
f 2463/1168/4169 2462/1167/4169 2241/944/4169
f 2241/944/4169 2243/946/4169 2463/1168/4169
s 2119
f 2464/1169/4170 2463/1168/4171 2243/946/4171
f 2243/946/4171 2245/948/4170 2464/1169/4170
s 2120
f 2247/950/4172 2465/1170/4173 2464/1169/4172
f 2464/1169/4172 2245/948/4172 2247/950/4172
s 2121
f 2465/1170/4174 2247/950/4175 2249/952/4176
f 2249/952/4176 2466/1171/4177 2465/1170/4174
s 2122
f 2467/1172/4178 2466/1171/4178 2249/952/4178
f 2249/952/4178 2251/954/4178 2467/1172/4178
s 2123
f 2253/957/4179 2468/1173/4180 2467/1172/4181
f 2467/1172/4181 2251/954/4182 2253/957/4179
s 2124
f 2468/1173/4183 2253/957/4184 2255/959/4185
f 2255/959/4185 2469/1174/4186 2468/1173/4183
s 2125
f 2257/961/4187 2470/1175/4188 2469/1174/4189
f 2469/1174/4189 2255/959/4190 2257/961/4187
s 2126
f 2259/963/4191 2471/1176/4192 2470/1175/4193
f 2470/1175/4193 2257/961/4194 2259/963/4191
s 2127
f 2471/1176/4195 2259/963/4196 2261/965/4197
f 2261/965/4197 2472/1177/4197 2471/1176/4195
s 2128
f 2263/966/4198 2473/1178/4198 2472/1177/4198
f 2472/1177/4198 2261/965/4198 2263/966/4198
s 2129
f 2473/1178/4199 2263/966/4199 1576/1179/4199
f 1576/1179/4199 1578/1180/4199 2473/1178/4199
s 2130
f 1585/1181/4200 1576/1179/4200 2263/966/4200
f 2263/966/4200 2262/967/4200 1585/1181/4200
s 2131
f 2278/982/4201 1586/1182/4201 1585/1181/4201
f 1585/1181/4201 2262/967/4202 2278/982/4201
s 2132
f 2293/997/4203 1587/1183/4203 1586/1182/4203
f 1586/1182/4203 2278/982/4203 2293/997/4203
s 2133
f 2308/1012/4204 1588/1184/4205 1587/1183/4204
f 1587/1183/4204 2293/997/4205 2308/1012/4204
s 2134
f 1589/1185/4206 1588/1184/4206 2308/1012/4206
f 2308/1012/4206 2323/1027/4206 1589/1185/4206
s 2135
f 1590/1186/4207 1589/1185/4207 2323/1027/4207
f 2323/1027/4207 2338/1042/4207 1590/1186/4207
s 2136
f 1571/1187/4208 1590/1186/4208 2338/1042/4208
f 2338/1042/4208 2353/1057/4208 1571/1187/4208
s 2137
f 2368/1072/4209 1570/1188/4209 1571/1187/4209
f 1571/1187/4209 2353/1057/4209 2368/1072/4209
s 2138
f 2383/1087/4210 1569/1189/4210 1570/1188/4210
f 1570/1188/4210 2368/1072/4210 2383/1087/4210
s 2139
f 1569/1189/4211 2383/1087/4211 2398/1102/4211
f 2398/1102/4211 1568/1190/4211 1569/1189/4211
s 2140
f 1568/1190/4212 2398/1102/4212 2413/1117/4212
f 2413/1117/4212 1567/1191/4212 1568/1190/4212
s 2141
f 1566/1192/4213 1567/1191/4213 2413/1117/4214
f 2413/1117/4214 2428/1132/4214 1566/1192/4213
s 2142
f 1565/1193/4215 1566/1192/4215 2428/1132/4215
f 2428/1132/4215 2443/1147/4215 1565/1193/4215
s 2143
f 2458/1162/4216 1564/1194/4217 1565/1193/4217
f 1565/1193/4217 2443/1147/4218 2458/1162/4216
s 2144
f 1746/1196/4219 1562/1195/4219 1564/1194/4219
f 1564/1194/4219 2458/1162/4219 1746/1196/4219
s 2145
f 2457/1161/4220 1765/1197/4220 1746/1196/4220
f 1746/1196/4220 2458/1162/4220 2457/1161/4220
s 2146
f 2457/1161/4221 2456/1160/4221 1764/1198/4222
f 1764/1198/4222 1765/1197/4221 2457/1161/4221
s 2147
f 2456/1160/4223 2455/1159/4223 1763/1199/4224
f 1763/1199/4224 1764/1198/4223 2456/1160/4223
s 2148
f 2454/1158/4225 1762/1200/4226 1763/1199/4226
f 1763/1199/4226 2455/1159/4225 2454/1158/4225
s 2149
f 2454/1158/4227 2453/1157/4228 1761/1201/4229
f 1761/1201/4229 1762/1200/4230 2454/1158/4227
s 2150
f 2453/1157/4231 2452/1156/4231 1760/1202/4231
f 1760/1202/4231 1761/1201/4231 2453/1157/4231
s 2151
f 2451/1155/4232 1759/1203/4233 1760/1202/4234
f 1760/1202/4234 2452/1156/4235 2451/1155/4232
s 2152
f 2451/1155/4236 2450/1154/4236 1758/1204/4236
f 1758/1204/4236 1759/1203/4236 2451/1155/4236
s 2153
f 2450/1154/4237 2449/1153/4237 1757/1205/4237
f 1757/1205/4237 1758/1204/4237 2450/1154/4237
s 2154
f 1757/1205/4238 2449/1153/4239 2448/1152/4239
f 2448/1152/4239 1756/1206/4239 1757/1205/4238
s 2155
f 2447/1151/4240 1755/1207/4241 1756/1206/4240
f 1756/1206/4240 2448/1152/4240 2447/1151/4240
s 2156
f 2446/1150/4242 1754/1208/4242 1755/1207/4243
f 1755/1207/4243 2447/1151/4243 2446/1150/4242
s 2157
f 1754/1208/4244 2446/1150/4244 2445/1149/4244
f 2445/1149/4244 1753/1209/4244 1754/1208/4244
s 2158
f 2444/1148/4245 1751/1210/4245 1753/1209/4245
f 1753/1209/4245 2445/1149/4245 2444/1148/4245
s 2159
f 2220/1211/4246 1752/1212/4246 1751/1210/4246
f 1751/1210/4246 2444/1148/4246 2220/1211/4246
s 2160
f 2220/1211/4247 2444/1148/4247 2429/1133/4247
f 2429/1133/4247 2221/1213/4247 2220/1211/4247
s 2161
f 2222/1214/4248 2221/1213/4248 2429/1133/4248
f 2429/1133/4248 2414/1118/4248 2222/1214/4248
s 2162
f 2222/1214/4249 2414/1118/4249 2399/1103/4249
f 2399/1103/4249 2223/1215/4249 2222/1214/4249
s 2163
f 2399/1103/4250 2384/1088/4251 2224/1216/4250
f 2224/1216/4250 2223/1215/4250 2399/1103/4250
s 2164
f 2224/1216/4252 2384/1088/4252 2370/1073/4252
f 2370/1073/4252 2225/1217/4252 2224/1216/4252
s 2165
f 2355/1058/4253 2226/1218/4253 2225/1217/4253
f 2225/1217/4253 2370/1073/4253 2355/1058/4253
s 2166
f 2212/1219/4254 2226/1218/4255 2355/1058/4255
f 2355/1058/4255 2339/1043/4255 2212/1219/4254
s 2167
f 2211/1220/4256 2212/1219/4256 2339/1043/4257
f 2339/1043/4257 2325/1028/4258 2211/1220/4256
s 2168
f 2211/1220/4259 2325/1028/4259 2310/1013/4259
f 2310/1013/4259 2210/1221/4260 2211/1220/4259
s 2169
f 2310/1013/4261 2295/998/4261 2209/1222/4261
f 2209/1222/4261 2210/1221/4261 2310/1013/4261
s 2170
f 2295/998/4262 2280/983/4262 2208/1223/4262
f 2208/1223/4262 2209/1222/4262 2295/998/4262
s 2171
f 2265/968/4263 2207/1224/4263 2208/1223/4263
f 2208/1223/4263 2280/983/4263 2265/968/4263
s 2172
f 2206/1225/4264 2207/1224/4264 2265/968/4264
f 2265/968/4264 2237/938/4264 2206/1225/4264
s 2173
f 2236/939/4265 2203/1164/4266 2206/1225/4265
f 2206/1225/4265 2237/938/4265 2236/939/4265
s 2174
f 2474/1229/4267 2475/1228/4268 2476/1227/4268
f 2476/1227/4268 2477/1226/4268 2474/1229/4267
s 2175
f 2475/1228/4269 2474/1229/4270 2478/1230/4270
f 2478/1230/4270 2479/1231/4270 2475/1228/4269
s 2176
f 2479/1231/4271 2478/1230/4271 2480/1233/4271
f 2480/1233/4271 2481/1232/4271 2479/1231/4271
s 2177
f 2482/1235/4272 2483/1234/4272 2481/1232/4272
f 2481/1232/4272 2480/1233/4272 2482/1235/4272
s 2178
f 2484/1237/4273 2485/1236/4274 2483/1234/4275
f 2483/1234/4275 2482/1235/4276 2484/1237/4273
s 2179
f 2485/1236/4277 2484/1237/4277 2486/1239/4277
f 2486/1239/4277 2487/1238/4277 2485/1236/4277
s 2180
f 2488/1241/4278 2489/1240/4279 2487/1238/4280
f 2487/1238/4280 2486/1239/4281 2488/1241/4278
s 2181
f 2489/1240/4282 2488/1241/4282 2490/1243/4283
f 2490/1243/4283 2491/1242/4283 2489/1240/4282
s 2182
f 2491/1242/4284 2490/1243/4284 2492/1245/4284
f 2492/1245/4284 2493/1244/4285 2491/1242/4284
s 2183
f 2494/1247/4286 2495/1246/4286 2493/1244/4286
f 2493/1244/4286 2492/1245/4286 2494/1247/4286
s 2184
f 2495/1246/4287 2494/1247/4288 2496/1248/4289
f 2496/1248/4289 2497/1249/4290 2495/1246/4287
s 2185
f 2497/1249/4291 2496/1248/4291 2498/1251/4292
f 2498/1251/4292 2499/1250/4291 2497/1249/4291
s 2186
f 2500/1253/4293 2501/1252/4294 2499/1250/4293
f 2499/1250/4293 2498/1251/4293 2500/1253/4293
s 2187
f 2502/1255/4295 2503/1254/4295 2501/1252/4295
f 2501/1252/4295 2500/1253/4295 2502/1255/4295
s 2188
f 2504/1257/4296 2474/1229/4296 2477/1226/4296
f 2477/1226/4296 2505/1256/4296 2504/1257/4296
s 2189
f 2474/1229/4297 2504/1257/4297 2506/1258/4297
f 2506/1258/4297 2478/1230/4297 2474/1229/4297
s 2190
f 2478/1230/4298 2506/1258/4298 2507/1259/4298
f 2507/1259/4298 2480/1233/4298 2478/1230/4298
s 2191
f 2508/1260/4299 2482/1235/4300 2480/1233/4300
f 2480/1233/4300 2507/1259/4300 2508/1260/4299
s 2192
f 2509/1261/4301 2484/1237/4302 2482/1235/4302
f 2482/1235/4302 2508/1260/4302 2509/1261/4301
s 2193
f 2484/1237/4303 2509/1261/4303 2510/1262/4303
f 2510/1262/4303 2486/1239/4303 2484/1237/4303
s 2194
f 2511/1263/4304 2488/1241/4305 2486/1239/4304
f 2486/1239/4304 2510/1262/4306 2511/1263/4304
s 2195
f 2512/1264/4307 2490/1243/4308 2488/1241/4309
f 2488/1241/4309 2511/1263/4310 2512/1264/4307
s 2196
f 2490/1243/4311 2512/1264/4312 2513/1265/4313
f 2513/1265/4313 2492/1245/4314 2490/1243/4311
s 2197
f 2514/1266/4315 2494/1247/4316 2492/1245/4317
f 2492/1245/4317 2513/1265/4317 2514/1266/4315
s 2198
f 2515/1267/4318 2496/1248/4318 2494/1247/4318
f 2494/1247/4318 2514/1266/4318 2515/1267/4318
s 2199
f 2496/1248/4319 2515/1267/4319 2516/1268/4319
f 2516/1268/4319 2498/1251/4319 2496/1248/4319
s 2200
f 2517/1269/4320 2500/1253/4320 2498/1251/4320
f 2498/1251/4320 2516/1268/4320 2517/1269/4320
s 2201
f 2518/1270/4321 2502/1255/4321 2500/1253/4321
f 2500/1253/4321 2517/1269/4321 2518/1270/4321
s 2202
f 2519/1272/4322 2504/1257/4322 2505/1256/4323
f 2505/1256/4323 2520/1271/4323 2519/1272/4322
s 2203
f 2504/1257/4324 2519/1272/4325 2521/1273/4326
f 2521/1273/4326 2506/1258/4324 2504/1257/4324
s 2204
f 2506/1258/4327 2521/1273/4328 2522/1274/4329
f 2522/1274/4329 2507/1259/4327 2506/1258/4327
s 2205
f 2523/1275/4330 2508/1260/4331 2507/1259/4332
f 2507/1259/4332 2522/1274/4333 2523/1275/4330
s 2206
f 2508/1260/4334 2523/1275/4335 2524/1276/4336
f 2524/1276/4336 2509/1261/4334 2508/1260/4334
s 2207
f 2509/1261/4337 2524/1276/4338 2525/1277/4339
f 2525/1277/4339 2510/1262/4337 2509/1261/4337
s 2208
f 2526/1278/4340 2511/1263/4341 2510/1262/4341
f 2510/1262/4341 2525/1277/4342 2526/1278/4340
s 2209
f 2511/1263/4343 2526/1278/4344 2527/1279/4345
f 2527/1279/4345 2512/1264/4346 2511/1263/4343
s 2210
f 2512/1264/4347 2527/1279/4348 2528/1280/4349
f 2528/1280/4349 2513/1265/4347 2512/1264/4347
s 2211
f 2529/1281/4350 2514/1266/4351 2513/1265/4352
f 2513/1265/4352 2528/1280/4353 2529/1281/4350
s 2212
f 2530/1282/4354 2515/1267/4355 2514/1266/4355
f 2514/1266/4355 2529/1281/4356 2530/1282/4354
s 2213
f 2515/1267/4357 2530/1282/4358 2531/1283/4359
f 2531/1283/4359 2516/1268/4357 2515/1267/4357
s 2214
f 2532/1284/4360 2517/1269/4361 2516/1268/4361
f 2516/1268/4361 2531/1283/4362 2532/1284/4360
s 2215
f 2533/1285/4363 2518/1270/4364 2517/1269/4364
f 2517/1269/4364 2532/1284/4364 2533/1285/4363
s 2216
f 2534/1287/4365 2519/1272/4366 2520/1271/4366
f 2520/1271/4366 2535/1286/4367 2534/1287/4365
s 2203
f 2519/1272/4325 2534/1287/4368 2536/1288/4369
f 2536/1288/4369 2521/1273/4326 2519/1272/4325
s 2204
f 2521/1273/4328 2536/1288/4370 2537/1289/4371
f 2537/1289/4371 2522/1274/4329 2521/1273/4328
s 2205
f 2538/1290/4372 2523/1275/4330 2522/1274/4333
f 2522/1274/4333 2537/1289/4373 2538/1290/4372
s 2206
f 2523/1275/4335 2538/1290/4374 2539/1291/4375
f 2539/1291/4375 2524/1276/4336 2523/1275/4335
s 2207
f 2524/1276/4338 2539/1291/4376 2540/1292/4377
f 2540/1292/4377 2525/1277/4339 2524/1276/4338
s 2208
f 2525/1277/4342 2540/1292/4378 2541/1293/4379
f 2541/1293/4379 2526/1278/4340 2525/1277/4342
s 2209
f 2526/1278/4344 2541/1293/4380 2542/1294/4381
f 2542/1294/4381 2527/1279/4345 2526/1278/4344
s 2210
f 2527/1279/4348 2542/1294/4382 2543/1295/4383
f 2543/1295/4383 2528/1280/4349 2527/1279/4348
s 2211
f 2544/1296/4384 2529/1281/4350 2528/1280/4353
f 2528/1280/4353 2543/1295/4385 2544/1296/4384
s 2212
f 2545/1297/4386 2530/1282/4354 2529/1281/4356
f 2529/1281/4356 2544/1296/4387 2545/1297/4386
s 2213
f 2530/1282/4358 2545/1297/4388 2546/1298/4389
f 2546/1298/4389 2531/1283/4359 2530/1282/4358
s 2214
f 2547/1299/4390 2532/1284/4360 2531/1283/4362
f 2531/1283/4362 2546/1298/4391 2547/1299/4390
s 2217
f 2548/1300/4392 2533/1285/4393 2532/1284/4393
f 2532/1284/4393 2547/1299/4394 2548/1300/4392
s 2216
f 2549/1302/4395 2534/1287/4365 2535/1286/4367
f 2535/1286/4367 2550/1301/4396 2549/1302/4395
s 2203
f 2534/1287/4368 2549/1302/4397 2551/1303/4398
f 2551/1303/4398 2536/1288/4369 2534/1287/4368
s 2204
f 2536/1288/4370 2551/1303/4399 2552/1304/4400
f 2552/1304/4400 2537/1289/4371 2536/1288/4370
s 2205
f 2553/1305/4401 2538/1290/4372 2537/1289/4373
f 2537/1289/4373 2552/1304/4402 2553/1305/4401
s 2206
f 2554/1306/4403 2539/1291/4375 2538/1290/4374
f 2538/1290/4374 2553/1305/4404 2554/1306/4403
s 2207
f 2539/1291/4376 2554/1306/4405 2555/1307/4406
f 2555/1307/4406 2540/1292/4377 2539/1291/4376
s 2208
f 2556/1308/4407 2541/1293/4379 2540/1292/4378
f 2540/1292/4378 2555/1307/4408 2556/1308/4407
s 2209
f 2541/1293/4380 2556/1308/4409 2557/1309/4410
f 2557/1309/4410 2542/1294/4381 2541/1293/4380
s 2210
f 2542/1294/4382 2557/1309/4411 2558/1310/4412
f 2558/1310/4412 2543/1295/4383 2542/1294/4382
s 2211
f 2559/1311/4413 2544/1296/4384 2543/1295/4385
f 2543/1295/4385 2558/1310/4414 2559/1311/4413
s 2212
f 2560/1312/4415 2545/1297/4386 2544/1296/4387
f 2544/1296/4387 2559/1311/4416 2560/1312/4415
s 2213
f 2545/1297/4388 2560/1312/4417 2561/1313/4418
f 2561/1313/4418 2546/1298/4389 2545/1297/4388
s 2214
f 2562/1314/4419 2547/1299/4390 2546/1298/4391
f 2546/1298/4391 2561/1313/4420 2562/1314/4419
s 2217
f 2563/1315/4421 2548/1300/4392 2547/1299/4394
f 2547/1299/4394 2562/1314/4422 2563/1315/4421
s 2216
f 2564/1316/4423 2549/1302/4395 2550/1301/4396
f 2550/1301/4396 2565/1317/4424 2564/1316/4423
s 2203
f 2549/1302/4397 2564/1316/4425 2566/1318/4426
f 2566/1318/4426 2551/1303/4398 2549/1302/4397
s 2204
f 2551/1303/4399 2566/1318/4427 2567/1319/4428
f 2567/1319/4428 2552/1304/4400 2551/1303/4399
s 2205
f 2568/1320/4429 2553/1305/4401 2552/1304/4402
f 2552/1304/4402 2567/1319/4430 2568/1320/4429
s 2206
f 2553/1305/4404 2568/1320/4431 2569/1321/4432
f 2569/1321/4432 2554/1306/4403 2553/1305/4404
s 2207
f 2570/1322/4433 2555/1307/4406 2554/1306/4405
f 2554/1306/4405 2569/1321/4434 2570/1322/4433
s 2208
f 2571/1323/4435 2556/1308/4407 2555/1307/4408
f 2555/1307/4408 2570/1322/4436 2571/1323/4435
s 2209
f 2572/1324/4437 2557/1309/4410 2556/1308/4409
f 2556/1308/4409 2571/1323/4438 2572/1324/4437
s 2210
f 2573/1325/4439 2558/1310/4412 2557/1309/4411
f 2557/1309/4411 2572/1324/4440 2573/1325/4439
s 2211
f 2574/1326/4441 2559/1311/4413 2558/1310/4414
f 2558/1310/4414 2573/1325/4442 2574/1326/4441
s 2212
f 2575/1327/4443 2560/1312/4415 2559/1311/4416
f 2559/1311/4416 2574/1326/4444 2575/1327/4443
s 2213
f 2576/1328/4445 2561/1313/4418 2560/1312/4417
f 2560/1312/4417 2575/1327/4446 2576/1328/4445
s 2214
f 2577/1329/4447 2562/1314/4419 2561/1313/4420
f 2561/1313/4420 2576/1328/4448 2577/1329/4447
s 2217
f 2578/1330/4449 2563/1315/4421 2562/1314/4422
f 2562/1314/4422 2577/1329/4450 2578/1330/4449
s 2216
f 2579/1331/4451 2564/1316/4423 2565/1317/4424
f 2565/1317/4424 2580/1332/4452 2579/1331/4451
s 2203
f 2581/1333/4453 2566/1318/4426 2564/1316/4425
f 2564/1316/4425 2579/1331/4454 2581/1333/4453
s 2204
f 2582/1334/4455 2567/1319/4428 2566/1318/4427
f 2566/1318/4427 2581/1333/4456 2582/1334/4455
s 2205
f 2583/1335/4457 2568/1320/4429 2567/1319/4430
f 2567/1319/4430 2582/1334/4458 2583/1335/4457
s 2206
f 2568/1320/4431 2583/1335/4459 2584/1336/4460
f 2584/1336/4460 2569/1321/4432 2568/1320/4431
s 2207
f 2569/1321/4434 2584/1336/4461 2585/1337/4462
f 2585/1337/4462 2570/1322/4433 2569/1321/4434
s 2208
f 2586/1338/4463 2571/1323/4435 2570/1322/4436
f 2570/1322/4436 2585/1337/4463 2586/1338/4463
s 2209
f 2587/1339/4464 2572/1324/4437 2571/1323/4438
f 2571/1323/4438 2586/1338/4465 2587/1339/4464
s 2210
f 2572/1324/4440 2587/1339/4466 2588/1340/4467
f 2588/1340/4467 2573/1325/4439 2572/1324/4440
s 2211
f 2589/1341/4468 2574/1326/4441 2573/1325/4442
f 2573/1325/4442 2588/1340/4469 2589/1341/4468
s 2212
f 2574/1326/4444 2589/1341/4470 2590/1342/4471
f 2590/1342/4471 2575/1327/4443 2574/1326/4444
s 2213
f 2575/1327/4446 2590/1342/4472 2591/1343/4473
f 2591/1343/4473 2576/1328/4445 2575/1327/4446
s 2214
f 2592/1344/4474 2577/1329/4447 2576/1328/4448
f 2576/1328/4448 2591/1343/4475 2592/1344/4474
s 2217
f 2593/1345/4476 2578/1330/4449 2577/1329/4450
f 2577/1329/4450 2592/1344/4477 2593/1345/4476
s 2216
f 2594/1346/4478 2579/1331/4451 2580/1332/4452
f 2580/1332/4452 2595/1347/4479 2594/1346/4478
s 2203
f 2579/1331/4454 2594/1346/4480 2596/1348/4481
f 2596/1348/4481 2581/1333/4453 2579/1331/4454
s 2204
f 2581/1333/4456 2596/1348/4482 2597/1349/4483
f 2597/1349/4483 2582/1334/4455 2581/1333/4456
s 2205
f 2598/1350/4484 2583/1335/4457 2582/1334/4458
f 2582/1334/4458 2597/1349/4485 2598/1350/4484
s 2206
f 2583/1335/4459 2598/1350/4486 2599/1351/4487
f 2599/1351/4487 2584/1336/4460 2583/1335/4459
s 2207
f 2584/1336/4461 2599/1351/4488 2600/1352/4461
f 2600/1352/4461 2585/1337/4462 2584/1336/4461
s 2208
f 2601/1353/4489 2586/1338/4463 2585/1337/4463
f 2585/1337/4463 2600/1352/4490 2601/1353/4489
s 2209
f 2602/1354/4491 2587/1339/4464 2586/1338/4465
f 2586/1338/4465 2601/1353/4492 2602/1354/4491
s 2210
f 2587/1339/4466 2602/1354/4493 2603/1355/4494
f 2603/1355/4494 2588/1340/4467 2587/1339/4466
s 2211
f 2604/1356/4495 2589/1341/4468 2588/1340/4469
f 2588/1340/4469 2603/1355/4496 2604/1356/4495
s 2212
f 2605/1357/4497 2590/1342/4471 2589/1341/4470
f 2589/1341/4470 2604/1356/4498 2605/1357/4497
s 2213
f 2590/1342/4472 2605/1357/4499 2606/1358/4500
f 2606/1358/4500 2591/1343/4473 2590/1342/4472
s 2214
f 2607/1359/4501 2592/1344/4474 2591/1343/4475
f 2591/1343/4475 2606/1358/4502 2607/1359/4501
s 2217
f 2592/1344/4477 2607/1359/4503 2608/1360/4504
f 2608/1360/4504 2593/1345/4476 2592/1344/4477
s 2216
f 2609/1361/4505 2594/1346/4478 2595/1347/4479
f 2595/1347/4479 2610/1362/4506 2609/1361/4505
s 2203
f 2611/1363/4507 2596/1348/4481 2594/1346/4480
f 2594/1346/4480 2609/1361/4508 2611/1363/4507
s 2204
f 2596/1348/4482 2611/1363/4509 2612/1364/4510
f 2612/1364/4510 2597/1349/4483 2596/1348/4482
s 2205
f 2613/1365/4511 2598/1350/4484 2597/1349/4485
f 2597/1349/4485 2612/1364/4512 2613/1365/4511
s 2206
f 2598/1350/4486 2613/1365/4513 2614/1366/4514
f 2614/1366/4514 2599/1351/4487 2598/1350/4486
s 2207
f 2599/1351/4488 2614/1366/4515 2615/1367/4516
f 2615/1367/4516 2600/1352/4461 2599/1351/4488
s 2208
f 2616/1368/4517 2601/1353/4489 2600/1352/4490
f 2600/1352/4490 2615/1367/4518 2616/1368/4517
s 2209
f 2601/1353/4492 2616/1368/4519 2617/1369/4520
f 2617/1369/4520 2602/1354/4491 2601/1353/4492
s 2210
f 2602/1354/4493 2617/1369/4521 2618/1370/4522
f 2618/1370/4522 2603/1355/4494 2602/1354/4493
s 2211
f 2619/1371/4523 2604/1356/4495 2603/1355/4496
f 2603/1355/4496 2618/1370/4524 2619/1371/4523
s 2212
f 2604/1356/4498 2619/1371/4525 2620/1372/4526
f 2620/1372/4526 2605/1357/4497 2604/1356/4498
s 2213
f 2605/1357/4499 2620/1372/4527 2621/1373/4528
f 2621/1373/4528 2606/1358/4500 2605/1357/4499
s 2214
f 2622/1374/4529 2607/1359/4501 2606/1358/4502
f 2606/1358/4502 2621/1373/4530 2622/1374/4529
s 2217
f 2607/1359/4503 2622/1374/4531 2623/1375/4532
f 2623/1375/4532 2608/1360/4504 2607/1359/4503
s 2216
f 2624/1376/4533 2609/1361/4505 2610/1362/4506
f 2610/1362/4506 2625/1377/4534 2624/1376/4533
s 2203
f 2626/1378/4535 2611/1363/4507 2609/1361/4508
f 2609/1361/4508 2624/1376/4536 2626/1378/4535
s 2204
f 2611/1363/4509 2626/1378/4537 2627/1379/4538
f 2627/1379/4538 2612/1364/4510 2611/1363/4509
s 2205
f 2628/1380/4539 2613/1365/4511 2612/1364/4512
f 2612/1364/4512 2627/1379/4540 2628/1380/4539
s 2206
f 2613/1365/4513 2628/1380/4541 2629/1381/4542
f 2629/1381/4542 2614/1366/4514 2613/1365/4513
s 2207
f 2614/1366/4515 2629/1381/4543 2630/1382/4544
f 2630/1382/4544 2615/1367/4516 2614/1366/4515
s 2208
f 2631/1383/4545 2616/1368/4517 2615/1367/4518
f 2615/1367/4518 2630/1382/4546 2631/1383/4545
s 2209
f 2632/1384/4547 2617/1369/4520 2616/1368/4519
f 2616/1368/4519 2631/1383/4548 2632/1384/4547
s 2210
f 2617/1369/4521 2632/1384/4549 2633/1385/4550
f 2633/1385/4550 2618/1370/4522 2617/1369/4521
s 2211
f 2634/1386/4551 2619/1371/4523 2618/1370/4524
f 2618/1370/4524 2633/1385/4552 2634/1386/4551
s 2212
f 2619/1371/4525 2634/1386/4553 2635/1387/4554
f 2635/1387/4554 2620/1372/4526 2619/1371/4525
s 2213
f 2620/1372/4527 2635/1387/4555 2636/1388/4556
f 2636/1388/4556 2621/1373/4528 2620/1372/4527
s 2214
f 2637/1389/4557 2622/1374/4529 2621/1373/4530
f 2621/1373/4530 2636/1388/4558 2637/1389/4557
s 2217
f 2622/1374/4531 2637/1389/4559 2638/1390/4560
f 2638/1390/4560 2623/1375/4532 2622/1374/4531
s 2216
f 2639/1391/4561 2624/1376/4533 2625/1377/4534
f 2625/1377/4534 2640/1392/4561 2639/1391/4561
s 2203
f 2641/1393/4562 2626/1378/4535 2624/1376/4536
f 2624/1376/4536 2639/1391/4563 2641/1393/4562
s 2204
f 2626/1378/4537 2641/1393/4564 2642/1394/4565
f 2642/1394/4565 2627/1379/4538 2626/1378/4537
s 2205
f 2643/1395/4566 2628/1380/4539 2627/1379/4540
f 2627/1379/4540 2642/1394/4567 2643/1395/4566
s 2206
f 2644/1396/4568 2629/1381/4542 2628/1380/4541
f 2628/1380/4541 2643/1395/4569 2644/1396/4568
s 2207
f 2629/1381/4543 2644/1396/4570 2645/1397/4571
f 2645/1397/4571 2630/1382/4544 2629/1381/4543
s 2208
f 2646/1398/4572 2631/1383/4545 2630/1382/4546
f 2630/1382/4546 2645/1397/4573 2646/1398/4572
s 2209
f 2647/1399/4574 2632/1384/4547 2631/1383/4548
f 2631/1383/4548 2646/1398/4575 2647/1399/4574
s 2210
f 2632/1384/4549 2647/1399/4576 2648/1400/4577
f 2648/1400/4577 2633/1385/4550 2632/1384/4549
s 2211
f 2649/1401/4578 2634/1386/4551 2633/1385/4552
f 2633/1385/4552 2648/1400/4579 2649/1401/4578
s 2212
f 2634/1386/4553 2649/1401/4580 2650/1402/4581
f 2650/1402/4581 2635/1387/4554 2634/1386/4553
s 2213
f 2635/1387/4555 2650/1402/4582 2651/1403/4583
f 2651/1403/4583 2636/1388/4556 2635/1387/4555
s 2214
f 2652/1404/4584 2637/1389/4557 2636/1388/4558
f 2636/1388/4558 2651/1403/4585 2652/1404/4584
s 2217
f 2637/1389/4559 2652/1404/4586 2653/1405/4586
f 2653/1405/4586 2638/1390/4560 2637/1389/4559
s 2218
f 2654/1406/4587 2639/1391/4587 2640/1392/4588
f 2640/1392/4588 2655/1407/4588 2654/1406/4587
s 2203
f 2656/1408/4589 2641/1393/4562 2639/1391/4563
f 2639/1391/4563 2654/1406/4589 2656/1408/4589
s 2204
f 2641/1393/4564 2656/1408/4590 2657/1409/4590
f 2657/1409/4590 2642/1394/4565 2641/1393/4564
s 2205
f 2658/1410/4591 2643/1395/4566 2642/1394/4567
f 2642/1394/4567 2657/1409/4591 2658/1410/4591
s 2206
f 2659/1411/4592 2644/1396/4568 2643/1395/4569
f 2643/1395/4569 2658/1410/4593 2659/1411/4592
s 2207
f 2660/1412/4594 2645/1397/4571 2644/1396/4570
f 2644/1396/4570 2659/1411/4595 2660/1412/4594
s 2208
f 2661/1413/4596 2646/1398/4572 2645/1397/4573
f 2645/1397/4573 2660/1412/4596 2661/1413/4596
s 2209
f 2646/1398/4575 2661/1413/4597 2662/1414/4597
f 2662/1414/4597 2647/1399/4574 2646/1398/4575
s 2210
f 2647/1399/4576 2662/1414/4598 2663/1415/4599
f 2663/1415/4599 2648/1400/4577 2647/1399/4576
s 2211
f 2664/1416/4600 2649/1401/4578 2648/1400/4579
f 2648/1400/4579 2663/1415/4601 2664/1416/4600
s 2212
f 2665/1417/4602 2650/1402/4581 2649/1401/4580
f 2649/1401/4580 2664/1416/4603 2665/1417/4602
s 2219
f 2666/1418/4604 2651/1403/4605 2650/1402/4606
f 2650/1402/4606 2665/1417/4605 2666/1418/4604
s 2220
f 2667/1419/4607 2652/1404/4607 2651/1403/4607
f 2651/1403/4607 2666/1418/4607 2667/1419/4607
s 2221
f 2653/1405/4608 2652/1404/4608 2667/1419/4608
f 2667/1419/4608 2668/1420/4608 2653/1405/4608
s 2222
f 2669/1421/4609 2654/1406/4609 2655/1407/4609
f 2655/1407/4609 2670/1422/4609 2669/1421/4609
s 2223
f 2671/1423/4610 2656/1408/4610 2654/1406/4610
f 2654/1406/4610 2669/1421/4610 2671/1423/4610
s 2224
f 2672/1424/4611 2657/1409/4611 2656/1408/4611
f 2656/1408/4611 2671/1423/4612 2672/1424/4611
s 2225
f 2673/1425/4613 2658/1410/4613 2657/1409/4613
f 2657/1409/4613 2672/1424/4613 2673/1425/4613
s 2226
f 2658/1410/4614 2673/1425/4614 2674/1426/4614
f 2674/1426/4614 2659/1411/4614 2658/1410/4614
s 2227
f 2675/1427/4615 2660/1412/4615 2659/1411/4615
f 2659/1411/4615 2674/1426/4615 2675/1427/4615
s 2228
f 2676/1428/4616 2661/1413/4616 2660/1412/4617
f 2660/1412/4617 2675/1427/4618 2676/1428/4616
s 2229
f 2661/1413/4619 2676/1428/4620 2677/1429/4621
f 2677/1429/4621 2662/1414/4621 2661/1413/4619
s 2230
f 2678/1430/4622 2663/1415/4623 2662/1414/4624
f 2662/1414/4624 2677/1429/4625 2678/1430/4622
s 2231
f 2679/1431/4626 2664/1416/4626 2663/1415/4626
f 2663/1415/4626 2678/1430/4626 2679/1431/4626
s 2232
f 2664/1416/4627 2679/1431/4627 2680/1432/4628
f 2680/1432/4628 2665/1417/4627 2664/1416/4627
s 2233
f 2666/1418/4629 2665/1417/4629 2680/1432/4629
f 2680/1432/4629 2681/1433/4629 2666/1418/4629
s 2234
f 2667/1419/4630 2666/1418/4630 2681/1433/4631
f 2681/1433/4631 2682/1434/4630 2667/1419/4630
s 2235
f 2668/1420/4632 2667/1419/4632 2682/1434/4633
f 2682/1434/4633 2683/1435/4632 2668/1420/4632
s 2236
f 2684/1436/4634 2669/1421/4634 2670/1422/4634
f 2670/1422/4634 2685/1437/4634 2684/1436/4634
s 2237
f 2669/1421/4635 2684/1436/4635 2686/1438/4635
f 2686/1438/4635 2671/1423/4635 2669/1421/4635
s 2238
f 2672/1424/4636 2671/1423/4636 2686/1438/4636
f 2686/1438/4636 2687/1439/4636 2672/1424/4636
s 2239
f 2673/1425/4637 2672/1424/4638 2687/1439/4638
f 2687/1439/4638 2688/1440/4638 2673/1425/4637
s 2240
f 2673/1425/4639 2688/1440/4639 2689/1441/4639
f 2689/1441/4639 2674/1426/4639 2673/1425/4639
s 2241
f 2675/1427/4640 2674/1426/4641 2689/1441/4641
f 2689/1441/4641 2690/1442/4642 2675/1427/4640
s 2242
f 2676/1428/4643 2675/1427/4644 2690/1442/4645
f 2690/1442/4645 2691/1443/4644 2676/1428/4643
s 2243
f 2676/1428/4646 2691/1443/4647 2692/1444/4646
f 2692/1444/4646 2677/1429/4648 2676/1428/4646
s 2244
f 2678/1430/4649 2677/1429/4649 2692/1444/4649
f 2692/1444/4649 2693/1445/4650 2678/1430/4649
s 2245
f 2679/1431/4651 2678/1430/4652 2693/1445/4653
f 2693/1445/4653 2694/1446/4651 2679/1431/4651
s 2246
f 2679/1431/4654 2694/1446/4655 2695/1447/4656
f 2695/1447/4656 2680/1432/4657 2679/1431/4654
s 2247
f 2681/1433/4658 2680/1432/4658 2695/1447/4658
f 2695/1447/4658 2696/1448/4658 2681/1433/4658
s 2248
f 2682/1434/4659 2681/1433/4659 2696/1448/4659
f 2696/1448/4659 2697/1449/4659 2682/1434/4659
s 2249
f 2682/1434/4660 2697/1449/4660 2698/1450/4660
f 2698/1450/4660 2683/1435/4660 2682/1434/4660
s 2250
f 2473/1178/4661 1578/1180/4661 1577/1451/4661
f 1577/1451/4661 2476/1227/4661 2473/1178/4661
s 2251
f 2475/1228/4662 2472/1177/4663 2473/1178/4662
f 2473/1178/4662 2476/1227/4663 2475/1228/4662
s 2252
f 2479/1231/4664 2471/1176/4664 2472/1177/4664
f 2472/1177/4664 2475/1228/4664 2479/1231/4664
s 2253
f 2481/1232/4665 2470/1175/4666 2471/1176/4667
f 2471/1176/4667 2479/1231/4668 2481/1232/4665
s 2254
f 2483/1234/4669 2469/1174/4670 2470/1175/4670
f 2470/1175/4670 2481/1232/4670 2483/1234/4669
s 2255
f 2485/1236/4671 2468/1173/4672 2469/1174/4671
f 2469/1174/4671 2483/1234/4671 2485/1236/4671
s 2256
f 2487/1238/4673 2467/1172/4673 2468/1173/4673
f 2468/1173/4673 2485/1236/4674 2487/1238/4673
s 2257
f 2489/1240/4675 2466/1171/4676 2467/1172/4677
f 2467/1172/4677 2487/1238/4678 2489/1240/4675
s 2258
f 2491/1242/4679 2465/1170/4680 2466/1171/4679
f 2466/1171/4679 2489/1240/4681 2491/1242/4679
s 2259
f 2493/1244/4682 2464/1169/4683 2465/1170/4683
f 2465/1170/4683 2491/1242/4683 2493/1244/4682
s 2260
f 2495/1246/4684 2463/1168/4684 2464/1169/4685
f 2464/1169/4685 2493/1244/4686 2495/1246/4684
s 2261
f 2497/1249/4687 2462/1167/4688 2463/1168/4689
f 2463/1168/4689 2495/1246/4690 2497/1249/4687
s 2262
f 2499/1250/4691 2461/1166/4692 2462/1167/4693
f 2462/1167/4693 2497/1249/4693 2499/1250/4691
s 2263
f 2501/1252/4694 2460/1165/4694 2461/1166/4694
f 2461/1166/4694 2499/1250/4694 2501/1252/4694
s 2264
f 2503/1254/4695 2459/1163/4695 2460/1165/4695
f 2460/1165/4695 2501/1252/4695 2503/1254/4695
s 2265
f 2205/892/4696 2204/893/4697 2459/1163/4696
f 2459/1163/4696 2503/1254/4696 2205/892/4696
s 2266
f 2205/892/4698 2503/1254/4698 2502/1255/4699
f 2502/1255/4699 2213/902/4698 2205/892/4698
s 2267
f 2213/902/4700 2502/1255/4700 2518/1270/4700
f 2518/1270/4700 2214/903/4700 2213/902/4700
s 2268
f 2518/1270/4701 2533/1285/4701 2215/904/4701
f 2215/904/4701 2214/903/4701 2518/1270/4701
s 2269
f 2548/1300/4702 2216/905/4702 2215/904/4702
f 2215/904/4702 2533/1285/4702 2548/1300/4702
s 2270
f 2548/1300/4703 2563/1315/4704 2217/906/4705
f 2217/906/4705 2216/905/4703 2548/1300/4703
f 2578/1330/4706 2218/907/4707 2217/906/4705
f 2217/906/4705 2563/1315/4704 2578/1330/4706
f 2578/1330/4706 2593/1345/4708 2219/908/4709
f 2219/908/4709 2218/907/4707 2578/1330/4706
f 2608/1360/4710 2233/931/4711 2219/908/4709
f 2219/908/4709 2593/1345/4708 2608/1360/4710
f 2608/1360/4710 2623/1375/4712 2232/930/4713
f 2232/930/4713 2233/931/4711 2608/1360/4710
f 2231/929/4714 2232/930/4713 2623/1375/4712
f 2623/1375/4712 2638/1390/4715 2231/929/4714
s 2271
f 2230/928/4716 2231/929/4716 2638/1390/4716
f 2638/1390/4716 2653/1405/4716 2230/928/4716
s 2272
f 2229/927/4717 2230/928/4717 2653/1405/4717
f 2653/1405/4717 2668/1420/4717 2229/927/4717
s 2273
f 2683/1435/4718 2228/926/4718 2229/927/4718
f 2229/927/4718 2668/1420/4718 2683/1435/4718
s 2274
f 2698/1450/4719 2227/924/4719 2228/926/4719
f 2228/926/4719 2683/1435/4719 2698/1450/4719
s 2275
f 2698/1450/4720 2005/663/4721 2007/665/4720
f 2007/665/4720 2227/924/4720 2698/1450/4720
s 2276
f 2698/1450/4722 2697/1449/4722 2004/662/4722
f 2004/662/4722 2005/663/4722 2698/1450/4722
s 2277
f 2004/662/4723 2697/1449/4724 2696/1448/4724
f 2696/1448/4724 2003/661/4724 2004/662/4723
s 2278
f 2003/661/4725 2696/1448/4726 2695/1447/4726
f 2695/1447/4726 2002/660/4727 2003/661/4725
s 2279
f 2695/1447/4728 2694/1446/4729 2001/659/4730
f 2001/659/4730 2002/660/4731 2695/1447/4728
s 2280
f 2001/659/4732 2694/1446/4733 2693/1445/4734
f 2693/1445/4734 2000/658/4735 2001/659/4732
s 2281
f 2000/658/4736 2693/1445/4736 2692/1444/4737
f 2692/1444/4737 1999/657/4738 2000/658/4736
s 2282
f 2692/1444/4739 2691/1443/4739 1998/656/4740
f 1998/656/4740 1999/657/4739 2692/1444/4739
s 2283
f 1998/656/4741 2691/1443/4742 2690/1442/4743
f 2690/1442/4743 1997/655/4744 1998/656/4741
s 2284
f 2690/1442/4745 2689/1441/4746 1996/654/4746
f 1996/654/4746 1997/655/4747 2690/1442/4745
s 2285
f 2689/1441/4748 2688/1440/4749 1995/653/4750
f 1995/653/4750 1996/654/4751 2689/1441/4748
s 2286
f 1995/653/4752 2688/1440/4753 2687/1439/4753
f 2687/1439/4753 1994/652/4752 1995/653/4752
s 2287
f 2687/1439/4754 2686/1438/4755 1993/651/4754
f 1993/651/4754 1994/652/4756 2687/1439/4754
s 2288
f 2686/1438/4757 2684/1436/4758 1992/650/4758
f 1992/650/4758 1993/651/4758 2686/1438/4757
s 2289
f 1992/650/4759 2684/1436/4759 2685/1437/4759
f 2685/1437/4759 1991/648/4759 1992/650/4759
s 2290
f 1535/1452/4760 1534/647/4760 1991/648/4760
f 1991/648/4760 2685/1437/4760 1535/1452/4760
s 2291
f 1543/1453/4761 1535/1452/4761 2685/1437/4761
f 2685/1437/4761 2670/1422/4761 1543/1453/4761
s 2292
f 1544/1454/4762 1543/1453/4762 2670/1422/4762
f 2670/1422/4762 2655/1407/4762 1544/1454/4762
s 2293
f 1545/1455/4763 1544/1454/4763 2655/1407/4764
f 2655/1407/4764 2640/1392/4763 1545/1455/4763
s 2294
f 2625/1377/4765 1546/1456/4766 1545/1455/4767
f 1545/1455/4767 2640/1392/4767 2625/1377/4765
f 1547/1457/4768 1546/1456/4766 2625/1377/4765
f 2625/1377/4765 2610/1362/4769 1547/1457/4768
f 1548/1458/4770 1547/1457/4768 2610/1362/4769
f 2610/1362/4769 2595/1347/4771 1548/1458/4770
f 1549/1459/4772 1548/1458/4770 2595/1347/4771
f 2595/1347/4771 2580/1332/4773 1549/1459/4772
f 2565/1317/4774 1584/1460/4775 1549/1459/4772
f 1549/1459/4772 2580/1332/4773 2565/1317/4774
f 2550/1301/4776 1583/1461/4777 1584/1460/4775
f 1584/1460/4775 2565/1317/4774 2550/1301/4776
f 1582/1462/4778 1583/1461/4777 2550/1301/4776
f 2550/1301/4776 2535/1286/4779 1582/1462/4778
f 1581/1463/4780 1582/1462/4778 2535/1286/4779
f 2535/1286/4779 2520/1271/4781 1581/1463/4780
s 2295
f 1580/1464/4782 1581/1463/4783 2520/1271/4782
f 2520/1271/4782 2505/1256/4782 1580/1464/4782
s 2296
f 1579/1465/4784 1580/1464/4785 2505/1256/4786
f 2505/1256/4786 2477/1226/4784 1579/1465/4784
s 2297
f 2477/1226/4787 2476/1227/4787 1577/1451/4788
f 1577/1451/4788 1579/1465/4787 2477/1226/4787
s 2298
f 1387/38/4789 38/38/4790 39/39/4789
f 39/39/4789 1388/39/4789 1387/38/4789
s 2299
f 40/40/4791 1389/40/4792 1388/39/4793
f 1388/39/4793 39/39/4794 40/40/4791
s 2300
f 1387/38/4795 1395/46/4795 46/46/4795
f 46/46/4795 38/38/4795 1387/38/4795
s 2301
f 1395/46/4796 1401/52/4797 52/52/4798
f 52/52/4798 46/46/4799 1395/46/4796
s 2302
f 1408/59/4800 59/59/4800 60/60/4801
f 60/60/4801 1409/60/4800 1408/59/4800
s 2303
f 1408/59/4802 1414/65/4803 65/65/4802
f 65/65/4802 59/59/4802 1408/59/4802
s 2304
f 66/66/4804 65/65/4804 1414/65/4804
f 1414/65/4804 1415/66/4804 66/66/4804
s 2305
f 1420/71/4805 71/71/4806 66/66/4806
f 66/66/4806 1415/66/4806 1420/71/4805
s 2306
f 76/76/4807 71/71/4808 1420/71/4809
f 1420/71/4809 1425/76/4808 76/76/4807
s 2307
f 1430/81/4810 81/81/4811 76/76/4812
f 76/76/4812 1425/76/4810 1430/81/4810
s 2308
f 1435/86/4813 86/86/4813 81/81/4813
f 81/81/4813 1430/81/4813 1435/86/4813
s 2309
f 1468/119/4814 119/119/4815 120/120/4816
f 120/120/4816 1469/120/4815 1468/119/4814
s 2310
f 121/121/4817 1470/121/4818 1469/120/4818
f 1469/120/4818 120/120/4817 121/121/4817
s 2311
f 121/121/4819 122/122/4820 1471/122/4821
f 1471/122/4821 1470/121/4821 121/121/4819
s 2312
f 1471/122/4822 122/122/4822 123/123/4822
f 123/123/4822 1472/123/4822 1471/122/4822
s 2313
f 124/124/4823 1473/124/4824 1472/123/4824
f 1472/123/4824 123/123/4824 124/124/4823
s 2314
f 1473/124/4825 124/124/4826 128/128/4826
f 128/128/4826 1476/128/4826 1473/124/4825
s 2315
f 1476/128/4827 128/128/4827 127/127/4827
f 127/127/4827 1477/127/4827 1476/128/4827
s 2316
f 1477/127/4828 127/127/4828 129/129/4829
f 129/129/4829 1478/129/4828 1477/127/4828
s 2317
f 1524/175/4830 175/175/4830 176/176/4830
f 176/176/4830 1525/176/4830 1524/175/4830
s 2318
f 176/176/4831 177/177/4832 1526/177/4833
f 1526/177/4833 1525/176/4834 176/176/4831
s 2319
f 183/183/4835 175/175/4835 1524/175/4835
f 1524/175/4835 1532/183/4836 183/183/4835
s 2320
f 40/40/4837 86/86/4837 1435/86/4837
f 1435/86/4837 1389/40/4837 40/40/4837
s 2321
f 1478/129/4838 129/129/4838 183/183/4839
f 183/183/4839 1532/183/4838 1478/129/4838
s 2322
f 177/177/4840 52/52/4841 1401/52/4842
f 1401/52/4842 1526/177/4843 177/177/4840
s 2323
f 1555/206/4844 1409/60/4844 60/60/4844
f 60/60/4844 206/206/4844 1555/206/4844
s 2324
f 1468/119/4845 1575/226/4845 226/226/4845
f 226/226/4845 119/119/4846 1468/119/4845
s 2325
f 1597/248/4847 1598/249/4847 249/249/4847
f 249/249/4847 248/248/4847 1597/248/4847
s 2326
f 1598/249/4848 1602/253/4848 253/253/4848
f 253/253/4848 249/249/4848 1598/249/4848
s 2327
f 253/253/4849 1602/253/4849 1606/257/4849
f 1606/257/4849 257/257/4849 253/253/4849
s 2328
f 1606/257/4850 1610/261/4851 261/261/4851
f 261/261/4851 257/257/4850 1606/257/4850
s 2329
f 261/261/4852 1610/261/4852 1614/265/4852
f 1614/265/4852 265/265/4852 261/261/4852
s 2330
f 269/269/4853 265/265/4853 1614/265/4853
f 1614/265/4853 1618/269/4853 269/269/4853
s 2331
f 1622/273/4854 273/273/4854 269/269/4854
f 269/269/4854 1618/269/4854 1622/273/4854
s 2332
f 1622/273/4855 1626/277/4856 277/277/4856
f 277/277/4856 273/273/4856 1622/273/4855
s 2333
f 277/277/4857 1626/277/4858 1630/281/4859
f 1630/281/4859 281/281/4857 277/277/4857
s 2334
f 285/285/4860 281/281/4861 1630/281/4861
f 1630/281/4861 1634/285/4861 285/285/4860
s 2335
f 1638/289/4862 289/289/4862 285/285/4862
f 285/285/4862 1634/285/4862 1638/289/4862
s 2336
f 1642/293/4863 293/293/4863 289/289/4863
f 289/289/4863 1638/289/4863 1642/293/4863
s 2337
f 1642/293/4864 1646/297/4864 297/297/4864
f 297/297/4864 293/293/4864 1642/293/4864
s 2338
f 297/297/4865 1646/297/4865 1650/301/4866
f 1650/301/4866 301/301/4865 297/297/4865
s 2339
f 1656/307/4867 1597/248/4868 248/248/4868
f 248/248/4868 307/307/4868 1656/307/4867
s 2340
f 206/308/4869 301/301/4870 1650/301/4871
f 1650/301/4871 1555/308/4870 206/308/4869
s 2341
f 1680/335/4872 1679/336/4872 331/336/4872
f 331/336/4872 330/335/4872 1680/335/4872
s 2342
f 1685/341/4873 336/341/4873 331/336/4873
f 331/336/4873 1679/336/4873 1685/341/4873
s 2343
f 341/346/4874 336/341/4874 1685/341/4874
f 1685/341/4874 1690/346/4874 341/346/4874
s 2344
f 1690/346/4875 1695/351/4875 346/351/4875
f 346/351/4875 341/346/4875 1690/346/4875
s 2345
f 1700/356/4876 351/356/4876 346/351/4876
f 346/351/4876 1695/351/4876 1700/356/4876
s 2346
f 1700/356/4877 1705/361/4877 356/361/4877
f 356/361/4877 351/356/4877 1700/356/4877
s 2347
f 361/366/4878 356/361/4878 1705/361/4878
f 1705/361/4878 1710/366/4878 361/366/4878
s 2348
f 1710/366/4879 1715/371/4879 366/371/4879
f 366/371/4879 361/366/4879 1710/366/4879
s 2349
f 371/376/4880 366/371/4880 1715/371/4880
f 1715/371/4880 1720/376/4880 371/376/4880
s 2350
f 1725/381/4881 376/381/4881 371/376/4881
f 371/376/4881 1720/376/4881 1725/381/4881
s 2351
f 376/381/4882 1725/381/4882 1730/386/4882
f 1730/386/4882 381/386/4882 376/381/4882
s 2352
f 386/391/4883 381/386/4884 1730/386/4884
f 1730/386/4884 1735/391/4884 386/391/4883
s 2353
f 386/391/4885 1735/391/4885 1740/396/4885
f 1740/396/4885 391/396/4886 386/391/4885
s 2354
f 1745/401/4887 396/401/4888 391/396/4889
f 391/396/4889 1740/396/4888 1745/401/4887
s 2355
f 1744/400/4890 395/400/4890 396/401/4890
f 396/401/4890 1745/401/4891 1744/400/4890
s 2356
f 1575/226/4892 1680/335/4893 330/335/4894
f 330/335/4894 226/226/4894 1575/226/4892
s 2357
f 398/403/4895 395/400/4895 1744/400/4895
f 1744/400/4895 1748/403/4895 398/403/4895
s 2358
f 2061/750/4896 2069/758/4897 720/758/4896
f 720/758/4896 712/750/4896 2061/750/4896
s 2359
f 2068/757/4898 719/757/4898 720/758/4898
f 720/758/4898 2069/758/4898 2068/757/4898
s 2360
f 2068/757/4899 2076/765/4900 727/765/4899
f 727/765/4899 719/757/4901 2068/757/4899
s 2361
f 2084/772/4902 2083/773/4903 735/773/4903
f 735/773/4903 734/772/4903 2084/772/4902
s 2362
f 739/777/4904 735/773/4904 2083/773/4905
f 2083/773/4905 2088/777/4904 739/777/4904
s 2363
f 2094/783/4906 745/783/4907 739/777/4906
f 739/777/4906 2088/777/4907 2094/783/4906
s 2364
f 2094/783/4908 2093/782/4908 744/782/4908
f 744/782/4908 745/783/4908 2094/783/4908
s 2365
f 750/788/4909 744/782/4910 2093/782/4910
f 2093/782/4910 2099/788/4910 750/788/4909
s 2366
f 755/793/4911 750/788/4911 2099/788/4912
f 2099/788/4912 2104/793/4912 755/793/4911
s 2367
f 760/798/4913 755/793/4913 2104/793/4913
f 2104/793/4913 2109/798/4913 760/798/4913
s 2368
f 2134/824/4914 786/824/4915 785/823/4915
f 785/823/4915 2135/823/4915 2134/824/4914
s 2369
f 2136/825/4916 2135/823/4916 785/823/4917
f 785/823/4917 787/825/4917 2136/825/4916
s 2370
f 2136/825/4918 787/825/4918 788/826/4918
f 788/826/4918 2137/826/4918 2136/825/4918
s 2371
f 2137/826/4919 788/826/4919 789/827/4919
f 789/827/4919 2138/827/4920 2137/826/4919
s 2372
f 789/827/4921 794/832/4922 2142/832/4921
f 2142/832/4921 2138/827/4921 789/827/4921
s 2373
f 2142/832/4923 794/832/4924 793/831/4923
f 793/831/4923 2143/831/4925 2142/832/4923
s 2374
f 2143/831/4926 793/831/4926 795/833/4927
f 795/833/4927 2144/833/4927 2143/831/4926
s 2375
f 796/834/4928 2145/834/4928 2144/833/4928
f 2144/833/4928 795/833/4928 796/834/4928
s 2376
f 2145/834/4929 796/834/4929 853/891/4929
f 853/891/4929 2202/891/4929 2145/834/4929
s 2377
f 2200/889/4930 2199/888/4931 850/888/4931
f 850/888/4931 851/889/4930 2200/889/4930
s 2378
f 852/890/4932 2201/890/4932 2200/889/4932
f 2200/889/4932 851/889/4932 852/890/4932
s 2379
f 760/798/4933 2109/798/4933 2061/750/4933
f 2061/750/4933 712/750/4933 760/798/4933
s 2380
f 2199/888/4934 2202/891/4934 853/891/4934
f 853/891/4934 850/888/4935 2199/888/4934
s 2381
f 2201/890/4936 852/890/4937 727/765/4936
f 727/765/4936 2076/765/4936 2201/890/4936
s 2382
f 1748/403/4938 2084/772/4938 734/772/4938
f 734/772/4938 398/403/4938 1748/403/4938
s 2383
f 786/824/4939 2134/824/4939 1656/307/4939
f 1656/307/4939 307/307/4939 786/824/4939
