# Blender 4.5.3 LTS
# www.blender.org
mtllib pata_izquierda_traseraobj.mtl
g pata_izquierda_trasera_Mesh
v -0.030645 -0.038727 0.393447
v -0.097745 -0.009927 0.385747
v -0.162345 0.017673 0.362947
v -0.221745 0.043073 0.325947
v -0.273845 0.065373 0.276047
v -0.316645 0.083673 0.215347
v -0.348445 0.097273 0.146047
v -0.367945 0.105673 0.070847
v -0.374645 0.108473 -0.007353
v -0.367945 0.105673 -0.085553
v -0.348445 0.097273 -0.160753
v -0.316645 0.083673 -0.230053
v -0.273845 0.065373 -0.290853
v -0.221745 0.043073 -0.340653
v -0.162345 0.017673 -0.377753
v -0.097745 -0.009927 -0.400553
v -0.030645 -0.038727 -0.408253
v 0.036355 -0.067427 -0.400553
v 0.100955 -0.095027 -0.377753
v 0.160355 -0.120427 -0.340653
v 0.212455 -0.142727 -0.290853
v 0.255255 -0.161027 -0.230053
v 0.287055 -0.174627 -0.160753
v 0.306655 -0.183027 -0.085553
v 0.313255 -0.185827 -0.007353
v 0.306655 -0.183027 0.070847
v 0.287055 -0.174627 0.146047
v 0.255255 -0.161027 0.215347
v 0.212455 -0.142727 0.276047
v 0.036355 -0.067427 0.385747
v 0.160355 -0.120427 0.325947
v 0.100955 -0.095027 0.362947
v 0.278555 -0.248527 -0.085553
v 0.240655 -0.253527 -0.078553
v 0.246655 -0.256027 -0.007353
v 0.285155 -0.251327 -0.007353
v 0.072855 -0.160527 -0.377753
v 0.132355 -0.185927 -0.340653
v -0.058745 -0.104227 0.393447
v 0.008355 -0.132927 0.385747
v -0.301945 -0.000127 0.276047
v -0.344645 0.018173 0.215347
v 0.008355 -0.132927 -0.400553
v 0.072855 -0.160527 0.362947
v -0.249745 -0.022427 0.325947
v -0.058745 -0.104227 -0.408253
v 0.132355 -0.185927 0.325947
v -0.190345 -0.047927 0.362947
v -0.125845 -0.075527 -0.400553
v 0.184455 -0.208227 0.276047
v -0.125845 -0.075527 0.385747
v -0.190345 -0.047927 -0.377753
v 0.227255 -0.226527 0.215347
v -0.249745 -0.022427 -0.340653
v 0.258955 -0.240127 0.146047
v -0.301945 -0.000127 -0.290853
v 0.278555 -0.248527 0.070847
v -0.344645 0.018173 -0.230053
v -0.376445 0.031773 -0.160753
v -0.396045 0.040073 -0.085553
v 0.258955 -0.240127 -0.160753
v -0.402645 0.042873 -0.007353
v 0.227255 -0.226527 -0.230053
v -0.396045 0.040073 0.070847
v 0.184455 -0.208227 -0.290853
v -0.376445 0.031773 0.146047
v 0.154955 -0.216827 -0.265453
v 0.168755 -0.234127 -0.286353
v 0.210855 -0.252227 -0.226553
v 0.193855 -0.233527 -0.210153
v -0.373445 0.009273 -0.078553
v -0.355645 0.001573 -0.147053
v 0.222855 -0.245927 -0.147053
v -0.379445 0.011773 -0.007353
v -0.373445 0.009273 0.063847
v -0.355645 0.001573 0.132247
v 0.107555 -0.196527 -0.310753
v -0.326745 -0.010727 0.195347
v 0.053455 -0.173427 -0.344553
v -0.005345 -0.148227 0.350547
v -0.066445 -0.122127 0.357547
v -0.287745 -0.027427 0.250647
v -0.005345 -0.148227 -0.365253
v 0.053455 -0.173427 0.329747
v -0.240345 -0.047727 0.296047
v -0.066445 -0.122127 -0.372253
v 0.107555 -0.196527 0.296047
v -0.186245 -0.070927 0.329747
v -0.127445 -0.096027 -0.365253
v 0.154955 -0.216827 0.250647
v -0.127445 -0.096027 0.350547
v -0.186245 -0.070927 -0.344553
v 0.193855 -0.233527 0.195347
v -0.240345 -0.047727 -0.310753
v 0.222855 -0.245927 0.132247
v -0.287745 -0.027427 -0.265453
v 0.240655 -0.253527 0.063847
v -0.326745 -0.010727 -0.210153
v 0.058955 -0.187227 -0.371853
v -0.004545 -0.160027 -0.394253
v -0.036845 -0.235627 -0.394253
v 0.026655 -0.262727 -0.371853
v -0.383145 0.001973 0.143547
v -0.402445 0.010173 0.069547
v 0.117455 -0.212227 -0.335353
v -0.351945 -0.011427 0.211747
v -0.004545 -0.160027 0.379447
v -0.070545 -0.131827 0.387047
v -0.309845 -0.029427 0.271547
v 0.058955 -0.187227 0.357047
v -0.258545 -0.051327 0.320547
v -0.070545 -0.131827 -0.401853
v 0.117455 -0.212227 0.320547
v -0.200045 -0.076427 0.357047
v -0.136545 -0.103527 -0.394253
v 0.168755 -0.234127 0.271547
v -0.136545 -0.103527 0.379447
v -0.200045 -0.076427 -0.371853
v 0.210855 -0.252227 0.211747
v -0.258545 -0.051327 -0.335353
v 0.242155 -0.265527 0.143547
v -0.309845 -0.029427 -0.286353
v 0.261355 -0.273827 0.069547
v -0.351945 -0.011427 -0.226553
v 0.267855 -0.276627 -0.007353
v -0.383145 0.001973 -0.158353
v 0.261355 -0.273827 -0.084353
v -0.402445 0.010173 -0.084353
v 0.242155 -0.265527 -0.158353
v -0.408945 0.012973 -0.007353
v -0.232345 -0.151927 -0.371853
v -0.227445 -0.178627 -0.332853
v -0.170745 -0.202927 -0.352853
v -0.168845 -0.179127 -0.394253
v 0.026655 -0.262727 0.357047
v -0.036845 -0.235627 0.379447
v -0.290845 -0.126927 0.320547
v -0.342145 -0.105027 0.271547
v -0.102845 -0.207327 -0.401853
v 0.085155 -0.287827 0.320547
v -0.232345 -0.151927 0.357047
v 0.136455 -0.309727 0.271547
v -0.168845 -0.179127 0.379447
v 0.178555 -0.327727 0.211747
v -0.102845 -0.207327 0.387047
v -0.290845 -0.126927 -0.335353
v 0.209755 -0.341127 0.143547
v -0.342145 -0.105027 -0.286353
v 0.229055 -0.349327 0.069547
v -0.384245 -0.086927 -0.226553
v 0.235555 -0.352127 -0.007353
v -0.415545 -0.073627 -0.158353
v 0.229055 -0.349327 -0.084353
v -0.434745 -0.065327 -0.084353
v 0.209755 -0.341127 -0.158353
v -0.441245 -0.062527 -0.007353
v 0.178555 -0.327727 -0.226553
v -0.434745 -0.065327 0.069547
v 0.136455 -0.309727 -0.286353
v -0.415545 -0.073627 0.143547
v 0.085155 -0.287827 -0.335353
v -0.384245 -0.086927 0.211747
v -0.363045 -0.120627 -0.203053
v -0.402845 -0.132527 -0.225953
v -0.360945 -0.150527 -0.285553
v -0.325445 -0.136727 -0.256453
v 0.139555 -0.335627 0.188347
v 0.101955 -0.319527 0.241747
v -0.170745 -0.202927 0.338147
v -0.111745 -0.228127 0.344847
v -0.279645 -0.156327 -0.300253
v 0.167455 -0.347627 0.127447
v 0.184655 -0.354927 0.061347
v 0.190455 -0.357427 -0.007353
v -0.390945 -0.108727 -0.142153
v 0.184655 -0.354927 -0.076153
v -0.408145 -0.101327 -0.076153
v 0.167455 -0.347627 -0.142153
v -0.413945 -0.098827 -0.007353
v 0.139555 -0.335627 -0.203053
v -0.408145 -0.101327 0.061347
v 0.101955 -0.319527 -0.256453
v -0.390945 -0.108727 0.127447
v 0.056155 -0.299927 -0.300253
v -0.363045 -0.120627 0.188347
v 0.003855 -0.277627 -0.332853
v -0.052745 -0.253327 0.338147
v -0.325445 -0.136727 0.241747
v -0.052745 -0.253327 -0.352853
v 0.003855 -0.277627 0.318047
v -0.279645 -0.156327 0.285547
v -0.111745 -0.228127 -0.359653
v 0.056155 -0.299927 0.285547
v -0.227445 -0.178627 0.318047
v -0.491745 -0.182927 -0.007353
v -0.485245 -0.185627 -0.084153
v -0.453245 -0.111027 -0.084153
v -0.459745 -0.108227 -0.007353
v 0.208855 -0.394227 0.069347
v 0.215355 -0.397027 -0.007353
v -0.434045 -0.119227 -0.157953
v 0.208855 -0.394227 -0.084153
v 0.189655 -0.386027 -0.157953
v 0.158455 -0.372727 -0.225953
v -0.453245 -0.111027 0.069347
v 0.116455 -0.354727 -0.285553
v -0.434045 -0.119227 0.143147
v 0.065255 -0.332827 -0.334553
v -0.402845 -0.132527 0.211147
v 0.006955 -0.307927 -0.370853
v -0.056345 -0.280827 0.378447
v -0.122245 -0.252627 0.386047
v -0.360945 -0.150527 0.270847
v -0.056345 -0.280827 -0.393253
v 0.006955 -0.307927 0.356047
v -0.309745 -0.172427 0.319747
v -0.122245 -0.252627 -0.400853
v 0.065255 -0.332827 0.319747
v -0.251345 -0.197327 0.356047
v -0.188045 -0.224427 -0.393253
v 0.116455 -0.354727 0.270847
v -0.188045 -0.224427 0.378447
v -0.251345 -0.197327 -0.370853
v 0.158455 -0.372727 0.211147
v -0.309745 -0.172427 -0.334553
v 0.189655 -0.386027 0.143147
v -0.434845 -0.207227 0.211147
v -0.409545 -0.257627 0.180547
v -0.436645 -0.247027 0.122047
v -0.466045 -0.193827 0.143147
v 0.126455 -0.447327 -0.225953
v 0.157655 -0.460727 -0.157953
v -0.485245 -0.185627 0.069347
v 0.084555 -0.429427 -0.285553
v 0.033355 -0.407527 -0.334553
v -0.025045 -0.382527 -0.370853
v -0.088345 -0.355427 0.378447
v -0.154145 -0.327327 0.386047
v -0.392845 -0.225127 0.270847
v -0.088345 -0.355427 -0.393253
v -0.025045 -0.382527 0.356047
v -0.341645 -0.247027 0.319747
v -0.154145 -0.327327 -0.400853
v 0.033355 -0.407527 0.319747
v -0.283345 -0.272027 0.356047
v -0.220045 -0.299127 -0.393253
v 0.084555 -0.429427 0.270847
v -0.220045 -0.299127 0.378447
v -0.283345 -0.272027 -0.370853
v 0.126455 -0.447327 0.211147
v -0.341645 -0.247027 -0.334553
v 0.157655 -0.460727 0.143147
v -0.392845 -0.225127 -0.285553
v 0.176855 -0.468927 0.069347
v -0.434845 -0.207227 -0.225953
v 0.183355 -0.471727 -0.007353
v -0.466045 -0.193827 -0.157953
v 0.176855 -0.468927 -0.084153
v -0.503845 -0.244727 -0.083353
v -0.484545 -0.252327 -0.156453
v -0.436645 -0.247027 -0.136853
v -0.453345 -0.240527 -0.073353
v -0.052945 -0.397427 -0.319953
v -0.002145 -0.417327 -0.288753
v -0.108045 -0.375827 0.324447
v -0.165345 -0.353327 0.330947
v -0.372945 -0.272027 0.231847
v -0.108045 -0.375827 -0.339253
v -0.052945 -0.397427 0.305247
v -0.328445 -0.289427 0.273947
v -0.165345 -0.353327 -0.345753
v -0.002145 -0.417327 0.273947
v -0.277745 -0.309327 0.305247
v -0.222645 -0.330927 -0.339253
v 0.042355 -0.434727 0.231847
v -0.222645 -0.330927 0.324447
v -0.277745 -0.309327 -0.319953
v 0.078855 -0.449127 0.180547
v -0.328445 -0.289427 -0.288753
v 0.106055 -0.459727 0.122047
v -0.372945 -0.272027 -0.246653
v 0.122755 -0.466227 0.058647
v -0.409545 -0.257627 -0.195353
v 0.128355 -0.468427 -0.007353
v 0.122755 -0.466227 -0.073353
v 0.106055 -0.459727 -0.136853
v -0.459045 -0.238227 -0.007353
v 0.078855 -0.449127 -0.195353
v -0.453345 -0.240527 0.058647
v 0.042355 -0.434727 -0.246653
v -0.484545 -0.252327 0.141647
v -0.508145 -0.324927 0.141647
v -0.527345 -0.317427 0.068547
v -0.503845 -0.244727 0.068547
v 0.140055 -0.497127 -0.156453
v 0.159355 -0.504627 -0.083353
v -0.510345 -0.242227 -0.007353
v 0.108855 -0.484827 -0.223753
v 0.066855 -0.468427 -0.282753
v 0.015555 -0.448327 -0.331253
v -0.453345 -0.264527 0.208947
v -0.042845 -0.425427 -0.367253
v -0.106245 -0.400527 0.374647
v -0.172245 -0.374727 0.382047
v -0.411245 -0.281027 0.268047
v -0.106245 -0.400527 -0.389353
v -0.042845 -0.425427 0.352447
v -0.360045 -0.301127 0.316447
v -0.172245 -0.374727 -0.396853
v 0.015555 -0.448327 0.316447
v -0.301645 -0.324027 0.352447
v -0.238145 -0.348827 -0.389353
v 0.066855 -0.468427 0.268047
v -0.238145 -0.348827 0.374647
v -0.301645 -0.324027 -0.367253
v 0.108855 -0.484827 0.208947
v -0.360045 -0.301127 -0.331253
v 0.140055 -0.497127 0.141647
v -0.411245 -0.281027 -0.282753
v 0.159355 -0.504627 0.068547
v -0.453345 -0.264527 -0.223753
v 0.165855 -0.507227 -0.007353
v -0.412345 -0.405127 0.228447
v -0.434845 -0.353627 0.268047
v -0.383645 -0.373727 0.316447
v -0.368045 -0.420727 0.269847
v -0.007945 -0.520927 -0.331253
v 0.043255 -0.541027 -0.282753
v -0.476845 -0.337227 0.208947
v -0.066445 -0.498027 -0.367253
v -0.129845 -0.473227 0.374647
v -0.195745 -0.447327 0.382047
v -0.129845 -0.473227 -0.389353
v -0.066445 -0.498027 0.352447
v -0.195745 -0.447327 -0.396853
v -0.007945 -0.520927 0.316447
v -0.325145 -0.396627 0.352447
v -0.261745 -0.421527 -0.389353
v 0.043255 -0.541027 0.268047
v -0.261745 -0.421527 0.374647
v -0.325145 -0.396627 -0.367253
v 0.085255 -0.557527 0.208947
v -0.383645 -0.373727 -0.331253
v 0.116555 -0.569727 0.141647
v -0.434845 -0.353627 -0.282753
v 0.135755 -0.577327 0.068547
v -0.476845 -0.337227 -0.223753
v 0.142255 -0.579827 -0.007353
v -0.508145 -0.324927 -0.156453
v 0.135755 -0.577327 -0.083353
v -0.527345 -0.317427 -0.083353
v 0.116555 -0.569727 -0.156453
v -0.533845 -0.314827 -0.007353
v 0.085255 -0.557527 -0.223753
v -0.210345 -0.499227 0.369747
v -0.274845 -0.476527 0.362547
v -0.262745 -0.457927 0.319647
v -0.205745 -0.478027 0.326047
v -0.205745 -0.478027 -0.340853
v -0.148745 -0.498227 -0.334453
v -0.043345 -0.535327 0.269847
v -0.093945 -0.517527 0.300647
v -0.317545 -0.438627 0.300647
v -0.262745 -0.457927 -0.334453
v 0.000855 -0.551027 0.228447
v -0.317545 -0.438627 -0.315453
v 0.037255 -0.563827 0.177847
v -0.368045 -0.420727 -0.284653
v 0.064255 -0.573327 0.120247
v -0.412345 -0.405127 -0.243153
v 0.080855 -0.579227 0.057647
v -0.448745 -0.392327 -0.192653
v 0.086455 -0.581227 -0.007353
v -0.475745 -0.382727 -0.134953
v 0.080855 -0.579227 -0.072453
v -0.492345 -0.376927 -0.072453
v 0.064255 -0.573327 -0.134953
v -0.497945 -0.374927 -0.007353
v 0.037255 -0.563827 -0.192653
v -0.492345 -0.376927 0.057647
v 0.000855 -0.551027 -0.243153
v -0.475745 -0.382727 0.120247
v -0.043345 -0.535327 -0.284653
v -0.448745 -0.392327 0.177847
v -0.093945 -0.517527 -0.315453
v -0.148745 -0.498227 0.319647
v -0.515645 -0.391427 -0.151753
v -0.530745 -0.460727 -0.151753
v -0.500145 -0.471527 -0.216953
v -0.485145 -0.402227 -0.216953
v -0.393945 -0.434427 -0.320953
v -0.336845 -0.454627 -0.355853
v 0.064455 -0.596227 0.202147
v 0.094955 -0.607027 0.136947
v -0.444045 -0.416727 -0.274053
v 0.113855 -0.613627 0.066147
v 0.120155 -0.615927 -0.007353
v 0.113855 -0.613627 -0.080953
v -0.534445 -0.384827 -0.080953
v 0.094955 -0.607027 -0.151753
v -0.540845 -0.382627 -0.007353
v 0.064455 -0.596227 -0.216953
v -0.534445 -0.384827 0.066147
v 0.023355 -0.581727 -0.274053
v -0.515645 -0.391427 0.136947
v -0.026745 -0.564027 -0.320953
v -0.485145 -0.402227 0.202147
v -0.083845 -0.543827 -0.355853
v -0.145845 -0.522027 0.362547
v -0.444045 -0.416727 0.259247
v -0.145845 -0.522027 -0.377253
v -0.083845 -0.543827 0.341047
v -0.393945 -0.434427 0.306147
v -0.210345 -0.499227 -0.384553
v -0.026745 -0.564027 0.306147
v -0.336845 -0.454627 0.341047
v -0.274845 -0.476527 -0.377253
v 0.023355 -0.581727 0.259247
v -0.509545 -0.510227 -0.007353
v -0.555845 -0.451827 -0.007353
v -0.549545 -0.454127 0.066147
v -0.504145 -0.511827 0.054147
v 0.098755 -0.682927 -0.080953
v 0.105155 -0.685127 -0.007353
v -0.549545 -0.454127 -0.080953
v 0.079955 -0.676227 -0.151753
v 0.049455 -0.665527 -0.216953
v 0.008355 -0.650927 -0.274053
v -0.530745 -0.460727 0.136947
v -0.041745 -0.633327 -0.320953
v -0.500145 -0.471527 0.202147
v -0.098945 -0.613127 -0.355853
v -0.225345 -0.568527 0.369747
v -0.160945 -0.591227 0.362547
v -0.459045 -0.486027 0.259247
v -0.160945 -0.591227 -0.377253
v -0.098945 -0.613127 0.341047
v -0.408945 -0.503727 0.306147
v -0.225345 -0.568527 -0.384553
v -0.041745 -0.633327 0.306147
v -0.351845 -0.523827 0.341047
v -0.289845 -0.545727 -0.377253
v 0.008355 -0.650927 0.259247
v -0.289845 -0.545727 0.362547
v -0.351845 -0.523827 -0.355853
v 0.049455 -0.665527 0.202147
v -0.408945 -0.503727 -0.320953
v 0.079955 -0.676227 0.136947
v -0.459045 -0.486027 -0.274053
v 0.098755 -0.682927 0.066147
v -0.230845 -0.593927 0.308247
v -0.176545 -0.610227 0.302147
v -0.170745 -0.645727 0.350247
v -0.233545 -0.626827 0.357347
v -0.033845 -0.653127 -0.230553
v 0.000755 -0.663527 -0.182753
v -0.488345 -0.516527 0.113347
v -0.076045 -0.640427 -0.269853
v -0.462545 -0.524327 0.167947
v -0.124245 -0.625927 -0.298953
v -0.427945 -0.534727 0.215747
v -0.176545 -0.610227 -0.316953
v -0.124245 -0.625927 0.284147
v -0.385645 -0.547427 0.255047
v -0.230845 -0.593927 -0.322953
v -0.076045 -0.640427 0.255047
v -0.337545 -0.561827 0.284147
v -0.285245 -0.577527 -0.316953
v -0.033845 -0.653127 0.215747
v -0.285245 -0.577527 0.302147
v -0.337545 -0.561827 -0.298953
v 0.000755 -0.663527 0.167947
v -0.385645 -0.547427 -0.269853
v 0.026555 -0.671227 0.113347
v -0.427945 -0.534727 -0.230553
v 0.042355 -0.676027 0.054147
v -0.462545 -0.524327 -0.182753
v 0.047755 -0.677627 -0.007353
v -0.488345 -0.516527 -0.128153
v 0.042355 -0.676027 -0.068953
v -0.504145 -0.511827 -0.068953
v 0.026555 -0.671227 -0.128153
v -0.005945 -0.695227 0.250447
v -0.011845 -0.767327 0.250447
v -0.060645 -0.752627 0.295847
v -0.054745 -0.680627 0.295847
v -0.461245 -0.558427 0.250447
v -0.501245 -0.546427 0.195247
v -0.170745 -0.645727 -0.365053
v -0.110345 -0.663827 -0.344353
v -0.110345 -0.663827 0.329547
v -0.412445 -0.573127 0.295847
v -0.233545 -0.626827 -0.372053
v -0.356745 -0.589827 0.329547
v -0.296345 -0.607927 -0.365053
v -0.296345 -0.607927 0.350247
v -0.356745 -0.589827 -0.344353
v 0.034155 -0.707227 0.195247
v -0.412445 -0.573127 -0.310653
v 0.063855 -0.716227 0.132147
v -0.461245 -0.558427 -0.265253
v 0.082155 -0.721727 0.063747
v -0.501245 -0.546427 -0.209953
v 0.088355 -0.723527 -0.007353
v -0.531045 -0.537427 -0.146953
v 0.082155 -0.721727 -0.078553
v -0.549345 -0.531927 -0.078553
v 0.063855 -0.716227 -0.146953
v -0.555545 -0.530127 -0.007353
v 0.034155 -0.707227 -0.209953
v -0.549345 -0.531927 0.063747
v -0.005945 -0.695227 -0.265253
v -0.531045 -0.537427 0.132147
v -0.054745 -0.680627 -0.310653
v 0.024355 -0.786327 0.052247
v 0.008955 -0.782127 0.109547
v 0.057955 -0.788227 0.132147
v 0.076355 -0.793727 0.063747
v -0.302245 -0.680027 0.350247
v -0.362645 -0.661927 0.329547
v -0.362645 -0.661927 -0.344353
v -0.302245 -0.680027 -0.365053
v 0.028255 -0.779327 0.195247
v -0.239445 -0.698927 0.357347
v -0.418345 -0.645127 -0.310653
v -0.467145 -0.630527 -0.265253
v -0.507145 -0.618427 -0.209953
v 0.082455 -0.795627 -0.007353
v -0.536945 -0.609527 -0.146953
v 0.076355 -0.793727 -0.078553
v -0.555245 -0.604027 -0.078553
v 0.057955 -0.788227 -0.146953
v -0.561445 -0.602127 -0.007353
v 0.028255 -0.779327 -0.209953
v -0.555245 -0.604027 0.063747
v -0.011845 -0.767327 -0.265253
v -0.536945 -0.609527 0.132147
v -0.060645 -0.752627 -0.310653
v -0.507145 -0.618427 0.195247
v -0.116245 -0.735927 -0.344353
v -0.176645 -0.717727 0.350247
v -0.467145 -0.630527 0.250447
v -0.176645 -0.717727 -0.365053
v -0.116245 -0.735927 0.329547
v -0.418345 -0.645127 0.295847
v -0.239445 -0.698927 -0.372053
v 0.008955 -0.782127 -0.124353
v 0.049555 -0.812427 -0.143553
v 0.067455 -0.817327 -0.076753
v 0.024355 -0.786327 -0.067053
v -0.465345 -0.652027 -0.177253
v -0.431745 -0.661327 -0.223553
v 0.029555 -0.787727 -0.007353
v -0.490345 -0.645227 -0.124353
v -0.505745 -0.641027 -0.067053
v -0.510845 -0.639627 -0.007353
v -0.016045 -0.775227 -0.177253
v -0.505745 -0.641027 0.052247
v -0.049645 -0.766027 -0.223553
v -0.490345 -0.645227 0.109547
v -0.090545 -0.754827 -0.261553
v -0.465345 -0.652027 0.162447
v -0.137245 -0.742027 -0.289853
v -0.187945 -0.728127 0.292447
v -0.240645 -0.713627 0.298347
v -0.431745 -0.661327 0.208747
v -0.187945 -0.728127 -0.307153
v -0.137245 -0.742027 0.275047
v -0.390845 -0.672527 0.246747
v -0.240645 -0.713627 -0.313053
v -0.090545 -0.754827 0.246747
v -0.344045 -0.685327 0.275047
v -0.293345 -0.699227 -0.307153
v -0.049645 -0.766027 0.208747
v -0.293345 -0.699227 0.292447
v -0.344045 -0.685327 -0.289853
v -0.016045 -0.775227 0.162447
v -0.390845 -0.672527 -0.261553
v -0.066245 -0.780627 -0.303253
v -0.067545 -0.852827 -0.303253
v -0.019845 -0.865927 -0.258953
v -0.018645 -0.793727 -0.258953
v -0.555545 -0.646527 -0.007353
v -0.549445 -0.648227 -0.076753
v 0.020555 -0.804427 -0.205053
v -0.549445 -0.648227 0.062047
v -0.531545 -0.653127 0.128747
v -0.502545 -0.661027 0.190247
v -0.120645 -0.765727 -0.336153
v -0.179645 -0.749527 0.341547
v -0.241045 -0.732727 0.348447
v -0.463445 -0.671827 0.244247
v -0.179645 -0.749527 -0.356353
v -0.120645 -0.765727 0.321347
v -0.415745 -0.684827 0.288447
v -0.241045 -0.732727 -0.363153
v -0.066245 -0.780627 0.288447
v -0.361345 -0.699727 0.321347
v -0.302345 -0.715927 -0.356353
v -0.018645 -0.793727 0.244247
v -0.302345 -0.715927 0.341547
v -0.361345 -0.699727 -0.336153
v 0.020555 -0.804427 0.190247
v -0.415745 -0.684827 -0.303253
v 0.049555 -0.812427 0.128747
v -0.463445 -0.671827 -0.258953
v 0.067455 -0.817327 0.062047
v -0.502545 -0.661027 -0.205053
v 0.073555 -0.818927 -0.007353
v -0.531545 -0.653127 -0.143553
v -0.242245 -0.804927 -0.363153
v -0.242745 -0.833127 -0.317453
v -0.189545 -0.843727 -0.311453
v -0.180845 -0.821827 -0.356353
v -0.503745 -0.733327 0.190247
v -0.532845 -0.725327 0.128747
v -0.121845 -0.837927 -0.336153
v -0.180845 -0.821827 0.341547
v -0.242245 -0.804927 0.348447
v -0.464645 -0.744027 0.244247
v -0.121845 -0.837927 0.321347
v -0.416945 -0.757027 0.288447
v -0.067545 -0.852827 0.288447
v -0.362645 -0.771927 0.321347
v -0.303645 -0.788127 -0.356353
v -0.019845 -0.865927 0.244247
v -0.303645 -0.788127 0.341547
v -0.362645 -0.771927 -0.336153
v 0.019255 -0.876627 0.190247
v -0.416945 -0.757027 -0.303253
v 0.048355 -0.884627 0.128747
v -0.464645 -0.744027 -0.258953
v 0.066255 -0.889527 0.062047
v -0.503745 -0.733327 -0.205053
v 0.072255 -0.891127 -0.007353
v -0.532845 -0.725327 -0.143553
v 0.066255 -0.889527 -0.076753
v -0.550745 -0.720427 -0.076753
v 0.048355 -0.884627 -0.143553
v -0.556745 -0.718727 -0.007353
v 0.019255 -0.876627 -0.205053
v -0.550745 -0.720427 0.062047
v -0.394145 -0.802927 -0.265153
v -0.412045 -0.813027 -0.299253
v -0.358645 -0.823627 -0.331653
v -0.347045 -0.812327 -0.293853
v -0.091245 -0.863327 0.250447
v -0.138345 -0.853927 0.279047
v -0.347045 -0.812327 0.279047
v -0.394145 -0.802927 0.250447
v -0.295945 -0.822527 -0.311453
v -0.049945 -0.871627 0.211847
v -0.295945 -0.822527 0.296747
v -0.016045 -0.878427 0.164847
v -0.242745 -0.833127 0.302647
v 0.009155 -0.883427 0.111247
v -0.435545 -0.794727 -0.226653
v 0.024655 -0.886527 0.053147
v -0.469445 -0.787927 -0.179653
v 0.029855 -0.887527 -0.007353
v -0.494645 -0.782927 -0.126053
v 0.024655 -0.886527 -0.067853
v -0.510145 -0.779827 -0.067853
v 0.009155 -0.883427 -0.126053
v -0.515345 -0.778727 -0.007353
v -0.016045 -0.878427 -0.179653
v -0.510145 -0.779827 0.053147
v -0.049945 -0.871627 -0.226653
v -0.494645 -0.782927 0.111247
v -0.091245 -0.863327 -0.265153
v -0.469445 -0.787927 0.164847
v -0.138345 -0.853927 -0.293853
v -0.189545 -0.843727 0.296747
v -0.435545 -0.794727 0.211847
v -0.525745 -0.790327 -0.141753
v -0.514445 -0.863427 -0.141753
v -0.485945 -0.869127 -0.202453
v -0.497145 -0.796027 -0.202453
v 0.016055 -0.898427 0.187647
v 0.044555 -0.904127 0.126947
v -0.458845 -0.803627 -0.255553
v 0.062155 -0.907627 0.061047
v 0.068055 -0.908827 -0.007353
v 0.062155 -0.907627 -0.075853
v -0.543245 -0.786827 -0.075853
v 0.044555 -0.904127 -0.141753
v -0.549245 -0.785627 -0.007353
v 0.016055 -0.898427 -0.202453
v -0.543245 -0.786827 0.061047
v -0.022345 -0.890727 -0.255553
v -0.525745 -0.790327 0.126947
v -0.069045 -0.881427 -0.299253
v -0.497145 -0.796027 0.187647
v -0.122445 -0.870727 -0.331653
v -0.180345 -0.859227 0.336847
v -0.240545 -0.847227 0.343647
v -0.458845 -0.803627 0.240847
v -0.180345 -0.859227 -0.351653
v -0.122445 -0.870727 0.316947
v -0.412045 -0.813027 0.284447
v -0.240545 -0.847227 -0.358453
v -0.069045 -0.881427 0.284447
v -0.358645 -0.823627 0.316947
v -0.300745 -0.835227 -0.351653
v -0.022345 -0.890727 0.240847
v -0.300745 -0.835227 0.336847
v -0.531945 -0.859927 0.061047
v -0.493245 -0.898127 0.053547
v -0.498445 -0.897227 -0.007353
v -0.537945 -0.858727 -0.007353
v 0.073455 -0.980727 -0.075853
v 0.079355 -0.981927 -0.007353
v -0.531945 -0.859927 -0.075853
v 0.055855 -0.977227 -0.141753
v 0.027355 -0.971527 -0.202453
v -0.011045 -0.963927 -0.255553
v -0.514445 -0.863427 0.126947
v -0.057845 -0.954527 -0.299253
v -0.485945 -0.869127 0.187647
v -0.111145 -0.943927 -0.331653
v -0.229245 -0.920327 0.343647
v -0.169045 -0.932327 0.336847
v -0.447545 -0.876827 0.240847
v -0.169045 -0.932327 -0.351653
v -0.111145 -0.943927 0.316947
v -0.400745 -0.886127 0.284447
v -0.229245 -0.920327 -0.358453
v -0.057845 -0.954527 0.284447
v -0.347345 -0.896727 0.316947
v -0.289445 -0.908327 -0.351653
v -0.011045 -0.963927 0.240847
v -0.289445 -0.908327 0.336847
v -0.347345 -0.896727 -0.331653
v 0.027355 -0.971527 0.187647
v -0.400745 -0.886127 -0.299253
v 0.055855 -0.977227 0.126947
v -0.447545 -0.876827 -0.255553
v 0.073455 -0.980727 0.061047
v -0.289445 -0.954427 -0.351753
v -0.279145 -0.933127 -0.313553
v -0.330245 -0.924827 -0.295753
v -0.346945 -0.945027 -0.331753
v -0.033245 -0.973427 -0.228153
v 0.000655 -0.978927 -0.180853
v -0.477745 -0.900627 0.112047
v -0.074545 -0.966627 -0.266953
v -0.452545 -0.904727 0.166047
v -0.121645 -0.958927 -0.295753
v -0.172745 -0.950627 0.298747
v -0.225945 -0.941827 0.304747
v -0.418645 -0.910327 0.213347
v -0.172745 -0.950627 -0.313553
v -0.121645 -0.958927 0.281047
v -0.377345 -0.917127 0.252147
v -0.225945 -0.941827 -0.319553
v -0.074545 -0.966627 0.252147
v -0.330245 -0.924827 0.281047
v -0.033245 -0.973427 0.213347
v -0.279145 -0.933127 0.298747
v 0.000655 -0.978927 0.166047
v -0.377345 -0.917127 -0.266953
v 0.025855 -0.983127 0.112047
v -0.418645 -0.910327 -0.228153
v 0.041355 -0.985627 0.053547
v -0.452545 -0.904727 -0.180853
v 0.046555 -0.986527 -0.007353
v -0.477745 -0.900627 -0.126853
v 0.041355 -0.985627 -0.068253
v -0.493245 -0.898127 -0.068253
v 0.025855 -0.983127 -0.126853
v -0.454845 -0.980527 -0.255653
v -0.446345 -0.928727 -0.255653
v -0.484545 -0.922427 -0.202453
v -0.492945 -0.974327 -0.202453
v 0.025255 -1.005927 0.187647
v -0.012845 -0.999727 0.240947
v -0.229645 -0.964227 0.343747
v -0.289445 -0.954427 0.337047
v -0.399945 -0.936327 -0.299353
v 0.053555 -1.010627 0.126947
v 0.071055 -1.013427 0.061147
v 0.076955 -1.014427 -0.007353
v -0.512845 -0.917827 -0.141753
v 0.071055 -1.013427 -0.075853
v -0.530245 -0.914927 -0.075853
v 0.053555 -1.010627 -0.141753
v -0.536145 -0.914027 -0.007353
v 0.025255 -1.005927 -0.202453
v -0.530245 -0.914927 0.061147
v -0.012845 -0.999727 -0.255653
v -0.512845 -0.917827 0.126947
v -0.059345 -0.992127 -0.299353
v -0.484545 -0.922427 0.187647
v -0.112345 -0.983427 -0.331753
v -0.169845 -0.974027 0.337047
v -0.446345 -0.928727 0.240947
v -0.169845 -0.974027 -0.351753
v -0.112345 -0.983427 0.317047
v -0.399945 -0.936327 0.284547
v -0.229645 -0.964227 -0.358553
v -0.059345 -0.992127 0.284547
v -0.346945 -0.945027 0.317047
v -0.516745 -1.038927 -0.068953
v -0.538745 -0.966827 -0.075853
v -0.544645 -0.965827 -0.007353
v -0.522045 -1.038727 -0.007353
v 0.062555 -1.065327 0.061147
v 0.068455 -1.066227 -0.007353
v -0.521345 -0.969627 -0.141753
v 0.062555 -1.065327 -0.075853
v 0.045155 -1.062427 -0.141753
v 0.016755 -1.057827 -0.202453
v -0.538745 -0.966827 0.061147
v -0.021345 -1.051527 -0.255653
v -0.521345 -0.969627 0.126947
v -0.067745 -1.043927 -0.299353
v -0.492945 -0.974327 0.187647
v -0.120745 -1.035227 -0.331753
v -0.178345 -1.025827 0.337047
v -0.238145 -1.016027 0.343747
v -0.454845 -0.980527 0.240947
v -0.178345 -1.025827 -0.351753
v -0.120745 -1.035227 0.317047
v -0.408445 -0.988127 0.284547
v -0.238145 -1.016027 -0.358553
v -0.067745 -1.043927 0.284547
v -0.355445 -0.996827 0.317047
v -0.297945 -1.006227 -0.351753
v -0.021345 -1.051527 0.240947
v -0.297945 -1.006227 0.337047
v -0.355445 -0.996827 -0.331753
v 0.016755 -1.057827 0.187647
v -0.408445 -0.988127 -0.299353
v 0.045155 -1.062427 0.126947
v -0.188545 -1.047127 0.302147
v -0.136145 -1.048527 0.284247
v -0.087945 -1.049727 0.255047
v -0.045645 -1.050727 0.215747
v -0.010845 -1.051627 0.167947
v 0.014855 -1.052327 0.113347
v 0.030755 -1.052727 0.054147
v 0.036155 -1.052827 -0.007353
v 0.030755 -1.052727 -0.068953
v 0.014855 -1.052327 -0.128153
v -0.010845 -1.051627 -0.182753
v -0.045645 -1.050727 -0.230553
v -0.087945 -1.049727 -0.269853
v -0.136145 -1.048527 -0.298953
v -0.188545 -1.047127 -0.316953
v -0.242945 -1.045827 -0.323053
v -0.297445 -1.044427 -0.316953
v -0.349745 -1.043127 -0.298953
v -0.398045 -1.041927 -0.269853
v -0.440345 -1.040827 -0.230553
v -0.475045 -1.039927 -0.182753
v -0.500845 -1.039327 -0.128153
v -0.516745 -1.038927 0.054147
v -0.500845 -1.039327 0.113347
v -0.475045 -1.039927 0.167947
v -0.440345 -1.040827 0.215747
v -0.398045 -1.041927 0.255047
v -0.349745 -1.043127 0.284247
v -0.297445 -1.044427 0.302147
v -0.242945 -1.045827 0.308247
v 0.051955 -0.022127 0.434247
v 0.049355 -0.023627 0.421947
v 0.030655 -0.015627 0.424447
v 0.032655 -0.013927 0.436747
v 0.011755 -0.007627 0.425947
v 0.013255 -0.005627 0.438347
v 0.032855 -0.016527 0.449147
v 0.052755 -0.025027 0.446547
v 0.012955 -0.008027 0.450747
v 0.067955 -0.031527 0.418347
v 0.063355 -0.037227 0.408247
v 0.045155 -0.029527 0.411747
v 0.026955 -0.021727 0.414147
v 0.008555 -0.013927 0.415647
v -0.009845 -0.006027 0.416147
v -0.007045 0.000473 0.426447
v -0.006145 0.002673 0.438847
v -0.007045 0.000473 0.451247
v 0.010555 -0.014727 0.461047
v -0.009845 -0.006027 0.461647
v 0.031055 -0.023427 0.459447
v 0.051355 -0.032127 0.456647
v 0.071555 -0.040727 0.452847
v 0.072455 -0.033427 0.442747
v 0.071155 -0.030327 0.430547
v 0.024855 -0.085727 0.434247
v 0.005555 -0.077527 0.436747
v 0.005355 -0.074827 0.424447
v 0.024155 -0.082827 0.421947
v 0.027455 -0.084227 0.446547
v 0.007655 -0.075827 0.449147
v -0.013845 -0.069227 0.438347
v -0.013445 -0.066827 0.425947
v -0.012345 -0.067327 0.450747
v 0.042755 -0.090727 0.418347
v 0.025455 -0.075727 0.411747
v 0.043655 -0.083527 0.408247
v 0.044055 -0.093927 0.430547
v 0.047155 -0.092627 0.442747
v 0.051755 -0.086927 0.452847
v 0.031655 -0.078327 0.456647
v 0.011355 -0.069727 0.459447
v -0.009145 -0.061027 0.461047
v -0.032345 -0.058727 0.451247
v -0.029545 -0.052227 0.461647
v -0.033245 -0.060927 0.438847
v -0.032345 -0.058727 0.426447
v -0.011145 -0.060127 0.415647
v -0.029545 -0.052227 0.416147
v 0.007255 -0.067927 0.414147
v 0.100155 -0.117827 0.413647
v 0.081755 -0.109927 0.420347
v 0.079355 -0.106427 0.408447
v 0.097255 -0.114027 0.401947
v 0.104955 -0.117327 0.425347
v 0.085955 -0.109227 0.432247
v 0.062955 -0.102027 0.425947
v 0.061155 -0.098627 0.413847
v 0.066655 -0.101027 0.438047
v 0.096855 -0.106127 0.392247
v 0.114055 -0.113527 0.385047
v 0.114855 -0.121527 0.394547
v 0.118355 -0.125627 0.406047
v 0.123655 -0.125327 0.417547
v 0.130055 -0.120327 0.427047
v 0.110955 -0.112227 0.435047
v 0.091455 -0.103927 0.442047
v 0.071755 -0.095527 0.448047
v 0.061655 -0.091127 0.403947
v 0.079355 -0.098727 0.398547
v 0.170455 -0.147827 0.377547
v 0.153455 -0.140527 0.388047
v 0.149055 -0.136127 0.377047
v 0.165455 -0.143127 0.366947
v 0.177255 -0.148127 0.388247
v 0.159855 -0.140727 0.398947
v 0.136155 -0.133127 0.397547
v 0.132155 -0.128927 0.386247
v 0.141955 -0.133127 0.408747
v 0.163355 -0.134527 0.358047
v 0.178955 -0.141127 0.347347
v 0.181455 -0.149927 0.355947
v 0.186855 -0.154827 0.366247
v 0.194155 -0.155327 0.376647
v 0.202155 -0.151027 0.385147
v 0.184855 -0.143727 0.397047
v 0.167055 -0.136127 0.408047
v 0.148755 -0.128327 0.418047
v 0.130855 -0.120727 0.376947
v 0.147355 -0.127727 0.367947
v 0.232755 -0.174427 0.327247
v 0.218055 -0.168127 0.341047
v 0.211755 -0.162827 0.331447
v 0.226055 -0.168927 0.318047
v 0.241355 -0.175527 0.336547
v 0.226255 -0.169027 0.350747
v 0.202755 -0.161527 0.354147
v 0.196855 -0.156527 0.344147
v 0.210455 -0.162327 0.364047
v 0.222455 -0.159727 0.310447
v 0.235755 -0.165427 0.296647
v 0.239755 -0.174727 0.303947
v 0.246855 -0.180427 0.312747
v 0.255855 -0.181627 0.321547
v 0.250555 -0.171727 0.344147
v 0.265355 -0.178027 0.328747
v 0.235055 -0.165127 0.358647
v 0.218855 -0.158227 0.372347
v 0.193955 -0.147627 0.335847
v 0.208455 -0.153727 0.323547
v 0.284955 -0.196627 0.264747
v 0.272955 -0.191527 0.281347
v 0.265055 -0.185627 0.273547
v 0.276655 -0.190527 0.257347
v 0.295055 -0.198327 0.272147
v 0.282755 -0.193127 0.289247
v 0.260255 -0.186127 0.297447
v 0.252755 -0.180327 0.289047
v 0.269655 -0.187527 0.305747
v 0.271855 -0.180827 0.251147
v 0.282455 -0.185327 0.234847
v 0.287555 -0.195127 0.240547
v 0.296155 -0.201427 0.247447
v 0.306555 -0.203327 0.254347
v 0.317255 -0.200127 0.260047
v 0.305455 -0.195127 0.278247
v 0.292855 -0.189727 0.295847
v 0.279455 -0.184027 0.312647
v 0.248455 -0.170827 0.282147
v 0.260555 -0.175927 0.266947
v 0.324855 -0.213627 0.192347
v 0.316155 -0.209927 0.211147
v 0.306955 -0.203427 0.205347
v 0.315455 -0.207027 0.186947
v 0.336155 -0.215927 0.197647
v 0.327155 -0.212027 0.217047
v 0.306555 -0.205827 0.229547
v 0.297655 -0.199527 0.223147
v 0.317255 -0.207827 0.235947
v 0.309655 -0.196927 0.182547
v 0.317155 -0.200127 0.164247
v 0.323155 -0.210327 0.168247
v 0.332755 -0.217027 0.172947
v 0.344255 -0.219327 0.177747
v 0.355755 -0.216527 0.181647
v 0.347455 -0.213027 0.202047
v 0.338255 -0.209127 0.221947
v 0.328155 -0.204827 0.241247
v 0.292355 -0.189527 0.217847
v 0.301355 -0.193427 0.200447
v 0.351055 -0.224827 0.112847
v 0.345855 -0.222627 0.133147
v 0.335855 -0.215727 0.129547
v 0.340855 -0.217927 0.109747
v 0.363055 -0.227327 0.115847
v 0.357755 -0.225127 0.136747
v 0.339755 -0.220027 0.153247
v 0.329955 -0.213227 0.149047
v 0.351455 -0.222427 0.157447
v 0.334455 -0.207527 0.107247
v 0.338455 -0.209227 0.087747
v 0.345055 -0.219627 0.089747
v 0.355355 -0.226627 0.092147
v 0.367455 -0.229227 0.094647
v 0.379555 -0.226727 0.096647
v 0.375055 -0.224827 0.118347
v 0.369555 -0.222427 0.139747
v 0.363155 -0.219727 0.160947
v 0.323755 -0.202927 0.145547
v 0.329555 -0.205427 0.126547
v 0.362455 -0.229627 0.029247
v 0.361055 -0.229027 0.050347
v 0.350555 -0.222027 0.049147
v 0.351955 -0.222627 0.028647
v 0.374755 -0.232327 0.029947
v 0.373355 -0.231727 0.051547
v 0.358655 -0.228027 0.071347
v 0.348255 -0.221027 0.069547
v 0.370855 -0.230727 0.073147
v 0.345255 -0.212127 0.028147
v 0.345755 -0.212327 0.008147
v 0.352455 -0.222827 0.008147
v 0.362955 -0.229827 0.008147
v 0.375255 -0.232527 0.008147
v 0.387055 -0.229927 0.030447
v 0.387555 -0.230127 0.008147
v 0.385555 -0.229227 0.052647
v 0.383055 -0.228227 0.074647
v 0.341655 -0.210527 0.068047
v 0.343855 -0.211527 0.048147
v 0.358655 -0.228027 -0.055053
v 0.361055 -0.229027 -0.034053
v 0.350555 -0.222027 -0.032853
v 0.348255 -0.221027 -0.053253
v 0.370855 -0.230727 -0.056853
v 0.373355 -0.231727 -0.035253
v 0.362455 -0.229627 -0.012953
v 0.351955 -0.222627 -0.012353
v 0.374755 -0.232327 -0.013553
v 0.341655 -0.210527 -0.051753
v 0.338455 -0.209227 -0.071453
v 0.345055 -0.219627 -0.073453
v 0.355355 -0.226627 -0.075853
v 0.367455 -0.229227 -0.078253
v 0.383055 -0.228227 -0.058353
v 0.379555 -0.226727 -0.080353
v 0.385555 -0.229227 -0.036253
v 0.387055 -0.229927 -0.014053
v 0.345255 -0.212127 -0.011853
v 0.343855 -0.211527 -0.031853
v 0.339755 -0.220027 -0.136953
v 0.345855 -0.222627 -0.116853
v 0.335855 -0.215727 -0.113253
v 0.329955 -0.213227 -0.132753
v 0.351455 -0.222427 -0.141153
v 0.357755 -0.225127 -0.120453
v 0.351055 -0.224827 -0.096453
v 0.340855 -0.217927 -0.093453
v 0.363055 -0.227327 -0.099553
v 0.323755 -0.202927 -0.129253
v 0.317155 -0.200127 -0.147953
v 0.323155 -0.210327 -0.151953
v 0.332755 -0.217027 -0.156653
v 0.344255 -0.219327 -0.161453
v 0.363155 -0.219727 -0.144653
v 0.355755 -0.216527 -0.165353
v 0.369555 -0.222427 -0.123453
v 0.375055 -0.224827 -0.102053
v 0.334455 -0.207527 -0.090953
v 0.329555 -0.205427 -0.110253
v 0.306555 -0.205827 -0.213253
v 0.316155 -0.209927 -0.194853
v 0.306955 -0.203427 -0.189053
v 0.297655 -0.199527 -0.206853
v 0.317255 -0.207827 -0.219653
v 0.327155 -0.212027 -0.200753
v 0.324855 -0.213627 -0.175953
v 0.315455 -0.207027 -0.170653
v 0.336155 -0.215927 -0.181353
v 0.292355 -0.189527 -0.201553
v 0.282455 -0.185327 -0.218453
v 0.287555 -0.195127 -0.224253
v 0.296155 -0.201427 -0.231153
v 0.306555 -0.203327 -0.238053
v 0.328155 -0.204827 -0.224953
v 0.317255 -0.200127 -0.243753
v 0.338255 -0.209127 -0.205553
v 0.347455 -0.213027 -0.185753
v 0.309655 -0.196927 -0.166253
v 0.301355 -0.193427 -0.184153
v 0.260255 -0.186127 -0.281053
v 0.272955 -0.191527 -0.265053
v 0.265055 -0.185627 -0.257153
v 0.252755 -0.180327 -0.272753
v 0.269655 -0.187527 -0.289453
v 0.282755 -0.193127 -0.272953
v 0.284955 -0.196627 -0.248453
v 0.276655 -0.190527 -0.241053
v 0.295055 -0.198327 -0.255853
v 0.248455 -0.170827 -0.265853
v 0.235755 -0.165427 -0.280353
v 0.239755 -0.174727 -0.287653
v 0.246855 -0.180427 -0.296353
v 0.255855 -0.181627 -0.305153
v 0.279455 -0.184027 -0.296353
v 0.265355 -0.178027 -0.312453
v 0.292855 -0.189727 -0.279553
v 0.305455 -0.195127 -0.261953
v 0.271855 -0.180827 -0.234853
v 0.260555 -0.175927 -0.250653
v 0.202755 -0.161527 -0.337753
v 0.218055 -0.168127 -0.324753
v 0.211755 -0.162827 -0.315153
v 0.196855 -0.156527 -0.327853
v 0.210455 -0.162327 -0.347753
v 0.226255 -0.169027 -0.334353
v 0.232755 -0.174427 -0.310953
v 0.226055 -0.168927 -0.301753
v 0.241355 -0.175527 -0.320153
v 0.193955 -0.147627 -0.319553
v 0.178955 -0.141127 -0.331053
v 0.181455 -0.149927 -0.339653
v 0.186855 -0.154827 -0.349953
v 0.194155 -0.155327 -0.360353
v 0.218855 -0.158227 -0.356053
v 0.202155 -0.151027 -0.368853
v 0.235055 -0.165127 -0.342353
v 0.250555 -0.171727 -0.327853
v 0.222455 -0.159727 -0.294153
v 0.208455 -0.153727 -0.307253
v 0.136155 -0.133127 -0.381153
v 0.153455 -0.140527 -0.371653
v 0.149055 -0.136127 -0.360753
v 0.132155 -0.128927 -0.369953
v 0.141955 -0.133127 -0.392453
v 0.159855 -0.140727 -0.382653
v 0.170455 -0.147827 -0.361253
v 0.165455 -0.143127 -0.350653
v 0.177255 -0.148127 -0.371953
v 0.130855 -0.120727 -0.360653
v 0.114055 -0.113527 -0.368753
v 0.114855 -0.121527 -0.378253
v 0.118355 -0.125627 -0.389753
v 0.123655 -0.125327 -0.401253
v 0.148755 -0.128327 -0.401753
v 0.130055 -0.120327 -0.410753
v 0.167055 -0.136127 -0.391753
v 0.184855 -0.143727 -0.380753
v 0.163355 -0.134527 -0.341753
v 0.147355 -0.127727 -0.351653
v 0.062955 -0.102027 -0.409653
v 0.081755 -0.109927 -0.404052
v 0.079355 -0.106427 -0.392153
v 0.061155 -0.098627 -0.397552
v 0.066655 -0.101027 -0.421753
v 0.085955 -0.109227 -0.415953
v 0.100155 -0.117827 -0.397353
v 0.097255 -0.114027 -0.385653
v 0.104955 -0.117327 -0.409053
v 0.061655 -0.091127 -0.387553
v 0.043655 -0.083527 -0.391953
v 0.042755 -0.090727 -0.402053
v 0.044055 -0.093927 -0.414253
v 0.047155 -0.092627 -0.426453
v 0.071755 -0.095527 -0.431653
v 0.051755 -0.086927 -0.436553
v 0.091455 -0.103927 -0.425753
v 0.110955 -0.112227 -0.418753
v 0.096855 -0.106127 -0.375953
v 0.079355 -0.098727 -0.382253
v -0.013845 -0.069227 -0.422053
v 0.005555 -0.077527 -0.420453
v 0.005355 -0.074827 -0.408153
v -0.013445 -0.066827 -0.409653
v -0.012345 -0.067327 -0.434453
v 0.007655 -0.075827 -0.432853
v 0.024855 -0.085727 -0.417853
v 0.024155 -0.082827 -0.405553
v 0.027455 -0.084227 -0.430153
v -0.011145 -0.060127 -0.399353
v -0.029545 -0.052227 -0.399853
v -0.032345 -0.058727 -0.410153
v -0.033245 -0.060927 -0.422553
v -0.032345 -0.058727 -0.434952
v -0.009145 -0.061027 -0.444753
v -0.029545 -0.052227 -0.445253
v 0.011355 -0.069727 -0.443153
v 0.031655 -0.078327 -0.440353
v 0.025455 -0.075727 -0.395353
v 0.007255 -0.067927 -0.397853
v -0.091445 -0.036127 -0.417853
v -0.072145 -0.044327 -0.420453
v -0.070045 -0.042727 -0.408153
v -0.088845 -0.034727 -0.405553
v -0.092145 -0.033227 -0.430153
v -0.072345 -0.041727 -0.432853
v -0.052745 -0.052627 -0.422053
v -0.051245 -0.050727 -0.409653
v -0.052345 -0.050227 -0.434453
v -0.084645 -0.028827 -0.395353
v -0.102745 -0.021027 -0.391953
v -0.107445 -0.026727 -0.402053
v -0.110545 -0.028027 -0.414253
v -0.111845 -0.024827 -0.426453
v -0.090745 -0.026127 -0.440353
v -0.110945 -0.017527 -0.436553
v -0.070445 -0.034827 -0.443153
v -0.050045 -0.043527 -0.444753
v -0.047945 -0.044427 -0.399353
v -0.066345 -0.036627 -0.397853
v -0.166745 -0.004027 -0.397353
v -0.148245 -0.011927 -0.404052
v -0.144045 -0.011127 -0.392153
v -0.161945 -0.003527 -0.385653
v -0.169645 -0.000227 -0.409053
v -0.150645 -0.008327 -0.415953
v -0.129545 -0.019927 -0.409653
v -0.125845 -0.018927 -0.397552
v -0.131445 -0.016527 -0.421753
v -0.156045 0.001673 -0.375953
v -0.173145 0.008973 -0.368753
v -0.179545 0.003973 -0.378253
v -0.184845 0.003673 -0.389753
v -0.188345 0.007773 -0.401253
v -0.170145 0.007673 -0.418753
v -0.189245 0.015773 -0.410753
v -0.150645 -0.000627 -0.425753
v -0.130945 -0.009027 -0.431653
v -0.120745 -0.013427 -0.387553
v -0.138545 -0.005827 -0.382253
v -0.236945 0.025873 -0.361253
v -0.220045 0.018673 -0.371653
v -0.213745 0.018573 -0.360753
v -0.230145 0.025573 -0.350653
v -0.241945 0.030573 -0.371953
v -0.224545 0.023173 -0.382653
v -0.202645 0.011273 -0.381153
v -0.196845 0.011373 -0.369953
v -0.206645 0.015573 -0.392453
v -0.222545 0.029973 -0.341753
v -0.238045 0.036673 -0.331053
v -0.246145 0.032373 -0.339653
v -0.253345 0.032873 -0.349953
v -0.258845 0.037773 -0.360353
v -0.244045 0.039173 -0.380753
v -0.261345 0.046573 -0.368853
v -0.226245 0.031573 -0.391753
v -0.207945 0.023773 -0.401753
v -0.190045 0.016173 -0.360653
v -0.206445 0.023173 -0.351653
v -0.299345 0.052473 -0.310953
v -0.284645 0.046273 -0.324753
v -0.276445 0.045273 -0.315153
v -0.290745 0.051373 -0.301753
v -0.306145 0.057973 -0.320153
v -0.290945 0.051473 -0.334353
v -0.269245 0.039673 -0.337753
v -0.261545 0.038973 -0.327853
v -0.275145 0.044773 -0.347753
v -0.281645 0.055173 -0.294153
v -0.294945 0.060873 -0.280353
v -0.304445 0.057273 -0.287653
v -0.313445 0.058473 -0.296353
v -0.320545 0.064173 -0.305153
v -0.309645 0.067173 -0.327853
v -0.324545 0.073473 -0.312453
v -0.294145 0.060573 -0.342353
v -0.278045 0.053673 -0.356053
v -0.253145 0.043073 -0.319553
v -0.267645 0.049273 -0.307253
v -0.351545 0.074773 -0.248453
v -0.339545 0.069673 -0.265053
v -0.329745 0.068073 -0.257153
v -0.341345 0.072973 -0.241053
v -0.359745 0.080873 -0.255853
v -0.347445 0.075573 -0.272953
v -0.326845 0.064273 -0.281053
v -0.317445 0.062773 -0.272753
v -0.334345 0.069973 -0.289453
v -0.331045 0.076273 -0.234853
v -0.341645 0.080773 -0.218453
v -0.352245 0.077673 -0.224253
v -0.362745 0.079573 -0.231153
v -0.371245 0.085773 -0.238053
v -0.364645 0.090573 -0.261953
v -0.376345 0.095573 -0.243753
v -0.352045 0.085173 -0.279553
v -0.338645 0.079473 -0.296353
v -0.307645 0.066273 -0.265853
v -0.319645 0.071473 -0.250653
v -0.391445 0.091773 -0.175953
v -0.382645 0.088073 -0.194853
v -0.371645 0.085873 -0.189053
v -0.380145 0.089573 -0.170653
v -0.400845 0.098373 -0.181353
v -0.391845 0.094473 -0.200753
v -0.373145 0.083973 -0.213253
v -0.362345 0.081973 -0.206853
v -0.381945 0.090273 -0.219653
v -0.368845 0.092373 -0.166253
v -0.376345 0.095573 -0.147953
v -0.387845 0.092773 -0.151953
v -0.399345 0.095173 -0.156653
v -0.408945 0.101773 -0.161453
v -0.406645 0.108473 -0.185753
v -0.414945 0.112073 -0.165353
v -0.397445 0.104573 -0.205553
v -0.387345 0.100273 -0.224953
v -0.351445 0.084973 -0.201553
v -0.360545 0.088873 -0.184153
v -0.417645 0.102973 -0.096453
v -0.412445 0.100673 -0.116853
v -0.400545 0.098173 -0.113253
v -0.405545 0.100373 -0.093453
v -0.427745 0.109873 -0.099553
v -0.422445 0.107573 -0.120453
v -0.406345 0.098073 -0.136953
v -0.394645 0.095673 -0.132753
v -0.416145 0.104873 -0.141153
v -0.393645 0.102973 -0.090953
v -0.397645 0.104673 -0.071453
v -0.409745 0.102173 -0.073453
v -0.421845 0.104773 -0.075853
v -0.432145 0.111673 -0.078253
v -0.434145 0.120273 -0.102053
v -0.438645 0.122173 -0.080353
v -0.428745 0.117873 -0.123453
v -0.422345 0.115173 -0.144653
v -0.382945 0.098373 -0.129253
v -0.388745 0.100873 -0.110253
v -0.428945 0.107773 -0.012953
v -0.427545 0.107173 -0.034053
v -0.415245 0.104473 -0.032853
v -0.416645 0.105073 -0.012353
v -0.439445 0.114873 -0.013553
v -0.438045 0.114173 -0.035253
v -0.425145 0.106173 -0.055053
v -0.412945 0.103473 -0.053253
v -0.435545 0.113173 -0.056853
v -0.404445 0.107573 -0.011853
v -0.404845 0.107773 0.008147
v -0.417145 0.105273 0.008147
v -0.429445 0.107973 0.008147
v -0.439945 0.115073 0.008147
v -0.446145 0.125373 -0.014053
v -0.446645 0.125573 0.008147
v -0.444645 0.124673 -0.036253
v -0.442145 0.123673 -0.058353
v -0.400845 0.105973 -0.051753
v -0.403045 0.106973 -0.031853
v -0.425145 0.106173 0.071347
v -0.427545 0.107173 0.050347
v -0.415245 0.104473 0.049147
v -0.412945 0.103473 0.069547
v -0.435545 0.113173 0.073147
v -0.438045 0.114173 0.051547
v -0.428945 0.107773 0.029247
v -0.416645 0.105073 0.028647
v -0.439445 0.114873 0.029947
v -0.400845 0.105973 0.068047
v -0.397645 0.104673 0.087747
v -0.409745 0.102173 0.089747
v -0.421845 0.104773 0.092147
v -0.432145 0.111673 0.094647
v -0.442145 0.123673 0.074647
v -0.438645 0.122173 0.096647
v -0.444645 0.124673 0.052647
v -0.446145 0.125373 0.030447
v -0.404445 0.107573 0.028147
v -0.403045 0.106973 0.048147
v -0.406345 0.098073 0.153247
v -0.412445 0.100673 0.133147
v -0.400545 0.098173 0.129547
v -0.394645 0.095673 0.149047
v -0.416145 0.104873 0.157447
v -0.422445 0.107573 0.136747
v -0.417645 0.102973 0.112847
v -0.405545 0.100373 0.109747
v -0.427745 0.109873 0.115847
v -0.382945 0.098373 0.145547
v -0.376345 0.095573 0.164247
v -0.387845 0.092773 0.168247
v -0.399345 0.095173 0.172947
v -0.408945 0.101773 0.177747
v -0.422345 0.115173 0.160947
v -0.414945 0.112073 0.181647
v -0.428745 0.117873 0.139747
v -0.434145 0.120273 0.118347
v -0.393645 0.102973 0.107247
v -0.388745 0.100873 0.126547
v -0.373145 0.083973 0.229547
v -0.382645 0.088073 0.211147
v -0.371645 0.085873 0.205347
v -0.362345 0.081973 0.223147
v -0.381945 0.090273 0.235947
v -0.391845 0.094473 0.217047
v -0.391445 0.091773 0.192347
v -0.380145 0.089573 0.186947
v -0.400845 0.098373 0.197647
v -0.351445 0.084973 0.217847
v -0.341645 0.080773 0.234847
v -0.352245 0.077673 0.240547
v -0.362745 0.079573 0.247447
v -0.371245 0.085773 0.254347
v -0.387345 0.100273 0.241247
v -0.376345 0.095573 0.260047
v -0.397445 0.104573 0.221947
v -0.406645 0.108473 0.202047
v -0.368845 0.092373 0.182547
v -0.360545 0.088873 0.200447
v -0.326845 0.064273 0.297447
v -0.339545 0.069673 0.281347
v -0.329745 0.068073 0.273547
v -0.317445 0.062773 0.289047
v -0.334345 0.069973 0.305747
v -0.347445 0.075573 0.289247
v -0.351545 0.074773 0.264747
v -0.341345 0.072973 0.257347
v -0.359745 0.080873 0.272147
v -0.307645 0.066273 0.282147
v -0.294945 0.060873 0.296647
v -0.304445 0.057273 0.303947
v -0.313445 0.058473 0.312747
v -0.320545 0.064173 0.321547
v -0.338645 0.079473 0.312647
v -0.324545 0.073473 0.328747
v -0.352045 0.085173 0.295847
v -0.364645 0.090573 0.278247
v -0.331045 0.076273 0.251147
v -0.319645 0.071473 0.266947
v -0.269245 0.039673 0.354147
v -0.284645 0.046273 0.341047
v -0.276445 0.045273 0.331447
v -0.261545 0.038973 0.344147
v -0.275145 0.044773 0.364047
v -0.290945 0.051473 0.350747
v -0.299345 0.052473 0.327247
v -0.290745 0.051373 0.318047
v -0.306145 0.057973 0.336547
v -0.253145 0.043073 0.335847
v -0.238045 0.036673 0.347347
v -0.246145 0.032373 0.355947
v -0.253345 0.032873 0.366247
v -0.258845 0.037773 0.376647
v -0.278045 0.053673 0.372347
v -0.261345 0.046573 0.385147
v -0.294145 0.060573 0.358647
v -0.309645 0.067173 0.344147
v -0.281645 0.055173 0.310447
v -0.267645 0.049273 0.323547
v -0.202645 0.011273 0.397547
v -0.220045 0.018673 0.388047
v -0.213745 0.018573 0.377047
v -0.196845 0.011373 0.386247
v -0.206645 0.015573 0.408747
v -0.224545 0.023173 0.398947
v -0.236945 0.025873 0.377547
v -0.230145 0.025573 0.366947
v -0.241945 0.030573 0.388247
v -0.190045 0.016173 0.376947
v -0.173145 0.008973 0.385047
v -0.179545 0.003973 0.394547
v -0.184845 0.003673 0.406047
v -0.188345 0.007773 0.417547
v -0.207945 0.023773 0.418047
v -0.189245 0.015773 0.427047
v -0.226245 0.031573 0.408047
v -0.244045 0.039173 0.397047
v -0.222545 0.029973 0.358047
v -0.206445 0.023173 0.367947
v -0.129545 -0.019927 0.425947
v -0.148245 -0.011927 0.420347
v -0.144045 -0.011127 0.408447
v -0.125845 -0.018927 0.413847
v -0.131445 -0.016527 0.438047
v -0.150645 -0.008327 0.432247
v -0.166745 -0.004027 0.413647
v -0.161945 -0.003527 0.401947
v -0.169645 -0.000227 0.425347
v -0.120745 -0.013427 0.403947
v -0.102745 -0.021027 0.408247
v -0.107445 -0.026727 0.418347
v -0.110545 -0.028027 0.430547
v -0.111845 -0.024827 0.442747
v -0.130945 -0.009027 0.448047
v -0.110945 -0.017527 0.452847
v -0.150645 -0.000627 0.442047
v -0.170145 0.007673 0.435047
v -0.156045 0.001673 0.392247
v -0.138545 -0.005827 0.398547
v -0.052745 -0.052627 0.438347
v -0.072145 -0.044327 0.436747
v -0.070045 -0.042727 0.424447
v -0.051245 -0.050727 0.425947
v -0.052345 -0.050227 0.450747
v -0.072345 -0.041727 0.449147
v -0.091445 -0.036127 0.434247
v -0.088845 -0.034727 0.421947
v -0.092145 -0.033227 0.446547
v -0.047945 -0.044427 0.415647
v -0.050045 -0.043527 0.461047
v -0.070445 -0.034827 0.459447
v -0.090745 -0.026127 0.456647
v -0.084645 -0.028827 0.411747
v -0.066345 -0.036627 0.414147
v 0.104555 -0.047127 0.408447
v 0.108855 -0.046427 0.420347
v 0.127355 -0.054227 0.413647
v 0.122555 -0.054827 0.401947
v 0.086355 -0.039427 0.413847
v 0.090055 -0.038427 0.425947
v 0.111255 -0.050027 0.432247
v 0.130255 -0.058127 0.425347
v 0.091955 -0.041727 0.438047
v 0.116555 -0.059927 0.392247
v 0.140155 -0.062327 0.394547
v 0.133755 -0.067227 0.385047
v 0.099055 -0.052527 0.398547
v 0.081355 -0.044927 0.403947
v 0.091455 -0.049227 0.448047
v 0.111255 -0.057627 0.442047
v 0.130655 -0.065927 0.435047
v 0.149755 -0.074127 0.427047
v 0.148855 -0.066027 0.417547
v 0.145455 -0.062027 0.406047
v 0.174255 -0.076827 0.377047
v 0.180555 -0.077027 0.388047
v 0.197555 -0.084227 0.377547
v 0.190755 -0.083827 0.366947
v 0.157455 -0.069627 0.386247
v 0.163255 -0.069627 0.397547
v 0.185055 -0.081427 0.398947
v 0.202455 -0.088927 0.388247
v 0.167155 -0.073827 0.408747
v 0.206655 -0.090627 0.355947
v 0.198655 -0.094927 0.347347
v 0.183055 -0.088327 0.358047
v 0.167055 -0.081427 0.367947
v 0.150555 -0.074427 0.376947
v 0.168455 -0.082027 0.418047
v 0.186755 -0.089827 0.408047
v 0.204555 -0.097427 0.397047
v 0.221855 -0.104827 0.385147
v 0.219355 -0.096127 0.376647
v 0.213955 -0.091227 0.366247
v 0.236955 -0.103627 0.331447
v 0.245155 -0.104527 0.341047
v 0.259855 -0.110827 0.327247
v 0.251255 -0.109727 0.318047
v 0.222155 -0.097227 0.344147
v 0.229855 -0.098027 0.354147
v 0.251555 -0.109827 0.350747
v 0.266655 -0.116227 0.336547
v 0.235755 -0.103027 0.364047
v 0.264955 -0.115527 0.303947
v 0.255455 -0.119127 0.296647
v 0.242155 -0.113527 0.310447
v 0.228255 -0.107527 0.323547
v 0.213655 -0.101327 0.335847
v 0.238655 -0.111927 0.372347
v 0.254755 -0.118827 0.358647
v 0.270255 -0.125427 0.344147
v 0.285055 -0.131827 0.328747
v 0.281155 -0.122427 0.321547
v 0.273955 -0.116827 0.312747
v 0.290355 -0.126327 0.273547
v 0.300055 -0.127927 0.281347
v 0.312055 -0.133027 0.264747
v 0.301955 -0.131327 0.257347
v 0.277955 -0.121127 0.289047
v 0.287355 -0.122527 0.297447
v 0.308055 -0.133927 0.289247
v 0.320355 -0.139127 0.272147
v 0.294955 -0.128327 0.305747
v 0.312855 -0.135927 0.240547
v 0.302155 -0.139027 0.234847
v 0.291555 -0.134527 0.251147
v 0.280255 -0.129727 0.266947
v 0.268155 -0.124627 0.282147
v 0.299155 -0.137827 0.312647
v 0.312555 -0.143527 0.295847
v 0.325155 -0.148927 0.278247
v 0.336955 -0.153927 0.260047
v 0.331855 -0.144027 0.254347
v 0.323255 -0.137827 0.247447
v 0.332255 -0.144227 0.205347
v 0.343255 -0.146327 0.211147
v 0.351955 -0.150027 0.192347
v 0.340755 -0.147827 0.186947
v 0.322955 -0.140227 0.223147
v 0.333655 -0.142227 0.229547
v 0.352455 -0.152827 0.217047
v 0.361355 -0.156627 0.197647
v 0.342555 -0.148627 0.235947
v 0.348355 -0.151127 0.168247
v 0.336855 -0.153827 0.164247
v 0.329355 -0.150727 0.182547
v 0.321055 -0.147127 0.200447
v 0.312055 -0.143327 0.217847
v 0.347855 -0.158527 0.241247
v 0.357955 -0.162927 0.221947
v 0.367155 -0.166827 0.202047
v 0.375455 -0.170327 0.181647
v 0.369555 -0.160127 0.177747
v 0.359855 -0.153427 0.172947
v 0.361055 -0.156527 0.129547
v 0.372955 -0.159027 0.133147
v 0.378155 -0.161227 0.112847
v 0.366155 -0.158627 0.109747
v 0.355155 -0.154027 0.149047
v 0.366855 -0.156427 0.153247
v 0.382955 -0.165827 0.136747
v 0.388355 -0.168127 0.115847
v 0.376755 -0.163127 0.157447
v 0.370255 -0.160427 0.089747
v 0.358255 -0.162927 0.087747
v 0.354155 -0.161227 0.107247
v 0.349255 -0.159127 0.126547
v 0.343455 -0.156727 0.145547
v 0.382855 -0.173527 0.160947
v 0.389255 -0.176227 0.139747
v 0.394755 -0.178527 0.118347
v 0.399255 -0.180427 0.096647
v 0.392755 -0.170027 0.094647
v 0.382455 -0.163027 0.092147
v 0.375855 -0.162827 0.049147
v 0.388155 -0.165527 0.050347
v 0.389555 -0.166127 0.029247
v 0.377155 -0.163427 0.028647
v 0.373455 -0.161827 0.069547
v 0.385755 -0.164427 0.071347
v 0.398555 -0.172527 0.051547
v 0.400055 -0.173127 0.029947
v 0.396155 -0.171427 0.073147
v 0.377655 -0.163627 0.008147
v 0.365455 -0.166027 0.008147
v 0.364955 -0.165827 0.028147
v 0.363655 -0.165227 0.048147
v 0.361355 -0.164327 0.068047
v 0.402755 -0.181927 0.074647
v 0.405255 -0.183027 0.052647
v 0.406755 -0.183627 0.030447
v 0.407255 -0.183927 0.008147
v 0.400555 -0.173327 0.008147
v 0.390055 -0.166327 0.008147
v 0.375855 -0.162827 -0.032853
v 0.388155 -0.165527 -0.034053
v 0.385755 -0.164427 -0.055053
v 0.373455 -0.161827 -0.053253
v 0.377155 -0.163427 -0.012353
v 0.389555 -0.166127 -0.012953
v 0.398555 -0.172527 -0.035253
v 0.396155 -0.171427 -0.056853
v 0.400055 -0.173127 -0.013553
v 0.370255 -0.160427 -0.073453
v 0.358255 -0.162927 -0.071453
v 0.361355 -0.164327 -0.051753
v 0.363655 -0.165227 -0.031853
v 0.364955 -0.165827 -0.011853
v 0.406755 -0.183627 -0.014053
v 0.405255 -0.183027 -0.036253
v 0.402755 -0.181927 -0.058353
v 0.399255 -0.180427 -0.080353
v 0.392755 -0.170027 -0.078253
v 0.382455 -0.163027 -0.075853
v 0.361055 -0.156527 -0.113253
v 0.372955 -0.159027 -0.116853
v 0.366855 -0.156427 -0.136953
v 0.355155 -0.154027 -0.132753
v 0.366155 -0.158627 -0.093453
v 0.378155 -0.161227 -0.096453
v 0.382955 -0.165827 -0.120453
v 0.376755 -0.163127 -0.141153
v 0.388355 -0.168127 -0.099553
v 0.348355 -0.151127 -0.151953
v 0.336855 -0.153827 -0.147953
v 0.343455 -0.156727 -0.129253
v 0.349255 -0.159127 -0.110253
v 0.354155 -0.161227 -0.090953
v 0.394755 -0.178527 -0.102053
v 0.389255 -0.176227 -0.123453
v 0.382855 -0.173527 -0.144653
v 0.375455 -0.170327 -0.165353
v 0.369555 -0.160127 -0.161453
v 0.359855 -0.153427 -0.156653
v 0.332255 -0.144227 -0.189053
v 0.343255 -0.146327 -0.194853
v 0.333655 -0.142227 -0.213253
v 0.322955 -0.140227 -0.206853
v 0.340755 -0.147827 -0.170653
v 0.351955 -0.150027 -0.175953
v 0.352455 -0.152827 -0.200753
v 0.342555 -0.148627 -0.219653
v 0.361355 -0.156627 -0.181353
v 0.312855 -0.135927 -0.224253
v 0.302155 -0.139027 -0.218453
v 0.312055 -0.143327 -0.201553
v 0.321055 -0.147127 -0.184153
v 0.329355 -0.150727 -0.166253
v 0.367155 -0.166827 -0.185753
v 0.357955 -0.162927 -0.205553
v 0.347855 -0.158527 -0.224953
v 0.336955 -0.153927 -0.243753
v 0.331855 -0.144027 -0.238053
v 0.323255 -0.137827 -0.231153
v 0.290355 -0.126327 -0.257153
v 0.300055 -0.127927 -0.265053
v 0.287355 -0.122527 -0.281053
v 0.277955 -0.121127 -0.272753
v 0.301955 -0.131327 -0.241053
v 0.312055 -0.133027 -0.248453
v 0.308055 -0.133927 -0.272953
v 0.294955 -0.128327 -0.289453
v 0.320355 -0.139127 -0.255853
v 0.264955 -0.115527 -0.287653
v 0.255455 -0.119127 -0.280353
v 0.268155 -0.124627 -0.265853
v 0.280255 -0.129727 -0.250653
v 0.291555 -0.134527 -0.234853
v 0.325155 -0.148927 -0.261953
v 0.312555 -0.143527 -0.279553
v 0.299155 -0.137827 -0.296353
v 0.285055 -0.131827 -0.312453
v 0.281155 -0.122427 -0.305153
v 0.273955 -0.116827 -0.296353
v 0.236955 -0.103627 -0.315153
v 0.245155 -0.104527 -0.324753
v 0.229855 -0.098027 -0.337753
v 0.222155 -0.097227 -0.327853
v 0.251255 -0.109727 -0.301753
v 0.259855 -0.110827 -0.310953
v 0.251555 -0.109827 -0.334353
v 0.235755 -0.103027 -0.347753
v 0.266655 -0.116227 -0.320153
v 0.206655 -0.090627 -0.339653
v 0.198655 -0.094927 -0.331053
v 0.213655 -0.101327 -0.319553
v 0.228255 -0.107527 -0.307253
v 0.242155 -0.113527 -0.294153
v 0.270255 -0.125427 -0.327853
v 0.254755 -0.118827 -0.342353
v 0.238655 -0.111927 -0.356053
v 0.221855 -0.104827 -0.368853
v 0.219355 -0.096127 -0.360353
v 0.213955 -0.091227 -0.349953
v 0.174255 -0.076827 -0.360753
v 0.180555 -0.077027 -0.371653
v 0.163255 -0.069627 -0.381153
v 0.157455 -0.069627 -0.369953
v 0.190755 -0.083827 -0.350653
v 0.197555 -0.084227 -0.361253
v 0.185055 -0.081427 -0.382653
v 0.167155 -0.073827 -0.392453
v 0.202455 -0.088927 -0.371953
v 0.140155 -0.062327 -0.378253
v 0.133755 -0.067227 -0.368753
v 0.150555 -0.074427 -0.360653
v 0.167055 -0.081427 -0.351653
v 0.183055 -0.088327 -0.341753
v 0.204555 -0.097427 -0.380753
v 0.186755 -0.089827 -0.391753
v 0.168455 -0.082027 -0.401753
v 0.149755 -0.074127 -0.410753
v 0.148855 -0.066027 -0.401253
v 0.145455 -0.062027 -0.389753
v 0.104555 -0.047127 -0.392153
v 0.108855 -0.046427 -0.404052
v 0.090055 -0.038427 -0.409653
v 0.086355 -0.039427 -0.397552
v 0.122555 -0.054827 -0.385653
v 0.127355 -0.054227 -0.397353
v 0.111255 -0.050027 -0.415953
v 0.091955 -0.041727 -0.421753
v 0.130255 -0.058127 -0.409053
v 0.067955 -0.031527 -0.402053
v 0.063355 -0.037227 -0.391953
v 0.081355 -0.044927 -0.387553
v 0.099055 -0.052527 -0.382253
v 0.116555 -0.059927 -0.375953
v 0.130655 -0.065927 -0.418753
v 0.111255 -0.057627 -0.425753
v 0.091455 -0.049227 -0.431653
v 0.071555 -0.040727 -0.436553
v 0.072455 -0.033427 -0.426453
v 0.071155 -0.030327 -0.414253
v 0.030655 -0.015627 -0.408153
v 0.032655 -0.013927 -0.420453
v 0.013255 -0.005627 -0.422053
v 0.011755 -0.007627 -0.409653
v 0.049355 -0.023627 -0.405553
v 0.051955 -0.022127 -0.417853
v 0.032855 -0.016527 -0.432853
v 0.012955 -0.008027 -0.434453
v 0.052755 -0.025027 -0.430153
v -0.007045 0.000473 -0.410153
v -0.009845 -0.006027 -0.399853
v 0.008555 -0.013927 -0.399353
v 0.026955 -0.021727 -0.397853
v 0.045155 -0.029527 -0.395353
v 0.051355 -0.032127 -0.440353
v 0.031055 -0.023427 -0.443153
v 0.010555 -0.014727 -0.444753
v -0.009845 -0.006027 -0.445253
v -0.007045 0.000473 -0.434952
v -0.006145 0.002673 -0.422553
v -0.044845 0.016573 -0.408153
v -0.045045 0.019173 -0.420453
v -0.064345 0.027473 -0.417853
v -0.063545 0.024573 -0.405553
v -0.025945 0.008473 -0.409653
v -0.025645 0.010973 -0.422053
v -0.047045 0.017473 -0.432853
v -0.066945 0.025973 -0.430153
v -0.027045 0.008973 -0.434453
v -0.082145 0.032473 -0.402053
v -0.083045 0.025173 -0.391953
v -0.064945 0.017473 -0.395353
v -0.046645 0.009673 -0.397853
v -0.028245 0.001773 -0.399353
v -0.030345 0.002673 -0.444753
v -0.050745 0.011373 -0.443153
v -0.071045 0.020073 -0.440353
v -0.091245 0.028673 -0.436553
v -0.086645 0.034373 -0.426453
v -0.083445 0.035573 -0.414253
v -0.118745 0.048073 -0.392153
v -0.121145 0.051673 -0.404052
v -0.139645 0.059573 -0.397353
v -0.136745 0.055773 -0.385653
v -0.100545 0.040373 -0.397552
v -0.102445 0.043673 -0.409653
v -0.125445 0.050873 -0.415953
v -0.144445 0.058973 -0.409053
v -0.106145 0.042673 -0.421753
v -0.154345 0.063273 -0.378253
v -0.153445 0.055173 -0.368753
v -0.136245 0.047873 -0.375953
v -0.118845 0.040373 -0.382253
v -0.101045 0.032873 -0.387553
v -0.111245 0.037173 -0.431653
v -0.130945 0.045573 -0.425753
v -0.150345 0.053873 -0.418753
v -0.169445 0.062073 -0.410753
v -0.163045 0.066973 -0.401253
v -0.157745 0.067273 -0.389753
v -0.188445 0.077773 -0.360753
v -0.192945 0.082273 -0.371653
v -0.209845 0.089473 -0.361253
v -0.204945 0.084773 -0.350653
v -0.171645 0.070573 -0.369953
v -0.175545 0.074873 -0.381153
v -0.199245 0.082373 -0.382653
v -0.216645 0.089873 -0.371953
v -0.181345 0.074773 -0.392453
v -0.220845 0.091573 -0.339653
v -0.218345 0.082873 -0.331053
v -0.202845 0.076273 -0.341753
v -0.186745 0.069373 -0.351653
v -0.170345 0.062373 -0.360653
v -0.188245 0.069973 -0.401753
v -0.206445 0.077773 -0.391753
v -0.224345 0.085373 -0.380753
v -0.241645 0.092773 -0.368853
v -0.233545 0.097073 -0.360353
v -0.226245 0.096473 -0.349953
v -0.251145 0.104573 -0.315153
v -0.257545 0.109773 -0.324753
v -0.272245 0.116073 -0.310953
v -0.265445 0.110673 -0.301753
v -0.236245 0.098173 -0.327853
v -0.242145 0.103273 -0.337753
v -0.265645 0.110773 -0.334353
v -0.280845 0.117173 -0.320153
v -0.249945 0.103973 -0.347753
v -0.279145 0.116473 -0.287653
v -0.275245 0.107073 -0.280353
v -0.261845 0.101473 -0.294153
v -0.247945 0.095473 -0.307253
v -0.233445 0.089273 -0.319553
v -0.258345 0.099873 -0.356053
v -0.274445 0.106773 -0.342353
v -0.289945 0.113373 -0.327853
v -0.304845 0.119673 -0.312453
v -0.295345 0.123373 -0.305153
v -0.286345 0.122073 -0.296353
v -0.304545 0.127273 -0.257153
v -0.312445 0.133173 -0.265053
v -0.324445 0.138273 -0.248453
v -0.316145 0.132273 -0.241053
v -0.292145 0.121973 -0.272753
v -0.299745 0.127773 -0.281053
v -0.322245 0.134773 -0.272953
v -0.334545 0.140073 -0.255853
v -0.309145 0.129273 -0.289453
v -0.327045 0.136873 -0.224253
v -0.321945 0.126973 -0.218453
v -0.311345 0.122473 -0.234853
v -0.299945 0.117673 -0.250653
v -0.287945 0.112573 -0.265853
v -0.318945 0.125773 -0.296353
v -0.332345 0.131473 -0.279553
v -0.344845 0.136773 -0.261953
v -0.356645 0.141873 -0.243753
v -0.346045 0.144973 -0.238053
v -0.335645 0.143073 -0.231153
v -0.346445 0.145173 -0.189053
v -0.355545 0.151573 -0.194853
v -0.364345 0.155373 -0.175953
v -0.354945 0.148773 -0.170653
v -0.337145 0.141173 -0.206853
v -0.346045 0.147573 -0.213253
v -0.366545 0.153773 -0.200753
v -0.375545 0.157573 -0.181353
v -0.356745 0.149573 -0.219653
v -0.362545 0.152073 -0.151953
v -0.356545 0.141773 -0.147953
v -0.349145 0.138573 -0.166253
v -0.340845 0.135073 -0.184153
v -0.331745 0.131173 -0.201553
v -0.367645 0.146473 -0.224953
v -0.377745 0.150773 -0.205553
v -0.386945 0.154773 -0.185753
v -0.395245 0.158273 -0.165353
v -0.383745 0.161073 -0.161453
v -0.372245 0.158673 -0.156653
v -0.375245 0.157473 -0.113253
v -0.385345 0.164273 -0.116853
v -0.390445 0.166473 -0.096453
v -0.380345 0.159573 -0.093453
v -0.369345 0.154973 -0.132753
v -0.379245 0.161673 -0.136953
v -0.397145 0.166773 -0.120453
v -0.402545 0.169073 -0.099553
v -0.390945 0.164073 -0.141153
v -0.384445 0.161373 -0.073453
v -0.377945 0.150873 -0.071453
v -0.373945 0.149173 -0.090953
v -0.368945 0.147073 -0.110253
v -0.363245 0.144673 -0.129253
v -0.402545 0.161373 -0.144653
v -0.409045 0.164173 -0.123453
v -0.414445 0.166473 -0.102053
v -0.418945 0.168373 -0.080353
v -0.406945 0.170973 -0.078253
v -0.394745 0.168273 -0.075853
v -0.390045 0.163773 -0.032853
v -0.400445 0.170773 -0.034053
v -0.401845 0.171373 -0.012953
v -0.391345 0.164273 -0.012353
v -0.387645 0.162773 -0.053253
v -0.398045 0.169773 -0.055053
v -0.412745 0.173473 -0.035253
v -0.414245 0.174073 -0.013553
v -0.410345 0.172373 -0.056853
v -0.391845 0.164473 0.008147
v -0.385145 0.153973 0.008147
v -0.384745 0.153773 -0.011853
v -0.383345 0.153173 -0.031853
v -0.381045 0.152273 -0.051753
v -0.422445 0.169873 -0.058353
v -0.424945 0.170973 -0.036253
v -0.426445 0.171573 -0.014053
v -0.426945 0.171773 0.008147
v -0.414745 0.174273 0.008147
v -0.402345 0.171573 0.008147
v -0.390045 0.163773 0.049147
v -0.400445 0.170773 0.050347
v -0.398045 0.169773 0.071347
v -0.387645 0.162773 0.069547
v -0.391345 0.164273 0.028647
v -0.401845 0.171373 0.029247
v -0.412745 0.173473 0.051547
v -0.410345 0.172373 0.073147
v -0.414245 0.174073 0.029947
v -0.384445 0.161373 0.089747
v -0.377945 0.150873 0.087747
v -0.381045 0.152273 0.068047
v -0.383345 0.153173 0.048147
v -0.384745 0.153773 0.028147
v -0.426445 0.171573 0.030447
v -0.424945 0.170973 0.052647
v -0.422445 0.169873 0.074647
v -0.418945 0.168373 0.096647
v -0.406945 0.170973 0.094647
v -0.394745 0.168273 0.092147
v -0.375245 0.157473 0.129547
v -0.385345 0.164273 0.133147
v -0.379245 0.161673 0.153247
v -0.369345 0.154973 0.149047
v -0.380345 0.159573 0.109747
v -0.390445 0.166473 0.112847
v -0.397145 0.166773 0.136747
v -0.390945 0.164073 0.157447
v -0.402545 0.169073 0.115847
v -0.362545 0.152073 0.168247
v -0.356545 0.141773 0.164247
v -0.363245 0.144673 0.145547
v -0.368945 0.147073 0.126547
v -0.373945 0.149173 0.107247
v -0.414445 0.166473 0.118347
v -0.409045 0.164173 0.139747
v -0.402545 0.161373 0.160947
v -0.395245 0.158273 0.181647
v -0.383745 0.161073 0.177747
v -0.372245 0.158673 0.172947
v -0.346445 0.145173 0.205347
v -0.355545 0.151573 0.211147
v -0.346045 0.147573 0.229547
v -0.337145 0.141173 0.223147
v -0.354945 0.148773 0.186947
v -0.364345 0.155373 0.192347
v -0.366545 0.153773 0.217047
v -0.356745 0.149573 0.235947
v -0.375545 0.157573 0.197647
v -0.327045 0.136873 0.240547
v -0.321945 0.126973 0.234847
v -0.331745 0.131173 0.217847
v -0.340845 0.135073 0.200447
v -0.349145 0.138573 0.182547
v -0.386945 0.154773 0.202047
v -0.377745 0.150773 0.221947
v -0.367645 0.146473 0.241247
v -0.356645 0.141873 0.260047
v -0.346045 0.144973 0.254347
v -0.335645 0.143073 0.247447
v -0.304545 0.127273 0.273547
v -0.312445 0.133173 0.281347
v -0.299745 0.127773 0.297447
v -0.292145 0.121973 0.289047
v -0.316145 0.132273 0.257347
v -0.324445 0.138273 0.264747
v -0.322245 0.134773 0.289247
v -0.309145 0.129273 0.305747
v -0.334545 0.140073 0.272147
v -0.279145 0.116473 0.303947
v -0.275245 0.107073 0.296647
v -0.287945 0.112573 0.282147
v -0.299945 0.117673 0.266947
v -0.311345 0.122473 0.251147
v -0.344845 0.136773 0.278247
v -0.332345 0.131473 0.295847
v -0.318945 0.125773 0.312647
v -0.304845 0.119673 0.328747
v -0.295345 0.123373 0.321547
v -0.286345 0.122073 0.312747
v -0.251145 0.104573 0.331447
v -0.257545 0.109773 0.341047
v -0.242145 0.103273 0.354147
v -0.236245 0.098173 0.344147
v -0.265445 0.110673 0.318047
v -0.272245 0.116073 0.327247
v -0.265645 0.110773 0.350747
v -0.249945 0.103973 0.364047
v -0.280845 0.117173 0.336547
v -0.220845 0.091573 0.355947
v -0.218345 0.082873 0.347347
v -0.233445 0.089273 0.335847
v -0.247945 0.095473 0.323547
v -0.261845 0.101473 0.310447
v -0.289945 0.113373 0.344147
v -0.274445 0.106773 0.358647
v -0.258345 0.099873 0.372347
v -0.241645 0.092773 0.385147
v -0.233545 0.097073 0.376647
v -0.226245 0.096473 0.366247
v -0.188445 0.077773 0.377047
v -0.192945 0.082273 0.388047
v -0.175545 0.074873 0.397547
v -0.171645 0.070573 0.386247
v -0.204945 0.084773 0.366947
v -0.209845 0.089473 0.377547
v -0.199245 0.082373 0.398947
v -0.181345 0.074773 0.408747
v -0.216645 0.089873 0.388247
v -0.154345 0.063273 0.394547
v -0.153445 0.055173 0.385047
v -0.170345 0.062373 0.376947
v -0.186745 0.069373 0.367947
v -0.202845 0.076273 0.358047
v -0.224345 0.085373 0.397047
v -0.206445 0.077773 0.408047
v -0.188245 0.069973 0.418047
v -0.169445 0.062073 0.427047
v -0.163045 0.066973 0.417547
v -0.157745 0.067273 0.406047
v -0.118745 0.048073 0.408447
v -0.121145 0.051673 0.420347
v -0.102445 0.043673 0.425947
v -0.100545 0.040373 0.413847
v -0.136745 0.055773 0.401947
v -0.139645 0.059573 0.413647
v -0.125445 0.050873 0.432247
v -0.106145 0.042673 0.438047
v -0.144445 0.058973 0.425347
v -0.082145 0.032473 0.418347
v -0.083045 0.025173 0.408247
v -0.101045 0.032873 0.403947
v -0.118845 0.040373 0.398547
v -0.136245 0.047873 0.392247
v -0.150345 0.053873 0.435047
v -0.130945 0.045573 0.442047
v -0.111245 0.037173 0.448047
v -0.091245 0.028673 0.452847
v -0.086645 0.034373 0.442747
v -0.083445 0.035573 0.430547
v -0.044845 0.016573 0.424447
v -0.045045 0.019173 0.436747
v -0.025645 0.010973 0.438347
v -0.025945 0.008473 0.425947
v -0.063545 0.024573 0.421947
v -0.064345 0.027473 0.434247
v -0.047045 0.017473 0.449147
v -0.027045 0.008973 0.450747
v -0.066945 0.025973 0.446547
v -0.028245 0.001773 0.415647
v -0.046645 0.009673 0.414147
v -0.064945 0.017473 0.411747
v -0.071045 0.020073 0.456647
v -0.050745 0.011373 0.459447
v -0.030345 0.002673 0.461047
v -0.429845 0.130773 0.141647
v -0.426345 0.144273 0.142247
v -0.431945 0.146573 0.120447
v -0.435445 0.133173 0.119847
v -0.423345 0.127973 0.163047
v -0.419845 0.141473 0.163747
v -0.419145 0.156073 0.141647
v -0.424645 0.158473 0.119847
v -0.412645 0.153273 0.163047
v -0.439945 0.135073 0.097847
v -0.415945 0.124873 0.184147
v -0.412345 0.138273 0.184947
v -0.405145 0.150073 0.184147
v -0.429245 0.160373 0.097847
v -0.436545 0.148573 0.098247
v -0.061345 -0.026327 0.407847
v -0.055745 -0.013827 0.405647
v -0.037745 -0.021427 0.407147
v -0.043245 -0.034027 0.409247
v -0.079345 -0.018727 0.405347
v -0.073645 -0.006127 0.403247
v -0.050545 -0.001027 0.407847
v -0.032445 -0.008827 0.409247
v -0.068545 0.006573 0.405347
v -0.025145 -0.041827 0.409747
v -0.097145 -0.011027 0.402047
v -0.091445 0.001373 0.399947
v -0.086445 0.014173 0.402047
v -0.014345 -0.016527 0.409747
v -0.019745 -0.029127 0.407647
v 0.300655 -0.180727 0.197447
v 0.304355 -0.167327 0.196447
v 0.312455 -0.170727 0.178947
v 0.308855 -0.184127 0.179847
v 0.291755 -0.176927 0.214647
v 0.295455 -0.163527 0.213547
v 0.311455 -0.155427 0.197447
v 0.319555 -0.158927 0.179847
v 0.302555 -0.151627 0.214647
v 0.316155 -0.187327 0.161847
v 0.282055 -0.172727 0.231247
v 0.285755 -0.159427 0.230047
v 0.292855 -0.147427 0.231247
v 0.326955 -0.162027 0.161847
v 0.319755 -0.173927 0.161047
v -0.398145 0.117273 0.224947
v -0.394545 0.130673 0.225947
v -0.403845 0.134673 0.205647
v -0.407445 0.121273 0.204747
v -0.387945 0.112873 0.244547
v -0.384245 0.126273 0.245647
v -0.387345 0.142573 0.224947
v -0.396745 0.146573 0.204747
v -0.377145 0.138173 0.244547
v -0.376845 0.108173 0.263647
v -0.373045 0.121473 0.264847
v -0.366045 0.133473 0.263647
v 0.016355 -0.059427 0.465747
v 0.021955 -0.046927 0.467947
v 0.001155 -0.038027 0.469547
v -0.004345 -0.050627 0.467447
v 0.036955 -0.068227 0.463047
v 0.042655 -0.055727 0.465147
v 0.027155 -0.034227 0.465747
v 0.006455 -0.025327 0.467447
v 0.047755 -0.042927 0.463047
v -0.025145 -0.041827 0.467947
v 0.057455 -0.077027 0.459147
v 0.063155 -0.064527 0.461247
v 0.068155 -0.051727 0.459147
v -0.014345 -0.016527 0.467947
v -0.019745 -0.029127 0.470147
v 0.328355 -0.192527 0.124747
v 0.331855 -0.179027 0.124147
v 0.336755 -0.181127 0.105247
v 0.333255 -0.194527 0.105747
v 0.322655 -0.190127 0.143447
v 0.326255 -0.176627 0.142747
v 0.339155 -0.167227 0.124747
v 0.343955 -0.169327 0.105747
v 0.333455 -0.164827 0.143447
v 0.337155 -0.196227 0.086547
v 0.347955 -0.171027 0.086547
v 0.340655 -0.182827 0.086047
v -0.352045 0.097573 0.299847
v -0.348245 0.110873 0.301247
v -0.361045 0.116373 0.283347
v -0.364845 0.103073 0.282047
v -0.338545 0.091873 0.316947
v -0.334545 0.105073 0.318347
v -0.341345 0.122873 0.299847
v -0.354045 0.128373 0.282047
v -0.327745 0.117173 0.316947
v -0.324245 0.085773 0.333347
v -0.320245 0.098973 0.334847
v -0.313445 0.110973 0.333347
v 0.097655 -0.094127 0.448147
v 0.103655 -0.081727 0.450247
v 0.083555 -0.073127 0.456247
v 0.077655 -0.085627 0.454247
v 0.117355 -0.102527 0.441147
v 0.123455 -0.090227 0.443147
v 0.108455 -0.068827 0.448147
v 0.088455 -0.060327 0.454247
v 0.128155 -0.077227 0.441147
v 0.136755 -0.110827 0.432947
v 0.142855 -0.098527 0.434947
v 0.147555 -0.085527 0.432947
v 0.342555 -0.198527 0.047547
v 0.345955 -0.185027 0.047347
v 0.347255 -0.185627 0.027747
v 0.343855 -0.199127 0.027847
v 0.340255 -0.197627 0.067047
v 0.343755 -0.184127 0.066747
v 0.353255 -0.173227 0.047547
v 0.354655 -0.173827 0.027847
v 0.351055 -0.172327 0.067047
v 0.344255 -0.199327 0.008147
v 0.355055 -0.174027 0.008147
v 0.347755 -0.185827 0.008147
v -0.293445 0.072673 0.363647
v -0.289345 0.085773 0.365247
v -0.305145 0.092573 0.350447
v -0.309145 0.079373 0.348847
v -0.277045 0.065673 0.377547
v -0.272845 0.078773 0.379247
v -0.282645 0.097873 0.363647
v -0.298445 0.104573 0.348847
v -0.266345 0.090973 0.377547
v -0.260145 0.058373 0.390447
v -0.255845 0.071473 0.392247
v -0.249345 0.083673 0.390447
v 0.174255 -0.126827 0.413647
v 0.180555 -0.114527 0.415547
v 0.161955 -0.106627 0.425747
v 0.155755 -0.118927 0.423847
v 0.192355 -0.134527 0.402547
v 0.198755 -0.122327 0.404447
v 0.185055 -0.101527 0.413647
v 0.166555 -0.093627 0.423847
v 0.203155 -0.109227 0.402547
v 0.209855 -0.142027 0.390447
v 0.216355 -0.129827 0.392247
v 0.220655 -0.116727 0.390447
v 0.342555 -0.198527 -0.031253
v 0.345955 -0.185027 -0.030953
v 0.343755 -0.184127 -0.050453
v 0.340255 -0.197627 -0.050753
v 0.343855 -0.199127 -0.011553
v 0.347255 -0.185627 -0.011453
v 0.353255 -0.173227 -0.031253
v 0.351055 -0.172327 -0.050753
v 0.354655 -0.173827 -0.011553
v 0.337155 -0.196227 -0.070153
v 0.347955 -0.171027 -0.070153
v 0.340655 -0.182827 -0.069753
v -0.224545 0.043273 0.413647
v -0.220045 0.056273 0.415547
v -0.238145 0.063973 0.404447
v -0.242545 0.050973 0.402547
v -0.205945 0.035273 0.423847
v -0.201445 0.048273 0.425747
v -0.213745 0.068473 0.413647
v -0.231745 0.076173 0.402547
v -0.195145 0.060573 0.423847
v -0.186945 0.027273 0.432947
v -0.182345 0.040173 0.434947
v -0.176245 0.052473 0.432947
v 0.243255 -0.156227 0.363647
v 0.249855 -0.144127 0.365247
v 0.233455 -0.137127 0.379247
v 0.226855 -0.149227 0.377547
v 0.258955 -0.162927 0.348847
v 0.265655 -0.150827 0.350447
v 0.254055 -0.130927 0.363647
v 0.237655 -0.123927 0.377547
v 0.269755 -0.137627 0.348847
v 0.273955 -0.169327 0.333347
v 0.280755 -0.157227 0.334847
v 0.284755 -0.144027 0.333347
v 0.328355 -0.192527 -0.108453
v 0.331855 -0.179027 -0.107753
v 0.326255 -0.176627 -0.126453
v 0.322655 -0.190127 -0.127153
v 0.333255 -0.194527 -0.089453
v 0.336755 -0.181127 -0.088853
v 0.339155 -0.167227 -0.108453
v 0.333455 -0.164827 -0.127153
v 0.343955 -0.169327 -0.089453
v 0.316155 -0.187327 -0.145553
v 0.326955 -0.162027 -0.145553
v 0.319755 -0.173927 -0.144753
v -0.147945 0.010573 0.448147
v -0.143045 0.023473 0.450247
v -0.162845 0.031873 0.443147
v -0.167645 0.018973 0.441147
v -0.127845 0.002073 0.454247
v -0.122945 0.014873 0.456247
v -0.137145 0.035873 0.448147
v -0.156845 0.044273 0.441147
v -0.117145 0.027273 0.454247
v -0.107645 -0.006627 0.459147
v -0.102645 0.006173 0.461247
v -0.096845 0.018673 0.459147
v 0.301855 -0.181227 0.299847
v 0.308755 -0.169227 0.301247
v 0.295155 -0.163427 0.318347
v 0.288355 -0.175427 0.316947
v 0.314655 -0.186627 0.282047
v 0.321555 -0.174727 0.283347
v 0.312655 -0.155927 0.299847
v 0.299055 -0.150127 0.316947
v 0.325455 -0.161327 0.282047
v 0.326555 -0.191727 0.263647
v 0.333655 -0.179827 0.264847
v 0.337355 -0.166427 0.263647
v 0.300655 -0.180727 -0.181153
v 0.304355 -0.167327 -0.180153
v 0.295455 -0.163527 -0.197153
v 0.291755 -0.176927 -0.198253
v 0.308855 -0.184127 -0.163553
v 0.312455 -0.170727 -0.162653
v 0.311455 -0.155427 -0.181153
v 0.302555 -0.151627 -0.198253
v 0.319555 -0.158927 -0.163553
v 0.282055 -0.172727 -0.214953
v 0.292855 -0.147427 -0.214953
v 0.285755 -0.159427 -0.213753
v -0.066545 -0.024127 0.465747
v -0.061345 -0.011427 0.467947
v -0.082045 -0.002527 0.465147
v -0.087145 -0.015327 0.463047
v -0.045845 -0.032927 0.467447
v -0.040545 -0.020227 0.469547
v -0.055745 0.001173 0.465747
v -0.076445 0.009973 0.463047
v -0.035045 -0.007627 0.467447
v 0.347955 -0.200827 0.224947
v 0.355055 -0.188927 0.225947
v 0.344755 -0.184527 0.245647
v 0.337655 -0.196527 0.244547
v 0.357255 -0.204827 0.204747
v 0.364455 -0.192927 0.205647
v 0.358755 -0.175527 0.224947
v 0.348455 -0.171227 0.244547
v 0.368055 -0.179527 0.204747
v 0.365655 -0.208427 0.184147
v 0.372855 -0.196527 0.184947
v 0.376455 -0.183127 0.184147
v 0.260455 -0.163527 -0.246553
v 0.264355 -0.150227 -0.245253
v 0.252555 -0.145227 -0.260053
v 0.248555 -0.158527 -0.261553
v 0.271555 -0.168327 -0.231053
v 0.275455 -0.155027 -0.229753
v 0.271255 -0.138227 -0.246553
v 0.259355 -0.133227 -0.261553
v 0.282355 -0.143027 -0.231053
v 0.236055 -0.153127 -0.275853
v 0.246855 -0.127927 -0.275853
v 0.240055 -0.139927 -0.274253
v 0.379655 -0.214427 0.141647
v 0.386955 -0.202527 0.142247
v 0.380355 -0.199727 0.163747
v 0.373155 -0.211627 0.163047
v 0.385255 -0.216727 0.119847
v 0.392455 -0.204927 0.120447
v 0.390455 -0.189127 0.141647
v 0.383955 -0.186327 0.163047
v 0.395955 -0.191427 0.119847
v 0.389755 -0.218727 0.097847
v 0.397055 -0.206827 0.098247
v 0.400555 -0.193427 0.097847
v 0.209255 -0.141727 -0.302253
v 0.213355 -0.128527 -0.300653
v 0.199155 -0.122427 -0.312653
v 0.194955 -0.135627 -0.314353
v 0.222955 -0.147527 -0.289353
v 0.227055 -0.134327 -0.287853
v 0.220055 -0.116427 -0.302253
v 0.205755 -0.110327 -0.314353
v 0.233755 -0.122327 -0.289353
v 0.180155 -0.129327 -0.325753
v 0.190855 -0.104027 -0.325753
v 0.184455 -0.116227 -0.323953
v 0.395855 -0.221227 0.053247
v 0.403155 -0.209427 0.053447
v 0.400655 -0.208427 0.075947
v 0.393255 -0.220227 0.075647
v 0.397355 -0.221927 0.030747
v 0.404755 -0.210127 0.030847
v 0.406655 -0.196027 0.053247
v 0.404055 -0.194927 0.075647
v 0.408155 -0.196627 0.030747
v 0.397855 -0.222127 0.008147
v 0.405255 -0.210327 0.008147
v 0.408655 -0.196827 0.008147
v 0.149055 -0.116027 -0.346053
v 0.153455 -0.103027 -0.344153
v 0.137355 -0.096127 -0.352953
v 0.132855 -0.109127 -0.354853
v 0.164755 -0.122727 -0.336253
v 0.169155 -0.109727 -0.334453
v 0.159755 -0.090727 -0.346053
v 0.143655 -0.083827 -0.354853
v 0.175555 -0.097527 -0.336253
v 0.116255 -0.102027 -0.362853
v 0.127055 -0.076827 -0.362853
v 0.120855 -0.089127 -0.360853
v 0.395855 -0.221227 -0.036953
v 0.403155 -0.209427 -0.037153
v 0.404755 -0.210127 -0.014553
v 0.397355 -0.221927 -0.014453
v 0.393255 -0.220227 -0.059353
v 0.400655 -0.208427 -0.059653
v 0.406655 -0.196027 -0.036953
v 0.408155 -0.196627 -0.014453
v 0.404055 -0.194927 -0.059353
v 0.389755 -0.218727 -0.081553
v 0.397055 -0.206827 -0.081953
v 0.400555 -0.193427 -0.081553
v 0.082155 -0.087527 -0.376153
v 0.086955 -0.074627 -0.374053
v 0.069555 -0.067227 -0.379353
v 0.064655 -0.080027 -0.381353
v 0.099355 -0.094827 -0.369953
v 0.104055 -0.081927 -0.367953
v 0.092855 -0.062227 -0.376153
v 0.075455 -0.054827 -0.381353
v 0.110155 -0.069527 -0.369953
v 0.046955 -0.072527 -0.385753
v 0.057755 -0.047227 -0.385753
v 0.051955 -0.059727 -0.383653
v 0.379655 -0.214427 -0.125353
v 0.386955 -0.202527 -0.125953
v 0.392455 -0.204927 -0.104053
v 0.385255 -0.216727 -0.103553
v 0.373155 -0.211627 -0.146753
v 0.380355 -0.199727 -0.147453
v 0.390455 -0.189127 -0.125353
v 0.395955 -0.191427 -0.103553
v 0.383955 -0.186327 -0.146753
v 0.365655 -0.208427 -0.167853
v 0.372855 -0.196527 -0.168653
v 0.376455 -0.183127 -0.167853
v 0.011055 -0.057227 -0.391453
v 0.016255 -0.044527 -0.389353
v -0.001645 -0.036827 -0.390853
v -0.006945 -0.049527 -0.392953
v 0.029055 -0.064927 -0.389053
v 0.034155 -0.052127 -0.386953
v 0.021855 -0.031927 -0.391453
v 0.003755 -0.024227 -0.392953
v 0.039855 -0.039627 -0.389053
v -0.025145 -0.041827 -0.393453
v -0.014345 -0.016527 -0.393453
v -0.019745 -0.029127 -0.391253
v 0.347955 -0.200827 -0.208653
v 0.355055 -0.188927 -0.209653
v 0.364455 -0.192927 -0.189353
v 0.357255 -0.204827 -0.188453
v 0.337655 -0.196527 -0.228253
v 0.344755 -0.184527 -0.229353
v 0.358755 -0.175527 -0.208653
v 0.368055 -0.179527 -0.188453
v 0.348455 -0.171227 -0.228253
v 0.326555 -0.191727 -0.247353
v 0.333655 -0.179827 -0.248453
v 0.337355 -0.166427 -0.247353
v -0.061345 -0.026327 -0.391453
v -0.055745 -0.013827 -0.389353
v -0.073645 -0.006127 -0.386953
v -0.079345 -0.018727 -0.389053
v -0.043245 -0.034027 -0.392953
v -0.037745 -0.021427 -0.390853
v -0.050545 -0.001027 -0.391453
v -0.068545 0.006573 -0.389053
v -0.032445 -0.008827 -0.392953
v -0.097145 -0.011027 -0.385753
v -0.086445 0.014173 -0.385753
v -0.091445 0.001373 -0.383653
v 0.301855 -0.181227 -0.283553
v 0.308755 -0.169227 -0.284953
v 0.321555 -0.174727 -0.267053
v 0.314655 -0.186627 -0.265753
v 0.288355 -0.175427 -0.300653
v 0.295155 -0.163427 -0.302053
v 0.312655 -0.155927 -0.283553
v 0.325455 -0.161327 -0.265753
v 0.299055 -0.150127 -0.300653
v 0.273955 -0.169327 -0.316953
v 0.280755 -0.157227 -0.318553
v 0.284755 -0.144027 -0.316953
v -0.132345 0.003973 -0.376153
v -0.126345 0.016373 -0.374053
v -0.143545 0.023673 -0.367953
v -0.149545 0.011273 -0.369953
v -0.114845 -0.003527 -0.381353
v -0.109045 0.008873 -0.379353
v -0.121545 0.029173 -0.376153
v -0.138745 0.036573 -0.369953
v -0.104045 0.021773 -0.381353
v -0.166445 0.018473 -0.362853
v -0.155745 0.043773 -0.362853
v -0.160345 0.030773 -0.360853
v 0.243255 -0.156227 -0.347353
v 0.249855 -0.144127 -0.348953
v 0.265655 -0.150827 -0.334153
v 0.258955 -0.162927 -0.332553
v 0.226855 -0.149227 -0.361153
v 0.233455 -0.137127 -0.362853
v 0.254055 -0.130927 -0.347353
v 0.269755 -0.137627 -0.332553
v 0.237655 -0.123927 -0.361153
v 0.209855 -0.142027 -0.374153
v 0.216355 -0.129827 -0.375953
v 0.220655 -0.116727 -0.374153
v -0.199245 0.032473 -0.346053
v -0.192945 0.044673 -0.344153
v -0.208645 0.051373 -0.334453
v -0.215045 0.039173 -0.336253
v -0.183045 0.025573 -0.354853
v -0.176845 0.037873 -0.352953
v -0.188445 0.057773 -0.346053
v -0.204245 0.064473 -0.336253
v -0.172245 0.050873 -0.354853
v -0.230345 0.045673 -0.325753
v -0.219545 0.070973 -0.325753
v -0.223845 0.057873 -0.323953
v 0.174255 -0.126827 -0.397353
v 0.180555 -0.114527 -0.399253
v 0.198755 -0.122327 -0.388053
v 0.192355 -0.134527 -0.386253
v 0.155755 -0.118927 -0.407553
v 0.161955 -0.106627 -0.409453
v 0.185055 -0.101527 -0.397353
v 0.203155 -0.109227 -0.386253
v 0.166555 -0.093627 -0.407553
v 0.136755 -0.110827 -0.416653
v 0.142855 -0.098527 -0.418653
v 0.147555 -0.085527 -0.416653
v -0.259445 0.058173 -0.302253
v -0.252845 0.070273 -0.300653
v -0.266445 0.076073 -0.287853
v -0.273145 0.063973 -0.289353
v -0.245145 0.052073 -0.314353
v -0.238645 0.064173 -0.312653
v -0.248645 0.083373 -0.302253
v -0.262445 0.089273 -0.289353
v -0.234345 0.077273 -0.314353
v -0.286345 0.069573 -0.275853
v -0.275545 0.094873 -0.275853
v -0.279545 0.081673 -0.274253
v 0.097655 -0.094127 -0.431853
v 0.103655 -0.081727 -0.433953
v 0.123455 -0.090227 -0.426853
v 0.117355 -0.102527 -0.424753
v 0.077655 -0.085627 -0.437853
v 0.083555 -0.073127 -0.439953
v 0.108455 -0.068827 -0.431853
v 0.128155 -0.077227 -0.424753
v 0.088455 -0.060327 -0.437853
v 0.057455 -0.077027 -0.442852
v 0.063155 -0.064527 -0.444952
v 0.068155 -0.051727 -0.442852
v -0.310645 0.079973 -0.246553
v -0.303745 0.091973 -0.245253
v -0.314845 0.096673 -0.229753
v -0.321845 0.084673 -0.231053
v -0.298845 0.074873 -0.261553
v -0.291945 0.086973 -0.260053
v -0.299845 0.105273 -0.246553
v -0.311045 0.109973 -0.231053
v -0.288045 0.100173 -0.261553
v -0.332245 0.089173 -0.214953
v -0.321445 0.114473 -0.214953
v -0.325245 0.101073 -0.213753
v 0.016355 -0.059427 -0.449453
v 0.021955 -0.046927 -0.451553
v 0.042655 -0.055727 -0.448853
v 0.036955 -0.068227 -0.446753
v -0.004345 -0.050627 -0.451153
v 0.001155 -0.038027 -0.453253
v 0.027155 -0.034227 -0.449453
v 0.047755 -0.042927 -0.446753
v 0.006455 -0.025327 -0.451153
v -0.025145 -0.041827 -0.451653
v -0.019745 -0.029127 -0.453853
v -0.014345 -0.016527 -0.451653
v -0.350845 0.097073 -0.181153
v -0.343745 0.108973 -0.180153
v -0.351845 0.112473 -0.162653
v -0.359045 0.100573 -0.163553
v -0.341945 0.093273 -0.198253
v -0.334845 0.105273 -0.197153
v -0.340145 0.122373 -0.181153
v -0.348245 0.125873 -0.163553
v -0.331145 0.118573 -0.198253
v -0.366345 0.103773 -0.145553
v -0.355645 0.128973 -0.145553
v -0.359145 0.115573 -0.144753
v -0.066545 -0.024127 -0.449453
v -0.061345 -0.011427 -0.451553
v -0.040545 -0.020227 -0.453253
v -0.045845 -0.032927 -0.451153
v -0.087145 -0.015327 -0.446753
v -0.082045 -0.002527 -0.448853
v -0.055745 0.001173 -0.449453
v -0.035045 -0.007627 -0.451153
v -0.076445 0.009973 -0.446753
v -0.107645 -0.006627 -0.442852
v -0.102645 0.006173 -0.444952
v -0.096845 0.018673 -0.442852
v -0.378645 0.108973 -0.108453
v -0.371345 0.120773 -0.107753
v -0.376145 0.122773 -0.088853
v -0.383445 0.110973 -0.089453
v -0.372945 0.106473 -0.127153
v -0.365645 0.118373 -0.126453
v -0.367845 0.134173 -0.108453
v -0.372645 0.136273 -0.089453
v -0.362145 0.131773 -0.127153
v -0.387445 0.112673 -0.070153
v -0.376645 0.137973 -0.070153
v -0.380145 0.124473 -0.069753
v -0.147945 0.010573 -0.431853
v -0.143045 0.023473 -0.433953
v -0.122945 0.014873 -0.439953
v -0.127845 0.002073 -0.437853
v -0.167645 0.018973 -0.424753
v -0.162845 0.031873 -0.426853
v -0.137145 0.035873 -0.431853
v -0.117145 0.027273 -0.437853
v -0.156845 0.044273 -0.424753
v -0.186945 0.027273 -0.416653
v -0.182345 0.040173 -0.418653
v -0.176245 0.052473 -0.416653
v -0.392745 0.114973 -0.031253
v -0.385345 0.126773 -0.030953
v -0.386745 0.127373 -0.011453
v -0.394045 0.115473 -0.011553
v -0.390545 0.113973 -0.050753
v -0.383145 0.125773 -0.050453
v -0.381945 0.140273 -0.031253
v -0.383245 0.140773 -0.011553
v -0.379745 0.139273 -0.050753
v -0.394545 0.115673 0.008147
v -0.383745 0.140973 0.008147
v -0.387145 0.127473 0.008147
v -0.224545 0.043273 -0.397353
v -0.220045 0.056273 -0.399253
v -0.201445 0.048273 -0.409453
v -0.205945 0.035273 -0.407553
v -0.242545 0.050973 -0.386253
v -0.238145 0.063973 -0.388053
v -0.213745 0.068473 -0.397353
v -0.195145 0.060573 -0.407553
v -0.231745 0.076173 -0.386253
v -0.260145 0.058373 -0.374153
v -0.255845 0.071473 -0.375953
v -0.249345 0.083673 -0.374153
v -0.392745 0.114973 0.047547
v -0.385345 0.126773 0.047347
v -0.383145 0.125773 0.066747
v -0.390545 0.113973 0.067047
v -0.394045 0.115473 0.027847
v -0.386745 0.127373 0.027747
v -0.381945 0.140273 0.047547
v -0.379745 0.139273 0.067047
v -0.383245 0.140773 0.027847
v -0.387445 0.112673 0.086547
v -0.376645 0.137973 0.086547
v -0.380145 0.124473 0.086047
v -0.293445 0.072673 -0.347353
v -0.289345 0.085773 -0.348953
v -0.272845 0.078773 -0.362853
v -0.277045 0.065673 -0.361153
v -0.309145 0.079373 -0.332553
v -0.305145 0.092573 -0.334153
v -0.282645 0.097873 -0.347353
v -0.266345 0.090973 -0.361153
v -0.298445 0.104573 -0.332553
v -0.324245 0.085773 -0.316953
v -0.320245 0.098973 -0.318553
v -0.313445 0.110973 -0.316953
v -0.378645 0.108973 0.124747
v -0.371345 0.120773 0.124147
v -0.365645 0.118373 0.142747
v -0.372945 0.106473 0.143447
v -0.383445 0.110973 0.105747
v -0.376145 0.122773 0.105247
v -0.367845 0.134173 0.124747
v -0.362145 0.131773 0.143447
v -0.372645 0.136273 0.105747
v -0.366345 0.103773 0.161847
v -0.355645 0.128973 0.161847
v -0.359145 0.115573 0.161047
v -0.352045 0.097573 -0.283553
v -0.348245 0.110873 -0.284953
v -0.334545 0.105073 -0.302053
v -0.338545 0.091873 -0.300653
v -0.364845 0.103073 -0.265753
v -0.361045 0.116373 -0.267053
v -0.341345 0.122873 -0.283553
v -0.327745 0.117173 -0.300653
v -0.354045 0.128373 -0.265753
v -0.376845 0.108173 -0.247353
v -0.373045 0.121473 -0.248453
v -0.366045 0.133473 -0.247353
v -0.350845 0.097073 0.197447
v -0.343745 0.108973 0.196447
v -0.334845 0.105273 0.213547
v -0.341945 0.093273 0.214647
v -0.359045 0.100573 0.179847
v -0.351845 0.112473 0.178947
v -0.340145 0.122373 0.197447
v -0.331145 0.118573 0.214647
v -0.348245 0.125873 0.179847
v -0.332245 0.089173 0.231247
v -0.321445 0.114473 0.231247
v -0.325245 0.101073 0.230047
v 0.011055 -0.057227 0.407847
v 0.016255 -0.044527 0.405647
v 0.034155 -0.052127 0.403247
v 0.029055 -0.064927 0.405347
v -0.006945 -0.049527 0.409247
v -0.001645 -0.036827 0.407147
v 0.021855 -0.031927 0.407847
v 0.039855 -0.039627 0.405347
v 0.003755 -0.024227 0.409247
v 0.046955 -0.072527 0.402047
v 0.057755 -0.047227 0.402047
v 0.051955 -0.059727 0.399947
v -0.398145 0.117273 -0.208653
v -0.394545 0.130673 -0.209653
v -0.384245 0.126273 -0.229353
v -0.387945 0.112873 -0.228253
v -0.407445 0.121273 -0.188453
v -0.403845 0.134673 -0.189353
v -0.387345 0.142573 -0.208653
v -0.377145 0.138173 -0.228253
v -0.396745 0.146573 -0.188453
v -0.415945 0.124873 -0.167853
v -0.412345 0.138273 -0.168653
v -0.405145 0.150073 -0.167853
v -0.310645 0.079973 0.262947
v -0.303745 0.091973 0.261547
v -0.291945 0.086973 0.276447
v -0.298845 0.074873 0.277847
v -0.321845 0.084673 0.247347
v -0.314845 0.096673 0.246147
v -0.299845 0.105273 0.262947
v -0.288045 0.100173 0.277847
v -0.311045 0.109973 0.247347
v -0.286345 0.069573 0.292147
v -0.275545 0.094873 0.292147
v -0.279545 0.081673 0.290647
v 0.082155 -0.087527 0.392447
v 0.086955 -0.074627 0.390447
v 0.104055 -0.081927 0.384247
v 0.099355 -0.094827 0.386247
v 0.064655 -0.080027 0.397747
v 0.069555 -0.067227 0.395647
v 0.092855 -0.062227 0.392447
v 0.110155 -0.069527 0.386247
v 0.075455 -0.054827 0.397747
v 0.116255 -0.102027 0.379147
v 0.127055 -0.076827 0.379147
v 0.120855 -0.089127 0.377147
v -0.429845 0.130773 -0.125353
v -0.426345 0.144273 -0.125953
v -0.419845 0.141473 -0.147453
v -0.423345 0.127973 -0.146753
v -0.435445 0.133173 -0.103553
v -0.431945 0.146573 -0.104053
v -0.419145 0.156073 -0.125353
v -0.412645 0.153273 -0.146753
v -0.424645 0.158473 -0.103553
v -0.439945 0.135073 -0.081553
v -0.436545 0.148573 -0.081953
v -0.429245 0.160373 -0.081553
v -0.259445 0.058173 0.318547
v -0.252845 0.070273 0.316947
v -0.238645 0.064173 0.328947
v -0.245145 0.052073 0.330747
v -0.273145 0.063973 0.305747
v -0.266445 0.076073 0.304147
v -0.248645 0.083373 0.318547
v -0.234345 0.077273 0.330747
v -0.262445 0.089273 0.305747
v -0.230345 0.045673 0.342047
v -0.219545 0.070973 0.342047
v -0.223845 0.057873 0.340247
v 0.149055 -0.116027 0.362347
v 0.153455 -0.103027 0.360447
v 0.169155 -0.109727 0.350747
v 0.164755 -0.122727 0.352647
v 0.132855 -0.109127 0.371147
v 0.137355 -0.096127 0.369247
v 0.159755 -0.090727 0.362347
v 0.175555 -0.097527 0.352647
v 0.143655 -0.083827 0.371147
v 0.180155 -0.129327 0.342047
v 0.190855 -0.104027 0.342047
v 0.184455 -0.116227 0.340247
v -0.446045 0.137673 -0.036953
v -0.442645 0.151173 -0.037153
v -0.440045 0.150073 -0.059653
v -0.443545 0.136573 -0.059353
v -0.447645 0.138373 -0.014453
v -0.444145 0.151773 -0.014553
v -0.435245 0.162973 -0.036953
v -0.432745 0.161873 -0.059353
v -0.436845 0.163673 -0.014453
v -0.448145 0.138573 0.008147
v -0.444645 0.152073 0.008147
v -0.437345 0.163873 0.008147
v -0.199245 0.032473 0.362347
v -0.192945 0.044673 0.360447
v -0.176845 0.037873 0.369247
v -0.183045 0.025573 0.371147
v -0.215045 0.039173 0.352647
v -0.208645 0.051373 0.350747
v -0.188445 0.057773 0.362347
v -0.172245 0.050873 0.371147
v -0.204245 0.064473 0.352647
v -0.166445 0.018473 0.379147
v -0.155745 0.043773 0.379147
v -0.160345 0.030773 0.377147
v 0.209255 -0.141727 0.318547
v 0.213355 -0.128527 0.316947
v 0.227055 -0.134327 0.304147
v 0.222955 -0.147527 0.305747
v 0.194955 -0.135627 0.330747
v 0.199155 -0.122427 0.328947
v 0.220055 -0.116427 0.318547
v 0.233755 -0.122327 0.305747
v 0.205755 -0.110327 0.330747
v 0.236055 -0.153127 0.292147
v 0.246855 -0.127927 0.292147
v 0.240055 -0.139927 0.290647
v -0.446045 0.137673 0.053247
v -0.442645 0.151173 0.053447
v -0.444145 0.151773 0.030847
v -0.447645 0.138373 0.030747
v -0.443545 0.136573 0.075647
v -0.440045 0.150073 0.075947
v -0.435245 0.162973 0.053247
v -0.436845 0.163673 0.030747
v -0.432745 0.161873 0.075647
v -0.132345 0.003973 0.392447
v -0.126345 0.016373 0.390447
v -0.109045 0.008873 0.395647
v -0.114845 -0.003527 0.397747
v -0.149545 0.011273 0.386247
v -0.143545 0.023673 0.384247
v -0.121545 0.029173 0.392447
v -0.104045 0.021773 0.397747
v -0.138745 0.036573 0.386247
v 0.260455 -0.163527 0.262947
v 0.264355 -0.150227 0.261547
v 0.275455 -0.155027 0.246147
v 0.271555 -0.168327 0.247347
v 0.248555 -0.158527 0.277847
v 0.252555 -0.145227 0.276447
v 0.271255 -0.138227 0.262947
v 0.282355 -0.143027 0.247347
v 0.259355 -0.133227 0.277847
v -0.221045 -1.281627 0.480447
v -0.314545 -1.281627 0.471247
v -0.404445 -1.281627 0.443947
v -0.487345 -1.281627 0.399747
v -0.559945 -1.281627 0.340047
v -0.619545 -1.281627 0.267447
v -0.663845 -1.281627 0.184547
v -0.691145 -1.281627 0.094647
v -0.700345 -1.281627 0.001147
v -0.691145 -1.281627 -0.092353
v -0.663845 -1.281627 -0.182253
v -0.619545 -1.281627 -0.265153
v -0.559945 -1.281627 -0.337853
v -0.487345 -1.281627 -0.397453
v -0.404445 -1.281627 -0.441753
v -0.314545 -1.281627 -0.468953
v -0.221045 -1.281627 -0.478153
v -0.127445 -1.281627 -0.468953
v -0.037545 -1.281627 -0.441753
v 0.045255 -1.281627 -0.397453
v 0.117955 -1.281627 -0.337853
v 0.177555 -1.281627 -0.265153
v 0.221855 -1.281627 -0.182253
v 0.249155 -1.281627 -0.092353
v 0.258355 -1.281627 0.001147
v 0.249155 -1.281627 0.094647
v 0.221855 -1.281627 0.184547
v 0.177555 -1.281627 0.267447
v 0.117955 -1.281627 0.340047
v -0.127445 -1.281627 0.471247
v 0.045255 -1.281627 0.399747
v -0.037545 -1.281627 0.443947
v -0.725945 -1.303027 0.101547
v -0.725945 -1.403827 0.101547
v -0.735845 -1.403827 0.001147
v -0.735845 -1.303027 0.001147
v -0.418045 -1.303027 0.476847
v -0.507045 -1.303027 0.429247
v -0.321445 -1.303027 -0.503853
v -0.221045 -1.303027 -0.513753
v 0.143055 -1.303027 0.365247
v 0.065055 -1.303027 0.429247
v -0.321445 -1.303027 0.506147
v -0.418045 -1.303027 -0.474553
v 0.207055 -1.303027 0.287147
v -0.221045 -1.303027 0.516047
v -0.507045 -1.303027 -0.426953
v 0.254655 -1.303027 0.198147
v -0.585045 -1.303027 -0.362953
v 0.283955 -1.303027 0.101547
v -0.649045 -1.303027 -0.284853
v 0.293855 -1.303027 0.001147
v -0.696645 -1.303027 -0.195853
v 0.283955 -1.303027 -0.099253
v -0.725945 -1.303027 -0.099253
v 0.254655 -1.303027 -0.195853
v 0.207055 -1.303027 -0.284853
v 0.143055 -1.303027 -0.362953
v -0.696645 -1.303027 0.198147
v 0.065055 -1.303027 -0.426953
v -0.649045 -1.303027 0.287147
v -0.023945 -1.303027 -0.474553
v -0.120545 -1.303027 0.506147
v -0.585045 -1.303027 0.365247
v -0.120545 -1.303027 -0.503853
v -0.023945 -1.303027 0.476847
v -0.120545 -1.403827 0.506147
v -0.023945 -1.403827 0.476847
v 0.065055 -1.403827 0.429247
v 0.143055 -1.403827 0.365247
v 0.207055 -1.403827 0.287147
v 0.254655 -1.403827 0.198147
v 0.283955 -1.403827 0.101547
v 0.293855 -1.403827 0.001147
v 0.283955 -1.403827 -0.099253
v 0.254655 -1.403827 -0.195853
v 0.207055 -1.403827 -0.284853
v 0.143055 -1.403827 -0.362953
v 0.065055 -1.403827 -0.426953
v -0.023945 -1.403827 -0.474553
v -0.120545 -1.403827 -0.503853
v -0.221045 -1.403827 -0.513753
v -0.321445 -1.403827 -0.503853
v -0.418045 -1.403827 -0.474553
v -0.507045 -1.403827 -0.426953
v -0.585045 -1.403827 -0.362953
v -0.649045 -1.403827 -0.284853
v -0.696645 -1.403827 -0.195853
v -0.725945 -1.403827 -0.099253
v -0.696645 -1.403827 0.198147
v -0.649045 -1.403827 0.287147
v -0.585045 -1.403827 0.365247
v -0.507045 -1.403827 0.429247
v -0.418045 -1.403827 0.476847
v -0.321445 -1.403827 0.506147
v -0.221045 -1.403827 0.516047
v -0.219745 -1.103727 0.378847
v -0.293345 -1.103727 0.371647
v -0.364145 -1.103727 0.350147
v -0.429445 -1.103727 0.315247
v -0.486645 -1.103727 0.268347
v -0.533545 -1.103727 0.211147
v -0.568445 -1.103727 0.145947
v -0.589845 -1.103727 0.075147
v -0.597145 -1.103727 0.001547
v -0.589845 -1.103727 -0.072153
v -0.568445 -1.103727 -0.142953
v -0.533545 -1.103727 -0.208153
v -0.486645 -1.103727 -0.265353
v -0.429445 -1.103727 -0.312253
v -0.364145 -1.103727 -0.347153
v -0.293345 -1.103727 -0.368653
v -0.219745 -1.103727 -0.375853
v -0.146145 -1.103727 -0.368653
v -0.075345 -1.103727 -0.347153
v -0.010145 -1.103727 -0.312253
v 0.047055 -1.103727 -0.265353
v 0.094055 -1.103727 -0.208153
v 0.128855 -1.103727 -0.142953
v 0.150355 -1.103727 -0.072153
v 0.157655 -1.103727 0.001547
v 0.150355 -1.103727 0.075147
v 0.128855 -1.103727 0.145947
v 0.094055 -1.103727 0.211147
v 0.047055 -1.103727 0.268347
v -0.146145 -1.103727 0.371647
v -0.010145 -1.103727 0.315247
v -0.075345 -1.103727 0.350147
v -0.126745 -1.282927 0.469247
v -0.037245 -1.282927 0.442047
v 0.045155 -1.282927 0.398047
v 0.117455 -1.282927 0.338647
v 0.176755 -1.282927 0.266447
v 0.220755 -1.282927 0.183947
v 0.247955 -1.282927 0.094547
v 0.257055 -1.282927 0.001547
v 0.247955 -1.282927 -0.091553
v 0.220755 -1.282927 -0.180953
v 0.176755 -1.282927 -0.263453
v 0.117455 -1.282927 -0.335653
v 0.045155 -1.282927 -0.394953
v -0.037245 -1.282927 -0.439053
v -0.126745 -1.282927 -0.466153
v -0.219745 -1.282927 -0.475353
v -0.312745 -1.282927 -0.466153
v -0.402245 -1.282927 -0.439053
v -0.484645 -1.282927 -0.394953
v -0.556945 -1.282927 -0.335653
v -0.616245 -1.282927 -0.263453
v -0.660345 -1.282927 -0.180953
v -0.687445 -1.282927 -0.091553
v -0.696645 -1.282927 0.001547
v -0.687445 -1.282927 0.094547
v -0.660345 -1.282927 0.183947
v -0.616245 -1.282927 0.266447
v -0.556945 -1.282927 0.338647
v -0.484645 -1.282927 0.398047
v -0.402245 -1.282927 0.442047
v -0.312745 -1.282927 0.469247
v -0.219745 -1.282927 0.478347
v -0.220345 -1.039127 0.361347
v -0.290245 -1.039127 0.354447
v -0.357445 -1.039127 0.334047
v -0.419345 -1.039127 0.300947
v -0.473645 -1.039127 0.256447
v -0.518145 -1.039127 0.202147
v -0.551245 -1.039127 0.140247
v -0.571645 -1.039127 0.073047
v -0.578545 -1.039127 0.003147
v -0.571645 -1.039127 -0.066653
v -0.551245 -1.039127 -0.133853
v -0.518145 -1.039127 -0.195853
v -0.473645 -1.039127 -0.250053
v -0.419345 -1.039127 -0.294653
v -0.357445 -1.039127 -0.327753
v -0.290245 -1.039127 -0.348153
v -0.220345 -1.039127 -0.354953
v -0.150445 -1.039127 -0.348153
v -0.083345 -1.039127 -0.327753
v -0.021345 -1.039127 -0.294653
v 0.032855 -1.039127 -0.250053
v 0.077455 -1.039127 -0.195853
v 0.110555 -1.039127 -0.133853
v 0.130955 -1.039127 -0.066653
v 0.137755 -1.039127 0.003147
v 0.130955 -1.039127 0.073047
v 0.110555 -1.039127 0.140247
v 0.077455 -1.039127 0.202147
v 0.032855 -1.039127 0.256447
v -0.150445 -1.039127 0.354447
v -0.021345 -1.039127 0.300947
v -0.083345 -1.039127 0.334047
v 0.047355 -1.070027 0.270947
v 0.047355 -1.104827 0.270947
v -0.010045 -1.104827 0.318047
v -0.010045 -1.070027 0.318047
v 0.158255 -1.070027 0.003147
v 0.151055 -1.070027 -0.070653
v -0.591745 -1.070027 -0.070653
v -0.570245 -1.070027 -0.141753
v 0.129455 -1.070027 -0.141753
v -0.599045 -1.070027 0.003147
v 0.094455 -1.070027 -0.207153
v -0.591745 -1.070027 0.077047
v 0.047355 -1.070027 -0.264553
v -0.570245 -1.070027 0.148047
v -0.010045 -1.070027 -0.311653
v -0.535245 -1.070027 0.213547
v -0.075445 -1.070027 -0.346653
v -0.220345 -1.070027 0.381847
v -0.146445 -1.070027 0.374547
v -0.488145 -1.070027 0.270947
v -0.146445 -1.070027 -0.368153
v -0.075445 -1.070027 0.353047
v -0.430745 -1.070027 0.318047
v -0.220345 -1.070027 -0.375453
v -0.365245 -1.070027 0.353047
v -0.294245 -1.070027 -0.368153
v -0.294245 -1.070027 0.374547
v -0.365245 -1.070027 -0.346653
v 0.094455 -1.070027 0.213547
v -0.430745 -1.070027 -0.311653
v 0.129455 -1.070027 0.148047
v -0.488145 -1.070027 -0.264553
v 0.151055 -1.070027 0.077047
v -0.535245 -1.070027 -0.207153
v -0.146445 -1.104827 0.374547
v -0.075445 -1.104827 0.353047
v 0.094455 -1.104827 0.213547
v 0.129455 -1.104827 0.148047
v 0.151055 -1.104827 0.077047
v 0.158255 -1.104827 0.003147
v 0.151055 -1.104827 -0.070653
v 0.129455 -1.104827 -0.141753
v 0.094455 -1.104827 -0.207153
v 0.047355 -1.104827 -0.264553
v -0.010045 -1.104827 -0.311653
v -0.075445 -1.104827 -0.346653
v -0.146445 -1.104827 -0.368153
v -0.220345 -1.104827 -0.375453
v -0.294245 -1.104827 -0.368153
v -0.365245 -1.104827 -0.346653
v -0.430745 -1.104827 -0.311653
v -0.488145 -1.104827 -0.264553
v -0.535245 -1.104827 -0.207153
v -0.570245 -1.104827 -0.141753
v -0.591745 -1.104827 -0.070653
v -0.599045 -1.104827 0.003147
v -0.591745 -1.104827 0.077047
v -0.570245 -1.104827 0.148047
v -0.535245 -1.104827 0.213547
v -0.488145 -1.104827 0.270947
v -0.430745 -1.104827 0.318047
v -0.365245 -1.104827 0.353047
v -0.294245 -1.104827 0.374547
v -0.220345 -1.104827 0.381847
v -0.668545 -1.330727 0.261247
v -0.672445 -1.330727 0.262747
v -0.672445 -1.405127 0.262747
v -0.668545 -1.405127 0.261247
v -0.676545 -1.330727 0.263447
v -0.676545 -1.405127 0.263447
v -0.680745 -1.330727 0.263347
v -0.680745 -1.405127 0.263347
v -0.684845 -1.330727 0.262347
v -0.684845 -1.405127 0.262347
v -0.688645 -1.330727 0.260647
v -0.688645 -1.405127 0.260647
v -0.692045 -1.405127 0.258247
v -0.692045 -1.330727 0.258247
v -0.694945 -1.405127 0.255147
v -0.694945 -1.330727 0.255147
v -0.697145 -1.330727 0.251647
v -0.697145 -1.405127 0.251647
v -0.698645 -1.405127 0.247747
v -0.698645 -1.330727 0.247747
v -0.699345 -1.405127 0.243647
v -0.699345 -1.330727 0.243647
v -0.699145 -1.405127 0.239447
v -0.699145 -1.330727 0.239447
v -0.698245 -1.330727 0.235347
v -0.698245 -1.405127 0.235347
v -0.696545 -1.405127 0.231547
v -0.696545 -1.330727 0.231547
v -0.694045 -1.405127 0.228147
v -0.694045 -1.330727 0.228147
v -0.691045 -1.405127 0.225247
v -0.691045 -1.330727 0.225247
v -0.687545 -1.405127 0.223047
v -0.687545 -1.330727 0.223047
v -0.683545 -1.405127 0.221547
v -0.683545 -1.330727 0.221547
v -0.679445 -1.405127 0.220847
v -0.679445 -1.330727 0.220847
v -0.675245 -1.405127 0.220947
v -0.675245 -1.330727 0.220947
v -0.671245 -1.330727 0.221947
v -0.671245 -1.405127 0.221947
v -0.667345 -1.330727 0.223647
v -0.667345 -1.405127 0.223647
v -0.663945 -1.405127 0.226047
v -0.663945 -1.330727 0.226047
v -0.661145 -1.405127 0.229147
v -0.661145 -1.330727 0.229147
v -0.658845 -1.330727 0.232647
v -0.658845 -1.405127 0.232647
v -0.657445 -1.330727 0.236547
v -0.657445 -1.405127 0.236547
v -0.656745 -1.405127 0.240647
v -0.656745 -1.330727 0.240647
v -0.656845 -1.330727 0.244847
v -0.656845 -1.405127 0.244847
v -0.657745 -1.405127 0.248947
v -0.657745 -1.330727 0.248947
v -0.659445 -1.405127 0.252747
v -0.659445 -1.330727 0.252747
v -0.661945 -1.330727 0.256147
v -0.661945 -1.405127 0.256147
v -0.688545 -1.312327 0.247447
v -0.689645 -1.312527 0.244747
v -0.664945 -1.330727 0.259047
v -0.664945 -1.405127 0.259047
v -0.678445 -1.316327 0.256047
v -0.664045 -1.305527 0.248947
v -0.664045 -1.303527 0.246947
v -0.680845 -1.315027 0.255247
v -0.680045 -1.324727 0.227947
v -0.682345 -1.323027 0.228147
v -0.665545 -1.328727 0.245147
v -0.665745 -1.329527 0.242347
v -0.683145 -1.313827 0.253847
v -0.688145 -1.317827 0.231947
v -0.689345 -1.316327 0.234047
v -0.668945 -1.330027 0.234447
v -0.670745 -1.329527 0.232247
v -0.671445 -1.321227 0.255447
v -0.673645 -1.319527 0.256147
v -0.669445 -1.323027 0.254147
v -0.690245 -1.313027 0.241947
v -0.677645 -1.326227 0.228247
v -0.665845 -1.327527 0.247847
v -0.685245 -1.313027 0.252047
v -0.686545 -1.319527 0.230147
v -0.667445 -1.330227 0.236947
v -0.675945 -1.317827 0.256447
v -0.690445 -1.313827 0.239147
v -0.675145 -1.327527 0.229047
v -0.666645 -1.326227 0.250247
v -0.687145 -1.312527 0.249847
v -0.684545 -1.321227 0.228947
v -0.666345 -1.330027 0.239547
v -0.690145 -1.315027 0.236547
v -0.672845 -1.328727 0.230447
v -0.667845 -1.324727 0.252347
v -0.664945 -1.310427 0.251847
v -0.665845 -1.313127 0.252647
v -0.667045 -1.315727 0.252947
v -0.668445 -1.318227 0.252647
v -0.669945 -1.320627 0.251847
v -0.671545 -1.322627 0.250647
v -0.673245 -1.324327 0.248947
v -0.674845 -1.325627 0.246947
v -0.676445 -1.326327 0.244547
v -0.677745 -1.326627 0.242047
v -0.678945 -1.326327 0.239447
v -0.679945 -1.325627 0.236747
v -0.680545 -1.324327 0.234247
v -0.680845 -1.322627 0.231947
v -0.680945 -1.320627 0.229847
v -0.680545 -1.318227 0.228147
v -0.679945 -1.315727 0.226947
v -0.679045 -1.313127 0.226147
v -0.677845 -1.310427 0.225847
v -0.676545 -1.307927 0.226147
v -0.674945 -1.305527 0.226947
v -0.673345 -1.303527 0.228147
v -0.671745 -1.301827 0.229847
v -0.670045 -1.300527 0.231847
v -0.668545 -1.299827 0.234247
v -0.667145 -1.299527 0.236747
v -0.665945 -1.299827 0.239447
v -0.665045 -1.300527 0.242047
v -0.664445 -1.301827 0.244547
v -0.664345 -1.307927 0.250647
v -0.709845 -1.330727 -0.196853
v -0.709845 -1.405127 -0.196853
v -0.706945 -1.405127 -0.193853
v -0.706945 -1.330727 -0.193853
v -0.712145 -1.405127 -0.200353
v -0.712145 -1.330727 -0.200353
v -0.713645 -1.330727 -0.204253
v -0.713645 -1.405127 -0.204253
v -0.714445 -1.405127 -0.208353
v -0.714445 -1.330727 -0.208353
v -0.714345 -1.330727 -0.212553
v -0.714345 -1.405127 -0.212553
v -0.713545 -1.405127 -0.216553
v -0.713545 -1.330727 -0.216553
v -0.711845 -1.405127 -0.220453
v -0.711845 -1.330727 -0.220453
v -0.709545 -1.330727 -0.223853
v -0.709545 -1.405127 -0.223853
v -0.706545 -1.405127 -0.226853
v -0.706545 -1.330727 -0.226853
v -0.703045 -1.330727 -0.229153
v -0.703045 -1.405127 -0.229153
v -0.699145 -1.330727 -0.230653
v -0.699145 -1.405127 -0.230653
v -0.695045 -1.405127 -0.231453
v -0.695045 -1.330727 -0.231453
v -0.690845 -1.330727 -0.231353
v -0.690845 -1.405127 -0.231353
v -0.686745 -1.330727 -0.230553
v -0.686745 -1.405127 -0.230553
v -0.682945 -1.405127 -0.228853
v -0.682945 -1.330727 -0.228853
v -0.679445 -1.330727 -0.226553
v -0.679445 -1.405127 -0.226553
v -0.676545 -1.330727 -0.223553
v -0.676545 -1.405127 -0.223553
v -0.674245 -1.405127 -0.220053
v -0.674245 -1.330727 -0.220053
v -0.672645 -1.405127 -0.216153
v -0.672645 -1.330727 -0.216153
v -0.671945 -1.330727 -0.212053
v -0.671945 -1.405127 -0.212053
v -0.671945 -1.405127 -0.207853
v -0.671945 -1.330727 -0.207853
v -0.672845 -1.330727 -0.203753
v -0.672845 -1.405127 -0.203753
v -0.674445 -1.330727 -0.199953
v -0.674445 -1.405127 -0.199953
v -0.676845 -1.405127 -0.196453
v -0.676845 -1.330727 -0.196453
v -0.679845 -1.405127 -0.193553
v -0.679845 -1.330727 -0.193553
v -0.683345 -1.330727 -0.191253
v -0.683345 -1.405127 -0.191253
v -0.687245 -1.405127 -0.189653
v -0.687245 -1.330727 -0.189653
v -0.691345 -1.330727 -0.188953
v -0.691345 -1.405127 -0.188953
v -0.695545 -1.330727 -0.188953
v -0.695545 -1.405127 -0.188953
v -0.699545 -1.405127 -0.189853
v -0.699545 -1.330727 -0.189853
v -0.700145 -1.312527 -0.219853
v -0.702245 -1.312327 -0.217753
v -0.703445 -1.330727 -0.191453
v -0.703445 -1.405127 -0.191453
v -0.706345 -1.315027 -0.207553
v -0.706145 -1.316327 -0.204953
v -0.693845 -1.305527 -0.194653
v -0.691945 -1.303527 -0.195453
v -0.680945 -1.324727 -0.217753
v -0.682045 -1.323027 -0.219853
v -0.690945 -1.328727 -0.197553
v -0.688445 -1.329527 -0.198853
v -0.705945 -1.313827 -0.210153
v -0.690345 -1.316327 -0.223853
v -0.687845 -1.317827 -0.223553
v -0.681145 -1.329527 -0.207453
v -0.682445 -1.330027 -0.204953
v -0.702645 -1.321227 -0.198853
v -0.704245 -1.319527 -0.200553
v -0.700745 -1.323027 -0.197553
v -0.697945 -1.313027 -0.221553
v -0.680245 -1.326227 -0.215353
v -0.693545 -1.327527 -0.196753
v -0.705145 -1.313027 -0.212853
v -0.685645 -1.319527 -0.222753
v -0.684145 -1.330227 -0.202553
v -0.705445 -1.317827 -0.202653
v -0.695445 -1.313827 -0.222753
v -0.680045 -1.327527 -0.212853
v -0.696045 -1.326227 -0.196553
v -0.703945 -1.312527 -0.215453
v -0.683645 -1.321227 -0.221553
v -0.686145 -1.330027 -0.200553
v -0.692845 -1.315027 -0.223553
v -0.680345 -1.328727 -0.210153
v -0.698545 -1.324727 -0.196853
v -0.698645 -1.315727 -0.195853
v -0.698945 -1.318227 -0.197153
v -0.698845 -1.320627 -0.198953
v -0.698345 -1.322627 -0.200853
v -0.697545 -1.324327 -0.203053
v -0.696245 -1.325627 -0.205353
v -0.694745 -1.326327 -0.207753
v -0.692945 -1.326627 -0.210053
v -0.691045 -1.326327 -0.212153
v -0.689045 -1.325627 -0.214053
v -0.686945 -1.324327 -0.215653
v -0.684945 -1.322627 -0.216953
v -0.683045 -1.320627 -0.217753
v -0.681445 -1.318227 -0.218153
v -0.680045 -1.315727 -0.218053
v -0.678945 -1.313127 -0.217553
v -0.678245 -1.310427 -0.216553
v -0.677945 -1.307927 -0.215253
v -0.678045 -1.305527 -0.213553
v -0.678545 -1.303527 -0.211553
v -0.679345 -1.301827 -0.209353
v -0.680645 -1.300527 -0.207053
v -0.682145 -1.299827 -0.204653
v -0.683945 -1.299527 -0.202353
v -0.685845 -1.299827 -0.200253
v -0.687845 -1.300527 -0.198353
v -0.689945 -1.301827 -0.196753
v -0.695445 -1.307927 -0.194253
v -0.697945 -1.313127 -0.194853
v -0.696845 -1.310427 -0.194353
v -0.741445 -1.330727 0.041447
v -0.741445 -1.405127 0.041447
v -0.737245 -1.405127 0.041647
v -0.737245 -1.330727 0.041647
v -0.745545 -1.405127 0.040347
v -0.745545 -1.330727 0.040347
v -0.749245 -1.330727 0.038547
v -0.749245 -1.405127 0.038547
v -0.752645 -1.330727 0.035947
v -0.752645 -1.405127 0.035947
v -0.755345 -1.405127 0.032847
v -0.755345 -1.330727 0.032847
v -0.757445 -1.330727 0.029247
v -0.757445 -1.405127 0.029247
v -0.758845 -1.330727 0.025247
v -0.758845 -1.405127 0.025247
v -0.759445 -1.405127 0.021147
v -0.759445 -1.330727 0.021147
v -0.759145 -1.330727 0.016947
v -0.759145 -1.405127 0.016947
v -0.758145 -1.330727 0.012947
v -0.758145 -1.405127 0.012947
v -0.756245 -1.405127 0.009147
v -0.756245 -1.330727 0.009147
v -0.753745 -1.330727 0.005847
v -0.753745 -1.405127 0.005847
v -0.750645 -1.330727 0.003047
v -0.750645 -1.405127 0.003047
v -0.747045 -1.405127 0.000947
v -0.747045 -1.330727 0.000947
v -0.743045 -1.405127 -0.000453
v -0.743045 -1.330727 -0.000453
v -0.738945 -1.330727 -0.000953
v -0.738945 -1.405127 -0.000953
v -0.734745 -1.405127 -0.000753
v -0.734745 -1.330727 -0.000753
v -0.730645 -1.405127 0.000347
v -0.730645 -1.330727 0.000347
v -0.726945 -1.330727 0.002147
v -0.726945 -1.405127 0.002147
v -0.723545 -1.405127 0.004647
v -0.723545 -1.330727 0.004647
v -0.720845 -1.330727 0.007847
v -0.720845 -1.405127 0.007847
v -0.718745 -1.330727 0.011447
v -0.718745 -1.405127 0.011447
v -0.717345 -1.405127 0.015347
v -0.717345 -1.330727 0.015347
v -0.716745 -1.405127 0.019547
v -0.716745 -1.330727 0.019547
v -0.717045 -1.330727 0.023747
v -0.717045 -1.405127 0.023747
v -0.718045 -1.405127 0.027747
v -0.718045 -1.330727 0.027747
v -0.719945 -1.330727 0.031547
v -0.719945 -1.405127 0.031547
v -0.722445 -1.330727 0.034847
v -0.722445 -1.405127 0.034847
v -0.725545 -1.405127 0.037647
v -0.725545 -1.330727 0.037647
v -0.729145 -1.330727 0.039747
v -0.729145 -1.405127 0.039747
v -0.749945 -1.312327 0.020747
v -0.749745 -1.312527 0.017847
v -0.733145 -1.330727 0.041047
v -0.733145 -1.405127 0.041047
v -0.744145 -1.316327 0.032847
v -0.728145 -1.305527 0.032247
v -0.727345 -1.303527 0.030347
v -0.746045 -1.315027 0.031147
v -0.734145 -1.324727 0.006547
v -0.736345 -1.323027 0.005747
v -0.727945 -1.328727 0.028147
v -0.726945 -1.329527 0.025547
v -0.747645 -1.313827 0.028947
v -0.745145 -1.316327 0.008247
v -0.743145 -1.317827 0.006847
v -0.727445 -1.329527 0.014247
v -0.726645 -1.330027 0.017047
v -0.739845 -1.319527 0.034947
v -0.737545 -1.321227 0.035147
v -0.735245 -1.323027 0.034747
v -0.749245 -1.313027 0.015047
v -0.732045 -1.326227 0.007747
v -0.729345 -1.327527 0.030447
v -0.748745 -1.313027 0.026447
v -0.740945 -1.319527 0.005947
v -0.726345 -1.330227 0.019847
v -0.742145 -1.317827 0.034147
v -0.748245 -1.313827 0.012447
v -0.730145 -1.327527 0.009547
v -0.731045 -1.326227 0.032347
v -0.749545 -1.312527 0.023647
v -0.738645 -1.321227 0.005547
v -0.726445 -1.330027 0.022747
v -0.746845 -1.315027 0.010147
v -0.728645 -1.328727 0.011747
v -0.733045 -1.324727 0.033847
v -0.730245 -1.310427 0.034547
v -0.731345 -1.313127 0.034847
v -0.732545 -1.315727 0.034647
v -0.733645 -1.318227 0.033847
v -0.734745 -1.320627 0.032547
v -0.735745 -1.322627 0.030747
v -0.736545 -1.324327 0.028447
v -0.737245 -1.325627 0.025947
v -0.737645 -1.326327 0.023247
v -0.737845 -1.326627 0.020347
v -0.737845 -1.326327 0.017447
v -0.737645 -1.325627 0.014647
v -0.737145 -1.324327 0.012047
v -0.736545 -1.322627 0.009847
v -0.735645 -1.320627 0.007947
v -0.734745 -1.318227 0.006547
v -0.733645 -1.315727 0.005647
v -0.732445 -1.313127 0.005347
v -0.731345 -1.310427 0.005547
v -0.730145 -1.307927 0.006347
v -0.729145 -1.305527 0.007647
v -0.728145 -1.303527 0.009447
v -0.727345 -1.301827 0.011747
v -0.726645 -1.300527 0.014247
v -0.726245 -1.299827 0.016947
v -0.725945 -1.299527 0.019847
v -0.726045 -1.299827 0.022747
v -0.726245 -1.300527 0.025547
v -0.726645 -1.301827 0.028147
v -0.729145 -1.307927 0.033647
vn -0.3933 -0.9194 -0.0001
vn -0.3933 -0.9194 -0.0000
vn -0.3931 -0.9195 -0.0001
vn -0.3930 -0.9195 -0.0001
vn -0.3934 -0.9194 0.0001
vn -0.3934 -0.9194 -0.0000
vn -0.3931 -0.9195 -0.0000
vn -0.3930 -0.9195 0.0001
vn -0.3935 -0.9193 -0.0001
vn -0.3933 -0.9194 0.0001
vn -0.3935 -0.9193 -0.0000
vn -0.1219 0.9915 0.0461
vn -0.1218 0.9915 0.0461
vn -0.1218 0.9915 0.0460
vn -0.4571 0.1956 0.8676
vn -0.4572 0.1961 0.8675
vn -0.4572 0.1957 0.8676
vn -0.4573 0.1956 0.8676
vn -0.0965 0.0413 -0.9945
vn -0.0964 0.0411 -0.9945
vn -0.0965 0.0412 -0.9945
vn 0.7297 -0.3125 -0.6081
vn 0.7299 -0.3123 -0.6080
vn 0.7297 -0.3125 -0.6082
vn 0.7297 -0.3119 -0.6085
vn -0.2840 0.1216 0.9511
vn -0.2842 0.1215 0.9510
vn -0.2839 0.1216 0.9511
vn -0.2837 0.1217 0.9512
vn -0.2839 0.1216 -0.9511
vn -0.2839 0.1213 -0.9512
vn -0.2840 0.1216 -0.9511
vn -0.2840 0.1219 -0.9510
vn 0.6072 -0.2600 -0.7508
vn 0.6071 -0.2595 -0.7511
vn 0.6072 -0.2601 -0.7508
vn 0.6072 -0.2601 -0.7507
vn -0.0965 0.0413 0.9945
vn -0.0964 0.0414 0.9945
vn -0.0966 0.0413 0.9945
vn -0.4566 0.1956 -0.8679
vn -0.4570 0.1955 -0.8677
vn -0.4569 0.1955 -0.8678
vn -0.4568 0.1954 -0.8678
vn 0.4570 -0.1955 -0.8677
vn 0.4570 -0.1954 -0.8678
vn 0.0964 -0.0413 0.9945
vn 0.0965 -0.0413 0.9945
vn -0.6077 0.2598 -0.7505
vn -0.6076 0.2598 -0.7505
vn -0.6074 0.2598 -0.7507
vn 0.2840 -0.1214 -0.9511
vn 0.2841 -0.1217 -0.9510
vn 0.2842 -0.1217 -0.9510
vn 0.2842 -0.1216 -0.9510
vn 0.2840 -0.1214 0.9511
vn 0.2843 -0.1213 0.9510
vn 0.2838 -0.1216 0.9512
vn -0.7298 0.3122 -0.6082
vn -0.7299 0.3123 -0.6080
vn 0.0964 -0.0413 -0.9945
vn 0.4570 -0.1955 0.8677
vn 0.4571 -0.1955 0.8677
vn -0.8227 0.3524 -0.4461
vn -0.8229 0.3520 -0.4460
vn -0.8227 0.3523 -0.4461
vn -0.8227 0.3521 -0.4463
vn 0.6072 -0.2598 0.7509
vn 0.6071 -0.2598 0.7509
vn -0.8846 0.3786 -0.2724
vn -0.8846 0.3785 -0.2724
vn -0.8845 0.3787 -0.2725
vn 0.7299 -0.3124 0.6079
vn 0.7299 -0.3123 0.6080
vn 0.7299 -0.3124 0.6080
vn -0.9156 0.3917 -0.0915
vn -0.9155 0.3918 -0.0915
vn -0.9155 0.3917 -0.0915
vn 0.8227 -0.3517 0.4466
vn 0.8227 -0.3521 0.4463
vn -0.9156 0.3916 0.0915
vn -0.9156 0.3917 0.0915
vn -0.9155 0.3917 0.0915
vn 0.8846 -0.3785 0.2724
vn 0.8846 -0.3786 0.2724
vn 0.8846 -0.3784 0.2725
vn -0.8847 0.3784 0.2724
vn -0.8846 0.3785 0.2724
vn -0.8847 0.3783 0.2724
vn 0.9156 -0.3915 0.0918
vn 0.9155 -0.3917 0.0915
vn 0.9156 -0.3915 0.0919
vn 0.9155 -0.3917 0.0917
vn -0.8227 0.3523 0.4461
vn -0.8229 0.3520 0.4461
vn -0.8228 0.3520 0.4462
vn -0.8227 0.3520 0.4463
vn 0.9156 -0.3915 -0.0918
vn 0.9156 -0.3915 -0.0916
vn 0.9156 -0.3915 -0.0919
vn 0.9155 -0.3917 -0.0915
vn -0.7301 0.3121 0.6079
vn 0.8847 -0.3783 -0.2724
vn 0.8848 -0.3782 -0.2723
vn 0.8847 -0.3784 -0.2723
vn 0.8846 -0.3784 -0.2725
vn -0.6072 0.2598 0.7509
vn -0.6071 0.2597 0.7510
vn 0.8227 -0.3517 -0.4466
vn 0.8227 -0.3521 -0.4463
vn -0.6235 -0.7524 0.2123
vn -0.6235 -0.7524 0.2124
vn -0.6235 -0.7524 0.2122
vn 0.7844 0.6049 0.1368
vn 0.7844 0.6050 0.1368
vn 0.7845 0.6048 0.1368
vn -0.1042 0.9851 0.1368
vn 0.8012 0.5966 0.0461
vn 0.8012 0.5967 0.0461
vn 0.8011 0.5967 0.0461
vn -0.0695 0.9724 0.2226
vn 0.8011 0.5967 -0.0461
vn 0.8012 0.5966 -0.0461
vn 0.8010 0.5969 -0.0461
vn -0.0190 0.9535 0.3006
vn -0.0188 0.9535 0.3008
vn -0.0190 0.9536 0.3006
vn -0.0190 0.9536 0.3005
vn 0.7846 0.6048 -0.1368
vn 0.7845 0.6048 -0.1368
vn 0.7844 0.6050 -0.1369
vn 0.7844 0.6049 -0.1368
vn 0.0460 0.9289 0.3674
vn 0.0460 0.9289 0.3673
vn 0.0460 0.9290 0.3672
vn 0.7513 0.6213 -0.2226
vn 0.7513 0.6212 -0.2226
vn 0.1227 0.8990 0.4204
vn 0.1226 0.8990 0.4204
vn 0.2991 0.8268 -0.4764
vn 0.2991 0.8269 -0.4761
vn 0.2989 0.8270 -0.4762
vn 0.2990 0.8268 -0.4764
vn 0.7028 0.6447 -0.3007
vn 0.7025 0.6451 -0.3006
vn 0.7026 0.6449 -0.3006
vn 0.7027 0.6449 -0.3005
vn 0.2082 0.8646 0.4574
vn 0.2083 0.8646 0.4572
vn 0.2083 0.8646 0.4573
vn 0.2082 0.8645 0.4575
vn 0.2084 0.8647 -0.4571
vn 0.2083 0.8646 -0.4573
vn 0.2085 0.8646 -0.4572
vn 0.2085 0.8647 -0.4570
vn 0.6402 0.6747 -0.3674
vn 0.6401 0.6747 -0.3674
vn 0.6402 0.6746 -0.3676
vn 0.6403 0.6747 -0.3672
vn 0.2991 0.8269 0.4762
vn 0.1222 0.8991 -0.4203
vn 0.1222 0.8992 -0.4201
vn 0.1225 0.8991 -0.4202
vn 0.1226 0.8990 -0.4205
vn 0.5655 0.7096 -0.4204
vn 0.5655 0.7095 -0.4204
vn 0.3915 0.7876 0.4759
vn 0.3915 0.7874 0.4761
vn 0.0457 0.9289 -0.3675
vn 0.0457 0.9289 -0.3676
vn 0.0458 0.9289 -0.3674
vn 0.0462 0.9289 -0.3676
vn 0.4815 0.7477 -0.4573
vn 0.4814 0.7478 -0.4573
vn 0.4816 0.7477 -0.4572
vn 0.4815 0.7477 0.4573
vn 0.4816 0.7477 0.4572
vn 0.4815 0.7477 0.4572
vn -0.0190 0.9535 -0.3007
vn -0.0189 0.9536 -0.3006
vn -0.0190 0.9535 -0.3008
vn 0.3915 0.7873 -0.4764
vn 0.3914 0.7873 -0.4765
vn 0.3914 0.7873 -0.4764
vn 0.3915 0.7873 -0.4763
vn 0.5655 0.7095 0.4204
vn 0.5655 0.7096 0.4204
vn -0.0696 0.9724 -0.2226
vn -0.0695 0.9724 -0.2226
vn -0.0697 0.9724 -0.2226
vn 0.6401 0.6748 0.3673
vn 0.6401 0.6748 0.3674
vn 0.6401 0.6747 0.3675
vn -0.1041 0.9851 -0.1368
vn -0.1042 0.9851 -0.1368
vn 0.7027 0.6449 0.3005
vn 0.7028 0.6448 0.3005
vn -0.1218 0.9915 -0.0461
vn -0.1218 0.9915 -0.0460
vn 0.7513 0.6213 0.2226
vn -0.2841 0.1215 0.9511
vn -0.2840 0.1214 0.9511
vn -0.2840 0.1215 0.9511
vn -0.0526 -0.9939 -0.0970
vn -0.0527 -0.9939 -0.0969
vn -0.0528 -0.9939 -0.0969
vn -0.5787 -0.7732 0.2593
vn -0.5785 -0.7735 0.2590
vn -0.5787 -0.7732 0.2592
vn -0.0776 -0.9844 -0.1576
vn -0.0776 -0.9845 -0.1576
vn -0.0776 -0.9845 -0.1575
vn -0.5257 -0.7974 0.2962
vn -0.5257 -0.7974 0.2963
vn -0.5257 -0.7975 0.2962
vn -0.4029 -0.8518 -0.3349
vn -0.4029 -0.8518 -0.3348
vn -0.4029 -0.8518 -0.3350
vn -0.1136 -0.9706 -0.2124
vn -0.1134 -0.9706 -0.2124
vn -0.1135 -0.9706 -0.2124
vn -0.4663 -0.8240 0.3218
vn -0.4663 -0.8240 0.3217
vn -0.4664 -0.8240 0.3219
vn -0.4664 -0.8240 -0.3218
vn -0.4663 -0.8240 -0.3217
vn -0.1596 -0.9525 -0.2593
vn -0.1596 -0.9525 -0.2594
vn -0.1594 -0.9525 -0.2593
vn -0.1596 -0.9525 -0.2592
vn -0.4025 -0.8519 0.3351
vn -0.4029 -0.8518 0.3348
vn -0.4029 -0.8518 0.3349
vn -0.4028 -0.8518 0.3350
vn -0.5257 -0.7974 -0.2963
vn -0.5257 -0.7974 -0.2964
vn -0.2138 -0.9309 -0.2962
vn -0.2140 -0.9309 -0.2962
vn -0.2139 -0.9309 -0.2962
vn -0.3379 -0.8796 0.3349
vn -0.3379 -0.8796 0.3348
vn -0.3381 -0.8796 0.3347
vn -0.3379 -0.8795 0.3350
vn -0.5786 -0.7733 -0.2593
vn -0.5788 -0.7732 -0.2592
vn -0.5787 -0.7732 -0.2592
vn -0.2740 -0.9063 -0.3217
vn -0.2740 -0.9063 0.3218
vn -0.2740 -0.9064 0.3217
vn -0.2740 -0.9063 0.3219
vn -0.6235 -0.7524 -0.2124
vn -0.3380 -0.8796 -0.3348
vn -0.3379 -0.8796 -0.3348
vn -0.3379 -0.8796 -0.3349
vn -0.3381 -0.8796 -0.3348
vn -0.2138 -0.9309 0.2962
vn -0.2139 -0.9309 0.2961
vn -0.6585 -0.7359 -0.1576
vn -0.1595 -0.9526 0.2591
vn -0.1593 -0.9526 0.2592
vn -0.1596 -0.9526 0.2592
vn -0.1596 -0.9525 0.2592
vn -0.6824 -0.7245 -0.0969
vn -0.1135 -0.9706 0.2124
vn -0.1136 -0.9706 0.2124
vn -0.1135 -0.9705 0.2125
vn -0.1136 -0.9706 0.2123
vn -0.6945 -0.7187 -0.0327
vn -0.6946 -0.7187 -0.0327
vn -0.0776 -0.9845 0.1576
vn -0.0776 -0.9844 0.1576
vn -0.0775 -0.9845 0.1576
vn -0.6947 -0.7186 0.0327
vn -0.6948 -0.7185 0.0327
vn -0.6946 -0.7186 0.0327
vn -0.0529 -0.9939 0.0969
vn -0.0528 -0.9939 0.0969
vn -0.6824 -0.7245 0.0969
vn -0.6825 -0.7245 0.0967
vn -0.6825 -0.7244 0.0969
vn -0.0399 -0.9987 0.0327
vn -0.0402 -0.9987 0.0327
vn -0.6585 -0.7359 0.1576
vn -0.0402 -0.9987 -0.0327
vn -0.0403 -0.9987 -0.0328
vn 0.4812 0.7505 0.4530
vn 0.4814 0.7503 0.4532
vn 0.4813 0.7504 0.4530
vn -0.2841 0.1215 -0.9511
vn -0.2837 0.1214 -0.9512
vn -0.2842 0.1216 -0.9510
vn -0.2840 0.1214 -0.9511
vn 0.6071 -0.2597 -0.7510
vn 0.6072 -0.2598 -0.7509
vn 0.6072 -0.2598 -0.7508
vn -0.0968 0.0414 0.9944
vn -0.0968 0.0413 0.9944
vn -0.4571 0.1955 -0.8677
vn -0.4575 0.1956 -0.8675
vn -0.4575 0.1957 -0.8674
vn 0.4575 -0.1956 -0.8675
vn 0.4573 -0.1956 -0.8675
vn 0.4572 -0.1955 -0.8676
vn 0.4573 -0.1955 -0.8675
vn 0.0962 -0.0413 0.9945
vn 0.0963 -0.0412 0.9945
vn 0.0964 -0.0412 0.9945
vn -0.6071 0.2596 -0.7510
vn -0.6072 0.2598 -0.7509
vn -0.6069 0.2593 -0.7513
vn 0.2841 -0.1215 -0.9511
vn 0.2840 -0.1215 0.9511
vn 0.2842 -0.1216 0.9510
vn -0.7299 0.3121 -0.6081
vn -0.7300 0.3123 -0.6079
vn -0.7300 0.3121 -0.6081
vn -0.7299 0.3119 -0.6083
vn 0.0965 -0.0413 -0.9945
vn 0.0961 -0.0412 -0.9945
vn 0.0963 -0.0412 -0.9945
vn 0.4572 -0.1955 0.8676
vn -0.8228 0.3521 -0.4462
vn -0.8227 0.3520 -0.4463
vn -0.8228 0.3520 -0.4463
vn 0.6071 -0.2596 0.7510
vn 0.6070 -0.2596 0.7511
vn -0.8846 0.3785 -0.2725
vn -0.8846 0.3784 -0.2726
vn -0.8845 0.3787 -0.2723
vn -0.8847 0.3784 -0.2725
vn 0.7300 -0.3121 0.6081
vn 0.7300 -0.3123 0.6079
vn 0.7299 -0.3121 0.6081
vn 0.7299 -0.3125 0.6080
vn -0.9155 0.3917 -0.0916
vn 0.8227 -0.3519 0.4464
vn 0.8227 -0.3520 0.4463
vn 0.8228 -0.3520 0.4463
vn 0.8845 -0.3788 0.2723
vn 0.8845 -0.3791 0.2720
vn 0.8845 -0.3787 0.2723
vn 0.8846 -0.3784 0.2726
vn -0.8845 0.3788 0.2723
vn -0.8847 0.3785 0.2720
vn -0.8845 0.3787 0.2723
vn -0.8227 0.3520 0.4464
vn -0.8228 0.3520 0.4463
vn -0.8228 0.3526 0.4457
vn 0.9155 -0.3918 -0.0912
vn 0.9155 -0.3917 -0.0916
vn 0.9155 -0.3918 -0.0913
vn 0.9155 -0.3919 -0.0910
vn -0.7300 0.3121 0.6081
vn -0.7298 0.3122 0.6083
vn -0.7299 0.3121 0.6081
vn -0.7299 0.3123 0.6080
vn 0.8845 -0.3787 -0.2723
vn 0.8847 -0.3785 -0.2720
vn 0.8845 -0.3788 -0.2723
vn 0.8843 -0.3790 -0.2726
vn -0.6070 0.2596 0.7511
vn 0.8228 -0.3523 -0.4460
vn 0.8227 -0.3520 -0.4463
vn 0.8226 -0.3525 -0.4463
vn -0.4571 0.1955 0.8677
vn -0.4570 0.1955 0.8677
vn -0.0968 0.0414 -0.9944
vn -0.0968 0.0413 -0.9944
vn 0.7299 -0.3124 -0.6080
vn 0.7299 -0.3121 -0.6081
vn 0.7298 -0.3122 -0.6083
vn 0.0840 -0.9362 0.3414
vn 0.0843 -0.9362 0.3413
vn 0.0840 -0.9361 0.3414
vn -0.0149 0.9546 -0.2976
vn -0.0148 0.9546 -0.2974
vn -0.0148 0.9545 -0.2978
vn -0.0146 0.9545 -0.2978
vn 0.3921 0.7898 -0.4717
vn 0.3921 0.7897 -0.4719
vn 0.3920 0.7898 -0.4718
vn 0.3920 0.7898 -0.4717
vn 0.5645 0.7127 0.4165
vn 0.5644 0.7127 0.4165
vn 0.5646 0.7125 0.4167
vn 0.5646 0.7125 0.4166
vn -0.0649 0.9732 -0.2207
vn -0.0648 0.9732 -0.2205
vn -0.0649 0.9732 -0.2205
vn 0.6384 0.6782 0.3640
vn 0.6383 0.6782 0.3642
vn -0.0990 0.9858 -0.1357
vn -0.0991 0.9858 -0.1355
vn -0.0991 0.9858 -0.1356
vn -0.0992 0.9858 -0.1356
vn 0.7004 0.6486 0.2977
vn 0.7004 0.6487 0.2978
vn 0.7004 0.6486 0.2978
vn -0.1166 0.9921 -0.0460
vn -0.1166 0.9921 -0.0459
vn -0.1166 0.9921 -0.0456
vn 0.7486 0.6252 0.2205
vn 0.7486 0.6252 0.2206
vn -0.1166 0.9921 0.0459
vn -0.1167 0.9921 0.0459
vn -0.1167 0.9921 0.0456
vn 0.7815 0.6090 0.1356
vn 0.7815 0.6089 0.1356
vn 0.7814 0.6091 0.1354
vn -0.0992 0.9858 0.1355
vn -0.0991 0.9858 0.1356
vn 0.7981 0.6007 0.0457
vn 0.7981 0.6008 0.0457
vn 0.7982 0.6006 0.0457
vn -0.0649 0.9732 0.2207
vn -0.0648 0.9732 0.2206
vn -0.0650 0.9732 0.2206
vn -0.0649 0.9731 0.2209
vn 0.7984 0.6004 -0.0456
vn 0.7981 0.6008 -0.0457
vn 0.7984 0.6003 -0.0456
vn -0.0146 0.9545 0.2978
vn 0.7815 0.6091 -0.1356
vn 0.7814 0.6091 -0.1355
vn 0.7814 0.6091 -0.1356
vn 0.7815 0.6090 -0.1356
vn 0.0497 0.9301 0.3640
vn 0.0498 0.9301 0.3639
vn 0.7486 0.6251 -0.2211
vn 0.7486 0.6253 -0.2206
vn 0.7485 0.6253 -0.2208
vn 0.1258 0.9004 0.4165
vn 0.1257 0.9004 0.4165
vn 0.1258 0.9004 0.4164
vn 0.3004 0.8290 -0.4717
vn 0.3005 0.8290 -0.4717
vn 0.7004 0.6487 -0.2977
vn 0.7004 0.6486 -0.2978
vn 0.7007 0.6484 -0.2976
vn 0.7004 0.6487 -0.2976
vn 0.2105 0.8663 0.4530
vn 0.2103 0.8663 0.4531
vn 0.2103 0.8663 0.4532
vn 0.2104 0.8662 -0.4533
vn 0.2105 0.8662 -0.4533
vn 0.2104 0.8664 -0.4529
vn 0.2105 0.8663 -0.4529
vn 0.6384 0.6781 -0.3643
vn 0.6384 0.6781 -0.3641
vn 0.6383 0.6782 -0.3642
vn 0.6383 0.6783 -0.3641
vn 0.3005 0.8290 0.4717
vn 0.1255 0.9004 -0.4165
vn 0.1257 0.9004 -0.4165
vn 0.1258 0.9004 -0.4164
vn 0.5644 0.7127 -0.4166
vn 0.5644 0.7127 -0.4165
vn 0.5644 0.7126 -0.4166
vn 0.5645 0.7125 -0.4167
vn 0.3918 0.7898 0.4720
vn 0.3917 0.7898 0.4720
vn 0.3918 0.7898 0.4719
vn 0.0498 0.9301 -0.3639
vn 0.0501 0.9301 -0.3639
vn 0.0498 0.9301 -0.3640
vn 0.0497 0.9301 -0.3639
vn 0.4812 0.7504 -0.4531
vn 0.4812 0.7505 -0.4530
vn 0.9155 -0.3918 0.0915
vn 0.9156 -0.3917 0.0915
vn -0.8459 -0.5308 -0.0523
vn -0.8458 -0.5309 -0.0522
vn -0.8458 -0.5309 -0.0523
vn 0.1415 -0.9572 0.2526
vn 0.1415 -0.9571 0.2527
vn -0.8459 -0.5308 0.0523
vn -0.8459 -0.5307 0.0523
vn -0.8460 -0.5307 0.0523
vn 0.1804 -0.9713 0.1552
vn 0.1804 -0.9713 0.1551
vn 0.1807 -0.9712 0.1553
vn 0.1805 -0.9713 0.1551
vn -0.8272 -0.5401 0.1551
vn 0.2005 -0.9783 0.0523
vn 0.2004 -0.9783 0.0523
vn 0.2005 -0.9783 0.0524
vn -0.7899 -0.5587 0.2527
vn -0.7899 -0.5588 0.2526
vn 0.2009 -0.9782 -0.0527
vn 0.2006 -0.9783 -0.0524
vn 0.2009 -0.9782 -0.0526
vn 0.2008 -0.9782 -0.0525
vn -0.7353 -0.5856 0.3413
vn -0.7353 -0.5855 0.3413
vn -0.7351 -0.5859 0.3411
vn 0.1808 -0.9711 -0.1555
vn 0.1805 -0.9713 -0.1551
vn 0.1806 -0.9712 -0.1552
vn -0.6645 -0.6196 0.4177
vn -0.6644 -0.6197 0.4177
vn -0.6645 -0.6197 0.4176
vn -0.6645 -0.6198 0.4175
vn 0.1415 -0.9572 -0.2524
vn 0.1415 -0.9572 -0.2527
vn 0.1415 -0.9572 -0.2526
vn 0.1415 -0.9572 -0.2525
vn -0.5799 -0.6594 0.4785
vn -0.5799 -0.6593 0.4785
vn -0.5796 -0.6595 0.4787
vn -0.5800 -0.6593 0.4784
vn -0.3822 -0.7481 -0.5424
vn -0.3823 -0.7481 -0.5424
vn -0.3823 -0.7482 -0.5423
vn -0.3821 -0.7483 -0.5423
vn 0.0842 -0.9361 -0.3414
vn 0.0841 -0.9362 -0.3413
vn 0.0842 -0.9361 -0.3415
vn -0.4848 -0.7027 0.5207
vn -0.4848 -0.7028 0.5206
vn -0.4847 -0.7028 0.5207
vn -0.4849 -0.7027 -0.5207
vn -0.4850 -0.7026 -0.5207
vn -0.4848 -0.7028 -0.5207
vn 0.0108 -0.9084 -0.4179
vn 0.0106 -0.9084 -0.4179
vn 0.0107 -0.9084 -0.4179
vn 0.0108 -0.9085 -0.4177
vn -0.3824 -0.7479 0.5426
vn -0.3826 -0.7480 0.5423
vn -0.3824 -0.7480 0.5425
vn -0.3823 -0.7482 0.5423
vn -0.5800 -0.6593 -0.4784
vn -0.5801 -0.6592 -0.4785
vn -0.5801 -0.6593 -0.4784
vn -0.0764 -0.8748 -0.4784
vn -0.0762 -0.8748 -0.4784
vn -0.0758 -0.8749 -0.4784
vn -0.0763 -0.8748 -0.4784
vn -0.2771 -0.7931 0.5424
vn -0.2770 -0.7932 0.5423
vn -0.2771 -0.7932 0.5422
vn -0.6645 -0.6196 -0.4177
vn -0.6644 -0.6194 -0.4182
vn -0.6646 -0.6195 -0.4178
vn -0.6646 -0.6196 -0.4177
vn -0.1737 -0.8360 -0.5206
vn -0.1737 -0.8359 -0.5206
vn -0.1737 -0.8360 0.5206
vn -0.1738 -0.8360 0.5205
vn -0.1737 -0.8359 0.5206
vn -0.7353 -0.5855 -0.3413
vn -0.2772 -0.7932 -0.5423
vn -0.2773 -0.7932 -0.5422
vn -0.2772 -0.7931 -0.5423
vn -0.0762 -0.8748 0.4785
vn -0.0762 -0.8748 0.4784
vn -0.7899 -0.5587 -0.2527
vn -0.7898 -0.5588 -0.2527
vn -0.7901 -0.5585 -0.2525
vn -0.7900 -0.5586 -0.2527
vn 0.0106 -0.9086 0.4175
vn 0.0103 -0.9087 0.4174
vn 0.0107 -0.9086 0.4175
vn 0.0109 -0.9086 0.4175
vn -0.8272 -0.5401 -0.1551
vn 0.7937 0.5491 -0.2618
vn 0.7937 0.5491 -0.2617
vn -0.8226 0.3521 0.4464
vn -0.8228 0.3519 0.4463
vn 0.9156 -0.3916 -0.0914
vn 0.9156 -0.3916 -0.0915
vn 0.9156 -0.3917 -0.0915
vn -0.7300 0.3125 0.6079
vn -0.7300 0.3124 0.6079
vn -0.7299 0.3122 0.6081
vn 0.8846 -0.3785 -0.2724
vn 0.8846 -0.3784 -0.2724
vn 0.8227 -0.3520 -0.4464
vn 0.8226 -0.3522 -0.4465
vn 0.8226 -0.3521 -0.4464
vn 0.8228 -0.3518 -0.4463
vn -0.4569 0.1954 0.8678
vn -0.4569 0.1955 0.8678
vn -0.4570 0.1952 0.8678
vn -0.0966 0.0414 -0.9945
vn -0.0964 0.0413 -0.9945
vn -0.0966 0.0413 -0.9945
vn 0.7300 -0.3123 -0.6079
vn 0.7301 -0.3123 -0.6078
vn 0.7300 -0.3124 -0.6078
vn -0.2843 0.1220 0.9509
vn -0.2842 0.1214 0.9511
vn -0.2842 0.1216 0.9510
vn -0.2843 0.1220 -0.9509
vn 0.6070 -0.2596 -0.7511
vn -0.0966 0.0414 0.9945
vn -0.4570 0.1956 -0.8677
vn -0.4567 0.1959 -0.8678
vn 0.4568 -0.1954 -0.8679
vn 0.4567 -0.1954 -0.8679
vn 0.4569 -0.1955 -0.8678
vn 0.0966 -0.0413 0.9945
vn 0.0966 -0.0414 0.9945
vn 0.2844 -0.1218 -0.9509
vn 0.2844 -0.1218 0.9509
vn 0.2842 -0.1215 0.9510
vn 0.0969 -0.0415 -0.9944
vn 0.0965 -0.0414 -0.9945
vn 0.4569 -0.1955 0.8678
vn -0.8226 0.3521 -0.4464
vn -0.8227 0.3522 -0.4463
vn -0.8226 0.3522 -0.4464
vn -0.8227 0.3521 -0.4464
vn 0.6074 -0.2597 0.7507
vn -0.8846 0.3783 -0.2725
vn 0.7300 -0.3124 0.6079
vn -0.9156 0.3916 -0.0914
vn -0.9155 0.3918 -0.0916
vn -0.9156 0.3915 -0.0913
vn 0.8226 -0.3521 0.4464
vn 0.8226 -0.3522 0.4464
vn -0.9156 0.3916 0.0914
vn -0.9156 0.3915 0.0914
vn -0.8845 0.3789 0.2722
vn 0.0604 -0.9912 0.1181
vn 0.0605 -0.9911 0.1182
vn 0.0603 -0.9911 0.1183
vn 0.1661 0.9238 0.3449
vn 0.2969 0.8454 -0.4440
vn 0.7313 0.5873 -0.3468
vn 0.7313 0.5873 -0.3469
vn 0.2244 0.8884 0.4004
vn 0.2246 0.8884 0.4004
vn 0.2244 0.8885 -0.4004
vn 0.2244 0.8884 -0.4004
vn 0.6536 0.6344 -0.4128
vn 0.6535 0.6342 -0.4131
vn 0.2970 0.8454 0.4440
vn 0.2969 0.8454 0.4440
vn 0.1661 0.9238 -0.3449
vn 0.1661 0.9238 -0.3450
vn 0.5654 0.6871 -0.4564
vn 0.5653 0.6872 -0.4563
vn 0.3811 0.7960 0.4704
vn 0.3810 0.7960 0.4704
vn 0.1223 0.9514 -0.2825
vn 0.1222 0.9514 -0.2825
vn 0.4723 0.7422 -0.4754
vn 0.4722 0.7423 -0.4754
vn 0.4723 0.7422 0.4755
vn 0.4723 0.7422 0.4754
vn 0.4724 0.7422 0.4753
vn 0.0919 0.9717 -0.2177
vn 0.3810 0.7960 -0.4704
vn 0.5652 0.6872 0.4564
vn 0.5653 0.6872 0.4563
vn 0.0725 0.9855 -0.1533
vn 0.0725 0.9855 -0.1534
vn 0.6536 0.6344 0.4128
vn 0.6537 0.6342 0.4128
vn 0.0615 0.9940 -0.0908
vn 0.7313 0.5873 0.3468
vn 0.7314 0.5872 0.3468
vn 0.0566 0.9979 -0.0300
vn 0.7937 0.5491 0.2617
vn 0.7937 0.5491 0.2618
vn 0.7936 0.5492 0.2618
vn 0.0566 0.9979 0.0300
vn 0.0565 0.9979 0.0300
vn 0.8371 0.5223 0.1627
vn 0.8371 0.5223 0.1628
vn 0.8372 0.5222 0.1628
vn 0.0615 0.9940 0.0908
vn 0.8592 0.5086 0.0553
vn 0.8593 0.5085 0.0554
vn 0.8593 0.5085 0.0552
vn 0.0724 0.9855 0.1534
vn 0.0725 0.9855 0.1534
vn 0.0726 0.9855 0.1534
vn 0.8594 0.5084 -0.0551
vn 0.8595 0.5082 -0.0549
vn 0.8594 0.5083 -0.0550
vn 0.8593 0.5085 -0.0552
vn 0.0919 0.9717 0.2177
vn 0.8371 0.5222 -0.1627
vn 0.8371 0.5223 -0.1628
vn 0.8372 0.5222 -0.1627
vn 0.1223 0.9514 0.2826
vn 0.1223 0.9514 0.2825
vn 0.9155 -0.2968 -0.2717
vn 0.9155 -0.2967 -0.2717
vn -0.7042 -0.7009 0.1132
vn -0.7042 -0.7010 0.1131
vn -0.7042 -0.7009 0.1131
vn -0.7042 -0.7010 0.1130
vn 0.0766 -0.9963 0.0401
vn 0.0763 -0.9963 0.0399
vn 0.0764 -0.9963 0.0399
vn -0.6766 -0.7129 0.1842
vn -0.6766 -0.7130 0.1841
vn -0.6765 -0.7130 0.1842
vn 0.0765 -0.9963 -0.0398
vn 0.0764 -0.9963 -0.0399
vn -0.6359 -0.7304 0.2491
vn -0.6359 -0.7303 0.2494
vn -0.6359 -0.7305 0.2491
vn 0.0601 -0.9912 -0.1181
vn 0.0604 -0.9912 -0.1181
vn 0.0604 -0.9911 -0.1184
vn 0.0605 -0.9911 -0.1182
vn -0.5836 -0.7525 0.3054
vn -0.5835 -0.7525 0.3053
vn -0.5835 -0.7526 0.3051
vn 0.0293 -0.9810 -0.1920
vn -0.5207 -0.7785 0.3504
vn -0.5208 -0.7785 0.3502
vn -0.5207 -0.7786 0.3502
vn -0.5208 -0.7785 0.3503
vn -0.3735 -0.8371 -0.3996
vn -0.3735 -0.8372 -0.3996
vn -0.3734 -0.8371 -0.3997
vn -0.0162 -0.9659 -0.2584
vn -0.0161 -0.9659 -0.2583
vn -0.0162 -0.9659 -0.2585
vn -0.0160 -0.9659 -0.2584
vn -0.4500 -0.8071 0.3821
vn -0.4501 -0.8072 0.3818
vn -0.4502 -0.8072 0.3817
vn -0.4499 -0.8071 -0.3822
vn -0.4501 -0.8070 -0.3823
vn -0.4500 -0.8072 -0.3822
vn -0.4499 -0.8072 -0.3822
vn -0.0739 -0.9464 -0.3145
vn -0.0737 -0.9464 -0.3144
vn -0.0737 -0.9465 -0.3143
vn -0.0736 -0.9464 -0.3144
vn -0.3734 -0.8371 0.3999
vn -0.3734 -0.8371 0.3998
vn -0.3734 -0.8370 0.4000
vn -0.3733 -0.8371 0.3998
vn -0.5208 -0.7786 -0.3501
vn -0.5212 -0.7781 -0.3505
vn -0.5209 -0.7785 -0.3502
vn -0.5208 -0.7785 -0.3504
vn -0.1413 -0.9230 -0.3580
vn -0.1412 -0.9229 -0.3581
vn -0.1414 -0.9230 -0.3579
vn -0.2942 -0.8672 0.4017
vn -0.2943 -0.8672 0.4016
vn -0.2943 -0.8673 0.4015
vn -0.5835 -0.7525 -0.3053
vn -0.5835 -0.7526 -0.3052
vn -0.2158 -0.8962 -0.3877
vn -0.2158 -0.8962 -0.3876
vn -0.2158 -0.8961 -0.3877
vn -0.2158 -0.8960 -0.3880
vn -0.2158 -0.8962 0.3876
vn -0.2157 -0.8963 0.3876
vn -0.2156 -0.8964 0.3872
vn -0.2158 -0.8964 0.3871
vn -0.6359 -0.7305 -0.2490
vn -0.6359 -0.7305 -0.2491
vn -0.6359 -0.7305 -0.2489
vn -0.2945 -0.8671 -0.4017
vn -0.2943 -0.8672 -0.4016
vn -0.1412 -0.9229 0.3582
vn -0.1411 -0.9229 0.3583
vn -0.1412 -0.9228 0.3585
vn -0.1414 -0.9229 0.3582
vn -0.6766 -0.7130 -0.1841
vn -0.6766 -0.7130 -0.1842
vn -0.6762 -0.7133 -0.1842
vn -0.6765 -0.7130 -0.1842
vn -0.0738 -0.9464 0.3143
vn -0.0737 -0.9464 0.3144
vn -0.0738 -0.9465 0.3143
vn -0.7042 -0.7009 -0.1131
vn -0.7042 -0.7009 -0.1132
vn -0.7042 -0.7010 -0.1131
vn -0.0160 -0.9659 0.2585
vn -0.0157 -0.9658 0.2589
vn -0.0160 -0.9659 0.2584
vn -0.0161 -0.9659 0.2584
vn -0.7181 -0.6949 -0.0381
vn -0.7180 -0.6950 -0.0382
vn -0.7182 -0.6948 -0.0380
vn 0.0295 -0.9810 0.1920
vn 0.0293 -0.9810 0.1920
vn 0.0294 -0.9810 0.1920
vn -0.7182 -0.6948 0.0380
vn -0.7183 -0.6947 0.0379
vn -0.7180 -0.6950 0.0381
vn 0.6444 0.6291 -0.4347
vn -0.6292 0.2039 0.7500
vn 0.8518 -0.2760 -0.4454
vn 0.8518 -0.2759 -0.4453
vn 0.8516 -0.2761 -0.4457
vn 0.8517 -0.2760 -0.4454
vn -0.4738 0.1537 0.8671
vn -0.4737 0.1537 0.8672
vn -0.4738 0.1536 0.8671
vn -0.1001 0.0324 -0.9945
vn -0.1000 0.0324 -0.9945
vn -0.1001 0.0324 -0.9944
vn 0.7560 -0.2449 -0.6070
vn 0.7560 -0.2450 -0.6070
vn -0.2946 0.0956 0.9508
vn -0.2945 0.0956 0.9509
vn -0.2944 0.0956 0.9509
vn -0.2949 0.0957 -0.9507
vn -0.2948 0.0956 -0.9508
vn 0.6289 -0.2044 -0.7502
vn 0.6291 -0.2040 -0.7500
vn -0.1003 0.0325 0.9944
vn -0.1003 0.0326 0.9944
vn -0.1004 0.0325 0.9944
vn -0.4738 0.1537 -0.8671
vn -0.4738 0.1536 -0.8672
vn -0.4739 0.1537 -0.8671
vn 0.4738 -0.1537 -0.8671
vn 0.4738 -0.1536 -0.8671
vn 0.1003 -0.0325 0.9944
vn 0.1003 -0.0326 0.9944
vn 0.1004 -0.0325 0.9944
vn -0.6292 0.2039 -0.7500
vn 0.2949 -0.0955 -0.9508
vn 0.2951 -0.0955 -0.9507
vn 0.2951 -0.0957 -0.9507
vn 0.2946 -0.0956 -0.9508
vn 0.2947 -0.0956 0.9508
vn 0.2948 -0.0956 0.9508
vn 0.2946 -0.0956 0.9508
vn -0.7560 0.2450 -0.6070
vn 0.1001 -0.0324 -0.9944
vn 0.1001 -0.0324 -0.9945
vn 0.4738 -0.1534 0.8672
vn 0.4738 -0.1536 0.8671
vn 0.4738 -0.1537 0.8671
vn -0.8517 0.2760 -0.4454
vn -0.8516 0.2765 -0.4453
vn -0.8516 0.2760 -0.4457
vn -0.8516 0.2759 -0.4456
vn 0.6292 -0.2039 0.7500
vn -0.9155 0.2968 -0.2717
vn -0.9155 0.2967 -0.2717
vn -0.9155 0.2966 -0.2719
vn 0.7559 -0.2450 0.6071
vn 0.7560 -0.2451 0.6069
vn 0.7559 -0.2451 0.6071
vn 0.7560 -0.2450 0.6070
vn -0.9472 0.3072 -0.0914
vn -0.9473 0.3070 -0.0913
vn -0.9471 0.3075 -0.0916
vn 0.8516 -0.2760 0.4457
vn 0.8517 -0.2760 0.4454
vn -0.9472 0.3073 0.0914
vn -0.9471 0.3075 0.0915
vn -0.9471 0.3077 0.0913
vn -0.9473 0.3070 0.0913
vn 0.9155 -0.2968 0.2717
vn 0.9155 -0.2967 0.2717
vn 0.9154 -0.2969 0.2719
vn -0.9156 0.2966 0.2715
vn -0.9155 0.2967 0.2717
vn -0.9157 0.2964 0.2713
vn 0.9473 -0.3070 0.0913
vn 0.9473 -0.3072 0.0913
vn 0.9474 -0.3069 0.0913
vn -0.8516 0.2760 0.4457
vn -0.8515 0.2756 0.4460
vn -0.8517 0.2760 0.4454
vn 0.9474 -0.3068 -0.0913
vn 0.9474 -0.3067 -0.0912
vn 0.9475 -0.3065 -0.0914
vn 0.9474 -0.3068 -0.0914
vn -0.7560 0.2452 0.6069
vn -0.7560 0.2451 0.6070
vn -0.7560 0.2452 0.6070
vn -0.2534 -0.8596 -0.4436
vn -0.2534 -0.8596 -0.4437
vn -0.2531 -0.8596 -0.4439
vn -0.2533 -0.8596 -0.4437
vn 0.2574 0.8352 0.4859
vn 0.2574 0.8353 0.4859
vn 0.1073 0.9170 -0.3842
vn 0.5510 0.6794 -0.4846
vn 0.5511 0.6792 -0.4847
vn 0.5511 0.6793 -0.4847
vn 0.3512 0.7854 0.5097
vn 0.0554 0.9468 -0.3171
vn 0.4511 0.7327 -0.5095
vn 0.4512 0.7324 -0.5099
vn 0.4512 0.7325 -0.5098
vn 0.4511 0.7323 0.5101
vn 0.4512 0.7324 0.5099
vn 0.4512 0.7324 0.5100
vn 0.0186 0.9691 -0.2459
vn 0.3512 0.7854 -0.5097
vn 0.5510 0.6792 0.4848
vn 0.5511 0.6792 0.4847
vn 0.5510 0.6792 0.4849
vn -0.0055 0.9847 -0.1741
vn 0.6444 0.6292 0.4347
vn 0.6444 0.6291 0.4347
vn 0.6444 0.6292 0.4346
vn -0.0196 0.9944 -0.1035
vn -0.0195 0.9944 -0.1035
vn 0.7254 0.5852 0.3624
vn 0.7254 0.5853 0.3624
vn -0.0258 0.9991 -0.0343
vn 0.7897 0.5498 0.2722
vn 0.7895 0.5501 0.2721
vn 0.7897 0.5498 0.2721
vn -0.0258 0.9991 0.0343
vn -0.0259 0.9991 0.0343
vn 0.8338 0.5256 0.1687
vn 0.8338 0.5257 0.1685
vn 0.8338 0.5257 0.1684
vn -0.0195 0.9944 0.1035
vn 0.8564 0.5132 0.0571
vn 0.8564 0.5132 0.0570
vn -0.0055 0.9847 0.1741
vn 0.8565 0.5130 -0.0568
vn 0.8564 0.5132 -0.0571
vn 0.0186 0.9691 0.2459
vn 0.8338 0.5256 -0.1685
vn 0.8338 0.5257 -0.1685
vn 0.8338 0.5257 -0.1686
vn 0.0554 0.9468 0.3171
vn 0.7896 0.5499 -0.2723
vn 0.7895 0.5501 -0.2721
vn 0.1072 0.9170 0.3843
vn 0.1073 0.9170 0.3842
vn 0.2573 0.8353 -0.4859
vn 0.2574 0.8353 -0.4859
vn 0.2575 0.8352 -0.4859
vn 0.7252 0.5852 -0.3628
vn 0.7254 0.5852 -0.3624
vn 0.1749 0.8796 0.4423
vn 0.1745 0.8796 0.4425
vn 0.1749 0.8796 -0.4423
vn 0.8765 -0.1904 0.4422
vn 0.8766 -0.1903 0.4420
vn 0.8766 -0.1903 0.4419
vn 0.8766 -0.1902 0.4421
vn -0.0785 -0.9133 0.3997
vn -0.0786 -0.9133 0.3997
vn -0.6730 -0.7129 -0.1974
vn -0.6729 -0.7130 -0.1973
vn -0.6729 -0.7129 -0.1973
vn -0.6730 -0.7129 -0.1973
vn -0.0003 -0.9359 0.3524
vn -0.0002 -0.9358 0.3526
vn 0.0001 -0.9358 0.3525
vn -0.0002 -0.9358 0.3525
vn -0.7022 -0.7017 -0.1207
vn -0.7022 -0.7017 -0.1208
vn -0.7021 -0.7017 -0.1208
vn 0.0668 -0.9546 0.2903
vn 0.0670 -0.9546 0.2904
vn 0.0670 -0.9545 0.2905
vn -0.7169 -0.6960 -0.0407
vn -0.7169 -0.6960 -0.0406
vn -0.7168 -0.6961 -0.0407
vn 0.1199 -0.9689 0.2166
vn 0.1200 -0.9688 0.2166
vn 0.1202 -0.9688 0.2166
vn 0.1203 -0.9688 0.2165
vn -0.7169 -0.6960 0.0407
vn -0.7169 -0.6960 0.0406
vn 0.1571 -0.9785 0.1336
vn 0.1571 -0.9785 0.1337
vn 0.1571 -0.9785 0.1338
vn -0.7021 -0.7017 0.1208
vn -0.7019 -0.7019 0.1209
vn 0.1758 -0.9834 0.0451
vn 0.1754 -0.9835 0.0453
vn 0.1761 -0.9833 0.0449
vn 0.1761 -0.9834 0.0450
vn -0.6731 -0.7128 0.1972
vn -0.6732 -0.7128 0.1968
vn -0.6730 -0.7128 0.1972
vn -0.6729 -0.7129 0.1973
vn 0.1758 -0.9834 -0.0450
vn 0.1759 -0.9834 -0.0451
vn 0.1761 -0.9833 -0.0452
vn -0.6295 -0.7294 0.2678
vn -0.6296 -0.7293 0.2678
vn -0.6296 -0.7293 0.2677
vn -0.6296 -0.7294 0.2677
vn 0.1572 -0.9785 -0.1334
vn 0.1574 -0.9785 -0.1333
vn 0.1572 -0.9785 -0.1335
vn 0.1571 -0.9785 -0.1336
vn -0.5734 -0.7502 0.3294
vn -0.5733 -0.7502 0.3294
vn -0.5733 -0.7502 0.3295
vn 0.1204 -0.9688 -0.2165
vn 0.1203 -0.9688 -0.2165
vn -0.5053 -0.7749 0.3799
vn -0.5053 -0.7747 0.3801
vn -0.5051 -0.7748 0.3802
vn -0.5052 -0.7747 0.3801
vn -0.3426 -0.8307 -0.4389
vn -0.3425 -0.8307 -0.4389
vn -0.3425 -0.8306 -0.4390
vn -0.3426 -0.8306 -0.4390
vn 0.0671 -0.9545 -0.2905
vn 0.0670 -0.9545 -0.2906
vn 0.0670 -0.9545 -0.2904
vn -0.4274 -0.8021 0.4171
vn -0.4275 -0.8021 0.4170
vn -0.4274 -0.8020 0.4171
vn -0.4273 -0.8021 0.4172
vn -0.4275 -0.8020 -0.4172
vn -0.4275 -0.8020 -0.4171
vn -0.0000 -0.9357 -0.3529
vn -0.0002 -0.9358 -0.3525
vn -0.0000 -0.9357 -0.3528
vn -0.0001 -0.9358 -0.3525
vn -0.3427 -0.8306 0.4389
vn -0.3425 -0.8307 0.4389
vn -0.5053 -0.7747 -0.3801
vn -0.5053 -0.7748 -0.3799
vn -0.5054 -0.7747 -0.3801
vn -0.0785 -0.9133 -0.3996
vn -0.0785 -0.9133 -0.3997
vn -0.2534 -0.8596 0.4436
vn -0.2535 -0.8596 0.4436
vn -0.2533 -0.8596 0.4437
vn -0.5733 -0.7502 -0.3293
vn -0.5732 -0.7504 -0.3292
vn -0.5733 -0.7502 -0.3294
vn -0.1642 -0.8875 -0.4305
vn -0.1643 -0.8875 -0.4305
vn -0.1643 -0.8876 -0.4304
vn -0.1641 -0.8877 -0.4303
vn -0.1642 -0.8875 0.4306
vn -0.1641 -0.8874 0.4308
vn -0.1643 -0.8875 0.4304
vn -0.6293 -0.7295 -0.2679
vn -0.6295 -0.7294 -0.2679
vn -0.6292 -0.7296 -0.2679
vn -0.6294 -0.7295 -0.2678
vn 0.7811 0.6224 -0.0499
vn 0.7813 0.6222 -0.0497
vn -0.9732 0.2115 0.0904
vn -0.9732 0.2112 0.0905
vn -0.9732 0.2113 0.0904
vn 0.9411 -0.2045 0.2692
vn 0.9411 -0.2043 0.2694
vn 0.9411 -0.2047 0.2691
vn -0.9410 0.2045 0.2697
vn -0.9411 0.2043 0.2693
vn -0.9411 0.2044 0.2694
vn 0.9732 -0.2115 0.0904
vn 0.9732 -0.2113 0.0904
vn 0.9732 -0.2113 0.0906
vn -0.8765 0.1903 0.4422
vn -0.8766 0.1903 0.4420
vn 0.9732 -0.2115 -0.0905
vn 0.9732 -0.2114 -0.0903
vn 0.9732 -0.2115 -0.0906
vn 0.9732 -0.2113 -0.0906
vn -0.7792 0.1691 0.6035
vn -0.7793 0.1693 0.6033
vn -0.7791 0.1689 0.6037
vn 0.9411 -0.2046 -0.2692
vn 0.9411 -0.2044 -0.2694
vn -0.6495 0.1412 0.7471
vn -0.6497 0.1410 0.7470
vn -0.6496 0.1410 0.7471
vn -0.6496 0.1408 0.7471
vn 0.8765 -0.1903 -0.4422
vn 0.8766 -0.1903 -0.4420
vn 0.8765 -0.1904 -0.4422
vn -0.4900 0.1063 0.8652
vn -0.4901 0.1062 0.8652
vn -0.4901 0.1064 0.8651
vn -0.4902 0.1064 0.8651
vn -0.1038 0.0225 -0.9943
vn -0.1040 0.0225 -0.9943
vn 0.7793 -0.1691 -0.6035
vn 0.7792 -0.1690 -0.6035
vn 0.7793 -0.1692 -0.6034
vn -0.3053 0.0663 0.9499
vn -0.3053 0.0663 0.9500
vn -0.3054 0.0663 0.9499
vn -0.3055 0.0664 -0.9499
vn -0.3054 0.0663 -0.9499
vn -0.3058 0.0666 -0.9498
vn 0.6497 -0.1406 -0.7471
vn 0.6497 -0.1411 -0.7470
vn -0.1039 0.0225 0.9943
vn -0.1038 0.0225 0.9943
vn -0.4903 0.1063 -0.8650
vn -0.4903 0.1061 -0.8651
vn -0.4905 0.1065 -0.8649
vn -0.4901 0.1064 -0.8651
vn 0.4902 -0.1064 -0.8651
vn 0.4901 -0.1064 -0.8651
vn 0.4900 -0.1064 -0.8652
vn 0.1039 -0.0225 0.9943
vn 0.1038 -0.0225 0.9943
vn 0.1040 -0.0225 0.9943
vn -0.6497 0.1407 -0.7470
vn -0.6497 0.1406 -0.7471
vn -0.6498 0.1408 -0.7470
vn 0.3059 -0.0663 -0.9497
vn 0.3056 -0.0663 -0.9498
vn 0.3052 -0.0662 0.9500
vn 0.3046 -0.0660 0.9502
vn 0.3052 -0.0663 0.9500
vn -0.7792 0.1690 -0.6036
vn -0.7793 0.1693 -0.6033
vn -0.7792 0.1691 -0.6035
vn -0.7791 0.1689 -0.6037
vn 0.1038 -0.0225 -0.9943
vn 0.1039 -0.0225 -0.9943
vn 0.4901 -0.1064 0.8651
vn 0.4901 -0.1064 0.8652
vn -0.8765 0.1903 -0.4422
vn -0.8766 0.1902 -0.4421
vn 0.6497 -0.1406 0.7471
vn -0.9411 0.2046 -0.2691
vn -0.9411 0.2044 -0.2693
vn -0.9411 0.2045 -0.2693
vn -0.9410 0.2050 -0.2693
vn 0.7793 -0.1692 0.6034
vn 0.7793 -0.1691 0.6035
vn -0.9732 0.2112 -0.0903
vn -0.9732 0.2111 -0.0908
vn -0.9732 0.2112 -0.0904
vn -0.9732 0.2115 -0.0903
vn -0.2966 -0.7854 -0.5433
vn 0.1223 0.9819 0.1448
vn 0.1222 0.9819 0.1447
vn 0.7598 0.6333 -0.1471
vn 0.7598 0.6332 -0.1471
vn 0.7599 0.6332 -0.1471
vn 0.1315 0.9707 0.2011
vn 0.1316 0.9707 0.2011
vn 0.1316 0.9707 0.2010
vn 0.7182 0.6545 -0.2363
vn 0.7181 0.6545 -0.2363
vn 0.1543 0.9528 0.2613
vn 0.1546 0.9528 0.2612
vn 0.1546 0.9528 0.2613
vn 0.2527 0.8942 -0.3696
vn 0.2525 0.8943 -0.3694
vn 0.6582 0.6850 -0.3124
vn 0.6582 0.6850 -0.3123
vn 0.6584 0.6850 -0.3121
vn 0.1946 0.9273 0.3197
vn 0.1947 0.9273 0.3197
vn 0.1948 0.9273 0.3197
vn 0.1947 0.9273 -0.3197
vn 0.5834 0.7229 -0.3702
vn 0.5833 0.7230 -0.3702
vn 0.2527 0.8942 0.3696
vn 0.1546 0.9528 -0.2611
vn 0.1546 0.9528 -0.2612
vn 0.4987 0.7657 -0.4061
vn 0.4986 0.7660 -0.4058
vn 0.3264 0.8546 0.4039
vn 0.3263 0.8546 0.4039
vn 0.1315 0.9707 -0.2011
vn 0.1316 0.9707 -0.2011
vn 0.4106 0.8109 -0.4170
vn 0.4106 0.8109 -0.4169
vn 0.4106 0.8109 0.4169
vn 0.4106 0.8109 0.4170
vn 0.1223 0.9819 -0.1448
vn 0.1223 0.9819 -0.1447
vn 0.3263 0.8546 -0.4039
vn 0.3264 0.8546 -0.4039
vn 0.4986 0.7660 0.4058
vn 0.4986 0.7660 0.4057
vn 0.1217 0.9880 -0.0955
vn 0.5833 0.7230 0.3701
vn 0.5833 0.7230 0.3702
vn 0.1248 0.9907 -0.0536
vn 0.1247 0.9907 -0.0536
vn 0.6582 0.6850 0.3123
vn 0.6582 0.6850 0.3124
vn 0.1275 0.9917 -0.0172
vn 0.1274 0.9917 -0.0171
vn 0.7182 0.6545 0.2364
vn 0.7182 0.6545 0.2363
vn 0.7180 0.6548 0.2361
vn 0.1275 0.9917 0.0172
vn 0.7599 0.6332 0.1471
vn 0.7599 0.6332 0.1470
vn 0.1248 0.9907 0.0536
vn 0.7812 0.6223 0.0496
vn 0.7811 0.6224 0.0499
vn 0.7814 0.6221 0.0499
vn 0.1217 0.9880 0.0955
vn 0.1218 0.9880 0.0954
vn -0.6712 0.0550 -0.7392
vn -0.6712 0.0549 -0.7392
vn -0.6709 0.0548 -0.7395
vn 0.2473 -0.8939 -0.3739
vn 0.2473 -0.8940 -0.3737
vn 0.2473 -0.8939 -0.3738
vn -0.4034 -0.7590 0.5111
vn -0.4033 -0.7589 0.5112
vn -0.4032 -0.7592 0.5110
vn -0.4036 -0.7588 0.5112
vn -0.4035 -0.7589 -0.5111
vn -0.4036 -0.7590 -0.5110
vn -0.4036 -0.7589 -0.5111
vn -0.4037 -0.7587 -0.5113
vn 0.1553 -0.8787 -0.4513
vn 0.1556 -0.8787 -0.4514
vn 0.1555 -0.8787 -0.4513
vn -0.2969 -0.7853 0.5432
vn -0.2966 -0.7854 0.5433
vn -0.2964 -0.7855 0.5433
vn -0.2967 -0.7854 0.5432
vn -0.4995 -0.7337 -0.4606
vn -0.4994 -0.7338 -0.4607
vn -0.4998 -0.7336 -0.4605
vn 0.0497 -0.8595 -0.5087
vn 0.0502 -0.8594 -0.5088
vn 0.0502 -0.8595 -0.5086
vn 0.0500 -0.8595 -0.5086
vn -0.1822 -0.8117 0.5549
vn -0.1820 -0.8118 0.5548
vn -0.1824 -0.8116 0.5550
vn -0.5812 -0.7112 -0.3955
vn -0.5811 -0.7112 -0.3955
vn -0.0643 -0.8369 -0.5436
vn -0.0647 -0.8369 -0.5435
vn -0.0649 -0.8369 -0.5435
vn -0.0648 -0.8369 0.5435
vn -0.0645 -0.8369 0.5435
vn -0.0646 -0.8369 0.5435
vn -0.0647 -0.8369 0.5435
vn -0.6476 -0.6921 -0.3187
vn -0.6476 -0.6921 -0.3188
vn -0.6477 -0.6920 -0.3187
vn -0.1821 -0.8119 -0.5546
vn -0.1824 -0.8116 -0.5550
vn -0.1820 -0.8120 -0.5546
vn 0.0497 -0.8595 0.5088
vn 0.0496 -0.8594 0.5088
vn 0.0499 -0.8595 0.5087
vn 0.0500 -0.8595 0.5087
vn -0.6979 -0.6773 -0.2330
vn -0.6979 -0.6771 -0.2334
vn -0.6978 -0.6772 -0.2333
vn -0.6977 -0.6773 -0.2334
vn 0.1553 -0.8787 0.4513
vn 0.1553 -0.8787 0.4515
vn 0.1556 -0.8787 0.4514
vn -0.7315 -0.6669 -0.1421
vn -0.7315 -0.6668 -0.1421
vn -0.7315 -0.6669 -0.1422
vn 0.2473 -0.8939 0.3738
vn 0.2472 -0.8939 0.3738
vn 0.2473 -0.8939 0.3739
vn -0.7482 -0.6617 -0.0477
vn -0.7482 -0.6617 -0.0476
vn -0.7482 -0.6617 -0.0480
vn -0.7481 -0.6618 -0.0485
vn 0.3201 -0.9052 0.2795
vn 0.3200 -0.9052 0.2796
vn 0.3201 -0.9052 0.2796
vn 0.3200 -0.9052 0.2798
vn -0.7482 -0.6617 0.0481
vn -0.7482 -0.6617 0.0484
vn -0.7482 -0.6618 0.0484
vn 0.3707 -0.9126 0.1727
vn 0.3707 -0.9125 0.1728
vn 0.3706 -0.9126 0.1726
vn 0.3705 -0.9126 0.1727
vn -0.7316 -0.6668 0.1421
vn -0.7316 -0.6667 0.1422
vn -0.7315 -0.6669 0.1421
vn 0.3964 -0.9162 0.0583
vn 0.3965 -0.9162 0.0582
vn 0.3964 -0.9162 0.0584
vn -0.6978 -0.6772 0.2332
vn -0.6979 -0.6771 0.2334
vn -0.6979 -0.6772 0.2332
vn -0.6978 -0.6772 0.2334
vn 0.3964 -0.9162 -0.0585
vn 0.3966 -0.9162 -0.0584
vn 0.3965 -0.9162 -0.0585
vn 0.3964 -0.9162 -0.0586
vn -0.6478 -0.6920 0.3187
vn -0.6477 -0.6920 0.3187
vn 0.3707 -0.9125 -0.1727
vn 0.3707 -0.9126 -0.1726
vn 0.3708 -0.9125 -0.1725
vn -0.5813 -0.7111 0.3955
vn -0.5813 -0.7110 0.3956
vn -0.5812 -0.7112 0.3955
vn 0.3200 -0.9052 -0.2796
vn 0.3201 -0.9052 -0.2795
vn 0.3201 -0.9052 -0.2796
vn -0.4995 -0.7337 0.4606
vn -0.4994 -0.7338 0.4607
vn -0.4993 -0.7338 0.4607
vn 0.1463 0.9885 -0.0372
vn 0.3176 -0.0260 -0.9479
vn 0.3178 -0.0260 0.9478
vn -0.8012 0.0654 -0.5948
vn -0.8013 0.0654 -0.5947
vn -0.8011 0.0654 -0.5950
vn 0.1082 -0.0088 -0.9941
vn 0.5080 -0.0416 0.8603
vn 0.5083 -0.0415 0.8602
vn 0.5081 -0.0416 0.8603
vn -0.8979 0.0733 -0.4340
vn -0.8979 0.0733 -0.4341
vn -0.8980 0.0733 -0.4339
vn 0.6712 -0.0550 0.7392
vn 0.6713 -0.0549 0.7392
vn 0.6709 -0.0548 0.7395
vn -0.9614 0.0787 -0.2637
vn -0.9614 0.0785 -0.2638
vn -0.9614 0.0786 -0.2637
vn -0.9614 0.0788 -0.2636
vn 0.8014 -0.0655 0.5945
vn 0.8013 -0.0654 0.5947
vn -0.9928 0.0811 -0.0884
vn -0.9928 0.0810 -0.0884
vn 0.8979 -0.0733 0.4340
vn 0.8979 -0.0733 0.4341
vn -0.9928 0.0811 0.0884
vn -0.9928 0.0811 0.0886
vn -0.9928 0.0810 0.0884
vn 0.9614 -0.0787 0.2636
vn -0.9614 0.0783 0.2639
vn -0.9614 0.0785 0.2639
vn -0.9615 0.0780 0.2636
vn 0.9927 -0.0813 0.0886
vn 0.9927 -0.0812 0.0886
vn 0.9928 -0.0808 0.0884
vn 0.9928 -0.0810 0.0884
vn -0.8980 0.0735 0.4338
vn -0.8978 0.0732 0.4343
vn -0.8978 0.0733 0.4342
vn -0.8980 0.0736 0.4338
vn 0.9927 -0.0813 -0.0887
vn 0.9928 -0.0811 -0.0883
vn 0.9928 -0.0812 -0.0884
vn 0.9927 -0.0813 -0.0886
vn -0.8010 0.0655 0.5951
vn 0.9614 -0.0787 -0.2636
vn -0.6712 0.0550 0.7392
vn -0.6712 0.0550 0.7393
vn -0.6709 0.0548 0.7395
vn 0.8977 -0.0735 -0.4344
vn 0.8977 -0.0735 -0.4343
vn 0.8977 -0.0736 -0.4344
vn -0.5084 0.0416 0.8601
vn -0.5083 0.0415 0.8602
vn -0.5087 0.0417 0.8599
vn -0.5086 0.0417 0.8600
vn -0.1083 0.0088 -0.9941
vn -0.1082 0.0088 -0.9941
vn 0.8011 -0.0656 -0.5949
vn 0.8012 -0.0657 -0.5948
vn -0.3177 0.0260 0.9478
vn -0.3176 0.0260 0.9479
vn -0.3178 0.0260 0.9478
vn -0.3176 0.0260 -0.9479
vn -0.3174 0.0260 -0.9479
vn -0.3178 0.0260 -0.9478
vn 0.6712 -0.0550 -0.7392
vn 0.6709 -0.0548 -0.7395
vn 0.6712 -0.0549 -0.7392
vn -0.1081 0.0089 0.9941
vn -0.1082 0.0089 0.9941
vn -0.5087 0.0417 -0.8599
vn -0.5087 0.0416 -0.8599
vn -0.5086 0.0417 -0.8600
vn 0.5080 -0.0416 -0.8603
vn 0.5080 -0.0416 -0.8604
vn 0.5081 -0.0416 -0.8603
vn 0.1081 -0.0088 0.9941
vn -0.5674 -0.8183 0.0922
vn -0.5673 -0.8184 0.0920
vn -0.5674 -0.8182 0.0923
vn -0.5674 -0.8183 0.0921
vn 0.5104 0.8376 0.1949
vn 0.5104 0.8375 0.1949
vn 0.1464 0.9891 -0.0121
vn 0.1464 0.9892 -0.0121
vn 0.5509 0.8213 0.1482
vn 0.5509 0.8213 0.1483
vn 0.1464 0.9892 0.0121
vn 0.5793 0.8098 0.0927
vn 0.5792 0.8099 0.0926
vn 0.1463 0.9885 0.0372
vn 0.5940 0.8039 0.0315
vn 0.5940 0.8039 0.0314
vn 0.1472 0.9870 0.0649
vn 0.1473 0.9870 0.0649
vn 0.1473 0.9870 0.0651
vn 0.5941 0.8038 -0.0314
vn 0.5940 0.8038 -0.0315
vn 0.5940 0.8039 -0.0314
vn 0.1514 0.9838 0.0959
vn 0.5793 0.8098 -0.0927
vn 0.5795 0.8097 -0.0929
vn 0.1613 0.9783 0.1299
vn 0.1613 0.9783 0.1300
vn 0.5508 0.8213 -0.1484
vn 0.5509 0.8213 -0.1483
vn 0.1795 0.9697 0.1655
vn 0.1796 0.9697 0.1655
vn 0.2462 0.9419 -0.2285
vn 0.2461 0.9419 -0.2286
vn 0.5105 0.8375 -0.1948
vn 0.5104 0.8376 -0.1949
vn 0.5103 0.8376 -0.1950
vn 0.2077 0.9576 0.1996
vn 0.2075 0.9576 -0.1997
vn 0.2077 0.9576 -0.1996
vn 0.2077 0.9576 -0.1997
vn 0.4607 0.8573 -0.2298
vn 0.4607 0.8573 -0.2297
vn 0.2462 0.9419 0.2285
vn 0.2461 0.9419 0.2286
vn 0.1795 0.9698 -0.1654
vn 0.1795 0.9697 -0.1655
vn 0.1792 0.9697 -0.1658
vn 0.4051 0.8793 -0.2505
vn 0.4052 0.8792 -0.2506
vn 0.4049 0.8794 -0.2505
vn 0.2939 0.9229 0.2486
vn 0.1613 0.9783 -0.1300
vn 0.1614 0.9783 -0.1300
vn 0.3482 0.9016 -0.2567
vn 0.3483 0.9016 -0.2566
vn 0.3483 0.9016 0.2567
vn 0.3482 0.9016 0.2567
vn 0.1514 0.9838 -0.0959
vn 0.1515 0.9838 -0.0958
vn 0.2940 0.9229 -0.2485
vn 0.2939 0.9229 -0.2486
vn 0.4052 0.8792 0.2507
vn 0.4052 0.8792 0.2506
vn 0.1472 0.9870 -0.0648
vn 0.1473 0.9870 -0.0649
vn 0.1472 0.9870 -0.0649
vn 0.4607 0.8573 0.2297
vn 0.4607 0.8573 0.2298
vn -0.6785 0.0119 0.7345
vn -0.6787 0.0122 0.7344
vn -0.6786 0.0119 0.7344
vn -0.6786 0.0116 0.7344
vn 0.1537 -0.9874 0.0369
vn 0.1538 -0.9874 0.0369
vn -0.5447 -0.8250 0.1505
vn -0.5447 -0.8250 0.1504
vn -0.5447 -0.8250 0.1506
vn 0.1536 -0.9874 -0.0372
vn 0.1537 -0.9874 -0.0368
vn 0.1537 -0.9874 -0.0369
vn -0.5109 -0.8349 0.2048
vn -0.5111 -0.8347 0.2049
vn -0.5109 -0.8349 0.2049
vn -0.5107 -0.8350 0.2047
vn 0.1370 -0.9845 -0.1091
vn 0.1371 -0.9845 -0.1091
vn 0.1369 -0.9846 -0.1091
vn -0.4672 -0.8472 0.2529
vn -0.4671 -0.8472 0.2530
vn -0.4672 -0.8472 0.2530
vn -0.4674 -0.8469 0.2534
vn 0.1048 -0.9787 -0.1763
vn -0.4136 -0.8619 0.2933
vn -0.4137 -0.8619 0.2934
vn -0.4137 -0.8618 0.2934
vn -0.2838 -0.8954 -0.3430
vn -0.2837 -0.8955 -0.3430
vn -0.2837 -0.8954 -0.3431
vn 0.0585 -0.9702 -0.2353
vn -0.3518 -0.8783 0.3238
vn -0.3519 -0.8782 0.3239
vn -0.3519 -0.8782 0.3240
vn -0.3516 -0.8784 0.3238
vn -0.3519 -0.8784 -0.3234
vn -0.3519 -0.8783 -0.3237
vn 0.0006 -0.9589 -0.2837
vn 0.0007 -0.9590 -0.2834
vn 0.0006 -0.9589 -0.2836
vn 0.0006 -0.9589 -0.2838
vn -0.2837 -0.8955 0.3430
vn -0.2837 -0.8955 0.3429
vn -0.4137 -0.8619 -0.2931
vn -0.4136 -0.8619 -0.2933
vn -0.4137 -0.8620 -0.2930
vn -0.4138 -0.8620 -0.2929
vn -0.0659 -0.9453 -0.3194
vn -0.0659 -0.9453 -0.3195
vn -0.2113 -0.9130 0.3491
vn -0.2113 -0.9130 0.3489
vn -0.2114 -0.9129 0.3491
vn -0.4670 -0.8472 -0.2531
vn -0.4670 -0.8473 -0.2531
vn -0.4671 -0.8473 -0.2530
vn -0.4671 -0.8472 -0.2530
vn -0.1377 -0.9298 -0.3414
vn -0.1380 -0.9297 -0.3415
vn -0.1378 -0.9298 -0.3412
vn -0.1378 -0.9298 0.3414
vn -0.1379 -0.9298 0.3413
vn -0.5113 -0.8347 -0.2048
vn -0.5111 -0.8347 -0.2050
vn -0.5111 -0.8347 -0.2049
vn -0.5111 -0.8348 -0.2048
vn -0.2112 -0.9129 -0.3492
vn -0.2112 -0.9130 -0.3491
vn -0.2113 -0.9129 -0.3491
vn -0.0659 -0.9453 0.3195
vn -0.0659 -0.9453 0.3194
vn -0.5447 -0.8250 -0.1504
vn -0.5447 -0.8250 -0.1505
vn 0.0005 -0.9589 0.2837
vn 0.0006 -0.9589 0.2837
vn 0.0005 -0.9589 0.2838
vn 0.0009 -0.9589 0.2836
vn -0.5673 -0.8183 -0.0920
vn -0.5673 -0.8184 -0.0918
vn -0.5673 -0.8183 -0.0922
vn 0.0585 -0.9702 0.2353
vn 0.0585 -0.9701 0.2354
vn -0.5788 -0.8149 -0.0309
vn -0.5788 -0.8149 -0.0308
vn 0.1048 -0.9787 0.1763
vn 0.1049 -0.9787 0.1762
vn -0.5787 -0.8149 0.0310
vn -0.5788 -0.8149 0.0311
vn -0.5788 -0.8149 0.0309
vn -0.5787 -0.8149 0.0309
vn 0.1372 -0.9845 0.1091
vn 0.1370 -0.9845 0.1091
vn 0.1375 -0.9845 0.1091
vn 0.1508 0.8584 0.4904
vn 0.9033 -0.0156 -0.4287
vn 0.9032 -0.0155 -0.4289
vn 0.9033 -0.0153 -0.4288
vn 0.9033 -0.0154 -0.4287
vn -0.5156 0.0088 0.8568
vn -0.5155 0.0088 0.8568
vn -0.5157 0.0088 0.8568
vn -0.5156 0.0089 0.8568
vn -0.1103 0.0019 -0.9939
vn -0.1102 0.0019 -0.9939
vn 0.8079 -0.0139 -0.5891
vn 0.8079 -0.0139 -0.5892
vn -0.3231 0.0055 0.9463
vn -0.3232 0.0055 0.9463
vn -0.3230 0.0055 0.9464
vn -0.3229 0.0055 -0.9464
vn -0.3230 0.0055 -0.9464
vn 0.6786 -0.0116 -0.7344
vn -0.1101 0.0019 0.9939
vn -0.5157 0.0087 -0.8567
vn -0.5155 0.0088 -0.8568
vn -0.5158 0.0088 -0.8567
vn -0.5156 0.0084 -0.8568
vn 0.5157 -0.0089 -0.8567
vn 0.5156 -0.0088 -0.8568
vn 0.5157 -0.0088 -0.8567
vn 0.5155 -0.0088 -0.8569
vn 0.1101 -0.0019 0.9939
vn -0.6786 0.0116 -0.7344
vn -0.6786 0.0119 -0.7344
vn 0.3232 -0.0055 -0.9463
vn 0.3232 -0.0055 0.9463
vn 0.3231 -0.0056 0.9464
vn -0.8079 0.0139 -0.5891
vn -0.8080 0.0139 -0.5890
vn -0.8080 0.0139 -0.5891
vn 0.1102 -0.0019 -0.9939
vn 0.1104 -0.0019 -0.9939
vn 0.1103 -0.0019 -0.9939
vn 0.5157 -0.0087 0.8567
vn 0.5156 -0.0086 0.8568
vn 0.5156 -0.0087 0.8568
vn 0.5157 -0.0088 0.8568
vn -0.9033 0.0157 -0.4287
vn -0.9033 0.0154 -0.4287
vn -0.9033 0.0156 -0.4287
vn -0.9033 0.0155 -0.4287
vn 0.6788 -0.0113 0.7342
vn -0.9654 0.0166 -0.2601
vn -0.9654 0.0160 -0.2603
vn -0.9654 0.0165 -0.2602
vn 0.8080 -0.0141 0.5890
vn 0.8080 -0.0139 0.5890
vn 0.8080 -0.0140 0.5890
vn -0.9960 0.0172 -0.0872
vn -0.9961 0.0171 -0.0871
vn -0.9960 0.0173 -0.0872
vn -0.9960 0.0169 -0.0874
vn 0.9033 -0.0156 0.4287
vn 0.9032 -0.0155 0.4289
vn 0.9032 -0.0154 0.4289
vn 0.9033 -0.0155 0.4288
vn -0.9960 0.0172 0.0872
vn -0.9960 0.0169 0.0874
vn -0.9960 0.0173 0.0872
vn -0.9961 0.0172 0.0870
vn 0.9654 -0.0166 0.2601
vn 0.9654 -0.0165 0.2601
vn 0.9654 -0.0169 0.2601
vn -0.9654 0.0167 0.2601
vn -0.9654 0.0166 0.2601
vn -0.9654 0.0165 0.2601
vn 0.9960 -0.0172 0.0873
vn 0.9961 -0.0171 0.0871
vn 0.9960 -0.0173 0.0872
vn -0.9033 0.0156 0.4287
vn -0.9033 0.0155 0.4288
vn -0.9033 0.0157 0.4287
vn 0.9960 -0.0173 -0.0872
vn 0.9960 -0.0170 -0.0872
vn 0.9960 -0.0172 -0.0873
vn 0.9961 -0.0171 -0.0871
vn -0.8080 0.0139 0.5890
vn -0.8081 0.0139 0.5889
vn 0.9654 -0.0167 -0.2602
vn 0.9654 -0.0168 -0.2601
vn 0.9654 -0.0168 -0.2602
vn -0.0147 -0.9569 0.2901
vn -0.0146 -0.9569 0.2901
vn 0.0284 0.9448 -0.3263
vn 0.4847 0.7018 -0.5221
vn 0.4846 0.7019 -0.5221
vn 0.2529 0.8055 0.5360
vn 0.2528 0.8054 0.5361
vn 0.0143 0.9720 -0.2347
vn 0.3682 0.7520 -0.5468
vn 0.3681 0.7520 -0.5468
vn 0.3682 0.7520 0.5467
vn 0.3682 0.7520 0.5468
vn 0.3679 0.7520 0.5470
vn 0.0238 0.9878 -0.1540
vn 0.2529 0.8055 -0.5360
vn 0.2528 0.8054 -0.5361
vn 0.4846 0.7019 0.5220
vn 0.4846 0.7019 0.5221
vn 0.0453 0.9948 -0.0909
vn 0.5914 0.6581 0.4661
vn 0.0671 0.9967 -0.0459
vn 0.6815 0.6222 0.3853
vn 0.6814 0.6222 0.3853
vn 0.6814 0.6222 0.3854
vn 0.0802 0.9967 -0.0138
vn 0.0803 0.9967 -0.0138
vn 0.7508 0.5951 0.2866
vn 0.7507 0.5952 0.2866
vn 0.0803 0.9967 0.0138
vn 0.0801 0.9967 0.0138
vn 0.7973 0.5772 0.1763
vn 0.7973 0.5773 0.1763
vn 0.7974 0.5772 0.1762
vn 0.0671 0.9967 0.0459
vn 0.8207 0.5683 0.0595
vn 0.8207 0.5682 0.0595
vn 0.0453 0.9948 0.0909
vn 0.8206 0.5683 -0.0594
vn 0.8206 0.5684 -0.0595
vn 0.8207 0.5683 -0.0593
vn 0.8206 0.5683 -0.0595
vn 0.0238 0.9878 0.1540
vn 0.7972 0.5773 -0.1765
vn 0.7973 0.5773 -0.1763
vn 0.7974 0.5772 -0.1763
vn 0.0143 0.9720 0.2347
vn 0.7508 0.5951 -0.2867
vn 0.7507 0.5952 -0.2866
vn 0.0284 0.9448 0.3263
vn 0.1508 0.8584 -0.4904
vn 0.1508 0.8583 -0.4904
vn 0.6816 0.6221 -0.3852
vn 0.6814 0.6222 -0.3853
vn 0.6814 0.6223 -0.3853
vn 0.6815 0.6222 -0.3853
vn 0.0738 0.9062 0.4164
vn 0.0738 0.9062 -0.4164
vn 0.5913 0.6581 -0.4661
vn 0.5914 0.6581 -0.4661
vn 0.9012 0.1390 0.4105
vn 0.9011 0.1387 0.4108
vn -0.4556 -0.8804 -0.1317
vn -0.4556 -0.8804 -0.1316
vn -0.4555 -0.8804 -0.1316
vn 0.0493 -0.9646 0.2590
vn 0.0492 -0.9646 0.2589
vn 0.0492 -0.9646 0.2591
vn -0.4760 -0.8757 -0.0805
vn -0.4758 -0.8758 -0.0806
vn -0.4761 -0.8757 -0.0804
vn -0.4763 -0.8756 -0.0804
vn 0.1052 -0.9708 0.2157
vn 0.1053 -0.9708 0.2157
vn 0.1051 -0.9708 0.2158
vn -0.4858 -0.8736 -0.0271
vn -0.4858 -0.8737 -0.0270
vn -0.4858 -0.8736 -0.0273
vn 0.1506 -0.9752 0.1623
vn 0.1504 -0.9752 0.1622
vn 0.1505 -0.9752 0.1622
vn 0.1506 -0.9752 0.1622
vn -0.4859 -0.8736 0.0268
vn -0.4859 -0.8736 0.0270
vn -0.4862 -0.8734 0.0269
vn -0.4859 -0.8736 0.0265
vn 0.1824 -0.9781 0.1005
vn 0.1819 -0.9781 0.1007
vn 0.1820 -0.9781 0.1006
vn -0.4758 -0.8759 0.0802
vn -0.4762 -0.8756 0.0807
vn -0.4760 -0.8758 0.0803
vn -0.4758 -0.8759 0.0801
vn 0.1986 -0.9795 0.0342
vn 0.1985 -0.9795 0.0340
vn 0.1986 -0.9795 0.0341
vn 0.1988 -0.9794 0.0342
vn -0.4556 -0.8804 0.1316
vn -0.4556 -0.8804 0.1315
vn -0.4558 -0.8803 0.1318
vn 0.1985 -0.9795 -0.0341
vn 0.1983 -0.9795 -0.0339
vn 0.1987 -0.9795 -0.0343
vn -0.4258 -0.8868 0.1795
vn -0.4257 -0.8869 0.1796
vn -0.4258 -0.8869 0.1791
vn -0.4259 -0.8868 0.1794
vn 0.1821 -0.9781 -0.1008
vn 0.1821 -0.9781 -0.1009
vn 0.1822 -0.9781 -0.1007
vn 0.1823 -0.9781 -0.1007
vn -0.3866 -0.8950 0.2226
vn -0.3864 -0.8950 0.2226
vn -0.3866 -0.8950 0.2225
vn -0.3863 -0.8951 0.2225
vn 0.1507 -0.9752 -0.1621
vn 0.1504 -0.9752 -0.1622
vn -0.3382 -0.9047 0.2592
vn -0.3384 -0.9046 0.2593
vn -0.3380 -0.9048 0.2591
vn -0.2191 -0.9264 -0.3061
vn -0.2191 -0.9264 -0.3062
vn 0.1053 -0.9708 -0.2156
vn 0.1053 -0.9708 -0.2157
vn 0.1052 -0.9708 -0.2157
vn -0.2818 -0.9154 0.2876
vn -0.2817 -0.9153 0.2878
vn -0.2818 -0.9154 0.2875
vn -0.2817 -0.9154 -0.2876
vn -0.2815 -0.9154 -0.2877
vn -0.2817 -0.9154 -0.2875
vn -0.2818 -0.9154 -0.2875
vn 0.0492 -0.9647 -0.2589
vn 0.0492 -0.9646 -0.2591
vn 0.0492 -0.9646 -0.2589
vn -0.2191 -0.9264 0.3062
vn -0.2191 -0.9264 0.3061
vn -0.3381 -0.9047 -0.2592
vn -0.3380 -0.9047 -0.2593
vn -0.3380 -0.9048 -0.2592
vn -0.3380 -0.9048 -0.2591
vn -0.0145 -0.9569 -0.2901
vn -0.0146 -0.9569 -0.2901
vn -0.0144 -0.9569 -0.2901
vn -0.1520 -0.9374 0.3133
vn -0.1519 -0.9374 0.3134
vn -0.3867 -0.8950 -0.2225
vn -0.3862 -0.8952 -0.2225
vn -0.3863 -0.8951 -0.2225
vn -0.0827 -0.9477 -0.3082
vn -0.0827 -0.9478 -0.3081
vn -0.0827 -0.9477 0.3082
vn -0.0827 -0.9477 0.3081
vn -0.0826 -0.9478 0.3081
vn -0.4257 -0.8869 -0.1795
vn -0.4257 -0.8869 -0.1796
vn -0.1519 -0.9374 -0.3133
vn -0.1519 -0.9374 -0.3134
vn 0.6967 0.7157 -0.0488
vn 0.6968 0.7156 -0.0489
vn 0.6967 0.7157 -0.0489
vn 0.6966 0.7158 -0.0488
vn -0.9849 -0.1520 0.0824
vn -0.9849 -0.1520 0.0825
vn 0.9576 0.1477 0.2474
vn 0.9576 0.1477 0.2475
vn -0.9574 -0.1480 0.2478
vn 0.9849 0.1520 0.0830
vn 0.9849 0.1520 0.0831
vn 0.9849 0.1519 0.0829
vn -0.9012 -0.1390 0.4105
vn -0.9012 -0.1391 0.4105
vn -0.9013 -0.1393 0.4101
vn 0.9849 0.1520 -0.0828
vn 0.9849 0.1521 -0.0832
vn 0.9849 0.1519 -0.0827
vn -0.8129 -0.1254 0.5687
vn -0.8128 -0.1255 0.5689
vn 0.9576 0.1477 -0.2474
vn 0.9576 0.1477 -0.2475
vn -0.6899 -0.1063 0.7161
vn -0.6897 -0.1064 0.7162
vn -0.6898 -0.1062 0.7162
vn 0.9013 0.1392 -0.4103
vn 0.9013 0.1393 -0.4101
vn 0.9013 0.1392 -0.4102
vn 0.9012 0.1390 -0.4105
vn -0.5295 -0.0816 0.8444
vn -0.5295 -0.0817 0.8443
vn -0.5296 -0.0817 0.8443
vn -0.1150 -0.0177 -0.9932
vn -0.1152 -0.0178 -0.9932
vn -0.1151 -0.0177 -0.9932
vn 0.8133 0.1250 -0.5683
vn 0.8130 0.1252 -0.5686
vn 0.8130 0.1254 -0.5686
vn 0.8131 0.1254 -0.5685
vn -0.3353 -0.0518 0.9407
vn -0.3352 -0.0517 0.9407
vn -0.3348 -0.0517 -0.9409
vn -0.3347 -0.0517 -0.9409
vn 0.6896 0.1064 -0.7163
vn 0.6897 0.1064 -0.7162
vn 0.6895 0.1064 -0.7164
vn -0.1148 -0.0177 0.9932
vn -0.1149 -0.0177 0.9932
vn -0.5296 -0.0817 -0.8443
vn -0.5294 -0.0817 -0.8445
vn 0.5296 0.0817 -0.8443
vn 0.1148 0.0177 0.9932
vn 0.1151 0.0177 0.9932
vn -0.6897 -0.1063 -0.7163
vn -0.6897 -0.1064 -0.7162
vn -0.6898 -0.1065 -0.7161
vn -0.6898 -0.1064 -0.7161
vn 0.3348 0.0517 -0.9409
vn 0.3350 0.0517 -0.9408
vn 0.3345 0.0517 -0.9410
vn 0.3353 0.0518 0.9407
vn -0.8129 -0.1256 -0.5687
vn -0.8128 -0.1257 -0.5688
vn -0.8130 -0.1255 -0.5686
vn 0.1147 0.0177 -0.9932
vn 0.1146 0.0177 -0.9933
vn 0.1148 0.0177 -0.9932
vn 0.5296 0.0817 0.8443
vn -0.9012 -0.1390 -0.4105
vn -0.9012 -0.1391 -0.4104
vn 0.6899 0.1066 0.7160
vn 0.6898 0.1065 0.7161
vn 0.6900 0.1067 0.7160
vn -0.9574 -0.1480 -0.2478
vn 0.8130 0.1255 0.5685
vn 0.8130 0.1254 0.5686
vn 0.8131 0.1255 0.5685
vn -0.9849 -0.1520 -0.0825
vn -0.9849 -0.1519 -0.0827
vn 0.0237 -0.8766 0.4807
vn 0.0235 -0.8766 0.4807
vn 0.0238 -0.8765 0.4807
vn 0.0239 -0.8765 0.4807
vn -0.1211 0.9692 0.2145
vn 0.6773 0.7213 -0.1449
vn 0.6772 0.7213 -0.1450
vn 0.6772 0.7214 -0.1449
vn -0.0927 0.9540 0.2851
vn 0.6384 0.7325 -0.2363
vn 0.6384 0.7325 -0.2366
vn -0.0451 0.9342 0.3539
vn 0.1100 0.8829 -0.4565
vn 0.5806 0.7491 -0.3191
vn 0.5806 0.7490 -0.3191
vn 0.5807 0.7490 -0.3190
vn 0.0232 0.9102 0.4135
vn 0.0232 0.9102 -0.4135
vn 0.5053 0.7702 -0.3892
vn 0.5052 0.7703 -0.3891
vn 0.1100 0.8829 0.4565
vn -0.0451 0.9342 -0.3539
vn 0.4147 0.7957 -0.4414
vn 0.2096 0.8536 0.4769
vn -0.0927 0.9540 -0.2851
vn 0.3139 0.8240 -0.4717
vn 0.3139 0.8240 0.4717
vn -0.1211 0.9692 -0.2145
vn 0.2096 0.8536 -0.4769
vn 0.4147 0.7957 0.4414
vn 0.4149 0.7957 0.4413
vn -0.1351 0.9799 -0.1471
vn -0.1351 0.9798 -0.1471
vn 0.5052 0.7703 0.3891
vn -0.1401 0.9865 -0.0852
vn 0.5806 0.7490 0.3191
vn 0.5806 0.7489 0.3194
vn -0.1413 0.9896 -0.0278
vn -0.1414 0.9896 -0.0278
vn 0.6386 0.7325 0.2359
vn 0.6384 0.7325 0.2363
vn -0.1413 0.9896 0.0278
vn -0.1412 0.9896 0.0278
vn 0.6773 0.7213 0.1450
vn 0.6772 0.7213 0.1450
vn -0.1401 0.9865 0.0852
vn 0.6967 0.7157 0.0488
vn 0.6968 0.7156 0.0485
vn 0.6970 0.7154 0.0487
vn 0.6968 0.7156 0.0488
vn -0.1351 0.9799 0.1471
vn -0.1351 0.9798 0.1471
vn 0.7985 -0.1306 0.5876
vn 0.7986 -0.1308 0.5875
vn 0.7986 -0.1306 0.5875
vn -0.5623 -0.7653 -0.3132
vn -0.5623 -0.7654 -0.3131
vn -0.5623 -0.7654 -0.3132
vn -0.5622 -0.7654 -0.3132
vn -0.0845 -0.8611 -0.5013
vn -0.0845 -0.8612 -0.5012
vn 0.1239 -0.8890 0.4408
vn 0.1239 -0.8888 0.4413
vn 0.1242 -0.8889 0.4409
vn 0.1243 -0.8890 0.4408
vn -0.6185 -0.7510 -0.2312
vn 0.2141 -0.8981 0.3842
vn 0.2139 -0.8982 0.3840
vn 0.2141 -0.8982 0.3839
vn -0.6565 -0.7409 -0.1417
vn 0.2888 -0.9047 0.3131
vn 0.2888 -0.9048 0.3130
vn -0.6757 -0.7356 -0.0476
vn -0.6757 -0.7356 -0.0477
vn -0.6758 -0.7356 -0.0475
vn -0.6758 -0.7356 -0.0476
vn 0.3469 -0.9090 0.2311
vn 0.3467 -0.9090 0.2312
vn 0.3468 -0.9090 0.2312
vn -0.6757 -0.7356 0.0476
vn -0.6757 -0.7356 0.0477
vn -0.6756 -0.7357 0.0475
vn 0.3858 -0.9116 0.1417
vn 0.3859 -0.9116 0.1417
vn 0.3860 -0.9116 0.1414
vn -0.6565 -0.7409 0.1417
vn -0.6565 -0.7409 0.1418
vn 0.4058 -0.9127 0.0477
vn 0.4057 -0.9128 0.0477
vn -0.6185 -0.7510 0.2312
vn 0.4059 -0.9127 -0.0478
vn 0.4056 -0.9128 -0.0479
vn 0.4057 -0.9128 -0.0479
vn 0.4058 -0.9127 -0.0477
vn -0.5623 -0.7654 0.3131
vn 0.3860 -0.9115 -0.1418
vn 0.3859 -0.9116 -0.1417
vn 0.3858 -0.9116 -0.1419
vn 0.3862 -0.9114 -0.1423
vn -0.4892 -0.7831 0.3840
vn 0.3469 -0.9090 -0.2310
vn 0.3468 -0.9090 -0.2311
vn 0.3467 -0.9090 -0.2312
vn -0.4014 -0.8028 0.4409
vn -0.1947 -0.8431 -0.5012
vn -0.1946 -0.8431 -0.5012
vn -0.1946 -0.8432 -0.5012
vn 0.2888 -0.9048 -0.3130
vn 0.2888 -0.9048 -0.3129
vn -0.3018 -0.8232 0.4809
vn -0.3018 -0.8232 0.4808
vn -0.3019 -0.8230 0.4812
vn -0.3017 -0.8233 -0.4807
vn -0.3018 -0.8233 -0.4807
vn -0.3017 -0.8233 -0.4808
vn 0.2138 -0.8982 -0.3840
vn 0.2136 -0.8984 -0.3838
vn 0.2138 -0.8982 -0.3842
vn -0.1945 -0.8432 0.5012
vn -0.1946 -0.8432 0.5012
vn -0.1944 -0.8432 0.5012
vn -0.4014 -0.8028 -0.4409
vn 0.1245 -0.8889 -0.4409
vn 0.1244 -0.8889 -0.4409
vn 0.1245 -0.8891 -0.4405
vn 0.1248 -0.8889 -0.4408
vn -0.0845 -0.8612 0.5012
vn -0.0845 -0.8612 0.5013
vn -0.4892 -0.7830 -0.3841
vn -0.4892 -0.7831 -0.3840
vn 0.0238 -0.8765 -0.4807
vn 0.0236 -0.8766 -0.4807
vn 0.9518 0.2964 0.0794
vn 0.9517 0.2964 0.0798
vn 0.9517 0.2964 0.0797
vn -0.9831 0.1611 -0.0869
vn -0.9831 0.1610 -0.0870
vn -0.9831 0.1612 -0.0869
vn -0.9831 0.1613 -0.0868
vn 0.8921 -0.1462 0.4274
vn 0.8923 -0.1464 0.4271
vn 0.8921 -0.1461 0.4275
vn -0.9832 0.1608 0.0869
vn -0.9831 0.1610 0.0868
vn -0.9831 0.1612 0.0869
vn -0.9831 0.1610 0.0870
vn 0.9531 -0.1561 0.2592
vn 0.9531 -0.1561 0.2591
vn 0.9532 -0.1562 0.2589
vn 0.9532 -0.1561 0.2590
vn -0.9531 0.1561 0.2591
vn -0.9531 0.1562 0.2592
vn -0.9532 0.1561 0.2590
vn 0.9831 -0.1612 0.0869
vn 0.9831 -0.1609 0.0868
vn 0.9832 -0.1607 0.0867
vn 0.9831 -0.1610 0.0868
vn -0.8922 0.1461 0.4274
vn -0.8921 0.1461 0.4275
vn -0.8922 0.1461 0.4273
vn 0.9831 -0.1611 -0.0869
vn 0.9831 -0.1610 -0.0870
vn 0.9831 -0.1609 -0.0869
vn 0.9831 -0.1610 -0.0868
vn -0.7987 0.1309 0.5874
vn -0.7986 0.1310 0.5874
vn -0.7987 0.1309 0.5873
vn -0.7987 0.1308 0.5873
vn 0.9532 -0.1562 -0.2588
vn 0.9532 -0.1561 -0.2589
vn 0.9532 -0.1563 -0.2588
vn 0.9532 -0.1564 -0.2587
vn -0.6711 0.1100 0.7331
vn -0.6712 0.1099 0.7331
vn -0.6710 0.1101 0.7332
vn 0.8922 -0.1462 -0.4273
vn 0.8923 -0.1464 -0.4271
vn 0.8922 -0.1463 -0.4273
vn 0.8921 -0.1461 -0.4275
vn -0.5103 0.0836 0.8559
vn -0.5103 0.0835 0.8560
vn -0.1093 0.0179 -0.9938
vn -0.1092 0.0179 -0.9939
vn 0.7985 -0.1310 -0.5876
vn 0.7984 -0.1310 -0.5877
vn 0.7986 -0.1308 -0.5875
vn -0.3202 0.0523 0.9459
vn -0.3201 0.0524 0.9459
vn -0.3201 0.0525 0.9459
vn -0.3202 0.0522 -0.9459
vn -0.3199 0.0525 -0.9460
vn -0.3202 0.0523 -0.9459
vn -0.3201 0.0524 -0.9459
vn 0.6710 -0.1101 -0.7333
vn 0.6712 -0.1099 -0.7331
vn -0.1092 0.0179 0.9939
vn -0.5103 0.0837 -0.8559
vn -0.5104 0.0836 -0.8559
vn 0.5103 -0.0836 -0.8559
vn 0.5104 -0.0836 -0.8558
vn 0.5105 -0.0837 -0.8558
vn 0.1092 -0.0179 0.9939
vn -0.6711 0.1098 -0.7332
vn -0.6712 0.1099 -0.7331
vn 0.3201 -0.0524 -0.9459
vn 0.3199 -0.0523 -0.9460
vn 0.3204 -0.0526 0.9458
vn 0.3201 -0.0524 0.9459
vn -0.7987 0.1308 -0.5873
vn -0.7986 0.1308 -0.5875
vn -0.7986 0.1308 -0.5874
vn 0.1093 -0.0179 -0.9938
vn 0.1092 -0.0179 -0.9939
vn 0.5105 -0.0836 0.8558
vn -0.8922 0.1461 -0.4274
vn -0.8921 0.1461 -0.4275
vn -0.8922 0.1460 -0.4275
vn -0.8922 0.1461 -0.4273
vn 0.6712 -0.1099 0.7330
vn 0.6712 -0.1099 0.7331
vn -0.9532 0.1562 -0.2590
vn -0.9532 0.1561 -0.2589
vn -0.9532 0.1561 -0.2591
vn -0.9531 0.1560 -0.2593
vn 0.0252 0.9997 -0.0000
vn 0.0253 0.9997 -0.0001
vn 0.0250 0.9997 -0.0000
vn 0.0251 0.9997 0.0002
vn 0.0253 0.9997 -0.0000
vn 0.0251 0.9997 0.0001
vn 0.0249 0.9997 0.0001
vn 0.0253 0.9997 0.0001
vn 0.0255 0.9997 -0.0000
vn 0.0256 0.9997 0.0002
vn 0.0254 0.9997 -0.0001
vn 0.0252 0.9997 -0.0001
vn 0.2350 0.9698 -0.0659
vn 0.9517 0.2964 -0.0799
vn 0.9517 0.2964 -0.0798
vn 0.9517 0.2964 -0.0797
vn 0.1189 0.9928 -0.0158
vn 0.9205 0.3104 -0.2372
vn 0.0071 0.9953 0.0964
vn 0.8575 0.3388 -0.3871
vn 0.8575 0.3390 -0.3870
vn -0.0627 0.9641 0.2579
vn -0.0627 0.9641 0.2580
vn 0.0129 0.8079 -0.5892
vn 0.7621 0.3825 -0.5224
vn -0.0625 0.8982 0.4351
vn -0.0625 0.8982 -0.4351
vn 0.6350 0.4423 -0.6334
vn 0.0129 0.8079 0.5892
vn -0.0627 0.9641 -0.2579
vn 0.4810 0.5180 -0.7073
vn 0.4809 0.5181 -0.7073
vn 0.1467 0.7071 0.6917
vn 0.0071 0.9953 -0.0964
vn 0.3116 0.6078 -0.7304
vn 0.3116 0.6078 0.7304
vn 0.1189 0.9928 0.0158
vn 0.1467 0.7071 -0.6917
vn 0.4810 0.5180 0.7073
vn 0.2350 0.9698 0.0659
vn 0.6350 0.4423 0.6334
vn 0.3255 0.9435 0.0622
vn 0.7621 0.3825 0.5224
vn 0.3739 0.9271 0.0245
vn 0.8575 0.3390 0.3870
vn 0.8575 0.3388 0.3871
vn 0.8575 0.3388 0.3872
vn 0.3739 0.9272 -0.0245
vn 0.3739 0.9271 -0.0245
vn 0.9205 0.3104 0.2373
vn 0.9205 0.3104 0.2372
vn 0.9205 0.3105 0.2372
vn 0.3255 0.9435 -0.0622
vn 0.3612 0.9146 -0.1816
vn 0.3610 0.9146 -0.1820
vn 0.3666 0.9124 -0.1820
vn 0.3719 0.9098 -0.1844
vn 0.3767 0.9079 -0.1841
vn 0.3768 0.9077 -0.1845
vn 0.4021 0.8962 0.1877
vn 0.4020 0.8963 0.1874
vn 0.4069 0.8943 0.1864
vn 0.4142 0.8914 0.1841
vn 0.3927 0.9001 0.1888
vn 0.3925 0.9003 0.1883
vn 0.2344 0.7964 -0.5575
vn 0.2597 0.7856 -0.5616
vn 0.2597 0.7857 -0.5615
vn 0.2851 0.7748 -0.5643
vn 0.3106 0.7639 -0.5657
vn 0.3828 0.9052 -0.1848
vn 0.3872 0.9035 -0.1839
vn 0.3868 0.9038 0.1833
vn 0.3867 0.9037 0.1837
vn 0.3361 0.7530 0.5657
vn 0.3362 0.7530 0.5657
vn 0.3362 0.7530 0.5656
vn 0.3618 0.7421 0.5643
vn 0.3617 0.7421 0.5643
vn 0.3871 0.7313 0.5615
vn 0.3871 0.7313 0.5616
vn 0.4123 0.7206 0.5575
vn 0.4121 0.7206 0.5576
vn 0.4123 0.7205 0.5575
vn 0.4178 0.8894 0.1855
vn 0.4167 0.8900 0.1848
vn 0.3504 0.9193 -0.1795
vn 0.3486 0.9195 -0.1819
vn -0.4106 -0.8934 -0.1821
vn -0.4005 -0.8977 -0.1837
vn -0.4042 -0.8960 -0.1838
vn -0.4108 -0.8934 -0.1817
vn -0.3630 -0.9136 0.1831
vn -0.3702 -0.9107 0.1832
vn -0.3701 -0.9108 0.1827
vn -0.3588 -0.9155 0.1820
vn -0.3906 -0.9017 -0.1854
vn -0.3957 -0.9000 -0.1830
vn -0.3735 -0.9087 0.1862
vn -0.3767 -0.9068 0.1892
vn -0.4123 -0.7205 -0.5575
vn -0.4166 -0.8907 -0.1819
vn -0.4199 -0.8893 -0.1809
vn -0.3536 -0.9177 0.1812
vn -0.3499 -0.9191 0.1809
vn -0.2344 -0.7964 0.5575
vn -0.2597 -0.7856 0.5616
vn -0.2597 -0.7857 0.5615
vn -0.2851 -0.7748 0.5643
vn -0.3106 -0.7639 0.5657
vn -0.3844 -0.9048 0.1832
vn -0.3852 -0.9044 0.1833
vn -0.3851 -0.9045 -0.1833
vn -0.3854 -0.9045 -0.1828
vn -0.3361 -0.7530 -0.5657
vn -0.3362 -0.7530 -0.5657
vn -0.3617 -0.7421 -0.5643
vn -0.3871 -0.7313 -0.5616
vn -0.3873 -0.7312 -0.5616
vn -0.3872 -0.7312 -0.5617
vn -0.4404 -0.8799 -0.1782
vn -0.4332 -0.8831 -0.1802
vn -0.4367 -0.8816 -0.1792
vn -0.4448 -0.8790 -0.1716
vn -0.3252 -0.9290 0.1768
vn -0.3353 -0.9248 0.1799
vn -0.3356 -0.9246 0.1804
vn -0.3249 -0.9292 0.1759
vn -0.4273 -0.8862 -0.1789
vn -0.4271 -0.8865 -0.1782
vn -0.3473 -0.9206 0.1787
vn -0.3468 -0.9205 0.1800
vn -0.5107 -0.6785 -0.5280
vn -0.5107 -0.6786 -0.5279
vn -0.5107 -0.6785 -0.5279
vn -0.5110 -0.6782 -0.5281
vn -0.4479 -0.8774 -0.1718
vn -0.4534 -0.8752 -0.1689
vn -0.3178 -0.9320 0.1746
vn -0.3163 -0.9331 0.1711
vn -0.1361 -0.8383 0.5279
vn -0.1601 -0.8281 0.5373
vn -0.1600 -0.8281 0.5373
vn -0.1601 -0.8281 0.5372
vn -0.1845 -0.8177 0.5453
vn -0.1844 -0.8177 0.5453
vn -0.2093 -0.8071 0.5521
vn -0.4375 -0.7098 -0.5521
vn -0.4622 -0.6993 -0.5453
vn -0.4866 -0.6888 -0.5374
vn -0.4866 -0.6888 -0.5373
vn -0.4866 -0.6887 -0.5375
vn -0.4710 -0.8680 -0.1573
vn -0.4644 -0.8698 -0.1667
vn -0.4691 -0.8676 -0.1648
vn -0.4730 -0.8671 -0.1561
vn -0.2980 -0.9416 0.1567
vn -0.3043 -0.9378 0.1669
vn -0.3034 -0.9381 0.1669
vn -0.2977 -0.9417 0.1571
vn -0.4595 -0.8719 -0.1694
vn -0.4598 -0.8717 -0.1698
vn -0.3117 -0.9348 0.1701
vn -0.3117 -0.9349 0.1697
vn -0.6018 -0.6397 -0.4781
vn -0.6018 -0.6398 -0.4781
vn -0.4777 -0.8647 -0.1550
vn -0.4822 -0.8629 -0.1514
vn -0.2920 -0.9442 0.1521
vn -0.2911 -0.9444 0.1525
vn -0.0450 -0.8772 0.4781
vn -0.0449 -0.8772 0.4781
vn -0.0668 -0.8679 0.4922
vn -0.0668 -0.8679 0.4923
vn -0.0893 -0.8583 0.5054
vn -0.0893 -0.8582 0.5054
vn -0.0890 -0.8582 0.5055
vn -0.1124 -0.8484 0.5173
vn -0.5344 -0.6685 -0.5172
vn -0.5343 -0.6685 -0.5173
vn -0.5574 -0.6587 -0.5054
vn -0.5799 -0.6491 -0.4923
vn -0.4984 -0.8559 -0.1382
vn -0.4911 -0.8590 -0.1447
vn -0.4947 -0.8575 -0.1414
vn -0.5010 -0.8547 -0.1359
vn -0.2720 -0.9528 0.1346
vn -0.2775 -0.9503 0.1408
vn -0.2744 -0.9512 0.1414
vn -0.2668 -0.9539 0.1372
vn -0.4881 -0.8597 -0.1508
vn -0.4886 -0.8592 -0.1517
vn -0.2817 -0.9474 0.1518
vn -0.2823 -0.9474 0.1511
vn -0.6823 -0.6054 -0.4098
vn -0.5058 -0.8527 -0.1309
vn -0.5057 -0.8528 -0.1307
vn -0.2666 -0.9547 0.1324
vn -0.2644 -0.9557 0.1296
vn 0.0355 -0.9115 0.4098
vn 0.0165 -0.9033 0.4286
vn 0.0166 -0.9034 0.4286
vn 0.0165 -0.9034 0.4285
vn -0.0031 -0.8950 0.4461
vn -0.0030 -0.8950 0.4461
vn -0.0237 -0.8862 0.4627
vn -0.0237 -0.8862 0.4626
vn -0.6231 -0.6307 -0.4626
vn -0.6436 -0.6219 -0.4461
vn -0.6436 -0.6219 -0.4462
vn -0.6436 -0.6218 -0.4463
vn -0.6635 -0.6133 -0.4286
vn -0.6633 -0.6135 -0.4285
vn -0.6632 -0.6136 -0.4285
vn -0.5212 -0.8457 -0.1151
vn -0.5155 -0.8482 -0.1217
vn -0.5212 -0.8455 -0.1162
vn -0.5247 -0.8445 -0.1074
vn -0.2495 -0.9623 0.1087
vn -0.2565 -0.9593 0.1179
vn -0.2557 -0.9596 0.1170
vn -0.2494 -0.9622 0.1094
vn -0.5109 -0.8507 -0.1231
vn -0.5106 -0.8509 -0.1238
vn -0.2583 -0.9583 0.1221
vn -0.2610 -0.9571 0.1257
vn -0.7489 -0.5770 -0.3258
vn -0.7489 -0.5771 -0.3258
vn -0.5263 -0.8440 -0.1027
vn -0.5256 -0.8446 -0.1025
vn -0.2390 -0.9656 0.1029
vn -0.2399 -0.9652 0.1040
vn 0.1022 -0.9399 0.3258
vn 0.0867 -0.9334 0.3482
vn 0.0869 -0.9334 0.3481
vn 0.0867 -0.9334 0.3483
vn 0.0866 -0.9334 0.3484
vn 0.0707 -0.9265 0.3696
vn 0.0708 -0.9265 0.3696
vn 0.0536 -0.9192 0.3900
vn 0.0536 -0.9192 0.3901
vn 0.0535 -0.9193 0.3899
vn -0.7004 -0.5977 -0.3902
vn -0.7175 -0.5904 -0.3696
vn -0.7337 -0.5835 -0.3481
vn -0.5377 -0.8392 -0.0821
vn -0.5339 -0.8405 -0.0924
vn -0.5375 -0.8390 -0.0844
vn -0.5399 -0.8383 -0.0761
vn -0.2275 -0.9705 0.0803
vn -0.2358 -0.9680 0.0854
vn -0.2355 -0.9682 0.0844
vn -0.2285 -0.9702 0.0802
vn -0.5338 -0.8401 -0.0965
vn -0.5346 -0.8395 -0.0971
vn -0.2411 -0.9656 0.0979
vn -0.2416 -0.9655 0.0974
vn -0.7992 -0.5556 -0.2293
vn -0.5420 -0.8374 -0.0705
vn -0.5419 -0.8375 -0.0706
vn -0.2301 -0.9706 0.0702
vn -0.2295 -0.9707 0.0709
vn 0.1525 -0.9613 0.2293
vn 0.1414 -0.9567 0.2544
vn 0.1415 -0.9567 0.2544
vn 0.1295 -0.9516 0.2789
vn 0.1164 -0.9459 0.3027
vn 0.1164 -0.9460 0.3026
vn 0.1164 -0.9460 0.3027
vn -0.7631 -0.5710 -0.3027
vn -0.7630 -0.5711 -0.3027
vn -0.7763 -0.5653 -0.2789
vn -0.7763 -0.5654 -0.2789
vn -0.7883 -0.5602 -0.2544
vn -0.5507 -0.8332 -0.0497
vn -0.5476 -0.8349 -0.0553
vn -0.5485 -0.8346 -0.0516
vn -0.5536 -0.8317 -0.0413
vn -0.2215 -0.9741 0.0453
vn -0.2237 -0.9730 0.0566
vn -0.2245 -0.9729 0.0548
vn -0.2210 -0.9742 0.0452
vn -0.5451 -0.8360 -0.0622
vn -0.5452 -0.8360 -0.0621
vn -0.2265 -0.9721 0.0609
vn -0.2266 -0.9721 0.0612
vn -0.8313 -0.5418 -0.1239
vn -0.8313 -0.5419 -0.1240
vn -0.8312 -0.5419 -0.1240
vn -0.5518 -0.8333 -0.0350
vn -0.5516 -0.8334 -0.0342
vn -0.2181 -0.9754 0.0326
vn -0.2174 -0.9755 0.0331
vn 0.1845 -0.9750 0.1240
vn 0.1783 -0.9723 0.1509
vn 0.1708 -0.9692 0.1774
vn 0.1708 -0.9692 0.1773
vn 0.1708 -0.9692 0.1775
vn 0.1622 -0.9655 0.2037
vn 0.1622 -0.9655 0.2038
vn 0.1622 -0.9655 0.2036
vn -0.8090 -0.5514 -0.2036
vn -0.8176 -0.5477 -0.1775
vn -0.8176 -0.5478 -0.1775
vn -0.8250 -0.5446 -0.1509
vn -0.5580 -0.8298 -0.0117
vn -0.5570 -0.8302 -0.0212
vn -0.5577 -0.8299 -0.0163
vn -0.5579 -0.8299 -0.0064
vn -0.2111 -0.9774 0.0112
vn -0.2134 -0.9768 0.0208
vn -0.2128 -0.9769 0.0203
vn -0.5541 -0.8321 -0.0235
vn -0.5513 -0.8339 -0.0258
vn -0.2136 -0.9765 0.0281
vn -0.2140 -0.9764 0.0279
vn -0.8437 -0.5366 -0.0139
vn -0.5589 -0.8292 -0.0000
vn -0.2101 -0.9777 0.0004
vn -0.2100 -0.9777 0.0002
vn 0.1970 -0.9803 0.0139
vn 0.1957 -0.9798 0.0416
vn 0.1932 -0.9787 0.0692
vn 0.1894 -0.9771 0.0968
vn 0.1895 -0.9771 0.0967
vn -0.8362 -0.5398 -0.0967
vn -0.8400 -0.5382 -0.0692
vn -0.8425 -0.5371 -0.0416
vn -0.5562 -0.8307 0.0231
vn -0.5574 -0.8301 0.0158
vn -0.5573 -0.8301 0.0209
vn -0.5537 -0.8321 0.0312
vn -0.2136 -0.9765 -0.0281
vn -0.2133 -0.9768 -0.0208
vn -0.2127 -0.9769 -0.0203
vn -0.2140 -0.9764 -0.0279
vn -0.5586 -0.8294 0.0091
vn -0.5586 -0.8294 0.0090
vn -0.2111 -0.9774 -0.0112
vn -0.2108 -0.9775 -0.0110
vn -0.8362 -0.5398 0.0967
vn -0.5518 -0.8333 0.0350
vn -0.5517 -0.8334 0.0343
vn -0.2186 -0.9753 -0.0328
vn -0.2179 -0.9754 -0.0331
vn 0.1895 -0.9771 -0.0967
vn 0.1932 -0.9787 -0.0692
vn 0.1957 -0.9798 -0.0416
vn 0.1970 -0.9803 -0.0139
vn -0.8437 -0.5366 0.0139
vn -0.8437 -0.5366 0.0138
vn -0.8425 -0.5371 0.0416
vn -0.8400 -0.5382 0.0692
vn -0.5460 -0.8356 0.0603
vn -0.5483 -0.8347 0.0519
vn -0.5477 -0.8348 0.0558
vn -0.5448 -0.8361 0.0641
vn -0.2265 -0.9721 -0.0609
vn -0.2238 -0.9730 -0.0565
vn -0.2245 -0.9729 -0.0549
vn -0.2266 -0.9721 -0.0612
vn -0.5537 -0.8316 0.0433
vn -0.5503 -0.8339 0.0421
vn -0.2216 -0.9741 -0.0454
vn -0.2211 -0.9742 -0.0452
vn -0.8090 -0.5514 0.2036
vn -0.5420 -0.8374 0.0705
vn -0.5419 -0.8375 0.0706
vn -0.2301 -0.9706 -0.0700
vn -0.2295 -0.9707 -0.0708
vn 0.1622 -0.9655 -0.2038
vn 0.1622 -0.9655 -0.2037
vn 0.1622 -0.9655 -0.2036
vn 0.1709 -0.9692 -0.1775
vn 0.1708 -0.9692 -0.1775
vn 0.1783 -0.9723 -0.1509
vn 0.1845 -0.9750 -0.1240
vn -0.8312 -0.5419 0.1240
vn -0.8251 -0.5446 0.1508
vn -0.8252 -0.5444 0.1507
vn -0.8250 -0.5446 0.1508
vn -0.8250 -0.5446 0.1509
vn -0.8176 -0.5477 0.1775
vn -0.5345 -0.8399 0.0940
vn -0.5370 -0.8394 0.0838
vn -0.5343 -0.8403 0.0924
vn -0.5331 -0.8403 0.0985
vn -0.2411 -0.9656 -0.0979
vn -0.2358 -0.9680 -0.0854
vn -0.2353 -0.9683 -0.0842
vn -0.2416 -0.9655 -0.0976
vn -0.5379 -0.8393 0.0790
vn -0.5380 -0.8393 0.0787
vn -0.2278 -0.9704 -0.0803
vn -0.2288 -0.9702 -0.0802
vn -0.7632 -0.5709 0.3027
vn -0.7631 -0.5709 0.3027
vn -0.7631 -0.5710 0.3027
vn -0.5263 -0.8440 0.1027
vn -0.5256 -0.8446 0.1025
vn -0.2390 -0.9656 -0.1029
vn -0.2399 -0.9652 -0.1040
vn 0.1164 -0.9460 -0.3026
vn 0.1164 -0.9459 -0.3027
vn 0.1164 -0.9460 -0.3027
vn 0.1295 -0.9516 -0.2789
vn 0.1415 -0.9567 -0.2544
vn 0.1525 -0.9613 -0.2293
vn -0.7992 -0.5556 0.2293
vn -0.7883 -0.5602 0.2544
vn -0.7763 -0.5653 0.2789
vn -0.7763 -0.5654 0.2788
vn -0.7763 -0.5654 0.2789
vn -0.5124 -0.8501 0.1219
vn -0.5204 -0.8460 0.1162
vn -0.5173 -0.8470 0.1225
vn -0.5101 -0.8508 0.1259
vn -0.2603 -0.9576 -0.1234
vn -0.2566 -0.9593 -0.1179
vn -0.2558 -0.9596 -0.1168
vn -0.2605 -0.9575 -0.1238
vn -0.5261 -0.8430 0.1124
vn -0.5243 -0.8448 0.1074
vn -0.2494 -0.9623 -0.1087
vn -0.2494 -0.9622 -0.1094
vn -0.7004 -0.5977 0.3901
vn -0.5058 -0.8526 0.1309
vn -0.5058 -0.8527 0.1308
vn -0.2658 -0.9551 -0.1307
vn -0.2656 -0.9552 -0.1308
vn 0.0535 -0.9192 -0.3901
vn 0.0536 -0.9192 -0.3901
vn 0.0707 -0.9265 -0.3697
vn 0.0706 -0.9264 -0.3698
vn 0.0706 -0.9265 -0.3697
vn 0.0869 -0.9334 -0.3481
vn 0.1022 -0.9399 -0.3258
vn -0.7489 -0.5770 0.3258
vn -0.7338 -0.5835 0.3481
vn -0.7337 -0.5835 0.3481
vn -0.7175 -0.5904 0.3696
vn -0.4900 -0.8589 0.1488
vn -0.4941 -0.8578 0.1417
vn -0.4912 -0.8590 0.1446
vn -0.4874 -0.8598 0.1521
vn -0.2820 -0.9474 -0.1517
vn -0.2782 -0.9500 -0.1417
vn -0.2764 -0.9507 -0.1406
vn -0.2824 -0.9474 -0.1508
vn -0.4995 -0.8554 0.1370
vn -0.4996 -0.8554 0.1369
vn -0.2724 -0.9526 -0.1355
vn -0.2706 -0.9533 -0.1340
vn -0.6231 -0.6307 0.4626
vn -0.4794 -0.8642 0.1529
vn -0.4798 -0.8642 0.1517
vn -0.2924 -0.9441 -0.1522
vn -0.2912 -0.9444 -0.1525
vn -0.0237 -0.8862 -0.4627
vn -0.0237 -0.8862 -0.4628
vn -0.0237 -0.8863 -0.4626
vn -0.0031 -0.8950 -0.4461
vn 0.0166 -0.9034 -0.4285
vn 0.0355 -0.9115 -0.4098
vn -0.6823 -0.6054 0.4098
vn -0.6635 -0.6133 0.4285
vn -0.6636 -0.6134 0.4282
vn -0.6635 -0.6133 0.4284
vn -0.6634 -0.6133 0.4286
vn -0.6436 -0.6219 0.4461
vn -0.4611 -0.8712 0.1682
vn -0.4699 -0.8672 0.1649
vn -0.4640 -0.8700 0.1671
vn -0.4580 -0.8724 0.1709
vn -0.3118 -0.9349 -0.1698
vn -0.3041 -0.9380 -0.1663
vn -0.3034 -0.9382 -0.1663
vn -0.3118 -0.9349 -0.1695
vn -0.4705 -0.8680 0.1591
vn -0.4709 -0.8680 0.1578
vn -0.2975 -0.9418 -0.1566
vn -0.2974 -0.9417 -0.1572
vn -0.5343 -0.6685 0.5173
vn -0.4500 -0.8768 0.1698
vn -0.4504 -0.8768 0.1686
vn -0.3182 -0.9318 -0.1747
vn -0.3164 -0.9331 -0.1710
vn -0.1124 -0.8484 -0.5172
vn -0.1124 -0.8484 -0.5173
vn -0.0893 -0.8583 -0.5054
vn -0.0893 -0.8582 -0.5054
vn -0.0894 -0.8583 -0.5054
vn -0.0899 -0.8584 -0.5050
vn -0.0668 -0.8679 -0.4923
vn -0.0668 -0.8680 -0.4921
vn -0.0668 -0.8679 -0.4922
vn -0.0668 -0.8682 -0.4917
vn -0.0449 -0.8772 -0.4781
vn -0.0448 -0.8772 -0.4780
vn -0.6017 -0.6397 0.4782
vn -0.6018 -0.6397 0.4781
vn -0.5799 -0.6492 0.4923
vn -0.5799 -0.6491 0.4924
vn -0.5799 -0.6492 0.4922
vn -0.5574 -0.6587 0.5054
vn -0.4288 -0.8856 0.1781
vn -0.4373 -0.8814 0.1785
vn -0.4342 -0.8826 0.1803
vn -0.4248 -0.8872 0.1800
vn -0.3473 -0.9206 -0.1787
vn -0.3353 -0.9248 -0.1799
vn -0.3356 -0.9246 -0.1804
vn -0.3468 -0.9205 -0.1799
vn -0.4405 -0.8804 0.1757
vn -0.4403 -0.8803 0.1769
vn -0.3252 -0.9290 -0.1768
vn -0.3249 -0.9292 -0.1758
vn -0.4374 -0.7098 0.5521
vn -0.4185 -0.8900 0.1811
vn -0.4184 -0.8901 0.1810
vn -0.3516 -0.9186 -0.1807
vn -0.3516 -0.9185 -0.1809
vn -0.2093 -0.8071 -0.5521
vn -0.1845 -0.8177 -0.5453
vn -0.1846 -0.8176 -0.5454
vn -0.1600 -0.8281 -0.5373
vn -0.1601 -0.8281 -0.5373
vn -0.1600 -0.8281 -0.5372
vn -0.1596 -0.8281 -0.5374
vn -0.1361 -0.8383 -0.5279
vn -0.1361 -0.8384 -0.5278
vn -0.5107 -0.6786 0.5279
vn -0.5108 -0.6785 0.5279
vn -0.4866 -0.6888 0.5373
vn -0.4866 -0.6888 0.5374
vn -0.4866 -0.6887 0.5375
vn -0.4867 -0.6889 0.5372
vn -0.4622 -0.6992 0.5454
vn -0.4622 -0.6993 0.5453
vn -0.3966 -0.8995 0.1835
vn -0.4038 -0.8962 0.1835
vn -0.4001 -0.8978 0.1840
vn -0.3904 -0.9019 0.1847
vn -0.3736 -0.9087 -0.1863
vn -0.3704 -0.9106 -0.1834
vn -0.3705 -0.9106 -0.1831
vn -0.3747 -0.9079 -0.1881
vn -0.4106 -0.8935 0.1818
vn -0.4106 -0.8935 0.1821
vn -0.3611 -0.9146 -0.1820
vn -0.3609 -0.9147 -0.1820
vn -0.3361 -0.7530 0.5657
vn -0.3362 -0.7529 0.5657
vn -0.3861 -0.9041 0.1834
vn -0.3859 -0.9042 0.1828
vn -0.3841 -0.9049 -0.1833
vn -0.3845 -0.9047 -0.1837
vn -0.3106 -0.7639 -0.5657
vn -0.2851 -0.7748 -0.5643
vn -0.2597 -0.7856 -0.5616
vn -0.2344 -0.7964 -0.5575
vn -0.2343 -0.7964 -0.5575
vn -0.4123 -0.7205 0.5575
vn -0.3872 -0.7313 0.5615
vn -0.3871 -0.7313 0.5616
vn -0.3872 -0.7313 0.5616
vn -0.3872 -0.7312 0.5616
vn -0.3618 -0.7421 0.5643
vn -0.3617 -0.7421 0.5643
vn -0.3623 -0.9134 0.1857
vn -0.3706 -0.9098 0.1870
vn -0.3666 -0.9114 0.1869
vn -0.3577 -0.9151 0.1861
vn -0.4108 -0.8935 -0.1815
vn -0.4018 -0.8964 -0.1874
vn -0.4013 -0.8964 -0.1882
vn -0.4113 -0.8932 -0.1820
vn -0.3759 -0.9071 0.1893
vn -0.3774 -0.9065 0.1894
vn -0.3961 -0.8999 -0.1825
vn -0.3927 -0.9013 -0.1827
vn -0.3522 -0.9183 0.1807
vn -0.3526 -0.9183 0.1799
vn -0.4191 -0.8898 -0.1808
vn -0.4190 -0.8898 -0.1811
vn -0.4124 -0.7205 -0.5575
vn -0.4123 -0.7205 -0.5576
vn -0.3363 -0.7530 -0.5657
vn -0.3308 -0.9270 0.1769
vn -0.3384 -0.9243 0.1763
vn -0.3331 -0.9263 0.1759
vn -0.3240 -0.9293 0.1773
vn -0.4412 -0.8807 -0.1725
vn -0.4328 -0.8841 -0.1760
vn -0.4326 -0.8842 -0.1763
vn -0.4408 -0.8809 -0.1722
vn -0.3418 -0.9228 0.1779
vn -0.3437 -0.9222 0.1776
vn -0.4269 -0.8867 -0.1777
vn -0.4260 -0.8871 -0.1775
vn -0.3162 -0.9331 0.1713
vn -0.3160 -0.9332 0.1710
vn -0.4500 -0.8768 -0.1694
vn -0.4500 -0.8768 -0.1697
vn -0.4866 -0.6889 -0.5373
vn -0.4867 -0.6888 -0.5373
vn -0.4374 -0.7098 -0.5521
vn -0.1845 -0.8176 0.5453
vn -0.3000 -0.9406 0.1592
vn -0.3077 -0.9372 0.1639
vn -0.3035 -0.9391 0.1614
vn -0.2964 -0.9421 0.1569
vn -0.4767 -0.8642 -0.1611
vn -0.4677 -0.8691 -0.1611
vn -0.4680 -0.8689 -0.1611
vn -0.4758 -0.8644 -0.1626
vn -0.3139 -0.9349 0.1655
vn -0.3134 -0.9352 0.1652
vn -0.4584 -0.8733 -0.1651
vn -0.4580 -0.8735 -0.1650
vn -0.0450 -0.8771 0.4781
vn -0.2915 -0.9444 0.1520
vn -0.2914 -0.9444 0.1523
vn -0.4799 -0.8630 -0.1580
vn -0.4803 -0.8628 -0.1576
vn -0.5801 -0.6490 -0.4922
vn -0.5800 -0.6491 -0.4923
vn -0.5800 -0.6491 -0.4922
vn -0.0894 -0.8582 0.5054
vn -0.0894 -0.8582 0.5055
vn -0.2729 -0.9517 0.1410
vn -0.2779 -0.9494 0.1464
vn -0.2748 -0.9506 0.1446
vn -0.2691 -0.9537 0.1346
vn -0.4992 -0.8558 -0.1357
vn -0.4956 -0.8563 -0.1456
vn -0.4966 -0.8557 -0.1452
vn -0.5002 -0.8553 -0.1354
vn -0.2840 -0.9475 0.1473
vn -0.2841 -0.9475 0.1464
vn -0.4845 -0.8616 -0.1515
vn -0.4848 -0.8619 -0.1487
vn 0.0355 -0.9115 0.4099
vn -0.2652 -0.9553 0.1306
vn -0.2653 -0.9554 0.1300
vn -0.5054 -0.8529 -0.1305
vn -0.5058 -0.8527 -0.1308
vn -0.6435 -0.6220 -0.4460
vn -0.6230 -0.6307 -0.4626
vn -0.0237 -0.8863 0.4626
vn -0.0237 -0.8863 0.4625
vn 0.0166 -0.9034 0.4285
vn -0.2480 -0.9619 0.1147
vn -0.2553 -0.9591 0.1222
vn -0.2505 -0.9613 0.1149
vn -0.2444 -0.9635 0.1094
vn -0.5210 -0.8465 -0.1095
vn -0.5183 -0.8466 -0.1207
vn -0.5189 -0.8462 -0.1210
vn -0.5215 -0.8462 -0.1096
vn -0.2565 -0.9584 0.1256
vn -0.2552 -0.9588 0.1247
vn -0.5137 -0.8484 -0.1277
vn -0.5129 -0.8490 -0.1268
vn 0.1024 -0.9399 0.3259
vn -0.2423 -0.9650 0.0999
vn -0.2428 -0.9650 0.0994
vn -0.5264 -0.8442 -0.1012
vn -0.5267 -0.8440 -0.1011
vn 0.0536 -0.9192 0.3902
vn -0.2333 -0.9691 0.0798
vn -0.2344 -0.9679 0.0906
vn -0.2318 -0.9688 0.0874
vn -0.2303 -0.9701 0.0765
vn -0.5434 -0.8358 -0.0785
vn -0.5374 -0.8386 -0.0885
vn -0.5379 -0.8383 -0.0889
vn -0.5386 -0.8390 -0.0774
vn -0.2409 -0.9660 0.0944
vn -0.2419 -0.9655 0.0963
vn -0.5354 -0.8390 -0.0969
vn -0.5299 -0.8424 -0.0984
vn 0.1525 -0.9613 0.2294
vn 0.1526 -0.9613 0.2293
vn -0.2258 -0.9715 0.0725
vn -0.2257 -0.9714 0.0737
vn -0.5465 -0.8345 -0.0707
vn -0.5455 -0.8350 -0.0719
vn -0.7991 -0.5557 -0.2293
vn -0.7993 -0.5555 -0.2292
vn -0.7763 -0.5653 -0.2790
vn 0.1296 -0.9515 0.2789
vn 0.1295 -0.9515 0.2789
vn -0.2163 -0.9752 0.0475
vn -0.2251 -0.9728 0.0541
vn -0.2206 -0.9741 0.0503
vn -0.2178 -0.9751 0.0420
vn -0.5492 -0.8344 -0.0458
vn -0.5479 -0.8348 -0.0539
vn -0.5477 -0.8349 -0.0540
vn -0.5497 -0.8341 -0.0460
vn -0.2263 -0.9720 0.0638
vn -0.2262 -0.9719 0.0651
vn -0.5451 -0.8361 -0.0615
vn -0.5455 -0.8358 -0.0616
vn 0.1844 -0.9750 0.1239
vn -0.2196 -0.9748 0.0390
vn -0.2159 -0.9756 0.0397
vn -0.5559 -0.8304 -0.0365
vn -0.5552 -0.8309 -0.0365
vn -0.8090 -0.5514 -0.2037
vn 0.1623 -0.9655 0.2036
vn 0.1623 -0.9655 0.2037
vn 0.1709 -0.9692 0.1775
vn -0.2137 -0.9768 0.0135
vn -0.2133 -0.9767 0.0217
vn -0.2134 -0.9769 0.0146
vn -0.2137 -0.9769 0.0045
vn -0.5544 -0.8322 -0.0096
vn -0.5576 -0.8299 -0.0191
vn -0.5583 -0.8294 -0.0196
vn -0.5547 -0.8320 -0.0090
vn -0.2140 -0.9764 0.0280
vn -0.2137 -0.9765 0.0284
vn -0.5575 -0.8298 -0.0260
vn -0.5542 -0.8320 -0.0235
vn -0.2144 -0.9767 -0.0000
vn -0.2102 -0.9777 -0.0000
vn -0.5549 -0.8319 -0.0000
vn -0.8437 -0.5367 -0.0139
vn -0.8438 -0.5366 -0.0139
vn -0.8436 -0.5367 -0.0139
vn -0.8363 -0.5397 -0.0965
vn -0.8363 -0.5397 -0.0966
vn -0.8364 -0.5395 -0.0963
vn 0.1932 -0.9787 0.0693
vn -0.2139 -0.9765 -0.0254
vn -0.2127 -0.9770 -0.0146
vn -0.2134 -0.9767 -0.0217
vn -0.2147 -0.9762 -0.0300
vn -0.5576 -0.8297 0.0263
vn -0.5576 -0.8299 0.0190
vn -0.5583 -0.8294 0.0195
vn -0.5550 -0.8315 0.0234
vn -0.2109 -0.9774 -0.0110
vn -0.2105 -0.9776 -0.0099
vn -0.5544 -0.8322 0.0096
vn -0.5547 -0.8320 0.0090
vn 0.1895 -0.9771 -0.0966
vn -0.2196 -0.9748 -0.0390
vn -0.2158 -0.9756 -0.0396
vn -0.5558 -0.8305 0.0367
vn -0.5551 -0.8310 0.0364
vn -0.8362 -0.5398 0.0968
vn -0.8437 -0.5367 0.0139
vn 0.1957 -0.9798 -0.0417
vn 0.1932 -0.9787 -0.0693
vn -0.2264 -0.9721 -0.0614
vn -0.2206 -0.9741 -0.0505
vn -0.2253 -0.9727 -0.0558
vn -0.2257 -0.9720 -0.0658
vn -0.5451 -0.8361 0.0615
vn -0.5479 -0.8348 0.0539
vn -0.5478 -0.8349 0.0540
vn -0.5455 -0.8358 0.0616
vn -0.2171 -0.9752 -0.0437
vn -0.2174 -0.9751 -0.0431
vn -0.5493 -0.8344 0.0457
vn -0.5497 -0.8341 0.0459
vn 0.1623 -0.9655 -0.2036
vn 0.1622 -0.9655 -0.2035
vn -0.2257 -0.9715 -0.0726
vn -0.2258 -0.9714 -0.0736
vn -0.5466 -0.8344 0.0707
vn -0.5455 -0.8350 0.0718
vn -0.8090 -0.5514 0.2037
vn -0.8176 -0.5478 0.1775
vn -0.8312 -0.5419 0.1242
vn 0.1844 -0.9750 -0.1240
vn -0.2406 -0.9662 -0.0927
vn -0.2321 -0.9689 -0.0860
vn -0.2331 -0.9683 -0.0899
vn -0.2407 -0.9657 -0.0979
vn -0.5354 -0.8390 0.0969
vn -0.5374 -0.8386 0.0885
vn -0.5379 -0.8383 0.0889
vn -0.5298 -0.8424 0.0984
vn -0.2326 -0.9694 -0.0787
vn -0.2343 -0.9690 -0.0783
vn -0.5425 -0.8366 0.0764
vn -0.5387 -0.8389 0.0777
vn -0.2423 -0.9650 -0.0999
vn -0.2428 -0.9650 -0.0994
vn -0.5264 -0.8442 0.1012
vn -0.5267 -0.8440 0.1011
vn -0.7631 -0.5711 0.3027
vn -0.7630 -0.5712 0.3027
vn -0.7762 -0.5654 0.2789
vn -0.7993 -0.5555 0.2294
vn -0.7992 -0.5556 0.2292
vn 0.1524 -0.9613 -0.2294
vn 0.1525 -0.9613 -0.2294
vn 0.1414 -0.9567 -0.2544
vn 0.1295 -0.9516 -0.2788
vn 0.1295 -0.9516 -0.2787
vn 0.1296 -0.9515 -0.2789
vn 0.1295 -0.9515 -0.2789
vn -0.2560 -0.9587 -0.1236
vn -0.2543 -0.9603 -0.1144
vn -0.2555 -0.9592 -0.1208
vn -0.2574 -0.9579 -0.1272
vn -0.5126 -0.8489 0.1286
vn -0.5183 -0.8466 0.1208
vn -0.5187 -0.8463 0.1213
vn -0.5127 -0.8491 0.1272
vn -0.2451 -0.9630 -0.1120
vn -0.2443 -0.9632 -0.1117
vn -0.5210 -0.8465 0.1096
vn -0.5215 -0.8462 0.1096
vn 0.0537 -0.9192 -0.3901
vn 0.0538 -0.9193 -0.3899
vn -0.2653 -0.9553 -0.1305
vn -0.2653 -0.9554 -0.1296
vn -0.5054 -0.8529 0.1305
vn -0.7004 -0.5977 0.3902
vn 0.0708 -0.9265 -0.3696
vn -0.2810 -0.9485 -0.1461
vn -0.2741 -0.9509 -0.1438
vn -0.2772 -0.9496 -0.1466
vn -0.2866 -0.9462 -0.1503
vn -0.4843 -0.8621 0.1491
vn -0.4953 -0.8565 0.1452
vn -0.4961 -0.8560 0.1454
vn -0.4856 -0.8616 0.1481
vn -0.2731 -0.9518 -0.1392
vn -0.2741 -0.9518 -0.1375
vn -0.4995 -0.8557 0.1349
vn -0.5011 -0.8548 0.1352
vn -0.0237 -0.8862 -0.4626
vn -0.2915 -0.9444 -0.1520
vn -0.2912 -0.9445 -0.1521
vn -0.4795 -0.8631 0.1581
vn -0.4803 -0.8628 0.1577
vn -0.6633 -0.6135 0.4285
vn -0.6823 -0.6054 0.4097
vn 0.0354 -0.9115 -0.4098
vn -0.3089 -0.9365 -0.1660
vn -0.3034 -0.9392 -0.1609
vn -0.3084 -0.9370 -0.1642
vn -0.3165 -0.9332 -0.1702
vn -0.4584 -0.8732 0.1657
vn -0.4663 -0.8698 0.1614
vn -0.4662 -0.8699 0.1612
vn -0.4583 -0.8732 0.1657
vn -0.2986 -0.9412 -0.1579
vn -0.2988 -0.9412 -0.1577
vn -0.4742 -0.8650 0.1639
vn -0.4715 -0.8666 0.1633
vn -0.3162 -0.9331 -0.1713
vn -0.3160 -0.9329 -0.1725
vn -0.4501 -0.8768 0.1694
vn -0.4500 -0.8768 0.1697
vn -0.5574 -0.6588 0.5053
vn -0.5799 -0.6491 0.4923
vn -0.5801 -0.6490 0.4923
vn -0.0449 -0.8771 -0.4782
vn -0.0670 -0.8678 -0.4924
vn -0.0668 -0.8678 -0.4924
vn -0.0671 -0.8677 -0.4925
vn -0.0893 -0.8582 -0.5055
vn -0.3407 -0.9230 -0.1790
vn -0.3335 -0.9263 -0.1754
vn -0.3390 -0.9239 -0.1774
vn -0.3470 -0.9207 -0.1786
vn -0.4268 -0.8867 0.1777
vn -0.4328 -0.8842 0.1759
vn -0.4326 -0.8842 0.1762
vn -0.4259 -0.8872 0.1776
vn -0.3274 -0.9278 -0.1787
vn -0.3302 -0.9270 -0.1779
vn -0.4411 -0.8807 0.1726
vn -0.4404 -0.8810 0.1727
vn -0.3524 -0.9182 -0.1807
vn -0.3530 -0.9181 -0.1800
vn -0.4189 -0.8899 0.1808
vn -0.4189 -0.8898 0.1811
vn -0.4867 -0.6888 0.5373
vn -0.4866 -0.6889 0.5373
vn -0.1601 -0.8281 -0.5372
vn -0.3785 -0.9062 -0.1886
vn -0.3663 -0.9116 -0.1866
vn -0.3704 -0.9098 -0.1872
vn -0.3788 -0.9062 -0.1879
vn -0.3977 -0.8986 0.1855
vn -0.4020 -0.8963 0.1874
vn -0.4019 -0.8961 0.1883
vn -0.3903 -0.9020 0.1846
vn -0.3606 -0.9140 -0.1861
vn -0.3605 -0.9139 -0.1868
vn -0.4108 -0.8935 0.1814
vn -0.4113 -0.8932 0.1820
vn -0.3105 -0.7639 -0.5657
vn -0.3362 -0.7530 0.5657
vn -0.3362 -0.7530 0.5656
vn -0.3360 -0.7530 0.5657
vn -0.3870 -0.7313 0.5616
vn -0.2345 -0.7965 -0.5574
vn -0.2345 -0.7964 -0.5574
vn -0.2347 -0.7964 -0.5573
vn -0.2597 -0.7856 -0.5615
vn -0.2851 -0.7747 -0.5644
vn -0.2850 -0.7747 -0.5644
vn -0.2850 -0.7748 -0.5644
vn 0.3355 0.9246 -0.1806
vn 0.3381 0.9238 -0.1797
vn 0.3297 0.9279 -0.1743
vn 0.3262 0.9293 -0.1735
vn 0.3401 0.9231 -0.1796
vn 0.3482 0.9201 -0.1794
vn 0.4330 0.8841 0.1756
vn 0.4325 0.8840 0.1774
vn 0.4427 0.8797 0.1736
vn 0.4427 0.8796 0.1741
vn 0.4255 0.8863 0.1825
vn 0.4290 0.8849 0.1815
vn 0.1361 0.8383 -0.5279
vn 0.1361 0.8383 -0.5280
vn 0.1601 0.8281 -0.5373
vn 0.1845 0.8177 -0.5453
vn 0.1844 0.8177 -0.5454
vn 0.2093 0.8071 -0.5521
vn 0.2093 0.8070 -0.5522
vn 0.4374 0.7098 0.5521
vn 0.4622 0.6993 0.5453
vn 0.4866 0.6888 0.5373
vn 0.5107 0.6786 0.5279
vn 0.5106 0.6787 0.5279
vn 0.4545 0.8742 0.1710
vn 0.4471 0.8777 0.1725
vn 0.3202 0.9308 -0.1761
vn 0.3222 0.9306 -0.1738
vn 0.3024 0.9389 -0.1645
vn 0.3056 0.9376 -0.1661
vn 0.2983 0.9406 -0.1621
vn 0.2947 0.9421 -0.1601
vn 0.3113 0.9350 -0.1697
vn 0.3114 0.9351 -0.1694
vn 0.4667 0.8686 0.1665
vn 0.4665 0.8689 0.1658
vn 0.4703 0.8680 0.1593
vn 0.4749 0.8659 0.1570
vn 0.4554 0.8738 0.1706
vn 0.4622 0.8707 0.1682
vn 0.0449 0.8772 -0.4781
vn 0.0669 0.8679 -0.4923
vn 0.0669 0.8678 -0.4923
vn 0.0668 0.8679 -0.4923
vn 0.0893 0.8582 -0.5055
vn 0.0893 0.8583 -0.5054
vn 0.1124 0.8484 -0.5173
vn 0.1125 0.8484 -0.5173
vn 0.5343 0.6685 0.5173
vn 0.5574 0.6587 0.5054
vn 0.5800 0.6491 0.4922
vn 0.5799 0.6491 0.4923
vn 0.6018 0.6397 0.4781
vn 0.6018 0.6398 0.4780
vn 0.4802 0.8640 0.1514
vn 0.4789 0.8645 0.1526
vn 0.2888 0.9445 -0.1564
vn 0.2887 0.9445 -0.1565
vn 0.2752 0.9510 -0.1412
vn 0.2803 0.9492 -0.1428
vn 0.2736 0.9522 -0.1356
vn 0.2740 0.9519 -0.1375
vn 0.2819 0.9475 -0.1511
vn 0.2824 0.9474 -0.1509
vn 0.4950 0.8565 0.1463
vn 0.4949 0.8564 0.1473
vn 0.5014 0.8539 0.1394
vn 0.5012 0.8541 0.1392
vn 0.4871 0.8600 0.1522
vn 0.4898 0.8590 0.1490
vn -0.0355 0.9115 -0.4097
vn -0.0355 0.9115 -0.4098
vn -0.0165 0.9034 -0.4285
vn -0.0166 0.9034 -0.4285
vn -0.0164 0.9034 -0.4285
vn 0.0031 0.8950 -0.4461
vn 0.0032 0.8950 -0.4461
vn 0.0030 0.8950 -0.4461
vn 0.0237 0.8863 -0.4626
vn 0.0237 0.8863 -0.4625
vn 0.0237 0.8862 -0.4626
vn 0.6231 0.6307 0.4626
vn 0.6436 0.6219 0.4461
vn 0.6633 0.6134 0.4286
vn 0.6634 0.6135 0.4285
vn 0.6634 0.6135 0.4284
vn 0.6823 0.6054 0.4099
vn 0.6823 0.6054 0.4098
vn 0.6822 0.6054 0.4100
vn 0.5094 0.8505 0.1312
vn 0.5060 0.8519 0.1346
vn 0.2610 0.9566 -0.1296
vn 0.2640 0.9549 -0.1355
vn 0.2535 0.9607 -0.1133
vn 0.2553 0.9593 -0.1209
vn 0.2500 0.9621 -0.1089
vn 0.2496 0.9621 -0.1096
vn 0.2614 0.9572 -0.1241
vn 0.2606 0.9575 -0.1240
vn 0.5186 0.8473 0.1144
vn 0.5181 0.8476 0.1146
vn 0.5208 0.8459 0.1154
vn 0.5256 0.8438 0.1080
vn 0.5100 0.8505 0.1287
vn 0.5153 0.8484 0.1213
vn -0.1022 0.9399 -0.3258
vn -0.0869 0.9334 -0.3481
vn -0.0708 0.9265 -0.3696
vn -0.0708 0.9265 -0.3695
vn -0.0536 0.9192 -0.3901
vn 0.7004 0.5977 0.3902
vn 0.7175 0.5904 0.3696
vn 0.7337 0.5835 0.3482
vn 0.7337 0.5835 0.3481
vn 0.7489 0.5770 0.3258
vn 0.5296 0.8416 0.1062
vn 0.5298 0.8416 0.1049
vn 0.2397 0.9656 -0.1012
vn 0.2444 0.9637 -0.1074
vn 0.2345 0.9684 -0.0845
vn 0.2374 0.9673 -0.0891
vn 0.2327 0.9695 -0.0777
vn 0.2326 0.9695 -0.0772
vn 0.2423 0.9655 -0.0957
vn 0.2416 0.9655 -0.0975
vn 0.5342 0.8411 0.0854
vn 0.5358 0.8402 0.0835
vn 0.5375 0.8393 0.0812
vn 0.5402 0.8381 0.0759
vn 0.5296 0.8426 0.0976
vn 0.5318 0.8418 0.0924
vn -0.1524 0.9613 -0.2293
vn -0.1524 0.9614 -0.2291
vn -0.1524 0.9614 -0.2293
vn -0.1414 0.9567 -0.2544
vn -0.1415 0.9567 -0.2544
vn -0.1420 0.9566 -0.2546
vn -0.1295 0.9515 -0.2789
vn -0.1295 0.9516 -0.2789
vn -0.1164 0.9460 -0.3027
vn -0.1164 0.9459 -0.3027
vn 0.7631 0.5710 0.3028
vn 0.7631 0.5710 0.3027
vn 0.7632 0.5709 0.3028
vn 0.7632 0.5707 0.3029
vn 0.7763 0.5654 0.2789
vn 0.7762 0.5654 0.2789
vn 0.7883 0.5602 0.2544
vn 0.7992 0.5556 0.2293
vn 0.5462 0.8345 0.0726
vn 0.5446 0.8354 0.0744
vn 0.2276 0.9714 -0.0682
vn 0.2298 0.9706 -0.0723
vn 0.2188 0.9745 -0.0495
vn 0.2234 0.9730 -0.0575
vn 0.2167 0.9751 -0.0469
vn 0.2171 0.9751 -0.0461
vn 0.2268 0.9720 -0.0616
vn 0.2267 0.9720 -0.0612
vn 0.5512 0.8325 0.0556
vn 0.5506 0.8329 0.0567
vn 0.5519 0.8324 0.0494
vn 0.5527 0.8323 0.0412
vn 0.5472 0.8345 0.0648
vn 0.5482 0.8341 0.0612
vn -0.1844 0.9750 -0.1240
vn -0.1845 0.9750 -0.1240
vn -0.1845 0.9750 -0.1241
vn -0.1784 0.9723 -0.1510
vn -0.1783 0.9723 -0.1509
vn -0.1709 0.9692 -0.1775
vn -0.1709 0.9692 -0.1774
vn -0.1621 0.9656 -0.2034
vn -0.1620 0.9656 -0.2032
vn -0.1622 0.9655 -0.2036
vn 0.8090 0.5514 0.2036
vn 0.8177 0.5477 0.1775
vn 0.8177 0.5475 0.1775
vn 0.8177 0.5476 0.1775
vn 0.8176 0.5477 0.1775
vn 0.8250 0.5446 0.1509
vn 0.8250 0.5446 0.1510
vn 0.8311 0.5420 0.1243
vn 0.8312 0.5419 0.1240
vn 0.8315 0.5415 0.1240
vn 0.5513 0.8336 0.0345
vn 0.5515 0.8334 0.0352
vn 0.2189 0.9752 -0.0335
vn 0.2203 0.9746 -0.0390
vn 0.2133 0.9769 -0.0143
vn 0.2152 0.9763 -0.0231
vn 0.2179 0.9759 -0.0080
vn 0.2173 0.9761 -0.0076
vn 0.2177 0.9757 -0.0264
vn 0.2174 0.9757 -0.0266
vn 0.5545 0.8319 0.0215
vn 0.5534 0.8327 0.0199
vn 0.5582 0.8296 0.0121
vn 0.5581 0.8297 0.0065
vn 0.5537 0.8321 0.0311
vn 0.5543 0.8320 0.0224
vn -0.1970 0.9803 -0.0139
vn -0.1957 0.9798 -0.0416
vn -0.1932 0.9787 -0.0692
vn -0.1895 0.9771 -0.0967
vn 0.8361 0.5400 0.0965
vn 0.8362 0.5399 0.0967
vn 0.8363 0.5397 0.0965
vn 0.8364 0.5395 0.0963
vn 0.8400 0.5382 0.0692
vn 0.8425 0.5371 0.0416
vn 0.8437 0.5367 0.0138
vn 0.8437 0.5366 0.0139
vn 0.8436 0.5368 0.0139
vn 0.5589 0.8292 -0.0000
vn 0.5590 0.8292 -0.0000
vn 0.2159 0.9764 0.0036
vn 0.2157 0.9764 -0.0037
vn 0.2140 0.9767 0.0159
vn 0.2142 0.9767 0.0149
vn 0.2178 0.9756 0.0265
vn 0.2175 0.9757 0.0269
vn 0.2181 0.9759 0.0091
vn 0.2176 0.9760 0.0099
vn 0.5545 0.8319 -0.0214
vn 0.5534 0.8326 -0.0199
vn 0.5544 0.8320 -0.0224
vn 0.5536 0.8322 -0.0311
vn 0.5581 0.8298 -0.0065
vn 0.5582 0.8296 -0.0121
vn -0.1895 0.9771 0.0968
vn -0.1895 0.9771 0.0967
vn -0.1895 0.9771 0.0969
vn -0.1932 0.9787 0.0692
vn -0.1957 0.9798 0.0416
vn -0.1970 0.9803 0.0139
vn 0.8437 0.5366 -0.0139
vn 0.8436 0.5368 -0.0139
vn 0.8437 0.5366 -0.0138
vn 0.8425 0.5371 -0.0416
vn 0.8400 0.5382 -0.0692
vn 0.8400 0.5382 -0.0693
vn 0.8362 0.5398 -0.0967
vn 0.8362 0.5398 -0.0969
vn 0.5513 0.8336 -0.0347
vn 0.5516 0.8334 -0.0352
vn 0.2200 0.9747 0.0394
vn 0.2182 0.9753 0.0333
vn 0.2230 0.9731 0.0573
vn 0.2198 0.9743 0.0489
vn 0.2270 0.9719 0.0620
vn 0.2270 0.9719 0.0625
vn 0.2169 0.9751 0.0473
vn 0.2172 0.9750 0.0465
vn 0.5511 0.8326 -0.0556
vn 0.5504 0.8329 -0.0568
vn 0.5482 0.8341 -0.0612
vn 0.5472 0.8345 -0.0648
vn 0.5531 0.8321 -0.0414
vn 0.5520 0.8324 -0.0492
vn -0.1621 0.9656 0.2034
vn -0.1622 0.9655 0.2036
vn -0.1620 0.9656 0.2032
vn -0.1709 0.9692 0.1775
vn -0.1783 0.9723 0.1509
vn -0.1845 0.9750 0.1240
vn -0.1845 0.9750 0.1241
vn 0.8312 0.5419 -0.1240
vn 0.8312 0.5419 -0.1241
vn 0.8250 0.5446 -0.1510
vn 0.8176 0.5477 -0.1775
vn 0.8090 0.5514 -0.2036
vn 0.5463 0.8345 -0.0722
vn 0.5448 0.8353 -0.0744
vn 0.2297 0.9706 0.0719
vn 0.2273 0.9714 0.0682
vn 0.2372 0.9673 0.0894
vn 0.2350 0.9683 0.0846
vn 0.2412 0.9660 0.0928
vn 0.2390 0.9667 0.0919
vn 0.2326 0.9694 0.0780
vn 0.2328 0.9694 0.0780
vn 0.5339 0.8412 -0.0857
vn 0.5352 0.8405 -0.0838
vn 0.5318 0.8418 -0.0925
vn 0.5296 0.8426 -0.0976
vn 0.5403 0.8380 -0.0756
vn 0.5374 0.8393 -0.0818
vn -0.1164 0.9460 0.3027
vn -0.1295 0.9515 0.2789
vn -0.1295 0.9516 0.2789
vn -0.1415 0.9567 0.2544
vn -0.1416 0.9567 0.2544
vn -0.1525 0.9613 0.2293
vn -0.1524 0.9613 0.2294
vn 0.7992 0.5556 -0.2293
vn 0.7992 0.5557 -0.2293
vn 0.7883 0.5602 -0.2544
vn 0.7884 0.5602 -0.2544
vn 0.7763 0.5654 -0.2789
vn 0.7763 0.5653 -0.2789
vn 0.7631 0.5710 -0.3027
vn 0.7632 0.5710 -0.3026
vn 0.5296 0.8416 -0.1062
vn 0.5298 0.8416 -0.1050
vn 0.2445 0.9638 0.1068
vn 0.2398 0.9652 0.1043
vn 0.2550 0.9592 0.1223
vn 0.2503 0.9613 0.1152
vn 0.2610 0.9574 0.1238
vn 0.2602 0.9576 0.1239
vn 0.2498 0.9622 0.1086
vn 0.2494 0.9622 0.1094
vn 0.5193 0.8468 -0.1147
vn 0.5179 0.8477 -0.1145
vn 0.5156 0.8479 -0.1229
vn 0.5114 0.8496 -0.1289
vn 0.5256 0.8439 -0.1079
vn 0.5203 0.8462 -0.1152
vn -0.0536 0.9192 0.3901
vn -0.0708 0.9265 0.3696
vn -0.0869 0.9334 0.3481
vn -0.1022 0.9399 0.3258
vn 0.7489 0.5771 -0.3258
vn 0.7489 0.5770 -0.3258
vn 0.7337 0.5835 -0.3481
vn 0.7176 0.5904 -0.3695
vn 0.7175 0.5904 -0.3696
vn 0.7176 0.5904 -0.3694
vn 0.7004 0.5977 -0.3902
vn 0.5080 0.8510 -0.1334
vn 0.5082 0.8509 -0.1331
vn 0.2663 0.9544 0.1348
vn 0.2614 0.9567 0.1279
vn 0.2805 0.9489 0.1446
vn 0.2762 0.9508 0.1405
vn 0.2815 0.9476 0.1509
vn 0.2819 0.9476 0.1505
vn 0.2725 0.9527 0.1346
vn 0.2706 0.9533 0.1340
vn 0.4948 0.8565 -0.1469
vn 0.4910 0.8588 -0.1461
vn 0.4897 0.8590 -0.1491
vn 0.4870 0.8601 -0.1519
vn 0.5026 0.8534 -0.1380
vn 0.4995 0.8548 -0.1408
vn 0.0237 0.8862 0.4627
vn 0.0237 0.8862 0.4626
vn 0.0238 0.8862 0.4628
vn 0.0237 0.8863 0.4626
vn 0.0031 0.8950 0.4461
vn 0.0029 0.8950 0.4461
vn 0.0030 0.8950 0.4461
vn -0.0165 0.9034 0.4285
vn -0.0164 0.9034 0.4285
vn -0.0165 0.9034 0.4284
vn -0.0166 0.9034 0.4285
vn -0.0355 0.9115 0.4098
vn -0.0356 0.9115 0.4097
vn 0.6823 0.6054 -0.4098
vn 0.6824 0.6053 -0.4098
vn 0.6634 0.6135 -0.4285
vn 0.6633 0.6135 -0.4285
vn 0.6436 0.6219 -0.4461
vn 0.6231 0.6307 -0.4626
vn 0.4798 0.8643 -0.1513
vn 0.4786 0.8646 -0.1530
vn 0.2906 0.9438 0.1575
vn 0.2874 0.9452 0.1547
vn 0.3055 0.9375 0.1664
vn 0.3022 0.9389 0.1646
vn 0.3114 0.9350 0.1700
vn 0.3116 0.9349 0.1697
vn 0.2964 0.9413 0.1616
vn 0.2965 0.9413 0.1616
vn 0.4667 0.8687 -0.1661
vn 0.4664 0.8689 -0.1655
vn 0.4614 0.8710 -0.1688
vn 0.4563 0.8732 -0.1710
vn 0.4750 0.8658 -0.1571
vn 0.4703 0.8681 -0.1591
vn 0.1124 0.8484 0.5173
vn 0.1125 0.8484 0.5173
vn 0.0892 0.8582 0.5056
vn 0.0893 0.8582 0.5055
vn 0.0893 0.8582 0.5054
vn 0.0893 0.8583 0.5054
vn 0.0668 0.8678 0.4924
vn 0.0668 0.8679 0.4923
vn 0.0448 0.8772 0.4781
vn 0.0449 0.8772 0.4781
vn 0.0447 0.8772 0.4781
vn 0.6018 0.6398 -0.4781
vn 0.6016 0.6398 -0.4782
vn 0.6017 0.6398 -0.4780
vn 0.6018 0.6397 -0.4781
vn 0.5799 0.6491 -0.4923
vn 0.5574 0.6587 -0.5054
vn 0.5343 0.6685 -0.5173
vn 0.5343 0.6685 -0.5174
vn 0.4478 0.8775 -0.1717
vn 0.4488 0.8766 -0.1738
vn 0.3239 0.9305 0.1712
vn 0.3160 0.9329 0.1729
vn 0.3378 0.9237 0.1809
vn 0.3314 0.9263 0.1790
vn 0.3401 0.9231 0.1796
vn 0.3437 0.9223 0.1767
vn 0.3286 0.9285 0.1732
vn 0.3283 0.9284 0.1739
vn 0.4331 0.8841 -0.1755
vn 0.4326 0.8840 -0.1774
vn 0.4291 0.8848 -0.1815
vn 0.4256 0.8863 -0.1825
vn 0.4446 0.8788 -0.1735
vn 0.4414 0.8802 -0.1745
vn 0.2093 0.8071 0.5521
vn 0.2092 0.8071 0.5521
vn 0.1845 0.8177 0.5453
vn 0.1601 0.8281 0.5373
vn 0.1600 0.8281 0.5372
vn 0.1361 0.8383 0.5279
vn 0.1361 0.8383 0.5280
vn 0.5107 0.6786 -0.5279
vn 0.5107 0.6786 -0.5278
vn 0.4866 0.6888 -0.5373
vn 0.4622 0.6993 -0.5453
vn 0.4374 0.7098 -0.5521
vn 0.4375 0.7098 -0.5521
vn 0.4374 0.7098 -0.5522
vn 0.4184 0.8891 -0.1856
vn 0.4170 0.8898 -0.1854
vn 0.3564 0.9165 0.1815
vn 0.3480 0.9197 0.1815
vn 0.3720 0.9098 0.1840
vn 0.3653 0.9126 0.1837
vn 0.3768 0.9078 0.1841
vn 0.3769 0.9077 0.1844
vn 0.3614 0.9146 0.1816
vn 0.3609 0.9147 0.1819
vn 0.4017 0.8963 -0.1876
vn 0.4018 0.8964 -0.1873
vn 0.3963 0.8987 -0.1877
vn 0.3905 0.9013 -0.1876
vn 0.4143 0.8913 -0.1841
vn 0.4068 0.8943 -0.1863
vn 0.3106 0.7639 0.5657
vn 0.3107 0.7639 0.5657
vn 0.2851 0.7748 0.5643
vn 0.2597 0.7856 0.5616
vn 0.2344 0.7964 0.5575
vn 0.2345 0.7964 0.5575
vn 0.4125 0.7205 -0.5575
vn 0.4124 0.7205 -0.5575
vn 0.3870 0.7313 -0.5616
vn 0.3871 0.7313 -0.5616
vn 0.3617 0.7421 -0.5643
vn 0.3361 0.7530 -0.5658
vn 0.3360 0.7530 -0.5658
vn 0.3361 0.7530 -0.5657
vn 0.3362 0.7530 -0.5657
vn 0.3860 0.9042 -0.1829
vn 0.3852 0.9044 -0.1833
vn 0.3880 0.9030 0.1844
vn 0.3832 0.9051 0.1842
vn 0.4028 0.8959 0.1877
vn 0.3989 0.8979 0.1862
vn 0.4090 0.8930 0.1876
vn 0.4080 0.8935 0.1875
vn 0.3947 0.9002 0.1838
vn 0.3944 0.9003 0.1843
vn 0.3710 0.9106 -0.1822
vn 0.3695 0.9099 -0.1886
vn 0.3625 0.9140 -0.1822
vn 0.3580 0.9157 -0.1824
vn 0.3797 0.9064 -0.1851
vn 0.3759 0.9083 -0.1833
vn 0.4122 0.7206 0.5576
vn 0.4124 0.7205 0.5575
vn 0.3360 0.7530 0.5657
vn 0.3106 0.7639 -0.5656
vn 0.3104 0.7636 -0.5662
vn 0.2849 0.7750 -0.5640
vn 0.2849 0.7748 -0.5644
vn 0.3549 0.9174 -0.1803
vn 0.3554 0.9166 -0.1833
vn 0.4217 0.8879 0.1837
vn 0.4154 0.8907 0.1845
vn 0.4382 0.8814 0.1763
vn 0.4309 0.8843 0.1799
vn 0.4398 0.8811 0.1741
vn 0.4398 0.8810 0.1743
vn 0.4272 0.8855 0.1827
vn 0.4271 0.8857 0.1821
vn 0.3364 0.9250 -0.1764
vn 0.3365 0.9250 -0.1766
vn 0.3295 0.9279 -0.1746
vn 0.3263 0.9292 -0.1734
vn 0.3483 0.9199 -0.1803
vn 0.3410 0.9230 -0.1783
vn 0.5105 0.6788 0.5279
vn 0.4867 0.6888 0.5373
vn 0.4375 0.7098 0.5521
vn 0.2094 0.8068 -0.5524
vn 0.1601 0.8281 -0.5372
vn 0.1600 0.8281 -0.5373
vn 0.3201 0.9323 -0.1684
vn 0.3212 0.9306 -0.1757
vn 0.4540 0.8746 0.1702
vn 0.4526 0.8746 0.1738
vn 0.4674 0.8692 0.1611
vn 0.4634 0.8709 0.1638
vn 0.4727 0.8670 0.1578
vn 0.4728 0.8669 0.1580
vn 0.4582 0.8731 0.1665
vn 0.4582 0.8731 0.1669
vn 0.3022 0.9395 -0.1614
vn 0.3043 0.9388 -0.1612
vn 0.2979 0.9407 -0.1622
vn 0.2949 0.9420 -0.1599
vn 0.3159 0.9334 -0.1702
vn 0.3086 0.9367 -0.1655
vn 0.5800 0.6492 0.4921
vn 0.1124 0.8483 -0.5174
vn 0.0893 0.8582 -0.5054
vn 0.0894 0.8582 -0.5054
vn 0.0892 0.8582 -0.5055
vn 0.0668 0.8678 -0.4923
vn 0.0449 0.8771 -0.4781
vn 0.2891 0.9444 -0.1569
vn 0.2890 0.9445 -0.1561
vn 0.4811 0.8634 0.1519
vn 0.4779 0.8646 0.1550
vn 0.4957 0.8565 0.1440
vn 0.4931 0.8576 0.1463
vn 0.5016 0.8538 0.1392
vn 0.5017 0.8538 0.1390
vn 0.4859 0.8616 0.1465
vn 0.4870 0.8609 0.1471
vn 0.2754 0.9503 -0.1454
vn 0.2758 0.9502 -0.1449
vn 0.2723 0.9517 -0.1418
vn 0.2678 0.9540 -0.1351
vn 0.2860 0.9463 -0.1505
vn 0.2843 0.9474 -0.1472
vn 0.6633 0.6135 0.4285
vn 0.6230 0.6306 0.4627
vn -0.0167 0.9034 -0.4285
vn -0.0354 0.9115 -0.4098
vn -0.0353 0.9115 -0.4098
vn 0.2621 0.9557 -0.1339
vn 0.2629 0.9554 -0.1344
vn 0.5095 0.8506 0.1299
vn 0.5067 0.8515 0.1348
vn 0.5204 0.8458 0.1173
vn 0.5175 0.8470 0.1220
vn 0.5241 0.8443 0.1119
vn 0.5238 0.8445 0.1117
vn 0.5154 0.8478 0.1253
vn 0.5152 0.8482 0.1229
vn 0.2514 0.9602 -0.1214
vn 0.2566 0.9593 -0.1179
vn 0.2475 0.9622 -0.1139
vn 0.2451 0.9632 -0.1101
vn 0.2586 0.9575 -0.1277
vn 0.2558 0.9587 -0.1246
vn 0.7490 0.5769 0.3259
vn 0.7491 0.5768 0.3259
vn 0.7004 0.5976 0.3902
vn 0.7003 0.5977 0.3903
vn -0.1021 0.9399 -0.3258
vn 0.2402 0.9652 -0.1029
vn 0.2405 0.9652 -0.1026
vn 0.5312 0.8410 0.1026
vn 0.5277 0.8427 0.1065
vn 0.5400 0.8373 0.0859
vn 0.5352 0.8397 0.0916
vn 0.5380 0.8389 0.0830
vn 0.5380 0.8392 0.0794
vn 0.5294 0.8430 0.0958
vn 0.5302 0.8425 0.0951
vn 0.2324 0.9685 -0.0891
vn 0.2329 0.9684 -0.0886
vn 0.2339 0.9687 -0.0833
vn 0.2292 0.9704 -0.0760
vn 0.2406 0.9655 -0.0992
vn 0.2355 0.9675 -0.0926
vn 0.7761 0.5655 0.2790
vn 0.7760 0.5656 0.2791
vn 0.7761 0.5656 0.2789
vn 0.7631 0.5711 0.3026
vn -0.1165 0.9459 -0.3027
vn -0.1525 0.9613 -0.2293
vn 0.2253 0.9716 -0.0730
vn 0.2257 0.9715 -0.0723
vn 0.5451 0.8354 0.0698
vn 0.5441 0.8358 0.0735
vn 0.5511 0.8328 0.0524
vn 0.5497 0.8335 0.0563
vn 0.5491 0.8346 0.0425
vn 0.5497 0.8342 0.0443
vn 0.5478 0.8342 0.0632
vn 0.5477 0.8343 0.0632
vn 0.2186 0.9744 -0.0522
vn 0.2188 0.9743 -0.0525
vn 0.2175 0.9749 -0.0487
vn 0.2169 0.9753 -0.0428
vn 0.2260 0.9719 -0.0661
vn 0.2263 0.9722 -0.0598
vn 0.8313 0.5419 0.1240
vn 0.8313 0.5418 0.1240
vn 0.8091 0.5513 0.2036
vn 0.8090 0.5514 0.2037
vn -0.1623 0.9655 -0.2036
vn -0.1782 0.9723 -0.1509
vn 0.2150 0.9759 -0.0362
vn 0.2158 0.9758 -0.0362
vn 0.5554 0.8309 0.0344
vn 0.5541 0.8315 0.0396
vn 0.5551 0.8317 0.0148
vn 0.5536 0.8325 0.0217
vn 0.5547 0.8320 0.0086
vn 0.5548 0.8319 0.0085
vn 0.5551 0.8312 0.0310
vn 0.5540 0.8320 0.0305
vn 0.2173 0.9760 -0.0149
vn 0.2119 0.9771 -0.0168
vn 0.2152 0.9765 -0.0131
vn 0.2160 0.9764 -0.0053
vn 0.2178 0.9756 -0.0295
vn 0.2174 0.9758 -0.0253
vn 0.8425 0.5371 0.0417
vn 0.8362 0.5398 0.0967
vn 0.8362 0.5398 0.0968
vn -0.1897 0.9771 -0.0967
vn -0.1899 0.9770 -0.0968
vn 0.2175 0.9761 -0.0001
vn 0.2174 0.9761 -0.0000
vn 0.5552 0.8317 -0.0021
vn 0.5552 0.8317 0.0021
vn 0.5529 0.8330 -0.0203
vn 0.5550 0.8317 -0.0148
vn 0.5559 0.8307 -0.0311
vn 0.5521 0.8334 -0.0245
vn 0.5546 0.8321 -0.0088
vn 0.5547 0.8320 -0.0090
vn 0.2173 0.9760 0.0149
vn 0.2120 0.9771 0.0167
vn 0.2174 0.9758 0.0254
vn 0.2178 0.9756 0.0295
vn 0.2161 0.9764 0.0053
vn 0.2153 0.9765 0.0131
vn 0.8425 0.5371 -0.0417
vn -0.1895 0.9771 0.0966
vn 0.2150 0.9759 0.0362
vn 0.2159 0.9757 0.0362
vn 0.5535 0.8319 -0.0394
vn 0.5551 0.8310 -0.0360
vn 0.5500 0.8333 -0.0558
vn 0.5510 0.8329 -0.0522
vn 0.5478 0.8342 -0.0632
vn 0.5486 0.8350 -0.0429
vn 0.5495 0.8343 -0.0447
vn 0.2187 0.9744 0.0520
vn 0.2187 0.9744 0.0526
vn 0.2263 0.9722 0.0598
vn 0.2260 0.9719 0.0661
vn 0.2170 0.9752 0.0426
vn 0.2173 0.9749 0.0488
vn 0.8090 0.5514 -0.2037
vn 0.8091 0.5513 -0.2036
vn 0.8177 0.5476 -0.1774
vn 0.8177 0.5476 -0.1775
vn 0.8250 0.5446 -0.1509
vn 0.8313 0.5419 -0.1240
vn 0.8313 0.5418 -0.1240
vn -0.1623 0.9655 0.2036
vn 0.2254 0.9715 0.0731
vn 0.2257 0.9715 0.0723
vn 0.5439 0.8359 -0.0737
vn 0.5451 0.8354 -0.0703
vn 0.5362 0.8390 -0.0923
vn 0.5388 0.8382 -0.0848
vn 0.5294 0.8430 -0.0957
vn 0.5302 0.8425 -0.0949
vn 0.5437 0.8355 -0.0792
vn 0.5387 0.8389 -0.0772
vn 0.2323 0.9685 0.0891
vn 0.2329 0.9684 0.0886
vn 0.2355 0.9675 0.0926
vn 0.2406 0.9655 0.0992
vn 0.2297 0.9703 0.0760
vn 0.2345 0.9687 0.0810
vn 0.7631 0.5709 -0.3027
vn 0.7632 0.5709 -0.3027
vn 0.7762 0.5654 -0.2790
vn 0.7762 0.5655 -0.2788
vn 0.7761 0.5655 -0.2790
vn 0.7760 0.5656 -0.2791
vn -0.1164 0.9459 0.3027
vn 0.2402 0.9652 0.1029
vn 0.2405 0.9652 0.1025
vn 0.5273 0.8430 -0.1065
vn 0.5307 0.8415 -0.1011
vn 0.5160 0.8480 -0.1214
vn 0.5207 0.8456 -0.1174
vn 0.5149 0.8480 -0.1259
vn 0.5150 0.8480 -0.1254
vn 0.5240 0.8443 -0.1119
vn 0.5238 0.8445 -0.1117
vn 0.2520 0.9601 0.1216
vn 0.2565 0.9593 0.1181
vn 0.2555 0.9587 0.1249
vn 0.2588 0.9574 0.1280
vn 0.2452 0.9632 0.1101
vn 0.2475 0.9622 0.1139
vn 0.7004 0.5976 -0.3902
vn 0.7005 0.5976 -0.3902
vn 0.7337 0.5836 -0.3481
vn 0.7339 0.5834 -0.3478
vn -0.0869 0.9334 0.3482
vn -0.0536 0.9192 0.3902
vn 0.2620 0.9557 0.1338
vn 0.2624 0.9556 0.1341
vn 0.5066 0.8517 -0.1345
vn 0.5091 0.8508 -0.1303
vn 0.4934 0.8574 -0.1462
vn 0.4959 0.8564 -0.1435
vn 0.4842 0.8619 -0.1506
vn 0.4849 0.8617 -0.1496
vn 0.5015 0.8539 -0.1393
vn 0.5013 0.8539 -0.1394
vn 0.2755 0.9503 0.1453
vn 0.2759 0.9502 0.1447
vn 0.2839 0.9475 0.1473
vn 0.2858 0.9464 0.1503
vn 0.2674 0.9540 0.1358
vn 0.2711 0.9521 0.1416
vn 0.6230 0.6306 -0.4627
vn 0.0032 0.8950 0.4461
vn 0.0034 0.8950 0.4461
vn 0.2889 0.9444 0.1569
vn 0.2889 0.9446 0.1560
vn 0.4779 0.8647 -0.1548
vn 0.4810 0.8634 -0.1518
vn 0.4631 0.8712 -0.1628
vn 0.4686 0.8685 -0.1616
vn 0.4584 0.8731 -0.1660
vn 0.4584 0.8730 -0.1665
vn 0.4725 0.8671 -0.1579
vn 0.4726 0.8670 -0.1582
vn 0.3052 0.9386 0.1608
vn 0.3050 0.9385 0.1618
vn 0.3107 0.9361 0.1650
vn 0.3160 0.9337 0.1686
vn 0.2950 0.9420 0.1600
vn 0.2980 0.9407 0.1623
vn 0.5799 0.6491 -0.4922
vn 0.0667 0.8679 0.4922
vn 0.0666 0.8681 0.4919
vn 0.0668 0.8678 0.4923
vn 0.0892 0.8583 0.5054
vn 0.1124 0.8484 0.5174
vn 0.3198 0.9324 0.1686
vn 0.3181 0.9316 0.1760
vn 0.4473 0.8772 -0.1745
vn 0.4542 0.8745 -0.1699
vn 0.4313 0.8841 -0.1796
vn 0.4369 0.8825 -0.1744
vn 0.4273 0.8855 -0.1826
vn 0.4273 0.8856 -0.1821
vn 0.4397 0.8812 -0.1738
vn 0.4405 0.8810 -0.1725
vn 0.3365 0.9250 0.1764
vn 0.3365 0.9250 0.1766
vn 0.3410 0.9230 0.1783
vn 0.3483 0.9198 0.1807
vn 0.3263 0.9292 0.1734
vn 0.3295 0.9279 0.1745
vn 0.5105 0.6788 -0.5279
vn 0.1602 0.8278 0.5376
vn 0.1601 0.8281 0.5372
vn 0.3551 0.9170 0.1815
vn 0.3550 0.9167 0.1833
vn 0.4156 0.8904 -0.1855
vn 0.4217 0.8879 -0.1839
vn 0.3986 0.8978 -0.1872
vn 0.4051 0.8950 -0.1864
vn 0.3945 0.9004 -0.1837
vn 0.3940 0.9005 -0.1842
vn 0.4087 0.8932 -0.1874
vn 0.4073 0.8941 -0.1861
vn 0.3683 0.9118 0.1814
vn 0.3674 0.9107 0.1887
vn 0.3785 0.9072 0.1838
vn 0.3783 0.9072 0.1842
vn 0.3580 0.9157 0.1824
vn 0.3625 0.9140 0.1822
vn 0.3870 0.7314 -0.5616
vn 0.3869 0.7315 -0.5615
vn 0.4123 0.7205 -0.5575
vn 0.2598 0.7856 0.5615
vn 0.3106 0.7639 0.5656
vn -0.9362 0.2326 0.2636
vn -0.9232 0.2271 0.3099
vn -0.8160 0.5144 0.2636
vn -0.8160 0.5145 0.2636
vn -0.8160 0.5144 0.2637
vn -0.8031 0.5090 0.3098
vn -0.8031 0.5090 0.3099
vn -0.9746 -0.1168 0.1910
vn -0.9746 -0.1167 0.1910
vn -0.9746 -0.1166 0.1911
vn -0.9651 -0.1207 0.2325
vn -0.9651 -0.1207 0.2326
vn -0.9536 -0.1255 0.2735
vn -0.9404 -0.1312 0.3138
vn -0.9082 0.2207 0.3556
vn -0.7880 0.5026 0.3556
vn -0.7880 0.5026 0.3555
vn -0.7878 0.5028 0.3557
vn -0.7880 0.5027 0.3555
vn -0.5564 0.7694 0.3138
vn -0.5564 0.7693 0.3138
vn -0.5697 0.7750 0.2735
vn -0.5812 0.7798 0.2326
vn -0.5811 0.7799 0.2326
vn -0.5906 0.7840 0.1911
vn -0.8268 0.5191 0.2166
vn -0.9470 0.2372 0.2166
vn -0.9470 0.2372 0.2165
vn 0.0068 -0.1695 -0.9855
vn 0.0512 -0.1884 -0.9808
vn 0.1270 0.1124 -0.9855
vn 0.1713 0.0935 -0.9808
vn -0.1723 -0.4588 -0.8717
vn -0.1721 -0.4588 -0.8717
vn -0.1722 -0.4587 -0.8718
vn -0.1723 -0.4587 -0.8717
vn -0.1330 -0.4755 -0.8696
vn -0.0938 -0.4922 -0.8654
vn -0.0549 -0.5087 -0.8592
vn 0.0953 -0.2072 -0.9736
vn 0.2155 0.0747 -0.9736
vn 0.3291 0.3917 -0.8592
vn 0.3291 0.3918 -0.8592
vn 0.2902 0.4084 -0.8654
vn 0.2902 0.4084 -0.8655
vn 0.2510 0.4251 -0.8696
vn 0.2510 0.4251 -0.8697
vn 0.2116 0.4418 -0.8718
vn 0.2117 0.4419 -0.8717
vn 0.2122 0.4421 -0.8715
vn 0.0824 0.1314 -0.9879
vn -0.0377 -0.1504 -0.9879
vn -0.0377 -0.1505 -0.9879
vn -0.8720 0.2053 -0.4444
vn -0.8720 0.2052 -0.4443
vn -0.8720 0.2053 -0.4445
vn -0.8720 0.2052 -0.4445
vn -0.8511 0.1963 -0.4870
vn -0.8511 0.1962 -0.4870
vn -0.8510 0.1963 -0.4870
vn -0.7519 0.4871 -0.4443
vn -0.7518 0.4872 -0.4443
vn -0.7308 0.4782 -0.4871
vn -0.7308 0.4783 -0.4870
vn -0.9253 -0.1376 -0.3534
vn -0.9253 -0.1375 -0.3534
vn -0.9085 -0.1448 -0.3921
vn -0.8899 -0.1527 -0.4298
vn -0.8697 -0.1611 -0.4666
vn -0.8697 -0.1609 -0.4667
vn -0.8697 -0.1612 -0.4666
vn -0.8697 -0.1613 -0.4665
vn -0.8281 0.1865 -0.5286
vn -0.8281 0.1865 -0.5287
vn -0.7079 0.4684 -0.5286
vn -0.4857 0.7392 -0.4665
vn -0.5059 0.7479 -0.4298
vn -0.5245 0.7558 -0.3921
vn -0.5412 0.7630 -0.3534
vn -0.5413 0.7630 -0.3534
vn -0.7709 0.4953 -0.4005
vn -0.8911 0.2137 -0.4003
vn -0.8911 0.2134 -0.4005
vn -0.8721 0.2052 0.4443
vn -0.8720 0.2052 0.4443
vn -0.8721 0.2052 0.4442
vn -0.8722 0.2052 0.4441
vn -0.8510 0.1963 0.4870
vn -0.7519 0.4871 0.4443
vn -0.7518 0.4871 0.4443
vn -0.7308 0.4783 0.4870
vn -0.7308 0.4782 0.4870
vn -0.9253 -0.1376 0.3534
vn -0.9085 -0.1448 0.3921
vn -0.8899 -0.1527 0.4298
vn -0.8697 -0.1613 0.4665
vn -0.8281 0.1865 0.5286
vn -0.7079 0.4684 0.5286
vn -0.7079 0.4685 0.5286
vn -0.4857 0.7393 0.4665
vn -0.4857 0.7392 0.4665
vn -0.5059 0.7479 0.4298
vn -0.5245 0.7558 0.3921
vn -0.5413 0.7629 0.3534
vn -0.5414 0.7629 0.3534
vn -0.7709 0.4953 0.4005
vn -0.8911 0.2134 0.4005
vn 0.0068 -0.1695 0.9855
vn 0.0512 -0.1884 0.9808
vn 0.1270 0.1124 0.9855
vn 0.1713 0.0935 0.9808
vn -0.1723 -0.4587 0.8717
vn -0.1330 -0.4755 0.8696
vn -0.0939 -0.4922 0.8654
vn -0.0938 -0.4921 0.8654
vn -0.0938 -0.4921 0.8655
vn -0.0549 -0.5088 0.8591
vn -0.0549 -0.5088 0.8592
vn 0.0953 -0.2072 0.9736
vn 0.2155 0.0747 0.9736
vn 0.3291 0.3918 0.8592
vn 0.2902 0.4084 0.8654
vn 0.2511 0.4251 0.8696
vn 0.2510 0.4251 0.8696
vn 0.2116 0.4419 0.8717
vn 0.2117 0.4419 0.8717
vn 0.0824 0.1314 0.9879
vn -0.0377 -0.1505 0.9879
vn -0.0376 -0.1506 0.9879
vn -0.9362 0.2326 -0.2636
vn -0.9233 0.2271 -0.3099
vn -0.9232 0.2271 -0.3099
vn -0.9233 0.2270 -0.3099
vn -0.8160 0.5145 -0.2636
vn -0.8031 0.5089 -0.3100
vn -0.8031 0.5088 -0.3100
vn -0.8031 0.5090 -0.3099
vn -0.9746 -0.1166 -0.1911
vn -0.9651 -0.1207 -0.2326
vn -0.9536 -0.1255 -0.2735
vn -0.9404 -0.1312 -0.3137
vn -0.9404 -0.1312 -0.3136
vn -0.9082 0.2207 -0.3556
vn -0.7880 0.5026 -0.3556
vn -0.5564 0.7694 -0.3138
vn -0.5564 0.7693 -0.3138
vn -0.5698 0.7750 -0.2735
vn -0.5697 0.7750 -0.2735
vn -0.5811 0.7799 -0.2326
vn -0.5906 0.7840 -0.1911
vn -0.8268 0.5192 -0.2166
vn -0.8268 0.5191 -0.2166
vn -0.9470 0.2372 -0.2166
vn -0.7767 0.1645 0.6080
vn -0.7767 0.1646 0.6080
vn -0.7484 0.1525 0.6454
vn -0.7485 0.1525 0.6454
vn -0.6565 0.4465 0.6080
vn -0.6565 0.4466 0.6079
vn -0.6282 0.4344 0.6454
vn -0.6282 0.4344 0.6455
vn -0.8478 -0.1707 0.5021
vn -0.8243 -0.1807 0.5365
vn -0.7994 -0.1913 0.5695
vn -0.7730 -0.2026 0.6012
vn -0.7185 0.1398 0.6814
vn -0.5983 0.4217 0.6813
vn -0.5983 0.4217 0.6814
vn -0.3890 0.6980 0.6012
vn -0.4154 0.7093 0.5696
vn -0.4153 0.7093 0.5696
vn -0.4153 0.7093 0.5695
vn -0.4154 0.7093 0.5695
vn -0.4403 0.7199 0.5365
vn -0.4638 0.7299 0.5021
vn -0.6831 0.4578 0.5690
vn -0.6831 0.4578 0.5691
vn -0.8033 0.1759 0.5690
vn 0.1824 -0.2442 0.9524
vn 0.1824 -0.2443 0.9524
vn 0.2250 -0.2625 0.9383
vn 0.3026 0.0376 0.9524
vn 0.3452 0.0194 0.9383
vn -0.0162 -0.5252 0.8508
vn 0.0220 -0.5415 0.8404
vn 0.0595 -0.5576 0.8280
vn 0.0596 -0.5576 0.8280
vn 0.0967 -0.5734 0.8135
vn 0.0966 -0.5733 0.8136
vn 0.0967 -0.5734 0.8136
vn 0.0967 -0.5735 0.8135
vn 0.2670 -0.2804 0.9220
vn 0.3872 0.0015 0.9220
vn 0.4806 0.3272 0.8136
vn 0.4438 0.3429 0.8279
vn 0.4436 0.3430 0.8280
vn 0.4060 0.3591 0.8404
vn 0.4060 0.3591 0.8403
vn 0.3678 0.3753 0.8508
vn 0.2593 0.0560 0.9642
vn 0.1391 -0.2259 0.9642
vn -0.9667 0.2455 -0.0727
vn -0.9666 0.2456 -0.0727
vn -0.9667 0.2456 -0.0727
vn -0.9623 0.2437 -0.1209
vn -0.9623 0.2437 -0.1210
vn -0.8464 0.5275 -0.0727
vn -0.8465 0.5275 -0.0728
vn -0.8465 0.5275 -0.0727
vn -0.8421 0.5256 -0.1209
vn -0.9939 -0.1084 -0.0214
vn -0.9919 -0.1092 -0.0642
vn -0.9919 -0.1091 -0.0643
vn -0.9919 -0.1092 -0.0644
vn -0.9881 -0.1109 -0.1067
vn -0.9881 -0.1111 -0.1065
vn -0.9823 -0.1133 -0.1490
vn -0.9557 0.2409 -0.1689
vn -0.8358 0.5225 -0.1688
vn -0.8356 0.5227 -0.1689
vn -0.8355 0.5229 -0.1687
vn -0.8355 0.5229 -0.1689
vn -0.5986 0.7871 -0.1492
vn -0.5983 0.7873 -0.1490
vn -0.5982 0.7873 -0.1491
vn -0.6041 0.7897 -0.1067
vn -0.6079 0.7914 -0.0644
vn -0.6079 0.7914 -0.0642
vn -0.6080 0.7913 -0.0642
vn -0.6099 0.7922 -0.0214
vn -0.8487 0.5284 -0.0243
vn -0.8486 0.5284 -0.0243
vn -0.9688 0.2466 -0.0243
vn -0.9688 0.2465 -0.0243
vn -0.9688 0.2465 -0.0244
vn -0.6538 0.1123 0.7483
vn -0.6538 0.1122 0.7483
vn -0.6192 0.0978 0.7791
vn -0.6195 0.0975 0.7789
vn -0.6194 0.0977 0.7790
vn -0.6194 0.0976 0.7790
vn -0.5336 0.3942 0.7482
vn -0.5336 0.3944 0.7482
vn -0.5336 0.3941 0.7483
vn -0.4992 0.3794 0.7790
vn -0.7450 -0.2145 0.6316
vn -0.7451 -0.2145 0.6316
vn -0.7160 -0.2271 0.6602
vn -0.7159 -0.2269 0.6603
vn -0.6855 -0.2399 0.6874
vn -0.6855 -0.2400 0.6874
vn -0.6540 -0.2534 0.7128
vn -0.6539 -0.2535 0.7129
vn -0.6541 -0.2536 0.7127
vn -0.5835 0.0822 0.8079
vn -0.4634 0.3641 0.8079
vn -0.2699 0.6472 0.7129
vn -0.3015 0.6607 0.6874
vn -0.3015 0.6608 0.6874
vn -0.3319 0.6737 0.6603
vn -0.3319 0.6738 0.6602
vn -0.3318 0.6737 0.6603
vn -0.3612 0.6861 0.6315
vn -0.3611 0.6861 0.6316
vn -0.3612 0.6861 0.6316
vn -0.5667 0.4082 0.7157
vn -0.6869 0.1263 0.7157
vn 0.3487 -0.3152 0.8827
vn 0.3488 -0.3152 0.8826
vn 0.3486 -0.3152 0.8827
vn 0.3879 -0.3320 0.8598
vn 0.4688 -0.0334 0.8827
vn 0.4689 -0.0333 0.8826
vn 0.4688 -0.0333 0.8827
vn 0.5081 -0.0501 0.8598
vn 0.1331 -0.5889 0.7972
vn 0.1330 -0.5889 0.7972
vn 0.1688 -0.6041 0.7788
vn 0.1687 -0.6041 0.7789
vn 0.2034 -0.6189 0.7587
vn 0.2033 -0.6189 0.7587
vn 0.2371 -0.6333 0.7367
vn 0.4262 -0.3483 0.8349
vn 0.5464 -0.0664 0.8349
vn 0.6211 0.2673 0.7367
vn 0.5873 0.2817 0.7588
vn 0.5873 0.2817 0.7587
vn 0.5872 0.2818 0.7588
vn 0.5527 0.2965 0.7789
vn 0.5528 0.2965 0.7788
vn 0.5170 0.3118 0.7972
vn 0.5169 0.3119 0.7972
vn 0.5171 0.3117 0.7972
vn 0.4285 -0.0161 0.9034
vn 0.3083 -0.2980 0.9034
vn -0.9623 0.2437 0.1209
vn -0.9666 0.2456 0.0727
vn -0.9667 0.2456 0.0727
vn -0.8421 0.5256 0.1209
vn -0.8465 0.5275 0.0727
vn -0.9823 -0.1132 0.1489
vn -0.9823 -0.1133 0.1490
vn -0.9824 -0.1131 0.1488
vn -0.9881 -0.1109 0.1067
vn -0.9881 -0.1111 0.1065
vn -0.9919 -0.1092 0.0642
vn -0.9919 -0.1092 0.0643
vn -0.9939 -0.1085 0.0214
vn -0.9939 -0.1084 0.0214
vn -0.9688 0.2467 0.0242
vn -0.9688 0.2465 0.0243
vn -0.9688 0.2466 0.0243
vn -0.8486 0.5285 0.0242
vn -0.8486 0.5284 0.0243
vn -0.8486 0.5285 0.0243
vn -0.6100 0.7921 0.0213
vn -0.6099 0.7922 0.0214
vn -0.6099 0.7922 0.0213
vn -0.6080 0.7914 0.0642
vn -0.6080 0.7913 0.0642
vn -0.6041 0.7897 0.1067
vn -0.5983 0.7873 0.1490
vn -0.8356 0.5227 0.1689
vn -0.8356 0.5228 0.1689
vn -0.8355 0.5228 0.1689
vn -0.9557 0.2410 0.1689
vn -0.5081 0.0501 0.8599
vn -0.5079 0.0501 0.8599
vn -0.5081 0.0501 0.8598
vn -0.4690 0.0334 0.8826
vn -0.4690 0.0333 0.8826
vn -0.4690 0.0334 0.8825
vn -0.3879 0.3320 0.8598
vn -0.3486 0.3150 0.8828
vn -0.3486 0.3152 0.8827
vn -0.3486 0.3150 0.8827
vn -0.3486 0.3149 0.8828
vn -0.6211 -0.2675 0.7367
vn -0.6211 -0.2677 0.7366
vn -0.6211 -0.2673 0.7367
vn -0.5873 -0.2817 0.7587
vn -0.5873 -0.2817 0.7588
vn -0.5527 -0.2963 0.7789
vn -0.5527 -0.2965 0.7789
vn -0.5527 -0.2964 0.7789
vn -0.5171 -0.3117 0.7972
vn -0.4285 0.0161 0.9034
vn -0.3081 0.2982 0.9034
vn -0.3083 0.2980 0.9034
vn -0.1331 0.5889 0.7972
vn -0.1331 0.5888 0.7972
vn -0.1687 0.6041 0.7788
vn -0.1688 0.6043 0.7786
vn -0.1687 0.6041 0.7789
vn -0.2034 0.6188 0.7587
vn -0.2034 0.6188 0.7588
vn -0.2035 0.6188 0.7588
vn -0.2034 0.6189 0.7587
vn -0.2371 0.6333 0.7367
vn -0.4262 0.3483 0.8349
vn -0.5464 0.0663 0.8349
vn -0.5464 0.0664 0.8349
vn 0.4992 -0.3794 0.7790
vn 0.4993 -0.3794 0.7790
vn 0.5336 -0.3943 0.7482
vn 0.5336 -0.3944 0.7482
vn 0.5336 -0.3941 0.7483
vn 0.6194 -0.0975 0.7790
vn 0.6538 -0.1122 0.7483
vn 0.2699 -0.6472 0.7129
vn 0.3015 -0.6607 0.6874
vn 0.3015 -0.6608 0.6874
vn 0.3319 -0.6737 0.6603
vn 0.3611 -0.6861 0.6316
vn 0.5667 -0.4081 0.7157
vn 0.5667 -0.4082 0.7157
vn 0.5666 -0.4081 0.7158
vn 0.6869 -0.1263 0.7157
vn 0.6871 -0.1263 0.7155
vn 0.6870 -0.1263 0.7156
vn 0.7451 0.2145 0.6316
vn 0.7450 0.2145 0.6316
vn 0.7159 0.2269 0.6603
vn 0.7160 0.2269 0.6602
vn 0.6855 0.2399 0.6874
vn 0.6539 0.2534 0.7129
vn 0.5835 -0.0822 0.8079
vn 0.4634 -0.3641 0.8079
vn -0.9233 0.2271 0.3099
vn -0.9404 -0.1312 0.3137
vn -0.9537 -0.1255 0.2735
vn -0.9746 -0.1166 0.1912
vn -0.5698 0.7750 0.2735
vn -0.5565 0.7693 0.3138
vn -0.7881 0.5025 0.3554
vn -0.7880 0.5025 0.3556
vn -0.9082 0.2208 0.3556
vn -0.3452 -0.0194 0.9383
vn -0.3026 -0.0376 0.9524
vn -0.2250 0.2625 0.9383
vn -0.1824 0.2443 0.9524
vn -0.4806 -0.3272 0.8136
vn -0.4436 -0.3430 0.8280
vn -0.4060 -0.3591 0.8404
vn -0.3678 -0.3753 0.8508
vn -0.2593 -0.0560 0.9642
vn -0.1391 0.2259 0.9642
vn 0.0162 0.5252 0.8508
vn 0.0161 0.5252 0.8508
vn 0.0162 0.5253 0.8508
vn -0.0220 0.5415 0.8404
vn -0.0596 0.5576 0.8280
vn -0.0967 0.5734 0.8136
vn -0.0966 0.5734 0.8136
vn -0.2670 0.2804 0.9220
vn -0.3872 -0.0015 0.9220
vn 0.6280 -0.4346 0.6456
vn 0.6282 -0.4345 0.6455
vn 0.6282 -0.4344 0.6454
vn 0.6283 -0.4344 0.6454
vn 0.6565 -0.4465 0.6080
vn 0.6565 -0.4465 0.6079
vn 0.6566 -0.4463 0.6080
vn 0.7484 -0.1525 0.6454
vn 0.7767 -0.1646 0.6080
vn 0.3890 -0.6980 0.6012
vn 0.4153 -0.7094 0.5695
vn 0.4155 -0.7093 0.5695
vn 0.4154 -0.7093 0.5695
vn 0.4403 -0.7199 0.5365
vn 0.4639 -0.7299 0.5021
vn 0.4638 -0.7299 0.5021
vn 0.6831 -0.4580 0.5689
vn 0.6831 -0.4578 0.5690
vn 0.6831 -0.4582 0.5688
vn 0.8033 -0.1759 0.5690
vn 0.8478 0.1706 0.5021
vn 0.8478 0.1707 0.5021
vn 0.8243 0.1807 0.5366
vn 0.8243 0.1807 0.5365
vn 0.7994 0.1913 0.5696
vn 0.7993 0.1912 0.5696
vn 0.7994 0.1913 0.5695
vn 0.7730 0.2026 0.6012
vn 0.7185 -0.1398 0.6813
vn 0.7185 -0.1398 0.6814
vn 0.7184 -0.1398 0.6814
vn 0.5983 -0.4216 0.6814
vn 0.5983 -0.4217 0.6814
vn 0.5983 -0.4215 0.6814
vn -0.8511 0.1963 0.4870
vn -0.8510 0.1963 0.4871
vn -0.8719 0.2056 0.4445
vn -0.8720 0.2053 0.4443
vn -0.7308 0.4782 0.4871
vn -0.7310 0.4781 0.4870
vn -0.8899 -0.1526 0.4298
vn -0.8911 0.2137 0.4003
vn -0.5412 0.7630 0.3534
vn -0.5410 0.7630 0.3538
vn -0.5413 0.7630 0.3534
vn -0.5245 0.7558 0.3919
vn -0.5245 0.7558 0.3920
vn -0.4857 0.7392 0.4666
vn -0.1713 -0.0935 0.9808
vn -0.1713 -0.0936 0.9808
vn -0.1270 -0.1124 0.9855
vn -0.0511 0.1884 0.9808
vn -0.0069 0.1695 0.9855
vn -0.0068 0.1695 0.9855
vn -0.3291 -0.3918 0.8592
vn -0.2902 -0.4084 0.8654
vn -0.2902 -0.4084 0.8655
vn -0.2510 -0.4251 0.8696
vn -0.2511 -0.4251 0.8696
vn -0.2117 -0.4419 0.8717
vn -0.2115 -0.4421 0.8717
vn -0.2116 -0.4419 0.8718
vn -0.0824 -0.1314 0.9879
vn -0.0825 -0.1314 0.9879
vn 0.0377 0.1506 0.9879
vn 0.0377 0.1505 0.9879
vn 0.1723 0.4587 0.8717
vn 0.1330 0.4755 0.8696
vn 0.1329 0.4755 0.8696
vn 0.0938 0.4921 0.8655
vn 0.0549 0.5088 0.8592
vn 0.0549 0.5089 0.8591
vn 0.0549 0.5087 0.8592
vn -0.0953 0.2072 0.9736
vn -0.2155 -0.0748 0.9736
vn -0.2155 -0.0747 0.9736
vn 0.7308 -0.4782 0.4871
vn 0.7308 -0.4782 0.4872
vn 0.7308 -0.4782 0.4870
vn 0.7519 -0.4871 0.4444
vn 0.7519 -0.4871 0.4443
vn 0.8510 -0.1963 0.4870
vn 0.8511 -0.1963 0.4870
vn 0.8510 -0.1963 0.4871
vn 0.8720 -0.2053 0.4443
vn 0.8720 -0.2054 0.4443
vn 0.4857 -0.7392 0.4666
vn 0.4858 -0.7392 0.4665
vn 0.4856 -0.7393 0.4665
vn 0.5059 -0.7479 0.4299
vn 0.5059 -0.7479 0.4298
vn 0.5245 -0.7557 0.3922
vn 0.5245 -0.7557 0.3921
vn 0.5245 -0.7558 0.3921
vn 0.5413 -0.7629 0.3534
vn 0.5413 -0.7630 0.3534
vn 0.5412 -0.7630 0.3534
vn 0.5412 -0.7630 0.3535
vn 0.7710 -0.4953 0.4004
vn 0.7709 -0.4953 0.4005
vn 0.7709 -0.4955 0.4003
vn 0.8911 -0.2135 0.4004
vn 0.8911 -0.2134 0.4005
vn 0.9253 0.1376 0.3534
vn 0.9085 0.1448 0.3921
vn 0.8899 0.1528 0.4299
vn 0.8899 0.1527 0.4298
vn 0.8898 0.1529 0.4299
vn 0.8697 0.1613 0.4664
vn 0.8698 0.1613 0.4663
vn 0.8697 0.1613 0.4666
vn 0.8281 -0.1865 0.5286
vn 0.7079 -0.4684 0.5286
vn -0.7485 0.1526 0.6454
vn -0.7489 0.1525 0.6449
vn -0.6283 0.4343 0.6454
vn -0.6280 0.4344 0.6457
vn -0.7730 -0.2025 0.6012
vn -0.8032 0.1760 0.5690
vn -0.8034 0.1758 0.5689
vn -0.6831 0.4579 0.5690
vn -0.7185 0.1397 0.6814
vn -0.7185 0.1398 0.6813
vn -0.7186 0.1397 0.6813
vn 0.8030 -0.5090 0.3100
vn 0.8030 -0.5090 0.3101
vn 0.8031 -0.5089 0.3099
vn 0.8160 -0.5145 0.2636
vn 0.8160 -0.5144 0.2636
vn 0.8160 -0.5144 0.2637
vn 0.9232 -0.2272 0.3100
vn 0.9231 -0.2272 0.3101
vn 0.9232 -0.2272 0.3099
vn 0.9362 -0.2326 0.2636
vn 0.5564 -0.7694 0.3138
vn 0.5697 -0.7750 0.2735
vn 0.5811 -0.7799 0.2327
vn 0.5811 -0.7799 0.2326
vn 0.5906 -0.7840 0.1911
vn 0.8268 -0.5191 0.2166
vn 0.9470 -0.2372 0.2166
vn 0.9470 -0.2371 0.2166
vn 0.9746 0.1166 0.1911
vn 0.9651 0.1207 0.2326
vn 0.9536 0.1256 0.2735
vn 0.9536 0.1256 0.2734
vn 0.9404 0.1312 0.3138
vn 0.9082 -0.2207 0.3556
vn 0.7880 -0.5026 0.3556
vn -0.6194 0.0975 0.7790
vn -0.6539 -0.2534 0.7129
vn -0.6854 -0.2400 0.6874
vn -0.7160 -0.2269 0.6602
vn -0.7161 -0.2269 0.6601
vn -0.7450 -0.2146 0.6316
vn -0.7453 -0.2147 0.6313
vn -0.5667 0.4083 0.7157
vn -0.3014 0.6607 0.6874
vn -0.2699 0.6473 0.7129
vn -0.5836 0.0822 0.8079
vn 0.8421 -0.5256 0.1209
vn 0.8465 -0.5275 0.0727
vn 0.8464 -0.5275 0.0727
vn 0.8465 -0.5274 0.0727
vn 0.9623 -0.2437 0.1209
vn 0.9666 -0.2456 0.0728
vn 0.9666 -0.2456 0.0727
vn 0.5983 -0.7873 0.1490
vn 0.5982 -0.7874 0.1490
vn 0.5982 -0.7873 0.1490
vn 0.6042 -0.7897 0.1067
vn 0.6041 -0.7897 0.1067
vn 0.6042 -0.7896 0.1067
vn 0.6080 -0.7914 0.0642
vn 0.6079 -0.7914 0.0642
vn 0.6099 -0.7922 0.0214
vn 0.8486 -0.5284 0.0243
vn 0.9689 -0.2465 0.0243
vn 0.9689 -0.2464 0.0243
vn 0.9688 -0.2465 0.0243
vn 0.9939 0.1085 0.0215
vn 0.9939 0.1084 0.0214
vn 0.9939 0.1083 0.0214
vn 0.9920 0.1091 0.0642
vn 0.9920 0.1092 0.0641
vn 0.9919 0.1092 0.0642
vn 0.9881 0.1109 0.1067
vn 0.9823 0.1133 0.1490
vn 0.9823 0.1132 0.1490
vn 0.9557 -0.2410 0.1689
vn 0.9557 -0.2409 0.1689
vn 0.8355 -0.5229 0.1689
vn 0.8355 -0.5228 0.1689
vn 0.8355 -0.5228 0.1690
vn -0.4688 0.0333 0.8827
vn -0.3485 0.3152 0.8827
vn -0.5171 -0.3116 0.7972
vn -0.2370 0.6332 0.7368
vn -0.2033 0.6189 0.7587
vn -0.2032 0.6189 0.7587
vn -0.1330 0.5889 0.7972
vn -0.4285 0.0162 0.9034
vn -0.4284 0.0163 0.9034
vn 0.8465 -0.5274 -0.0727
vn 0.8465 -0.5275 -0.0727
vn 0.8421 -0.5256 -0.1209
vn 0.9666 -0.2456 -0.0727
vn 0.9623 -0.2437 -0.1208
vn 0.9623 -0.2437 -0.1209
vn 0.6099 -0.7922 -0.0214
vn 0.6080 -0.7913 -0.0642
vn 0.6080 -0.7914 -0.0642
vn 0.6041 -0.7897 -0.1067
vn 0.6042 -0.7897 -0.1067
vn 0.5983 -0.7873 -0.1490
vn 0.8355 -0.5228 -0.1690
vn 0.8355 -0.5228 -0.1689
vn 0.8355 -0.5229 -0.1689
vn 0.9557 -0.2409 -0.1689
vn 0.9558 -0.2408 -0.1689
vn 0.9823 0.1133 -0.1490
vn 0.9881 0.1109 -0.1067
vn 0.9920 0.1092 -0.0642
vn 0.9919 0.1092 -0.0642
vn 0.9920 0.1092 -0.0641
vn 0.9939 0.1085 -0.0215
vn 0.9939 0.1085 -0.0214
vn 0.9688 -0.2465 -0.0243
vn 0.9689 -0.2464 -0.0243
vn 0.8486 -0.5284 -0.0243
vn 0.8487 -0.5284 -0.0243
vn -0.3453 -0.0194 0.9383
vn -0.1824 0.2442 0.9524
vn -0.2252 0.2625 0.9383
vn -0.2256 0.2623 0.9383
vn -0.2252 0.2624 0.9383
vn -0.3679 -0.3753 0.8508
vn -0.4059 -0.3591 0.8404
vn -0.4436 -0.3429 0.8280
vn -0.4806 -0.3271 0.8136
vn -0.3873 -0.0015 0.9219
vn -0.3874 -0.0015 0.9219
vn -0.0966 0.5734 0.8135
vn -0.0967 0.5734 0.8135
vn -0.0219 0.5414 0.8405
vn -0.0220 0.5414 0.8405
vn 0.0162 0.5251 0.8509
vn 0.8160 -0.5145 -0.2636
vn 0.8031 -0.5090 -0.3099
vn 0.8031 -0.5089 -0.3099
vn 0.8031 -0.5088 -0.3100
vn 0.9362 -0.2326 -0.2636
vn 0.9232 -0.2271 -0.3099
vn 0.9231 -0.2272 -0.3101
vn 0.5906 -0.7840 -0.1911
vn 0.5811 -0.7799 -0.2327
vn 0.5811 -0.7799 -0.2326
vn 0.5697 -0.7750 -0.2735
vn 0.5564 -0.7694 -0.3138
vn 0.7880 -0.5026 -0.3556
vn 0.9082 -0.2207 -0.3556
vn 0.9404 0.1312 -0.3138
vn 0.9536 0.1255 -0.2735
vn 0.9537 0.1255 -0.2735
vn 0.9651 0.1207 -0.2326
vn 0.9746 0.1166 -0.1911
vn 0.9470 -0.2372 -0.2166
vn 0.8268 -0.5191 -0.2166
vn -0.0510 0.1883 0.9808
vn -0.2509 -0.4251 0.8697
vn -0.2510 -0.4251 0.8697
vn -0.0953 0.2072 0.9737
vn 0.0938 0.4922 0.8654
vn 0.0937 0.4921 0.8655
vn 0.1722 0.4588 0.8717
vn 0.7519 -0.4872 -0.4443
vn 0.7518 -0.4871 -0.4443
vn 0.7518 -0.4872 -0.4443
vn 0.7308 -0.4782 -0.4871
vn 0.7308 -0.4782 -0.4872
vn 0.8721 -0.2053 -0.4443
vn 0.8720 -0.2053 -0.4443
vn 0.8721 -0.2050 -0.4443
vn 0.8511 -0.1963 -0.4870
vn 0.8510 -0.1963 -0.4871
vn 0.8510 -0.1963 -0.4870
vn 0.5413 -0.7630 -0.3534
vn 0.5412 -0.7630 -0.3534
vn 0.5412 -0.7630 -0.3535
vn 0.5245 -0.7558 -0.3921
vn 0.5245 -0.7558 -0.3920
vn 0.5059 -0.7479 -0.4298
vn 0.4855 -0.7393 -0.4666
vn 0.4857 -0.7392 -0.4665
vn 0.7079 -0.4684 -0.5286
vn 0.7079 -0.4683 -0.5287
vn 0.7079 -0.4685 -0.5286
vn 0.8282 -0.1865 -0.5285
vn 0.8281 -0.1865 -0.5286
vn 0.8697 0.1613 -0.4665
vn 0.8697 0.1613 -0.4664
vn 0.8899 0.1527 -0.4298
vn 0.9085 0.1448 -0.3921
vn 0.9253 0.1377 -0.3534
vn 0.9253 0.1376 -0.3534
vn 0.8911 -0.2134 -0.4005
vn 0.8911 -0.2134 -0.4004
vn 0.7709 -0.4955 -0.4003
vn 0.7709 -0.4953 -0.4005
vn 0.0512 -0.1884 0.9807
vn 0.1712 0.0935 0.9808
vn 0.1714 0.0935 0.9808
vn 0.1270 0.1123 0.9855
vn -0.0549 -0.5087 0.8592
vn -0.0938 -0.4922 0.8654
vn -0.0937 -0.4922 0.8654
vn -0.1724 -0.4587 0.8717
vn -0.0378 -0.1505 0.9879
vn 0.2116 0.4419 0.8718
vn 0.2116 0.4418 0.8718
vn 0.2118 0.4419 0.8717
vn 0.2904 0.4085 0.8654
vn 0.6565 -0.4465 -0.6080
vn 0.6565 -0.4466 -0.6079
vn 0.6565 -0.4467 -0.6078
vn 0.6283 -0.4343 -0.6455
vn 0.6282 -0.4344 -0.6455
vn 0.6283 -0.4345 -0.6454
vn 0.7767 -0.1646 -0.6080
vn 0.7767 -0.1644 -0.6080
vn 0.7484 -0.1525 -0.6454
vn 0.4639 -0.7299 -0.5021
vn 0.4640 -0.7298 -0.5020
vn 0.4638 -0.7299 -0.5021
vn 0.4403 -0.7199 -0.5365
vn 0.4403 -0.7199 -0.5366
vn 0.4155 -0.7093 -0.5695
vn 0.4154 -0.7093 -0.5695
vn 0.3889 -0.6980 -0.6012
vn 0.3890 -0.6980 -0.6012
vn 0.3890 -0.6980 -0.6013
vn 0.5982 -0.4217 -0.6814
vn 0.5983 -0.4217 -0.6814
vn 0.7185 -0.1397 -0.6814
vn 0.7185 -0.1398 -0.6814
vn 0.7730 0.2026 -0.6012
vn 0.7994 0.1913 -0.5696
vn 0.7994 0.1914 -0.5696
vn 0.8243 0.1808 -0.5365
vn 0.8243 0.1807 -0.5365
vn 0.8242 0.1806 -0.5367
vn 0.8478 0.1708 -0.5021
vn 0.8477 0.1709 -0.5021
vn 0.8478 0.1707 -0.5021
vn 0.8033 -0.1760 -0.5690
vn 0.8033 -0.1759 -0.5690
vn 0.6831 -0.4578 -0.5690
vn 0.2249 -0.2626 0.9383
vn 0.2251 -0.2625 0.9383
vn 0.3025 0.0375 0.9524
vn 0.0965 -0.5733 0.8136
vn 0.0965 -0.5733 0.8137
vn 0.0966 -0.5734 0.8136
vn 0.0594 -0.5576 0.8280
vn 0.0591 -0.5576 0.8280
vn 0.1390 -0.2259 0.9642
vn 0.2594 0.0562 0.9641
vn 0.3872 0.0016 0.9220
vn 0.3872 0.0017 0.9220
vn 0.5336 -0.3941 -0.7483
vn 0.4992 -0.3794 -0.7790
vn 0.6537 -0.1123 -0.7484
vn 0.6538 -0.1122 -0.7483
vn 0.6535 -0.1123 -0.7485
vn 0.6194 -0.0974 -0.7790
vn 0.6194 -0.0975 -0.7790
vn 0.6194 -0.0972 -0.7791
vn 0.3611 -0.6861 -0.6316
vn 0.3320 -0.6736 -0.6603
vn 0.3319 -0.6737 -0.6603
vn 0.3015 -0.6607 -0.6875
vn 0.3015 -0.6607 -0.6874
vn 0.2699 -0.6472 -0.7129
vn 0.2699 -0.6473 -0.7129
vn 0.4634 -0.3641 -0.8079
vn 0.4634 -0.3642 -0.8079
vn 0.5836 -0.0820 -0.8079
vn 0.5836 -0.0821 -0.8079
vn 0.5835 -0.0822 -0.8079
vn 0.6539 0.2534 -0.7129
vn 0.6855 0.2398 -0.6874
vn 0.6855 0.2399 -0.6874
vn 0.7159 0.2269 -0.6603
vn 0.7160 0.2271 -0.6602
vn 0.7450 0.2145 -0.6316
vn 0.7451 0.2145 -0.6316
vn 0.6869 -0.1263 -0.7157
vn 0.5667 -0.4082 -0.7157
vn 0.3486 -0.3153 0.8827
vn 0.3485 -0.3152 0.8827
vn 0.4688 -0.0332 0.8827
vn 0.2371 -0.6332 0.7367
vn 0.2371 -0.6332 0.7368
vn 0.4285 -0.0160 0.9034
vn 0.5170 0.3115 0.7973
vn 0.5171 0.3117 0.7971
vn 0.5527 0.2965 0.7788
vn 0.5526 0.2965 0.7789
vn 0.6211 0.2674 0.7367
vn 0.6212 0.2673 0.7367
vn 0.5463 -0.0662 0.8350
vn 0.5464 -0.0666 0.8349
vn 0.4262 -0.3485 0.8348
vn 0.4262 -0.3484 0.8349
vn 0.3879 -0.3320 -0.8598
vn 0.3878 -0.3319 -0.8599
vn 0.3486 -0.3152 -0.8827
vn 0.5081 -0.0501 -0.8598
vn 0.4688 -0.0333 -0.8827
vn 0.2371 -0.6333 -0.7367
vn 0.2034 -0.6189 -0.7587
vn 0.2033 -0.6189 -0.7587
vn 0.1687 -0.6041 -0.7789
vn 0.1330 -0.5889 -0.7972
vn 0.1331 -0.5889 -0.7972
vn 0.3081 -0.2980 -0.9035
vn 0.3083 -0.2980 -0.9034
vn 0.4285 -0.0161 -0.9034
vn 0.5171 0.3117 -0.7972
vn 0.5170 0.3117 -0.7972
vn 0.5527 0.2965 -0.7789
vn 0.5527 0.2964 -0.7789
vn 0.5873 0.2817 -0.7587
vn 0.5874 0.2817 -0.7587
vn 0.6211 0.2673 -0.7367
vn 0.6211 0.2674 -0.7367
vn 0.5465 -0.0664 -0.8348
vn 0.5464 -0.0665 -0.8349
vn 0.5464 -0.0664 -0.8349
vn 0.4261 -0.3483 -0.8349
vn 0.4262 -0.3483 -0.8349
vn 0.3612 -0.6861 0.6315
vn 0.3014 -0.6608 0.6874
vn 0.4637 -0.3640 0.8078
vn 0.4635 -0.3640 0.8079
vn 0.5835 -0.0823 0.8079
vn 0.6855 0.2400 0.6874
vn 0.7162 0.2270 0.6600
vn 0.7450 0.2145 0.6317
vn 0.2250 -0.2625 -0.9383
vn 0.1824 -0.2443 -0.9524
vn 0.3452 0.0194 -0.9383
vn 0.3026 0.0376 -0.9524
vn 0.0966 -0.5734 -0.8135
vn 0.0966 -0.5734 -0.8136
vn 0.0596 -0.5576 -0.8280
vn 0.0220 -0.5415 -0.8404
vn -0.0162 -0.5252 -0.8508
vn -0.0162 -0.5253 -0.8508
vn 0.1391 -0.2259 -0.9642
vn 0.1390 -0.2259 -0.9642
vn 0.2593 0.0560 -0.9642
vn 0.3678 0.3752 -0.8508
vn 0.3678 0.3753 -0.8508
vn 0.3678 0.3751 -0.8509
vn 0.4060 0.3591 -0.8404
vn 0.4059 0.3591 -0.8404
vn 0.4436 0.3430 -0.8280
vn 0.4806 0.3272 -0.8136
vn 0.4807 0.3274 -0.8135
vn 0.3872 0.0015 -0.9220
vn 0.3871 0.0015 -0.9220
vn 0.2670 -0.2804 -0.9220
vn 0.6566 -0.4464 0.6080
vn 0.6564 -0.4466 0.6080
vn 0.6282 -0.4345 0.6454
vn 0.7768 -0.1645 0.6079
vn 0.7485 -0.1525 0.6454
vn 0.4637 -0.7300 0.5021
vn 0.3891 -0.6980 0.6012
vn 0.3890 -0.6979 0.6013
vn 0.3891 -0.6979 0.6012
vn 0.7730 0.2025 0.6012
vn 0.7995 0.1913 0.5695
vn 0.8033 -0.1757 0.5690
vn 0.8033 -0.1759 0.5691
vn 0.8033 -0.1760 0.5691
vn 0.6830 -0.4579 0.5690
vn 0.6829 -0.4580 0.5691
vn 0.0511 -0.1884 -0.9808
vn 0.1270 0.1123 -0.9855
vn -0.0549 -0.5088 -0.8592
vn -0.0377 -0.1506 -0.9879
vn 0.0824 0.1313 -0.9879
vn 0.2116 0.4419 -0.8717
vn 0.7518 -0.4871 0.4444
vn 0.7519 -0.4870 0.4444
vn 0.7308 -0.4783 0.4871
vn 0.7307 -0.4783 0.4871
vn 0.8721 -0.2053 0.4443
vn 0.5245 -0.7558 0.3920
vn 0.4857 -0.7393 0.4665
vn 0.4857 -0.7392 0.4665
vn 0.7079 -0.4684 0.5287
vn 0.8282 -0.1865 0.5286
vn 0.8697 0.1614 0.4664
vn 0.8697 0.1613 0.4665
vn 0.9084 0.1448 0.3921
vn 0.8911 -0.2136 0.4005
vn -0.1270 -0.1123 -0.9855
vn -0.1270 -0.1125 -0.9855
vn -0.1713 -0.0935 -0.9808
vn -0.1712 -0.0935 -0.9808
vn -0.0068 0.1695 -0.9855
vn -0.0511 0.1884 -0.9808
vn -0.2116 -0.4421 -0.8717
vn -0.2117 -0.4419 -0.8717
vn -0.2113 -0.4425 -0.8715
vn -0.2510 -0.4251 -0.8696
vn -0.2510 -0.4251 -0.8697
vn -0.2902 -0.4085 -0.8654
vn -0.3291 -0.3918 -0.8592
vn -0.2155 -0.0747 -0.9736
vn -0.0953 0.2072 -0.9736
vn -0.0953 0.2072 -0.9737
vn 0.0549 0.5088 -0.8591
vn 0.0549 0.5088 -0.8592
vn 0.0938 0.4921 -0.8655
vn 0.0938 0.4922 -0.8654
vn 0.1330 0.4755 -0.8696
vn 0.1723 0.4587 -0.8717
vn 0.1724 0.4587 -0.8717
vn 0.0377 0.1505 -0.9879
vn 0.0377 0.1507 -0.9879
vn -0.0824 -0.1314 -0.9879
vn -0.0823 -0.1315 -0.9879
vn 0.8030 -0.5090 0.3099
vn 0.8029 -0.5092 0.3099
vn 0.8031 -0.5090 0.3099
vn 0.9233 -0.2270 0.3099
vn 0.9232 -0.2271 0.3099
vn 0.5906 -0.7840 0.1910
vn 0.5810 -0.7799 0.2326
vn 0.5697 -0.7750 0.2736
vn 0.7879 -0.5027 0.3556
vn 0.9536 0.1255 0.2735
vn 0.9650 0.1208 0.2328
vn 0.9746 0.1165 0.1911
vn 0.9470 -0.2372 0.2167
vn -0.3026 -0.0376 -0.9524
vn -0.3452 -0.0195 -0.9383
vn -0.3452 -0.0194 -0.9383
vn -0.1824 0.2443 -0.9524
vn -0.2250 0.2625 -0.9383
vn -0.3678 -0.3753 -0.8508
vn -0.4060 -0.3591 -0.8404
vn -0.4436 -0.3429 -0.8280
vn -0.4437 -0.3430 -0.8279
vn -0.4436 -0.3430 -0.8280
vn -0.4806 -0.3272 -0.8136
vn -0.3872 -0.0015 -0.9220
vn -0.2670 0.2804 -0.9220
vn -0.0966 0.5734 -0.8136
vn -0.0597 0.5577 -0.8279
vn -0.0598 0.5577 -0.8279
vn -0.0596 0.5576 -0.8280
vn -0.0220 0.5415 -0.8404
vn -0.0220 0.5417 -0.8403
vn 0.0162 0.5252 -0.8508
vn -0.1391 0.2259 -0.9642
vn -0.2593 -0.0560 -0.9642
vn 0.8464 -0.5275 0.0728
vn 0.9667 -0.2454 0.0727
vn 0.6080 -0.7913 0.0642
vn 0.6042 -0.7896 0.1068
vn 0.5984 -0.7872 0.1491
vn 0.5981 -0.7875 0.1488
vn 0.9558 -0.2409 0.1688
vn 0.9881 0.1108 0.1068
vn 0.9919 0.1092 0.0643
vn 0.9919 0.1093 0.0643
vn 0.9919 0.1093 0.0642
vn 0.9939 0.1085 0.0214
vn 0.9688 -0.2466 0.0243
vn 0.8486 -0.5285 0.0243
vn -0.4690 0.0334 -0.8825
vn -0.4690 0.0333 -0.8826
vn -0.4690 0.0334 -0.8826
vn -0.5082 0.0502 -0.8598
vn -0.5081 0.0501 -0.8598
vn -0.5082 0.0501 -0.8598
vn -0.3486 0.3150 -0.8828
vn -0.3486 0.3152 -0.8827
vn -0.3486 0.3149 -0.8828
vn -0.3880 0.3320 -0.8598
vn -0.3879 0.3320 -0.8598
vn -0.5171 -0.3117 -0.7972
vn -0.5170 -0.3117 -0.7972
vn -0.5527 -0.2964 -0.7789
vn -0.5527 -0.2965 -0.7789
vn -0.5873 -0.2817 -0.7587
vn -0.6211 -0.2673 -0.7367
vn -0.5464 0.0664 -0.8349
vn -0.4262 0.3483 -0.8349
vn -0.4263 0.3483 -0.8349
vn -0.2371 0.6333 -0.7367
vn -0.2033 0.6189 -0.7587
vn -0.2034 0.6188 -0.7588
vn -0.2033 0.6188 -0.7587
vn -0.1687 0.6040 -0.7789
vn -0.1686 0.6039 -0.7791
vn -0.1686 0.6040 -0.7789
vn -0.1687 0.6041 -0.7789
vn -0.1331 0.5888 -0.7972
vn -0.1331 0.5889 -0.7972
vn -0.1330 0.5889 -0.7972
vn -0.3082 0.2980 -0.9034
vn -0.3081 0.2982 -0.9034
vn -0.3083 0.2980 -0.9034
vn -0.4285 0.0162 -0.9034
vn -0.4285 0.0161 -0.9034
vn 0.5984 -0.7872 -0.1491
vn 0.5984 -0.7872 -0.1489
vn 0.5984 -0.7872 -0.1490
vn 0.6041 -0.7898 -0.1067
vn 0.6041 -0.7897 -0.1068
vn 0.6039 -0.7899 -0.1067
vn 0.9939 0.1084 -0.0214
vn 0.9823 0.1132 -0.1489
vn 0.9824 0.1131 -0.1489
vn 0.9824 0.1128 -0.1487
vn 0.9557 -0.2410 -0.1689
vn 0.9557 -0.2410 -0.1688
vn -0.6194 0.0975 -0.7790
vn -0.6538 0.1122 -0.7483
vn -0.4991 0.3794 -0.7791
vn -0.4990 0.3794 -0.7791
vn -0.4992 0.3794 -0.7790
vn -0.5336 0.3941 -0.7483
vn -0.6539 -0.2536 -0.7128
vn -0.6541 -0.2536 -0.7127
vn -0.6540 -0.2535 -0.7128
vn -0.6539 -0.2534 -0.7129
vn -0.6855 -0.2399 -0.6874
vn -0.7160 -0.2271 -0.6602
vn -0.7159 -0.2269 -0.6603
vn -0.7450 -0.2144 -0.6317
vn -0.7450 -0.2144 -0.6316
vn -0.7450 -0.2145 -0.6316
vn -0.7450 -0.2145 -0.6317
vn -0.6869 0.1263 -0.7157
vn -0.5667 0.4082 -0.7157
vn -0.3611 0.6861 -0.6316
vn -0.3314 0.6739 -0.6603
vn -0.3317 0.6735 -0.6605
vn -0.3318 0.6737 -0.6603
vn -0.3319 0.6737 -0.6603
vn -0.3015 0.6608 -0.6874
vn -0.3015 0.6608 -0.6873
vn -0.2699 0.6472 -0.7129
vn -0.4634 0.3638 -0.8081
vn -0.4634 0.3641 -0.8079
vn -0.5835 0.0822 -0.8079
vn 0.8030 -0.5090 -0.3099
vn 0.9232 -0.2271 -0.3100
vn 0.9230 -0.2272 -0.3105
vn 0.9362 -0.2326 -0.2635
vn 0.9362 -0.2326 -0.2634
vn 0.5564 -0.7694 -0.3137
vn 0.5697 -0.7750 -0.2736
vn 0.5810 -0.7799 -0.2326
vn 0.5906 -0.7840 -0.1910
vn 0.9470 -0.2372 -0.2167
vn 0.9650 0.1207 -0.2326
vn 0.9537 0.1256 -0.2734
vn 0.9536 0.1256 -0.2735
vn -0.7484 0.1525 -0.6454
vn -0.7767 0.1646 -0.6080
vn -0.6282 0.4344 -0.6454
vn -0.6282 0.4344 -0.6455
vn -0.6565 0.4465 -0.6080
vn -0.7730 -0.2026 -0.6012
vn -0.7994 -0.1913 -0.5695
vn -0.8243 -0.1807 -0.5365
vn -0.8478 -0.1707 -0.5021
vn -0.8478 -0.1706 -0.5021
vn -0.8033 0.1759 -0.5690
vn -0.6832 0.4578 -0.5690
vn -0.6831 0.4578 -0.5690
vn -0.4638 0.7299 -0.5021
vn -0.4403 0.7199 -0.5365
vn -0.4154 0.7093 -0.5695
vn -0.4154 0.7092 -0.5695
vn -0.3890 0.6980 -0.6012
vn -0.5983 0.4217 -0.6814
vn -0.7185 0.1397 -0.6814
vn -0.7184 0.1398 -0.6814
vn -0.7185 0.1398 -0.6814
vn 0.7518 -0.4871 -0.4444
vn 0.7518 -0.4872 -0.4444
vn 0.8511 -0.1963 -0.4869
vn 0.4858 -0.7392 -0.4665
vn 0.5058 -0.7479 -0.4298
vn 0.5413 -0.7630 -0.3533
vn 0.5411 -0.7630 -0.3536
vn 0.7708 -0.4954 -0.4005
vn 0.7707 -0.4955 -0.4005
vn 0.8911 -0.2133 -0.4005
vn 0.9253 0.1376 -0.3535
vn 0.9085 0.1448 -0.3920
vn 0.8280 -0.1865 -0.5288
vn 0.8278 -0.1865 -0.5291
vn -0.1270 -0.1124 -0.9855
vn -0.0512 0.1884 -0.9808
vn -0.0068 0.1696 -0.9855
vn -0.3290 -0.3918 -0.8592
vn -0.2902 -0.4084 -0.8654
vn -0.2117 -0.4420 -0.8717
vn -0.2115 -0.4422 -0.8716
vn 0.1722 0.4588 -0.8717
vn 0.1329 0.4755 -0.8696
vn 0.0938 0.4921 -0.8654
vn 0.0549 0.5087 -0.8592
vn -0.8721 0.2052 -0.4443
vn -0.7518 0.4871 -0.4443
vn -0.9084 -0.1448 -0.3921
vn -0.7709 0.4953 -0.4004
vn -0.5413 0.7630 -0.3533
vn -0.5413 0.7630 -0.3532
vn -0.5245 0.7557 -0.3921
vn -0.4857 0.7393 -0.4665
vn -0.7079 0.4685 -0.5286
vn 0.6282 -0.4345 -0.6454
vn 0.6284 -0.4344 -0.6452
vn 0.6565 -0.4464 -0.6080
vn 0.6565 -0.4465 -0.6079
vn 0.7486 -0.1524 -0.6452
vn 0.7485 -0.1525 -0.6454
vn 0.7486 -0.1525 -0.6453
vn 0.3891 -0.6981 -0.6011
vn 0.3891 -0.6980 -0.6011
vn 0.3890 -0.6982 -0.6010
vn 0.4154 -0.7093 -0.5696
vn 0.6831 -0.4578 -0.5691
vn 0.8244 0.1807 -0.5365
vn 0.8243 0.1807 -0.5366
vn 0.7994 0.1913 -0.5695
vn 0.7995 0.1913 -0.5695
vn 0.7730 0.2024 -0.6012
vn 0.7731 0.2024 -0.6011
vn 0.7733 0.2022 -0.6010
vn -0.3452 -0.0193 -0.9383
vn -0.3026 -0.0377 -0.9524
vn -0.2251 0.2625 -0.9383
vn -0.1824 0.2442 -0.9524
vn -0.0597 0.5576 -0.8279
vn -0.0967 0.5734 -0.8135
vn -0.0967 0.5734 -0.8136
vn -0.2671 0.2804 -0.9220
vn -0.2672 0.2806 -0.9219
vn -0.2671 0.2805 -0.9220
vn -0.3874 -0.0015 -0.9219
vn -0.3873 -0.0015 -0.9220
vn -0.3875 -0.0015 -0.9219
vn -0.9232 0.2271 -0.3100
vn -0.8031 0.5089 -0.3099
vn -0.8031 0.5089 -0.3098
vn -0.8032 0.5089 -0.3097
vn -0.8160 0.5144 -0.2636
vn -0.9403 -0.1313 -0.3139
vn -0.9404 -0.1312 -0.3138
vn -0.9746 -0.1166 -0.1912
vn -0.9470 0.2371 -0.2166
vn -0.8268 0.5191 -0.2167
vn -0.5813 0.7798 -0.2325
vn -0.5815 0.7796 -0.2325
vn -0.5697 0.7750 -0.2736
vn -0.7878 0.5028 -0.3557
vn -0.7880 0.5027 -0.3556
vn 0.4992 -0.3795 -0.7790
vn 0.3015 -0.6608 -0.6873
vn 0.3319 -0.6737 -0.6602
vn 0.5667 -0.4083 -0.7157
vn 0.5667 -0.4083 -0.7156
vn 0.5666 -0.4082 -0.7158
vn 0.5835 -0.0823 -0.8079
vn -0.5082 0.0500 -0.8598
vn -0.4686 0.0332 -0.8828
vn -0.4684 0.0331 -0.8829
vn -0.4688 0.0333 -0.8827
vn -0.3485 0.3151 -0.8827
vn -0.3485 0.3152 -0.8827
vn -0.3484 0.3150 -0.8828
vn -0.6215 -0.2675 -0.7363
vn -0.6211 -0.2672 -0.7368
vn -0.5526 -0.2965 -0.7789
vn -0.5171 -0.3116 -0.7972
vn -0.5171 -0.3115 -0.7972
vn -0.3084 0.2980 -0.9034
vn -0.1332 0.5889 -0.7972
vn -0.1688 0.6041 -0.7789
vn -0.1689 0.6040 -0.7789
vn -0.1688 0.6040 -0.7789
vn -0.9623 0.2438 -0.1209
vn -0.9824 -0.1128 -0.1486
vn -0.9919 -0.1092 -0.0643
vn -0.9919 -0.1093 -0.0643
vn -0.9939 -0.1084 -0.0213
vn -0.8486 0.5284 -0.0242
vn -0.6080 0.7914 -0.0642
vn -0.6042 0.7897 -0.1067
vn -0.6041 0.7897 -0.1068
vn -0.6042 0.7896 -0.1067
vn -0.8356 0.5228 -0.1688
vn -0.8356 0.5227 -0.1688
vn -0.8355 0.5228 -0.1689
vn -0.9557 0.2410 -0.1689
vn 0.3485 -0.3152 -0.8827
vn 0.1332 -0.5889 -0.7972
vn 0.1333 -0.5889 -0.7971
vn 0.1687 -0.6040 -0.7789
vn 0.2372 -0.6332 -0.7368
vn 0.5873 0.2817 -0.7588
vn 0.5170 0.3115 -0.7973
vn 0.5171 0.3117 -0.7971
vn 0.4285 -0.0160 -0.9034
vn -0.7451 -0.2144 -0.6316
vn -0.7451 -0.2143 -0.6316
vn -0.2700 0.6472 -0.7129
vn -0.2702 0.6471 -0.7129
vn -0.3015 0.6607 -0.6874
vn -0.3016 0.6607 -0.6874
vn -0.6868 0.1263 -0.7158
vn -0.9666 0.2457 0.0727
vn -0.9623 0.2438 0.1210
vn -0.9623 0.2436 0.1209
vn -0.8464 0.5275 0.0727
vn -0.8421 0.5256 0.1210
vn -0.9557 0.2409 0.1689
vn -0.5984 0.7872 0.1490
vn -0.6042 0.7897 0.1067
vn -0.6042 0.7896 0.1067
vn -0.6079 0.7914 0.0642
vn 0.1824 -0.2444 -0.9524
vn 0.1824 -0.2442 -0.9524
vn 0.3026 0.0375 -0.9524
vn 0.3026 0.0373 -0.9524
vn 0.3452 0.0192 -0.9383
vn 0.3452 0.0193 -0.9383
vn 0.0594 -0.5576 -0.8280
vn 0.0591 -0.5576 -0.8280
vn 0.0593 -0.5576 -0.8280
vn 0.0968 -0.5734 -0.8135
vn 0.0967 -0.5734 -0.8136
vn 0.0967 -0.5733 -0.8136
vn 0.2670 -0.2806 -0.9219
vn 0.3873 0.0015 -0.9220
vn 0.4061 0.3592 -0.8403
vn 0.4061 0.3593 -0.8403
vn 0.4064 0.3594 -0.8401
vn 0.3679 0.3753 -0.8508
vn 0.2594 0.0561 -0.9641
vn 0.2595 0.0562 -0.9641
vn 0.2596 0.0563 -0.9641
vn -0.6280 0.4344 -0.6457
vn -0.6283 0.4344 -0.6454
vn -0.7730 -0.2025 -0.6012
vn -0.5982 0.4217 -0.6815
vn -0.5982 0.4217 -0.6814
vn -0.4155 0.7095 -0.5692
vn -0.4155 0.7092 -0.5696
vn -0.0000 -1.0000 -0.0000
vn 0.9952 -0.0000 -0.0981
vn 0.9952 -0.0000 -0.0977
vn 0.2439 -0.8557 -0.4563
vn 0.2439 -0.8559 -0.4559
vn 0.2440 -0.8556 -0.4565
vn 0.2440 -0.8557 -0.4564
vn 0.0507 -0.8557 0.5150
vn 0.0507 -0.8556 0.5152
vn 0.0506 -0.8560 0.5145
vn -0.3284 -0.8556 -0.4001
vn -0.3283 -0.8558 -0.3998
vn -0.3283 -0.8557 -0.3999
vn -0.3284 -0.8556 -0.4002
vn 0.1502 -0.8558 -0.4950
vn 0.1502 -0.8558 -0.4951
vn 0.1502 -0.8557 -0.4952
vn 0.1502 -0.8555 0.4956
vn 0.1502 -0.8557 0.4953
vn 0.1503 -0.8556 0.4953
vn 0.1502 -0.8556 0.4953
vn -0.4001 -0.8556 -0.3284
vn -0.4000 -0.8557 -0.3283
vn -0.4002 -0.8556 -0.3284
vn -0.3999 -0.8557 -0.3283
vn 0.0507 -0.8559 -0.5147
vn 0.0507 -0.8557 -0.5149
vn 0.0508 -0.8557 -0.5150
vn 0.0508 -0.8558 -0.5147
vn 0.2441 -0.8555 0.4566
vn 0.2442 -0.8555 0.4566
vn 0.2441 -0.8555 0.4567
vn 0.2440 -0.8556 0.4566
vn -0.4564 -0.8557 -0.2440
vn -0.4565 -0.8556 -0.2440
vn 0.3284 -0.8556 0.4001
vn 0.3283 -0.8556 0.4001
vn 0.3284 -0.8556 0.4002
vn -0.4956 -0.8555 -0.1503
vn -0.4955 -0.8555 -0.1502
vn -0.4955 -0.8555 -0.1503
vn -0.4954 -0.8555 -0.1503
vn 0.4001 -0.8556 0.3283
vn 0.4000 -0.8557 0.3283
vn 0.3999 -0.8557 0.3283
vn -0.5151 -0.8556 -0.0507
vn -0.5152 -0.8556 -0.0507
vn -0.5156 -0.8553 -0.0507
vn 0.4565 -0.8556 0.2440
vn 0.4568 -0.8554 0.2443
vn 0.4566 -0.8555 0.2441
vn 0.4564 -0.8557 0.2440
vn -0.5153 -0.8555 0.0507
vn -0.5156 -0.8553 0.0507
vn -0.5152 -0.8556 0.0507
vn -0.5151 -0.8556 0.0507
vn 0.4954 -0.8556 0.1503
vn 0.4953 -0.8557 0.1502
vn 0.4953 -0.8556 0.1503
vn -0.4953 -0.8556 0.1502
vn -0.4954 -0.8555 0.1503
vn -0.4954 -0.8556 0.1503
vn 0.5153 -0.8555 0.0507
vn 0.5151 -0.8556 0.0507
vn -0.4564 -0.8557 0.2440
vn -0.4569 -0.8554 0.2441
vn 0.5152 -0.8556 -0.0507
vn 0.5151 -0.8556 -0.0507
vn -0.4000 -0.8557 0.3283
vn -0.4001 -0.8556 0.3283
vn 0.4953 -0.8556 -0.1502
vn 0.4952 -0.8557 -0.1502
vn 0.4954 -0.8556 -0.1503
vn -0.3284 -0.8555 0.4003
vn -0.3284 -0.8556 0.4002
vn -0.3283 -0.8555 0.4003
vn 0.4566 -0.8556 -0.2441
vn 0.4563 -0.8557 -0.2440
vn 0.4565 -0.8556 -0.2440
vn 0.4569 -0.8554 -0.2441
vn -0.2441 -0.8556 0.4565
vn -0.2443 -0.8554 0.4568
vn -0.2443 -0.8554 0.4567
vn -0.2441 -0.8556 0.4564
vn -0.0507 -0.8557 -0.5150
vn -0.0507 -0.8557 -0.5149
vn -0.0507 -0.8555 -0.5153
vn 0.4001 -0.8557 -0.3281
vn 0.4003 -0.8557 -0.3280
vn 0.4000 -0.8557 -0.3282
vn -0.1501 -0.8557 0.4953
vn -0.1502 -0.8558 0.4951
vn -0.1502 -0.8557 0.4952
vn -0.1502 -0.8557 0.4953
vn -0.1502 -0.8557 -0.4952
vn -0.1502 -0.8556 -0.4953
vn -0.1501 -0.8559 -0.4948
vn -0.1502 -0.8558 -0.4950
vn 0.3284 -0.8558 -0.3998
vn 0.3283 -0.8556 -0.4001
vn 0.3286 -0.8556 -0.3999
vn 0.3285 -0.8558 -0.3995
vn -0.0507 -0.8559 0.5146
vn -0.0507 -0.8558 0.5148
vn -0.0506 -0.8559 0.5147
vn -0.0506 -0.8558 0.5148
vn -0.2441 -0.8556 -0.4565
vn -0.2439 -0.8557 -0.4564
vn -0.2438 -0.8558 -0.4562
vn -0.2439 -0.8558 -0.4563
vn -0.0000 1.0000 -0.0000
vn -0.7729 -0.0000 0.6346
vn 0.9569 -0.0000 -0.2903
vn -0.6343 -0.0000 0.7731
vn 0.8818 -0.0000 -0.4716
vn -0.4716 -0.0000 0.8818
vn -0.0980 -0.0000 -0.9952
vn 0.7730 -0.0000 -0.6343
vn 0.7735 -0.0000 -0.6338
vn 0.7732 -0.0000 -0.6342
vn -0.2903 -0.0000 0.9569
vn -0.2903 -0.0000 -0.9569
vn 0.6343 -0.0000 -0.7731
vn -0.0980 -0.0000 0.9952
vn -0.4716 -0.0000 -0.8818
vn 0.4716 -0.0000 -0.8818
vn 0.0978 -0.0000 0.9952
vn 0.0977 -0.0000 0.9952
vn -0.6343 -0.0000 -0.7731
vn 0.2903 -0.0000 -0.9569
vn 0.2903 -0.0000 0.9569
vn -0.7730 -0.0000 -0.6344
vn -0.7735 -0.0000 -0.6338
vn -0.7732 -0.0000 -0.6342
vn 0.0981 -0.0000 -0.9952
vn 0.0977 -0.0000 -0.9952
vn 0.4716 -0.0000 0.8818
vn -0.8818 -0.0000 -0.4716
vn 0.6343 -0.0000 0.7731
vn -0.9569 -0.0000 -0.2903
vn 0.7729 -0.0000 0.6346
vn -0.9952 -0.0000 -0.0981
vn 0.8818 -0.0000 0.4716
vn -0.9952 -0.0000 0.0981
vn 0.9569 -0.0000 0.2903
vn -0.9569 -0.0000 0.2903
vn 0.9952 -0.0000 0.0978
vn 0.9952 -0.0000 0.0977
vn -0.8818 -0.0000 0.4716
vn -0.8376 -0.4835 -0.2541
vn -0.8376 -0.4836 -0.2541
vn -0.8376 -0.4835 -0.2542
vn -0.8376 -0.4835 -0.2544
vn 0.6766 -0.4836 0.5553
vn 0.6765 -0.4835 0.5554
vn -0.8711 -0.4836 -0.0855
vn -0.8711 -0.4836 -0.0856
vn -0.8711 -0.4835 -0.0858
vn -0.8711 -0.4836 -0.0858
vn 0.7718 -0.4836 0.4130
vn 0.7719 -0.4837 0.4126
vn 0.7718 -0.4838 0.4127
vn 0.7717 -0.4836 0.4131
vn -0.8711 -0.4836 0.0857
vn -0.8711 -0.4836 0.0858
vn 0.8376 -0.4837 0.2540
vn 0.8376 -0.4837 0.2539
vn 0.8375 -0.4837 0.2542
vn 0.8376 -0.4836 0.2541
vn -0.8376 -0.4835 0.2541
vn -0.8376 -0.4835 0.2544
vn -0.8375 -0.4836 0.2544
vn -0.8376 -0.4836 0.2541
vn 0.8711 -0.4836 0.0858
vn 0.8711 -0.4836 0.0856
vn 0.8711 -0.4836 0.0857
vn -0.7720 -0.4836 0.4125
vn -0.7719 -0.4836 0.4127
vn 0.8711 -0.4836 -0.0859
vn 0.8710 -0.4837 -0.0862
vn 0.8711 -0.4836 -0.0858
vn -0.6766 -0.4836 0.5553
vn -0.6764 -0.4836 0.5555
vn 0.8376 -0.4836 -0.2541
vn 0.8376 -0.4836 -0.2542
vn -0.5550 -0.4836 0.6768
vn -0.5551 -0.4836 0.6768
vn -0.5553 -0.4836 0.6766
vn 0.7718 -0.4834 -0.4130
vn 0.7719 -0.4836 -0.4126
vn 0.7719 -0.4835 -0.4127
vn 0.7719 -0.4835 -0.4128
vn -0.4126 -0.4836 0.7719
vn -0.4127 -0.4836 0.7719
vn -0.4126 -0.4836 0.7720
vn -0.0857 -0.4836 -0.8711
vn -0.0858 -0.4836 -0.8711
vn -0.0860 -0.4836 -0.8711
vn 0.6765 -0.4836 -0.5554
vn 0.6767 -0.4837 -0.5552
vn 0.6766 -0.4838 -0.5552
vn 0.6764 -0.4836 -0.5555
vn -0.2539 -0.4837 0.8376
vn -0.2540 -0.4836 0.8376
vn -0.2541 -0.4837 0.8375
vn -0.2539 -0.4836 0.8377
vn -0.2540 -0.4837 -0.8376
vn -0.2543 -0.4837 -0.8375
vn -0.2544 -0.4836 -0.8375
vn -0.2541 -0.4836 -0.8376
vn 0.5554 -0.4837 -0.6764
vn 0.5556 -0.4836 -0.6763
vn 0.5555 -0.4836 -0.6764
vn 0.5551 -0.4833 -0.6770
vn -0.0859 -0.4835 0.8711
vn -0.0862 -0.4836 0.8710
vn -0.0860 -0.4836 0.8711
vn -0.0852 -0.4833 0.8713
vn -0.4124 -0.4838 -0.7719
vn -0.4126 -0.4836 -0.7719
vn -0.4128 -0.4837 -0.7718
vn 0.4125 -0.4837 -0.7719
vn 0.4126 -0.4836 -0.7719
vn 0.4126 -0.4837 -0.7719
vn 0.0858 -0.4836 0.8711
vn 0.0860 -0.4834 0.8712
vn -0.5551 -0.4836 -0.6767
vn -0.5550 -0.4836 -0.6769
vn -0.5554 -0.4838 -0.6763
vn -0.5555 -0.4839 -0.6762
vn 0.2544 -0.4836 -0.8375
vn 0.2545 -0.4837 -0.8374
vn 0.2545 -0.4836 -0.8375
vn 0.2543 -0.4836 -0.8375
vn 0.2542 -0.4834 0.8377
vn 0.2541 -0.4836 0.8376
vn 0.2543 -0.4834 0.8376
vn 0.2544 -0.4833 0.8377
vn -0.6767 -0.4836 -0.5551
vn -0.6767 -0.4836 -0.5552
vn -0.6768 -0.4836 -0.5551
vn 0.0858 -0.4836 -0.8711
vn 0.0855 -0.4836 -0.8711
vn 0.0857 -0.4836 -0.8711
vn 0.4127 -0.4836 0.7719
vn 0.4131 -0.4834 0.7718
vn 0.4130 -0.4835 0.7718
vn 0.4126 -0.4836 0.7720
vn -0.7720 -0.4836 -0.4125
vn -0.7719 -0.4836 -0.4127
vn 0.5554 -0.4837 0.6764
vn 0.5554 -0.4837 0.6765
vn 0.5553 -0.4836 0.6765
vn -0.8308 -0.5505 0.0817
vn -0.8308 -0.5506 0.0817
vn -0.8308 -0.5506 0.0816
vn -0.8308 -0.5506 0.0815
vn 0.7989 -0.5505 0.2423
vn -0.7989 -0.5505 0.2423
vn -0.7989 -0.5505 0.2422
vn -0.7987 -0.5507 0.2425
vn 0.8308 -0.5505 0.0817
vn 0.8308 -0.5506 0.0818
vn 0.8309 -0.5505 0.0817
vn -0.7363 -0.5504 0.3936
vn -0.7364 -0.5504 0.3934
vn -0.7362 -0.5506 0.3935
vn 0.8307 -0.5507 -0.0819
vn 0.8305 -0.5509 -0.0820
vn 0.8308 -0.5506 -0.0819
vn 0.8308 -0.5505 -0.0818
vn -0.6451 -0.5505 0.5298
vn -0.6452 -0.5508 0.5295
vn -0.6453 -0.5505 0.5297
vn 0.7989 -0.5505 -0.2423
vn 0.7989 -0.5504 -0.2423
vn -0.5296 -0.5506 0.6452
vn -0.5296 -0.5505 0.6453
vn -0.5296 -0.5506 0.6453
vn -0.5297 -0.5506 0.6452
vn 0.7362 -0.5506 -0.3935
vn 0.7361 -0.5507 -0.3935
vn 0.7362 -0.5507 -0.3935
vn -0.3937 -0.5504 0.7362
vn -0.3935 -0.5506 0.7362
vn -0.3936 -0.5506 0.7361
vn -0.3935 -0.5505 0.7362
vn -0.0820 -0.5509 -0.8305
vn -0.0820 -0.5510 -0.8305
vn -0.0819 -0.5507 -0.8307
vn -0.0818 -0.5505 -0.8308
vn 0.6453 -0.5506 -0.5296
vn 0.6452 -0.5508 -0.5295
vn 0.6453 -0.5505 -0.5296
vn -0.2423 -0.5505 0.7989
vn -0.2424 -0.5505 0.7989
vn -0.2428 -0.5506 0.7987
vn -0.2423 -0.5504 -0.7990
vn -0.2423 -0.5505 -0.7989
vn 0.5296 -0.5505 -0.6453
vn 0.5295 -0.5507 -0.6453
vn -0.0817 -0.5504 0.8309
vn -0.0820 -0.5510 0.8305
vn -0.0818 -0.5505 0.8308
vn -0.3935 -0.5505 -0.7362
vn -0.3935 -0.5506 -0.7362
vn -0.3935 -0.5504 -0.7363
vn 0.3935 -0.5507 -0.7362
vn 0.3935 -0.5506 -0.7362
vn 0.0818 -0.5504 0.8309
vn 0.0818 -0.5505 0.8308
vn 0.0815 -0.5505 0.8309
vn -0.5295 -0.5508 -0.6452
vn -0.5296 -0.5506 -0.6453
vn -0.5295 -0.5507 -0.6452
vn -0.5295 -0.5507 -0.6453
vn 0.2422 -0.5505 -0.7989
vn 0.2421 -0.5507 -0.7988
vn 0.2423 -0.5505 -0.7989
vn 0.2423 -0.5505 0.7989
vn -0.6452 -0.5506 -0.5296
vn -0.6454 -0.5505 -0.5296
vn -0.6453 -0.5505 -0.5296
vn 0.0818 -0.5505 -0.8308
vn 0.0818 -0.5506 -0.8308
vn 0.3936 -0.5502 0.7364
vn 0.3935 -0.5503 0.7364
vn 0.3935 -0.5504 0.7363
vn 0.3936 -0.5505 0.7363
vn -0.7365 -0.5500 -0.3937
vn -0.7364 -0.5503 -0.3935
vn -0.7364 -0.5502 -0.3936
vn -0.7363 -0.5505 -0.3936
vn 0.5299 -0.5503 0.6453
vn 0.5296 -0.5505 0.6453
vn 0.5298 -0.5503 0.6454
vn 0.5299 -0.5504 0.6452
vn -0.7989 -0.5505 -0.2424
vn -0.7989 -0.5505 -0.2423
vn -0.7991 -0.5500 -0.2426
vn 0.6454 -0.5503 0.5297
vn 0.6455 -0.5503 0.5297
vn 0.6455 -0.5503 0.5296
vn -0.8308 -0.5505 -0.0817
vn -0.8308 -0.5505 -0.0816
vn -0.8308 -0.5506 -0.0816
vn 0.7362 -0.5507 0.3934
vn 0.7362 -0.5506 0.3935
vn 0.7362 -0.5507 0.3933
vn 0.2898 -0.0000 -0.9571
vn 0.2898 -0.0000 0.9571
vn -0.7731 -0.0000 -0.6343
vn 0.0983 -0.0000 -0.9952
vn 0.4713 -0.0000 0.8820
vn -0.8820 -0.0000 -0.4713
vn -0.9569 -0.0000 -0.2905
vn 0.7731 -0.0000 0.6343
vn -0.9952 -0.0000 -0.0979
vn -0.9952 -0.0000 -0.0980
vn 0.8817 -0.0000 0.4718
vn -0.9952 -0.0000 0.0979
vn -0.9952 -0.0000 0.0980
vn -0.9952 -0.0000 0.0978
vn -0.9569 -0.0000 0.2904
vn -0.9568 -0.0000 0.2907
vn 0.9952 -0.0000 0.0981
vn 0.9952 -0.0000 0.0980
vn -0.8817 -0.0000 0.4718
vn 0.9952 -0.0000 -0.0980
vn -0.7731 -0.0000 0.6343
vn 0.9571 -0.0000 -0.2898
vn 0.9570 -0.0000 -0.2901
vn 0.8820 -0.0000 -0.4713
vn -0.4718 -0.0000 0.8817
vn -0.4713 -0.0000 0.8820
vn -0.0983 -0.0000 -0.9952
vn 0.7731 -0.0000 -0.6343
vn -0.2901 -0.0000 -0.9570
vn -0.0983 -0.0000 0.9952
vn -0.4718 -0.0000 -0.8817
vn -0.4713 -0.0000 -0.8820
vn 0.4713 -0.0000 -0.8820
vn 0.0983 -0.0000 0.9952
vn 0.3549 -0.0000 0.9349
vn 0.3550 -0.0000 0.9349
vn 0.1657 -0.0000 0.9862
vn -0.0299 -0.0000 0.9996
vn -0.2243 -0.0000 0.9745
vn -0.4101 -0.0000 0.9121
vn -0.5801 -0.0000 0.8145
vn -0.5802 -0.0000 0.8145
vn -0.7279 -0.0000 0.6857
vn -0.8477 -0.0000 0.5305
vn -0.9349 -0.0000 0.3549
vn -0.9862 -0.0000 0.1657
vn -0.9996 -0.0000 -0.0299
vn -0.9745 -0.0000 -0.2243
vn -0.9121 -0.0000 -0.4101
vn -0.9120 -0.0000 -0.4101
vn -0.9121 -0.0000 -0.4100
vn -0.8145 -0.0000 -0.5802
vn -0.6857 -0.0000 -0.7279
vn -0.5305 -0.0000 -0.8477
vn -0.3549 -0.0000 -0.9349
vn -0.1657 -0.0000 -0.9862
vn -0.1658 -0.0000 -0.9862
vn 0.0299 -0.0000 -0.9996
vn 0.2243 -0.0000 -0.9745
vn 0.4101 -0.0000 -0.9120
vn 0.5802 -0.0000 -0.8145
vn 0.7279 -0.0000 -0.6857
vn 0.8477 -0.0000 -0.5305
vn 0.9349 -0.0000 -0.3549
vn 0.9862 -0.0000 -0.1657
vn 0.9996 -0.0000 0.0299
vn 0.9745 -0.0000 0.2243
vn 0.9121 -0.0000 0.4101
vn 0.9120 -0.0000 0.4101
vn 0.8145 -0.0000 0.5802
vn -0.8312 0.4606 0.3113
vn 0.6857 -0.0000 0.7279
vn 0.5305 -0.0000 0.8477
vn -0.0000 -1.0000 -0.0001
vn -0.0000 -1.0000 -0.0003
vn -0.0000 -1.0000 0.0001
vn -0.0000 -1.0000 0.0003
vn -0.0000 -1.0000 -0.0002
vn -0.0000 -1.0000 0.0002
vn -0.0579 0.6232 0.7799
vn 0.0800 0.7021 -0.7076
vn 0.0799 0.7021 -0.7075
vn 0.0799 0.7021 -0.7076
vn 0.1629 0.9797 -0.1167
vn -0.3330 0.4517 0.8277
vn -0.6771 0.4608 -0.5738
vn 0.1180 0.9930 -0.0100
vn 0.4226 0.5300 0.7352
vn 0.4227 0.5300 0.7352
vn 0.5559 0.6037 0.5715
vn 0.5559 0.6037 0.5714
vn 0.5558 0.6036 0.5715
vn -0.8784 0.4584 0.1349
vn 0.2241 0.8075 -0.5456
vn 0.2940 0.9504 -0.1014
vn 0.2940 0.9504 -0.1015
vn -0.4980 0.4548 0.7383
vn -0.5215 0.4843 -0.7025
vn -0.5216 0.4843 -0.7024
vn 0.0647 0.9978 -0.0115
vn 0.2447 0.4843 0.8400
vn 0.2446 0.4843 0.8400
vn -0.8892 0.4548 -0.0493
vn 0.2814 0.8946 -0.3472
vn 0.2815 0.8945 -0.3472
vn 0.2814 0.8945 -0.3473
vn 0.4466 0.8946 -0.0144
vn 0.4467 0.8946 -0.0143
vn 0.4467 0.8946 -0.0144
vn 0.4467 0.8946 -0.0145
vn -0.6383 0.4584 0.6184
vn -0.3304 0.5300 -0.7810
vn 0.0482 0.9978 -0.0447
vn 0.0482 0.9978 -0.0446
vn 0.0482 0.4608 0.8862
vn -0.8607 0.4517 -0.2348
vn 0.2584 0.9504 -0.1730
vn 0.2583 0.9504 -0.1730
vn 0.5702 0.8075 0.1511
vn 0.5702 0.8075 0.1512
vn -0.7503 0.4606 0.4742
vn -0.7503 0.4606 0.4743
vn -0.1195 0.6037 -0.7882
vn 0.0792 0.9930 -0.0880
vn -0.1484 0.4521 0.8795
vn -0.1485 0.4521 0.8795
vn -0.7905 0.4521 -0.4132
vn 0.1914 0.9797 -0.0593
vn 0.6121 0.7021 0.3638
vn 0.6122 0.7021 0.3638
vn 0.6122 0.7021 0.3637
vn 0.8203 -0.4014 -0.4074
vn 0.8201 -0.4014 -0.4077
vn 0.8203 -0.4016 -0.4073
vn 0.8203 -0.4014 -0.4075
vn 0.8203 -0.4015 -0.4073
vn 0.8203 -0.4014 -0.4073
vn 0.8203 -0.4015 -0.4074
vn 0.8201 -0.4016 -0.4077
vn 0.8202 -0.4014 -0.4076
vn 0.8201 -0.4017 -0.4075
vn 0.8203 -0.4013 -0.4075
vn 0.8204 -0.4015 -0.4071
vn 0.8203 -0.4013 -0.4074
vn 0.8202 -0.4018 -0.4073
vn 0.8204 -0.4013 -0.4074
vn 0.8203 -0.4013 -0.4076
vn 0.8204 -0.4014 -0.4073
vn 0.9366 -0.1056 0.3341
vn 0.9366 -0.1055 0.3341
vn 0.2996 -0.1056 -0.9482
vn 0.2997 -0.1054 -0.9482
vn -0.1544 0.7314 0.6643
vn -0.1545 0.7314 0.6642
vn -0.1545 0.7314 0.6643
vn 0.5747 -0.0878 0.8136
vn 0.5748 -0.0878 0.8136
vn 0.5748 -0.0878 0.8135
vn 0.8931 0.3342 -0.3011
vn 0.8931 0.3342 -0.3012
vn 0.8932 0.3341 -0.3010
vn -0.2405 0.8072 0.5390
vn 0.7744 0.6269 0.0857
vn 0.7744 0.6268 0.0857
vn 0.7744 0.6269 0.0858
vn -0.3184 0.8550 0.4094
vn 0.6107 0.7775 0.1501
vn 0.6107 0.7775 0.1502
vn -0.3901 0.8780 0.2773
vn 0.4802 0.8702 0.1105
vn -0.4567 0.8780 0.1432
vn 0.3773 0.9256 0.0287
vn 0.3773 0.9256 0.0286
vn -0.5186 0.8550 0.0064
vn 0.2976 0.9518 -0.0749
vn 0.2976 0.9518 -0.0748
vn -0.5748 0.8072 -0.1342
vn -0.5748 0.8072 -0.1341
vn 0.2395 0.9518 -0.1918
vn 0.2394 0.9518 -0.1918
vn -0.6226 0.7314 -0.2783
vn -0.6226 0.7314 -0.2782
vn 0.2052 0.9256 -0.3179
vn 0.2052 0.9256 -0.3180
vn -0.6564 0.6232 -0.4251
vn 0.2020 0.8702 -0.4494
vn 0.2021 0.8702 -0.4493
vn -0.6664 0.4793 -0.5711
vn -0.6663 0.4794 -0.5711
vn 0.3422 0.0998 0.9343
vn 0.2494 0.7775 -0.5773
vn 0.2493 0.7775 -0.5774
vn 0.2493 0.7775 -0.5773
vn -0.6362 0.3010 -0.7103
vn -0.6362 0.3011 -0.7103
vn -0.6362 0.3010 -0.7104
vn 0.1817 0.3010 0.9362
vn 0.1815 0.3010 0.9362
vn 0.1816 0.3010 0.9362
vn 0.3996 0.6269 -0.6688
vn 0.3995 0.6269 -0.6689
vn -0.5377 0.0998 -0.8372
vn 0.0526 0.4794 0.8760
vn 0.0523 0.4795 0.8760
vn 0.0524 0.4795 0.8760
vn 0.7796 0.3342 -0.5297
vn 0.7796 0.3341 -0.5296
vn 0.7796 0.3343 -0.5296
vn -0.3010 -0.0878 -0.9496
vn -0.3009 -0.0878 -0.9496
vn -0.7148 -0.0000 0.6994
vn -0.7147 -0.0000 0.6994
vn -0.7148 -0.0000 0.6993
vn -0.8375 -0.0000 0.5465
vn -0.9280 -0.0000 0.3726
vn -0.9829 -0.0000 0.1844
vn -0.9999 -0.0000 -0.0109
vn -0.9786 -0.0000 -0.2058
vn -0.9197 -0.0000 -0.3927
vn -0.8254 -0.0000 -0.5646
vn -0.8254 -0.0000 -0.5645
vn -0.8253 -0.0000 -0.5646
vn -0.6993 -0.0000 -0.7148
vn -0.5465 -0.0000 -0.8375
vn -0.3725 -0.0000 -0.9280
vn -0.3726 -0.0000 -0.9280
vn -0.1844 -0.0000 -0.9828
vn -0.1844 -0.0000 -0.9829
vn 0.0109 -0.0000 -0.9999
vn 0.2058 -0.0000 -0.9786
vn 0.3927 -0.0000 -0.9196
vn 0.3926 -0.0000 -0.9197
vn 0.5646 -0.0000 -0.8253
vn 0.7148 -0.0000 -0.6994
vn 0.7148 -0.0000 -0.6993
vn 0.7147 -0.0000 -0.6994
vn 0.8375 -0.0000 -0.5465
vn 0.8375 -0.0000 -0.5464
vn 0.9280 -0.0000 -0.3726
vn 0.9829 -0.0000 -0.1844
vn 0.9999 -0.0000 0.0109
vn 0.9786 -0.0000 0.2058
vn 0.9197 -0.0000 0.3927
vn 0.9197 -0.0000 0.3926
vn 0.8253 -0.0000 0.5647
vn 0.8252 -0.0000 0.5648
vn 0.6993 -0.0000 0.7148
vn 0.6994 -0.0000 0.7148
vn 0.5464 -0.0000 0.8375
vn 0.5465 -0.0000 0.8374
vn 0.3726 -0.0000 0.9280
vn 0.1844 -0.0000 0.9829
vn -0.0109 -0.0000 0.9999
vn -0.2058 -0.0000 0.9786
vn -0.6179 0.4606 -0.6372
vn -0.3927 -0.0000 0.9197
vn -0.5645 -0.0000 0.8254
vn -0.5645 -0.0000 0.8255
vn -0.7379 0.6232 0.2591
vn -0.7379 0.6232 0.2590
vn 0.6804 0.7021 -0.2099
vn 0.1721 0.9797 0.1026
vn 0.1721 0.9797 0.1025
vn -0.8918 0.4517 0.0260
vn 0.2549 0.4608 -0.8501
vn 0.2550 0.4608 -0.8501
vn 0.2551 0.4608 -0.8501
vn 0.0563 0.9930 0.1042
vn 0.0563 0.9930 0.1041
vn -0.5047 0.5300 0.6815
vn -0.5046 0.5300 0.6815
vn -0.3013 0.6037 0.7381
vn -0.3012 0.6037 0.7381
vn -0.4751 0.4584 -0.7511
vn 0.5897 0.8075 -0.0129
vn 0.5897 0.8075 -0.0130
vn 0.2105 0.9504 0.2289
vn 0.2106 0.9504 0.2289
vn -0.8759 0.4548 -0.1610
vn -0.8759 0.4549 -0.1610
vn 0.4350 0.4843 -0.7591
vn 0.0364 0.9978 0.0547
vn 0.0364 0.9978 0.0548
vn -0.6720 0.4843 0.5603
vn -0.3106 0.4548 -0.8347
vn 0.4308 0.8946 0.1188
vn 0.4308 0.8946 0.1189
vn 0.4307 0.8946 0.1190
vn 0.1919 0.8946 0.4036
vn 0.1918 0.8946 0.4036
vn 0.1920 0.8946 0.4036
vn -0.8221 0.4584 -0.3375
vn -0.8222 0.4584 -0.3375
vn 0.5836 0.5300 -0.6153
vn 0.5836 0.5300 -0.6152
vn 0.5835 0.5300 -0.6153
vn 0.5835 0.5300 -0.6154
vn 0.0602 0.9978 0.0262
vn 0.0602 0.9978 0.0263
vn -0.7929 0.4608 0.3987
vn -0.7929 0.4608 0.3988
vn -0.1292 0.4517 -0.8828
vn -0.1293 0.4517 -0.8827
vn -0.1293 0.4517 -0.8828
vn 0.2619 0.9504 0.1677
vn 0.2619 0.9504 0.1676
vn 0.0897 0.8075 0.5830
vn 0.0896 0.8075 0.5830
vn -0.7348 0.4606 -0.4978
vn -0.7349 0.4606 -0.4978
vn 0.6746 0.6037 -0.4249
vn 0.6746 0.6037 -0.4248
vn 0.6745 0.6037 -0.4249
vn 0.1124 0.9930 0.0374
vn -0.8654 0.4521 0.2160
vn 0.0624 0.4521 -0.8898
vn 0.1309 0.9797 0.1517
vn -0.0884 0.7021 0.7066
vn -0.0885 0.7021 0.7065
vn -0.0886 0.7021 0.7065
vn 0.7016 -0.4014 0.5887
vn 0.7017 -0.4012 0.5887
vn 0.7018 -0.4013 0.5885
vn 0.7018 -0.4012 0.5887
vn 0.7016 -0.4014 0.5888
vn 0.7016 -0.4013 0.5888
vn 0.7019 -0.4010 0.5887
vn 0.7013 -0.4015 0.5891
vn 0.7017 -0.4014 0.5887
vn 0.7022 -0.4011 0.5882
vn 0.7017 -0.4013 0.5887
vn 0.7018 -0.4014 0.5885
vn 0.7017 -0.4015 0.5886
vn 0.0687 -0.1057 0.9920
vn 0.0687 -0.1056 0.9920
vn 0.0686 -0.1055 0.9920
vn 0.9889 -0.1056 -0.1047
vn -0.6706 0.7314 0.1242
vn -0.5157 -0.0878 0.8523
vn 0.6333 0.3342 0.6980
vn 0.6334 0.3342 0.6979
vn 0.6334 0.3342 0.6980
vn -0.5902 0.8072 -0.0047
vn -0.5903 0.8072 -0.0047
vn 0.2313 0.6269 0.7440
vn 0.2312 0.6269 0.7440
vn -0.5025 0.8550 -0.1280
vn -0.5026 0.8550 -0.1280
vn 0.1067 0.7775 0.6198
vn 0.1069 0.7775 0.6197
vn -0.4102 0.8781 -0.2465
vn -0.4102 0.8780 -0.2465
vn -0.4101 0.8781 -0.2465
vn 0.0908 0.8702 0.4843
vn 0.0908 0.8702 0.4842
vn 0.0908 0.8701 0.4843
vn -0.3141 0.8780 -0.3611
vn -0.3142 0.8780 -0.3611
vn -0.3140 0.8780 -0.3612
vn 0.1247 0.9256 0.3573
vn -0.2133 0.8550 -0.4727
vn -0.2134 0.8550 -0.4727
vn -0.2133 0.8550 -0.4728
vn 0.1877 0.9518 0.2427
vn 0.1876 0.9518 0.2427
vn -0.1071 0.8072 -0.5805
vn -0.1070 0.8072 -0.5805
vn -0.1071 0.8072 -0.5804
vn 0.2716 0.9518 0.1427
vn 0.0059 0.7313 -0.6820
vn 0.3735 0.9256 0.0608
vn 0.3735 0.9257 0.0608
vn 0.1270 0.6232 -0.7717
vn 0.4927 0.8702 0.0054
vn 0.4926 0.8702 0.0054
vn 0.4927 0.8702 0.0055
vn 0.2568 0.4794 -0.8392
vn -0.7193 0.0998 0.6875
vn -0.7195 0.0997 0.6873
vn -0.7194 0.0998 0.6874
vn 0.6288 0.7775 -0.0024
vn 0.6288 0.7776 -0.0023
vn 0.6289 0.7775 -0.0024
vn 0.6289 0.7775 -0.0025
vn 0.3964 0.3011 -0.8673
vn 0.3964 0.3010 -0.8673
vn -0.7853 0.3010 0.5410
vn 0.7728 0.6270 0.0986
vn 0.7728 0.6269 0.0986
vn 0.7738 0.6254 0.1005
vn 0.5522 0.0998 -0.8277
vn 0.5523 0.0998 -0.8277
vn 0.5525 0.0997 -0.8275
vn -0.7819 0.4794 0.3985
vn -0.7819 0.4794 0.3986
vn 0.7974 0.3342 0.5024
vn 0.7974 0.3342 0.5025
vn 0.7499 -0.0878 -0.6557
vn 0.7498 -0.0878 -0.6558
vn 0.7499 -0.0879 -0.6557
vn 0.7500 -0.0879 -0.6556
vn -0.0602 -0.0000 0.9982
vn -0.2538 -0.0000 0.9673
vn -0.4375 -0.0000 0.8992
vn -0.6047 -0.0000 0.7965
vn -0.6046 -0.0000 0.7966
vn -0.6046 -0.0000 0.7965
vn -0.6047 -0.0000 0.7964
vn -0.7484 -0.0000 0.6633
vn -0.8634 -0.0000 0.5044
vn -0.8634 -0.0000 0.5045
vn -0.9452 -0.0000 0.3264
vn -0.9452 -0.0000 0.3265
vn -0.9907 -0.0000 0.1357
vn -0.9982 -0.0000 -0.0602
vn -0.9673 -0.0000 -0.2538
vn -0.8992 -0.0000 -0.4376
vn -0.7967 -0.0000 -0.6044
vn -0.7965 -0.0000 -0.6046
vn -0.6633 -0.0000 -0.7484
vn -0.5045 -0.0000 -0.8634
vn -0.5044 -0.0000 -0.8635
vn -0.3264 -0.0000 -0.9452
vn -0.1356 -0.0000 -0.9908
vn -0.1357 -0.0000 -0.9907
vn -0.1357 -0.0000 -0.9908
vn 0.0602 -0.0000 -0.9982
vn 0.0601 -0.0000 -0.9982
vn 0.2538 -0.0000 -0.9673
vn 0.4375 -0.0000 -0.8992
vn 0.6046 -0.0000 -0.7965
vn 0.7484 -0.0000 -0.6633
vn 0.8634 -0.0000 -0.5044
vn 0.8634 -0.0000 -0.5045
vn 0.9452 -0.0000 -0.3264
vn 0.9907 -0.0000 -0.1357
vn 0.9982 -0.0000 0.0602
vn 0.9673 -0.0000 0.2538
vn 0.8992 -0.0000 0.4376
vn 0.7966 -0.0000 0.6045
vn 0.7965 -0.0000 0.6046
vn 0.7967 -0.0000 0.6044
vn 0.6633 -0.0000 0.7484
vn 0.5044 -0.0000 0.8635
vn 0.5045 -0.0000 0.8634
vn -0.8857 0.4606 -0.0574
vn -0.8858 0.4606 -0.0574
vn 0.3264 -0.0000 0.9452
vn 0.1357 -0.0000 0.9908
vn 0.1357 -0.0000 0.9907
vn -0.3730 0.6232 0.6874
vn -0.3731 0.6232 0.6873
vn -0.3731 0.6232 0.6874
vn 0.3634 0.7021 -0.6124
vn 0.3633 0.7021 -0.6124
vn 0.1964 0.9797 -0.0395
vn -0.6435 0.4517 0.6180
vn -0.3818 0.4608 -0.8012
vn 0.1117 0.9930 0.0394
vn 0.0836 0.5300 0.8439
vn 0.0836 0.5300 0.8438
vn 0.2722 0.6037 0.7493
vn -0.8564 0.4584 -0.2376
vn 0.4284 0.8075 -0.4055
vn 0.3097 0.9504 0.0282
vn 0.3097 0.9504 0.0283
vn -0.7572 0.4548 0.4688
vn -0.1871 0.4843 -0.8547
vn -0.1872 0.4843 -0.8546
vn 0.0637 0.9978 0.0161
vn -0.1219 0.4843 0.8664
vn -0.7906 0.4548 -0.4100
vn 0.3991 0.8946 -0.2011
vn 0.3991 0.8946 -0.2012
vn 0.4131 0.8946 0.1703
vn 0.4132 0.8946 0.1703
vn -0.8359 0.4584 0.3019
vn 0.0194 0.5300 -0.8478
vn 0.0193 0.5300 -0.8478
vn 0.0623 0.9978 -0.0209
vn -0.3199 0.4608 0.8279
vn -0.3197 0.4608 0.8279
vn -0.3198 0.4608 0.8279
vn -0.3200 0.4608 0.8278
vn -0.6884 0.4517 -0.5675
vn -0.6885 0.4517 -0.5674
vn 0.3066 0.9504 -0.0517
vn 0.3067 0.9504 -0.0516
vn 0.4579 0.8075 0.3718
vn 0.4579 0.8075 0.3719
vn -0.8788 0.4606 0.1244
vn 0.2146 0.6037 -0.7678
vn 0.2147 0.6037 -0.7678
vn 0.1084 0.9930 -0.0477
vn -0.4964 0.4521 0.7411
vn -0.5512 0.4521 -0.7013
vn -0.5511 0.4521 -0.7013
vn 0.1989 0.9797 0.0245
vn 0.4088 0.7021 0.5831
vn 0.9152 -0.4014 -0.0347
vn 0.9154 -0.4011 -0.0347
vn 0.9151 -0.4016 -0.0346
vn 0.9153 -0.4014 -0.0351
vn 0.9153 -0.4014 -0.0347
vn 0.9153 -0.4013 -0.0347
vn 0.9152 -0.4015 -0.0347
vn 0.9155 -0.4009 -0.0346
vn 0.9153 -0.4014 -0.0346
vn 0.9152 -0.4014 -0.0348
vn 0.9152 -0.4015 -0.0349
vn 0.9152 -0.4016 -0.0348
vn 0.7169 -0.1056 0.6891
vn 0.7169 -0.1056 0.6892
vn 0.6625 -0.1056 -0.7416
vn 0.6626 -0.1055 -0.7415
vn 0.6627 -0.1055 -0.7414
vn -0.4135 0.7314 0.5423
vn 0.1902 -0.0878 0.9778
vn 0.1903 -0.0878 0.9778
vn 0.1900 -0.0878 0.9778
vn 0.9380 0.3342 0.0922
vn 0.9380 0.3342 0.0923
vn -0.4406 0.8072 0.3929
vn -0.4406 0.8072 0.3928
vn 0.6709 0.6269 0.3961
vn 0.6709 0.6269 0.3962
vn -0.4584 0.8550 0.2426
vn 0.4953 0.7775 0.3875
vn 0.4952 0.7775 0.3877
vn -0.4695 0.8780 0.0928
vn 0.3925 0.8702 0.2978
vn 0.3925 0.8702 0.2979
vn -0.4752 0.8780 -0.0569
vn 0.3323 0.9256 0.1810
vn 0.3323 0.9256 0.1809
vn -0.4755 0.8550 -0.2071
vn 0.3021 0.9518 0.0539
vn 0.3021 0.9517 0.0540
vn -0.4691 0.8072 -0.3583
vn -0.4691 0.8072 -0.3582
vn 0.2971 0.9518 -0.0766
vn 0.2971 0.9518 -0.0767
vn -0.4535 0.7314 -0.5093
vn -0.4534 0.7314 -0.5094
vn 0.3176 0.9256 -0.2057
vn 0.3176 0.9257 -0.2056
vn -0.4240 0.6232 -0.6572
vn 0.3687 0.8702 -0.3268
vn 0.3687 0.8702 -0.3267
vn -0.3731 0.4795 -0.7943
vn -0.3731 0.4794 -0.7943
vn -0.0715 0.0998 0.9924
vn -0.0716 0.0998 0.9924
vn 0.4644 0.7775 -0.4239
vn 0.4644 0.7775 -0.4241
vn 0.4644 0.7775 -0.4240
vn 0.4644 0.7776 -0.4239
vn -0.2886 0.3010 -0.9089
vn -0.2885 0.3010 -0.9089
vn -0.2188 0.3010 0.9282
vn -0.2189 0.3011 0.9282
vn 0.6390 0.6268 -0.4458
vn 0.6389 0.6269 -0.4459
vn 0.6390 0.6269 -0.4458
vn -0.1465 0.0998 -0.9842
vn -0.3118 0.4793 0.8204
vn 0.9283 0.3342 -0.1630
vn 0.9283 0.3342 -0.1629
vn 0.1154 -0.0879 -0.9894
vn 0.1155 -0.0878 -0.9894
vn 0.1154 -0.0878 -0.9894
vt 0.000000 0.000000
vt 1.000000 1.000000
vt 0.968800 1.000000
vt 0.968800 0.500000
vt 1.000000 0.500000
vt 0.937500 1.000000
vt 0.937500 0.500000
vt 0.906200 1.000000
vt 0.906200 0.500000
vt 0.875000 1.000000
vt 0.875000 0.500000
vt 0.843800 1.000000
vt 0.843800 0.500000
vt 0.812500 0.500000
vt 0.812500 1.000000
vt 0.781200 0.500000
vt 0.781200 1.000000
vt 0.750000 1.000000
vt 0.750000 0.500000
vt 0.718800 0.500000
vt 0.718800 1.000000
vt 0.687500 0.500000
vt 0.687500 1.000000
vt 0.656200 0.500000
vt 0.656200 1.000000
vt 0.625000 1.000000
vt 0.625000 0.500000
vt 0.593800 0.500000
vt 0.593800 1.000000
vt 0.562500 0.500000
vt 0.562500 1.000000
vt 0.531200 0.500000
vt 0.531200 1.000000
vt 0.500000 0.500000
vt 0.500000 1.000000
vt 0.468800 0.500000
vt 0.468800 1.000000
vt 0.437500 0.500000
vt 0.437500 1.000000
vt 0.406200 0.500000
vt 0.406200 1.000000
vt 0.375000 1.000000
vt 0.375000 0.500000
vt 0.343800 1.000000
vt 0.343800 0.500000
vt 0.312500 0.500000
vt 0.312500 1.000000
vt 0.281200 0.500000
vt 0.281200 1.000000
vt 0.250000 1.000000
vt 0.250000 0.500000
vt 0.218800 1.000000
vt 0.218800 0.500000
vt 0.187500 0.500000
vt 0.187500 1.000000
vt 0.156200 1.000000
vt 0.156200 0.500000
vt 0.125000 0.500000
vt 0.125000 1.000000
vt 0.093800 0.500000
vt 0.093800 1.000000
vt 0.062500 1.000000
vt 0.062500 0.500000
vt 0.031200 1.000000
vt 0.031200 0.500000
vt 0.000000 1.000000
vt 0.000000 0.500000
vt 0.796800 0.485400
vt 0.841800 0.471700
vt 0.883300 0.449600
vt 0.919700 0.419700
vt 0.949600 0.383300
vt 0.971700 0.341800
vt 0.985400 0.296800
vt 0.990000 0.250000
vt 0.985400 0.203200
vt 0.971700 0.158200
vt 0.949600 0.116700
vt 0.919700 0.080300
vt 0.883300 0.050400
vt 0.841800 0.028300
vt 0.796800 0.014600
vt 0.750000 0.010000
vt 0.703200 0.014600
vt 0.658200 0.028300
vt 0.616700 0.050400
vt 0.580300 0.080300
vt 0.550400 0.116700
vt 0.528300 0.158200
vt 0.514600 0.203200
vt 0.510000 0.250000
vt 0.514600 0.296800
vt 0.528300 0.341800
vt 0.550400 0.383300
vt 0.580300 0.419700
vt 0.616700 0.449600
vt 0.658200 0.471700
vt 0.750000 0.490000
vt 0.703200 0.485400
vt 0.296800 0.485400
vt 0.250000 0.490000
vt 0.203200 0.485400
vt 0.158200 0.471700
vt 0.116700 0.449600
vt 0.080300 0.419700
vt 0.050400 0.383300
vt 0.028300 0.341800
vt 0.014600 0.296800
vt 0.010000 0.250000
vt 0.014600 0.203200
vt 0.028300 0.158200
vt 0.050400 0.116700
vt 0.080300 0.080300
vt 0.116700 0.050400
vt 0.158200 0.028300
vt 0.203200 0.014600
vt 0.250000 0.010000
vt 0.296800 0.014600
vt 0.341800 0.028300
vt 0.383300 0.050400
vt 0.419700 0.080300
vt 0.449600 0.116700
vt 0.471700 0.158200
vt 0.485400 0.203200
vt 0.490000 0.250000
vt 0.485400 0.296800
vt 0.471700 0.341800
vt 0.449600 0.383300
vt 0.419700 0.419700
vt 0.383300 0.449600
vt 0.341800 0.471700
s 1
g off
g pata_izquierda_trasera_Goddard_None
usemtl Goddard_None
f 1/1/1 2/1/2 3/1/2
f 3/1/2 4/1/2 5/1/3
f 1/1/1 3/1/2 5/1/3
f 5/1/3 6/1/4 7/1/5
f 7/1/5 8/1/2 9/1/6
f 5/1/3 7/1/5 9/1/6
f 1/1/1 5/1/3 9/1/6
f 9/1/6 10/1/2 11/1/7
f 11/1/7 12/1/8 13/1/2
f 9/1/6 11/1/7 13/1/2
f 13/1/2 14/1/2 15/1/2
f 15/1/2 16/1/2 17/1/9
f 13/1/2 15/1/2 17/1/9
f 9/1/6 13/1/2 17/1/9
f 17/1/9 18/1/2 19/1/10
f 19/1/10 20/1/2 21/1/2
f 17/1/9 19/1/10 21/1/2
f 21/1/2 22/1/4 23/1/4
f 23/1/4 24/1/2 25/1/11
f 21/1/2 23/1/4 25/1/11
f 17/1/9 21/1/2 25/1/11
f 9/1/6 17/1/9 25/1/11
f 1/1/1 9/1/6 25/1/11
f 26/1/2 27/1/2 28/1/7
f 25/1/11 26/1/2 28/1/7
f 25/1/11 28/1/7 29/1/2
f 1/1/1 25/1/11 29/1/2
f 30/1/2 1/1/1 29/1/2
f 30/1/2 29/1/2 31/1/2
f 30/1/2 31/1/2 32/1/2
s 2
f 33/1/12 34/1/13 35/1/14
f 35/1/14 36/1/13 33/1/12
s 3
f 19/1/15 37/1/16 38/1/17
f 38/1/17 20/1/18 19/1/15
s 4
f 39/1/19 1/1/20 30/1/19
f 30/1/19 40/1/21 39/1/19
s 5
f 5/1/22 41/1/23 42/1/24
f 42/1/24 6/1/25 5/1/22
s 6
f 18/1/26 43/1/27 37/1/28
f 37/1/28 19/1/29 18/1/26
s 7
f 40/1/30 30/1/31 32/1/32
f 32/1/32 44/1/33 40/1/30
s 8
f 4/1/34 45/1/35 41/1/36
f 41/1/36 5/1/37 4/1/34
s 9
f 17/1/38 46/1/39 43/1/38
f 43/1/38 18/1/40 17/1/38
s 10
f 44/1/41 32/1/42 31/1/43
f 31/1/43 47/1/44 44/1/41
s 11
f 3/1/45 48/1/45 45/1/45
f 45/1/45 4/1/46 3/1/45
s 12
f 16/1/47 49/1/48 46/1/47
f 46/1/47 17/1/47 16/1/47
s 13
f 31/1/49 29/1/50 50/1/51
f 50/1/51 47/1/49 31/1/49
s 14
f 2/1/52 51/1/53 48/1/54
f 48/1/54 3/1/55 2/1/52
s 15
f 15/1/56 52/1/57 49/1/56
f 49/1/56 16/1/58 15/1/56
s 16
f 28/1/59 53/1/60 50/1/60
f 50/1/60 29/1/60 28/1/59
s 17
f 2/1/61 1/1/61 39/1/61
f 39/1/61 51/1/61 2/1/61
s 18
f 14/1/62 54/1/62 52/1/63
f 52/1/63 15/1/62 14/1/62
s 19
f 55/1/64 53/1/65 28/1/66
f 28/1/66 27/1/67 55/1/64
s 20
f 13/1/68 56/1/68 54/1/69
f 54/1/69 14/1/68 13/1/68
s 21
f 26/1/70 57/1/71 55/1/70
f 55/1/70 27/1/72 26/1/70
s 22
f 12/1/73 58/1/74 56/1/75
f 56/1/75 13/1/75 12/1/73
s 23
f 36/1/76 57/1/76 26/1/77
f 26/1/77 25/1/78 36/1/76
s 24
f 11/1/79 59/1/80 58/1/80
f 58/1/80 12/1/80 11/1/79
s 25
f 36/1/81 25/1/81 24/1/82
f 24/1/82 33/1/83 36/1/81
s 26
f 10/1/84 60/1/85 59/1/86
f 59/1/86 11/1/84 10/1/84
s 27
f 24/1/87 23/1/88 61/1/87
f 61/1/87 33/1/89 24/1/87
s 28
f 9/1/90 62/1/91 60/1/92
f 60/1/92 10/1/93 9/1/90
s 29
f 22/1/94 63/1/95 61/1/96
f 61/1/96 23/1/97 22/1/94
s 30
f 8/1/98 64/1/99 62/1/100
f 62/1/100 9/1/101 8/1/98
s 31
f 21/1/102 65/1/102 63/1/102
f 63/1/102 22/1/102 21/1/102
s 32
f 7/1/103 66/1/104 64/1/105
f 64/1/105 8/1/106 7/1/103
s 33
f 20/1/107 38/1/107 65/1/108
f 65/1/108 21/1/107 20/1/107
s 34
f 6/1/109 42/1/110 66/1/109
f 66/1/109 7/1/109 6/1/109
s 35
f 67/1/111 68/1/112 69/1/112
f 69/1/112 70/1/113 67/1/111
s 36
f 60/1/114 71/1/115 72/1/115
f 72/1/115 59/1/116 60/1/114
s 37
f 61/1/117 73/1/117 34/1/117
f 34/1/117 33/1/117 61/1/117
s 38
f 62/1/118 74/1/118 71/1/119
f 71/1/119 60/1/120 62/1/118
s 39
f 63/1/121 70/1/121 73/1/121
f 73/1/121 61/1/121 63/1/121
s 40
f 64/1/122 75/1/123 74/1/122
f 74/1/122 62/1/124 64/1/122
s 41
f 65/1/125 67/1/126 70/1/127
f 70/1/127 63/1/128 65/1/125
s 42
f 66/1/129 76/1/130 75/1/131
f 75/1/131 64/1/132 66/1/129
s 43
f 38/1/133 77/1/133 67/1/134
f 67/1/134 65/1/135 38/1/133
s 44
f 42/1/136 78/1/136 76/1/136
f 76/1/136 66/1/137 42/1/136
s 45
f 37/1/138 79/1/138 77/1/139
f 77/1/139 38/1/138 37/1/138
s 46
f 40/1/140 80/1/141 81/1/142
f 81/1/142 39/1/143 40/1/140
s 47
f 41/1/144 82/1/145 78/1/146
f 78/1/146 42/1/147 41/1/144
s 48
f 43/1/148 83/1/149 79/1/150
f 79/1/150 37/1/151 43/1/148
s 49
f 44/1/152 84/1/153 80/1/154
f 80/1/154 40/1/155 44/1/152
s 50
f 45/1/156 85/1/157 82/1/158
f 82/1/158 41/1/159 45/1/156
s 51
f 46/1/160 86/1/160 83/1/160
f 83/1/160 43/1/160 46/1/160
s 52
f 47/1/161 87/1/162 84/1/163
f 84/1/163 44/1/164 47/1/161
s 53
f 48/1/165 88/1/166 85/1/165
f 85/1/165 45/1/166 48/1/165
s 54
f 49/1/167 89/1/168 86/1/167
f 86/1/167 46/1/167 49/1/167
s 55
f 50/1/169 90/1/170 87/1/171
f 87/1/171 47/1/172 50/1/169
s 56
f 51/1/173 91/1/174 88/1/173
f 88/1/173 48/1/175 51/1/173
s 57
f 52/1/176 92/1/177 89/1/178
f 89/1/178 49/1/177 52/1/176
s 58
f 53/1/179 93/1/180 90/1/179
f 90/1/179 50/1/181 53/1/179
s 59
f 51/1/182 39/1/183 81/1/184
f 81/1/184 91/1/185 51/1/182
s 60
f 54/1/186 94/1/187 92/1/187
f 92/1/187 52/1/186 54/1/186
s 61
f 55/1/188 95/1/189 93/1/188
f 93/1/188 53/1/190 55/1/188
s 62
f 56/1/191 96/1/192 94/1/192
f 94/1/192 54/1/193 56/1/191
s 63
f 57/1/194 97/1/194 95/1/194
f 95/1/194 55/1/195 57/1/194
s 64
f 58/1/196 98/1/196 96/1/197
f 96/1/197 56/1/196 58/1/196
s 65
f 36/1/198 35/1/198 97/1/199
f 97/1/199 57/1/198 36/1/198
s 66
f 59/1/200 72/1/200 98/1/200
f 98/1/200 58/1/200 59/1/200
s 67
f 99/1/201 100/1/202 101/1/201
f 101/1/201 102/1/203 99/1/201
s 68
f 76/1/204 103/1/205 104/1/206
f 104/1/206 75/1/206 76/1/204
s 69
f 77/1/207 105/1/207 68/1/208
f 68/1/208 67/1/209 77/1/207
s 70
f 78/1/210 106/1/211 103/1/212
f 103/1/212 76/1/211 78/1/210
s 71
f 79/1/213 99/1/214 105/1/213
f 105/1/213 77/1/215 79/1/213
s 72
f 80/1/216 107/1/217 108/1/217
f 108/1/217 81/1/218 80/1/216
s 73
f 82/1/219 109/1/220 106/1/221
f 106/1/221 78/1/219 82/1/219
s 74
f 83/1/222 100/1/223 99/1/224
f 99/1/224 79/1/223 83/1/222
s 75
f 84/1/225 110/1/226 107/1/226
f 107/1/226 80/1/226 84/1/225
s 76
f 85/1/227 111/1/228 109/1/229
f 109/1/229 82/1/230 85/1/227
s 77
f 86/1/231 112/1/232 100/1/233
f 100/1/233 83/1/234 86/1/231
s 78
f 87/1/235 113/1/235 110/1/236
f 110/1/236 84/1/236 87/1/235
s 79
f 88/1/237 114/1/237 111/1/238
f 111/1/238 85/1/239 88/1/237
s 80
f 89/1/240 115/1/241 112/1/242
f 112/1/242 86/1/243 89/1/240
s 81
f 90/1/244 116/1/245 113/1/245
f 113/1/245 87/1/246 90/1/244
s 82
f 91/1/247 117/1/247 114/1/247
f 114/1/247 88/1/247 91/1/247
s 83
f 92/1/248 118/1/249 115/1/248
f 115/1/248 89/1/250 92/1/248
s 84
f 93/1/251 119/1/251 116/1/251
f 116/1/251 90/1/251 93/1/251
s 85
f 91/1/252 81/1/253 108/1/254
f 108/1/254 117/1/255 91/1/252
s 86
f 94/1/256 120/1/256 118/1/257
f 118/1/257 92/1/256 94/1/256
s 87
f 95/1/258 121/1/258 119/1/258
f 119/1/258 93/1/258 95/1/258
s 88
f 96/1/259 122/1/260 120/1/261
f 120/1/261 94/1/262 96/1/259
s 89
f 97/1/263 123/1/263 121/1/263
f 121/1/263 95/1/263 97/1/263
s 90
f 98/1/264 124/1/265 122/1/266
f 122/1/266 96/1/267 98/1/264
s 91
f 35/1/268 125/1/268 123/1/269
f 123/1/269 97/1/268 35/1/268
s 92
f 72/1/270 126/1/271 124/1/272
f 124/1/272 98/1/272 72/1/270
s 93
f 34/1/273 127/1/274 125/1/275
f 125/1/275 35/1/275 34/1/273
s 94
f 71/1/276 128/1/277 126/1/277
f 126/1/277 72/1/277 71/1/276
s 95
f 73/1/278 129/1/278 127/1/279
f 127/1/279 34/1/280 73/1/278
s 96
f 74/1/281 130/1/282 128/1/282
f 128/1/282 71/1/282 74/1/281
s 97
f 70/1/283 69/1/283 129/1/283
f 129/1/283 73/1/283 70/1/283
s 98
f 75/1/284 104/1/284 130/1/285
f 130/1/285 74/1/284 75/1/284
s 99
f 131/1/286 132/1/287 133/1/288
f 133/1/288 134/1/286 131/1/286
s 100
f 110/1/289 135/1/290 136/1/291
f 136/1/291 107/1/292 110/1/289
s 101
f 137/1/293 138/1/294 109/1/294
f 109/1/294 111/1/295 137/1/293
s 102
f 100/1/296 112/1/38 139/1/296
f 139/1/296 101/1/297 100/1/296
s 103
f 113/1/298 140/1/42 135/1/299
f 135/1/299 110/1/300 113/1/298
s 104
f 111/1/301 114/1/302 141/1/303
f 141/1/303 137/1/304 111/1/301
s 105
f 112/1/48 115/1/305 134/1/306
f 134/1/306 139/1/307 112/1/48
s 106
f 116/1/308 142/1/309 140/1/308
f 140/1/308 113/1/310 116/1/308
s 107
f 114/1/311 117/1/55 143/1/55
f 143/1/55 141/1/55 114/1/311
s 108
f 115/1/312 118/1/312 131/1/313
f 131/1/313 134/1/313 115/1/312
s 109
f 119/1/314 144/1/315 142/1/316
f 142/1/316 116/1/317 119/1/314
s 110
f 143/1/318 117/1/319 108/1/320
f 108/1/320 145/1/318 143/1/318
s 111
f 118/1/321 120/1/62 146/1/321
f 146/1/321 131/1/63 118/1/321
s 112
f 121/1/322 147/1/323 144/1/323
f 144/1/323 119/1/324 121/1/322
s 113
f 148/1/325 146/1/68 120/1/325
f 120/1/325 122/1/326 148/1/325
s 114
f 123/1/327 149/1/328 147/1/329
f 147/1/329 121/1/330 123/1/327
s 115
f 122/1/331 124/1/332 150/1/333
f 150/1/333 148/1/334 122/1/331
s 116
f 123/1/335 125/1/335 151/1/335
f 151/1/335 149/1/335 123/1/335
s 117
f 124/1/336 126/1/337 152/1/337
f 152/1/337 150/1/338 124/1/336
s 118
f 125/1/83 127/1/83 153/1/83
f 153/1/83 151/1/83 125/1/83
s 119
f 154/1/339 152/1/340 126/1/341
f 126/1/341 128/1/342 154/1/339
s 120
f 153/1/343 127/1/344 129/1/345
f 129/1/345 155/1/88 153/1/343
s 121
f 128/1/91 130/1/91 156/1/91
f 156/1/91 154/1/91 128/1/91
s 122
f 129/1/346 69/1/347 157/1/97
f 157/1/97 155/1/348 129/1/346
s 123
f 130/1/349 104/1/350 158/1/351
f 158/1/351 156/1/352 130/1/349
s 124
f 157/1/353 69/1/354 68/1/355
f 68/1/355 159/1/356 157/1/353
s 125
f 160/1/357 158/1/358 104/1/359
f 104/1/359 103/1/360 160/1/357
s 126
f 159/1/361 68/1/361 105/1/108
f 105/1/108 161/1/108 159/1/361
s 127
f 103/1/362 106/1/363 162/1/362
f 162/1/362 160/1/364 103/1/362
s 128
f 102/1/365 161/1/366 105/1/365
f 105/1/365 99/1/365 102/1/365
s 129
f 107/1/367 136/1/368 145/1/367
f 145/1/367 108/1/19 107/1/367
s 130
f 106/1/24 109/1/369 138/1/370
f 138/1/370 162/1/371 106/1/24
s 131
f 163/1/372 164/1/373 165/1/373
f 165/1/373 166/1/374 163/1/372
s 132
f 144/1/375 167/1/376 168/1/377
f 168/1/377 142/1/378 144/1/375
s 133
f 169/1/379 143/1/380 145/1/381
f 145/1/381 170/1/382 169/1/379
s 134
f 132/1/383 131/1/384 146/1/385
f 146/1/385 171/1/386 132/1/383
s 135
f 172/1/387 167/1/388 144/1/389
f 144/1/389 147/1/387 172/1/387
s 136
f 148/1/390 166/1/390 171/1/390
f 171/1/390 146/1/391 148/1/390
s 137
f 149/1/392 173/1/393 172/1/394
f 172/1/394 147/1/395 149/1/392
s 138
f 150/1/396 163/1/397 166/1/397
f 166/1/397 148/1/398 150/1/396
s 139
f 151/1/399 174/1/400 173/1/401
f 173/1/401 149/1/401 151/1/399
s 140
f 175/1/402 163/1/403 150/1/402
f 150/1/402 152/1/403 175/1/402
s 141
f 153/1/404 176/1/405 174/1/406
f 174/1/406 151/1/404 153/1/404
s 142
f 154/1/407 177/1/408 175/1/407
f 175/1/407 152/1/409 154/1/407
s 143
f 178/1/410 176/1/411 153/1/411
f 153/1/411 155/1/411 178/1/410
s 144
f 156/1/412 179/1/413 177/1/412
f 177/1/412 154/1/414 156/1/412
s 145
f 157/1/415 180/1/416 178/1/417
f 178/1/417 155/1/418 157/1/415
s 146
f 181/1/419 179/1/420 156/1/420
f 156/1/420 158/1/421 181/1/419
s 147
f 159/1/422 182/1/422 180/1/422
f 180/1/422 157/1/422 159/1/422
s 148
f 160/1/423 183/1/424 181/1/425
f 181/1/425 158/1/426 160/1/423
s 149
f 184/1/427 182/1/427 159/1/428
f 159/1/428 161/1/427 184/1/427
s 150
f 162/1/429 185/1/430 183/1/431
f 183/1/431 160/1/431 162/1/429
s 151
f 102/1/432 186/1/433 184/1/434
f 184/1/434 161/1/432 102/1/432
s 152
f 136/1/435 187/1/436 170/1/435
f 170/1/435 145/1/436 136/1/435
s 153
f 185/1/437 162/1/438 138/1/439
f 138/1/439 188/1/440 185/1/437
s 154
f 101/1/441 189/1/441 186/1/442
f 186/1/442 102/1/443 101/1/441
s 155
f 135/1/444 190/1/445 187/1/446
f 187/1/446 136/1/447 135/1/444
s 156
f 137/1/448 191/1/449 188/1/450
f 188/1/450 138/1/451 137/1/448
s 157
f 192/1/452 189/1/452 101/1/452
f 101/1/452 139/1/452 192/1/452
s 158
f 193/1/453 190/1/454 135/1/455
f 135/1/455 140/1/454 193/1/453
s 159
f 141/1/456 194/1/457 191/1/458
f 191/1/458 137/1/459 141/1/456
s 160
f 134/1/460 133/1/461 192/1/460
f 192/1/460 139/1/462 134/1/460
s 161
f 142/1/463 168/1/464 193/1/465
f 193/1/465 140/1/466 142/1/463
s 162
f 169/1/467 194/1/468 141/1/468
f 141/1/468 143/1/468 169/1/467
s 163
f 195/1/91 196/1/469 197/1/469
f 197/1/469 198/1/470 195/1/91
s 164
f 199/1/471 173/1/472 174/1/471
f 174/1/471 200/1/473 199/1/471
s 165
f 175/1/474 201/1/474 164/1/474
f 164/1/474 163/1/475 175/1/474
s 166
f 176/1/476 202/1/476 200/1/477
f 200/1/477 174/1/478 176/1/476
s 167
f 201/1/479 175/1/480 177/1/481
f 177/1/481 197/1/482 201/1/479
s 168
f 178/1/483 203/1/483 202/1/483
f 202/1/483 176/1/483 178/1/483
s 169
f 179/1/484 198/1/485 197/1/486
f 197/1/486 177/1/485 179/1/484
s 170
f 204/1/487 203/1/487 178/1/488
f 178/1/488 180/1/487 204/1/487
s 171
f 181/1/489 205/1/490 198/1/491
f 198/1/491 179/1/492 181/1/489
s 172
f 182/1/493 206/1/494 204/1/493
f 204/1/493 180/1/495 182/1/493
s 173
f 205/1/496 181/1/497 183/1/498
f 183/1/498 207/1/497 205/1/496
s 174
f 184/1/499 208/1/500 206/1/501
f 206/1/501 182/1/502 184/1/499
s 175
f 185/1/503 209/1/504 207/1/505
f 207/1/505 183/1/506 185/1/503
s 176
f 210/1/507 208/1/508 184/1/509
f 184/1/509 186/1/510 210/1/507
s 177
f 170/1/511 187/1/512 211/1/513
f 211/1/513 212/1/514 170/1/511
s 178
f 188/1/515 213/1/516 209/1/515
f 209/1/515 185/1/517 188/1/515
s 179
f 189/1/518 214/1/519 210/1/518
f 210/1/518 186/1/520 189/1/518
s 180
f 190/1/521 215/1/522 211/1/521
f 211/1/521 187/1/523 190/1/521
s 181
f 216/1/524 213/1/525 188/1/526
f 188/1/526 191/1/527 216/1/524
s 182
f 192/1/528 217/1/529 214/1/530
f 214/1/530 189/1/531 192/1/528
s 183
f 193/1/532 218/1/533 215/1/534
f 215/1/534 190/1/532 193/1/532
s 184
f 194/1/535 219/1/536 216/1/537
f 216/1/537 191/1/538 194/1/535
s 185
f 217/1/539 192/1/540 133/1/541
f 133/1/541 220/1/541 217/1/539
s 186
f 168/1/542 221/1/543 218/1/544
f 218/1/544 193/1/545 168/1/542
s 187
f 169/1/546 222/1/546 219/1/546
f 219/1/546 194/1/547 169/1/546
s 188
f 132/1/548 223/1/548 220/1/549
f 220/1/549 133/1/550 132/1/548
s 189
f 221/1/551 168/1/551 167/1/551
f 167/1/551 224/1/551 221/1/551
s 190
f 212/1/552 222/1/553 169/1/553
f 169/1/553 170/1/554 212/1/552
s 191
f 171/1/555 225/1/556 223/1/556
f 223/1/556 132/1/556 171/1/555
s 192
f 172/1/557 226/1/558 224/1/559
f 224/1/559 167/1/560 172/1/557
s 193
f 225/1/561 171/1/562 166/1/563
f 166/1/563 165/1/564 225/1/561
s 194
f 173/1/565 199/1/565 226/1/565
f 226/1/565 172/1/565 173/1/565
s 195
f 227/1/566 228/1/566 229/1/567
f 229/1/567 230/1/566 227/1/566
s 196
f 204/1/568 231/1/97 232/1/97
f 232/1/97 203/1/569 204/1/568
s 197
f 205/1/570 233/1/571 195/1/572
f 195/1/572 198/1/101 205/1/570
s 198
f 234/1/573 231/1/356 204/1/574
f 204/1/574 206/1/575 234/1/573
s 199
f 207/1/576 230/1/577 233/1/576
f 233/1/576 205/1/576 207/1/576
s 200
f 208/1/107 235/1/107 234/1/107
f 234/1/107 206/1/107 208/1/107
s 201
f 227/1/578 230/1/579 207/1/580
f 207/1/580 209/1/581 227/1/578
s 202
f 210/1/582 236/1/583 235/1/582
f 235/1/582 208/1/584 210/1/582
s 203
f 212/1/19 211/1/585 237/1/586
f 237/1/586 238/1/587 212/1/19
s 204
f 213/1/588 239/1/589 227/1/588
f 227/1/588 209/1/590 213/1/588
s 205
f 240/1/591 236/1/592 210/1/593
f 210/1/593 214/1/593 240/1/591
s 206
f 237/1/291 211/1/291 215/1/594
f 215/1/594 241/1/291 237/1/291
s 207
f 216/1/293 242/1/294 239/1/293
f 239/1/293 213/1/595 216/1/293
s 208
f 217/1/38 243/1/38 240/1/38
f 240/1/38 214/1/596 217/1/38
s 209
f 241/1/597 215/1/598 218/1/43
f 218/1/43 244/1/42 241/1/597
s 210
f 245/1/599 242/1/45 216/1/600
f 216/1/600 219/1/601 245/1/599
s 211
f 220/1/602 246/1/603 243/1/48
f 243/1/48 217/1/47 220/1/602
s 212
f 221/1/309 247/1/309 244/1/309
f 244/1/309 218/1/309 221/1/309
s 213
f 222/1/604 248/1/55 245/1/604
f 245/1/604 219/1/604 222/1/604
s 214
f 249/1/605 246/1/313 220/1/606
f 220/1/606 223/1/605 249/1/605
s 215
f 224/1/60 250/1/60 247/1/60
f 247/1/60 221/1/60 224/1/60
s 216
f 238/1/61 248/1/607 222/1/608
f 222/1/608 212/1/61 238/1/61
s 217
f 225/1/609 251/1/62 249/1/62
f 249/1/62 223/1/62 225/1/609
s 218
f 250/1/610 224/1/611 226/1/612
f 226/1/612 252/1/613 250/1/610
s 219
f 165/1/614 253/1/614 251/1/614
f 251/1/614 225/1/614 165/1/614
s 220
f 199/1/70 254/1/71 252/1/70
f 252/1/70 226/1/615 199/1/70
s 221
f 255/1/616 253/1/333 165/1/616
f 165/1/616 164/1/74 255/1/616
s 222
f 200/1/617 256/1/618 254/1/617
f 254/1/617 199/1/619 200/1/617
s 223
f 201/1/620 257/1/337 255/1/621
f 255/1/621 164/1/80 201/1/620
s 224
f 258/1/622 256/1/83 200/1/83
f 200/1/83 202/1/623 258/1/622
s 225
f 197/1/84 196/1/84 257/1/84
f 257/1/84 201/1/84 197/1/84
s 226
f 203/1/88 232/1/624 258/1/88
f 258/1/88 202/1/88 203/1/88
s 227
f 259/1/625 260/1/626 261/1/627
f 261/1/627 262/1/626 259/1/625
s 228
f 236/1/628 263/1/628 264/1/628
f 264/1/628 235/1/628 236/1/628
s 229
f 265/1/629 266/1/629 238/1/629
f 238/1/629 237/1/629 265/1/629
s 230
f 267/1/630 228/1/630 227/1/631
f 227/1/631 239/1/630 267/1/630
s 231
f 240/1/632 268/1/632 263/1/633
f 263/1/633 236/1/632 240/1/632
s 232
f 241/1/634 269/1/635 265/1/635
f 265/1/635 237/1/635 241/1/634
s 233
f 242/1/636 270/1/636 267/1/637
f 267/1/637 239/1/636 242/1/636
s 234
f 271/1/638 268/1/639 240/1/639
f 240/1/639 243/1/639 271/1/638
s 235
f 244/1/640 272/1/640 269/1/641
f 269/1/641 241/1/640 244/1/640
s 236
f 245/1/642 273/1/643 270/1/643
f 270/1/643 242/1/643 245/1/642
s 237
f 246/1/644 274/1/645 271/1/645
f 271/1/645 243/1/645 246/1/644
s 238
f 275/1/646 272/1/646 244/1/647
f 244/1/647 247/1/646 275/1/646
s 239
f 273/1/648 245/1/648 248/1/649
f 248/1/649 276/1/648 273/1/648
s 240
f 249/1/650 277/1/651 274/1/652
f 274/1/652 246/1/651 249/1/650
s 241
f 250/1/653 278/1/653 275/1/653
f 275/1/653 247/1/653 250/1/653
s 242
f 266/1/654 276/1/654 248/1/654
f 248/1/654 238/1/654 266/1/654
s 243
f 277/1/655 249/1/656 251/1/656
f 251/1/656 279/1/656 277/1/655
s 244
f 252/1/657 280/1/658 278/1/658
f 278/1/658 250/1/658 252/1/657
s 245
f 253/1/659 281/1/659 279/1/660
f 279/1/660 251/1/659 253/1/659
s 246
f 282/1/661 280/1/661 252/1/661
f 252/1/661 254/1/661 282/1/661
s 247
f 255/1/662 283/1/662 281/1/663
f 281/1/663 253/1/662 255/1/662
s 248
f 256/1/664 284/1/664 282/1/664
f 282/1/664 254/1/664 256/1/664
s 249
f 261/1/665 283/1/666 255/1/667
f 255/1/667 257/1/666 261/1/665
s 250
f 258/1/668 285/1/668 284/1/669
f 284/1/669 256/1/668 258/1/668
s 251
f 196/1/670 262/1/671 261/1/672
f 261/1/672 257/1/671 196/1/670
s 252
f 285/1/673 258/1/673 232/1/673
f 232/1/673 286/1/673 285/1/673
s 253
f 195/1/674 287/1/675 262/1/674
f 262/1/674 196/1/676 195/1/674
s 254
f 231/1/677 288/1/678 286/1/679
f 286/1/679 232/1/678 231/1/677
s 255
f 287/1/680 195/1/681 233/1/682
f 233/1/682 289/1/683 287/1/680
s 256
f 234/1/684 290/1/684 288/1/684
f 288/1/684 231/1/684 234/1/684
s 257
f 230/1/685 229/1/686 289/1/687
f 289/1/687 233/1/686 230/1/685
s 258
f 264/1/688 290/1/689 234/1/689
f 234/1/689 235/1/689 264/1/688
s 259
f 291/1/690 292/1/691 293/1/690
f 293/1/690 294/1/691 291/1/690
s 260
f 286/1/692 295/1/693 296/1/694
f 296/1/694 285/1/695 286/1/692
s 261
f 287/1/696 297/1/697 259/1/698
f 259/1/698 262/1/698 287/1/696
s 262
f 298/1/699 295/1/699 286/1/700
f 286/1/700 288/1/701 298/1/699
s 263
f 289/1/702 294/1/703 297/1/703
f 297/1/703 287/1/703 289/1/702
s 264
f 290/1/704 299/1/705 298/1/706
f 298/1/706 288/1/706 290/1/704
s 265
f 294/1/707 289/1/708 229/1/709
f 229/1/709 291/1/710 294/1/707
s 266
f 264/1/711 300/1/712 299/1/712
f 299/1/712 290/1/713 264/1/711
s 267
f 228/1/714 301/1/714 291/1/714
f 291/1/714 229/1/714 228/1/714
s 268
f 300/1/715 264/1/716 263/1/717
f 263/1/717 302/1/718 300/1/715
s 269
f 266/1/719 265/1/720 303/1/719
f 303/1/719 304/1/721 266/1/719
s 270
f 267/1/722 305/1/723 301/1/724
f 301/1/724 228/1/725 267/1/722
s 271
f 268/1/726 306/1/727 302/1/727
f 302/1/727 263/1/728 268/1/726
s 272
f 269/1/729 307/1/730 303/1/731
f 303/1/731 265/1/732 269/1/729
s 273
f 308/1/733 305/1/734 267/1/735
f 267/1/735 270/1/736 308/1/733
s 274
f 271/1/737 309/1/738 306/1/739
f 306/1/739 268/1/740 271/1/737
s 275
f 272/1/741 310/1/742 307/1/743
f 307/1/743 269/1/744 272/1/741
s 276
f 273/1/745 311/1/746 308/1/746
f 308/1/746 270/1/747 273/1/745
s 277
f 312/1/748 309/1/749 271/1/750
f 271/1/750 274/1/749 312/1/748
s 278
f 275/1/751 313/1/752 310/1/751
f 310/1/751 272/1/751 275/1/751
s 279
f 276/1/753 314/1/754 311/1/755
f 311/1/755 273/1/756 276/1/753
s 280
f 277/1/757 315/1/758 312/1/759
f 312/1/759 274/1/760 277/1/757
s 281
f 313/1/761 275/1/762 278/1/763
f 278/1/763 316/1/762 313/1/761
s 282
f 304/1/764 314/1/765 276/1/765
f 276/1/765 266/1/765 304/1/764
s 283
f 279/1/766 317/1/767 315/1/768
f 315/1/768 277/1/769 279/1/766
s 284
f 280/1/770 318/1/771 316/1/772
f 316/1/772 278/1/773 280/1/770
s 285
f 317/1/774 279/1/775 281/1/774
f 281/1/774 319/1/776 317/1/774
s 286
f 282/1/777 320/1/778 318/1/778
f 318/1/778 280/1/779 282/1/777
s 287
f 283/1/780 321/1/781 319/1/782
f 319/1/782 281/1/783 283/1/780
s 288
f 322/1/784 320/1/785 282/1/784
f 282/1/784 284/1/786 322/1/784
s 289
f 261/1/787 260/1/788 321/1/789
f 321/1/789 283/1/787 261/1/787
s 290
f 285/1/790 296/1/791 322/1/791
f 322/1/791 284/1/792 285/1/790
s 291
f 323/1/793 324/1/793 325/1/793
f 325/1/793 326/1/793 323/1/793
s 292
f 300/1/794 327/1/794 328/1/794
f 328/1/794 299/1/794 300/1/794
s 293
f 291/1/795 301/1/796 329/1/797
f 329/1/797 292/1/798 291/1/795
s 294
f 302/1/799 330/1/800 327/1/799
f 327/1/799 300/1/801 302/1/799
s 295
f 304/1/802 303/1/803 331/1/802
f 331/1/802 332/1/804 304/1/802
s 296
f 329/1/805 301/1/805 305/1/806
f 305/1/806 324/1/806 329/1/805
s 297
f 302/1/807 306/1/807 333/1/808
f 333/1/808 330/1/809 302/1/807
s 298
f 331/1/810 303/1/811 307/1/810
f 307/1/810 334/1/811 331/1/810
s 299
f 308/1/812 325/1/812 324/1/813
f 324/1/813 305/1/812 308/1/812
s 300
f 333/1/814 306/1/815 309/1/814
f 309/1/814 335/1/816 333/1/814
s 301
f 334/1/817 307/1/818 310/1/817
f 310/1/817 336/1/819 334/1/817
s 302
f 308/1/820 311/1/821 337/1/820
f 337/1/820 325/1/821 308/1/820
s 303
f 312/1/822 338/1/823 335/1/822
f 335/1/822 309/1/824 312/1/822
s 304
f 313/1/825 339/1/825 336/1/825
f 336/1/825 310/1/825 313/1/825
s 305
f 337/1/826 311/1/827 314/1/828
f 314/1/828 340/1/829 337/1/826
s 306
f 312/1/830 315/1/831 341/1/830
f 341/1/830 338/1/832 312/1/830
s 307
f 316/1/833 342/1/833 339/1/833
f 339/1/833 313/1/833 316/1/833
s 308
f 314/1/834 304/1/834 332/1/835
f 332/1/835 340/1/834 314/1/834
s 309
f 341/1/836 315/1/837 317/1/838
f 317/1/838 343/1/837 341/1/836
s 310
f 342/1/839 316/1/840 318/1/841
f 318/1/841 344/1/842 342/1/839
s 311
f 319/1/843 345/1/843 343/1/843
f 343/1/843 317/1/843 319/1/843
s 312
f 320/1/844 346/1/845 344/1/844
f 344/1/844 318/1/846 320/1/844
s 313
f 319/1/847 321/1/848 347/1/849
f 347/1/849 345/1/850 319/1/847
s 314
f 322/1/851 348/1/852 346/1/851
f 346/1/851 320/1/853 322/1/851
s 315
f 347/1/854 321/1/855 260/1/854
f 260/1/854 349/1/855 347/1/854
s 316
f 322/1/856 296/1/857 350/1/858
f 350/1/858 348/1/859 322/1/856
s 317
f 259/1/860 351/1/861 349/1/860
f 349/1/860 260/1/862 259/1/860
s 318
f 350/1/863 296/1/864 295/1/863
f 295/1/863 352/1/865 350/1/863
s 319
f 259/1/866 297/1/867 353/1/866
f 353/1/866 351/1/868 259/1/866
s 320
f 354/1/869 352/1/870 295/1/869
f 295/1/869 298/1/871 354/1/869
s 321
f 353/1/872 297/1/873 294/1/874
f 294/1/874 293/1/875 353/1/872
s 322
f 354/1/876 298/1/876 299/1/877
f 299/1/877 328/1/878 354/1/876
s 323
f 355/1/879 356/1/880 357/1/881
f 357/1/881 358/1/882 355/1/879
s 324
f 335/1/883 359/1/884 360/1/883
f 360/1/883 333/1/884 335/1/883
s 325
f 336/1/885 361/1/885 362/1/885
f 362/1/885 334/1/885 336/1/885
s 326
f 337/1/886 363/1/887 326/1/888
f 326/1/888 325/1/887 337/1/886
s 327
f 359/1/889 335/1/889 338/1/889
f 338/1/889 364/1/889 359/1/889
s 328
f 336/1/890 339/1/890 365/1/890
f 365/1/890 361/1/890 336/1/890
s 329
f 340/1/891 357/1/892 363/1/893
f 363/1/893 337/1/892 340/1/891
s 330
f 341/1/894 366/1/895 364/1/896
f 364/1/896 338/1/895 341/1/894
s 331
f 365/1/897 339/1/897 342/1/897
f 342/1/897 367/1/897 365/1/897
s 332
f 358/1/898 357/1/898 340/1/898
f 340/1/898 332/1/898 358/1/898
s 333
f 343/1/899 368/1/900 366/1/901
f 366/1/901 341/1/900 343/1/899
s 334
f 344/1/902 369/1/902 367/1/902
f 367/1/902 342/1/902 344/1/902
s 335
f 368/1/903 343/1/904 345/1/905
f 345/1/905 370/1/904 368/1/903
s 336
f 344/1/906 346/1/907 371/1/907
f 371/1/907 369/1/907 344/1/906
s 337
f 347/1/908 372/1/908 370/1/908
f 370/1/908 345/1/909 347/1/908
s 338
f 371/1/910 346/1/910 348/1/910
f 348/1/910 373/1/910 371/1/910
s 339
f 349/1/911 374/1/912 372/1/913
f 372/1/913 347/1/912 349/1/911
s 340
f 350/1/914 375/1/914 373/1/915
f 373/1/915 348/1/914 350/1/914
s 341
f 374/1/916 349/1/917 351/1/918
f 351/1/918 376/1/917 374/1/916
s 342
f 352/1/919 377/1/919 375/1/919
f 375/1/919 350/1/919 352/1/919
s 343
f 353/1/920 378/1/920 376/1/920
f 376/1/920 351/1/921 353/1/920
s 344
f 352/1/922 354/1/922 379/1/922
f 379/1/922 377/1/922 352/1/922
s 345
f 293/1/923 380/1/924 378/1/924
f 378/1/924 353/1/924 293/1/923
s 346
f 381/1/925 379/1/925 354/1/925
f 354/1/925 328/1/925 381/1/925
s 347
f 380/1/926 293/1/927 292/1/928
f 292/1/928 382/1/927 380/1/926
s 348
f 381/1/929 328/1/929 327/1/929
f 327/1/929 383/1/929 381/1/929
s 349
f 329/1/930 384/1/931 382/1/930
f 382/1/930 292/1/931 329/1/930
s 350
f 383/1/932 327/1/933 330/1/933
f 330/1/933 385/1/933 383/1/932
s 351
f 331/1/934 386/1/935 358/1/936
f 358/1/936 332/1/935 331/1/934
s 352
f 324/1/937 323/1/938 384/1/938
f 384/1/938 329/1/938 324/1/937
s 353
f 333/1/939 360/1/939 385/1/940
f 385/1/940 330/1/939 333/1/939
s 354
f 386/1/941 331/1/941 334/1/941
f 334/1/941 362/1/941 386/1/941
s 355
f 387/1/942 388/1/943 389/1/944
f 389/1/944 390/1/945 387/1/942
s 356
f 368/1/946 391/1/946 392/1/947
f 392/1/947 366/1/946 368/1/946
s 357
f 393/1/948 367/1/949 369/1/950
f 369/1/950 394/1/951 393/1/948
s 358
f 370/1/952 395/1/953 391/1/954
f 391/1/954 368/1/955 370/1/952
s 359
f 371/1/956 396/1/957 394/1/957
f 394/1/957 369/1/958 371/1/956
s 360
f 395/1/959 370/1/960 372/1/961
f 372/1/961 390/1/961 395/1/959
s 361
f 373/1/962 397/1/963 396/1/962
f 396/1/962 371/1/964 373/1/962
s 362
f 374/1/965 387/1/966 390/1/967
f 390/1/967 372/1/968 374/1/965
s 363
f 397/1/969 373/1/970 375/1/969
f 375/1/969 398/1/969 397/1/969
s 364
f 376/1/971 399/1/972 387/1/973
f 387/1/973 374/1/973 376/1/971
s 365
f 377/1/974 400/1/974 398/1/975
f 398/1/975 375/1/974 377/1/974
s 366
f 399/1/976 376/1/977 378/1/978
f 378/1/978 401/1/979 399/1/976
s 367
f 379/1/980 402/1/981 400/1/982
f 400/1/982 377/1/983 379/1/980
s 368
f 380/1/984 403/1/985 401/1/986
f 401/1/986 378/1/985 380/1/984
s 369
f 402/1/987 379/1/988 381/1/989
f 381/1/989 404/1/990 402/1/987
s 370
f 382/1/991 405/1/992 403/1/993
f 403/1/993 380/1/994 382/1/991
s 371
f 383/1/995 406/1/996 404/1/997
f 404/1/997 381/1/996 383/1/995
s 372
f 405/1/998 382/1/999 384/1/999
f 384/1/999 407/1/998 405/1/998
s 373
f 385/1/1000 408/1/1001 406/1/1002
f 406/1/1002 383/1/1003 385/1/1000
s 374
f 358/1/1004 386/1/1005 409/1/1006
f 409/1/1006 355/1/1007 358/1/1004
s 375
f 323/1/1008 410/1/1009 407/1/1010
f 407/1/1010 384/1/1008 323/1/1008
s 376
f 408/1/1011 385/1/1012 360/1/1013
f 360/1/1013 411/1/1014 408/1/1011
s 377
f 362/1/1015 412/1/1015 409/1/1016
f 409/1/1016 386/1/1015 362/1/1015
s 378
f 326/1/1017 413/1/1018 410/1/1019
f 410/1/1019 323/1/1020 326/1/1017
s 379
f 359/1/1021 414/1/1021 411/1/1021
f 411/1/1021 360/1/1022 359/1/1021
s 380
f 412/1/1023 362/1/1023 361/1/1024
f 361/1/1024 415/1/1025 412/1/1023
s 381
f 413/1/1026 326/1/1026 363/1/1027
f 363/1/1027 416/1/1027 413/1/1026
s 382
f 364/1/1028 417/1/1029 414/1/1029
f 414/1/1029 359/1/1030 364/1/1028
s 383
f 365/1/1031 418/1/1032 415/1/1031
f 415/1/1031 361/1/1033 365/1/1031
s 384
f 357/1/1034 356/1/1035 416/1/1036
f 416/1/1036 363/1/1037 357/1/1034
s 385
f 417/1/1038 364/1/1038 366/1/1039
f 366/1/1039 392/1/1040 417/1/1038
s 386
f 367/1/1041 393/1/1042 418/1/1043
f 418/1/1043 365/1/1044 367/1/1041
s 387
f 419/1/1045 420/1/1045 421/1/1046
f 421/1/1046 422/1/1045 419/1/1045
s 388
f 423/1/1047 424/1/1048 397/1/1047
f 397/1/1047 398/1/1049 423/1/1047
s 389
f 399/1/1050 425/1/1051 388/1/1050
f 388/1/1050 387/1/1052 399/1/1050
s 390
f 400/1/1053 426/1/1054 423/1/1054
f 423/1/1054 398/1/1055 400/1/1053
s 391
f 420/1/1056 425/1/1057 399/1/1056
f 399/1/1056 401/1/1058 420/1/1056
s 392
f 402/1/1059 427/1/1060 426/1/1060
f 426/1/1060 400/1/1060 402/1/1059
s 393
f 403/1/1061 421/1/1062 420/1/1063
f 420/1/1063 401/1/1064 403/1/1061
s 394
f 428/1/1065 427/1/1066 402/1/1065
f 402/1/1065 404/1/1067 428/1/1065
s 395
f 405/1/1068 429/1/1068 421/1/1068
f 421/1/1068 403/1/1069 405/1/1068
s 396
f 406/1/1070 430/1/1071 428/1/1072
f 428/1/1072 404/1/1073 406/1/1070
s 397
f 431/1/1074 429/1/1075 405/1/1076
f 405/1/1076 407/1/1076 431/1/1074
s 398
f 408/1/1077 432/1/1078 430/1/1079
f 430/1/1079 406/1/1080 408/1/1077
s 399
f 433/1/1081 355/1/1082 409/1/1081
f 409/1/1081 434/1/1081 433/1/1081
s 400
f 410/1/1083 435/1/1084 431/1/1085
f 431/1/1085 407/1/1085 410/1/1083
s 401
f 436/1/1086 432/1/1087 408/1/1086
f 408/1/1086 411/1/1088 436/1/1086
s 402
f 434/1/1089 409/1/1090 412/1/1089
f 412/1/1089 437/1/1091 434/1/1089
s 403
f 413/1/1092 438/1/1093 435/1/1093
f 435/1/1093 410/1/1092 413/1/1092
s 404
f 414/1/1094 439/1/1095 436/1/1095
f 436/1/1095 411/1/1095 414/1/1094
s 405
f 415/1/1096 440/1/1097 437/1/1098
f 437/1/1098 412/1/1099 415/1/1096
s 406
f 441/1/1100 438/1/1101 413/1/1102
f 413/1/1102 416/1/1101 441/1/1100
s 407
f 417/1/1103 442/1/1104 439/1/1105
f 439/1/1105 414/1/1105 417/1/1103
s 408
f 440/1/1106 415/1/1107 418/1/1106
f 418/1/1106 443/1/1108 440/1/1106
s 409
f 356/1/1109 444/1/1109 441/1/1109
f 441/1/1109 416/1/1110 356/1/1109
s 410
f 445/1/1111 442/1/1112 417/1/1111
f 417/1/1111 392/1/1113 445/1/1111
s 411
f 393/1/1114 446/1/1115 443/1/1116
f 443/1/1116 418/1/1117 393/1/1114
s 412
f 433/1/1118 444/1/1119 356/1/1119
f 356/1/1119 355/1/1118 433/1/1118
s 413
f 391/1/1120 447/1/1121 445/1/1120
f 445/1/1120 392/1/1120 391/1/1120
s 414
f 394/1/1122 448/1/1122 446/1/1122
f 446/1/1122 393/1/1123 394/1/1122
s 415
f 395/1/1124 449/1/1124 447/1/1124
f 447/1/1124 391/1/1124 395/1/1124
s 416
f 448/1/1125 394/1/1126 396/1/1127
f 396/1/1127 450/1/1128 448/1/1125
s 417
f 389/1/1129 449/1/1129 395/1/1129
f 395/1/1129 390/1/1130 389/1/1129
s 418
f 397/1/1131 424/1/1132 450/1/1133
f 450/1/1133 396/1/1134 397/1/1131
s 419
f 451/1/1135 452/1/1135 453/1/1135
f 453/1/1135 454/1/1135 451/1/1135
s 420
f 428/1/1136 455/1/1136 456/1/1137
f 456/1/1137 427/1/1136 428/1/1136
s 421
f 429/1/1138 457/1/1139 422/1/1138
f 422/1/1138 421/1/1140 429/1/1138
s 422
f 458/1/1141 455/1/1142 428/1/1143
f 428/1/1143 430/1/1142 458/1/1141
s 423
f 431/1/1144 459/1/1144 457/1/1145
f 457/1/1145 429/1/1144 431/1/1144
s 424
f 432/1/1146 460/1/1147 458/1/1148
f 458/1/1148 430/1/1147 432/1/1146
s 425
f 452/1/1149 451/1/1149 433/1/1150
f 433/1/1150 434/1/1149 452/1/1149
s 426
f 461/1/1151 459/1/1152 431/1/1153
f 431/1/1153 435/1/1152 461/1/1151
s 427
f 436/1/1154 462/1/1155 460/1/1156
f 460/1/1156 432/1/1155 436/1/1154
s 428
f 437/1/1157 463/1/1157 452/1/1157
f 452/1/1157 434/1/1157 437/1/1157
s 429
f 438/1/1158 464/1/1159 461/1/1159
f 461/1/1159 435/1/1159 438/1/1158
s 430
f 465/1/1160 462/1/1160 436/1/1160
f 436/1/1160 439/1/1160 465/1/1160
s 431
f 440/1/1161 466/1/1162 463/1/1161
f 463/1/1161 437/1/1162 440/1/1161
s 432
f 441/1/1163 467/1/1164 464/1/1164
f 464/1/1164 438/1/1164 441/1/1163
s 433
f 442/1/1165 468/1/1166 465/1/1166
f 465/1/1166 439/1/1166 442/1/1165
s 434
f 469/1/1167 466/1/1168 440/1/1168
f 440/1/1168 443/1/1168 469/1/1167
s 435
f 470/1/1169 467/1/1169 441/1/1170
f 441/1/1170 444/1/1169 470/1/1169
s 436
f 445/1/1171 471/1/1172 468/1/1172
f 468/1/1172 442/1/1172 445/1/1171
s 437
f 446/1/1173 472/1/1173 469/1/1174
f 469/1/1174 443/1/1173 446/1/1173
s 438
f 470/1/1175 444/1/1175 433/1/1176
f 433/1/1176 451/1/1175 470/1/1175
s 439
f 471/1/1177 445/1/1177 447/1/1178
f 447/1/1178 473/1/1177 471/1/1177
s 440
f 448/1/1179 474/1/1179 472/1/1179
f 472/1/1179 446/1/1179 448/1/1179
s 441
f 449/1/1180 475/1/1181 473/1/1181
f 473/1/1181 447/1/1181 449/1/1180
s 442
f 476/1/1182 474/1/1182 448/1/1183
f 448/1/1183 450/1/1182 476/1/1182
s 443
f 389/1/1184 477/1/1184 475/1/1185
f 475/1/1185 449/1/1184 389/1/1184
s 444
f 424/1/1186 478/1/1186 476/1/1187
f 476/1/1187 450/1/1186 424/1/1186
s 445
f 477/1/1188 389/1/1189 388/1/1190
f 388/1/1190 479/1/1189 477/1/1188
s 446
f 423/1/1191 480/1/1191 478/1/1191
f 478/1/1191 424/1/1191 423/1/1191
s 447
f 425/1/1192 481/1/1192 479/1/1193
f 479/1/1193 388/1/1192 425/1/1192
s 448
f 482/1/1194 480/1/1194 423/1/1194
f 423/1/1194 426/1/1194 482/1/1194
s 449
f 420/1/1195 419/1/1196 481/1/1197
f 481/1/1197 425/1/1196 420/1/1195
s 450
f 427/1/1198 456/1/1198 482/1/1199
f 482/1/1199 426/1/1198 427/1/1198
s 451
f 483/1/1200 484/1/1201 485/1/1200
f 485/1/1200 486/1/1202 483/1/1200
s 452
f 461/1/1203 487/1/1203 488/1/1204
f 488/1/1204 459/1/1205 461/1/1203
s 453
f 462/1/1206 489/1/1207 490/1/1208
f 490/1/1208 460/1/1209 462/1/1206
s 454
f 463/1/1210 491/1/1211 453/1/1212
f 453/1/1212 452/1/1213 463/1/1210
s 455
f 492/1/1214 487/1/1215 461/1/1215
f 461/1/1215 464/1/1216 492/1/1214
s 456
f 465/1/1217 493/1/1218 489/1/1219
f 489/1/1219 462/1/1220 465/1/1217
s 457
f 466/1/1221 486/1/1222 491/1/1223
f 491/1/1223 463/1/1222 466/1/1221
s 458
f 467/1/1224 494/1/1225 492/1/1226
f 492/1/1226 464/1/1227 467/1/1224
s 459
f 493/1/1228 465/1/1229 468/1/1228
f 468/1/1228 495/1/1230 493/1/1228
s 460
f 469/1/1231 483/1/1231 486/1/1232
f 486/1/1232 466/1/1232 469/1/1231
s 461
f 470/1/1233 496/1/1234 494/1/1233
f 494/1/1233 467/1/1235 470/1/1233
s 462
f 471/1/1236 497/1/1237 495/1/1238
f 495/1/1238 468/1/1239 471/1/1236
s 463
f 483/1/1240 469/1/1241 472/1/1240
f 472/1/1240 498/1/1242 483/1/1240
s 464
f 496/1/1243 470/1/1244 451/1/1243
f 451/1/1243 454/1/1245 496/1/1243
s 465
f 473/1/1246 499/1/1247 497/1/1248
f 497/1/1248 471/1/1249 473/1/1246
s 466
f 474/1/1250 500/1/1251 498/1/1252
f 498/1/1252 472/1/1253 474/1/1250
s 467
f 501/1/1254 499/1/1255 473/1/1254
f 473/1/1254 475/1/1256 501/1/1254
s 468
f 476/1/1257 502/1/1257 500/1/1258
f 500/1/1258 474/1/1259 476/1/1257
s 469
f 477/1/1260 503/1/1261 501/1/1260
f 501/1/1260 475/1/1262 477/1/1260
s 470
f 504/1/1263 502/1/1264 476/1/1265
f 476/1/1265 478/1/1266 504/1/1263
s 471
f 479/1/1267 505/1/1268 503/1/1269
f 503/1/1269 477/1/1270 479/1/1267
s 472
f 480/1/1271 506/1/1272 504/1/1273
f 504/1/1273 478/1/1271 480/1/1271
s 473
f 505/1/1274 479/1/1275 481/1/1276
f 481/1/1276 507/1/1277 505/1/1274
s 474
f 482/1/1278 508/1/1279 506/1/1278
f 506/1/1278 480/1/1280 482/1/1278
s 475
f 419/1/1281 509/1/1282 507/1/1281
f 507/1/1281 481/1/1283 419/1/1281
s 476
f 510/1/1284 508/1/1285 482/1/1286
f 482/1/1286 456/1/1287 510/1/1284
s 477
f 422/1/1288 511/1/1289 509/1/1290
f 509/1/1290 419/1/1291 422/1/1288
s 478
f 455/1/1292 512/1/1293 510/1/1293
f 510/1/1293 456/1/1293 455/1/1292
s 479
f 513/1/1294 511/1/1294 422/1/1295
f 422/1/1295 457/1/1296 513/1/1294
s 480
f 458/1/1297 514/1/1298 512/1/1297
f 512/1/1297 455/1/1299 458/1/1297
s 481
f 459/1/1300 488/1/1300 513/1/1301
f 513/1/1301 457/1/1302 459/1/1300
s 482
f 514/1/1303 458/1/1304 460/1/1305
f 460/1/1305 490/1/1304 514/1/1303
s 483
f 515/1/1306 516/1/1306 517/1/1306
f 517/1/1306 518/1/1306 515/1/1306
s 484
f 496/1/1307 519/1/1307 520/1/1307
f 520/1/1307 494/1/1307 496/1/1307
s 485
f 521/1/1308 522/1/1308 495/1/1308
f 495/1/1308 497/1/1308 521/1/1308
s 486
f 498/1/1309 523/1/1310 484/1/1309
f 484/1/1309 483/1/1311 498/1/1309
s 487
f 524/1/1312 519/1/1312 496/1/1312
f 496/1/1312 454/1/1312 524/1/1312
s 488
f 499/1/1313 525/1/1314 521/1/1313
f 521/1/1313 497/1/1315 499/1/1313
s 489
f 523/1/1316 498/1/1317 500/1/1317
f 500/1/1317 517/1/1318 523/1/1316
s 490
f 501/1/1319 526/1/1320 525/1/1319
f 525/1/1319 499/1/1321 501/1/1319
s 491
f 502/1/1322 518/1/1323 517/1/1324
f 517/1/1324 500/1/1325 502/1/1322
s 492
f 527/1/1326 526/1/1327 501/1/1326
f 501/1/1326 503/1/1326 527/1/1326
s 493
f 504/1/1328 528/1/1328 518/1/1329
f 518/1/1329 502/1/1328 504/1/1328
s 494
f 505/1/1330 529/1/1331 527/1/1330
f 527/1/1330 503/1/1330 505/1/1330
s 495
f 530/1/1332 528/1/1333 504/1/1334
f 504/1/1334 506/1/1332 530/1/1332
s 496
f 507/1/1335 531/1/1335 529/1/1335
f 529/1/1335 505/1/1335 507/1/1335
s 497
f 508/1/1336 532/1/1337 530/1/1336
f 530/1/1336 506/1/1338 508/1/1336
s 498
f 533/1/1339 531/1/1340 507/1/1341
f 507/1/1341 509/1/1342 533/1/1339
s 499
f 510/1/1343 534/1/1344 532/1/1345
f 532/1/1345 508/1/1346 510/1/1343
s 500
f 511/1/1347 535/1/1348 533/1/1349
f 533/1/1349 509/1/1350 511/1/1347
s 501
f 536/1/1351 534/1/1351 510/1/1351
f 510/1/1351 512/1/1351 536/1/1351
s 502
f 513/1/1352 537/1/1352 535/1/1352
f 535/1/1352 511/1/1352 513/1/1352
s 503
f 514/1/1353 538/1/1354 536/1/1353
f 536/1/1353 512/1/1355 514/1/1353
s 504
f 539/1/1356 537/1/1357 513/1/1356
f 513/1/1356 488/1/1358 539/1/1356
s 505
f 490/1/1359 540/1/1360 538/1/1361
f 538/1/1361 514/1/1362 490/1/1359
s 506
f 454/1/1363 453/1/1364 541/1/1363
f 541/1/1363 524/1/1364 454/1/1363
s 507
f 487/1/1365 542/1/1365 539/1/1365
f 539/1/1365 488/1/1366 487/1/1365
s 508
f 543/1/1367 540/1/1368 490/1/1368
f 490/1/1368 489/1/1369 543/1/1367
s 509
f 544/1/1370 541/1/1371 453/1/1370
f 453/1/1370 491/1/1372 544/1/1370
s 510
f 492/1/1373 545/1/1374 542/1/1373
f 542/1/1373 487/1/1375 492/1/1373
s 511
f 493/1/1376 546/1/1377 543/1/1376
f 543/1/1376 489/1/1376 493/1/1376
s 512
f 485/1/1378 544/1/1379 491/1/1378
f 491/1/1378 486/1/1380 485/1/1378
s 513
f 520/1/1381 545/1/1382 492/1/1381
f 492/1/1381 494/1/1383 520/1/1381
s 514
f 495/1/1384 522/1/1384 546/1/1384
f 546/1/1384 493/1/1384 495/1/1384
s 515
f 547/1/1385 548/1/1386 549/1/1387
f 549/1/1387 550/1/1388 547/1/1385
s 516
f 527/1/1389 551/1/1389 552/1/1390
f 552/1/1390 526/1/1389 527/1/1389
s 517
f 528/1/1391 553/1/1392 515/1/1391
f 515/1/1391 518/1/1391 528/1/1391
s 518
f 551/1/1393 527/1/1394 529/1/1394
f 529/1/1394 554/1/1394 551/1/1393
s 519
f 530/1/1395 550/1/1395 553/1/1395
f 553/1/1395 528/1/1395 530/1/1395
s 520
f 531/1/1396 555/1/1396 554/1/1397
f 554/1/1397 529/1/1396 531/1/1396
s 521
f 547/1/1398 550/1/1398 530/1/1398
f 530/1/1398 532/1/1398 547/1/1398
s 522
f 533/1/1399 556/1/1399 555/1/1399
f 555/1/1399 531/1/1400 533/1/1399
s 523
f 534/1/1401 557/1/1402 547/1/1403
f 547/1/1403 532/1/1402 534/1/1401
s 524
f 558/1/1404 556/1/1405 533/1/1404
f 533/1/1404 535/1/1406 558/1/1404
s 525
f 536/1/1407 559/1/1407 557/1/1407
f 557/1/1407 534/1/1407 536/1/1407
s 526
f 537/1/1408 560/1/1408 558/1/1409
f 558/1/1409 535/1/1408 537/1/1408
s 527
f 561/1/1410 559/1/1411 536/1/1411
f 536/1/1411 538/1/1411 561/1/1410
s 528
f 539/1/1412 562/1/1413 560/1/1413
f 560/1/1413 537/1/1413 539/1/1412
s 529
f 540/1/1414 563/1/1414 561/1/1415
f 561/1/1415 538/1/1414 540/1/1414
s 530
f 564/1/1416 565/1/1416 524/1/1417
f 524/1/1417 541/1/1416 564/1/1416
s 531
f 566/1/1418 562/1/1419 539/1/1420
f 539/1/1420 542/1/1419 566/1/1418
s 532
f 543/1/1421 567/1/1421 563/1/1421
f 563/1/1421 540/1/1421 543/1/1421
s 533
f 544/1/1422 568/1/1423 564/1/1424
f 564/1/1424 541/1/1423 544/1/1422
s 534
f 545/1/1425 569/1/1426 566/1/1426
f 566/1/1426 542/1/1426 545/1/1425
s 535
f 567/1/1427 543/1/1427 546/1/1428
f 546/1/1428 570/1/1427 567/1/1427
s 536
f 485/1/1429 571/1/1430 568/1/1431
f 568/1/1431 544/1/1430 485/1/1429
s 537
f 520/1/1432 572/1/1433 569/1/1434
f 569/1/1434 545/1/1433 520/1/1432
s 538
f 522/1/1435 573/1/1435 570/1/1435
f 570/1/1435 546/1/1435 522/1/1435
s 539
f 574/1/1436 571/1/1436 485/1/1437
f 485/1/1437 484/1/1436 574/1/1436
s 540
f 575/1/1438 572/1/1438 520/1/1439
f 520/1/1439 519/1/1438 575/1/1438
s 541
f 521/1/1440 576/1/1441 573/1/1441
f 573/1/1441 522/1/1441 521/1/1440
s 542
f 523/1/1442 577/1/1442 574/1/1443
f 574/1/1443 484/1/1442 523/1/1442
s 543
f 565/1/1444 575/1/1445 519/1/1444
f 519/1/1444 524/1/1445 565/1/1444
s 544
f 576/1/1446 521/1/1447 525/1/1446
f 525/1/1446 578/1/1447 576/1/1446
s 545
f 517/1/1448 516/1/1449 577/1/1450
f 577/1/1450 523/1/1449 517/1/1448
s 546
f 526/1/1451 552/1/1451 578/1/1452
f 578/1/1452 525/1/1451 526/1/1451
s 547
f 579/1/1453 580/1/1454 581/1/1455
f 581/1/1455 582/1/1456 579/1/1453
s 548
f 556/1/1457 583/1/1457 584/1/1457
f 584/1/1457 555/1/1458 556/1/1457
s 549
f 585/1/1459 548/1/1459 547/1/1460
f 547/1/1460 557/1/1461 585/1/1459
s 550
f 558/1/1462 586/1/1463 583/1/1464
f 583/1/1464 556/1/1464 558/1/1462
s 551
f 559/1/1465 582/1/1466 585/1/1467
f 585/1/1467 557/1/1468 559/1/1465
s 552
f 586/1/1469 558/1/1470 560/1/1469
f 560/1/1469 587/1/1471 586/1/1469
s 553
f 561/1/1472 579/1/1473 582/1/1474
f 582/1/1474 559/1/1475 561/1/1472
s 554
f 562/1/1476 588/1/1476 587/1/1476
f 587/1/1476 560/1/1476 562/1/1476
s 555
f 579/1/1477 561/1/1477 563/1/1478
f 563/1/1478 589/1/1479 579/1/1477
s 556
f 565/1/1480 564/1/1481 590/1/1480
f 590/1/1480 591/1/1482 565/1/1480
s 557
f 566/1/1483 592/1/1483 588/1/1483
f 588/1/1483 562/1/1483 566/1/1483
s 558
f 567/1/1484 593/1/1485 589/1/1486
f 589/1/1486 563/1/1487 567/1/1484
s 559
f 568/1/1488 594/1/1488 590/1/1488
f 590/1/1488 564/1/1489 568/1/1488
s 560
f 595/1/1490 592/1/1491 566/1/1492
f 566/1/1492 569/1/1493 595/1/1490
s 561
f 570/1/1494 596/1/1494 593/1/1495
f 593/1/1495 567/1/1494 570/1/1494
s 562
f 571/1/1496 597/1/1497 594/1/1498
f 594/1/1498 568/1/1499 571/1/1496
s 563
f 572/1/1500 598/1/1501 595/1/1501
f 595/1/1501 569/1/1500 572/1/1500
s 564
f 599/1/1502 596/1/1503 570/1/1502
f 570/1/1502 573/1/1504 599/1/1502
s 565
f 574/1/1505 600/1/1506 597/1/1507
f 597/1/1507 571/1/1508 574/1/1505
s 566
f 575/1/1509 601/1/1510 598/1/1509
f 598/1/1509 572/1/1511 575/1/1509
s 567
f 576/1/1512 602/1/1513 599/1/1512
f 599/1/1512 573/1/1513 576/1/1512
s 568
f 600/1/1514 574/1/1515 577/1/1516
f 577/1/1516 603/1/1517 600/1/1514
s 569
f 591/1/1518 601/1/1519 575/1/1520
f 575/1/1520 565/1/1520 591/1/1518
s 570
f 578/1/1521 604/1/1521 602/1/1522
f 602/1/1522 576/1/1521 578/1/1521
s 571
f 516/1/1523 605/1/1524 603/1/1524
f 603/1/1524 577/1/1524 516/1/1523
s 572
f 606/1/1525 604/1/1526 578/1/1527
f 578/1/1527 552/1/1528 606/1/1525
s 573
f 515/1/1529 607/1/1530 605/1/1529
f 605/1/1529 516/1/1531 515/1/1529
s 574
f 551/1/1532 608/1/1533 606/1/1533
f 606/1/1533 552/1/1532 551/1/1532
s 575
f 609/1/1534 607/1/1535 515/1/1534
f 515/1/1534 553/1/1534 609/1/1534
s 576
f 554/1/1536 610/1/1536 608/1/1537
f 608/1/1537 551/1/1536 554/1/1536
s 577
f 550/1/1538 549/1/1539 609/1/1540
f 609/1/1540 553/1/1541 550/1/1538
s 578
f 610/1/1542 554/1/1543 555/1/1542
f 555/1/1542 584/1/1544 610/1/1542
s 579
f 611/1/1545 612/1/1545 613/1/1545
f 613/1/1545 614/1/1545 611/1/1545
s 580
f 587/1/1546 588/1/1547 615/1/1548
f 615/1/1548 616/1/1549 587/1/1546
s 581
f 589/1/1550 617/1/1551 580/1/1552
f 580/1/1552 579/1/1553 589/1/1550
s 582
f 591/1/1554 590/1/1554 618/1/1554
f 618/1/1554 619/1/1555 591/1/1554
s 583
f 615/1/1556 588/1/1557 592/1/1557
f 592/1/1557 620/1/1556 615/1/1556
s 584
f 589/1/1558 593/1/1559 614/1/1559
f 614/1/1559 617/1/1560 589/1/1558
s 585
f 618/1/1561 590/1/1562 594/1/1561
f 594/1/1561 621/1/1562 618/1/1561
s 586
f 595/1/1563 622/1/1563 620/1/1563
f 620/1/1563 592/1/1563 595/1/1563
s 587
f 614/1/1564 593/1/1564 596/1/1564
f 596/1/1564 611/1/1564 614/1/1564
s 588
f 623/1/1565 621/1/1566 594/1/1567
f 594/1/1567 597/1/1568 623/1/1565
s 589
f 595/1/1569 598/1/1570 624/1/1571
f 624/1/1571 622/1/1572 595/1/1569
s 590
f 599/1/1573 625/1/1573 611/1/1573
f 611/1/1573 596/1/1573 599/1/1573
s 591
f 600/1/1574 626/1/1574 623/1/1574
f 623/1/1574 597/1/1575 600/1/1574
s 592
f 624/1/1576 598/1/1576 601/1/1576
f 601/1/1576 627/1/1576 624/1/1576
s 593
f 599/1/1577 602/1/1577 628/1/1577
f 628/1/1577 625/1/1578 599/1/1577
s 594
f 603/1/1579 629/1/1580 626/1/1581
f 626/1/1581 600/1/1580 603/1/1579
s 595
f 601/1/1582 591/1/1583 619/1/1584
f 619/1/1584 627/1/1582 601/1/1582
s 596
f 628/1/1585 602/1/1586 604/1/1587
f 604/1/1587 630/1/1588 628/1/1585
s 597
f 631/1/1589 629/1/1590 603/1/1591
f 603/1/1591 605/1/1592 631/1/1589
s 598
f 606/1/1593 632/1/1593 630/1/1593
f 630/1/1593 604/1/1593 606/1/1593
s 599
f 607/1/1594 633/1/1595 631/1/1596
f 631/1/1596 605/1/1594 607/1/1594
s 600
f 606/1/1597 608/1/1598 634/1/1599
f 634/1/1599 632/1/1598 606/1/1597
s 601
f 609/1/1600 635/1/1601 633/1/1602
f 633/1/1602 607/1/1603 609/1/1600
s 602
f 634/1/1604 608/1/1605 610/1/1606
f 610/1/1606 636/1/1607 634/1/1604
s 603
f 609/1/1608 549/1/1609 637/1/1610
f 637/1/1610 635/1/1611 609/1/1608
s 604
f 584/1/1612 638/1/1613 636/1/1612
f 636/1/1612 610/1/1614 584/1/1612
s 605
f 637/1/1615 549/1/1616 548/1/1617
f 548/1/1617 639/1/1616 637/1/1615
s 606
f 584/1/1618 583/1/1619 640/1/1620
f 640/1/1620 638/1/1619 584/1/1618
s 607
f 641/1/1621 639/1/1622 548/1/1623
f 548/1/1623 585/1/1622 641/1/1621
s 608
f 640/1/1624 583/1/1625 586/1/1626
f 586/1/1626 642/1/1627 640/1/1624
s 609
f 641/1/1628 585/1/1628 582/1/1629
f 582/1/1629 581/1/1628 641/1/1628
s 610
f 587/1/1630 616/1/1631 642/1/1630
f 642/1/1630 586/1/1632 587/1/1630
s 611
f 643/1/1633 644/1/1633 645/1/1633
f 645/1/1633 646/1/1634 643/1/1633
s 612
f 623/1/1635 647/1/1635 648/1/1635
f 648/1/1635 621/1/1635 623/1/1635
s 613
f 624/1/1636 649/1/1637 650/1/1637
f 650/1/1637 622/1/1637 624/1/1636
s 614
f 612/1/1638 611/1/1639 625/1/1639
f 625/1/1639 651/1/1639 612/1/1638
s 615
f 623/1/1640 626/1/1640 652/1/1640
f 652/1/1640 647/1/1640 623/1/1640
s 616
f 627/1/1641 653/1/1641 649/1/1642
f 649/1/1642 624/1/1641 627/1/1641
s 617
f 628/1/1643 646/1/1644 651/1/1645
f 651/1/1645 625/1/1644 628/1/1643
s 618
f 652/1/1646 626/1/1646 629/1/1646
f 629/1/1646 654/1/1646 652/1/1646
s 619
f 655/1/1647 653/1/1648 627/1/1648
f 627/1/1648 619/1/1648 655/1/1647
s 620
f 630/1/1649 643/1/1650 646/1/1650
f 646/1/1650 628/1/1650 630/1/1649
s 621
f 631/1/1651 656/1/1651 654/1/1651
f 654/1/1651 629/1/1651 631/1/1651
s 622
f 643/1/1652 630/1/1652 632/1/1652
f 632/1/1652 657/1/1652 643/1/1652
s 623
f 631/1/1653 633/1/1653 658/1/1653
f 658/1/1653 656/1/1653 631/1/1653
s 624
f 634/1/1654 659/1/1655 657/1/1656
f 657/1/1656 632/1/1655 634/1/1654
s 625
f 658/1/1657 633/1/1658 635/1/1658
f 635/1/1658 660/1/1658 658/1/1657
s 626
f 636/1/1659 661/1/1660 659/1/1660
f 659/1/1660 634/1/1660 636/1/1659
s 627
f 637/1/1661 662/1/1661 660/1/1662
f 660/1/1662 635/1/1661 637/1/1661
s 628
f 661/1/1663 636/1/1664 638/1/1665
f 638/1/1665 663/1/1664 661/1/1663
s 629
f 639/1/1666 664/1/1666 662/1/1666
f 662/1/1666 637/1/1666 639/1/1666
s 630
f 640/1/1667 665/1/1668 663/1/1667
f 663/1/1667 638/1/1667 640/1/1667
s 631
f 639/1/1669 641/1/1669 666/1/1669
f 666/1/1669 664/1/1669 639/1/1669
s 632
f 642/1/1670 667/1/1671 665/1/1672
f 665/1/1672 640/1/1673 642/1/1670
s 633
f 668/1/1674 666/1/1674 641/1/1674
f 641/1/1674 581/1/1674 668/1/1674
s 634
f 667/1/1675 642/1/1676 616/1/1677
f 616/1/1677 669/1/1676 667/1/1675
s 635
f 668/1/1678 581/1/1678 580/1/1678
f 580/1/1678 670/1/1678 668/1/1678
s 636
f 615/1/1679 671/1/1680 669/1/1680
f 669/1/1680 616/1/1680 615/1/1679
s 637
f 670/1/1681 580/1/1681 617/1/1681
f 617/1/1681 672/1/1681 670/1/1681
s 638
f 618/1/1682 673/1/1682 655/1/1682
f 655/1/1682 619/1/1683 618/1/1682
s 639
f 620/1/1684 674/1/1685 671/1/1686
f 671/1/1686 615/1/1687 620/1/1684
s 640
f 614/1/1688 613/1/1688 672/1/1688
f 672/1/1688 617/1/1688 614/1/1688
s 641
f 673/1/1689 618/1/1689 621/1/1689
f 621/1/1689 648/1/1689 673/1/1689
s 642
f 674/1/1690 620/1/1691 622/1/1691
f 622/1/1691 650/1/1690 674/1/1690
s 643
f 675/1/1692 676/1/1692 677/1/1693
f 677/1/1693 678/1/1692 675/1/1692
s 644
f 679/1/1694 654/1/1695 656/1/1696
f 656/1/1696 680/1/1695 679/1/1694
s 645
f 657/1/1697 681/1/1698 644/1/1699
f 644/1/1699 643/1/1697 657/1/1697
s 646
f 658/1/1700 682/1/1701 680/1/1702
f 680/1/1702 656/1/1703 658/1/1700
s 647
f 681/1/1704 657/1/1705 659/1/1706
f 659/1/1706 678/1/1704 681/1/1704
s 648
f 660/1/1707 683/1/1708 682/1/1707
f 682/1/1707 658/1/1709 660/1/1707
s 649
f 661/1/1710 675/1/1711 678/1/1712
f 678/1/1712 659/1/1713 661/1/1710
s 650
f 683/1/1714 660/1/1715 662/1/1716
f 662/1/1716 684/1/1717 683/1/1714
s 651
f 663/1/1718 685/1/1719 675/1/1719
f 675/1/1719 661/1/1720 663/1/1718
s 652
f 664/1/1721 686/1/1722 684/1/1723
f 684/1/1723 662/1/1724 664/1/1721
s 653
f 685/1/1725 663/1/1726 665/1/1727
f 665/1/1727 687/1/1728 685/1/1725
s 654
f 666/1/1729 688/1/1730 686/1/1731
f 686/1/1731 664/1/1729 666/1/1729
s 655
f 667/1/1732 689/1/1733 687/1/1732
f 687/1/1732 665/1/1734 667/1/1732
s 656
f 688/1/1735 666/1/1736 668/1/1737
f 668/1/1737 690/1/1738 688/1/1735
s 657
f 669/1/1739 691/1/1740 689/1/1741
f 689/1/1741 667/1/1742 669/1/1739
s 658
f 670/1/1743 692/1/1744 690/1/1745
f 690/1/1745 668/1/1746 670/1/1743
s 659
f 691/1/1747 669/1/1748 671/1/1748
f 671/1/1748 693/1/1748 691/1/1747
s 660
f 672/1/1749 694/1/1750 692/1/1749
f 692/1/1749 670/1/1751 672/1/1749
s 661
f 655/1/1752 673/1/1752 695/1/1753
f 695/1/1753 696/1/1753 655/1/1752
s 662
f 674/1/1754 697/1/1755 693/1/1756
f 693/1/1756 671/1/1755 674/1/1754
s 663
f 694/1/1757 672/1/1758 613/1/1757
f 613/1/1757 698/1/1759 694/1/1757
s 664
f 648/1/1760 699/1/1761 695/1/1762
f 695/1/1762 673/1/1763 648/1/1760
s 665
f 650/1/1764 700/1/1765 697/1/1766
f 697/1/1766 674/1/1764 650/1/1764
s 666
f 612/1/1767 701/1/1768 698/1/1767
f 698/1/1767 613/1/1768 612/1/1767
s 667
f 699/1/1769 648/1/1770 647/1/1771
f 647/1/1771 702/1/1772 699/1/1769
s 668
f 700/1/1773 650/1/1774 649/1/1774
f 649/1/1774 703/1/1775 700/1/1773
s 669
f 651/1/1776 704/1/1776 701/1/1777
f 701/1/1777 612/1/1777 651/1/1776
s 670
f 652/1/1778 705/1/1779 702/1/1780
f 702/1/1780 647/1/1780 652/1/1778
s 671
f 653/1/1781 706/1/1781 703/1/1782
f 703/1/1782 649/1/1781 653/1/1781
s 672
f 704/1/1783 651/1/1784 646/1/1783
f 646/1/1783 645/1/1785 704/1/1783
s 673
f 654/1/1786 679/1/1787 705/1/1786
f 705/1/1786 652/1/1786 654/1/1786
s 674
f 696/1/1788 706/1/1789 653/1/1789
f 653/1/1789 655/1/1788 696/1/1788
s 675
f 707/1/1790 708/1/1791 709/1/1792
f 709/1/1792 710/1/1793 707/1/1790
s 676
f 684/1/1794 711/1/1795 712/1/1795
f 712/1/1795 683/1/1794 684/1/1794
s 677
f 685/1/1796 713/1/1796 676/1/1796
f 676/1/1796 675/1/1797 685/1/1796
s 678
f 686/1/1798 714/1/1798 711/1/1798
f 711/1/1798 684/1/1798 686/1/1798
s 679
f 687/1/1799 710/1/1800 713/1/1801
f 713/1/1801 685/1/1801 687/1/1799
s 680
f 715/1/1802 714/1/1803 686/1/1804
f 686/1/1804 688/1/1802 715/1/1802
s 681
f 689/1/1805 707/1/1806 710/1/1805
f 710/1/1805 687/1/1807 689/1/1805
s 682
f 690/1/1808 716/1/1808 715/1/1808
f 715/1/1808 688/1/1809 690/1/1808
s 683
f 717/1/1810 707/1/1810 689/1/1810
f 689/1/1810 691/1/1811 717/1/1810
s 684
f 716/1/1812 690/1/1813 692/1/1813
f 692/1/1813 718/1/1814 716/1/1812
s 685
f 719/1/1815 717/1/1816 691/1/1817
f 691/1/1817 693/1/1818 719/1/1815
s 686
f 694/1/1819 720/1/1820 718/1/1821
f 718/1/1821 692/1/1821 694/1/1819
s 687
f 721/1/1822 696/1/1823 695/1/1822
f 695/1/1822 722/1/1824 721/1/1822
s 688
f 723/1/1825 719/1/1826 693/1/1827
f 693/1/1827 697/1/1828 723/1/1825
s 689
f 698/1/1829 724/1/1829 720/1/1829
f 720/1/1829 694/1/1830 698/1/1829
s 690
f 722/1/1831 695/1/1831 699/1/1831
f 699/1/1831 725/1/1832 722/1/1831
s 691
f 723/1/1833 697/1/1834 700/1/1834
f 700/1/1834 726/1/1835 723/1/1833
s 692
f 701/1/1836 727/1/1836 724/1/1837
f 724/1/1837 698/1/1836 701/1/1836
s 693
f 702/1/1838 728/1/1838 725/1/1838
f 725/1/1838 699/1/1839 702/1/1838
s 694
f 703/1/1840 729/1/1840 726/1/1840
f 726/1/1840 700/1/1840 703/1/1840
s 695
f 704/1/1841 730/1/1841 727/1/1841
f 727/1/1841 701/1/1842 704/1/1841
s 696
f 728/1/1843 702/1/1844 705/1/1845
f 705/1/1845 731/1/1846 728/1/1843
s 697
f 706/1/1847 732/1/1848 729/1/1847
f 729/1/1847 703/1/1849 706/1/1847
s 698
f 645/1/1850 733/1/1850 730/1/1850
f 730/1/1850 704/1/1850 645/1/1850
s 699
f 679/1/1851 734/1/1852 731/1/1851
f 731/1/1851 705/1/1853 679/1/1851
s 700
f 721/1/1854 732/1/1855 706/1/1854
f 706/1/1854 696/1/1856 721/1/1854
s 701
f 644/1/1857 735/1/1857 733/1/1857
f 733/1/1857 645/1/1857 644/1/1857
s 702
f 680/1/1858 736/1/1858 734/1/1859
f 734/1/1859 679/1/1858 680/1/1858
s 703
f 681/1/1860 737/1/1861 735/1/1860
f 735/1/1860 644/1/1862 681/1/1860
s 704
f 736/1/1863 680/1/1863 682/1/1863
f 682/1/1863 738/1/1863 736/1/1863
s 705
f 678/1/1864 677/1/1865 737/1/1865
f 737/1/1865 681/1/1866 678/1/1864
s 706
f 712/1/1867 738/1/1868 682/1/1868
f 682/1/1868 683/1/1868 712/1/1867
s 707
f 739/1/1869 740/1/1870 741/1/1871
f 741/1/1871 742/1/1872 739/1/1869
s 708
f 743/1/1873 744/1/1873 715/1/1873
f 715/1/1873 716/1/1873 743/1/1873
s 709
f 745/1/1874 708/1/1875 707/1/1875
f 707/1/1875 717/1/1876 745/1/1874
s 710
f 718/1/1877 746/1/1877 743/1/1877
f 743/1/1877 716/1/1877 718/1/1877
s 711
f 747/1/1878 745/1/1878 717/1/1879
f 717/1/1879 719/1/1878 747/1/1878
s 712
f 720/1/1880 748/1/1880 746/1/1880
f 746/1/1880 718/1/1880 720/1/1880
s 713
f 721/1/1881 722/1/1881 749/1/1881
f 749/1/1881 750/1/1881 721/1/1881
s 714
f 723/1/1882 751/1/1883 747/1/1884
f 747/1/1884 719/1/1883 723/1/1882
s 715
f 748/1/1885 720/1/1885 724/1/1885
f 724/1/1885 752/1/1885 748/1/1885
s 716
f 725/1/1886 753/1/1886 749/1/1886
f 749/1/1886 722/1/1886 725/1/1886
s 717
f 751/1/1887 723/1/1888 726/1/1888
f 726/1/1888 754/1/1888 751/1/1887
s 718
f 727/1/1889 755/1/1889 752/1/1889
f 752/1/1889 724/1/1889 727/1/1889
s 719
f 728/1/1890 756/1/1890 753/1/1890
f 753/1/1890 725/1/1890 728/1/1890
s 720
f 757/1/1891 754/1/1891 726/1/1891
f 726/1/1891 729/1/1891 757/1/1891
s 721
f 740/1/1892 755/1/1892 727/1/1892
f 727/1/1892 730/1/1892 740/1/1892
s 722
f 731/1/1893 758/1/1893 756/1/1893
f 756/1/1893 728/1/1893 731/1/1893
s 723
f 732/1/1894 759/1/1894 757/1/1894
f 757/1/1894 729/1/1894 732/1/1894
s 724
f 740/1/1895 730/1/1895 733/1/1895
f 733/1/1895 741/1/1895 740/1/1895
s 725
f 734/1/1896 760/1/1896 758/1/1896
f 758/1/1896 731/1/1896 734/1/1896
s 726
f 750/1/1897 759/1/1897 732/1/1897
f 732/1/1897 721/1/1897 750/1/1897
s 727
f 735/1/1898 761/1/1898 741/1/1899
f 741/1/1899 733/1/1898 735/1/1898
s 728
f 760/1/1900 734/1/1901 736/1/1900
f 736/1/1900 762/1/1900 760/1/1900
s 729
f 761/1/1902 735/1/1902 737/1/1902
f 737/1/1902 763/1/1902 761/1/1902
s 730
f 738/1/1903 764/1/1903 762/1/1903
f 762/1/1903 736/1/1903 738/1/1903
s 731
f 763/1/1904 737/1/1904 677/1/1905
f 677/1/1905 765/1/1904 763/1/1904
s 732
f 766/1/1906 764/1/1906 738/1/1907
f 738/1/1907 712/1/1906 766/1/1906
s 733
f 767/1/1908 765/1/1909 677/1/1909
f 677/1/1909 676/1/1909 767/1/1908
s 734
f 768/1/1910 766/1/1910 712/1/1911
f 712/1/1911 711/1/1910 768/1/1910
s 735
f 713/1/1912 769/1/1913 767/1/1913
f 767/1/1913 676/1/1913 713/1/1912
s 736
f 714/1/1914 770/1/1914 768/1/1914
f 768/1/1914 711/1/1914 714/1/1914
s 737
f 769/1/1915 713/1/1916 710/1/1917
f 710/1/1917 709/1/1918 769/1/1915
s 738
f 714/1/1919 715/1/1920 744/1/1919
f 744/1/1919 770/1/1919 714/1/1919
s 739
f 771/1/1921 772/1/1922 773/1/1922
f 773/1/1922 774/1/1923 771/1/1921
s 740
f 760/1/1924 775/1/1925 776/1/1926
f 776/1/1926 758/1/1927 760/1/1924
s 741
f 759/1/1928 750/1/1929 777/1/1929
f 777/1/1929 778/1/1929 759/1/1928
s 742
f 779/1/1930 742/1/1931 741/1/1932
f 741/1/1932 761/1/1933 779/1/1930
s 743
f 760/1/1934 762/1/1934 780/1/1934
f 780/1/1934 775/1/1934 760/1/1934
s 744
f 763/1/1935 772/1/1936 779/1/1937
f 779/1/1937 761/1/1936 763/1/1935
s 745
f 781/1/1938 780/1/1938 762/1/1938
f 762/1/1938 764/1/1938 781/1/1938
s 746
f 765/1/1939 773/1/1940 772/1/1940
f 772/1/1940 763/1/1939 765/1/1939
s 747
f 766/1/1941 782/1/1942 781/1/1943
f 781/1/1943 764/1/1944 766/1/1941
s 748
f 773/1/1945 765/1/1946 767/1/1947
f 767/1/1947 783/1/1945 773/1/1945
s 749
f 768/1/1948 784/1/1949 782/1/1948
f 782/1/1948 766/1/1950 768/1/1948
s 750
f 769/1/1951 785/1/1952 783/1/1953
f 783/1/1953 767/1/1952 769/1/1951
s 751
f 768/1/1954 770/1/1954 786/1/1955
f 786/1/1955 784/1/1955 768/1/1954
s 752
f 769/1/1956 709/1/1956 787/1/1957
f 787/1/1957 785/1/1956 769/1/1956
s 753
f 744/1/1958 788/1/1958 786/1/1958
f 786/1/1958 770/1/1958 744/1/1958
s 754
f 789/1/1959 787/1/1960 709/1/1961
f 709/1/1961 708/1/1962 789/1/1959
s 755
f 790/1/1963 788/1/1963 744/1/1963
f 744/1/1963 743/1/1963 790/1/1963
s 756
f 789/1/1964 708/1/1965 745/1/1966
f 745/1/1966 791/1/1967 789/1/1964
s 757
f 792/1/1968 790/1/1968 743/1/1968
f 743/1/1968 746/1/1968 792/1/1968
s 758
f 747/1/1969 793/1/1970 791/1/1970
f 791/1/1970 745/1/1971 747/1/1969
s 759
f 746/1/1972 748/1/1972 794/1/1972
f 794/1/1972 792/1/1972 746/1/1972
s 760
f 795/1/1973 777/1/1974 750/1/1974
f 750/1/1974 749/1/1975 795/1/1973
s 761
f 747/1/1976 751/1/1976 796/1/1976
f 796/1/1976 793/1/1977 747/1/1976
s 762
f 794/1/1978 748/1/1979 752/1/1979
f 752/1/1979 797/1/1980 794/1/1978
s 763
f 795/1/1981 749/1/1982 753/1/1983
f 753/1/1983 798/1/1982 795/1/1981
s 764
f 754/1/1984 799/1/1985 796/1/1984
f 796/1/1984 751/1/1986 754/1/1984
s 765
f 752/1/1987 755/1/1988 800/1/1987
f 800/1/1987 797/1/1989 752/1/1987
s 766
f 753/1/1990 756/1/1990 801/1/1990
f 801/1/1990 798/1/1990 753/1/1990
s 767
f 802/1/1991 799/1/1992 754/1/1993
f 754/1/1993 757/1/1994 802/1/1991
s 768
f 740/1/1995 739/1/1995 800/1/1995
f 800/1/1995 755/1/1996 740/1/1995
s 769
f 776/1/1997 801/1/1998 756/1/1998
f 756/1/1998 758/1/1998 776/1/1997
s 770
f 778/1/1999 802/1/2000 757/1/2000
f 757/1/2000 759/1/2000 778/1/1999
s 771
f 803/1/2001 804/1/2002 805/1/2003
f 805/1/2003 806/1/2002 803/1/2001
s 772
f 807/1/2004 781/1/2005 782/1/2006
f 782/1/2006 808/1/2007 807/1/2004
s 773
f 773/1/2008 783/1/2009 809/1/2010
f 809/1/2010 774/1/2010 773/1/2008
s 774
f 810/1/2011 808/1/2012 782/1/2013
f 782/1/2013 784/1/2014 810/1/2011
s 775
f 804/1/2015 809/1/2016 783/1/2017
f 783/1/2017 785/1/2018 804/1/2015
s 776
f 784/1/2019 786/1/2020 811/1/2019
f 811/1/2019 810/1/2021 784/1/2019
s 777
f 787/1/2022 805/1/2023 804/1/2024
f 804/1/2024 785/1/2025 787/1/2022
s 778
f 812/1/2026 811/1/2027 786/1/2026
f 786/1/2026 788/1/2028 812/1/2026
s 779
f 789/1/2029 813/1/2030 805/1/2031
f 805/1/2031 787/1/2032 789/1/2029
s 780
f 790/1/2033 814/1/2034 812/1/2035
f 812/1/2035 788/1/2036 790/1/2033
s 781
f 813/1/2037 789/1/2038 791/1/2039
f 791/1/2039 815/1/2040 813/1/2037
s 782
f 792/1/2041 816/1/2042 814/1/2042
f 814/1/2042 790/1/2043 792/1/2041
s 783
f 815/1/2044 791/1/2045 793/1/2046
f 793/1/2046 817/1/2047 815/1/2044
s 784
f 816/1/2048 792/1/2048 794/1/2049
f 794/1/2049 818/1/2048 816/1/2048
s 785
f 819/1/2050 820/1/2051 777/1/2051
f 777/1/2051 795/1/2050 819/1/2050
s 786
f 793/1/2052 796/1/2053 821/1/2054
f 821/1/2054 817/1/2054 793/1/2052
s 787
f 822/1/2055 818/1/2056 794/1/2057
f 794/1/2057 797/1/2056 822/1/2055
s 788
f 823/1/2058 819/1/2059 795/1/2060
f 795/1/2060 798/1/2061 823/1/2058
s 789
f 824/1/2062 821/1/2063 796/1/2062
f 796/1/2062 799/1/2062 824/1/2062
s 790
f 797/1/2064 800/1/2064 825/1/2064
f 825/1/2064 822/1/2064 797/1/2064
s 791
f 801/1/2065 826/1/2065 823/1/2066
f 823/1/2066 798/1/2066 801/1/2065
s 792
f 802/1/2067 827/1/2068 824/1/2069
f 824/1/2069 799/1/2067 802/1/2067
s 793
f 828/1/2070 825/1/2070 800/1/2070
f 800/1/2070 739/1/2070 828/1/2070
s 794
f 826/1/2071 801/1/2072 776/1/2071
f 776/1/2071 829/1/2072 826/1/2071
s 795
f 778/1/2073 830/1/2073 827/1/2073
f 827/1/2073 802/1/2074 778/1/2073
s 796
f 742/1/2075 831/1/2076 828/1/2075
f 828/1/2075 739/1/2076 742/1/2075
s 797
f 832/1/2077 829/1/2078 776/1/2079
f 776/1/2079 775/1/2077 832/1/2077
s 798
f 830/1/2080 778/1/2081 777/1/2080
f 777/1/2080 820/1/2081 830/1/2080
s 799
f 779/1/2082 833/1/2082 831/1/2082
f 831/1/2082 742/1/2082 779/1/2082
s 800
f 780/1/2083 834/1/2084 832/1/2085
f 832/1/2085 775/1/2086 780/1/2083
s 801
f 833/1/2087 779/1/2087 772/1/2087
f 772/1/2087 771/1/2088 833/1/2087
s 802
f 781/1/2089 807/1/2090 834/1/2091
f 834/1/2091 780/1/2092 781/1/2089
s 803
f 835/1/2093 836/1/2093 837/1/2093
f 835/1/2093 837/1/2093 838/1/2093
f 838/1/2093 839/1/2093 840/1/2093
f 838/1/2093 840/1/2093 841/1/2094
f 835/1/2093 838/1/2093 841/1/2094
f 841/1/2094 842/1/2093 843/1/2095
f 841/1/2094 843/1/2095 844/1/2096
f 845/1/2093 846/1/2093 847/1/2097
f 844/1/2096 845/1/2093 847/1/2097
f 841/1/2094 844/1/2096 847/1/2097
f 835/1/2093 841/1/2094 847/1/2097
f 847/1/2097 848/1/2093 849/1/2093
f 847/1/2097 849/1/2093 850/1/2098
f 851/1/2098 852/1/2099 853/1/2100
f 850/1/2098 851/1/2098 853/1/2100
f 847/1/2097 850/1/2098 853/1/2100
f 835/1/2093 847/1/2097 853/1/2100
f 853/1/2100 854/1/2101 855/1/2093
f 853/1/2100 855/1/2093 856/1/2102
f 853/1/2100 856/1/2102 803/1/2103
f 835/1/2093 853/1/2100 803/1/2103
f 857/1/2093 858/1/2093 859/1/2093
f 806/1/2093 857/1/2093 859/1/2093
f 803/1/2103 806/1/2093 859/1/2093
f 803/1/2103 859/1/2093 860/1/2098
f 835/1/2093 803/1/2103 860/1/2098
f 860/1/2098 861/1/2093 862/1/2093
f 860/1/2098 862/1/2093 863/1/2104
f 860/1/2098 863/1/2104 864/1/2093
f 835/1/2093 860/1/2098 864/1/2093
s 804
f 812/1/2105 845/1/2105 844/1/2105
f 844/1/2105 811/1/2105 812/1/2105
s 805
f 857/1/2106 806/1/2107 805/1/2108
f 805/1/2108 813/1/2107 857/1/2106
s 806
f 845/1/2109 812/1/2109 814/1/2109
f 814/1/2109 846/1/2109 845/1/2109
s 807
f 813/1/2110 815/1/2110 858/1/2110
f 858/1/2110 857/1/2110 813/1/2110
s 808
f 847/1/2111 846/1/2111 814/1/2111
f 814/1/2111 816/1/2111 847/1/2111
s 809
f 859/1/2112 858/1/2112 815/1/2113
f 815/1/2113 817/1/2112 859/1/2112
s 810
f 816/1/2114 818/1/2115 848/1/2114
f 848/1/2114 847/1/2114 816/1/2114
s 811
f 835/1/2116 864/1/2116 820/1/2116
f 820/1/2116 819/1/2116 835/1/2116
s 812
f 821/1/2117 860/1/2117 859/1/2117
f 859/1/2117 817/1/2117 821/1/2117
s 813
f 849/1/2118 848/1/2118 818/1/2118
f 818/1/2118 822/1/2118 849/1/2118
s 814
f 819/1/2119 823/1/2119 836/1/2119
f 836/1/2119 835/1/2119 819/1/2119
s 815
f 824/1/2120 861/1/2120 860/1/2120
f 860/1/2120 821/1/2120 824/1/2120
s 816
f 825/1/2121 850/1/2121 849/1/2121
f 849/1/2121 822/1/2121 825/1/2121
s 817
f 837/1/2122 836/1/2122 823/1/2122
f 823/1/2122 826/1/2122 837/1/2122
s 818
f 861/1/2123 824/1/2123 827/1/2124
f 827/1/2124 862/1/2123 861/1/2123
s 819
f 828/1/2125 851/1/2125 850/1/2125
f 850/1/2125 825/1/2125 828/1/2125
s 820
f 829/1/2126 838/1/2126 837/1/2126
f 837/1/2126 826/1/2126 829/1/2126
s 821
f 863/1/2127 862/1/2127 827/1/2127
f 827/1/2127 830/1/2127 863/1/2127
s 822
f 851/1/2128 828/1/2128 831/1/2128
f 831/1/2128 852/1/2128 851/1/2128
s 823
f 832/1/2129 839/1/2129 838/1/2129
f 838/1/2129 829/1/2129 832/1/2129
s 824
f 820/1/2130 864/1/2130 863/1/2130
f 863/1/2130 830/1/2130 820/1/2130
s 825
f 853/1/2131 852/1/2131 831/1/2131
f 831/1/2131 833/1/2131 853/1/2131
s 826
f 839/1/2132 832/1/2132 834/1/2132
f 834/1/2132 840/1/2132 839/1/2132
s 827
f 833/1/2133 771/1/2133 854/1/2133
f 854/1/2133 853/1/2133 833/1/2133
s 828
f 841/1/2134 840/1/2134 834/1/2134
f 834/1/2134 807/1/2134 841/1/2134
s 829
f 855/1/2135 854/1/2135 771/1/2135
f 771/1/2135 774/1/2135 855/1/2135
s 830
f 807/1/2136 808/1/2136 842/1/2136
f 842/1/2136 841/1/2136 807/1/2136
s 831
f 809/1/2137 856/1/2138 855/1/2139
f 855/1/2139 774/1/2138 809/1/2137
s 832
f 843/1/2140 842/1/2141 808/1/2140
f 808/1/2140 810/1/2140 843/1/2140
s 833
f 804/1/2142 803/1/2143 856/1/2144
f 856/1/2144 809/1/2143 804/1/2142
s 834
f 811/1/2145 844/1/2145 843/1/2145
f 843/1/2145 810/1/2145 811/1/2145
s 835
f 865/1/2146 866/1/2147 867/1/2148
f 867/1/2148 868/1/2149 865/1/2146
f 868/1/2149 867/1/2148 869/1/2150
f 869/1/2150 870/1/2151 868/1/2149
s 836
f 868/1/2152 871/1/2153 872/1/2154
f 872/1/2154 865/1/2155 868/1/2152
f 873/1/2156 871/1/2153 868/1/2152
f 868/1/2152 870/1/2157 873/1/2156
s 837
f 874/1/2158 875/1/2158 876/1/2158
f 876/1/2158 866/1/2158 874/1/2158
s 838
f 877/1/2159 867/1/2160 866/1/2159
f 866/1/2159 876/1/2159 877/1/2159
s 839
f 877/1/2161 878/1/2161 869/1/2161
f 869/1/2161 867/1/2161 877/1/2161
s 840
f 869/1/2162 878/1/2162 879/1/2162
f 879/1/2162 880/1/2162 869/1/2162
s 835
f 881/1/2163 870/1/2151 869/1/2150
f 869/1/2150 880/1/2164 881/1/2163
s 836
f 881/1/2165 882/1/2166 873/1/2156
f 873/1/2156 870/1/2157 881/1/2165
s 841
f 883/1/2167 873/1/2168 882/1/2168
f 882/1/2168 884/1/2169 883/1/2167
s 842
f 873/1/2170 883/1/2171 885/1/2171
f 885/1/2171 871/1/2171 873/1/2170
s 843
f 871/1/2172 885/1/2173 886/1/2173
f 886/1/2173 872/1/2172 871/1/2172
s 844
f 886/1/2174 887/1/2175 888/1/2174
f 888/1/2174 872/1/2176 886/1/2174
s 836
f 865/1/2155 872/1/2154 888/1/2177
f 888/1/2177 889/1/2178 865/1/2155
s 835
f 874/1/2179 866/1/2147 865/1/2146
f 865/1/2146 889/1/2180 874/1/2179
s 845
f 890/1/2181 891/1/2182 892/1/2183
f 892/1/2183 893/1/2184 890/1/2181
s 846
f 894/1/2185 895/1/2186 891/1/2187
f 891/1/2187 890/1/2188 894/1/2185
s 845
f 891/1/2182 896/1/2189 897/1/2190
f 897/1/2190 892/1/2183 891/1/2182
s 846
f 891/1/2187 895/1/2186 898/1/2191
f 898/1/2191 896/1/2192 891/1/2187
s 847
f 899/1/2193 893/1/2193 900/1/2193
f 900/1/2193 901/1/2193 899/1/2193
s 845
f 890/1/2181 893/1/2184 899/1/2194
f 899/1/2194 902/1/2195 890/1/2181
s 846
f 903/1/2196 894/1/2185 890/1/2188
f 890/1/2188 902/1/2197 903/1/2196
s 848
f 894/1/2198 903/1/2198 904/1/2198
f 904/1/2198 905/1/2198 894/1/2198
s 849
f 906/1/2199 895/1/2200 894/1/2199
f 894/1/2199 905/1/2199 906/1/2199
s 850
f 907/1/2201 898/1/2201 895/1/2201
f 895/1/2201 906/1/2201 907/1/2201
s 851
f 908/1/2202 898/1/2202 907/1/2202
f 907/1/2202 909/1/2202 908/1/2202
s 846
f 908/1/2203 910/1/2204 896/1/2192
f 896/1/2192 898/1/2191 908/1/2203
s 845
f 896/1/2189 910/1/2205 911/1/2206
f 911/1/2206 897/1/2190 896/1/2189
s 852
f 912/1/2207 897/1/2208 911/1/2208
f 911/1/2208 913/1/2208 912/1/2207
s 853
f 892/1/2209 897/1/2209 912/1/2209
f 912/1/2209 914/1/2209 892/1/2209
s 854
f 893/1/2210 892/1/2211 914/1/2212
f 914/1/2212 900/1/2210 893/1/2210
s 845
f 915/1/2213 916/1/2214 917/1/2215
f 917/1/2215 918/1/2216 915/1/2213
s 846
f 919/1/2217 920/1/2218 916/1/2219
f 916/1/2219 915/1/2220 919/1/2217
s 845
f 916/1/2214 921/1/2221 922/1/2222
f 922/1/2222 917/1/2215 916/1/2214
s 846
f 916/1/2219 920/1/2218 923/1/2223
f 923/1/2223 921/1/2224 916/1/2219
s 855
f 918/1/2225 924/1/2226 925/1/2227
f 925/1/2227 926/1/2228 918/1/2225
s 845
f 926/1/2229 927/1/2230 915/1/2213
f 915/1/2213 918/1/2216 926/1/2229
s 846
f 919/1/2217 915/1/2220 927/1/2231
f 927/1/2231 928/1/2232 919/1/2217
s 856
f 928/1/2233 929/1/2233 930/1/2233
f 930/1/2233 919/1/2233 928/1/2233
s 857
f 931/1/2234 920/1/2235 919/1/2234
f 919/1/2234 930/1/2236 931/1/2234
s 858
f 932/1/2237 923/1/2237 920/1/2237
f 920/1/2237 931/1/2238 932/1/2237
s 859
f 903/1/2239 923/1/2239 932/1/2239
f 932/1/2239 904/1/2239 903/1/2239
s 846
f 902/1/2197 921/1/2224 923/1/2223
f 923/1/2223 903/1/2196 902/1/2197
s 845
f 902/1/2195 899/1/2194 922/1/2222
f 922/1/2222 921/1/2221 902/1/2195
s 860
f 899/1/2240 901/1/2240 933/1/2240
f 933/1/2240 922/1/2240 899/1/2240
s 861
f 917/1/2241 922/1/2241 933/1/2241
f 933/1/2241 934/1/2241 917/1/2241
s 862
f 918/1/2242 917/1/2243 934/1/2244
f 934/1/2244 924/1/2242 918/1/2242
s 845
f 935/1/2245 936/1/2246 937/1/2247
f 937/1/2247 938/1/2248 935/1/2245
s 846
f 939/1/2249 940/1/2250 936/1/2251
f 936/1/2251 935/1/2252 939/1/2249
s 845
f 936/1/2246 941/1/2253 942/1/2254
f 942/1/2254 937/1/2247 936/1/2246
s 846
f 936/1/2251 940/1/2250 943/1/2255
f 943/1/2255 941/1/2256 936/1/2251
s 863
f 944/1/2257 945/1/2257 946/1/2257
f 946/1/2257 938/1/2258 944/1/2257
s 845
f 935/1/2245 938/1/2248 946/1/2259
f 946/1/2259 947/1/2260 935/1/2245
s 846
f 939/1/2249 935/1/2252 947/1/2261
f 947/1/2261 948/1/2262 939/1/2249
s 864
f 948/1/2263 949/1/2264 950/1/2264
f 950/1/2264 939/1/2263 948/1/2263
s 865
f 951/1/2265 940/1/2265 939/1/2265
f 939/1/2265 950/1/2266 951/1/2265
s 866
f 952/1/2267 943/1/2268 940/1/2269
f 940/1/2269 951/1/2267 952/1/2267
s 867
f 929/1/2270 928/1/2270 943/1/2270
f 943/1/2270 952/1/2270 929/1/2270
s 846
f 927/1/2231 941/1/2256 943/1/2255
f 943/1/2255 928/1/2232 927/1/2231
s 845
f 927/1/2230 926/1/2229 942/1/2254
f 942/1/2254 941/1/2253 927/1/2230
s 868
f 926/1/2271 925/1/2272 953/1/2272
f 953/1/2272 942/1/2272 926/1/2271
s 869
f 942/1/2273 953/1/2273 954/1/2273
f 954/1/2273 937/1/2273 942/1/2273
s 870
f 938/1/2274 937/1/2274 954/1/2274
f 954/1/2274 944/1/2274 938/1/2274
s 845
f 955/1/2275 956/1/2276 957/1/2277
f 957/1/2277 958/1/2278 955/1/2275
s 846
f 959/1/2279 960/1/2280 956/1/2281
f 956/1/2281 955/1/2282 959/1/2279
s 845
f 956/1/2276 961/1/2283 962/1/2284
f 962/1/2284 957/1/2277 956/1/2276
s 846
f 956/1/2281 960/1/2280 963/1/2285
f 963/1/2285 961/1/2286 956/1/2281
s 871
f 958/1/2287 964/1/2287 965/1/2287
f 965/1/2287 966/1/2287 958/1/2287
s 845
f 958/1/2278 966/1/2288 967/1/2289
f 967/1/2289 955/1/2275 958/1/2278
s 846
f 967/1/2290 968/1/2291 959/1/2279
f 959/1/2279 955/1/2282 967/1/2290
s 872
f 969/1/2292 959/1/2292 968/1/2292
f 968/1/2292 970/1/2292 969/1/2292
s 873
f 960/1/2293 959/1/2294 969/1/2295
f 969/1/2295 971/1/2295 960/1/2293
s 874
f 972/1/2296 963/1/2296 960/1/2296
f 960/1/2296 971/1/2297 972/1/2296
s 875
f 949/1/2298 948/1/2299 963/1/2299
f 963/1/2299 972/1/2299 949/1/2298
s 846
f 947/1/2261 961/1/2286 963/1/2285
f 963/1/2285 948/1/2262 947/1/2261
s 845
f 947/1/2260 946/1/2259 962/1/2284
f 962/1/2284 961/1/2283 947/1/2260
s 876
f 946/1/2300 945/1/2300 973/1/2300
f 973/1/2300 962/1/2300 946/1/2300
s 877
f 962/1/2301 973/1/2301 974/1/2302
f 974/1/2302 957/1/2303 962/1/2301
s 878
f 964/1/2304 958/1/2305 957/1/2306
f 957/1/2306 974/1/2305 964/1/2304
s 845
f 975/1/2307 976/1/2308 977/1/2309
f 977/1/2309 978/1/2310 975/1/2307
s 846
f 979/1/2311 980/1/2312 976/1/2313
f 976/1/2313 975/1/2314 979/1/2311
s 845
f 976/1/2308 981/1/2315 982/1/2316
f 982/1/2316 977/1/2309 976/1/2308
s 846
f 976/1/2313 980/1/2312 983/1/2317
f 983/1/2317 981/1/2318 976/1/2313
s 879
f 978/1/2319 984/1/2320 985/1/2320
f 985/1/2320 986/1/2319 978/1/2319
s 845
f 978/1/2310 986/1/2321 987/1/2322
f 987/1/2322 975/1/2307 978/1/2310
s 846
f 979/1/2311 975/1/2314 987/1/2323
f 987/1/2323 988/1/2324 979/1/2311
s 880
f 988/1/2325 989/1/2325 990/1/2325
f 990/1/2325 979/1/2325 988/1/2325
s 881
f 980/1/2326 979/1/2327 990/1/2328
f 990/1/2328 991/1/2329 980/1/2326
s 882
f 992/1/2330 983/1/2331 980/1/2330
f 980/1/2330 991/1/2330 992/1/2330
s 883
f 968/1/2332 983/1/2333 992/1/2334
f 992/1/2334 970/1/2333 968/1/2332
s 846
f 981/1/2318 983/1/2317 968/1/2291
f 968/1/2291 967/1/2290 981/1/2318
s 845
f 967/1/2289 966/1/2288 982/1/2316
f 982/1/2316 981/1/2315 967/1/2289
s 884
f 966/1/2335 965/1/2335 993/1/2335
f 993/1/2335 982/1/2335 966/1/2335
s 885
f 982/1/2336 993/1/2336 994/1/2336
f 994/1/2336 977/1/2336 982/1/2336
s 886
f 984/1/2337 978/1/2337 977/1/2337
f 977/1/2337 994/1/2337 984/1/2337
s 845
f 995/1/2338 996/1/2339 997/1/2340
f 997/1/2340 998/1/2341 995/1/2338
s 846
f 999/1/2342 1000/1/2343 996/1/2344
f 996/1/2344 995/1/2345 999/1/2342
s 845
f 996/1/2339 1001/1/2346 1002/1/2347
f 1002/1/2347 997/1/2340 996/1/2339
s 846
f 996/1/2344 1000/1/2343 1003/1/2348
f 1003/1/2348 1001/1/2349 996/1/2344
s 887
f 998/1/2350 1004/1/2350 1005/1/2350
f 1005/1/2350 1006/1/2350 998/1/2350
s 845
f 998/1/2341 1006/1/2351 1007/1/2352
f 1007/1/2352 995/1/2338 998/1/2341
s 846
f 999/1/2342 995/1/2345 1007/1/2353
f 1007/1/2353 1008/1/2354 999/1/2342
s 888
f 1008/1/2355 1009/1/2355 1010/1/2355
f 1010/1/2355 999/1/2355 1008/1/2355
s 889
f 1000/1/2356 999/1/2357 1010/1/2357
f 1010/1/2357 1011/1/2357 1000/1/2356
s 890
f 1012/1/2358 1003/1/2358 1000/1/2358
f 1000/1/2358 1011/1/2358 1012/1/2358
s 891
f 988/1/2359 1003/1/2359 1012/1/2360
f 1012/1/2360 989/1/2361 988/1/2359
s 846
f 987/1/2323 1001/1/2349 1003/1/2348
f 1003/1/2348 988/1/2324 987/1/2323
s 845
f 987/1/2322 986/1/2321 1002/1/2347
f 1002/1/2347 1001/1/2346 987/1/2322
s 892
f 986/1/2362 985/1/2363 1013/1/2362
f 1013/1/2362 1002/1/2362 986/1/2362
s 893
f 1002/1/2364 1013/1/2365 1014/1/2365
f 1014/1/2365 997/1/2365 1002/1/2364
s 894
f 1004/1/2366 998/1/2366 997/1/2366
f 997/1/2366 1014/1/2366 1004/1/2366
s 845
f 1015/1/2367 1016/1/2368 1017/1/2369
f 1017/1/2369 1018/1/2370 1015/1/2367
s 846
f 1019/1/2371 1020/1/2372 1016/1/2373
f 1016/1/2373 1015/1/2374 1019/1/2371
s 845
f 1016/1/2368 1021/1/2375 1022/1/2376
f 1022/1/2376 1017/1/2369 1016/1/2368
s 846
f 1016/1/2373 1020/1/2372 1023/1/2377
f 1023/1/2377 1021/1/2378 1016/1/2373
s 895
f 1018/1/2379 1024/1/2379 1025/1/2380
f 1025/1/2380 1026/1/2381 1018/1/2379
s 845
f 1018/1/2370 1026/1/2382 1027/1/2383
f 1027/1/2383 1015/1/2367 1018/1/2370
s 846
f 1019/1/2371 1015/1/2374 1027/1/2384
f 1027/1/2384 1028/1/2385 1019/1/2371
s 896
f 1028/1/2386 1029/1/2386 1030/1/2386
f 1030/1/2386 1019/1/2386 1028/1/2386
s 897
f 1020/1/2387 1019/1/2387 1030/1/2387
f 1030/1/2387 1031/1/2387 1020/1/2387
s 898
f 1032/1/2388 1023/1/2389 1020/1/2388
f 1020/1/2388 1031/1/2390 1032/1/2388
s 899
f 1008/1/2391 1023/1/2392 1032/1/2392
f 1032/1/2392 1009/1/2393 1008/1/2391
s 846
f 1007/1/2353 1021/1/2378 1023/1/2377
f 1023/1/2377 1008/1/2354 1007/1/2353
s 845
f 1007/1/2352 1006/1/2351 1022/1/2376
f 1022/1/2376 1021/1/2375 1007/1/2352
s 900
f 1006/1/2394 1005/1/2394 1033/1/2394
f 1033/1/2394 1022/1/2394 1006/1/2394
s 901
f 1022/1/2395 1033/1/2395 1034/1/2395
f 1034/1/2395 1017/1/2396 1022/1/2395
s 902
f 1024/1/2397 1018/1/2397 1017/1/2397
f 1017/1/2397 1034/1/2397 1024/1/2397
s 845
f 1035/1/2398 1036/1/2399 1037/1/2400
f 1037/1/2400 1038/1/2401 1035/1/2398
s 846
f 1039/1/2402 1040/1/2403 1036/1/2404
f 1036/1/2404 1035/1/2402 1039/1/2402
s 845
f 1036/1/2399 1041/1/2405 1042/1/2406
f 1042/1/2406 1037/1/2400 1036/1/2399
s 846
f 1036/1/2404 1040/1/2403 1043/1/2407
f 1043/1/2407 1041/1/2408 1036/1/2404
s 903
f 1038/1/2409 1044/1/2409 1045/1/2409
f 1045/1/2409 1046/1/2409 1038/1/2409
s 845
f 1038/1/2401 1046/1/2410 1047/1/2410
f 1047/1/2410 1035/1/2398 1038/1/2401
s 846
f 1039/1/2402 1035/1/2402 1047/1/2411
f 1047/1/2411 1048/1/2412 1039/1/2402
s 904
f 1049/1/2413 1039/1/2413 1048/1/2413
f 1048/1/2413 1050/1/2413 1049/1/2413
s 905
f 1040/1/2414 1039/1/2414 1049/1/2414
f 1049/1/2414 1051/1/2414 1040/1/2414
s 906
f 1052/1/2415 1043/1/2415 1040/1/2415
f 1040/1/2415 1051/1/2415 1052/1/2415
s 907
f 1028/1/2416 1043/1/2416 1052/1/2416
f 1052/1/2416 1029/1/2417 1028/1/2416
s 846
f 1027/1/2384 1041/1/2408 1043/1/2407
f 1043/1/2407 1028/1/2385 1027/1/2384
s 845
f 1027/1/2383 1026/1/2382 1042/1/2406
f 1042/1/2406 1041/1/2405 1027/1/2383
s 908
f 1026/1/2418 1025/1/2418 1053/1/2418
f 1053/1/2418 1042/1/2418 1026/1/2418
s 909
f 1042/1/2419 1053/1/2419 1054/1/2419
f 1054/1/2419 1037/1/2419 1042/1/2419
s 910
f 1044/1/2420 1038/1/2420 1037/1/2420
f 1037/1/2420 1054/1/2420 1044/1/2420
s 845
f 1055/1/2421 1056/1/2422 1057/1/2423
f 1057/1/2423 1058/1/2424 1055/1/2421
s 846
f 1059/1/2425 1060/1/2426 1056/1/2427
f 1056/1/2427 1055/1/2428 1059/1/2425
s 845
f 1056/1/2422 1061/1/2429 1062/1/2430
f 1062/1/2430 1057/1/2423 1056/1/2422
s 846
f 1056/1/2427 1060/1/2426 1063/1/2431
f 1063/1/2431 1061/1/2432 1056/1/2427
s 911
f 1058/1/2433 1064/1/2433 1065/1/2433
f 1065/1/2433 1066/1/2433 1058/1/2433
s 845
f 1058/1/2424 1066/1/2434 1067/1/2435
f 1067/1/2435 1055/1/2421 1058/1/2424
s 846
f 1059/1/2425 1055/1/2428 1067/1/2436
f 1067/1/2436 1068/1/2437 1059/1/2425
s 912
f 1069/1/2438 1059/1/2438 1068/1/2438
f 1068/1/2438 1070/1/2438 1069/1/2438
s 913
f 1060/1/2439 1059/1/2439 1069/1/2439
f 1069/1/2439 1071/1/2439 1060/1/2439
s 914
f 1072/1/2440 1063/1/2440 1060/1/2440
f 1060/1/2440 1071/1/2440 1072/1/2440
s 915
f 1050/1/2441 1048/1/2441 1063/1/2441
f 1063/1/2441 1072/1/2441 1050/1/2441
s 846
f 1047/1/2411 1061/1/2432 1063/1/2431
f 1063/1/2431 1048/1/2412 1047/1/2411
s 845
f 1047/1/2410 1046/1/2410 1062/1/2430
f 1062/1/2430 1061/1/2429 1047/1/2410
s 916
f 1046/1/2442 1045/1/2443 1073/1/2442
f 1073/1/2442 1062/1/2442 1046/1/2442
s 917
f 1062/1/2444 1073/1/2444 1074/1/2444
f 1074/1/2444 1057/1/2444 1062/1/2444
s 918
f 1064/1/2445 1058/1/2445 1057/1/2445
f 1057/1/2445 1074/1/2445 1064/1/2445
s 845
f 1075/1/2446 1076/1/2447 1077/1/2448
f 1077/1/2448 1078/1/2449 1075/1/2446
s 846
f 1079/1/2450 1080/1/2451 1076/1/2452
f 1076/1/2452 1075/1/2453 1079/1/2450
s 845
f 1076/1/2447 1081/1/2454 1082/1/2455
f 1082/1/2455 1077/1/2448 1076/1/2447
s 846
f 1076/1/2452 1080/1/2451 1083/1/2456
f 1083/1/2456 1081/1/2457 1076/1/2452
s 919
f 1078/1/2458 1084/1/2458 1085/1/2458
f 1085/1/2458 1086/1/2458 1078/1/2458
s 845
f 1078/1/2449 1086/1/2459 1087/1/2460
f 1087/1/2460 1075/1/2446 1078/1/2449
s 846
f 1079/1/2450 1075/1/2453 1087/1/2461
f 1087/1/2461 1088/1/2462 1079/1/2450
s 920
f 1089/1/2463 1079/1/2464 1088/1/2464
f 1088/1/2464 1090/1/2465 1089/1/2463
s 921
f 1080/1/2466 1079/1/2466 1089/1/2467
f 1089/1/2467 1091/1/2466 1080/1/2466
s 922
f 1092/1/2468 1083/1/2468 1080/1/2468
f 1080/1/2468 1091/1/2468 1092/1/2468
s 923
f 1070/1/2469 1068/1/2469 1083/1/2469
f 1083/1/2469 1092/1/2469 1070/1/2469
s 846
f 1067/1/2436 1081/1/2457 1083/1/2456
f 1083/1/2456 1068/1/2437 1067/1/2436
s 845
f 1067/1/2435 1066/1/2434 1082/1/2455
f 1082/1/2455 1081/1/2454 1067/1/2435
s 924
f 1066/1/2470 1065/1/2470 1093/1/2470
f 1093/1/2470 1082/1/2470 1066/1/2470
s 925
f 1082/1/2471 1093/1/2472 1094/1/2473
f 1094/1/2473 1077/1/2474 1082/1/2471
s 926
f 1084/1/2475 1078/1/2475 1077/1/2475
f 1077/1/2475 1094/1/2475 1084/1/2475
s 845
f 1095/1/2476 1096/1/2477 1097/1/2478
f 1097/1/2478 1098/1/2479 1095/1/2476
s 846
f 1099/1/2480 1100/1/2481 1096/1/2482
f 1096/1/2482 1095/1/2483 1099/1/2480
s 845
f 1096/1/2477 1101/1/2484 1102/1/2485
f 1102/1/2485 1097/1/2478 1096/1/2477
s 846
f 1096/1/2482 1100/1/2481 1103/1/2486
f 1103/1/2486 1101/1/2487 1096/1/2482
s 927
f 1098/1/2488 1104/1/2488 1105/1/2489
f 1105/1/2489 1106/1/2490 1098/1/2488
s 845
f 1098/1/2479 1106/1/2491 1107/1/2492
f 1107/1/2492 1095/1/2476 1098/1/2479
s 846
f 1099/1/2480 1095/1/2483 1107/1/2493
f 1107/1/2493 1108/1/2494 1099/1/2480
s 928
f 1109/1/2495 1099/1/2496 1108/1/2496
f 1108/1/2496 1110/1/2497 1109/1/2495
s 929
f 1100/1/2498 1099/1/2498 1109/1/2498
f 1109/1/2498 1111/1/2498 1100/1/2498
s 930
f 1112/1/2499 1103/1/2499 1100/1/2499
f 1100/1/2499 1111/1/2499 1112/1/2499
s 931
f 1090/1/2500 1088/1/2500 1103/1/2500
f 1103/1/2500 1112/1/2500 1090/1/2500
s 846
f 1087/1/2461 1101/1/2487 1103/1/2486
f 1103/1/2486 1088/1/2462 1087/1/2461
s 845
f 1087/1/2460 1086/1/2459 1102/1/2485
f 1102/1/2485 1101/1/2484 1087/1/2460
s 932
f 1086/1/2501 1085/1/2501 1113/1/2501
f 1113/1/2501 1102/1/2501 1086/1/2501
s 933
f 1102/1/2502 1113/1/2502 1114/1/2502
f 1114/1/2502 1097/1/2502 1102/1/2502
s 934
f 1104/1/2503 1098/1/2503 1097/1/2504
f 1097/1/2504 1114/1/2505 1104/1/2503
s 845
f 1115/1/2506 1116/1/2507 1117/1/2508
f 1117/1/2508 1118/1/2509 1115/1/2506
s 846
f 1119/1/2510 1120/1/2511 1116/1/2512
f 1116/1/2512 1115/1/2513 1119/1/2510
s 845
f 1116/1/2507 1121/1/2514 1122/1/2515
f 1122/1/2515 1117/1/2508 1116/1/2507
s 846
f 1116/1/2512 1120/1/2511 1123/1/2516
f 1123/1/2516 1121/1/2517 1116/1/2512
s 935
f 1118/1/2518 1124/1/2518 1125/1/2518
f 1125/1/2518 1126/1/2518 1118/1/2518
s 845
f 1118/1/2509 1126/1/2519 1127/1/2520
f 1127/1/2520 1115/1/2506 1118/1/2509
s 846
f 1119/1/2510 1115/1/2513 1127/1/2521
f 1127/1/2521 1128/1/2522 1119/1/2510
s 936
f 1129/1/2523 1119/1/2524 1128/1/2524
f 1128/1/2524 1130/1/2524 1129/1/2523
s 937
f 1120/1/2525 1119/1/2526 1129/1/2525
f 1129/1/2525 1131/1/2527 1120/1/2525
s 938
f 1132/1/2528 1123/1/2528 1120/1/2528
f 1120/1/2528 1131/1/2528 1132/1/2528
s 939
f 1110/1/2529 1108/1/2529 1123/1/2529
f 1123/1/2529 1132/1/2529 1110/1/2529
s 846
f 1107/1/2493 1121/1/2517 1123/1/2516
f 1123/1/2516 1108/1/2494 1107/1/2493
s 845
f 1107/1/2492 1106/1/2491 1122/1/2515
f 1122/1/2515 1121/1/2514 1107/1/2492
s 940
f 1106/1/2530 1105/1/2530 1133/1/2530
f 1133/1/2530 1122/1/2530 1106/1/2530
s 941
f 1122/1/2531 1133/1/2532 1134/1/2532
f 1134/1/2532 1117/1/2532 1122/1/2531
s 942
f 1124/1/2533 1118/1/2533 1117/1/2533
f 1117/1/2533 1134/1/2533 1124/1/2533
s 845
f 1135/1/2534 1136/1/2535 1137/1/2536
f 1137/1/2536 1138/1/2537 1135/1/2534
s 846
f 1139/1/2538 1140/1/2539 1136/1/2540
f 1136/1/2540 1135/1/2541 1139/1/2538
s 845
f 1136/1/2535 1141/1/2542 1142/1/2543
f 1142/1/2543 1137/1/2536 1136/1/2535
s 846
f 1136/1/2540 1140/1/2539 1143/1/2544
f 1143/1/2544 1141/1/2545 1136/1/2540
s 943
f 1138/1/2546 1144/1/2546 1145/1/2546
f 1145/1/2546 1146/1/2546 1138/1/2546
s 845
f 1138/1/2537 1146/1/2547 1147/1/2548
f 1147/1/2548 1135/1/2534 1138/1/2537
s 846
f 1139/1/2538 1135/1/2541 1147/1/2549
f 1147/1/2549 1148/1/2550 1139/1/2538
s 944
f 1149/1/2551 1139/1/2552 1148/1/2551
f 1148/1/2551 1150/1/2553 1149/1/2551
s 945
f 1140/1/2554 1139/1/2554 1149/1/2554
f 1149/1/2554 1151/1/2554 1140/1/2554
s 946
f 1152/1/2555 1143/1/2555 1140/1/2555
f 1140/1/2555 1151/1/2555 1152/1/2555
s 947
f 1130/1/2556 1128/1/2556 1143/1/2556
f 1143/1/2556 1152/1/2556 1130/1/2556
s 846
f 1127/1/2521 1141/1/2545 1143/1/2544
f 1143/1/2544 1128/1/2522 1127/1/2521
s 845
f 1127/1/2520 1126/1/2519 1142/1/2543
f 1142/1/2543 1141/1/2542 1127/1/2520
s 948
f 1126/1/2557 1125/1/2557 1153/1/2557
f 1153/1/2557 1142/1/2557 1126/1/2557
s 949
f 1142/1/2558 1153/1/2559 1154/1/2560
f 1154/1/2560 1137/1/2561 1142/1/2558
s 950
f 1144/1/2562 1138/1/2562 1137/1/2562
f 1137/1/2562 1154/1/2562 1144/1/2562
s 845
f 1155/1/2563 1156/1/2564 1157/1/2565
f 1157/1/2565 1158/1/2566 1155/1/2563
s 846
f 1159/1/2567 1160/1/2568 1156/1/2569
f 1156/1/2569 1155/1/2570 1159/1/2567
s 845
f 1156/1/2564 1161/1/2571 1162/1/2572
f 1162/1/2572 1157/1/2565 1156/1/2564
s 846
f 1156/1/2569 1160/1/2568 1163/1/2573
f 1163/1/2573 1161/1/2574 1156/1/2569
s 951
f 1158/1/2575 1164/1/2575 1165/1/2575
f 1165/1/2575 1166/1/2575 1158/1/2575
s 845
f 1158/1/2566 1166/1/2576 1167/1/2577
f 1167/1/2577 1155/1/2563 1158/1/2566
s 846
f 1159/1/2567 1155/1/2570 1167/1/2578
f 1167/1/2578 1168/1/2579 1159/1/2567
s 952
f 1169/1/2580 1159/1/2581 1168/1/2581
f 1168/1/2581 1170/1/2581 1169/1/2580
s 953
f 1160/1/2582 1159/1/2583 1169/1/2584
f 1169/1/2584 1171/1/2585 1160/1/2582
s 954
f 1172/1/2586 1163/1/2587 1160/1/2588
f 1160/1/2588 1171/1/2589 1172/1/2586
s 955
f 1150/1/2590 1148/1/2590 1163/1/2590
f 1163/1/2590 1172/1/2591 1150/1/2590
s 846
f 1147/1/2549 1161/1/2574 1163/1/2573
f 1163/1/2573 1148/1/2550 1147/1/2549
s 845
f 1147/1/2548 1146/1/2547 1162/1/2572
f 1162/1/2572 1161/1/2571 1147/1/2548
s 956
f 1146/1/2592 1145/1/2593 1173/1/2593
f 1173/1/2593 1162/1/2593 1146/1/2592
s 957
f 1162/1/2594 1173/1/2595 1174/1/2594
f 1174/1/2594 1157/1/2596 1162/1/2594
s 958
f 1164/1/2597 1158/1/2597 1157/1/2597
f 1157/1/2597 1174/1/2597 1164/1/2597
s 845
f 1175/1/2598 1176/1/2599 1177/1/2600
f 1177/1/2600 1178/1/2601 1175/1/2598
s 846
f 1179/1/2602 1180/1/2603 1176/1/2604
f 1176/1/2604 1175/1/2605 1179/1/2602
s 845
f 1176/1/2599 1181/1/2606 1182/1/2607
f 1182/1/2607 1177/1/2600 1176/1/2599
s 846
f 1176/1/2604 1180/1/2603 1183/1/2608
f 1183/1/2608 1181/1/2609 1176/1/2604
s 959
f 1178/1/2610 1184/1/2610 1185/1/2610
f 1185/1/2610 1186/1/2610 1178/1/2610
s 845
f 1178/1/2601 1186/1/2611 1187/1/2612
f 1187/1/2612 1175/1/2598 1178/1/2601
s 846
f 1179/1/2602 1175/1/2605 1187/1/2613
f 1187/1/2613 1188/1/2614 1179/1/2602
s 960
f 1189/1/2615 1179/1/2615 1188/1/2615
f 1188/1/2615 1190/1/2615 1189/1/2615
s 961
f 1180/1/2616 1179/1/2616 1189/1/2616
f 1189/1/2616 1191/1/2617 1180/1/2616
s 962
f 1192/1/2618 1183/1/2619 1180/1/2620
f 1180/1/2620 1191/1/2621 1192/1/2618
s 963
f 1170/1/2622 1168/1/2622 1183/1/2623
f 1183/1/2623 1192/1/2622 1170/1/2622
s 846
f 1167/1/2578 1181/1/2609 1183/1/2608
f 1183/1/2608 1168/1/2579 1167/1/2578
s 845
f 1167/1/2577 1166/1/2576 1182/1/2607
f 1182/1/2607 1181/1/2606 1167/1/2577
s 964
f 1166/1/2624 1165/1/2625 1193/1/2624
f 1193/1/2624 1182/1/2624 1166/1/2624
s 965
f 1182/1/2626 1193/1/2627 1194/1/2628
f 1194/1/2628 1177/1/2629 1182/1/2626
s 966
f 1184/1/2630 1178/1/2631 1177/1/2631
f 1177/1/2631 1194/1/2631 1184/1/2630
s 845
f 1195/1/2632 1196/1/2633 1197/1/2634
f 1197/1/2634 1198/1/2635 1195/1/2632
s 846
f 1199/1/2636 1200/1/2637 1196/1/2638
f 1196/1/2638 1195/1/2639 1199/1/2636
s 845
f 1196/1/2633 1201/1/2640 1202/1/2641
f 1202/1/2641 1197/1/2634 1196/1/2633
s 846
f 1196/1/2638 1200/1/2637 1203/1/2642
f 1203/1/2642 1201/1/2643 1196/1/2638
s 967
f 1198/1/2644 1204/1/2644 1205/1/2644
f 1205/1/2644 1206/1/2645 1198/1/2644
s 845
f 1198/1/2635 1206/1/2646 1207/1/2647
f 1207/1/2647 1195/1/2632 1198/1/2635
s 846
f 1199/1/2636 1195/1/2639 1207/1/2648
f 1207/1/2648 1208/1/2649 1199/1/2636
s 968
f 1209/1/2650 1199/1/2650 1208/1/2650
f 1208/1/2650 1210/1/2650 1209/1/2650
s 969
f 1200/1/2651 1199/1/2651 1209/1/2651
f 1209/1/2651 1211/1/2651 1200/1/2651
s 970
f 1212/1/2652 1203/1/2652 1200/1/2652
f 1200/1/2652 1211/1/2652 1212/1/2652
s 971
f 1190/1/2653 1188/1/2653 1203/1/2654
f 1203/1/2654 1212/1/2653 1190/1/2653
s 846
f 1187/1/2613 1201/1/2643 1203/1/2642
f 1203/1/2642 1188/1/2614 1187/1/2613
s 845
f 1187/1/2612 1186/1/2611 1202/1/2641
f 1202/1/2641 1201/1/2640 1187/1/2612
s 972
f 1186/1/2655 1185/1/2655 1213/1/2655
f 1213/1/2655 1202/1/2655 1186/1/2655
s 973
f 1202/1/2656 1213/1/2657 1214/1/2658
f 1214/1/2658 1197/1/2659 1202/1/2656
s 974
f 1204/1/2660 1198/1/2661 1197/1/2660
f 1197/1/2660 1214/1/2660 1204/1/2660
s 845
f 1215/1/2662 1216/1/2663 1217/1/2664
f 1217/1/2664 1218/1/2665 1215/1/2662
s 846
f 1219/1/2666 1220/1/2667 1216/1/2668
f 1216/1/2668 1215/1/2669 1219/1/2666
s 845
f 1216/1/2663 1221/1/2670 1222/1/2671
f 1222/1/2671 1217/1/2664 1216/1/2663
s 846
f 1216/1/2668 1220/1/2667 1223/1/2672
f 1223/1/2672 1221/1/2673 1216/1/2668
s 975
f 1218/1/2198 1224/1/2198 1225/1/2198
f 1225/1/2198 1226/1/2198 1218/1/2198
s 845
f 1218/1/2665 1226/1/2674 1227/1/2675
f 1227/1/2675 1215/1/2662 1218/1/2665
s 846
f 1219/1/2666 1215/1/2669 1227/1/2676
f 1227/1/2676 1228/1/2677 1219/1/2666
s 976
f 1229/1/2678 1219/1/2678 1228/1/2679
f 1228/1/2679 1230/1/2193 1229/1/2678
s 977
f 1220/1/2210 1219/1/2210 1229/1/2210
f 1229/1/2210 1231/1/2210 1220/1/2210
s 978
f 1232/1/2209 1223/1/2209 1220/1/2209
f 1220/1/2209 1231/1/2209 1232/1/2209
s 979
f 1210/1/2680 1208/1/2680 1223/1/2208
f 1223/1/2208 1232/1/2208 1210/1/2680
s 846
f 1207/1/2648 1221/1/2673 1223/1/2672
f 1223/1/2672 1208/1/2649 1207/1/2648
s 845
f 1207/1/2647 1206/1/2646 1222/1/2671
f 1222/1/2671 1221/1/2670 1207/1/2647
s 980
f 1206/1/2202 1205/1/2202 1233/1/2202
f 1233/1/2202 1222/1/2202 1206/1/2202
s 981
f 1222/1/2201 1233/1/2201 1234/1/2201
f 1234/1/2201 1217/1/2201 1222/1/2201
s 982
f 1224/1/2199 1218/1/2199 1217/1/2199
f 1217/1/2199 1234/1/2199 1224/1/2199
s 845
f 1235/1/2681 1236/1/2682 1237/1/2683
f 1237/1/2683 1238/1/2684 1235/1/2681
s 846
f 1239/1/2685 1240/1/2686 1236/1/2687
f 1236/1/2687 1235/1/2688 1239/1/2685
s 845
f 1236/1/2682 1241/1/2689 1242/1/2690
f 1242/1/2690 1237/1/2683 1236/1/2682
s 846
f 1236/1/2687 1240/1/2686 1243/1/2691
f 1243/1/2691 1241/1/2692 1236/1/2687
s 983
f 1238/1/2233 1244/1/2233 1245/1/2233
f 1245/1/2233 1246/1/2233 1238/1/2233
s 845
f 1238/1/2684 1246/1/2693 1247/1/2694
f 1247/1/2694 1235/1/2681 1238/1/2684
s 846
f 1239/1/2685 1235/1/2688 1247/1/2695
f 1247/1/2695 1248/1/2696 1239/1/2685
s 984
f 1249/1/2226 1239/1/2226 1248/1/2226
f 1248/1/2226 1250/1/2226 1249/1/2226
s 985
f 1240/1/2697 1239/1/2242 1249/1/2698
f 1249/1/2698 1251/1/2243 1240/1/2697
s 986
f 1252/1/2241 1243/1/2241 1240/1/2241
f 1240/1/2241 1251/1/2241 1252/1/2241
s 987
f 1230/1/2699 1228/1/2699 1243/1/2699
f 1243/1/2699 1252/1/2699 1230/1/2699
s 846
f 1227/1/2676 1241/1/2692 1243/1/2691
f 1243/1/2691 1228/1/2677 1227/1/2676
s 845
f 1227/1/2675 1226/1/2674 1242/1/2690
f 1242/1/2690 1241/1/2689 1227/1/2675
s 988
f 1226/1/2239 1225/1/2239 1253/1/2239
f 1253/1/2239 1242/1/2239 1226/1/2239
s 989
f 1242/1/2237 1253/1/2237 1254/1/2237
f 1254/1/2237 1237/1/2700 1242/1/2237
s 990
f 1244/1/2235 1238/1/2235 1237/1/2234
f 1237/1/2234 1254/1/2234 1244/1/2235
s 845
f 1255/1/2701 1256/1/2702 1257/1/2703
f 1257/1/2703 1258/1/2704 1255/1/2701
s 846
f 1259/1/2705 1260/1/2706 1256/1/2707
f 1256/1/2707 1255/1/2708 1259/1/2705
s 845
f 1256/1/2702 1261/1/2709 1262/1/2710
f 1262/1/2710 1257/1/2703 1256/1/2702
s 846
f 1256/1/2707 1260/1/2706 1263/1/2711
f 1263/1/2711 1261/1/2712 1256/1/2707
s 991
f 1258/1/2264 1264/1/2264 1265/1/2713
f 1265/1/2713 1266/1/2264 1258/1/2264
s 845
f 1258/1/2704 1266/1/2714 1267/1/2715
f 1267/1/2715 1255/1/2701 1258/1/2704
s 846
f 1259/1/2705 1255/1/2708 1267/1/2716
f 1267/1/2716 1268/1/2717 1259/1/2705
s 992
f 1269/1/2257 1259/1/2257 1268/1/2257
f 1268/1/2257 1270/1/2257 1269/1/2257
s 993
f 1260/1/2718 1259/1/2274 1269/1/2719
f 1269/1/2719 1271/1/2720 1260/1/2718
s 994
f 1272/1/2273 1263/1/2273 1260/1/2273
f 1260/1/2273 1271/1/2273 1272/1/2273
s 995
f 1250/1/2272 1248/1/2272 1263/1/2272
f 1263/1/2272 1272/1/2272 1250/1/2272
s 846
f 1247/1/2695 1261/1/2712 1263/1/2711
f 1263/1/2711 1248/1/2696 1247/1/2695
s 845
f 1247/1/2694 1246/1/2693 1262/1/2710
f 1262/1/2710 1261/1/2709 1247/1/2694
s 996
f 1246/1/2270 1245/1/2270 1273/1/2270
f 1273/1/2270 1262/1/2270 1246/1/2270
s 997
f 1262/1/2721 1273/1/2268 1274/1/2721
f 1274/1/2721 1257/1/2722 1262/1/2721
s 998
f 1264/1/2266 1258/1/2266 1257/1/2266
f 1257/1/2266 1274/1/2266 1264/1/2266
s 845
f 1275/1/2723 1276/1/2724 1277/1/2725
f 1277/1/2725 1278/1/2726 1275/1/2723
s 846
f 1279/1/2727 1280/1/2728 1276/1/2729
f 1276/1/2729 1275/1/2730 1279/1/2727
s 845
f 1276/1/2724 1281/1/2731 1282/1/2732
f 1282/1/2732 1277/1/2725 1276/1/2724
s 846
f 1276/1/2729 1280/1/2728 1283/1/2733
f 1283/1/2733 1281/1/2734 1276/1/2729
s 999
f 1278/1/2292 1284/1/2735 1285/1/2292
f 1285/1/2292 1286/1/2292 1278/1/2292
s 845
f 1278/1/2726 1286/1/2736 1287/1/2737
f 1287/1/2737 1275/1/2723 1278/1/2726
s 846
f 1279/1/2727 1275/1/2730 1287/1/2738
f 1287/1/2738 1288/1/2739 1279/1/2727
s 1000
f 1289/1/2287 1279/1/2287 1288/1/2287
f 1288/1/2287 1290/1/2287 1289/1/2287
s 1001
f 1280/1/2305 1279/1/2305 1289/1/2305
f 1289/1/2305 1291/1/2305 1280/1/2305
s 1002
f 1292/1/2740 1283/1/2301 1280/1/2301
f 1280/1/2301 1291/1/2301 1292/1/2740
s 1003
f 1270/1/2300 1268/1/2300 1283/1/2741
f 1283/1/2741 1292/1/2300 1270/1/2300
s 846
f 1267/1/2716 1281/1/2734 1283/1/2733
f 1283/1/2733 1268/1/2717 1267/1/2716
s 845
f 1267/1/2715 1266/1/2714 1282/1/2732
f 1282/1/2732 1281/1/2731 1267/1/2715
s 1004
f 1266/1/2742 1265/1/2742 1293/1/2743
f 1293/1/2743 1282/1/2742 1266/1/2742
s 1005
f 1282/1/2296 1293/1/2296 1294/1/2296
f 1294/1/2296 1277/1/2296 1282/1/2296
s 1006
f 1284/1/2744 1278/1/2744 1277/1/2744
f 1277/1/2744 1294/1/2744 1284/1/2744
s 845
f 1295/1/2745 1296/1/2746 1297/1/2747
f 1297/1/2747 1298/1/2748 1295/1/2745
s 846
f 1299/1/2749 1300/1/2750 1296/1/2751
f 1296/1/2751 1295/1/2752 1299/1/2749
s 845
f 1296/1/2746 1301/1/2753 1302/1/2754
f 1302/1/2754 1297/1/2747 1296/1/2746
s 846
f 1296/1/2751 1300/1/2750 1303/1/2755
f 1303/1/2755 1301/1/2756 1296/1/2751
s 1007
f 1298/1/2757 1304/1/2325 1305/1/2325
f 1305/1/2325 1306/1/2325 1298/1/2757
s 845
f 1298/1/2748 1306/1/2758 1307/1/2759
f 1307/1/2759 1295/1/2745 1298/1/2748
s 846
f 1299/1/2749 1295/1/2752 1307/1/2760
f 1307/1/2760 1308/1/2761 1299/1/2749
s 1008
f 1309/1/2319 1299/1/2319 1308/1/2319
f 1308/1/2319 1310/1/2319 1309/1/2319
s 1009
f 1300/1/2337 1299/1/2337 1309/1/2337
f 1309/1/2337 1311/1/2337 1300/1/2337
s 1010
f 1312/1/2336 1303/1/2336 1300/1/2336
f 1300/1/2336 1311/1/2336 1312/1/2336
s 1011
f 1290/1/2335 1288/1/2335 1303/1/2335
f 1303/1/2335 1312/1/2335 1290/1/2335
s 846
f 1287/1/2738 1301/1/2756 1303/1/2755
f 1303/1/2755 1288/1/2739 1287/1/2738
s 845
f 1287/1/2737 1286/1/2736 1302/1/2754
f 1302/1/2754 1301/1/2753 1287/1/2737
s 1012
f 1286/1/2762 1285/1/2762 1313/1/2762
f 1313/1/2762 1302/1/2762 1286/1/2762
s 1013
f 1302/1/2331 1313/1/2331 1314/1/2331
f 1314/1/2331 1297/1/2331 1302/1/2331
s 1014
f 1304/1/2327 1298/1/2327 1297/1/2327
f 1297/1/2327 1314/1/2327 1304/1/2327
s 845
f 1315/1/2763 1316/1/2764 1317/1/2765
f 1317/1/2765 1318/1/2766 1315/1/2763
s 846
f 1319/1/2767 1320/1/2768 1316/1/2769
f 1316/1/2769 1315/1/2770 1319/1/2767
s 845
f 1316/1/2764 1321/1/2771 1322/1/2772
f 1322/1/2772 1317/1/2765 1316/1/2764
s 846
f 1316/1/2769 1320/1/2768 1323/1/2773
f 1323/1/2773 1321/1/2774 1316/1/2769
s 1015
f 1318/1/2355 1324/1/2355 1325/1/2775
f 1325/1/2775 1326/1/2776 1318/1/2355
s 845
f 1318/1/2766 1326/1/2777 1327/1/2778
f 1327/1/2778 1315/1/2763 1318/1/2766
s 846
f 1319/1/2767 1315/1/2770 1327/1/2779
f 1327/1/2779 1328/1/2780 1319/1/2767
s 1016
f 1329/1/2781 1319/1/2350 1328/1/2782
f 1328/1/2782 1330/1/2350 1329/1/2781
s 1017
f 1320/1/2366 1319/1/2366 1329/1/2366
f 1329/1/2366 1331/1/2366 1320/1/2366
s 1018
f 1332/1/2365 1323/1/2365 1320/1/2783
f 1320/1/2783 1331/1/2365 1332/1/2365
s 1019
f 1310/1/2362 1308/1/2362 1323/1/2362
f 1323/1/2362 1332/1/2362 1310/1/2362
s 846
f 1307/1/2760 1321/1/2774 1323/1/2773
f 1323/1/2773 1308/1/2761 1307/1/2760
s 845
f 1307/1/2759 1306/1/2758 1322/1/2772
f 1322/1/2772 1321/1/2771 1307/1/2759
s 1020
f 1306/1/2361 1305/1/2361 1333/1/2361
f 1333/1/2361 1322/1/2361 1306/1/2361
s 1021
f 1322/1/2784 1333/1/2785 1334/1/2785
f 1334/1/2785 1317/1/2785 1322/1/2784
s 1022
f 1324/1/2357 1318/1/2357 1317/1/2357
f 1317/1/2357 1334/1/2357 1324/1/2357
s 845
f 1335/1/2786 1336/1/2787 1337/1/2788
f 1337/1/2788 1338/1/2789 1335/1/2786
s 846
f 1339/1/2790 1340/1/2791 1336/1/2792
f 1336/1/2792 1335/1/2793 1339/1/2790
s 845
f 1336/1/2787 1341/1/2794 1342/1/2795
f 1342/1/2795 1337/1/2788 1336/1/2787
s 846
f 1336/1/2792 1340/1/2791 1343/1/2796
f 1343/1/2796 1341/1/2797 1336/1/2792
s 1023
f 1338/1/2798 1344/1/2386 1345/1/2386
f 1345/1/2386 1346/1/2386 1338/1/2798
s 845
f 1338/1/2789 1346/1/2799 1347/1/2800
f 1347/1/2800 1335/1/2786 1338/1/2789
s 846
f 1339/1/2790 1335/1/2793 1347/1/2801
f 1347/1/2801 1348/1/2802 1339/1/2790
s 1024
f 1349/1/2381 1339/1/2381 1348/1/2381
f 1348/1/2381 1350/1/2381 1349/1/2381
s 1025
f 1340/1/2397 1339/1/2397 1349/1/2397
f 1349/1/2397 1351/1/2397 1340/1/2397
s 1026
f 1352/1/2396 1343/1/2395 1340/1/2396
f 1340/1/2396 1351/1/2396 1352/1/2396
s 1027
f 1330/1/2803 1328/1/2394 1343/1/2394
f 1343/1/2394 1352/1/2394 1330/1/2803
s 846
f 1327/1/2779 1341/1/2797 1343/1/2796
f 1343/1/2796 1328/1/2780 1327/1/2779
s 845
f 1327/1/2778 1326/1/2777 1342/1/2795
f 1342/1/2795 1341/1/2794 1327/1/2778
s 1028
f 1326/1/2804 1325/1/2804 1353/1/2805
f 1353/1/2805 1342/1/2804 1326/1/2804
s 1029
f 1342/1/2806 1353/1/2806 1354/1/2806
f 1354/1/2806 1337/1/2806 1342/1/2806
s 1030
f 1344/1/2387 1338/1/2387 1337/1/2387
f 1337/1/2387 1354/1/2387 1344/1/2387
s 845
f 1355/1/2807 1356/1/2808 1357/1/2809
f 1357/1/2809 1358/1/2810 1355/1/2807
s 846
f 1359/1/2811 1360/1/2812 1356/1/2813
f 1356/1/2813 1355/1/2814 1359/1/2811
s 845
f 1356/1/2808 1361/1/2815 1362/1/2816
f 1362/1/2816 1357/1/2809 1356/1/2808
s 846
f 1356/1/2813 1360/1/2812 1363/1/2817
f 1363/1/2817 1361/1/2818 1356/1/2813
s 1031
f 1358/1/2413 1364/1/2413 1365/1/2413
f 1365/1/2413 1366/1/2413 1358/1/2413
s 845
f 1358/1/2810 1366/1/2819 1367/1/2820
f 1367/1/2820 1355/1/2807 1358/1/2810
s 846
f 1359/1/2811 1355/1/2814 1367/1/2821
f 1367/1/2821 1368/1/2821 1359/1/2811
s 1032
f 1369/1/2822 1359/1/2823 1368/1/2409
f 1368/1/2409 1370/1/2824 1369/1/2822
s 1033
f 1360/1/2420 1359/1/2420 1369/1/2420
f 1369/1/2420 1371/1/2420 1360/1/2420
s 1034
f 1372/1/2419 1363/1/2419 1360/1/2419
f 1360/1/2419 1371/1/2419 1372/1/2419
s 1035
f 1350/1/2825 1348/1/2418 1363/1/2826
f 1363/1/2826 1372/1/2827 1350/1/2825
s 846
f 1347/1/2801 1361/1/2818 1363/1/2817
f 1363/1/2817 1348/1/2802 1347/1/2801
s 845
f 1347/1/2800 1346/1/2799 1362/1/2816
f 1362/1/2816 1361/1/2815 1347/1/2800
s 1036
f 1346/1/2417 1345/1/2417 1373/1/2417
f 1373/1/2417 1362/1/2417 1346/1/2417
s 1037
f 1362/1/2828 1373/1/2828 1374/1/2828
f 1374/1/2828 1357/1/2828 1362/1/2828
s 1038
f 1364/1/2414 1358/1/2414 1357/1/2414
f 1357/1/2414 1374/1/2414 1364/1/2414
s 845
f 1375/1/2829 1376/1/2830 1377/1/2831
f 1377/1/2831 1378/1/2832 1375/1/2829
s 846
f 1379/1/2833 1380/1/2834 1376/1/2835
f 1376/1/2835 1375/1/2836 1379/1/2833
s 845
f 1376/1/2830 1381/1/2837 1382/1/2838
f 1382/1/2838 1377/1/2831 1376/1/2830
s 846
f 1376/1/2835 1380/1/2834 1383/1/2839
f 1383/1/2839 1381/1/2840 1376/1/2835
s 1039
f 1378/1/2841 1384/1/2438 1385/1/2438
f 1385/1/2438 1386/1/2438 1378/1/2841
s 845
f 1378/1/2832 1386/1/2842 1387/1/2843
f 1387/1/2843 1375/1/2829 1378/1/2832
s 846
f 1379/1/2833 1375/1/2836 1387/1/2844
f 1387/1/2844 1388/1/2845 1379/1/2833
s 1040
f 1389/1/2433 1379/1/2846 1388/1/2433
f 1388/1/2433 1390/1/2433 1389/1/2433
s 1041
f 1380/1/2445 1379/1/2445 1389/1/2445
f 1389/1/2445 1391/1/2445 1380/1/2445
s 1042
f 1392/1/2444 1383/1/2444 1380/1/2444
f 1380/1/2444 1391/1/2444 1392/1/2444
s 1043
f 1370/1/2442 1368/1/2847 1383/1/2442
f 1383/1/2442 1392/1/2442 1370/1/2442
s 846
f 1367/1/2821 1381/1/2840 1383/1/2839
f 1383/1/2839 1368/1/2821 1367/1/2821
s 845
f 1367/1/2820 1366/1/2819 1382/1/2838
f 1382/1/2838 1381/1/2837 1367/1/2820
s 1044
f 1366/1/2441 1365/1/2441 1393/1/2441
f 1393/1/2441 1382/1/2441 1366/1/2441
s 1045
f 1382/1/2848 1393/1/2848 1394/1/2848
f 1394/1/2848 1377/1/2848 1382/1/2848
s 1046
f 1384/1/2849 1378/1/2849 1377/1/2849
f 1377/1/2849 1394/1/2849 1384/1/2849
s 845
f 1395/1/2850 1396/1/2851 1397/1/2852
f 1397/1/2852 1398/1/2853 1395/1/2850
s 846
f 1399/1/2854 1400/1/2855 1396/1/2856
f 1396/1/2856 1395/1/2857 1399/1/2854
s 845
f 1396/1/2851 1401/1/2858 1402/1/2859
f 1402/1/2859 1397/1/2852 1396/1/2851
s 846
f 1396/1/2856 1400/1/2855 1403/1/2860
f 1403/1/2860 1401/1/2861 1396/1/2856
s 1047
f 1398/1/2862 1404/1/2863 1405/1/2465
f 1405/1/2465 1406/1/2862 1398/1/2862
s 845
f 1398/1/2853 1406/1/2864 1407/1/2865
f 1407/1/2865 1395/1/2850 1398/1/2853
s 846
f 1399/1/2854 1395/1/2857 1407/1/2866
f 1407/1/2866 1408/1/2867 1399/1/2854
s 1048
f 1409/1/2458 1399/1/2458 1408/1/2868
f 1408/1/2868 1410/1/2868 1409/1/2458
s 1049
f 1400/1/2869 1399/1/2475 1409/1/2869
f 1409/1/2869 1411/1/2475 1400/1/2869
s 1050
f 1412/1/2473 1403/1/2473 1400/1/2473
f 1400/1/2473 1411/1/2474 1412/1/2473
s 1051
f 1390/1/2470 1388/1/2470 1403/1/2470
f 1403/1/2470 1412/1/2870 1390/1/2470
s 846
f 1387/1/2844 1401/1/2861 1403/1/2860
f 1403/1/2860 1388/1/2845 1387/1/2844
s 845
f 1387/1/2843 1386/1/2842 1402/1/2859
f 1402/1/2859 1401/1/2858 1387/1/2843
s 1052
f 1386/1/2871 1385/1/2469 1413/1/2469
f 1413/1/2469 1402/1/2469 1386/1/2871
s 1053
f 1402/1/2468 1413/1/2468 1414/1/2468
f 1414/1/2468 1397/1/2468 1402/1/2468
s 1054
f 1404/1/2466 1398/1/2466 1397/1/2466
f 1397/1/2466 1414/1/2466 1404/1/2466
s 845
f 1415/1/2872 1416/1/2873 1417/1/2874
f 1417/1/2874 1418/1/2875 1415/1/2872
s 846
f 1419/1/2876 1420/1/2877 1416/1/2878
f 1416/1/2878 1415/1/2879 1419/1/2876
s 845
f 1416/1/2873 1421/1/2880 1422/1/2881
f 1422/1/2881 1417/1/2874 1416/1/2873
s 846
f 1416/1/2878 1420/1/2877 1423/1/2882
f 1423/1/2882 1421/1/2883 1416/1/2878
s 1055
f 1418/1/2497 1424/1/2497 1425/1/2495
f 1425/1/2495 1426/1/2495 1418/1/2497
s 845
f 1418/1/2875 1426/1/2884 1427/1/2885
f 1427/1/2885 1415/1/2872 1418/1/2875
s 846
f 1419/1/2876 1415/1/2879 1427/1/2886
f 1427/1/2886 1428/1/2887 1419/1/2876
s 1056
f 1429/1/2490 1419/1/2490 1428/1/2888
f 1428/1/2888 1430/1/2889 1429/1/2490
s 1057
f 1420/1/2505 1419/1/2505 1429/1/2505
f 1429/1/2505 1431/1/2890 1420/1/2505
s 1058
f 1432/1/2502 1423/1/2502 1420/1/2502
f 1420/1/2502 1431/1/2502 1432/1/2502
s 1059
f 1410/1/2891 1408/1/2501 1423/1/2892
f 1423/1/2892 1432/1/2501 1410/1/2891
s 846
f 1407/1/2866 1421/1/2883 1423/1/2882
f 1423/1/2882 1408/1/2867 1407/1/2866
s 845
f 1407/1/2865 1406/1/2864 1422/1/2881
f 1422/1/2881 1421/1/2880 1407/1/2865
s 1060
f 1406/1/2893 1405/1/2894 1433/1/2500
f 1433/1/2500 1422/1/2500 1406/1/2893
s 1061
f 1422/1/2895 1433/1/2499 1434/1/2499
f 1434/1/2499 1417/1/2499 1422/1/2895
s 1062
f 1424/1/2896 1418/1/2897 1417/1/2898
f 1417/1/2898 1434/1/2899 1424/1/2896
s 845
f 1435/1/2900 1436/1/2901 1437/1/2902
f 1437/1/2902 1438/1/2903 1435/1/2900
s 846
f 1439/1/2904 1440/1/2905 1436/1/2906
f 1436/1/2906 1435/1/2907 1439/1/2904
s 845
f 1436/1/2901 1441/1/2908 1442/1/2909
f 1442/1/2909 1437/1/2902 1436/1/2901
s 846
f 1436/1/2906 1440/1/2905 1443/1/2910
f 1443/1/2910 1441/1/2911 1436/1/2906
s 1063
f 1438/1/2912 1444/1/2913 1445/1/2912
f 1445/1/2912 1446/1/2524 1438/1/2912
s 845
f 1438/1/2903 1446/1/2914 1447/1/2915
f 1447/1/2915 1435/1/2900 1438/1/2903
s 846
f 1439/1/2904 1435/1/2907 1447/1/2916
f 1447/1/2916 1448/1/2520 1439/1/2904
s 1064
f 1449/1/2917 1439/1/2917 1448/1/2917
f 1448/1/2917 1450/1/2917 1449/1/2917
s 1065
f 1440/1/2533 1439/1/2533 1449/1/2533
f 1449/1/2533 1451/1/2533 1440/1/2533
s 1066
f 1452/1/2532 1443/1/2532 1440/1/2532
f 1440/1/2532 1451/1/2532 1452/1/2532
s 1067
f 1430/1/2530 1428/1/2530 1443/1/2530
f 1443/1/2530 1452/1/2530 1430/1/2530
s 846
f 1427/1/2886 1441/1/2911 1443/1/2910
f 1443/1/2910 1428/1/2887 1427/1/2886
s 845
f 1427/1/2885 1426/1/2884 1442/1/2909
f 1442/1/2909 1441/1/2908 1427/1/2885
s 1068
f 1426/1/2529 1425/1/2529 1453/1/2529
f 1453/1/2529 1442/1/2529 1426/1/2529
s 1069
f 1442/1/2528 1453/1/2528 1454/1/2528
f 1454/1/2528 1437/1/2528 1442/1/2528
s 1070
f 1444/1/2918 1438/1/2918 1437/1/2918
f 1437/1/2918 1454/1/2918 1444/1/2918
s 845
f 1455/1/2919 1456/1/2920 1457/1/2921
f 1457/1/2921 1458/1/2922 1455/1/2919
s 846
f 1459/1/2923 1460/1/2924 1456/1/2925
f 1456/1/2925 1455/1/2926 1459/1/2923
s 845
f 1456/1/2920 1461/1/2927 1462/1/2928
f 1462/1/2928 1457/1/2921 1456/1/2920
s 846
f 1456/1/2925 1460/1/2924 1463/1/2929
f 1463/1/2929 1461/1/2930 1456/1/2925
s 1071
f 1458/1/2551 1464/1/2551 1465/1/2551
f 1465/1/2551 1466/1/2931 1458/1/2551
s 845
f 1458/1/2922 1466/1/2932 1467/1/2933
f 1467/1/2933 1455/1/2919 1458/1/2922
s 846
f 1459/1/2923 1455/1/2926 1467/1/2934
f 1467/1/2934 1468/1/2935 1459/1/2923
s 1072
f 1469/1/2546 1459/1/2546 1468/1/2546
f 1468/1/2546 1470/1/2546 1469/1/2546
s 1073
f 1460/1/2562 1459/1/2562 1469/1/2562
f 1469/1/2562 1471/1/2562 1460/1/2562
s 1074
f 1472/1/2936 1463/1/2936 1460/1/2936
f 1460/1/2936 1471/1/2936 1472/1/2936
s 1075
f 1450/1/2937 1448/1/2557 1463/1/2557
f 1463/1/2557 1472/1/2557 1450/1/2937
s 846
f 1447/1/2916 1461/1/2930 1463/1/2929
f 1463/1/2929 1448/1/2520 1447/1/2916
s 845
f 1447/1/2915 1446/1/2914 1462/1/2928
f 1462/1/2928 1461/1/2927 1447/1/2915
s 1076
f 1446/1/2938 1445/1/2556 1473/1/2556
f 1473/1/2556 1462/1/2556 1446/1/2938
s 1077
f 1462/1/2555 1473/1/2555 1474/1/2555
f 1474/1/2555 1457/1/2555 1462/1/2555
s 1078
f 1464/1/2554 1458/1/2554 1457/1/2554
f 1457/1/2554 1474/1/2554 1464/1/2554
s 845
f 1475/1/2939 1476/1/2940 1477/1/2941
f 1477/1/2941 1478/1/2942 1475/1/2939
s 846
f 1479/1/2943 1480/1/2944 1476/1/2945
f 1476/1/2945 1475/1/2946 1479/1/2943
s 845
f 1476/1/2940 1481/1/2947 1482/1/2948
f 1482/1/2948 1477/1/2941 1476/1/2940
s 846
f 1476/1/2945 1480/1/2944 1483/1/2949
f 1483/1/2949 1481/1/2950 1476/1/2945
s 1079
f 1478/1/2581 1484/1/2581 1485/1/2580
f 1485/1/2580 1486/1/2581 1478/1/2581
s 845
f 1478/1/2942 1486/1/2951 1487/1/2952
f 1487/1/2952 1475/1/2939 1478/1/2942
s 846
f 1479/1/2943 1475/1/2946 1487/1/2953
f 1487/1/2953 1488/1/2954 1479/1/2943
s 1080
f 1489/1/2575 1479/1/2575 1488/1/2575
f 1488/1/2575 1490/1/2575 1489/1/2575
s 1081
f 1480/1/2597 1479/1/2597 1489/1/2955
f 1489/1/2955 1491/1/2597 1480/1/2597
s 1082
f 1492/1/2956 1483/1/2956 1480/1/2957
f 1480/1/2957 1491/1/2956 1492/1/2956
s 1083
f 1470/1/2593 1468/1/2593 1483/1/2593
f 1483/1/2593 1492/1/2593 1470/1/2593
s 846
f 1467/1/2934 1481/1/2950 1483/1/2949
f 1483/1/2949 1468/1/2935 1467/1/2934
s 845
f 1467/1/2933 1466/1/2932 1482/1/2948
f 1482/1/2948 1481/1/2947 1467/1/2933
s 1084
f 1466/1/2590 1465/1/2958 1493/1/2590
f 1493/1/2590 1482/1/2590 1466/1/2590
s 1085
f 1482/1/2959 1493/1/2960 1494/1/2959
f 1494/1/2959 1477/1/2961 1482/1/2959
s 1086
f 1484/1/2962 1478/1/2582 1477/1/2962
f 1477/1/2962 1494/1/2962 1484/1/2962
s 845
f 1495/1/2963 1496/1/2964 1497/1/2965
f 1497/1/2965 1498/1/2966 1495/1/2963
s 846
f 1499/1/2967 1500/1/2968 1496/1/2969
f 1496/1/2969 1495/1/2970 1499/1/2967
s 845
f 1496/1/2964 1501/1/2971 1502/1/2972
f 1502/1/2972 1497/1/2965 1496/1/2964
s 846
f 1496/1/2969 1500/1/2968 1503/1/2973
f 1503/1/2973 1501/1/2974 1496/1/2969
s 1087
f 1498/1/2615 1504/1/2615 1505/1/2615
f 1505/1/2615 1506/1/2615 1498/1/2615
s 845
f 1498/1/2966 1506/1/2975 1507/1/2976
f 1507/1/2976 1495/1/2963 1498/1/2966
s 846
f 1499/1/2967 1495/1/2970 1507/1/2977
f 1507/1/2977 1508/1/2978 1499/1/2967
s 1088
f 1509/1/2610 1499/1/2610 1508/1/2610
f 1508/1/2610 1510/1/2610 1509/1/2610
s 1089
f 1500/1/2631 1499/1/2631 1509/1/2631
f 1509/1/2631 1511/1/2631 1500/1/2631
s 1090
f 1512/1/2979 1503/1/2979 1500/1/2980
f 1500/1/2980 1511/1/2626 1512/1/2979
s 1091
f 1490/1/2624 1488/1/2624 1503/1/2624
f 1503/1/2624 1512/1/2624 1490/1/2624
s 846
f 1487/1/2953 1501/1/2974 1503/1/2973
f 1503/1/2973 1488/1/2954 1487/1/2953
s 845
f 1487/1/2952 1486/1/2951 1502/1/2972
f 1502/1/2972 1501/1/2971 1487/1/2952
s 1092
f 1486/1/2622 1485/1/2622 1513/1/2622
f 1513/1/2622 1502/1/2622 1486/1/2622
s 1093
f 1502/1/2618 1513/1/2981 1514/1/2981
f 1514/1/2981 1497/1/2619 1502/1/2618
s 1094
f 1504/1/2616 1498/1/2616 1497/1/2616
f 1497/1/2616 1514/1/2616 1504/1/2616
s 845
f 1515/1/2982 1516/1/2983 1517/1/2984
f 1517/1/2984 1518/1/2985 1515/1/2982
s 846
f 1519/1/2986 1520/1/2987 1516/1/2988
f 1516/1/2988 1515/1/2989 1519/1/2986
s 845
f 1516/1/2983 1521/1/2990 1522/1/2991
f 1522/1/2991 1517/1/2984 1516/1/2983
s 846
f 1516/1/2988 1520/1/2987 1523/1/2992
f 1523/1/2992 1521/1/2993 1516/1/2988
s 1095
f 1518/1/2994 1524/1/2650 913/1/2650
f 913/1/2650 911/1/2994 1518/1/2994
s 845
f 1515/1/2982 1518/1/2985 911/1/2206
f 911/1/2206 910/1/2205 1515/1/2982
s 846
f 1515/1/2989 910/1/2204 908/1/2203
f 908/1/2203 1519/1/2986 1515/1/2989
s 1096
f 908/1/2995 909/1/2996 1525/1/2995
f 1525/1/2995 1519/1/2997 908/1/2995
s 1097
f 1520/1/2661 1519/1/2661 1525/1/2661
f 1525/1/2661 1526/1/2661 1520/1/2661
s 1098
f 1527/1/2657 1523/1/2657 1520/1/2657
f 1520/1/2657 1526/1/2998 1527/1/2657
s 1099
f 1510/1/2655 1508/1/2655 1523/1/2655
f 1523/1/2655 1527/1/2655 1510/1/2655
s 846
f 1507/1/2977 1521/1/2993 1523/1/2992
f 1523/1/2992 1508/1/2978 1507/1/2977
s 845
f 1507/1/2976 1506/1/2975 1522/1/2991
f 1522/1/2991 1521/1/2990 1507/1/2976
s 1100
f 1506/1/2999 1505/1/2653 1528/1/3000
f 1528/1/3000 1522/1/3001 1506/1/2999
s 1101
f 1522/1/2652 1528/1/2652 1529/1/3002
f 1529/1/3002 1517/1/2652 1522/1/2652
s 1102
f 1524/1/3003 1518/1/3004 1517/1/3005
f 1517/1/3005 1529/1/2651 1524/1/3003
s 835
f 1530/1/3006 1531/1/3007 1532/1/3008
f 1532/1/3008 1533/1/3009 1530/1/3006
f 1534/1/3010 1535/1/3011 1531/1/3007
f 1531/1/3007 1530/1/3006 1534/1/3010
s 836
f 1531/1/3012 1536/1/3013 1537/1/3014
f 1537/1/3014 1532/1/3015 1531/1/3012
f 1531/1/3012 1535/1/3016 1538/1/3017
f 1538/1/3017 1536/1/3013 1531/1/3012
s 1103
f 1539/1/3018 1533/1/3019 1540/1/3018
f 1540/1/3018 1541/1/3018 1539/1/3018
s 1104
f 1542/1/3020 1530/1/3020 1533/1/3020
f 1533/1/3020 1539/1/3020 1542/1/3020
s 1105
f 1530/1/3021 1542/1/3021 1543/1/3021
f 1543/1/3021 1534/1/3022 1530/1/3021
s 1106
f 874/1/3023 1534/1/3024 1543/1/3023
f 1543/1/3023 875/1/3023 874/1/3023
s 835
f 874/1/2179 889/1/2180 1535/1/3011
f 1535/1/3011 1534/1/3010 874/1/2179
s 836
f 888/1/2177 1538/1/3017 1535/1/3016
f 1535/1/3016 889/1/2178 888/1/2177
s 1107
f 1538/1/3025 888/1/3025 887/1/3025
f 887/1/3025 1544/1/3025 1538/1/3025
s 1108
f 1544/1/3026 1545/1/3026 1536/1/3026
f 1536/1/3026 1538/1/3026 1544/1/3026
s 1109
f 1536/1/3027 1545/1/3027 1546/1/3027
f 1546/1/3027 1537/1/3027 1536/1/3027
s 1110
f 1546/1/3028 1547/1/3028 1548/1/3029
f 1548/1/3029 1537/1/3028 1546/1/3028
s 836
f 1537/1/3014 1548/1/3030 1549/1/3031
f 1549/1/3031 1532/1/3015 1537/1/3014
s 835
f 1533/1/3009 1532/1/3008 1549/1/3032
f 1549/1/3032 1540/1/3033 1533/1/3009
f 1550/1/3034 1551/1/3035 1552/1/3036
f 1552/1/3036 1553/1/3037 1550/1/3034
f 1554/1/3038 1555/1/3039 1551/1/3035
f 1551/1/3035 1550/1/3034 1554/1/3038
s 836
f 1551/1/3040 1556/1/3041 1557/1/3042
f 1557/1/3042 1552/1/3043 1551/1/3040
f 1551/1/3040 1555/1/3044 1558/1/3045
f 1558/1/3045 1556/1/3041 1551/1/3040
s 1111
f 1559/1/3046 1560/1/3046 1561/1/3046
f 1561/1/3046 1553/1/3046 1559/1/3046
s 1112
f 1561/1/3047 1562/1/3048 1550/1/3048
f 1550/1/3048 1553/1/3049 1561/1/3047
s 1113
f 1550/1/3050 1562/1/3051 1563/1/3050
f 1563/1/3050 1554/1/3050 1550/1/3050
s 1114
f 1540/1/3052 1554/1/3052 1563/1/3053
f 1563/1/3053 1541/1/3052 1540/1/3052
s 835
f 1554/1/3038 1540/1/3033 1549/1/3032
f 1549/1/3032 1555/1/3039 1554/1/3038
s 836
f 1548/1/3030 1558/1/3045 1555/1/3044
f 1555/1/3044 1549/1/3031 1548/1/3030
s 1115
f 1558/1/3054 1548/1/3054 1547/1/3054
f 1547/1/3054 1564/1/3054 1558/1/3054
s 1116
f 1564/1/3055 1565/1/3055 1556/1/3055
f 1556/1/3055 1558/1/3055 1564/1/3055
s 1117
f 1566/1/3056 1557/1/3057 1556/1/3056
f 1556/1/3056 1565/1/3056 1566/1/3056
s 1118
f 1566/1/3058 1567/1/3058 1568/1/3059
f 1568/1/3059 1557/1/3058 1566/1/3058
s 836
f 1552/1/3043 1557/1/3042 1568/1/3060
f 1568/1/3060 1569/1/3061 1552/1/3043
s 835
f 1569/1/3062 1559/1/3063 1553/1/3037
f 1553/1/3037 1552/1/3036 1569/1/3062
f 1570/1/3064 1571/1/3065 1572/1/3066
f 1572/1/3066 1573/1/3067 1570/1/3064
f 1574/1/3068 1575/1/3069 1571/1/3065
f 1571/1/3065 1570/1/3064 1574/1/3068
s 836
f 1571/1/3070 1576/1/3071 1577/1/3072
f 1577/1/3072 1572/1/3073 1571/1/3070
f 1571/1/3070 1575/1/3074 1578/1/3075
f 1578/1/3075 1576/1/3071 1571/1/3070
s 1119
f 1579/1/3076 1580/1/3076 1581/1/3076
f 1581/1/3076 1573/1/3077 1579/1/3076
s 1120
f 1570/1/3078 1573/1/3079 1581/1/3079
f 1581/1/3079 1582/1/3080 1570/1/3078
s 1121
f 1570/1/3081 1582/1/3082 1583/1/3082
f 1583/1/3082 1574/1/3083 1570/1/3081
s 1122
f 1559/1/3084 1574/1/3084 1583/1/3085
f 1583/1/3085 1560/1/3086 1559/1/3084
s 835
f 1574/1/3068 1559/1/3063 1569/1/3062
f 1569/1/3062 1575/1/3069 1574/1/3068
s 836
f 1568/1/3060 1578/1/3075 1575/1/3074
f 1575/1/3074 1569/1/3061 1568/1/3060
s 1123
f 1578/1/3087 1568/1/3087 1567/1/3087
f 1567/1/3087 1584/1/3087 1578/1/3087
s 1124
f 1584/1/3088 1585/1/3088 1576/1/3088
f 1576/1/3088 1578/1/3088 1584/1/3088
s 1125
f 1585/1/3089 1586/1/3090 1577/1/3091
f 1577/1/3091 1576/1/3090 1585/1/3089
s 1126
f 1586/1/3092 1587/1/3093 1588/1/3092
f 1588/1/3092 1577/1/3094 1586/1/3092
s 836
f 1577/1/3072 1588/1/3095 1589/1/3096
f 1589/1/3096 1572/1/3073 1577/1/3072
s 835
f 1572/1/3066 1589/1/3097 1579/1/3098
f 1579/1/3098 1573/1/3067 1572/1/3066
f 1590/1/3099 1591/1/3100 1592/1/3101
f 1592/1/3101 1593/1/3102 1590/1/3099
f 1594/1/3103 1595/1/3104 1591/1/3100
f 1591/1/3100 1590/1/3099 1594/1/3103
s 836
f 1591/1/3105 1596/1/3106 1597/1/3107
f 1597/1/3107 1592/1/3108 1591/1/3105
f 1591/1/3105 1595/1/3109 1598/1/3110
f 1598/1/3110 1596/1/3106 1591/1/3105
s 1127
f 1599/1/3111 1600/1/3111 1601/1/3111
f 1601/1/3111 1593/1/3111 1599/1/3111
s 1128
f 1590/1/3112 1593/1/3112 1601/1/3112
f 1601/1/3112 1602/1/3112 1590/1/3112
s 1129
f 1590/1/3113 1602/1/3113 1603/1/3114
f 1603/1/3114 1594/1/3113 1590/1/3113
s 1130
f 1579/1/3115 1594/1/3115 1603/1/3115
f 1603/1/3115 1580/1/3115 1579/1/3115
s 835
f 1594/1/3103 1579/1/3098 1589/1/3097
f 1589/1/3097 1595/1/3104 1594/1/3103
s 836
f 1595/1/3109 1589/1/3096 1588/1/3095
f 1588/1/3095 1598/1/3110 1595/1/3109
s 1131
f 1598/1/3116 1588/1/3116 1587/1/3116
f 1587/1/3116 1604/1/3116 1598/1/3116
s 1132
f 1604/1/3117 1605/1/3117 1596/1/3117
f 1596/1/3117 1598/1/3117 1604/1/3117
s 1133
f 1605/1/3118 1606/1/3119 1597/1/3119
f 1597/1/3119 1596/1/3118 1605/1/3118
s 1134
f 1606/1/3120 1607/1/3120 1608/1/3120
f 1608/1/3120 1597/1/3120 1606/1/3120
s 836
f 1592/1/3108 1597/1/3107 1608/1/3121
f 1608/1/3121 1609/1/3122 1592/1/3108
s 835
f 1592/1/3101 1609/1/3123 1599/1/3124
f 1599/1/3124 1593/1/3102 1592/1/3101
f 1610/1/3125 1611/1/3126 1612/1/3127
f 1612/1/3127 1613/1/3128 1610/1/3125
f 1614/1/3129 1615/1/3130 1611/1/3126
f 1611/1/3126 1610/1/3125 1614/1/3129
s 836
f 1611/1/3131 1616/1/3132 1617/1/3133
f 1617/1/3133 1612/1/3134 1611/1/3131
f 1611/1/3131 1615/1/3135 1618/1/3136
f 1618/1/3136 1616/1/3132 1611/1/3131
s 1135
f 1619/1/3137 1620/1/3137 1621/1/3138
f 1621/1/3138 1613/1/3139 1619/1/3137
s 1136
f 1610/1/3140 1613/1/3141 1621/1/3142
f 1621/1/3142 1622/1/3141 1610/1/3140
s 1137
f 1610/1/3143 1622/1/3144 1623/1/3143
f 1623/1/3143 1614/1/3144 1610/1/3143
s 1138
f 1599/1/3145 1614/1/3145 1623/1/3146
f 1623/1/3146 1600/1/3145 1599/1/3145
s 835
f 1614/1/3129 1599/1/3124 1609/1/3123
f 1609/1/3123 1615/1/3130 1614/1/3129
s 836
f 1608/1/3121 1618/1/3136 1615/1/3135
f 1615/1/3135 1609/1/3122 1608/1/3121
s 1139
f 1618/1/3147 1608/1/3148 1607/1/3149
f 1607/1/3149 1624/1/3150 1618/1/3147
s 1140
f 1624/1/3151 1625/1/3152 1616/1/3151
f 1616/1/3151 1618/1/3152 1624/1/3151
s 1141
f 1625/1/3153 1626/1/3153 1617/1/3153
f 1617/1/3153 1616/1/3153 1625/1/3153
s 1142
f 1626/1/3154 1627/1/3154 1628/1/3154
f 1628/1/3154 1617/1/3154 1626/1/3154
s 836
f 1612/1/3134 1617/1/3133 1628/1/3155
f 1628/1/3155 1629/1/3156 1612/1/3134
s 835
f 1612/1/3127 1629/1/3157 1619/1/3158
f 1619/1/3158 1613/1/3128 1612/1/3127
f 1630/1/3159 1631/1/3160 1632/1/3161
f 1632/1/3161 1633/1/3162 1630/1/3159
f 1634/1/3163 1635/1/3164 1631/1/3160
f 1631/1/3160 1630/1/3159 1634/1/3163
s 836
f 1631/1/3165 1636/1/3166 1637/1/3167
f 1637/1/3167 1632/1/3168 1631/1/3165
f 1631/1/3165 1635/1/3169 1638/1/3170
f 1638/1/3170 1636/1/3166 1631/1/3165
s 1143
f 1639/1/3171 1640/1/3172 1641/1/3173
f 1641/1/3173 1633/1/3172 1639/1/3171
s 1144
f 1630/1/3174 1633/1/3175 1641/1/3175
f 1641/1/3175 1642/1/3175 1630/1/3174
s 1145
f 1630/1/3176 1642/1/3176 1643/1/3177
f 1643/1/3177 1634/1/3176 1630/1/3176
s 1146
f 1619/1/3178 1634/1/3179 1643/1/3178
f 1643/1/3178 1620/1/3180 1619/1/3178
s 835
f 1634/1/3163 1619/1/3158 1629/1/3157
f 1629/1/3157 1635/1/3164 1634/1/3163
s 836
f 1628/1/3155 1638/1/3170 1635/1/3169
f 1635/1/3169 1629/1/3156 1628/1/3155
s 1147
f 1638/1/3181 1628/1/3181 1627/1/3181
f 1627/1/3181 1644/1/3181 1638/1/3181
s 1148
f 1644/1/3182 1645/1/3183 1636/1/3184
f 1636/1/3184 1638/1/3185 1644/1/3182
s 1149
f 1645/1/3186 1646/1/3187 1637/1/3187
f 1637/1/3187 1636/1/3186 1645/1/3186
s 1150
f 1646/1/3188 1647/1/3189 1648/1/3189
f 1648/1/3189 1637/1/3190 1646/1/3188
s 836
f 1632/1/3168 1637/1/3167 1648/1/3191
f 1648/1/3191 1649/1/3192 1632/1/3168
s 835
f 1632/1/3161 1649/1/3193 1639/1/3194
f 1639/1/3194 1633/1/3162 1632/1/3161
f 1650/1/3195 1651/1/3196 1652/1/3197
f 1652/1/3197 1653/1/3198 1650/1/3195
f 1654/1/3199 1655/1/3200 1651/1/3196
f 1651/1/3196 1650/1/3195 1654/1/3199
s 836
f 1651/1/3201 1656/1/3202 1657/1/3203
f 1657/1/3203 1652/1/3204 1651/1/3201
f 1651/1/3201 1655/1/3205 1658/1/3206
f 1658/1/3206 1656/1/3202 1651/1/3201
s 1151
f 1659/1/3207 1660/1/3207 1661/1/3207
f 1661/1/3207 1653/1/3207 1659/1/3207
s 1152
f 1650/1/3208 1653/1/3208 1661/1/3208
f 1661/1/3208 1662/1/3208 1650/1/3208
s 1153
f 1650/1/3209 1662/1/3209 1663/1/3209
f 1663/1/3209 1654/1/3209 1650/1/3209
s 1154
f 1639/1/3210 1654/1/3210 1663/1/3210
f 1663/1/3210 1640/1/3210 1639/1/3210
s 835
f 1654/1/3199 1639/1/3194 1649/1/3193
f 1649/1/3193 1655/1/3200 1654/1/3199
s 836
f 1648/1/3191 1658/1/3206 1655/1/3205
f 1655/1/3205 1649/1/3192 1648/1/3191
s 1155
f 1658/1/3211 1648/1/3212 1647/1/3213
f 1647/1/3213 1664/1/3214 1658/1/3211
s 1156
f 1664/1/3215 1665/1/3215 1656/1/3215
f 1656/1/3215 1658/1/3215 1664/1/3215
s 1157
f 1665/1/3216 1666/1/3216 1657/1/3216
f 1657/1/3216 1656/1/3216 1665/1/3216
s 1158
f 1666/1/3217 1667/1/3218 1668/1/3218
f 1668/1/3218 1657/1/3219 1666/1/3217
s 836
f 1652/1/3204 1657/1/3203 1668/1/3220
f 1668/1/3220 1669/1/3221 1652/1/3204
s 835
f 1652/1/3197 1669/1/3222 1659/1/3223
f 1659/1/3223 1653/1/3198 1652/1/3197
f 1670/1/3224 1671/1/3225 1672/1/3226
f 1672/1/3226 1673/1/3227 1670/1/3224
f 1674/1/3228 1675/1/3229 1671/1/3225
f 1671/1/3225 1670/1/3224 1674/1/3228
s 836
f 1671/1/3230 1676/1/3231 1677/1/3232
f 1677/1/3232 1672/1/3233 1671/1/3230
f 1671/1/3230 1675/1/3234 1678/1/3235
f 1678/1/3235 1676/1/3231 1671/1/3230
s 1159
f 1679/1/3236 1680/1/3237 1681/1/3236
f 1681/1/3236 1673/1/3238 1679/1/3236
s 1160
f 1670/1/3239 1673/1/3239 1681/1/3239
f 1681/1/3239 1682/1/3239 1670/1/3239
s 1161
f 1670/1/3240 1682/1/3240 1683/1/3240
f 1683/1/3240 1674/1/3240 1670/1/3240
s 1162
f 1659/1/3241 1674/1/3241 1683/1/3241
f 1683/1/3241 1660/1/3241 1659/1/3241
s 835
f 1674/1/3228 1659/1/3223 1669/1/3222
f 1669/1/3222 1675/1/3229 1674/1/3228
s 836
f 1668/1/3220 1678/1/3235 1675/1/3234
f 1675/1/3234 1669/1/3221 1668/1/3220
s 1163
f 1684/1/3242 1678/1/3243 1668/1/3244
f 1668/1/3244 1667/1/3242 1684/1/3242
s 1164
f 1684/1/3245 1685/1/3245 1676/1/3245
f 1676/1/3245 1678/1/3245 1684/1/3245
s 1165
f 1685/1/3246 1686/1/3247 1677/1/3247
f 1677/1/3247 1676/1/3246 1685/1/3246
s 1166
f 1686/1/3248 1687/1/3248 1688/1/3248
f 1688/1/3248 1677/1/3249 1686/1/3248
s 836
f 1672/1/3233 1677/1/3232 1688/1/3250
f 1688/1/3250 1689/1/3251 1672/1/3233
s 835
f 1672/1/3226 1689/1/3252 1679/1/3253
f 1679/1/3253 1673/1/3227 1672/1/3226
f 1690/1/3254 1691/1/3255 1692/1/3256
f 1692/1/3256 1693/1/3257 1690/1/3254
f 1694/1/3258 1695/1/3259 1691/1/3255
f 1691/1/3255 1690/1/3254 1694/1/3258
s 836
f 1691/1/3260 1696/1/3261 1697/1/3262
f 1697/1/3262 1692/1/3263 1691/1/3260
f 1691/1/3260 1695/1/3264 1698/1/3265
f 1698/1/3265 1696/1/3261 1691/1/3260
s 1167
f 1699/1/3266 1700/1/3267 1701/1/3266
f 1701/1/3266 1693/1/3268 1699/1/3266
s 1168
f 1690/1/3269 1693/1/3269 1701/1/3269
f 1701/1/3269 1702/1/3269 1690/1/3269
s 1169
f 1690/1/3270 1702/1/3270 1703/1/3270
f 1703/1/3270 1694/1/3270 1690/1/3270
s 1170
f 1679/1/3271 1694/1/3272 1703/1/3272
f 1703/1/3272 1680/1/3271 1679/1/3271
s 835
f 1694/1/3258 1679/1/3253 1689/1/3252
f 1689/1/3252 1695/1/3259 1694/1/3258
s 836
f 1688/1/3250 1698/1/3265 1695/1/3264
f 1695/1/3264 1689/1/3251 1688/1/3250
s 1171
f 1698/1/3273 1688/1/3273 1687/1/3274
f 1687/1/3274 1704/1/3274 1698/1/3273
s 1172
f 1704/1/3275 1705/1/3275 1696/1/3275
f 1696/1/3275 1698/1/3275 1704/1/3275
s 1173
f 1705/1/3276 1706/1/3276 1697/1/3276
f 1697/1/3276 1696/1/3276 1705/1/3276
s 1174
f 1706/1/3277 1707/1/3277 1708/1/3277
f 1708/1/3277 1697/1/3277 1706/1/3277
s 836
f 1692/1/3263 1697/1/3262 1708/1/3278
f 1708/1/3278 1709/1/3279 1692/1/3263
s 835
f 1692/1/3256 1709/1/3280 1699/1/3281
f 1699/1/3281 1693/1/3257 1692/1/3256
f 1710/1/3282 1711/1/3283 1712/1/3284
f 1712/1/3284 1713/1/3285 1710/1/3282
f 1714/1/3286 1715/1/3287 1711/1/3283
f 1711/1/3283 1710/1/3282 1714/1/3286
s 836
f 1711/1/3288 1716/1/3289 1717/1/3290
f 1717/1/3290 1712/1/3291 1711/1/3288
f 1711/1/3288 1715/1/3292 1718/1/3293
f 1718/1/3293 1716/1/3289 1711/1/3288
s 1175
f 1719/1/3294 1720/1/3294 1721/1/3294
f 1721/1/3294 1713/1/3294 1719/1/3294
s 1176
f 1710/1/3295 1713/1/3296 1721/1/3295
f 1721/1/3295 1722/1/3295 1710/1/3295
s 1177
f 1710/1/3297 1722/1/3297 1723/1/3298
f 1723/1/3298 1714/1/3298 1710/1/3297
s 1178
f 1699/1/3299 1714/1/3299 1723/1/3300
f 1723/1/3300 1700/1/3299 1699/1/3299
s 835
f 1714/1/3286 1699/1/3281 1709/1/3280
f 1709/1/3280 1715/1/3287 1714/1/3286
s 836
f 1708/1/3278 1718/1/3293 1715/1/3292
f 1715/1/3292 1709/1/3279 1708/1/3278
s 1179
f 1718/1/3301 1708/1/3301 1707/1/3301
f 1707/1/3301 1724/1/3302 1718/1/3301
s 1180
f 1724/1/3303 1725/1/3303 1716/1/3303
f 1716/1/3303 1718/1/3304 1724/1/3303
s 1181
f 1725/1/3305 1726/1/3305 1717/1/3306
f 1717/1/3306 1716/1/3305 1725/1/3305
s 1182
f 1726/1/3307 1727/1/3307 1728/1/3307
f 1728/1/3307 1717/1/3308 1726/1/3307
s 836
f 1712/1/3291 1717/1/3290 1728/1/3309
f 1728/1/3309 1729/1/3310 1712/1/3291
s 835
f 1712/1/3284 1729/1/3311 1719/1/3312
f 1719/1/3312 1713/1/3285 1712/1/3284
f 1730/1/3313 1731/1/3314 1732/1/3315
f 1732/1/3315 1733/1/3316 1730/1/3313
f 1734/1/3317 1735/1/3318 1731/1/3314
f 1731/1/3314 1730/1/3313 1734/1/3317
s 836
f 1731/1/3319 1736/1/3320 1737/1/3321
f 1737/1/3321 1732/1/3322 1731/1/3319
f 1731/1/3319 1735/1/3323 1738/1/3324
f 1738/1/3324 1736/1/3320 1731/1/3319
s 1183
f 1739/1/3325 1740/1/3325 1741/1/3325
f 1741/1/3325 1733/1/3325 1739/1/3325
s 1184
f 1730/1/3326 1733/1/3326 1741/1/3326
f 1741/1/3326 1742/1/3326 1730/1/3326
s 1185
f 1730/1/3327 1742/1/3327 1743/1/3327
f 1743/1/3327 1734/1/3327 1730/1/3327
s 1186
f 1719/1/3328 1734/1/3328 1743/1/3328
f 1743/1/3328 1720/1/3328 1719/1/3328
s 835
f 1734/1/3317 1719/1/3312 1729/1/3311
f 1729/1/3311 1735/1/3318 1734/1/3317
s 836
f 1728/1/3309 1738/1/3324 1735/1/3323
f 1735/1/3323 1729/1/3310 1728/1/3309
s 1187
f 1738/1/3329 1728/1/3330 1727/1/3330
f 1727/1/3330 1744/1/3330 1738/1/3329
s 1188
f 1744/1/3331 1745/1/3331 1736/1/3331
f 1736/1/3331 1738/1/3331 1744/1/3331
s 1189
f 1745/1/3332 1746/1/3333 1737/1/3332
f 1737/1/3332 1736/1/3334 1745/1/3332
s 1190
f 1746/1/3335 1747/1/3335 1748/1/3335
f 1748/1/3335 1737/1/3335 1746/1/3335
s 836
f 1732/1/3322 1737/1/3321 1748/1/3336
f 1748/1/3336 1749/1/3337 1732/1/3322
s 835
f 1732/1/3315 1749/1/3338 1739/1/3339
f 1739/1/3339 1733/1/3316 1732/1/3315
f 1750/1/3340 1751/1/3341 1752/1/3342
f 1752/1/3342 1753/1/3343 1750/1/3340
f 1754/1/3344 1755/1/3345 1751/1/3341
f 1751/1/3341 1750/1/3340 1754/1/3344
s 836
f 1751/1/3346 1756/1/3347 1757/1/3348
f 1757/1/3348 1752/1/3349 1751/1/3346
f 1751/1/3346 1755/1/3350 1758/1/3351
f 1758/1/3351 1756/1/3347 1751/1/3346
s 1191
f 1759/1/3352 1760/1/3353 1761/1/3354
f 1761/1/3354 1753/1/3355 1759/1/3352
s 1192
f 1750/1/3356 1753/1/3357 1761/1/3358
f 1761/1/3358 1762/1/3356 1750/1/3356
s 1193
f 1750/1/3359 1762/1/3360 1763/1/3361
f 1763/1/3361 1754/1/3362 1750/1/3359
s 1194
f 1739/1/3363 1754/1/3363 1763/1/3364
f 1763/1/3364 1740/1/3363 1739/1/3363
s 835
f 1754/1/3344 1739/1/3339 1749/1/3338
f 1749/1/3338 1755/1/3345 1754/1/3344
s 836
f 1748/1/3336 1758/1/3351 1755/1/3350
f 1755/1/3350 1749/1/3337 1748/1/3336
s 1195
f 1758/1/3365 1748/1/3365 1747/1/3366
f 1747/1/3366 1764/1/3365 1758/1/3365
s 1196
f 1764/1/3367 1765/1/3367 1756/1/3368
f 1756/1/3368 1758/1/3367 1764/1/3367
s 1197
f 1765/1/3369 1766/1/3369 1757/1/3369
f 1757/1/3369 1756/1/3369 1765/1/3369
s 1198
f 1766/1/3370 1767/1/3370 1768/1/3370
f 1768/1/3370 1757/1/3370 1766/1/3370
s 836
f 1752/1/3349 1757/1/3348 1768/1/3371
f 1768/1/3371 1769/1/3372 1752/1/3349
s 835
f 1752/1/3342 1769/1/3373 1759/1/3374
f 1759/1/3374 1753/1/3343 1752/1/3342
f 1770/1/3375 1771/1/3376 1772/1/3377
f 1772/1/3377 1773/1/3378 1770/1/3375
f 1774/1/3379 1775/1/3380 1771/1/3376
f 1771/1/3376 1770/1/3375 1774/1/3379
s 836
f 1771/1/3381 1776/1/3382 1777/1/3383
f 1777/1/3383 1772/1/3384 1771/1/3381
f 1771/1/3381 1775/1/3385 1778/1/3386
f 1778/1/3386 1776/1/3382 1771/1/3381
s 1199
f 1779/1/3387 1780/1/3387 1781/1/3388
f 1781/1/3388 1773/1/3387 1779/1/3387
s 1200
f 1770/1/3389 1773/1/3390 1781/1/3391
f 1781/1/3391 1782/1/3392 1770/1/3389
s 1201
f 1770/1/3393 1782/1/3394 1783/1/3393
f 1783/1/3393 1774/1/3393 1770/1/3393
s 1202
f 1759/1/3395 1774/1/3396 1783/1/3395
f 1783/1/3395 1760/1/3397 1759/1/3395
s 835
f 1774/1/3379 1759/1/3374 1769/1/3373
f 1769/1/3373 1775/1/3380 1774/1/3379
s 836
f 1768/1/3371 1778/1/3386 1775/1/3385
f 1775/1/3385 1769/1/3372 1768/1/3371
s 1203
f 1778/1/3398 1768/1/3399 1767/1/3400
f 1767/1/3400 1784/1/3401 1778/1/3398
s 1204
f 1784/1/3402 1785/1/3402 1776/1/3402
f 1776/1/3402 1778/1/3402 1784/1/3402
s 1205
f 1785/1/3403 1786/1/3403 1777/1/3403
f 1777/1/3403 1776/1/3403 1785/1/3403
s 1206
f 1786/1/3404 1787/1/3405 1788/1/3404
f 1788/1/3404 1777/1/3404 1786/1/3404
s 836
f 1772/1/3384 1777/1/3383 1788/1/3406
f 1788/1/3406 1789/1/3407 1772/1/3384
s 835
f 1772/1/3377 1789/1/3408 1779/1/3409
f 1779/1/3409 1773/1/3378 1772/1/3377
f 1790/1/3410 1791/1/3411 1792/1/3412
f 1792/1/3412 1793/1/3413 1790/1/3410
f 1794/1/3414 1795/1/3415 1791/1/3411
f 1791/1/3411 1790/1/3410 1794/1/3414
s 836
f 1791/1/3416 1796/1/3417 1797/1/3418
f 1797/1/3418 1792/1/3419 1791/1/3416
f 1791/1/3416 1795/1/3420 1798/1/3421
f 1798/1/3421 1796/1/3417 1791/1/3416
s 1207
f 1799/1/3422 1800/1/3422 1801/1/3422
f 1801/1/3422 1793/1/3423 1799/1/3422
s 1208
f 1790/1/3424 1793/1/3424 1801/1/3424
f 1801/1/3424 1802/1/3424 1790/1/3424
s 1209
f 1790/1/3425 1802/1/3425 1803/1/3426
f 1803/1/3426 1794/1/3425 1790/1/3425
s 1210
f 1779/1/3427 1794/1/3428 1803/1/3427
f 1803/1/3427 1780/1/3427 1779/1/3427
s 835
f 1794/1/3414 1779/1/3409 1789/1/3408
f 1789/1/3408 1795/1/3415 1794/1/3414
s 836
f 1788/1/3406 1798/1/3421 1795/1/3420
f 1795/1/3420 1789/1/3407 1788/1/3406
s 1211
f 1798/1/3429 1788/1/3429 1787/1/3429
f 1787/1/3429 1804/1/3430 1798/1/3429
s 1212
f 1804/1/3431 1805/1/3431 1796/1/3431
f 1796/1/3431 1798/1/3431 1804/1/3431
s 1213
f 1805/1/3432 1806/1/3432 1797/1/3432
f 1797/1/3432 1796/1/3432 1805/1/3432
s 1214
f 1806/1/3433 1807/1/3434 1808/1/3435
f 1808/1/3435 1797/1/3433 1806/1/3433
s 836
f 1792/1/3419 1797/1/3418 1808/1/3436
f 1808/1/3436 1809/1/3437 1792/1/3419
s 835
f 1792/1/3412 1809/1/3438 1799/1/3439
f 1799/1/3439 1793/1/3413 1792/1/3412
f 1810/1/3440 1811/1/3441 1812/1/3442
f 1812/1/3442 1813/1/3443 1810/1/3440
f 1814/1/3444 1815/1/3445 1811/1/3441
f 1811/1/3441 1810/1/3440 1814/1/3444
s 836
f 1811/1/3446 1816/1/3447 1817/1/3448
f 1817/1/3448 1812/1/3449 1811/1/3446
f 1811/1/3446 1815/1/3450 1818/1/3451
f 1818/1/3451 1816/1/3447 1811/1/3446
s 1215
f 1819/1/3452 1820/1/3452 1821/1/3453
f 1821/1/3453 1813/1/3452 1819/1/3452
s 1216
f 1810/1/3454 1813/1/3454 1821/1/3454
f 1821/1/3454 1822/1/3454 1810/1/3454
s 1217
f 1810/1/3455 1822/1/3455 1823/1/3455
f 1823/1/3455 1814/1/3455 1810/1/3455
s 1218
f 1799/1/3456 1814/1/3457 1823/1/3456
f 1823/1/3456 1800/1/3456 1799/1/3456
s 835
f 1814/1/3444 1799/1/3439 1809/1/3438
f 1809/1/3438 1815/1/3445 1814/1/3444
s 836
f 1808/1/3436 1818/1/3451 1815/1/3450
f 1815/1/3450 1809/1/3437 1808/1/3436
s 1219
f 1818/1/3458 1808/1/3459 1807/1/3459
f 1807/1/3459 1824/1/3459 1818/1/3458
s 1220
f 1824/1/3460 1825/1/3461 1816/1/3460
f 1816/1/3460 1818/1/3460 1824/1/3460
s 1221
f 1825/1/3462 1826/1/3462 1817/1/3462
f 1817/1/3462 1816/1/3462 1825/1/3462
s 1222
f 1826/1/3463 1827/1/3464 1828/1/3465
f 1828/1/3465 1817/1/3466 1826/1/3463
s 836
f 1812/1/3449 1817/1/3448 1828/1/3467
f 1828/1/3467 1829/1/3468 1812/1/3449
s 835
f 1812/1/3442 1829/1/3469 1819/1/3470
f 1819/1/3470 1813/1/3443 1812/1/3442
f 1830/1/3471 1831/1/3472 1832/1/3473
f 1832/1/3473 1833/1/3474 1830/1/3471
f 1834/1/3475 1835/1/3476 1831/1/3472
f 1831/1/3472 1830/1/3471 1834/1/3475
s 836
f 1831/1/3477 1836/1/3478 1837/1/3479
f 1837/1/3479 1832/1/3480 1831/1/3477
f 1831/1/3477 1835/1/3481 1838/1/3482
f 1838/1/3482 1836/1/3478 1831/1/3477
s 1223
f 1839/1/2176 1840/1/3483 1841/1/2176
f 1841/1/2176 1833/1/3484 1839/1/2176
s 1224
f 1830/1/2173 1833/1/2173 1841/1/2173
f 1841/1/2173 1842/1/2173 1830/1/2173
s 1225
f 1830/1/2171 1842/1/2171 1843/1/2171
f 1843/1/2171 1834/1/2171 1830/1/2171
s 1226
f 1819/1/2167 1834/1/2168 1843/1/2167
f 1843/1/2167 1820/1/3485 1819/1/2167
s 835
f 1834/1/3475 1819/1/3470 1829/1/3469
f 1829/1/3469 1835/1/3476 1834/1/3475
s 836
f 1828/1/3467 1838/1/3482 1835/1/3481
f 1835/1/3481 1829/1/3468 1828/1/3467
s 1227
f 1838/1/3486 1828/1/3487 1827/1/2162
f 1827/1/2162 1844/1/2162 1838/1/3486
s 1228
f 1844/1/3488 1845/1/2161 1836/1/2161
f 1836/1/2161 1838/1/3489 1844/1/3488
s 1229
f 1845/1/2159 1846/1/2159 1837/1/2159
f 1837/1/2159 1836/1/2159 1845/1/2159
s 1230
f 1846/1/2158 1847/1/2158 1848/1/2158
f 1848/1/2158 1837/1/2158 1846/1/2158
s 836
f 1832/1/3480 1837/1/3479 1848/1/3490
f 1848/1/3490 1849/1/3491 1832/1/3480
s 835
f 1832/1/3473 1849/1/3492 1839/1/3493
f 1839/1/3493 1833/1/3474 1832/1/3473
f 1850/1/3494 1851/1/3495 1852/1/3496
f 1852/1/3496 1853/1/3497 1850/1/3494
f 1854/1/3498 1855/1/3499 1851/1/3495
f 1851/1/3495 1850/1/3494 1854/1/3498
s 836
f 1851/1/3500 1856/1/3501 1857/1/3502
f 1857/1/3502 1852/1/3503 1851/1/3500
f 1851/1/3500 1855/1/3504 1858/1/3505
f 1858/1/3505 1856/1/3501 1851/1/3500
s 1231
f 1859/1/3028 1860/1/3028 1861/1/3506
f 1861/1/3506 1853/1/3028 1859/1/3028
s 1232
f 1850/1/3027 1853/1/3507 1861/1/3507
f 1861/1/3507 1862/1/3027 1850/1/3027
s 1233
f 1850/1/3026 1862/1/3026 1863/1/3026
f 1863/1/3026 1854/1/3026 1850/1/3026
s 1234
f 1839/1/3508 1854/1/3508 1863/1/3508
f 1863/1/3508 1840/1/3025 1839/1/3508
s 835
f 1854/1/3498 1839/1/3493 1849/1/3492
f 1849/1/3492 1855/1/3499 1854/1/3498
s 836
f 1848/1/3490 1858/1/3505 1855/1/3504
f 1855/1/3504 1849/1/3491 1848/1/3490
s 1235
f 1858/1/3023 1848/1/3023 1847/1/3509
f 1847/1/3509 1864/1/3023 1858/1/3023
s 1236
f 1864/1/3021 1865/1/3021 1856/1/3021
f 1856/1/3021 1858/1/3021 1864/1/3021
s 1237
f 1865/1/3020 1866/1/3510 1857/1/3020
f 1857/1/3020 1856/1/3511 1865/1/3020
s 1238
f 1866/1/3018 1867/1/3018 1868/1/3018
f 1868/1/3018 1857/1/3018 1866/1/3018
s 836
f 1852/1/3503 1857/1/3502 1868/1/3512
f 1868/1/3512 1869/1/3513 1852/1/3503
s 835
f 1852/1/3496 1869/1/3514 1859/1/3515
f 1859/1/3515 1853/1/3497 1852/1/3496
f 1870/1/3516 1871/1/3517 1872/1/3518
f 1872/1/3518 1873/1/3519 1870/1/3516
f 1874/1/3520 1875/1/3521 1871/1/3517
f 1871/1/3517 1870/1/3516 1874/1/3520
s 836
f 1871/1/3522 1876/1/3523 1877/1/3524
f 1877/1/3524 1872/1/3525 1871/1/3522
f 1871/1/3522 1875/1/3526 1878/1/3527
f 1878/1/3527 1876/1/3523 1871/1/3522
s 1239
f 1879/1/3058 1880/1/3058 1881/1/3058
f 1881/1/3058 1873/1/3058 1879/1/3058
s 1240
f 1870/1/3057 1873/1/3057 1881/1/3057
f 1881/1/3057 1882/1/3528 1870/1/3057
s 1241
f 1870/1/3055 1882/1/3055 1883/1/3055
f 1883/1/3055 1874/1/3055 1870/1/3055
s 1242
f 1859/1/3054 1874/1/3054 1883/1/3054
f 1883/1/3054 1860/1/3054 1859/1/3054
s 835
f 1874/1/3520 1859/1/3515 1869/1/3514
f 1869/1/3514 1875/1/3521 1874/1/3520
s 836
f 1868/1/3512 1878/1/3527 1875/1/3526
f 1875/1/3526 1869/1/3513 1868/1/3512
s 1243
f 1878/1/3052 1868/1/3052 1867/1/3529
f 1867/1/3529 1884/1/3052 1878/1/3052
s 1244
f 1884/1/3530 1885/1/3531 1876/1/3532
f 1876/1/3532 1878/1/3530 1884/1/3530
s 1245
f 1885/1/3049 1886/1/3533 1877/1/3049
f 1877/1/3049 1876/1/3049 1885/1/3049
s 1246
f 1886/1/3534 1887/1/3046 1888/1/3046
f 1888/1/3046 1877/1/3046 1886/1/3534
s 836
f 1872/1/3525 1877/1/3524 1888/1/3535
f 1888/1/3535 1889/1/3536 1872/1/3525
s 835
f 1872/1/3518 1889/1/3537 1879/1/3538
f 1879/1/3538 1873/1/3519 1872/1/3518
f 1890/1/3539 1891/1/3540 1892/1/3541
f 1892/1/3541 1893/1/3542 1890/1/3539
f 1894/1/3543 1895/1/3544 1891/1/3540
f 1891/1/3540 1890/1/3539 1894/1/3543
s 836
f 1891/1/3545 1896/1/3546 1897/1/3547
f 1897/1/3547 1892/1/3548 1891/1/3545
f 1891/1/3545 1895/1/3549 1898/1/3550
f 1898/1/3550 1896/1/3546 1891/1/3545
s 1247
f 1899/1/3093 1900/1/3093 1901/1/3093
f 1901/1/3093 1893/1/3093 1899/1/3093
s 1248
f 1890/1/3551 1893/1/3551 1901/1/3551
f 1901/1/3551 1902/1/3090 1890/1/3551
s 1249
f 1890/1/3088 1902/1/3088 1903/1/3088
f 1903/1/3088 1894/1/3088 1890/1/3088
s 1250
f 1879/1/3087 1894/1/3087 1903/1/3552
f 1903/1/3552 1880/1/3087 1879/1/3087
s 835
f 1894/1/3543 1879/1/3538 1889/1/3537
f 1889/1/3537 1895/1/3544 1894/1/3543
s 836
f 1888/1/3535 1898/1/3550 1895/1/3549
f 1895/1/3549 1889/1/3536 1888/1/3535
s 1251
f 1898/1/3086 1888/1/3086 1887/1/3086
f 1887/1/3086 1904/1/3084 1898/1/3086
s 1252
f 1904/1/3081 1905/1/3081 1896/1/3081
f 1896/1/3081 1898/1/3081 1904/1/3081
s 1253
f 1905/1/3079 1906/1/3079 1897/1/3553
f 1897/1/3553 1896/1/3079 1905/1/3079
s 1254
f 1906/1/3077 1907/1/3077 1908/1/3554
f 1908/1/3554 1897/1/3555 1906/1/3077
s 836
f 1892/1/3548 1897/1/3547 1908/1/3556
f 1908/1/3556 1909/1/3557 1892/1/3548
s 835
f 1892/1/3541 1909/1/3558 1899/1/3559
f 1899/1/3559 1893/1/3542 1892/1/3541
f 1910/1/3560 1911/1/3561 1912/1/3562
f 1912/1/3562 1913/1/3563 1910/1/3560
f 1914/1/3564 1915/1/3565 1911/1/3561
f 1911/1/3561 1910/1/3560 1914/1/3564
s 836
f 1911/1/3566 1916/1/3567 1917/1/3568
f 1917/1/3568 1912/1/3569 1911/1/3566
f 1911/1/3566 1915/1/3570 1918/1/3571
f 1918/1/3571 1916/1/3567 1911/1/3566
s 1255
f 1919/1/3572 1920/1/3573 1921/1/3572
f 1921/1/3572 1913/1/3120 1919/1/3572
s 1256
f 1910/1/3119 1913/1/3119 1921/1/3118
f 1921/1/3118 1922/1/3119 1910/1/3119
s 1257
f 1910/1/3117 1922/1/3117 1923/1/3117
f 1923/1/3117 1914/1/3117 1910/1/3117
s 1258
f 1899/1/3574 1914/1/3574 1923/1/3575
f 1923/1/3575 1900/1/3116 1899/1/3574
s 835
f 1914/1/3564 1899/1/3559 1909/1/3558
f 1909/1/3558 1915/1/3565 1914/1/3564
s 836
f 1908/1/3556 1918/1/3571 1915/1/3570
f 1915/1/3570 1909/1/3557 1908/1/3556
s 1259
f 1918/1/3115 1908/1/3115 1907/1/3115
f 1907/1/3115 1924/1/3115 1918/1/3115
s 1260
f 1924/1/3113 1925/1/3113 1916/1/3113
f 1916/1/3113 1918/1/3113 1924/1/3113
s 1261
f 1925/1/3112 1926/1/3112 1917/1/3112
f 1917/1/3112 1916/1/3112 1925/1/3112
s 1262
f 1926/1/3576 1927/1/3576 1928/1/3576
f 1928/1/3576 1917/1/3576 1926/1/3576
s 836
f 1912/1/3569 1917/1/3568 1928/1/3577
f 1928/1/3577 1929/1/3578 1912/1/3569
s 835
f 1912/1/3562 1929/1/3579 1919/1/3580
f 1919/1/3580 1913/1/3563 1912/1/3562
f 1930/1/3581 1931/1/3582 1932/1/3583
f 1932/1/3583 1933/1/3584 1930/1/3581
f 1934/1/3585 1935/1/3586 1931/1/3582
f 1931/1/3582 1930/1/3581 1934/1/3585
s 836
f 1931/1/3587 1936/1/3588 1937/1/3589
f 1937/1/3589 1932/1/3590 1931/1/3587
f 1931/1/3587 1935/1/3591 1938/1/3592
f 1938/1/3592 1936/1/3588 1931/1/3587
s 1263
f 1939/1/3154 1940/1/3154 1941/1/3154
f 1941/1/3154 1933/1/3154 1939/1/3154
s 1264
f 1930/1/3153 1933/1/3153 1941/1/3153
f 1941/1/3153 1942/1/3153 1930/1/3153
s 1265
f 1930/1/3593 1942/1/3594 1943/1/3595
f 1943/1/3595 1934/1/3151 1930/1/3593
s 1266
f 1919/1/3148 1934/1/3596 1943/1/3148
f 1943/1/3148 1920/1/3148 1919/1/3148
s 835
f 1934/1/3585 1919/1/3580 1929/1/3579
f 1929/1/3579 1935/1/3586 1934/1/3585
s 836
f 1928/1/3577 1938/1/3592 1935/1/3591
f 1935/1/3591 1929/1/3578 1928/1/3577
s 1267
f 1938/1/3145 1928/1/3145 1927/1/3597
f 1927/1/3597 1944/1/3145 1938/1/3145
s 1268
f 1944/1/3143 1945/1/3143 1936/1/3143
f 1936/1/3143 1938/1/3143 1944/1/3143
s 1269
f 1945/1/3141 1946/1/3141 1937/1/3141
f 1937/1/3141 1936/1/3141 1945/1/3141
s 1270
f 1946/1/3598 1947/1/3598 1948/1/3598
f 1948/1/3598 1937/1/3598 1946/1/3598
s 836
f 1932/1/3590 1937/1/3589 1948/1/3599
f 1948/1/3599 1949/1/3600 1932/1/3590
s 835
f 1932/1/3583 1949/1/3601 1939/1/3602
f 1939/1/3602 1933/1/3584 1932/1/3583
f 1950/1/3603 1951/1/3604 1952/1/3605
f 1952/1/3605 1953/1/3606 1950/1/3603
f 1954/1/3607 1955/1/3608 1951/1/3604
f 1951/1/3604 1950/1/3603 1954/1/3607
s 836
f 1951/1/3609 1956/1/3610 1957/1/3611
f 1957/1/3611 1952/1/3612 1951/1/3609
f 1951/1/3609 1955/1/3613 1958/1/3614
f 1958/1/3614 1956/1/3610 1951/1/3609
s 1271
f 1959/1/3615 1960/1/3616 1961/1/3615
f 1961/1/3615 1953/1/3189 1959/1/3615
s 1272
f 1950/1/3187 1953/1/3186 1961/1/3186
f 1961/1/3186 1962/1/3187 1950/1/3187
s 1273
f 1950/1/3182 1962/1/3185 1963/1/3182
f 1963/1/3182 1954/1/3184 1950/1/3182
s 1274
f 1939/1/3181 1954/1/3181 1963/1/3617
f 1963/1/3617 1940/1/3618 1939/1/3181
s 835
f 1954/1/3607 1939/1/3602 1949/1/3601
f 1949/1/3601 1955/1/3608 1954/1/3607
s 836
f 1948/1/3599 1958/1/3614 1955/1/3613
f 1955/1/3613 1949/1/3600 1948/1/3599
s 1275
f 1958/1/3619 1948/1/3180 1947/1/3180
f 1947/1/3180 1964/1/3619 1958/1/3619
s 1276
f 1964/1/3176 1965/1/3176 1956/1/3176
f 1956/1/3176 1958/1/3176 1964/1/3176
s 1277
f 1965/1/3175 1966/1/3175 1957/1/3620
f 1957/1/3620 1956/1/3175 1965/1/3175
s 1278
f 1966/1/3172 1967/1/3172 1968/1/3172
f 1968/1/3172 1957/1/3172 1966/1/3172
s 836
f 1952/1/3612 1957/1/3611 1968/1/3621
f 1968/1/3621 1969/1/3622 1952/1/3612
s 835
f 1952/1/3605 1969/1/3623 1959/1/3624
f 1959/1/3624 1953/1/3606 1952/1/3605
f 1970/1/3625 1971/1/3626 1972/1/3627
f 1972/1/3627 1973/1/3628 1970/1/3625
f 1974/1/3629 1975/1/3630 1971/1/3626
f 1971/1/3626 1970/1/3625 1974/1/3629
s 836
f 1971/1/3631 1976/1/3632 1977/1/3633
f 1977/1/3633 1972/1/3634 1971/1/3631
f 1971/1/3631 1975/1/3635 1978/1/3636
f 1978/1/3636 1976/1/3632 1971/1/3631
s 1279
f 1979/1/3218 1980/1/3218 1981/1/3218
f 1981/1/3218 1973/1/3218 1979/1/3218
s 1280
f 1970/1/3216 1973/1/3216 1981/1/3637
f 1981/1/3637 1982/1/3637 1970/1/3216
s 1281
f 1970/1/3215 1982/1/3215 1983/1/3215
f 1983/1/3215 1974/1/3215 1970/1/3215
s 1282
f 1959/1/3638 1974/1/3639 1983/1/3638
f 1983/1/3638 1960/1/3638 1959/1/3638
s 835
f 1974/1/3629 1959/1/3624 1969/1/3623
f 1969/1/3623 1975/1/3630 1974/1/3629
s 836
f 1968/1/3621 1978/1/3636 1975/1/3635
f 1975/1/3635 1969/1/3622 1968/1/3621
s 1283
f 1978/1/3640 1968/1/3210 1967/1/3640
f 1967/1/3640 1984/1/3641 1978/1/3640
s 1284
f 1984/1/3209 1985/1/3209 1976/1/3209
f 1976/1/3209 1978/1/3209 1984/1/3209
s 1285
f 1985/1/3208 1986/1/3208 1977/1/3208
f 1977/1/3208 1976/1/3208 1985/1/3208
s 1286
f 1986/1/3207 1987/1/3207 1988/1/3207
f 1988/1/3207 1977/1/3207 1986/1/3207
s 836
f 1972/1/3634 1977/1/3633 1988/1/3642
f 1988/1/3642 1989/1/3643 1972/1/3634
s 835
f 1972/1/3627 1989/1/3644 1979/1/3645
f 1979/1/3645 1973/1/3628 1972/1/3627
f 1990/1/3646 1991/1/3647 1992/1/3648
f 1992/1/3648 1993/1/3649 1990/1/3646
f 1994/1/3650 1995/1/3651 1991/1/3647
f 1991/1/3647 1990/1/3646 1994/1/3650
s 836
f 1991/1/3652 1996/1/3653 1997/1/3654
f 1997/1/3654 1992/1/3655 1991/1/3652
f 1991/1/3652 1995/1/3656 1998/1/3657
f 1998/1/3657 1996/1/3653 1991/1/3652
s 1287
f 1999/1/3248 2000/1/3248 2001/1/3248
f 2001/1/3248 1993/1/3248 1999/1/3248
s 1288
f 1990/1/3246 1993/1/3247 2001/1/3246
f 2001/1/3246 2002/1/3246 1990/1/3246
s 1289
f 1990/1/3658 2002/1/3658 2003/1/3658
f 2003/1/3658 1994/1/3245 1990/1/3658
s 1290
f 1979/1/3242 1994/1/3242 2003/1/3242
f 2003/1/3242 1980/1/3242 1979/1/3242
s 835
f 1994/1/3650 1979/1/3645 1989/1/3644
f 1989/1/3644 1995/1/3651 1994/1/3650
s 836
f 1988/1/3642 1998/1/3657 1995/1/3656
f 1995/1/3656 1989/1/3643 1988/1/3642
s 1291
f 1998/1/3241 1988/1/3241 1987/1/3241
f 1987/1/3241 2004/1/3241 1998/1/3241
s 1292
f 2004/1/3240 2005/1/3240 1996/1/3240
f 1996/1/3240 1998/1/3240 2004/1/3240
s 1293
f 2005/1/3239 2006/1/3239 1997/1/3239
f 1997/1/3239 1996/1/3239 2005/1/3239
s 1294
f 2006/1/3237 2007/1/3659 2008/1/3237
f 2008/1/3237 1997/1/3237 2006/1/3237
s 836
f 1992/1/3655 1997/1/3654 2008/1/3660
f 2008/1/3660 2009/1/3661 1992/1/3655
s 835
f 1992/1/3648 2009/1/3662 1999/1/3663
f 1999/1/3663 1993/1/3649 1992/1/3648
f 2010/1/3664 2011/1/3665 2012/1/3666
f 2012/1/3666 2013/1/3666 2010/1/3664
f 2014/1/3667 2015/1/3668 2011/1/3665
f 2011/1/3665 2010/1/3664 2014/1/3667
s 836
f 2011/1/3669 2016/1/3670 2017/1/3671
f 2017/1/3671 2012/1/3672 2011/1/3669
f 2011/1/3669 2015/1/3673 2018/1/3674
f 2018/1/3674 2016/1/3670 2011/1/3669
s 1295
f 2019/1/3277 2020/1/3675 2021/1/3676
f 2021/1/3676 2013/1/3277 2019/1/3277
s 1296
f 2010/1/3677 2013/1/3678 2021/1/3677
f 2021/1/3677 2022/1/3677 2010/1/3677
s 1297
f 2010/1/3275 2022/1/3275 2023/1/3679
f 2023/1/3679 2014/1/3679 2010/1/3275
s 1298
f 1999/1/3680 2014/1/3273 2023/1/3680
f 2023/1/3680 2000/1/3681 1999/1/3680
s 835
f 2014/1/3667 1999/1/3663 2009/1/3662
f 2009/1/3662 2015/1/3668 2014/1/3667
s 836
f 2008/1/3660 2018/1/3674 2015/1/3673
f 2015/1/3673 2009/1/3661 2008/1/3660
s 1299
f 2018/1/3271 2008/1/3271 2007/1/3271
f 2007/1/3271 2024/1/3271 2018/1/3271
s 1300
f 2024/1/3270 2025/1/3270 2016/1/3270
f 2016/1/3270 2018/1/3270 2024/1/3270
s 1301
f 2025/1/3269 2026/1/3269 2017/1/3269
f 2017/1/3269 2016/1/3269 2025/1/3269
s 1302
f 2026/1/3682 2027/1/3682 2028/1/3682
f 2028/1/3682 2017/1/3267 2026/1/3682
s 836
f 2012/1/3672 2017/1/3671 2028/1/3683
f 2028/1/3683 2029/1/3684 2012/1/3672
s 835
f 2012/1/3666 2029/1/3685 2019/1/3686
f 2019/1/3686 2013/1/3666 2012/1/3666
f 2030/1/3687 2031/1/3688 2032/1/3689
f 2032/1/3689 2033/1/3690 2030/1/3687
f 2034/1/3691 2035/1/3692 2031/1/3688
f 2031/1/3688 2030/1/3687 2034/1/3691
s 836
f 2031/1/3693 2036/1/3694 2037/1/3695
f 2037/1/3695 2032/1/3696 2031/1/3693
f 2031/1/3693 2035/1/3697 2038/1/3698
f 2038/1/3698 2036/1/3694 2031/1/3693
s 1303
f 2039/1/3699 2040/1/3700 2041/1/3700
f 2041/1/3700 2033/1/3700 2039/1/3699
s 1304
f 2030/1/3701 2033/1/3702 2041/1/3703
f 2041/1/3703 2042/1/3704 2030/1/3701
s 1305
f 2030/1/3303 2042/1/3303 2043/1/3303
f 2043/1/3303 2034/1/3303 2030/1/3303
s 1306
f 2019/1/3301 2034/1/3301 2043/1/3301
f 2043/1/3301 2020/1/3301 2019/1/3301
s 835
f 2034/1/3691 2019/1/3686 2029/1/3685
f 2029/1/3685 2035/1/3692 2034/1/3691
s 836
f 2028/1/3683 2038/1/3698 2035/1/3697
f 2035/1/3697 2029/1/3684 2028/1/3683
s 1307
f 2038/1/3299 2028/1/3299 2027/1/3299
f 2027/1/3299 2044/1/3299 2038/1/3299
s 1308
f 2044/1/3297 2045/1/3297 2036/1/3297
f 2036/1/3297 2038/1/3297 2044/1/3297
s 1309
f 2045/1/3295 2046/1/3295 2037/1/3296
f 2037/1/3296 2036/1/3296 2045/1/3295
s 1310
f 2046/1/3705 2047/1/3705 2048/1/3294
f 2048/1/3294 2037/1/3294 2046/1/3705
s 836
f 2032/1/3696 2037/1/3695 2048/1/3706
f 2048/1/3706 2049/1/3707 2032/1/3696
s 835
f 2032/1/3689 2049/1/3708 2039/1/3709
f 2039/1/3709 2033/1/3690 2032/1/3689
f 2050/1/3710 2051/1/3711 2052/1/3712
f 2052/1/3712 2053/1/3713 2050/1/3710
f 2054/1/3714 2055/1/3715 2051/1/3711
f 2051/1/3711 2050/1/3710 2054/1/3714
s 836
f 2051/1/3716 2056/1/3717 2057/1/3718
f 2057/1/3718 2052/1/3719 2051/1/3716
f 2051/1/3716 2055/1/3720 2058/1/3721
f 2058/1/3721 2056/1/3717 2051/1/3716
s 1311
f 2059/1/3722 2060/1/3335 2061/1/3723
f 2061/1/3723 2053/1/3722 2059/1/3722
s 1312
f 2050/1/3333 2053/1/3333 2061/1/3333
f 2061/1/3333 2062/1/3333 2050/1/3333
s 1313
f 2050/1/3724 2062/1/3331 2063/1/3725
f 2063/1/3725 2054/1/3331 2050/1/3724
s 1314
f 2039/1/3330 2054/1/3330 2063/1/3330
f 2063/1/3330 2040/1/3330 2039/1/3330
s 835
f 2054/1/3714 2039/1/3709 2049/1/3708
f 2049/1/3708 2055/1/3715 2054/1/3714
s 836
f 2048/1/3706 2058/1/3721 2055/1/3720
f 2055/1/3720 2049/1/3707 2048/1/3706
s 1315
f 2058/1/3328 2048/1/3328 2047/1/3328
f 2047/1/3328 2064/1/3328 2058/1/3328
s 1316
f 2064/1/3726 2065/1/3327 2056/1/3327
f 2056/1/3327 2058/1/3327 2064/1/3726
s 1317
f 2065/1/3326 2066/1/3326 2057/1/3326
f 2057/1/3326 2056/1/3326 2065/1/3326
s 1318
f 2066/1/3727 2067/1/3727 2068/1/3727
f 2068/1/3727 2057/1/3325 2066/1/3727
s 836
f 2052/1/3719 2057/1/3718 2068/1/3728
f 2068/1/3728 2069/1/3729 2052/1/3719
s 835
f 2052/1/3712 2069/1/3730 2059/1/3731
f 2059/1/3731 2053/1/3713 2052/1/3712
f 2070/1/3732 2071/1/3733 2072/1/3734
f 2072/1/3734 2073/1/3735 2070/1/3732
f 2074/1/3736 2075/1/3737 2071/1/3733
f 2071/1/3733 2070/1/3732 2074/1/3736
s 836
f 2071/1/3738 2076/1/3739 2077/1/3740
f 2077/1/3740 2072/1/3741 2071/1/3738
f 2071/1/3738 2075/1/3742 2078/1/3743
f 2078/1/3743 2076/1/3739 2071/1/3738
s 1319
f 2079/1/3370 2080/1/3370 2081/1/3744
f 2081/1/3744 2073/1/3370 2079/1/3370
s 1320
f 2070/1/3369 2073/1/3369 2081/1/3369
f 2081/1/3369 2082/1/3369 2070/1/3369
s 1321
f 2070/1/3368 2082/1/3368 2083/1/3368
f 2083/1/3368 2074/1/3368 2070/1/3368
s 1322
f 2059/1/3365 2074/1/3365 2083/1/3365
f 2083/1/3365 2060/1/3365 2059/1/3365
s 835
f 2074/1/3736 2059/1/3731 2069/1/3730
f 2069/1/3730 2075/1/3737 2074/1/3736
s 836
f 2068/1/3728 2078/1/3743 2075/1/3742
f 2075/1/3742 2069/1/3729 2068/1/3728
s 1323
f 2078/1/3363 2068/1/3363 2067/1/3363
f 2067/1/3363 2084/1/3363 2078/1/3363
s 1324
f 2084/1/3362 2085/1/3362 2076/1/3362
f 2076/1/3362 2078/1/3362 2084/1/3362
s 1325
f 2085/1/3745 2086/1/3746 2077/1/3356
f 2077/1/3356 2076/1/3356 2085/1/3745
s 1326
f 2086/1/3353 2087/1/3353 2088/1/3353
f 2088/1/3353 2077/1/3353 2086/1/3353
s 836
f 2072/1/3741 2077/1/3740 2088/1/3747
f 2088/1/3747 2089/1/3748 2072/1/3741
s 835
f 2072/1/3734 2089/1/3749 2079/1/3750
f 2079/1/3750 2073/1/3735 2072/1/3734
f 2090/1/3751 2091/1/3752 2092/1/3753
f 2092/1/3753 2093/1/3754 2090/1/3751
f 2094/1/3755 2095/1/3756 2091/1/3752
f 2091/1/3752 2090/1/3751 2094/1/3755
s 836
f 2091/1/3757 2096/1/3758 2097/1/3759
f 2097/1/3759 2092/1/3760 2091/1/3757
f 2091/1/3757 2095/1/3761 2098/1/3762
f 2098/1/3762 2096/1/3758 2091/1/3757
s 1327
f 2099/1/3404 2100/1/3404 2101/1/3404
f 2101/1/3404 2093/1/3404 2099/1/3404
s 1328
f 2090/1/3403 2093/1/3403 2101/1/3403
f 2101/1/3403 2102/1/3403 2090/1/3403
s 1329
f 2090/1/3402 2102/1/3763 2103/1/3402
f 2103/1/3402 2094/1/3402 2090/1/3402
s 1330
f 2079/1/3401 2094/1/3401 2103/1/3401
f 2103/1/3401 2080/1/3401 2079/1/3401
s 835
f 2094/1/3755 2079/1/3750 2089/1/3749
f 2089/1/3749 2095/1/3756 2094/1/3755
s 836
f 2088/1/3747 2098/1/3762 2095/1/3761
f 2095/1/3761 2089/1/3748 2088/1/3747
s 1331
f 2098/1/3396 2088/1/3396 2087/1/3396
f 2087/1/3396 2104/1/3396 2098/1/3396
s 1332
f 2104/1/3764 2105/1/3765 2096/1/3764
f 2096/1/3764 2098/1/3766 2104/1/3764
s 1333
f 2105/1/3767 2106/1/3391 2097/1/3391
f 2097/1/3391 2096/1/3392 2105/1/3767
s 1334
f 2106/1/3387 2107/1/3387 2108/1/3768
f 2108/1/3768 2097/1/3387 2106/1/3387
s 836
f 2092/1/3760 2097/1/3759 2108/1/3769
f 2108/1/3769 2109/1/3770 2092/1/3760
s 835
f 2092/1/3753 2109/1/3771 2099/1/3772
f 2099/1/3772 2093/1/3754 2092/1/3753
f 2110/1/3773 2111/1/3774 2112/1/3775
f 2112/1/3775 2113/1/3776 2110/1/3773
f 2114/1/3777 2115/1/3778 2111/1/3774
f 2111/1/3774 2110/1/3773 2114/1/3777
s 836
f 2111/1/3779 2116/1/3780 2117/1/3781
f 2117/1/3781 2112/1/3782 2111/1/3779
f 2111/1/3779 2115/1/3783 2118/1/3784
f 2118/1/3784 2116/1/3780 2111/1/3779
s 1335
f 2119/1/3433 2120/1/3433 2121/1/3435
f 2121/1/3435 2113/1/3433 2119/1/3433
s 1336
f 2110/1/3432 2113/1/3432 2121/1/3432
f 2121/1/3432 2122/1/3432 2110/1/3432
s 1337
f 2110/1/3431 2122/1/3431 2123/1/3431
f 2123/1/3431 2114/1/3431 2110/1/3431
s 1338
f 2099/1/3429 2114/1/3429 2123/1/3785
f 2123/1/3785 2100/1/3429 2099/1/3429
s 835
f 2114/1/3777 2099/1/3772 2109/1/3771
f 2109/1/3771 2115/1/3778 2114/1/3777
s 836
f 2108/1/3769 2118/1/3784 2115/1/3783
f 2115/1/3783 2109/1/3770 2108/1/3769
s 1339
f 2118/1/3427 2108/1/3427 2107/1/3427
f 2107/1/3427 2124/1/3427 2118/1/3427
s 1340
f 2124/1/3425 2125/1/3786 2116/1/3787
f 2116/1/3787 2118/1/3787 2124/1/3425
s 1341
f 2125/1/3424 2126/1/3424 2117/1/3424
f 2117/1/3424 2116/1/3424 2125/1/3424
s 1342
f 2126/1/3422 2127/1/3422 2128/1/3422
f 2128/1/3422 2117/1/3422 2126/1/3422
s 836
f 2112/1/3782 2117/1/3781 2128/1/3788
f 2128/1/3788 2129/1/3789 2112/1/3782
s 835
f 2112/1/3775 2129/1/3790 2119/1/3791
f 2119/1/3791 2113/1/3776 2112/1/3775
f 2130/1/3792 2131/1/3793 2132/1/3794
f 2132/1/3794 2133/1/3795 2130/1/3792
f 2134/1/3796 2135/1/3797 2131/1/3793
f 2131/1/3793 2130/1/3792 2134/1/3796
s 836
f 2131/1/3798 2136/1/3799 2137/1/3800
f 2137/1/3800 2132/1/3801 2131/1/3798
f 2131/1/3798 2135/1/3802 2138/1/3803
f 2138/1/3803 2136/1/3799 2131/1/3798
s 1343
f 880/1/3466 879/1/3466 2139/1/3466
f 2139/1/3466 2133/1/3466 880/1/3466
s 1344
f 2130/1/3462 2133/1/3462 2139/1/3462
f 2139/1/3462 2140/1/3462 2130/1/3462
s 1345
f 2130/1/3804 2140/1/3461 2141/1/3460
f 2141/1/3460 2134/1/3805 2130/1/3804
s 1346
f 2119/1/3806 2134/1/3806 2141/1/3806
f 2141/1/3806 2120/1/3806 2119/1/3806
s 835
f 2134/1/3796 2119/1/3791 2129/1/3790
f 2129/1/3790 2135/1/3797 2134/1/3796
s 836
f 2128/1/3788 2138/1/3803 2135/1/3802
f 2135/1/3802 2129/1/3789 2128/1/3788
s 1347
f 2138/1/3456 2128/1/3456 2127/1/3456
f 2127/1/3456 2142/1/3456 2138/1/3456
s 1348
f 2142/1/3455 2143/1/3455 2136/1/3807
f 2136/1/3807 2138/1/3455 2142/1/3455
s 1349
f 2143/1/3454 2144/1/3454 2137/1/3454
f 2137/1/3454 2136/1/3454 2143/1/3454
s 1350
f 882/1/3808 2137/1/3808 2144/1/3808
f 2144/1/3808 884/1/3452 882/1/3808
s 836
f 2137/1/3800 882/1/2166 881/1/2165
f 881/1/2165 2132/1/3801 2137/1/3800
s 835
f 2132/1/3794 881/1/2163 880/1/2164
f 880/1/2164 2133/1/3795 2132/1/3794
s 1351
f 2145/1/3809 2146/1/3809 2147/1/3809
f 2147/1/3809 2148/1/3809 2145/1/3809
s 1352
f 2149/1/3810 2150/1/3810 2146/1/3810
f 2146/1/3810 2145/1/3810 2149/1/3810
s 1353
f 2146/1/3811 2151/1/3812 2152/1/3811
f 2152/1/3811 2147/1/3813 2146/1/3811
s 1354
f 2153/1/3814 2151/1/3815 2146/1/3814
f 2146/1/3814 2150/1/3814 2153/1/3814
s 1355
f 2154/1/3816 1390/1/3817 1412/1/3817
f 1412/1/3817 2148/1/3818 2154/1/3816
s 1356
f 2148/1/3819 1412/1/3820 1411/1/3820
f 1411/1/3820 2145/1/3820 2148/1/3819
s 1357
f 2149/1/3821 2145/1/3821 1411/1/3821
f 1411/1/3821 1409/1/3821 2149/1/3821
s 1358
f 2149/1/3822 1409/1/3822 1410/1/3822
f 1410/1/3822 2155/1/3822 2149/1/3822
s 1359
f 2149/1/3823 2155/1/3823 2156/1/3823
f 2156/1/3823 2150/1/3823 2149/1/3823
s 1360
f 2157/1/3824 2153/1/3825 2150/1/3826
f 2150/1/3826 2156/1/3827 2157/1/3824
s 1361
f 2153/1/3828 2157/1/3829 2027/1/3828
f 2027/1/3828 2026/1/3828 2153/1/3828
s 1362
f 2153/1/3830 2026/1/3830 2025/1/3830
f 2025/1/3830 2151/1/3830 2153/1/3830
s 1363
f 2025/1/3831 2024/1/3832 2152/1/3832
f 2152/1/3832 2151/1/3832 2025/1/3831
s 1364
f 2024/1/3833 2007/1/3833 2158/1/3833
f 2158/1/3833 2152/1/3833 2024/1/3833
s 1365
f 2147/1/3834 2152/1/3834 2158/1/3834
f 2158/1/3834 2159/1/3834 2147/1/3834
s 1366
f 2147/1/3835 2159/1/3835 2154/1/3835
f 2154/1/3835 2148/1/3836 2147/1/3835
s 1367
f 2160/1/3837 2161/1/3837 2162/1/3837
f 2162/1/3837 2163/1/3837 2160/1/3837
s 1368
f 2164/1/3838 2165/1/3838 2161/1/3838
f 2161/1/3838 2160/1/3838 2164/1/3838
s 1369
f 2161/1/3839 2166/1/3839 2167/1/3839
f 2167/1/3839 2162/1/3839 2161/1/3839
s 1370
f 2165/1/3840 2168/1/3840 2166/1/3840
f 2166/1/3840 2161/1/3840 2165/1/3840
s 1371
f 913/1/3841 1524/1/3842 2163/1/3843
f 2163/1/3843 2169/1/3844 913/1/3841
s 1372
f 1529/1/3845 2160/1/3845 2163/1/3845
f 2163/1/3845 1524/1/3845 1529/1/3845
s 1373
f 1529/1/3846 1528/1/3846 2164/1/3846
f 2164/1/3846 2160/1/3846 1529/1/3846
s 1374
f 1528/1/3847 1505/1/3847 2170/1/3847
f 2170/1/3847 2164/1/3847 1528/1/3847
s 1375
f 2164/1/3848 2170/1/3848 2171/1/3848
f 2171/1/3848 2165/1/3848 2164/1/3848
s 1376
f 2172/1/3849 2168/1/3849 2165/1/3849
f 2165/1/3849 2171/1/3849 2172/1/3849
s 1377
f 2168/1/3850 2172/1/3851 2120/1/3851
f 2120/1/3851 2141/1/3851 2168/1/3850
s 1378
f 2168/1/3852 2141/1/3852 2140/1/3853
f 2140/1/3853 2166/1/3852 2168/1/3852
s 1379
f 2166/1/3854 2140/1/3854 2139/1/3855
f 2139/1/3855 2167/1/3855 2166/1/3854
s 1380
f 2139/1/3856 879/1/3857 2173/1/3857
f 2173/1/3857 2167/1/3858 2139/1/3856
s 1381
f 2167/1/3859 2173/1/3859 2174/1/3859
f 2174/1/3859 2162/1/3859 2167/1/3859
s 1382
f 2162/1/3860 2174/1/3861 2169/1/3861
f 2169/1/3861 2163/1/3861 2162/1/3860
s 1383
f 2175/1/3862 2176/1/3863 2177/1/3864
f 2177/1/3864 2178/1/3865 2175/1/3862
s 1384
f 2179/1/3866 2180/1/3867 2176/1/3866
f 2176/1/3866 2175/1/3868 2179/1/3866
s 1385
f 2176/1/3869 2181/1/3869 2182/1/3869
f 2182/1/3869 2177/1/3870 2176/1/3869
s 1386
f 2176/1/3871 2180/1/3871 2183/1/3872
f 2183/1/3872 2181/1/3871 2176/1/3871
s 1387
f 2178/1/3873 2184/1/3873 1005/1/3874
f 1005/1/3874 1004/1/3873 2178/1/3873
s 1388
f 2178/1/3875 1004/1/3875 1014/1/3875
f 1014/1/3875 2175/1/3875 2178/1/3875
s 1389
f 2179/1/3876 2175/1/3876 1014/1/3876
f 1014/1/3876 1013/1/3876 2179/1/3876
s 1390
f 1013/1/3877 985/1/3878 2185/1/3879
f 2185/1/3879 2179/1/3880 1013/1/3877
s 1391
f 2179/1/3881 2185/1/3881 2186/1/3881
f 2186/1/3881 2180/1/3882 2179/1/3881
s 1392
f 2187/1/3883 2183/1/3883 2180/1/3883
f 2180/1/3883 2186/1/3883 2187/1/3883
s 1393
f 1600/1/3884 1623/1/3884 2183/1/3884
f 2183/1/3884 2187/1/3884 1600/1/3884
s 1394
f 2183/1/3885 1623/1/3885 1622/1/3885
f 1622/1/3885 2181/1/3885 2183/1/3885
s 1395
f 1622/1/3886 1621/1/3886 2182/1/3886
f 2182/1/3886 2181/1/3886 1622/1/3886
s 1396
f 1621/1/3887 1620/1/3888 2188/1/3888
f 2188/1/3888 2182/1/3888 1621/1/3887
s 1397
f 2189/1/3889 2177/1/3889 2182/1/3889
f 2182/1/3889 2188/1/3889 2189/1/3889
s 1398
f 2177/1/3890 2189/1/3891 2184/1/3891
f 2184/1/3891 2178/1/3891 2177/1/3890
s 1399
f 2190/1/3892 2191/1/3893 2192/1/3894
f 2192/1/3894 2193/1/3895 2190/1/3892
s 1400
f 2194/1/3896 2195/1/3896 2191/1/3896
f 2191/1/3896 2190/1/3896 2194/1/3896
s 1401
f 2191/1/3897 2196/1/3898 2197/1/3897
f 2197/1/3897 2192/1/3897 2191/1/3897
s 1402
f 2198/1/3899 2196/1/3900 2191/1/3900
f 2191/1/3900 2195/1/3900 2198/1/3899
s 1403
f 2193/1/3901 2155/1/3901 1410/1/3901
f 1410/1/3901 1432/1/3901 2193/1/3901
s 1404
f 2193/1/3902 1432/1/3902 1431/1/3902
f 1431/1/3902 2190/1/3902 2193/1/3902
s 1405
f 2194/1/3903 2190/1/3903 1431/1/3903
f 1431/1/3903 1429/1/3903 2194/1/3903
s 1406
f 2199/1/3904 2194/1/3904 1429/1/3904
f 1429/1/3904 1430/1/3904 2199/1/3904
s 1407
f 2199/1/3905 2200/1/3905 2195/1/3905
f 2195/1/3905 2194/1/3905 2199/1/3905
s 1408
f 2201/1/3906 2198/1/3906 2195/1/3907
f 2195/1/3907 2200/1/3906 2201/1/3906
s 1409
f 2198/1/3908 2201/1/3909 2047/1/3909
f 2047/1/3909 2046/1/3909 2198/1/3908
s 1410
f 2198/1/3910 2046/1/3910 2045/1/3910
f 2045/1/3910 2196/1/3910 2198/1/3910
s 1411
f 2045/1/3911 2044/1/3911 2197/1/3911
f 2197/1/3911 2196/1/3911 2045/1/3911
s 1412
f 2027/1/3912 2157/1/3913 2197/1/3912
f 2197/1/3912 2044/1/3912 2027/1/3912
s 1413
f 2192/1/3914 2197/1/3914 2157/1/3914
f 2157/1/3914 2156/1/3914 2192/1/3914
s 1414
f 2193/1/3915 2192/1/3915 2156/1/3915
f 2156/1/3915 2155/1/3915 2193/1/3915
s 1415
f 2202/1/3916 2203/1/3916 2204/1/3916
f 2204/1/3916 2205/1/3916 2202/1/3916
s 1416
f 2206/1/3917 2207/1/3917 2203/1/3917
f 2203/1/3917 2202/1/3917 2206/1/3917
s 1417
f 2203/1/3918 2208/1/3918 2209/1/3918
f 2209/1/3918 2204/1/3918 2203/1/3918
s 1418
f 2207/1/3919 2210/1/3919 2208/1/3919
f 2208/1/3919 2203/1/3919 2207/1/3919
s 1419
f 2211/1/3920 909/1/3920 907/1/3920
f 907/1/3920 2205/1/3920 2211/1/3920
s 1420
f 906/1/3921 2202/1/3921 2205/1/3921
f 2205/1/3921 907/1/3921 906/1/3921
s 1421
f 905/1/3922 2206/1/3923 2202/1/3924
f 2202/1/3924 906/1/3924 905/1/3922
s 1422
f 2212/1/3925 2206/1/3925 905/1/3925
f 905/1/3925 904/1/3926 2212/1/3925
s 1423
f 2212/1/3927 2213/1/3927 2207/1/3927
f 2207/1/3927 2206/1/3927 2212/1/3927
s 1424
f 2214/1/3928 2210/1/3928 2207/1/3928
f 2207/1/3928 2213/1/3928 2214/1/3928
s 1425
f 2214/1/3929 887/1/3929 886/1/3929
f 886/1/3929 2210/1/3929 2214/1/3929
s 1426
f 2208/1/3930 2210/1/3930 886/1/3930
f 886/1/3930 885/1/3930 2208/1/3930
s 1427
f 2209/1/3931 2208/1/3932 885/1/3932
f 885/1/3932 883/1/3932 2209/1/3931
s 1428
f 883/1/3933 884/1/3934 2215/1/3934
f 2215/1/3934 2209/1/3934 883/1/3933
s 1429
f 2204/1/3935 2209/1/3935 2215/1/3935
f 2215/1/3935 2216/1/3935 2204/1/3935
s 1430
f 2216/1/3936 2211/1/3936 2205/1/3937
f 2205/1/3937 2204/1/3936 2216/1/3936
s 1431
f 2217/1/3938 2218/1/3938 2219/1/3938
f 2219/1/3938 2220/1/3938 2217/1/3938
s 1432
f 2221/1/3939 2222/1/3940 2218/1/3939
f 2218/1/3939 2217/1/3941 2221/1/3939
s 1433
f 2218/1/3942 2223/1/3942 2224/1/3942
f 2224/1/3942 2219/1/3942 2218/1/3942
s 1434
f 2222/1/3943 2225/1/3944 2223/1/3943
f 2223/1/3943 2218/1/3945 2222/1/3943
s 1435
f 2226/1/3946 1025/1/3946 1024/1/3946
f 1024/1/3946 2220/1/3946 2226/1/3946
s 1436
f 1034/1/3947 2217/1/3947 2220/1/3947
f 2220/1/3947 1024/1/3947 1034/1/3947
s 1437
f 1034/1/3948 1033/1/3948 2221/1/3948
f 2221/1/3948 2217/1/3948 1034/1/3948
s 1438
f 2184/1/3949 2221/1/3950 1033/1/3949
f 1033/1/3949 1005/1/3949 2184/1/3949
s 1439
f 2222/1/3951 2221/1/3951 2184/1/3951
f 2184/1/3951 2189/1/3951 2222/1/3951
s 1440
f 2222/1/3952 2189/1/3952 2188/1/3952
f 2188/1/3952 2225/1/3952 2222/1/3952
s 1441
f 1620/1/3953 1643/1/3953 2225/1/3954
f 2225/1/3954 2188/1/3953 1620/1/3953
s 1442
f 2225/1/3955 1643/1/3956 1642/1/3956
f 1642/1/3956 2223/1/3956 2225/1/3955
s 1443
f 2223/1/3957 1642/1/3957 1641/1/3957
f 1641/1/3957 2224/1/3957 2223/1/3957
s 1444
f 1640/1/3958 2227/1/3958 2224/1/3958
f 2224/1/3958 1641/1/3958 1640/1/3958
s 1445
f 2228/1/3959 2219/1/3960 2224/1/3960
f 2224/1/3960 2227/1/3960 2228/1/3959
s 1446
f 2228/1/3961 2226/1/3961 2220/1/3961
f 2220/1/3961 2219/1/3961 2228/1/3961
s 1447
f 2229/1/3962 2230/1/3963 2231/1/3962
f 2231/1/3962 2232/1/3962 2229/1/3962
s 1448
f 2233/1/3964 2234/1/3964 2230/1/3964
f 2230/1/3964 2229/1/3965 2233/1/3964
s 1449
f 2230/1/3966 2235/1/3966 2236/1/3967
f 2236/1/3967 2231/1/3966 2230/1/3966
s 1450
f 2237/1/3968 2235/1/3968 2230/1/3969
f 2230/1/3969 2234/1/3968 2237/1/3968
s 1451
f 2199/1/3970 1430/1/3970 1452/1/3970
f 1452/1/3970 2232/1/3970 2199/1/3970
s 1452
f 2232/1/3971 1452/1/3971 1451/1/3971
f 1451/1/3971 2229/1/3971 2232/1/3971
s 1453
f 2233/1/3972 2229/1/3972 1451/1/3972
f 1451/1/3972 1449/1/3972 2233/1/3972
s 1454
f 2238/1/3973 2233/1/3973 1449/1/3973
f 1449/1/3973 1450/1/3973 2238/1/3973
s 1455
f 2238/1/3974 2239/1/3974 2234/1/3974
f 2234/1/3974 2233/1/3974 2238/1/3974
s 1456
f 2239/1/3975 2240/1/3976 2237/1/3976
f 2237/1/3976 2234/1/3975 2239/1/3975
s 1457
f 2237/1/3977 2240/1/3977 2067/1/3977
f 2067/1/3977 2066/1/3977 2237/1/3977
s 1458
f 2237/1/3978 2066/1/3979 2065/1/3980
f 2065/1/3980 2235/1/3981 2237/1/3978
s 1459
f 2065/1/3982 2064/1/3982 2236/1/3982
f 2236/1/3982 2235/1/3982 2065/1/3982
s 1460
f 2064/1/3983 2047/1/3983 2201/1/3983
f 2201/1/3983 2236/1/3983 2064/1/3983
s 1461
f 2201/1/3984 2200/1/3984 2231/1/3985
f 2231/1/3985 2236/1/3984 2201/1/3984
s 1462
f 2199/1/3986 2232/1/3986 2231/1/3986
f 2231/1/3986 2200/1/3986 2199/1/3986
s 1463
f 2241/1/3987 2242/1/3988 2243/1/3988
f 2243/1/3988 2244/1/3988 2241/1/3987
s 1464
f 2245/1/3989 2246/1/3989 2242/1/3989
f 2242/1/3989 2241/1/3989 2245/1/3989
s 1465
f 2242/1/3990 2247/1/3990 2248/1/3990
f 2248/1/3990 2243/1/3990 2242/1/3990
s 1466
f 2246/1/3991 2249/1/3991 2247/1/3991
f 2247/1/3991 2242/1/3991 2246/1/3991
s 1467
f 2212/1/3992 904/1/3992 932/1/3992
f 932/1/3992 2244/1/3992 2212/1/3992
s 1468
f 931/1/3993 2241/1/3993 2244/1/3993
f 2244/1/3993 932/1/3993 931/1/3993
s 1469
f 930/1/3994 2245/1/3995 2241/1/3995
f 2241/1/3995 931/1/3995 930/1/3994
s 1470
f 930/1/3996 929/1/3997 2250/1/3998
f 2250/1/3998 2245/1/3999 930/1/3996
s 1471
f 2250/1/4000 2251/1/4000 2246/1/4000
f 2246/1/4000 2245/1/4000 2250/1/4000
s 1472
f 2252/1/4001 2249/1/4001 2246/1/4001
f 2246/1/4001 2251/1/4001 2252/1/4001
s 1473
f 2249/1/4002 2252/1/4002 1547/1/4002
f 1547/1/4002 1546/1/4002 2249/1/4002
s 1474
f 2247/1/4003 2249/1/4004 1546/1/4004
f 1546/1/4004 1545/1/4004 2247/1/4003
s 1475
f 2248/1/4005 2247/1/4005 1545/1/4005
f 1545/1/4005 1544/1/4006 2248/1/4005
s 1476
f 1544/1/4007 887/1/4007 2214/1/4007
f 2214/1/4007 2248/1/4007 1544/1/4007
s 1477
f 2213/1/4008 2243/1/4008 2248/1/4008
f 2248/1/4008 2214/1/4008 2213/1/4008
s 1478
f 2244/1/4009 2243/1/4009 2213/1/4009
f 2213/1/4009 2212/1/4009 2244/1/4009
s 1479
f 2253/1/4010 2254/1/4010 2255/1/4011
f 2255/1/4011 2256/1/4012 2253/1/4010
s 1480
f 2257/1/4013 2258/1/4013 2254/1/4014
f 2254/1/4014 2253/1/4013 2257/1/4013
s 1481
f 2254/1/4015 2259/1/4016 2260/1/4015
f 2260/1/4015 2255/1/4017 2254/1/4015
s 1482
f 2258/1/4018 2261/1/4018 2259/1/4018
f 2259/1/4018 2254/1/4018 2258/1/4018
s 1483
f 2256/1/4019 2262/1/4019 1045/1/4019
f 1045/1/4019 1044/1/4019 2256/1/4019
s 1484
f 1054/1/4020 2253/1/4020 2256/1/4021
f 2256/1/4021 1044/1/4022 1054/1/4020
s 1485
f 1054/1/4023 1053/1/4023 2257/1/4024
f 2257/1/4024 2253/1/4023 1054/1/4023
s 1486
f 1025/1/4025 2226/1/4025 2257/1/4025
f 2257/1/4025 1053/1/4025 1025/1/4025
s 1487
f 2226/1/4026 2228/1/4026 2258/1/4026
f 2258/1/4026 2257/1/4026 2226/1/4026
s 1488
f 2261/1/4027 2258/1/4028 2228/1/4029
f 2228/1/4029 2227/1/4030 2261/1/4027
s 1489
f 2261/1/4031 2227/1/4032 1640/1/4032
f 1640/1/4032 1663/1/4033 2261/1/4031
s 1490
f 2261/1/4034 1663/1/4034 1662/1/4034
f 1662/1/4034 2259/1/4034 2261/1/4034
s 1491
f 2259/1/4035 1662/1/4036 1661/1/4037
f 1661/1/4037 2260/1/4037 2259/1/4035
s 1492
f 1661/1/4038 1660/1/4038 2263/1/4038
f 2263/1/4038 2260/1/4038 1661/1/4038
s 1493
f 2255/1/4039 2260/1/4040 2263/1/4040
f 2263/1/4040 2264/1/4040 2255/1/4039
s 1494
f 2264/1/4041 2262/1/4042 2256/1/4043
f 2256/1/4043 2255/1/4042 2264/1/4041
s 1495
f 2265/1/4044 2266/1/4045 2267/1/4045
f 2267/1/4045 2268/1/4045 2265/1/4044
s 1496
f 2269/1/4046 2270/1/4047 2266/1/4048
f 2266/1/4048 2265/1/4049 2269/1/4046
s 1497
f 2266/1/4050 2271/1/4051 2272/1/4050
f 2272/1/4050 2267/1/4052 2266/1/4050
s 1498
f 2273/1/4053 2271/1/4053 2266/1/4053
f 2266/1/4053 2270/1/4053 2273/1/4053
s 1499
f 2238/1/4054 1450/1/4055 1472/1/4054
f 1472/1/4054 2268/1/4054 2238/1/4054
s 1500
f 2268/1/4056 1472/1/4057 1471/1/4057
f 1471/1/4057 2265/1/4057 2268/1/4056
s 1501
f 2269/1/4058 2265/1/4058 1471/1/4059
f 1471/1/4059 1469/1/4058 2269/1/4058
s 1502
f 2274/1/4060 2269/1/4061 1469/1/4060
f 1469/1/4060 1470/1/4062 2274/1/4060
s 1503
f 2274/1/4063 2275/1/4063 2270/1/4063
f 2270/1/4063 2269/1/4063 2274/1/4063
s 1504
f 2273/1/4064 2270/1/4064 2275/1/4064
f 2275/1/4064 2276/1/4064 2273/1/4064
s 1505
f 2273/1/4065 2276/1/4065 2087/1/4065
f 2087/1/4065 2086/1/4065 2273/1/4065
s 1506
f 2273/1/4066 2086/1/4067 2085/1/4066
f 2085/1/4066 2271/1/4066 2273/1/4066
s 1507
f 2085/1/4068 2084/1/4069 2272/1/4070
f 2272/1/4070 2271/1/4068 2085/1/4068
s 1508
f 2067/1/4071 2240/1/4072 2272/1/4073
f 2272/1/4073 2084/1/4071 2067/1/4071
s 1509
f 2239/1/4074 2267/1/4074 2272/1/4074
f 2272/1/4074 2240/1/4074 2239/1/4074
s 1510
f 2268/1/4075 2267/1/4075 2239/1/4075
f 2239/1/4075 2238/1/4075 2268/1/4075
s 1511
f 2277/1/4076 2278/1/4077 2279/1/4076
f 2279/1/4076 2280/1/4078 2277/1/4076
s 1512
f 2281/1/4079 2282/1/4079 2278/1/4079
f 2278/1/4079 2277/1/4079 2281/1/4079
s 1513
f 2278/1/4080 2283/1/4081 2284/1/4082
f 2284/1/4082 2279/1/4080 2278/1/4080
s 1514
f 2282/1/4083 2285/1/4083 2283/1/4083
f 2283/1/4083 2278/1/4083 2282/1/4083
s 1515
f 2250/1/4084 929/1/4084 952/1/4085
f 952/1/4085 2280/1/4084 2250/1/4084
s 1516
f 2280/1/4086 952/1/4087 951/1/4087
f 951/1/4087 2277/1/4087 2280/1/4086
s 1517
f 950/1/4088 2281/1/4088 2277/1/4089
f 2277/1/4089 951/1/4089 950/1/4088
s 1518
f 950/1/4090 949/1/4090 2286/1/4090
f 2286/1/4090 2281/1/4090 950/1/4090
s 1519
f 2286/1/4091 2287/1/4091 2282/1/4091
f 2282/1/4091 2281/1/4091 2286/1/4091
s 1520
f 2285/1/4092 2282/1/4092 2287/1/4092
f 2287/1/4092 2288/1/4092 2285/1/4092
s 1521
f 2285/1/4093 2288/1/4093 1567/1/4093
f 1567/1/4093 1566/1/4093 2285/1/4093
s 1522
f 2283/1/4094 2285/1/4095 1566/1/4096
f 1566/1/4096 1565/1/4095 2283/1/4094
s 1523
f 1565/1/4097 1564/1/4097 2284/1/4098
f 2284/1/4098 2283/1/4097 1565/1/4097
s 1524
f 1564/1/4099 1547/1/4100 2252/1/4101
f 2252/1/4101 2284/1/4101 1564/1/4099
s 1525
f 2251/1/4102 2279/1/4102 2284/1/4102
f 2284/1/4102 2252/1/4102 2251/1/4102
s 1526
f 2279/1/4103 2251/1/4103 2250/1/4103
f 2250/1/4103 2280/1/4103 2279/1/4103
s 1527
f 2289/1/4104 2290/1/4104 2291/1/4104
f 2291/1/4104 2292/1/4104 2289/1/4104
s 1528
f 2293/1/4105 2294/1/4105 2290/1/4105
f 2290/1/4105 2289/1/4106 2293/1/4105
s 1529
f 2290/1/4107 2295/1/4107 2296/1/4107
f 2296/1/4107 2291/1/4107 2290/1/4107
s 1530
f 2294/1/4108 2297/1/4108 2295/1/4108
f 2295/1/4108 2290/1/4108 2294/1/4108
s 1531
f 1065/1/4109 1064/1/4110 2292/1/4109
f 2292/1/4109 2298/1/4111 1065/1/4109
s 1532
f 1074/1/4112 2289/1/4112 2292/1/4113
f 2292/1/4113 1064/1/4112 1074/1/4112
s 1533
f 1074/1/4114 1073/1/4115 2293/1/4115
f 2293/1/4115 2289/1/4114 1074/1/4114
s 1534
f 2293/1/4116 1073/1/4117 1045/1/4117
f 1045/1/4117 2262/1/4117 2293/1/4116
s 1535
f 2294/1/4118 2293/1/4119 2262/1/4120
f 2262/1/4120 2264/1/4119 2294/1/4118
s 1536
f 2263/1/4121 2297/1/4122 2294/1/4123
f 2294/1/4123 2264/1/4122 2263/1/4121
s 1537
f 1683/1/4124 2297/1/4125 2263/1/4125
f 2263/1/4125 1660/1/4126 1683/1/4124
s 1538
f 2297/1/4127 1683/1/4128 1682/1/4127
f 1682/1/4127 2295/1/4127 2297/1/4127
s 1539
f 2295/1/4129 1682/1/4129 1681/1/4129
f 1681/1/4129 2296/1/4129 2295/1/4129
s 1540
f 1681/1/4130 1680/1/4130 2299/1/4130
f 2299/1/4130 2296/1/4130 1681/1/4130
s 1541
f 2291/1/4131 2296/1/4132 2299/1/4131
f 2299/1/4131 2300/1/4133 2291/1/4131
s 1542
f 2300/1/4134 2298/1/4134 2292/1/4134
f 2292/1/4134 2291/1/4134 2300/1/4134
s 1543
f 2301/1/4135 2302/1/4136 2303/1/4135
f 2303/1/4135 2304/1/4137 2301/1/4135
s 1544
f 2305/1/4138 2306/1/4139 2302/1/4140
f 2302/1/4140 2301/1/4138 2305/1/4138
s 1545
f 2302/1/4141 2307/1/4141 2308/1/4141
f 2308/1/4141 2303/1/4141 2302/1/4141
s 1546
f 2309/1/4142 2307/1/4143 2302/1/4144
f 2302/1/4144 2306/1/4145 2309/1/4142
s 1547
f 2274/1/4146 1470/1/4147 1492/1/4146
f 1492/1/4146 2304/1/4148 2274/1/4146
s 1548
f 2304/1/4149 1492/1/4149 1491/1/4150
f 1491/1/4150 2301/1/4149 2304/1/4149
s 1549
f 2305/1/4151 2301/1/4152 1491/1/4153
f 1491/1/4153 1489/1/4153 2305/1/4151
s 1550
f 2310/1/4154 2305/1/4154 1489/1/4154
f 1489/1/4154 1490/1/4154 2310/1/4154
s 1551
f 2310/1/4155 2311/1/4155 2306/1/4155
f 2306/1/4155 2305/1/4155 2310/1/4155
s 1552
f 2309/1/4156 2306/1/4157 2311/1/4157
f 2311/1/4157 2312/1/4157 2309/1/4156
s 1553
f 2309/1/4158 2312/1/4158 2107/1/4158
f 2107/1/4158 2106/1/4159 2309/1/4158
s 1554
f 2309/1/4160 2106/1/4161 2105/1/4160
f 2105/1/4160 2307/1/4162 2309/1/4160
s 1555
f 2105/1/4163 2104/1/4164 2308/1/4165
f 2308/1/4165 2307/1/4166 2105/1/4163
s 1556
f 2104/1/4167 2087/1/4167 2276/1/4167
f 2276/1/4167 2308/1/4167 2104/1/4167
s 1557
f 2303/1/4168 2308/1/4168 2276/1/4168
f 2276/1/4168 2275/1/4168 2303/1/4168
s 1558
f 2304/1/4169 2303/1/4170 2275/1/4170
f 2275/1/4170 2274/1/4169 2304/1/4169
s 1559
f 2313/1/4171 2314/1/4171 2315/1/4172
f 2315/1/4172 2316/1/4171 2313/1/4171
s 1560
f 2317/1/4173 2318/1/4174 2314/1/4173
f 2314/1/4173 2313/1/4175 2317/1/4173
s 1561
f 2314/1/4176 2319/1/4176 2320/1/4176
f 2320/1/4176 2315/1/4176 2314/1/4176
s 1562
f 2318/1/4177 2321/1/4177 2319/1/4177
f 2319/1/4177 2314/1/4177 2318/1/4177
s 1563
f 2316/1/4178 2286/1/4178 949/1/4178
f 949/1/4178 972/1/4178 2316/1/4178
s 1564
f 971/1/4179 2313/1/4180 2316/1/4179
f 2316/1/4179 972/1/4179 971/1/4179
s 1565
f 969/1/4181 2317/1/4181 2313/1/4181
f 2313/1/4181 971/1/4181 969/1/4181
s 1566
f 2322/1/4182 2317/1/4182 969/1/4182
f 969/1/4182 970/1/4182 2322/1/4182
s 1567
f 2322/1/4183 2323/1/4184 2318/1/4185
f 2318/1/4185 2317/1/4184 2322/1/4183
s 1568
f 2321/1/4186 2318/1/4187 2323/1/4188
f 2323/1/4188 2324/1/4186 2321/1/4186
s 1569
f 2321/1/4189 2324/1/4189 1587/1/4190
f 1587/1/4190 1586/1/4190 2321/1/4189
s 1570
f 2319/1/4191 2321/1/4191 1586/1/4192
f 1586/1/4192 1585/1/4191 2319/1/4191
s 1571
f 2320/1/4193 2319/1/4193 1585/1/4193
f 1585/1/4193 1584/1/4193 2320/1/4193
s 1572
f 1584/1/4194 1567/1/4194 2288/1/4194
f 2288/1/4194 2320/1/4194 1584/1/4194
s 1573
f 2287/1/4195 2315/1/4195 2320/1/4195
f 2320/1/4195 2288/1/4195 2287/1/4195
s 1574
f 2316/1/4196 2315/1/4196 2287/1/4196
f 2287/1/4196 2286/1/4196 2316/1/4196
s 1575
f 2325/1/4197 2326/1/3810 2327/1/3810
f 2327/1/3810 2328/1/3810 2325/1/4197
s 1576
f 2329/1/3809 2330/1/3809 2326/1/3809
f 2326/1/3809 2325/1/3809 2329/1/3809
s 1577
f 2326/1/3815 2331/1/3815 2332/1/3814
f 2332/1/3814 2327/1/3815 2326/1/3815
s 1578
f 2330/1/3812 2333/1/3811 2331/1/3812
f 2331/1/3812 2326/1/3812 2330/1/3812
s 1579
f 2328/1/4198 2334/1/3822 1085/1/3822
f 1085/1/3822 1084/1/3822 2328/1/4198
s 1580
f 1094/1/3821 2325/1/3821 2328/1/3821
f 2328/1/3821 1084/1/4199 1094/1/3821
s 1581
f 1094/1/3820 1093/1/3820 2329/1/3820
f 2329/1/3820 2325/1/3820 1094/1/3820
s 1582
f 2298/1/3818 2329/1/3818 1093/1/3818
f 1093/1/3818 1065/1/4200 2298/1/3818
s 1583
f 2330/1/3835 2329/1/3835 2298/1/3835
f 2298/1/3835 2300/1/3835 2330/1/3835
s 1584
f 2299/1/3834 2333/1/3834 2330/1/3834
f 2330/1/3834 2300/1/3834 2299/1/3834
s 1585
f 1703/1/3833 2333/1/3833 2299/1/3833
f 2299/1/3833 1680/1/3833 1703/1/3833
s 1586
f 2333/1/3832 1703/1/3832 1702/1/3832
f 1702/1/3832 2331/1/3832 2333/1/3832
s 1587
f 2331/1/4201 1702/1/3830 1701/1/3830
f 1701/1/3830 2332/1/3830 2331/1/4201
s 1588
f 1701/1/4202 1700/1/3828 2335/1/4202
f 2335/1/4202 2332/1/4202 1701/1/4202
s 1589
f 2327/1/3824 2332/1/4203 2335/1/3824
f 2335/1/3824 2336/1/4204 2327/1/3824
s 1590
f 2336/1/4205 2334/1/3823 2328/1/3823
f 2328/1/3823 2327/1/3823 2336/1/4205
s 1591
f 2337/1/4206 2338/1/4206 2339/1/4206
f 2339/1/4206 2340/1/4206 2337/1/4206
s 1592
f 2341/1/4207 2342/1/4207 2338/1/4207
f 2338/1/4207 2337/1/4207 2341/1/4207
s 1593
f 2338/1/4208 2343/1/4208 2344/1/4208
f 2344/1/4208 2339/1/4208 2338/1/4208
s 1594
f 2345/1/4209 2343/1/4209 2338/1/4209
f 2338/1/4209 2342/1/4209 2345/1/4209
s 1595
f 2310/1/4210 1490/1/4210 1512/1/4210
f 1512/1/4210 2340/1/4210 2310/1/4210
s 1596
f 2340/1/4211 1512/1/4211 1511/1/4211
f 1511/1/4211 2337/1/4211 2340/1/4211
s 1597
f 2341/1/4212 2337/1/4212 1511/1/4212
f 1511/1/4212 1509/1/4212 2341/1/4212
s 1598
f 2346/1/4213 2341/1/4213 1509/1/4213
f 1509/1/4213 1510/1/4213 2346/1/4213
s 1599
f 2346/1/4214 2347/1/4214 2342/1/4214
f 2342/1/4214 2341/1/4214 2346/1/4214
s 1600
f 2345/1/4215 2342/1/4215 2347/1/4215
f 2347/1/4215 2348/1/4215 2345/1/4215
s 1601
f 2345/1/4216 2348/1/4217 2127/1/4216
f 2127/1/4216 2126/1/4218 2345/1/4216
s 1602
f 2345/1/4219 2126/1/4219 2125/1/4219
f 2125/1/4219 2343/1/4219 2345/1/4219
s 1603
f 2125/1/4220 2124/1/4220 2344/1/4220
f 2344/1/4220 2343/1/4220 2125/1/4220
s 1604
f 2124/1/4221 2107/1/4221 2312/1/4222
f 2312/1/4222 2344/1/4221 2124/1/4221
s 1605
f 2339/1/4223 2344/1/4223 2312/1/4223
f 2312/1/4223 2311/1/4223 2339/1/4223
s 1606
f 2340/1/4224 2339/1/4224 2311/1/4224
f 2311/1/4224 2310/1/4224 2340/1/4224
s 1607
f 2349/1/4225 2350/1/4226 2351/1/4227
f 2351/1/4227 2352/1/4228 2349/1/4225
s 1608
f 2353/1/4229 2354/1/4230 2350/1/4229
f 2350/1/4229 2349/1/4231 2353/1/4229
s 1609
f 2350/1/4232 2355/1/4232 2356/1/4232
f 2356/1/4232 2351/1/4232 2350/1/4232
s 1610
f 2354/1/4233 2357/1/4233 2355/1/4233
f 2355/1/4233 2350/1/4233 2354/1/4233
s 1611
f 2322/1/4234 970/1/4234 992/1/4234
f 992/1/4234 2352/1/4234 2322/1/4234
s 1612
f 991/1/4235 2349/1/4236 2352/1/4236
f 2352/1/4236 992/1/4237 991/1/4235
s 1613
f 990/1/4238 2353/1/4238 2349/1/4238
f 2349/1/4238 991/1/4238 990/1/4238
s 1614
f 2358/1/4239 2353/1/4240 990/1/4239
f 990/1/4239 989/1/4239 2358/1/4239
s 1615
f 2358/1/4241 2359/1/4242 2354/1/4241
f 2354/1/4241 2353/1/4243 2358/1/4241
s 1616
f 2357/1/4244 2354/1/4244 2359/1/4244
f 2359/1/4244 2360/1/4244 2357/1/4244
s 1617
f 2357/1/4245 2360/1/4246 1607/1/4246
f 1607/1/4246 1606/1/4245 2357/1/4245
s 1618
f 2355/1/4247 2357/1/4248 1606/1/4248
f 1606/1/4248 1605/1/4248 2355/1/4247
s 1619
f 2356/1/4249 2355/1/4250 1605/1/4249
f 1605/1/4249 1604/1/4251 2356/1/4249
s 1620
f 1604/1/4252 1587/1/4252 2324/1/4252
f 2324/1/4252 2356/1/4252 1604/1/4252
s 1621
f 2323/1/4253 2351/1/4253 2356/1/4254
f 2356/1/4254 2324/1/4255 2323/1/4253
s 1622
f 2352/1/4256 2351/1/4257 2323/1/4257
f 2323/1/4257 2322/1/4258 2352/1/4256
s 1623
f 2361/1/4259 2362/1/3896 2363/1/4260
f 2363/1/4260 2364/1/3896 2361/1/4259
s 1624
f 2365/1/4261 2366/1/4262 2362/1/4262
f 2362/1/4262 2361/1/4262 2365/1/4261
s 1625
f 2362/1/4263 2367/1/4264 2368/1/4263
f 2368/1/4263 2363/1/3900 2362/1/4263
s 1626
f 2366/1/3898 2369/1/3898 2367/1/3897
f 2367/1/3897 2362/1/3897 2366/1/3898
s 1627
f 2364/1/3904 2370/1/3904 1105/1/3904
f 1105/1/3904 1104/1/3904 2364/1/3904
s 1628
f 1114/1/4265 2361/1/4265 2364/1/3903
f 2364/1/3903 1104/1/3903 1114/1/4265
s 1629
f 1114/1/3902 1113/1/3902 2365/1/3902
f 2365/1/3902 2361/1/3902 1114/1/3902
s 1630
f 2334/1/3901 2365/1/3901 1113/1/3901
f 1113/1/3901 1085/1/3901 2334/1/3901
s 1631
f 2366/1/4266 2365/1/3915 2334/1/3915
f 2334/1/3915 2336/1/3915 2366/1/4266
s 1632
f 2335/1/3914 2369/1/3914 2366/1/3914
f 2366/1/3914 2336/1/3914 2335/1/3914
s 1633
f 1723/1/4267 2369/1/4268 2335/1/4267
f 2335/1/4267 1700/1/4269 1723/1/4267
s 1634
f 2369/1/3911 1723/1/4270 1722/1/4271
f 1722/1/4271 2367/1/3911 2369/1/3911
s 1635
f 2367/1/3910 1722/1/3910 1721/1/3910
f 1721/1/3910 2368/1/3910 2367/1/3910
s 1636
f 1721/1/3909 1720/1/3909 2371/1/4272
f 2371/1/4272 2368/1/3909 1721/1/3909
s 1637
f 2363/1/3906 2368/1/3906 2371/1/3906
f 2371/1/3906 2372/1/3906 2363/1/3906
s 1638
f 2372/1/3905 2370/1/3905 2364/1/3905
f 2364/1/3905 2363/1/3905 2372/1/3905
s 1639
f 2373/1/4273 2374/1/4273 2375/1/4274
f 2375/1/4274 2376/1/4273 2373/1/4273
s 1640
f 2377/1/4275 2378/1/4275 2374/1/4275
f 2374/1/4275 2373/1/4275 2377/1/4275
s 1641
f 2374/1/4276 2379/1/4276 2380/1/4276
f 2380/1/4276 2375/1/4276 2374/1/4276
s 1642
f 2381/1/4277 2379/1/4278 2374/1/4278
f 2374/1/4278 2378/1/4278 2381/1/4277
s 1643
f 2346/1/4279 1510/1/4279 1527/1/4279
f 1527/1/4279 2376/1/4279 2346/1/4279
s 1644
f 2376/1/4280 1527/1/4280 1526/1/4281
f 1526/1/4281 2373/1/4280 2376/1/4280
s 1645
f 2377/1/4282 2373/1/4282 1526/1/4283
f 1526/1/4283 1525/1/4283 2377/1/4282
s 1646
f 2211/1/4284 2377/1/4285 1525/1/4286
f 1525/1/4286 909/1/4284 2211/1/4284
s 1647
f 2216/1/4287 2378/1/4287 2377/1/4288
f 2377/1/4288 2211/1/4287 2216/1/4287
s 1648
f 2215/1/4289 2381/1/4290 2378/1/4290
f 2378/1/4290 2216/1/4290 2215/1/4289
s 1649
f 2381/1/4291 2215/1/4291 884/1/4291
f 884/1/4291 2144/1/4291 2381/1/4291
s 1650
f 2381/1/4292 2144/1/4292 2143/1/4293
f 2143/1/4293 2379/1/4292 2381/1/4292
s 1651
f 2143/1/4294 2142/1/4294 2380/1/4294
f 2380/1/4294 2379/1/4294 2143/1/4294
s 1652
f 2142/1/4295 2127/1/4296 2348/1/4297
f 2348/1/4297 2380/1/4297 2142/1/4295
s 1653
f 2375/1/4298 2380/1/4298 2348/1/4298
f 2348/1/4298 2347/1/4298 2375/1/4298
s 1654
f 2376/1/4299 2375/1/4300 2347/1/4300
f 2347/1/4300 2346/1/4300 2376/1/4299
s 1655
f 2382/1/4301 2383/1/4302 2384/1/4301
f 2384/1/4301 2385/1/4303 2382/1/4301
s 1656
f 2386/1/4304 2387/1/4305 2383/1/4305
f 2383/1/4305 2382/1/4305 2386/1/4304
s 1657
f 2383/1/4306 2388/1/4307 2389/1/4306
f 2389/1/4306 2384/1/4308 2383/1/4306
s 1658
f 2387/1/4309 2390/1/4309 2388/1/4310
f 2388/1/4310 2383/1/4310 2387/1/4309
s 1659
f 2358/1/4311 989/1/4312 1012/1/4312
f 1012/1/4312 2385/1/4313 2358/1/4311
s 1660
f 1011/1/4314 2382/1/4315 2385/1/4315
f 2385/1/4315 1012/1/4315 1011/1/4314
s 1661
f 1010/1/4316 2386/1/4316 2382/1/4317
f 2382/1/4317 1011/1/4318 1010/1/4316
s 1662
f 1010/1/4319 1009/1/4320 2391/1/4321
f 2391/1/4321 2386/1/4322 1010/1/4319
s 1663
f 2391/1/4323 2392/1/4324 2387/1/4325
f 2387/1/4325 2386/1/4324 2391/1/4323
s 1664
f 2387/1/4326 2392/1/4327 2393/1/4327
f 2393/1/4327 2390/1/4327 2387/1/4326
s 1665
f 1627/1/4328 1626/1/4328 2390/1/4328
f 2390/1/4328 2393/1/4328 1627/1/4328
s 1666
f 2388/1/4329 2390/1/4329 1626/1/4329
f 1626/1/4329 1625/1/4329 2388/1/4329
s 1667
f 2389/1/4330 2388/1/4331 1625/1/4331
f 1625/1/4331 1624/1/4332 2389/1/4330
s 1668
f 1624/1/4333 1607/1/4334 2360/1/4333
f 2360/1/4333 2389/1/4335 1624/1/4333
s 1669
f 2359/1/4336 2384/1/4336 2389/1/4336
f 2389/1/4336 2360/1/4336 2359/1/4336
s 1670
f 2385/1/4337 2384/1/4337 2359/1/4337
f 2359/1/4337 2358/1/4337 2385/1/4337
s 1671
f 2394/1/3965 2395/1/3964 2396/1/4338
f 2396/1/4338 2397/1/4339 2394/1/3965
s 1672
f 2398/1/3963 2399/1/3963 2395/1/3963
f 2395/1/3963 2394/1/3963 2398/1/3963
s 1673
f 2395/1/4340 2400/1/3968 2401/1/4341
f 2401/1/4341 2396/1/3968 2395/1/4340
s 1674
f 2399/1/3966 2402/1/3966 2400/1/3966
f 2400/1/3966 2395/1/3966 2399/1/3966
s 1675
f 2397/1/4342 2403/1/4342 1125/1/3973
f 1125/1/3973 1124/1/3973 2397/1/4342
s 1676
f 1134/1/3972 2394/1/3972 2397/1/3972
f 2397/1/3972 1124/1/3972 1134/1/3972
s 1677
f 1134/1/3971 1133/1/3971 2398/1/3971
f 2398/1/3971 2394/1/3971 1134/1/3971
s 1678
f 2370/1/3970 2398/1/3970 1133/1/3970
f 1133/1/3970 1105/1/3970 2370/1/3970
s 1679
f 2399/1/4343 2398/1/3986 2370/1/4344
f 2370/1/4344 2372/1/3986 2399/1/4343
s 1680
f 2371/1/3984 2402/1/3984 2399/1/3984
f 2399/1/3984 2372/1/4345 2371/1/3984
s 1681
f 1743/1/3983 2402/1/3983 2371/1/3983
f 2371/1/3983 1720/1/3983 1743/1/3983
s 1682
f 2402/1/3982 1743/1/3982 1742/1/3982
f 1742/1/3982 2400/1/3982 2402/1/3982
s 1683
f 2400/1/3981 1742/1/3981 1741/1/3981
f 1741/1/3981 2401/1/3981 2400/1/3981
s 1684
f 2401/1/3977 1741/1/3977 1740/1/3977
f 1740/1/3977 2404/1/3977 2401/1/3977
s 1685
f 2401/1/3976 2404/1/3976 2405/1/3976
f 2405/1/3976 2396/1/3976 2401/1/3976
s 1686
f 2396/1/4346 2405/1/3974 2403/1/4347
f 2403/1/4347 2397/1/4348 2396/1/4346
s 1687
f 2406/1/4349 2407/1/4350 2408/1/4349
f 2408/1/4349 2409/1/4351 2406/1/4349
s 1688
f 2410/1/4352 2411/1/4352 2407/1/4353
f 2407/1/4353 2406/1/4354 2410/1/4352
s 1689
f 2407/1/4355 2412/1/4356 2413/1/4355
f 2413/1/4355 2408/1/4357 2407/1/4355
s 1690
f 2414/1/4358 2412/1/4358 2407/1/4358
f 2407/1/4358 2411/1/4358 2414/1/4358
s 1691
f 2391/1/4359 1009/1/4359 1032/1/4359
f 1032/1/4359 2409/1/4359 2391/1/4359
s 1692
f 2409/1/4360 1032/1/4360 1031/1/4360
f 1031/1/4360 2406/1/4360 2409/1/4360
s 1693
f 2410/1/4361 2406/1/4362 1031/1/4362
f 1031/1/4362 1030/1/4362 2410/1/4361
s 1694
f 2415/1/4363 2410/1/4363 1030/1/4363
f 1030/1/4363 1029/1/4363 2415/1/4363
s 1695
f 2415/1/4364 2416/1/4364 2411/1/4364
f 2411/1/4364 2410/1/4364 2415/1/4364
s 1696
f 2414/1/4365 2411/1/4366 2416/1/4366
f 2416/1/4366 2417/1/4365 2414/1/4365
s 1697
f 1647/1/4367 1646/1/4367 2414/1/4367
f 2414/1/4367 2417/1/4367 1647/1/4367
s 1698
f 2414/1/4368 1646/1/4368 1645/1/4368
f 1645/1/4368 2412/1/4368 2414/1/4368
s 1699
f 1645/1/4369 1644/1/4370 2413/1/4369
f 2413/1/4369 2412/1/4369 1645/1/4369
s 1700
f 1644/1/4371 1627/1/4371 2393/1/4371
f 2393/1/4371 2413/1/4371 1644/1/4371
s 1701
f 2408/1/4372 2413/1/4372 2393/1/4372
f 2393/1/4372 2392/1/4372 2408/1/4372
s 1702
f 2409/1/4373 2408/1/4373 2392/1/4373
f 2392/1/4373 2391/1/4373 2409/1/4373
s 1703
f 2418/1/4374 2419/1/4374 2420/1/4374
f 2420/1/4374 2421/1/4374 2418/1/4374
s 1704
f 2422/1/4045 2423/1/4045 2419/1/4045
f 2419/1/4045 2418/1/4045 2422/1/4045
s 1705
f 2419/1/4053 2424/1/4053 2425/1/4053
f 2425/1/4053 2420/1/4053 2419/1/4053
s 1706
f 2423/1/4052 2426/1/4052 2424/1/4052
f 2424/1/4052 2419/1/4052 2423/1/4052
s 1707
f 2421/1/4375 2427/1/4375 1145/1/4375
f 1145/1/4375 1144/1/4375 2421/1/4375
s 1708
f 1154/1/4376 2418/1/4058 2421/1/4059
f 2421/1/4059 1144/1/4059 1154/1/4376
s 1709
f 1154/1/4377 1153/1/4057 2422/1/4377
f 2422/1/4377 2418/1/4378 1154/1/4377
s 1710
f 1153/1/4379 1125/1/4055 2403/1/4380
f 2403/1/4380 2422/1/4054 1153/1/4379
s 1711
f 2423/1/4075 2422/1/4075 2403/1/4075
f 2403/1/4075 2405/1/4075 2423/1/4075
s 1712
f 2404/1/4074 2426/1/4074 2423/1/4381
f 2423/1/4381 2405/1/4074 2404/1/4074
s 1713
f 2404/1/4072 1740/1/4072 1763/1/4072
f 1763/1/4072 2426/1/4072 2404/1/4072
s 1714
f 2426/1/4068 1763/1/4068 1762/1/4068
f 1762/1/4068 2424/1/4068 2426/1/4068
s 1715
f 2424/1/4066 1762/1/4066 1761/1/4382
f 1761/1/4382 2425/1/4066 2424/1/4066
s 1716
f 2425/1/4383 1761/1/4383 1760/1/4383
f 1760/1/4383 2428/1/4065 2425/1/4383
s 1717
f 2429/1/4064 2420/1/4064 2425/1/4064
f 2425/1/4064 2428/1/4064 2429/1/4064
s 1718
f 2420/1/4063 2429/1/4063 2427/1/4063
f 2427/1/4063 2421/1/4384 2420/1/4063
s 1719
f 2430/1/4385 2431/1/4385 2432/1/4385
f 2432/1/4385 2433/1/4385 2430/1/4385
s 1720
f 2434/1/4386 2435/1/4387 2431/1/4386
f 2431/1/4386 2430/1/4388 2434/1/4386
s 1721
f 2431/1/4389 2436/1/4389 2437/1/4389
f 2437/1/4389 2432/1/4389 2431/1/4389
s 1722
f 2438/1/4390 2436/1/4391 2431/1/4391
f 2431/1/4391 2435/1/4391 2438/1/4390
s 1723
f 2415/1/4392 1029/1/4393 1052/1/4394
f 1052/1/4394 2433/1/4392 2415/1/4392
s 1724
f 2433/1/4395 1052/1/4396 1051/1/4395
f 1051/1/4395 2430/1/4397 2433/1/4395
s 1725
f 2434/1/4398 2430/1/4399 1051/1/4399
f 1051/1/4399 1049/1/4398 2434/1/4398
s 1726
f 2434/1/4400 1049/1/4400 1050/1/4400
f 1050/1/4400 2439/1/4400 2434/1/4400
s 1727
f 2439/1/4401 2440/1/4401 2435/1/4401
f 2435/1/4401 2434/1/4401 2439/1/4401
s 1728
f 2438/1/4402 2435/1/4403 2440/1/4404
f 2440/1/4404 2441/1/4404 2438/1/4402
s 1729
f 1667/1/4405 1666/1/4405 2438/1/4406
f 2438/1/4406 2441/1/4407 1667/1/4405
s 1730
f 2438/1/4408 1666/1/4408 1665/1/4409
f 1665/1/4409 2436/1/4410 2438/1/4408
s 1731
f 1665/1/4411 1664/1/4411 2437/1/4411
f 2437/1/4411 2436/1/4411 1665/1/4411
s 1732
f 1664/1/4412 1647/1/4412 2417/1/4412
f 2417/1/4412 2437/1/4413 1664/1/4412
s 1733
f 2416/1/4414 2432/1/4415 2437/1/4414
f 2437/1/4414 2417/1/4415 2416/1/4414
s 1734
f 2432/1/4416 2416/1/4417 2415/1/4418
f 2415/1/4418 2433/1/4417 2432/1/4416
s 1735
f 2442/1/4419 2443/1/4419 2444/1/4419
f 2444/1/4419 2445/1/4419 2442/1/4419
s 1736
f 2446/1/4137 2447/1/4137 2443/1/4137
f 2443/1/4137 2442/1/4137 2446/1/4137
s 1737
f 2443/1/4420 2448/1/4420 2449/1/4420
f 2449/1/4420 2444/1/4420 2443/1/4420
s 1738
f 2447/1/4141 2450/1/4141 2448/1/4141
f 2448/1/4141 2443/1/4141 2447/1/4141
s 1739
f 2445/1/4421 2451/1/4154 1165/1/4154
f 1165/1/4154 1164/1/4421 2445/1/4421
s 1740
f 1174/1/4152 2442/1/4152 2445/1/4152
f 2445/1/4152 1164/1/4152 1174/1/4152
s 1741
f 1174/1/4149 1173/1/4149 2446/1/4149
f 2446/1/4149 2442/1/4149 1174/1/4149
s 1742
f 1173/1/4148 1145/1/4148 2427/1/4148
f 2427/1/4148 2446/1/4148 1173/1/4148
s 1743
f 2447/1/4170 2446/1/4170 2427/1/4170
f 2427/1/4170 2429/1/4170 2447/1/4170
s 1744
f 2428/1/4168 2450/1/4168 2447/1/4168
f 2447/1/4168 2429/1/4168 2428/1/4168
s 1745
f 2428/1/4167 1760/1/4167 1783/1/4422
f 1783/1/4422 2450/1/4167 2428/1/4167
s 1746
f 2450/1/4423 1783/1/4424 1782/1/4423
f 1782/1/4423 2448/1/4166 2450/1/4423
s 1747
f 2448/1/4162 1782/1/4162 1781/1/4162
f 1781/1/4162 2449/1/4162 2448/1/4162
s 1748
f 2449/1/4159 1781/1/4425 1780/1/4158
f 1780/1/4158 2452/1/4158 2449/1/4159
s 1749
f 2453/1/4157 2444/1/4157 2449/1/4157
f 2449/1/4157 2452/1/4157 2453/1/4157
s 1750
f 2444/1/4426 2453/1/4155 2451/1/4426
f 2451/1/4426 2445/1/4427 2444/1/4426
s 1751
f 2454/1/4428 2455/1/4429 2456/1/4428
f 2456/1/4428 2457/1/4428 2454/1/4428
s 1752
f 2458/1/4430 2459/1/4430 2455/1/4430
f 2455/1/4430 2454/1/4430 2458/1/4430
s 1753
f 2455/1/4431 2460/1/4431 2461/1/4431
f 2461/1/4431 2456/1/4431 2455/1/4431
s 1754
f 2462/1/4432 2460/1/4433 2455/1/4433
f 2455/1/4433 2459/1/4433 2462/1/4432
s 1755
f 2439/1/4434 1050/1/4434 1072/1/4434
f 1072/1/4434 2457/1/4434 2439/1/4434
s 1756
f 2457/1/4435 1072/1/4436 1071/1/4436
f 1071/1/4436 2454/1/4435 2457/1/4435
s 1757
f 2458/1/4437 2454/1/4437 1071/1/4438
f 1071/1/4438 1069/1/4437 2458/1/4437
s 1758
f 2458/1/4439 1069/1/4439 1070/1/4439
f 1070/1/4439 2463/1/4439 2458/1/4439
s 1759
f 2463/1/4440 2464/1/4441 2459/1/4442
f 2459/1/4442 2458/1/4442 2463/1/4440
s 1760
f 2462/1/4443 2459/1/4443 2464/1/4444
f 2464/1/4444 2465/1/4443 2462/1/4443
s 1761
f 1687/1/4445 1686/1/4445 2462/1/4445
f 2462/1/4445 2465/1/4445 1687/1/4445
s 1762
f 2462/1/4446 1686/1/4446 1685/1/4446
f 1685/1/4446 2460/1/4446 2462/1/4446
s 1763
f 1685/1/4447 1684/1/4448 2461/1/4449
f 2461/1/4449 2460/1/4448 1685/1/4447
s 1764
f 1684/1/4450 1667/1/4450 2441/1/4450
f 2441/1/4450 2461/1/4451 1684/1/4450
s 1765
f 2440/1/4452 2456/1/4452 2461/1/4453
f 2461/1/4453 2441/1/4452 2440/1/4452
s 1766
f 2439/1/4454 2457/1/4454 2456/1/4455
f 2456/1/4455 2440/1/4454 2439/1/4454
s 1767
f 2466/1/4207 2467/1/4207 2468/1/4207
f 2468/1/4207 2469/1/4207 2466/1/4207
s 1768
f 2470/1/4206 2471/1/4456 2467/1/4206
f 2467/1/4206 2466/1/4206 2470/1/4206
s 1769
f 2467/1/4457 2472/1/4209 2473/1/4209
f 2473/1/4209 2468/1/4209 2467/1/4457
s 1770
f 2471/1/4458 2474/1/4459 2472/1/4460
f 2472/1/4460 2467/1/4208 2471/1/4458
s 1771
f 2469/1/4213 2475/1/4213 1185/1/4213
f 1185/1/4213 1184/1/4461 2469/1/4213
s 1772
f 1194/1/4212 2466/1/4212 2469/1/4462
f 2469/1/4462 1184/1/4212 1194/1/4212
s 1773
f 1194/1/4463 1193/1/4211 2470/1/4211
f 2470/1/4211 2466/1/4211 1194/1/4463
s 1774
f 1193/1/4210 1165/1/4464 2451/1/4210
f 2451/1/4210 2470/1/4210 1193/1/4210
s 1775
f 2471/1/4465 2470/1/4466 2451/1/4465
f 2451/1/4465 2453/1/4224 2471/1/4465
s 1776
f 2452/1/4223 2474/1/4223 2471/1/4223
f 2471/1/4223 2453/1/4223 2452/1/4223
s 1777
f 2452/1/4221 1780/1/4222 1803/1/4467
f 1803/1/4467 2474/1/4468 2452/1/4221
s 1778
f 2474/1/4220 1803/1/4220 1802/1/4220
f 1802/1/4220 2472/1/4220 2474/1/4220
s 1779
f 2472/1/4469 1802/1/4219 1801/1/4219
f 1801/1/4219 2473/1/4470 2472/1/4469
s 1780
f 2473/1/4216 1801/1/4471 1800/1/4216
f 1800/1/4216 2476/1/4216 2473/1/4216
s 1781
f 2473/1/4215 2476/1/4215 2477/1/4215
f 2477/1/4215 2468/1/4215 2473/1/4215
s 1782
f 2468/1/4214 2477/1/4214 2475/1/4214
f 2475/1/4214 2469/1/4214 2468/1/4214
s 1783
f 2478/1/4472 2479/1/4472 2480/1/4472
f 2480/1/4472 2481/1/4472 2478/1/4472
s 1784
f 2482/1/4473 2483/1/4473 2479/1/4474
f 2479/1/4474 2478/1/4475 2482/1/4473
s 1785
f 2479/1/4476 2484/1/4476 2485/1/4476
f 2485/1/4476 2480/1/4476 2479/1/4476
s 1786
f 2486/1/4477 2484/1/4478 2479/1/4477
f 2479/1/4477 2483/1/4477 2486/1/4477
s 1787
f 2463/1/4479 1070/1/4479 1092/1/4479
f 1092/1/4479 2481/1/4479 2463/1/4479
s 1788
f 2481/1/4480 1092/1/4481 1091/1/4481
f 1091/1/4481 2478/1/4481 2481/1/4480
s 1789
f 2482/1/4482 2478/1/4482 1091/1/4482
f 1091/1/4482 1089/1/4482 2482/1/4482
s 1790
f 2482/1/4483 1089/1/4483 1090/1/4483
f 1090/1/4483 2487/1/4483 2482/1/4483
s 1791
f 2487/1/4484 2488/1/4484 2483/1/4484
f 2483/1/4484 2482/1/4484 2487/1/4484
s 1792
f 2486/1/4485 2483/1/4485 2488/1/4485
f 2488/1/4485 2489/1/4485 2486/1/4485
s 1793
f 1707/1/4486 1706/1/4486 2486/1/4486
f 2486/1/4486 2489/1/4486 1707/1/4486
s 1794
f 2486/1/4487 1706/1/4488 1705/1/4487
f 1705/1/4487 2484/1/4487 2486/1/4487
s 1795
f 1705/1/4489 1704/1/4489 2485/1/4489
f 2485/1/4489 2484/1/4489 1705/1/4489
s 1796
f 1704/1/4490 1687/1/4490 2465/1/4490
f 2465/1/4490 2485/1/4490 1704/1/4490
s 1797
f 2464/1/4491 2480/1/4491 2485/1/4491
f 2485/1/4491 2465/1/4491 2464/1/4491
s 1798
f 2480/1/4492 2464/1/4492 2463/1/4492
f 2463/1/4492 2481/1/4492 2480/1/4492
s 1799
f 2490/1/4275 2491/1/4275 2492/1/4275
f 2492/1/4275 2493/1/4275 2490/1/4275
s 1800
f 2494/1/4274 2495/1/4274 2491/1/4274
f 2491/1/4274 2490/1/4274 2494/1/4274
s 1801
f 2491/1/4278 2496/1/4278 2497/1/4278
f 2497/1/4278 2492/1/4278 2491/1/4278
s 1802
f 2495/1/4276 2498/1/4493 2496/1/4276
f 2496/1/4276 2491/1/4276 2495/1/4276
s 1803
f 2493/1/4284 2499/1/4284 1205/1/4284
f 1205/1/4284 1204/1/4284 2493/1/4284
s 1804
f 1214/1/4494 2490/1/4282 2493/1/4495
f 2493/1/4495 1204/1/4494 1214/1/4494
s 1805
f 1214/1/4280 1213/1/4280 2494/1/4280
f 2494/1/4280 2490/1/4280 1214/1/4280
s 1806
f 1213/1/4279 1185/1/4279 2475/1/4279
f 2475/1/4279 2494/1/4279 1213/1/4279
s 1807
f 2495/1/4300 2494/1/4300 2475/1/4300
f 2475/1/4300 2477/1/4300 2495/1/4300
s 1808
f 2476/1/4298 2498/1/4298 2495/1/4298
f 2495/1/4298 2477/1/4496 2476/1/4298
s 1809
f 2476/1/4297 1800/1/4297 1823/1/4297
f 1823/1/4297 2498/1/4297 2476/1/4297
s 1810
f 2498/1/4497 1823/1/4498 1822/1/4497
f 1822/1/4497 2496/1/4497 2498/1/4497
s 1811
f 2496/1/4292 1822/1/4292 1821/1/4292
f 1821/1/4292 2497/1/4292 2496/1/4292
s 1812
f 2497/1/4291 1821/1/4291 1820/1/4499
f 1820/1/4499 2500/1/4291 2497/1/4291
s 1813
f 2501/1/4290 2492/1/4290 2497/1/4290
f 2497/1/4290 2500/1/4290 2501/1/4290
s 1814
f 2492/1/4287 2501/1/4287 2499/1/4287
f 2499/1/4287 2493/1/4287 2492/1/4287
s 1815
f 2502/1/4500 2503/1/4501 2504/1/4502
f 2504/1/4502 2505/1/4502 2502/1/4500
s 1816
f 2506/1/4503 2507/1/4504 2503/1/4503
f 2503/1/4503 2502/1/4503 2506/1/4503
s 1817
f 2503/1/4505 2508/1/4506 2509/1/4506
f 2509/1/4506 2504/1/4507 2503/1/4505
s 1818
f 2510/1/4508 2508/1/4509 2503/1/4510
f 2503/1/4510 2507/1/4508 2510/1/4508
s 1819
f 2487/1/4511 1090/1/4511 1112/1/4512
f 1112/1/4512 2505/1/4513 2487/1/4511
s 1820
f 2505/1/4514 1112/1/4515 1111/1/4515
f 1111/1/4515 2502/1/4514 2505/1/4514
s 1821
f 2506/1/4516 2502/1/4516 1111/1/4516
f 1111/1/4516 1109/1/4516 2506/1/4516
s 1822
f 2506/1/4517 1109/1/4518 1110/1/4518
f 1110/1/4518 2511/1/4518 2506/1/4517
s 1823
f 2511/1/4519 2512/1/4519 2507/1/4520
f 2507/1/4520 2506/1/4521 2511/1/4519
s 1824
f 2510/1/4522 2507/1/4523 2512/1/4523
f 2512/1/4523 2513/1/4523 2510/1/4522
s 1825
f 1727/1/4524 1726/1/4525 2510/1/4525
f 2510/1/4525 2513/1/4524 1727/1/4524
s 1826
f 2510/1/4526 1726/1/4526 1725/1/4526
f 1725/1/4526 2508/1/4526 2510/1/4526
s 1827
f 1725/1/4527 1724/1/4527 2509/1/4527
f 2509/1/4527 2508/1/4527 1725/1/4527
s 1828
f 1724/1/4528 1707/1/4529 2489/1/4529
f 2489/1/4529 2509/1/4528 1724/1/4528
s 1829
f 2488/1/4530 2504/1/4531 2509/1/4531
f 2509/1/4531 2489/1/4530 2488/1/4530
s 1830
f 2504/1/4532 2488/1/4533 2487/1/4533
f 2487/1/4533 2505/1/4533 2504/1/4532
s 1831
f 2514/1/3917 2515/1/3917 2516/1/4534
f 2516/1/4534 2517/1/3917 2514/1/3917
s 1832
f 2518/1/3916 2519/1/3916 2515/1/3916
f 2515/1/3916 2514/1/3916 2518/1/3916
s 1833
f 2515/1/4535 2520/1/3919 2521/1/3919
f 2521/1/3919 2516/1/4536 2515/1/4535
s 1834
f 2519/1/3918 2522/1/3918 2520/1/3918
f 2520/1/3918 2515/1/4537 2519/1/3918
s 1835
f 2517/1/4538 2523/1/4538 1225/1/4538
f 1225/1/4538 1224/1/4538 2517/1/4538
s 1836
f 1234/1/4539 2514/1/4540 2517/1/4540
f 2517/1/4540 1224/1/4539 1234/1/4539
s 1837
f 1234/1/3921 1233/1/3921 2518/1/3921
f 2518/1/3921 2514/1/3921 1234/1/3921
s 1838
f 1233/1/4541 1205/1/3920 2499/1/4541
f 2499/1/4541 2518/1/4541 1233/1/4541
s 1839
f 2519/1/4542 2518/1/3936 2499/1/3936
f 2499/1/3936 2501/1/3936 2519/1/4542
s 1840
f 2500/1/3935 2522/1/3935 2519/1/3935
f 2519/1/3935 2501/1/3935 2500/1/3935
s 1841
f 2500/1/4543 1820/1/4543 1843/1/4544
f 1843/1/4544 2522/1/4545 2500/1/4543
s 1842
f 2522/1/3932 1843/1/3932 1842/1/3932
f 1842/1/3932 2520/1/3932 2522/1/3932
s 1843
f 2520/1/4546 1842/1/3930 1841/1/3930
f 1841/1/3930 2521/1/3930 2520/1/4546
s 1844
f 2521/1/3929 1841/1/3929 1840/1/3929
f 1840/1/3929 2524/1/3929 2521/1/3929
s 1845
f 2525/1/3928 2516/1/3928 2521/1/3928
f 2521/1/3928 2524/1/3928 2525/1/3928
s 1846
f 2516/1/3927 2525/1/3927 2523/1/3927
f 2523/1/3927 2517/1/3927 2516/1/3927
s 1847
f 2526/1/4547 2527/1/4547 2528/1/4548
f 2528/1/4548 2529/1/4549 2526/1/4547
s 1848
f 2530/1/4550 2531/1/4551 2527/1/4552
f 2527/1/4552 2526/1/4551 2530/1/4550
s 1849
f 2527/1/4553 2532/1/4554 2533/1/4553
f 2533/1/4553 2528/1/4553 2527/1/4553
s 1850
f 2534/1/4555 2532/1/4555 2527/1/4555
f 2527/1/4555 2531/1/4555 2534/1/4555
s 1851
f 2511/1/4556 1110/1/4557 1132/1/4556
f 1132/1/4556 2529/1/4558 2511/1/4556
s 1852
f 2529/1/4559 1132/1/4559 1131/1/4559
f 1131/1/4559 2526/1/4560 2529/1/4559
s 1853
f 2530/1/4561 2526/1/4561 1131/1/4562
f 1131/1/4562 1129/1/4562 2530/1/4561
s 1854
f 2530/1/4563 1129/1/4564 1130/1/4564
f 1130/1/4564 2535/1/4565 2530/1/4563
s 1855
f 2535/1/4566 2536/1/4567 2531/1/4566
f 2531/1/4566 2530/1/4567 2535/1/4566
s 1856
f 2534/1/4568 2531/1/4569 2536/1/4568
f 2536/1/4568 2537/1/4568 2534/1/4568
s 1857
f 1747/1/4570 1746/1/4570 2534/1/4570
f 2534/1/4570 2537/1/4570 1747/1/4570
s 1858
f 2534/1/4571 1746/1/4572 1745/1/4571
f 1745/1/4571 2532/1/4571 2534/1/4571
s 1859
f 1745/1/4573 1744/1/4574 2533/1/4574
f 2533/1/4574 2532/1/4575 1745/1/4573
s 1860
f 1744/1/4576 1727/1/4577 2513/1/4576
f 2513/1/4576 2533/1/4578 1744/1/4576
s 1861
f 2512/1/4579 2528/1/4580 2533/1/4580
f 2533/1/4580 2513/1/4580 2512/1/4579
s 1862
f 2511/1/4581 2529/1/4581 2528/1/4581
f 2528/1/4581 2512/1/4581 2511/1/4581
s 1863
f 2538/1/3989 2539/1/3989 2540/1/4582
f 2540/1/4582 2541/1/4583 2538/1/3989
s 1864
f 2542/1/3988 2543/1/3988 2539/1/3988
f 2539/1/3988 2538/1/3988 2542/1/3988
s 1865
f 2539/1/3991 2544/1/3991 2545/1/3991
f 2545/1/3991 2540/1/3991 2539/1/3991
s 1866
f 2543/1/4584 2546/1/3990 2544/1/3990
f 2544/1/3990 2539/1/3990 2543/1/4584
s 1867
f 2541/1/4585 2547/1/4586 1245/1/4586
f 1245/1/4586 1244/1/4587 2541/1/4585
s 1868
f 1254/1/4588 2538/1/3995 2541/1/4588
f 2541/1/4588 1244/1/4589 1254/1/4588
s 1869
f 1254/1/3993 1253/1/3993 2542/1/3993
f 2542/1/3993 2538/1/3993 1254/1/3993
s 1870
f 1253/1/3992 1225/1/3992 2523/1/3992
f 2523/1/3992 2542/1/3992 1253/1/3992
s 1871
f 2543/1/4009 2542/1/4009 2523/1/4590
f 2523/1/4590 2525/1/4009 2543/1/4009
s 1872
f 2524/1/4008 2546/1/4008 2543/1/4008
f 2543/1/4008 2525/1/4591 2524/1/4008
s 1873
f 2524/1/4007 1840/1/4007 1863/1/4007
f 1863/1/4007 2546/1/4007 2524/1/4007
s 1874
f 2546/1/4005 1863/1/4005 1862/1/4005
f 1862/1/4005 2544/1/4005 2546/1/4005
s 1875
f 2544/1/4004 1862/1/4004 1861/1/4004
f 1861/1/4004 2545/1/4004 2544/1/4004
s 1876
f 2545/1/4002 1861/1/4002 1860/1/4002
f 1860/1/4002 2548/1/4002 2545/1/4002
s 1877
f 2549/1/4592 2540/1/4001 2545/1/4592
f 2545/1/4592 2548/1/4593 2549/1/4592
s 1878
f 2540/1/4000 2549/1/4000 2547/1/4000
f 2547/1/4000 2541/1/4000 2540/1/4000
s 1879
f 2550/1/4594 2551/1/4594 2552/1/4594
f 2552/1/4594 2553/1/4594 2550/1/4594
s 1880
f 2554/1/4595 2555/1/4595 2551/1/4595
f 2551/1/4595 2550/1/4595 2554/1/4595
s 1881
f 2551/1/4596 2556/1/4597 2557/1/4596
f 2557/1/4596 2552/1/4598 2551/1/4596
s 1882
f 2558/1/4599 2556/1/4600 2551/1/4600
f 2551/1/4600 2555/1/4601 2558/1/4599
s 1883
f 2535/1/4602 1130/1/4602 1152/1/4602
f 1152/1/4602 2553/1/4602 2535/1/4602
s 1884
f 2553/1/4603 1152/1/4604 1151/1/4604
f 1151/1/4604 2550/1/4604 2553/1/4603
s 1885
f 2554/1/4605 2550/1/4606 1151/1/4605
f 1151/1/4605 1149/1/4605 2554/1/4605
s 1886
f 2554/1/4607 1149/1/4608 1150/1/4607
f 1150/1/4607 2559/1/4607 2554/1/4607
s 1887
f 2559/1/4609 2560/1/4610 2555/1/4609
f 2555/1/4609 2554/1/4609 2559/1/4609
s 1888
f 2558/1/4611 2555/1/4612 2560/1/4612
f 2560/1/4612 2561/1/4613 2558/1/4611
s 1889
f 1767/1/4614 1766/1/4614 2558/1/4614
f 2558/1/4614 2561/1/4614 1767/1/4614
s 1890
f 2558/1/4615 1766/1/4616 1765/1/4616
f 1765/1/4616 2556/1/4616 2558/1/4615
s 1891
f 1765/1/4617 1764/1/4617 2557/1/4618
f 2557/1/4618 2556/1/4617 1765/1/4617
s 1892
f 1764/1/4619 1747/1/4619 2537/1/4619
f 2537/1/4619 2557/1/4620 1764/1/4619
s 1893
f 2536/1/4621 2552/1/4621 2557/1/4621
f 2557/1/4621 2537/1/4621 2536/1/4621
s 1894
f 2535/1/4622 2553/1/4622 2552/1/4622
f 2552/1/4622 2536/1/4622 2535/1/4622
s 1895
f 2562/1/4079 2563/1/4079 2564/1/4079
f 2564/1/4079 2565/1/4079 2562/1/4079
s 1896
f 2566/1/4623 2567/1/4078 2563/1/4078
f 2563/1/4078 2562/1/4624 2566/1/4623
s 1897
f 2563/1/4083 2568/1/4083 2569/1/4083
f 2569/1/4083 2564/1/4083 2563/1/4083
s 1898
f 2567/1/4625 2570/1/4082 2568/1/4082
f 2568/1/4082 2563/1/4625 2567/1/4625
s 1899
f 2565/1/4626 2571/1/4626 1265/1/4090
f 1265/1/4090 1264/1/4627 2565/1/4626
s 1900
f 1274/1/4089 2562/1/4089 2565/1/4089
f 2565/1/4089 1264/1/4089 1274/1/4089
s 1901
f 1274/1/4087 1273/1/4087 2566/1/4087
f 2566/1/4087 2562/1/4087 1274/1/4087
s 1902
f 1273/1/4084 1245/1/4084 2547/1/4084
f 2547/1/4084 2566/1/4084 1273/1/4084
s 1903
f 2567/1/4103 2566/1/4103 2547/1/4103
f 2547/1/4103 2549/1/4103 2567/1/4103
s 1904
f 2548/1/4102 2570/1/4102 2567/1/4628
f 2567/1/4628 2549/1/4102 2548/1/4102
s 1905
f 2548/1/4629 1860/1/4101 1883/1/4630
f 1883/1/4630 2570/1/4101 2548/1/4629
s 1906
f 2570/1/4097 1883/1/4631 1882/1/4632
f 1882/1/4632 2568/1/4097 2570/1/4097
s 1907
f 2568/1/4095 1882/1/4095 1881/1/4095
f 1881/1/4095 2569/1/4094 2568/1/4095
s 1908
f 2569/1/4633 1881/1/4093 1880/1/4634
f 1880/1/4634 2572/1/4093 2569/1/4633
s 1909
f 2573/1/4635 2564/1/4092 2569/1/4636
f 2569/1/4636 2572/1/4092 2573/1/4635
s 1910
f 2564/1/4637 2573/1/4091 2571/1/4638
f 2571/1/4638 2565/1/4091 2564/1/4637
s 1911
f 2574/1/4639 2575/1/4640 2576/1/4639
f 2576/1/4639 2577/1/4639 2574/1/4639
s 1912
f 2578/1/4641 2579/1/4641 2575/1/4641
f 2575/1/4641 2574/1/4641 2578/1/4641
s 1913
f 2575/1/4642 2580/1/4642 2581/1/4642
f 2581/1/4642 2576/1/4642 2575/1/4642
s 1914
f 2582/1/4643 2580/1/4643 2575/1/4643
f 2575/1/4643 2579/1/4643 2582/1/4643
s 1915
f 2559/1/4644 1150/1/4644 1172/1/4644
f 1172/1/4644 2577/1/4644 2559/1/4644
s 1916
f 2577/1/4645 1172/1/4646 1171/1/4646
f 1171/1/4646 2574/1/4646 2577/1/4645
s 1917
f 2578/1/4647 2574/1/4647 1171/1/4647
f 1171/1/4647 1169/1/4647 2578/1/4647
s 1918
f 2578/1/4648 1169/1/4648 1170/1/4649
f 1170/1/4649 2583/1/4649 2578/1/4648
s 1919
f 2583/1/4650 2584/1/4651 2579/1/4651
f 2579/1/4651 2578/1/4651 2583/1/4650
s 1920
f 2582/1/4652 2579/1/4652 2584/1/4652
f 2584/1/4652 2585/1/4652 2582/1/4652
s 1921
f 1787/1/4653 1786/1/4653 2582/1/4654
f 2582/1/4654 2585/1/4654 1787/1/4653
s 1922
f 2582/1/4655 1786/1/4655 1785/1/4656
f 1785/1/4656 2580/1/4655 2582/1/4655
s 1923
f 1785/1/4657 1784/1/4657 2581/1/4658
f 2581/1/4658 2580/1/4657 1785/1/4657
s 1924
f 1784/1/4659 1767/1/4659 2561/1/4660
f 2561/1/4660 2581/1/4659 1784/1/4659
s 1925
f 2560/1/4661 2576/1/4662 2581/1/4662
f 2581/1/4662 2561/1/4663 2560/1/4661
s 1926
f 2576/1/4664 2560/1/4665 2559/1/4665
f 2559/1/4665 2577/1/4665 2576/1/4664
s 1927
f 2586/1/4175 2587/1/4175 2588/1/4175
f 2588/1/4175 2589/1/4175 2586/1/4175
s 1928
f 2590/1/4171 2591/1/4171 2587/1/4171
f 2587/1/4171 2586/1/4171 2590/1/4171
s 1929
f 2587/1/4177 2592/1/4177 2593/1/4177
f 2593/1/4177 2588/1/4177 2587/1/4177
s 1930
f 2591/1/4176 2594/1/4176 2592/1/4176
f 2592/1/4176 2587/1/4176 2591/1/4176
s 1931
f 2589/1/4182 2595/1/4182 1285/1/4182
f 1285/1/4182 1284/1/4666 2589/1/4182
s 1932
f 1294/1/4181 2586/1/4181 2589/1/4181
f 2589/1/4181 1284/1/4181 1294/1/4181
s 1933
f 1294/1/4667 1293/1/4179 2590/1/4667
f 2590/1/4667 2586/1/4667 1294/1/4667
s 1934
f 1293/1/4178 1265/1/4178 2571/1/4178
f 2571/1/4178 2590/1/4178 1293/1/4178
s 1935
f 2591/1/4668 2590/1/4196 2571/1/4669
f 2571/1/4669 2573/1/4196 2591/1/4668
s 1936
f 2572/1/4670 2594/1/4195 2591/1/4195
f 2591/1/4195 2573/1/4195 2572/1/4670
s 1937
f 2572/1/4194 1880/1/4194 1903/1/4194
f 1903/1/4194 2594/1/4194 2572/1/4194
s 1938
f 2594/1/4193 1903/1/4193 1902/1/4193
f 1902/1/4193 2592/1/4671 2594/1/4193
s 1939
f 2592/1/4191 1902/1/4191 1901/1/4672
f 1901/1/4672 2593/1/4191 2592/1/4191
s 1940
f 2593/1/4190 1901/1/4189 1900/1/4190
f 1900/1/4190 2596/1/4673 2593/1/4190
s 1941
f 2597/1/4186 2588/1/4186 2593/1/4186
f 2593/1/4186 2596/1/4186 2597/1/4186
s 1942
f 2588/1/4184 2597/1/4184 2595/1/4184
f 2595/1/4184 2589/1/4184 2588/1/4184
s 1943
f 2598/1/4674 2599/1/4674 2600/1/4674
f 2600/1/4674 2601/1/4674 2598/1/4674
s 1944
f 2602/1/4675 2603/1/4675 2599/1/4675
f 2599/1/4675 2598/1/4675 2602/1/4675
s 1945
f 2599/1/4676 2604/1/4676 2605/1/4676
f 2605/1/4676 2600/1/4676 2599/1/4676
s 1946
f 2606/1/4677 2604/1/4677 2599/1/4677
f 2599/1/4677 2603/1/4677 2606/1/4677
s 1947
f 2583/1/4678 1170/1/4679 1192/1/4679
f 1192/1/4679 2601/1/4679 2583/1/4678
s 1948
f 2601/1/4680 1192/1/4680 1191/1/4680
f 1191/1/4680 2598/1/4680 2601/1/4680
s 1949
f 2602/1/4681 2598/1/4681 1191/1/4681
f 1191/1/4681 1189/1/4681 2602/1/4681
s 1950
f 2602/1/4682 1189/1/4682 1190/1/4682
f 1190/1/4682 2607/1/4683 2602/1/4682
s 1951
f 2607/1/4684 2608/1/4685 2603/1/4684
f 2603/1/4684 2602/1/4684 2607/1/4684
s 1952
f 2606/1/4686 2603/1/4686 2608/1/4686
f 2608/1/4686 2609/1/4686 2606/1/4686
s 1953
f 1807/1/4687 1806/1/4688 2606/1/4688
f 2606/1/4688 2609/1/4689 1807/1/4687
s 1954
f 2606/1/4690 1806/1/4690 1805/1/4691
f 1805/1/4691 2604/1/4690 2606/1/4690
s 1955
f 1805/1/4692 1804/1/4692 2605/1/4692
f 2605/1/4692 2604/1/4692 1805/1/4692
s 1956
f 1804/1/4693 1787/1/4693 2585/1/4694
f 2585/1/4694 2605/1/4693 1804/1/4693
s 1957
f 2584/1/4695 2600/1/4695 2605/1/4695
f 2605/1/4695 2585/1/4696 2584/1/4695
s 1958
f 2600/1/4697 2584/1/4697 2583/1/4697
f 2583/1/4697 2601/1/4697 2600/1/4697
s 1959
f 2610/1/4698 2611/1/4229 2612/1/4699
f 2612/1/4699 2613/1/4229 2610/1/4698
s 1960
f 2614/1/4700 2615/1/4700 2611/1/4227
f 2611/1/4227 2610/1/4227 2614/1/4700
s 1961
f 2611/1/4233 2616/1/4233 2617/1/4701
f 2617/1/4701 2612/1/4233 2611/1/4233
s 1962
f 2615/1/4702 2618/1/4232 2616/1/4232
f 2616/1/4232 2611/1/4232 2615/1/4702
s 1963
f 2613/1/4240 2619/1/4240 1305/1/4703
f 1305/1/4703 1304/1/4240 2613/1/4240
s 1964
f 1314/1/4238 2610/1/4238 2613/1/4238
f 2613/1/4238 1304/1/4238 1314/1/4238
s 1965
f 1314/1/4237 1313/1/4237 2614/1/4237
f 2614/1/4237 2610/1/4237 1314/1/4237
s 1966
f 1313/1/4704 1285/1/4705 2595/1/4706
f 2595/1/4706 2614/1/4234 1313/1/4704
s 1967
f 2615/1/4257 2614/1/4257 2595/1/4257
f 2595/1/4257 2597/1/4257 2615/1/4257
s 1968
f 2596/1/4254 2618/1/4254 2615/1/4254
f 2615/1/4254 2597/1/4254 2596/1/4254
s 1969
f 2596/1/4252 1900/1/4252 1923/1/4252
f 1923/1/4252 2618/1/4707 2596/1/4252
s 1970
f 2618/1/4251 1923/1/4708 1922/1/4251
f 1922/1/4251 2616/1/4251 2618/1/4251
s 1971
f 2616/1/4248 1922/1/4248 1921/1/4248
f 1921/1/4248 2617/1/4248 2616/1/4248
s 1972
f 2617/1/4246 1921/1/4246 1920/1/4246
f 1920/1/4246 2620/1/4246 2617/1/4246
s 1973
f 2621/1/4709 2612/1/4710 2617/1/4711
f 2617/1/4711 2620/1/4710 2621/1/4709
s 1974
f 2612/1/4712 2621/1/4713 2619/1/4712
f 2619/1/4712 2613/1/4242 2612/1/4712
s 1975
f 2622/1/4714 2623/1/4714 2624/1/4714
f 2624/1/4714 2625/1/4714 2622/1/4714
s 1976
f 2626/1/3837 2627/1/3837 2623/1/3837
f 2623/1/3837 2622/1/3837 2626/1/3837
s 1977
f 2623/1/3840 2628/1/3840 2629/1/3840
f 2629/1/3840 2624/1/3840 2623/1/3840
s 1978
f 2630/1/4715 2628/1/3839 2623/1/4715
f 2623/1/4715 2627/1/4715 2630/1/4715
s 1979
f 2607/1/4716 1190/1/4716 1212/1/3847
f 1212/1/3847 2625/1/3847 2607/1/4716
s 1980
f 2625/1/3846 1212/1/3846 1211/1/3846
f 1211/1/3846 2622/1/3846 2625/1/3846
s 1981
f 2626/1/3845 2622/1/3845 1211/1/3845
f 1211/1/3845 1209/1/3845 2626/1/3845
s 1982
f 2626/1/3844 1209/1/3844 1210/1/3844
f 1210/1/3844 2631/1/3844 2626/1/3844
s 1983
f 2631/1/3861 2632/1/4717 2627/1/3861
f 2627/1/3861 2626/1/3861 2631/1/3861
s 1984
f 2630/1/3859 2627/1/4718 2632/1/3859
f 2632/1/3859 2633/1/3859 2630/1/3859
s 1985
f 1827/1/4719 1826/1/3857 2630/1/3857
f 2630/1/3857 2633/1/3857 1827/1/4719
s 1986
f 2630/1/3854 1826/1/3854 1825/1/3854
f 1825/1/3854 2628/1/3854 2630/1/3854
s 1987
f 1825/1/3853 1824/1/3852 2629/1/3852
f 2629/1/3852 2628/1/3852 1825/1/3853
s 1988
f 1824/1/3851 1807/1/3851 2609/1/3851
f 2609/1/3851 2629/1/3851 1824/1/3851
s 1989
f 2608/1/3849 2624/1/3849 2629/1/3849
f 2629/1/3849 2609/1/3849 2608/1/3849
s 1990
f 2607/1/3848 2625/1/3848 2624/1/3848
f 2624/1/3848 2608/1/3848 2607/1/3848
s 1991
f 2634/1/4720 2635/1/4721 2636/1/4720
f 2636/1/4720 2637/1/4720 2634/1/4720
s 1992
f 2638/1/4722 2639/1/4723 2635/1/4301
f 2635/1/4301 2634/1/4301 2638/1/4722
s 1993
f 2635/1/4309 2640/1/4309 2641/1/4724
f 2641/1/4724 2636/1/4309 2635/1/4309
s 1994
f 2639/1/4306 2642/1/4306 2640/1/4306
f 2640/1/4306 2635/1/4306 2639/1/4306
s 1995
f 2637/1/4322 2643/1/4322 1325/1/4322
f 1325/1/4322 1324/1/4322 2637/1/4322
s 1996
f 1334/1/4725 2634/1/4318 2637/1/4725
f 2637/1/4725 1324/1/4725 1334/1/4725
s 1997
f 1334/1/4315 1333/1/4315 2638/1/4315
f 2638/1/4315 2634/1/4315 1334/1/4315
s 1998
f 1333/1/4726 1305/1/4727 2619/1/4727
f 2619/1/4727 2638/1/4727 1333/1/4726
s 1999
f 2639/1/4728 2638/1/4337 2619/1/4337
f 2619/1/4337 2621/1/4337 2639/1/4728
s 2000
f 2620/1/4336 2642/1/4729 2639/1/4336
f 2639/1/4336 2621/1/4336 2620/1/4336
s 2001
f 2620/1/4730 1920/1/4731 1943/1/4730
f 1943/1/4730 2642/1/4730 2620/1/4730
s 2002
f 2642/1/4331 1943/1/4331 1942/1/4331
f 1942/1/4331 2640/1/4331 2642/1/4331
s 2003
f 2640/1/4732 1942/1/4329 1941/1/4329
f 1941/1/4329 2641/1/4329 2640/1/4732
s 2004
f 2641/1/4328 1941/1/4328 1940/1/4328
f 1940/1/4328 2644/1/4328 2641/1/4328
s 2005
f 2645/1/4327 2636/1/4733 2641/1/4327
f 2641/1/4327 2644/1/4327 2645/1/4327
s 2006
f 2636/1/4324 2645/1/4324 2643/1/4324
f 2643/1/4324 2637/1/4324 2636/1/4324
s 2007
f 2646/1/4734 2647/1/4735 2648/1/4734
f 2648/1/4734 2649/1/4734 2646/1/4734
s 2008
f 2650/1/4736 2651/1/4736 2647/1/4736
f 2647/1/4736 2646/1/4737 2650/1/4736
s 2009
f 2647/1/4738 2652/1/4738 2653/1/4738
f 2653/1/4738 2648/1/4738 2647/1/4738
s 2010
f 2654/1/4739 2652/1/4739 2647/1/4739
f 2647/1/4739 2651/1/4739 2654/1/4739
s 2011
f 2631/1/4740 1210/1/4741 1232/1/4740
f 1232/1/4740 2649/1/4742 2631/1/4740
s 2012
f 2649/1/4743 1232/1/4743 1231/1/4744
f 1231/1/4744 2646/1/4743 2649/1/4743
s 2013
f 2650/1/4745 2646/1/4745 1231/1/4745
f 1231/1/4745 1229/1/4745 2650/1/4745
s 2014
f 2650/1/4746 1229/1/4746 1230/1/4746
f 1230/1/4746 2655/1/4746 2650/1/4746
s 2015
f 2655/1/4747 2656/1/4747 2651/1/4747
f 2651/1/4747 2650/1/4747 2655/1/4747
s 2016
f 2654/1/4748 2651/1/4748 2656/1/4749
f 2656/1/4749 2657/1/4748 2654/1/4748
s 2017
f 1847/1/4750 1846/1/4751 2654/1/4750
f 2654/1/4750 2657/1/4750 1847/1/4750
s 2018
f 2654/1/4752 1846/1/4752 1845/1/4752
f 1845/1/4752 2652/1/4753 2654/1/4752
s 2019
f 1845/1/4754 1844/1/4754 2653/1/4754
f 2653/1/4754 2652/1/4754 1845/1/4754
s 2020
f 1844/1/4755 1827/1/4755 2633/1/4756
f 2633/1/4756 2653/1/4755 1844/1/4755
s 2021
f 2632/1/4757 2648/1/4757 2653/1/4758
f 2653/1/4758 2633/1/4757 2632/1/4757
s 2022
f 2631/1/4759 2649/1/4759 2648/1/4760
f 2648/1/4760 2632/1/4759 2631/1/4759
s 2023
f 2658/1/4352 2659/1/4352 2660/1/4352
f 2660/1/4352 2661/1/4352 2658/1/4352
s 2024
f 2662/1/4761 2663/1/4762 2659/1/4761
f 2659/1/4761 2658/1/4763 2662/1/4761
s 2025
f 2659/1/4358 2664/1/4358 2665/1/4358
f 2665/1/4358 2660/1/4358 2659/1/4358
s 2026
f 2663/1/4764 2666/1/4765 2664/1/4764
f 2664/1/4764 2659/1/4764 2663/1/4764
s 2027
f 2661/1/4363 2667/1/4363 1345/1/4766
f 1345/1/4766 1344/1/4363 2661/1/4363
s 2028
f 1354/1/4362 2658/1/4362 2661/1/4362
f 2661/1/4362 1344/1/4767 1354/1/4362
s 2029
f 1354/1/4360 1353/1/4768 2662/1/4768
f 2662/1/4768 2658/1/4360 1354/1/4360
s 2030
f 1353/1/4359 1325/1/4359 2643/1/4359
f 2643/1/4359 2662/1/4359 1353/1/4359
s 2031
f 2663/1/4373 2662/1/4769 2643/1/4373
f 2643/1/4373 2645/1/4373 2663/1/4373
s 2032
f 2644/1/4372 2666/1/4372 2663/1/4372
f 2663/1/4372 2645/1/4372 2644/1/4372
s 2033
f 2644/1/4371 1940/1/4371 1963/1/4371
f 1963/1/4371 2666/1/4371 2644/1/4371
s 2034
f 2666/1/4770 1963/1/4770 1962/1/4770
f 1962/1/4770 2664/1/4770 2666/1/4770
s 2035
f 2664/1/4368 1962/1/4368 1961/1/4771
f 1961/1/4771 2665/1/4368 2664/1/4368
s 2036
f 2665/1/4772 1961/1/4367 1960/1/4367
f 1960/1/4367 2668/1/4772 2665/1/4772
s 2037
f 2665/1/4365 2668/1/4365 2669/1/4773
f 2669/1/4773 2660/1/4365 2665/1/4365
s 2038
f 2660/1/4364 2669/1/4364 2667/1/4364
f 2667/1/4364 2661/1/4364 2660/1/4364
s 2039
f 2670/1/4774 2671/1/4774 2672/1/4774
f 2672/1/4774 2673/1/4774 2670/1/4774
s 2040
f 2674/1/4775 2675/1/4775 2671/1/4775
f 2671/1/4775 2670/1/4776 2674/1/4775
s 2041
f 2671/1/4777 2676/1/4777 2677/1/4777
f 2677/1/4777 2672/1/4777 2671/1/4777
s 2042
f 2678/1/4778 2676/1/4778 2671/1/4778
f 2671/1/4778 2675/1/4778 2678/1/4778
s 2043
f 2655/1/4779 1230/1/4779 1252/1/4779
f 1252/1/4779 2673/1/4779 2655/1/4779
s 2044
f 2673/1/4780 1252/1/4780 1251/1/4780
f 1251/1/4780 2670/1/4780 2673/1/4780
s 2045
f 2674/1/4781 2670/1/4782 1251/1/4783
f 1251/1/4783 1249/1/4783 2674/1/4781
s 2046
f 2674/1/4784 1249/1/4784 1250/1/4784
f 1250/1/4784 2679/1/4784 2674/1/4784
s 2047
f 2679/1/4785 2680/1/4785 2675/1/4785
f 2675/1/4785 2674/1/4785 2679/1/4785
s 2048
f 2678/1/4786 2675/1/4786 2680/1/4786
f 2680/1/4786 2681/1/4786 2678/1/4786
s 2049
f 1867/1/4787 1866/1/4787 2678/1/4787
f 2678/1/4787 2681/1/4787 1867/1/4787
s 2050
f 2678/1/4788 1866/1/4789 1865/1/4788
f 1865/1/4788 2676/1/4790 2678/1/4788
s 2051
f 1865/1/4791 1864/1/4792 2677/1/4791
f 2677/1/4791 2676/1/4791 1865/1/4791
s 2052
f 1864/1/4793 1847/1/4793 2657/1/4793
f 2657/1/4793 2677/1/4793 1864/1/4793
s 2053
f 2656/1/4794 2672/1/4794 2677/1/4794
f 2677/1/4794 2657/1/4794 2656/1/4794
s 2054
f 2672/1/4795 2656/1/4795 2655/1/4795
f 2655/1/4795 2673/1/4795 2672/1/4795
s 2055
f 2682/1/4796 2683/1/4386 2684/1/4388
f 2684/1/4388 2685/1/4387 2682/1/4796
s 2056
f 2686/1/4385 2687/1/4385 2683/1/4385
f 2683/1/4385 2682/1/4385 2686/1/4385
s 2057
f 2683/1/4797 2688/1/4391 2689/1/4391
f 2689/1/4391 2684/1/4391 2683/1/4797
s 2058
f 2687/1/4389 2690/1/4389 2688/1/4389
f 2688/1/4389 2683/1/4389 2687/1/4389
s 2059
f 2685/1/4400 2691/1/4400 1365/1/4400
f 1365/1/4400 1364/1/4400 2685/1/4400
s 2060
f 1374/1/4798 2682/1/4398 2685/1/4398
f 2685/1/4398 1364/1/4398 1374/1/4798
s 2061
f 1374/1/4395 1373/1/4397 2686/1/4799
f 2686/1/4799 2682/1/4396 1374/1/4395
s 2062
f 1373/1/4800 1345/1/4800 2667/1/4801
f 2667/1/4801 2686/1/4392 1373/1/4800
s 2063
f 2687/1/4417 2686/1/4416 2667/1/4417
f 2667/1/4417 2669/1/4417 2687/1/4417
s 2064
f 2668/1/4415 2690/1/4802 2687/1/4415
f 2687/1/4415 2669/1/4415 2668/1/4415
s 2065
f 2668/1/4412 1960/1/4412 1983/1/4412
f 1983/1/4412 2690/1/4412 2668/1/4412
s 2066
f 2690/1/4411 1983/1/4411 1982/1/4803
f 1982/1/4803 2688/1/4411 2690/1/4411
s 2067
f 2688/1/4804 1982/1/4805 1981/1/4806
f 1981/1/4806 2689/1/4410 2688/1/4804
s 2068
f 2689/1/4406 1981/1/4406 1980/1/4807
f 1980/1/4807 2692/1/4406 2689/1/4406
s 2069
f 2689/1/4808 2692/1/4404 2693/1/4808
f 2693/1/4808 2684/1/4404 2689/1/4808
s 2070
f 2684/1/4809 2693/1/4401 2691/1/4401
f 2691/1/4401 2685/1/4401 2684/1/4809
s 2071
f 2694/1/4810 2695/1/4811 2696/1/4810
f 2696/1/4810 2697/1/4812 2694/1/4810
s 2072
f 2698/1/4813 2699/1/4814 2695/1/4815
f 2695/1/4815 2694/1/4815 2698/1/4813
s 2073
f 2695/1/4816 2700/1/4817 2701/1/4816
f 2701/1/4816 2696/1/4818 2695/1/4816
s 2074
f 2702/1/4819 2700/1/4820 2695/1/4820
f 2695/1/4820 2699/1/4820 2702/1/4819
s 2075
f 2679/1/4821 1250/1/4821 1272/1/4822
f 1272/1/4822 2697/1/4821 2679/1/4821
s 2076
f 2697/1/4823 1272/1/4823 1271/1/4824
f 1271/1/4824 2694/1/4824 2697/1/4823
s 2077
f 2698/1/4825 2694/1/4825 1271/1/4825
f 1271/1/4825 1269/1/4825 2698/1/4825
s 2078
f 2698/1/4826 1269/1/4826 1270/1/4826
f 1270/1/4826 2703/1/4826 2698/1/4826
s 2079
f 2703/1/4827 2704/1/4827 2699/1/4827
f 2699/1/4827 2698/1/4827 2703/1/4827
s 2080
f 2702/1/4828 2699/1/4828 2704/1/4829
f 2704/1/4829 2705/1/4828 2702/1/4828
s 2081
f 1887/1/4830 1886/1/4830 2702/1/4830
f 2702/1/4830 2705/1/4830 1887/1/4830
s 2082
f 2702/1/4831 1886/1/4831 1885/1/4832
f 1885/1/4832 2700/1/4833 2702/1/4831
s 2083
f 1885/1/4834 1884/1/4835 2701/1/4836
f 2701/1/4836 2700/1/4837 1885/1/4834
s 2084
f 1884/1/4838 1867/1/4839 2681/1/4839
f 2681/1/4839 2701/1/4840 1884/1/4838
s 2085
f 2680/1/4841 2696/1/4841 2701/1/4842
f 2701/1/4842 2681/1/4843 2680/1/4841
s 2086
f 2679/1/4844 2697/1/4845 2696/1/4845
f 2696/1/4845 2680/1/4845 2679/1/4844
s 2087
f 2706/1/4430 2707/1/4430 2708/1/4430
f 2708/1/4430 2709/1/4430 2706/1/4430
s 2088
f 2710/1/4428 2711/1/4429 2707/1/4429
f 2707/1/4429 2706/1/4429 2710/1/4428
s 2089
f 2707/1/4433 2712/1/4433 2713/1/4433
f 2713/1/4433 2708/1/4433 2707/1/4433
s 2090
f 2711/1/4431 2714/1/4431 2712/1/4431
f 2712/1/4431 2707/1/4431 2711/1/4431
s 2091
f 2709/1/4846 2715/1/4439 1385/1/4847
f 1385/1/4847 1384/1/4848 2709/1/4846
s 2092
f 1394/1/4849 2706/1/4437 2709/1/4850
f 2709/1/4850 1384/1/4851 1394/1/4849
s 2093
f 1394/1/4436 1393/1/4436 2710/1/4436
f 2710/1/4436 2706/1/4436 1394/1/4436
s 2094
f 1393/1/4434 1365/1/4434 2691/1/4434
f 2691/1/4434 2710/1/4434 1393/1/4434
s 2095
f 2711/1/4454 2710/1/4454 2691/1/4454
f 2691/1/4454 2693/1/4454 2711/1/4454
s 2096
f 2692/1/4452 2714/1/4452 2711/1/4452
f 2711/1/4452 2693/1/4452 2692/1/4452
s 2097
f 2692/1/4852 1980/1/4852 2003/1/4852
f 2003/1/4852 2714/1/4852 2692/1/4852
s 2098
f 2714/1/4448 2003/1/4448 2002/1/4448
f 2002/1/4448 2712/1/4448 2714/1/4448
s 2099
f 2712/1/4446 2002/1/4446 2001/1/4446
f 2001/1/4446 2713/1/4446 2712/1/4446
s 2100
f 2713/1/4853 2001/1/4445 2000/1/4854
f 2000/1/4854 2716/1/4855 2713/1/4853
s 2101
f 2717/1/4856 2708/1/4443 2713/1/4856
f 2713/1/4856 2716/1/4857 2717/1/4856
s 2102
f 2708/1/4441 2717/1/4441 2715/1/4441
f 2715/1/4441 2709/1/4441 2708/1/4441
s 2103
f 2718/1/4858 2719/1/4858 2720/1/4858
f 2720/1/4858 2721/1/4858 2718/1/4858
s 2104
f 2722/1/4859 2723/1/4859 2719/1/4859
f 2719/1/4859 2718/1/4859 2722/1/4859
s 2105
f 2719/1/4860 2724/1/4861 2725/1/4860
f 2725/1/4860 2720/1/4862 2719/1/4860
s 2106
f 2726/1/4863 2724/1/4863 2719/1/4863
f 2719/1/4863 2723/1/4863 2726/1/4863
s 2107
f 2703/1/4864 1270/1/4865 1292/1/4866
f 1292/1/4866 2721/1/4867 2703/1/4864
s 2108
f 2721/1/4868 1292/1/4868 1291/1/4868
f 1291/1/4868 2718/1/4868 2721/1/4868
s 2109
f 2722/1/4869 2718/1/4870 1291/1/4870
f 1291/1/4870 1289/1/4870 2722/1/4869
s 2110
f 2722/1/4871 1289/1/4872 1290/1/4873
f 1290/1/4873 2727/1/4874 2722/1/4871
s 2111
f 2727/1/4875 2728/1/4875 2723/1/4875
f 2723/1/4875 2722/1/4875 2727/1/4875
s 2112
f 2726/1/4876 2723/1/4876 2728/1/4876
f 2728/1/4876 2729/1/4876 2726/1/4876
s 2113
f 1907/1/4877 1906/1/4877 2726/1/4877
f 2726/1/4877 2729/1/4877 1907/1/4877
s 2114
f 2726/1/4878 1906/1/4879 1905/1/4880
f 1905/1/4880 2724/1/4881 2726/1/4878
s 2115
f 1905/1/4882 1904/1/4883 2725/1/4882
f 2725/1/4882 2724/1/4882 1905/1/4882
s 2116
f 1904/1/4884 1887/1/4884 2705/1/4884
f 2705/1/4884 2725/1/4884 1904/1/4884
s 2117
f 2704/1/4885 2720/1/4886 2725/1/4886
f 2725/1/4886 2705/1/4886 2704/1/4885
s 2118
f 2703/1/4887 2721/1/4887 2720/1/4887
f 2720/1/4887 2704/1/4887 2703/1/4887
s 2119
f 2730/1/4888 2731/1/4888 2732/1/4888
f 2732/1/4888 2733/1/4473 2730/1/4888
s 2120
f 2734/1/4472 2735/1/4472 2731/1/4472
f 2731/1/4472 2730/1/4472 2734/1/4472
s 2121
f 2731/1/4889 2736/1/4890 2737/1/4889
f 2737/1/4889 2732/1/4477 2731/1/4889
s 2122
f 2735/1/4891 2738/1/4892 2736/1/4891
f 2736/1/4891 2731/1/4476 2735/1/4891
s 2123
f 2733/1/4483 2739/1/4483 1405/1/4893
f 1405/1/4893 1404/1/4483 2733/1/4483
s 2124
f 1414/1/4482 2730/1/4482 2733/1/4894
f 2733/1/4894 1404/1/4894 1414/1/4482
s 2125
f 1414/1/4481 1413/1/4895 2734/1/4481
f 2734/1/4481 2730/1/4481 1414/1/4481
s 2126
f 1413/1/4479 1385/1/4479 2715/1/4896
f 2715/1/4896 2734/1/4479 1413/1/4479
s 2127
f 2735/1/4492 2734/1/4492 2715/1/4492
f 2715/1/4492 2717/1/4492 2735/1/4492
s 2128
f 2716/1/4491 2738/1/4897 2735/1/4897
f 2735/1/4897 2717/1/4491 2716/1/4491
s 2129
f 2716/1/4490 2000/1/4490 2023/1/4490
f 2023/1/4490 2738/1/4490 2716/1/4490
s 2130
f 2738/1/4898 2023/1/4898 2022/1/4489
f 2022/1/4489 2736/1/4489 2738/1/4898
s 2131
f 2736/1/4899 2022/1/4900 2021/1/4899
f 2021/1/4899 2737/1/4899 2736/1/4899
s 2132
f 2737/1/4486 2021/1/4486 2020/1/4486
f 2020/1/4486 2740/1/4486 2737/1/4486
s 2133
f 2741/1/4485 2732/1/4485 2737/1/4485
f 2737/1/4485 2740/1/4485 2741/1/4485
s 2134
f 2732/1/4484 2741/1/4484 2739/1/4484
f 2739/1/4484 2733/1/4484 2732/1/4484
s 2135
f 2742/1/4901 2743/1/4901 2744/1/4901
f 2744/1/4901 2745/1/4901 2742/1/4901
s 2136
f 2746/1/4902 2747/1/4902 2743/1/4902
f 2743/1/4902 2742/1/4902 2746/1/4902
s 2137
f 2743/1/4903 2748/1/4903 2749/1/4904
f 2749/1/4904 2744/1/4903 2743/1/4903
s 2138
f 2750/1/4905 2748/1/4905 2743/1/4905
f 2743/1/4905 2747/1/4905 2750/1/4905
s 2139
f 2727/1/4906 1290/1/4906 1312/1/4906
f 1312/1/4906 2745/1/4906 2727/1/4906
s 2140
f 2745/1/4907 1312/1/4907 1311/1/4907
f 1311/1/4907 2742/1/4907 2745/1/4907
s 2141
f 2746/1/4908 2742/1/4908 1311/1/4908
f 1311/1/4908 1309/1/4908 2746/1/4908
s 2142
f 2746/1/4909 1309/1/4909 1310/1/4910
f 1310/1/4910 2751/1/4909 2746/1/4909
s 2143
f 2751/1/4911 2752/1/4911 2747/1/4911
f 2747/1/4911 2746/1/4911 2751/1/4911
s 2144
f 2750/1/4912 2747/1/4913 2752/1/4913
f 2752/1/4913 2753/1/4913 2750/1/4912
s 2145
f 1927/1/4914 1926/1/4914 2750/1/4914
f 2750/1/4914 2753/1/4914 1927/1/4914
s 2146
f 2750/1/4915 1926/1/4915 1925/1/4915
f 1925/1/4915 2748/1/4915 2750/1/4915
s 2147
f 1925/1/4916 1924/1/4916 2749/1/4917
f 2749/1/4917 2748/1/4916 1925/1/4916
s 2148
f 1924/1/4918 1907/1/4918 2729/1/4918
f 2729/1/4918 2749/1/4918 1924/1/4918
s 2149
f 2728/1/4919 2744/1/4919 2749/1/4919
f 2749/1/4919 2729/1/4919 2728/1/4919
s 2150
f 2744/1/4920 2728/1/4921 2727/1/4922
f 2727/1/4922 2745/1/4922 2744/1/4920
s 2151
f 2754/1/4503 2755/1/4503 2756/1/4503
f 2756/1/4503 2757/1/4503 2754/1/4503
s 2152
f 2758/1/4923 2759/1/4924 2755/1/4924
f 2755/1/4924 2754/1/4923 2758/1/4923
s 2153
f 2755/1/4508 2760/1/4510 2761/1/4508
f 2761/1/4508 2756/1/4925 2755/1/4508
s 2154
f 2759/1/4506 2762/1/4505 2760/1/4506
f 2760/1/4506 2755/1/4506 2759/1/4506
s 2155
f 2757/1/4926 2763/1/4518 1425/1/4518
f 1425/1/4518 1424/1/4926 2757/1/4926
s 2156
f 1434/1/4516 2754/1/4516 2757/1/4927
f 2757/1/4927 1424/1/4516 1434/1/4516
s 2157
f 1434/1/4514 1433/1/4514 2758/1/4514
f 2758/1/4514 2754/1/4514 1434/1/4514
s 2158
f 1433/1/4512 1405/1/4928 2739/1/4513
f 2739/1/4513 2758/1/4929 1433/1/4512
s 2159
f 2759/1/4930 2758/1/4931 2739/1/4930
f 2739/1/4930 2741/1/4533 2759/1/4930
s 2160
f 2740/1/4530 2762/1/4530 2759/1/4932
f 2759/1/4932 2741/1/4530 2740/1/4530
s 2161
f 2740/1/4529 2020/1/4529 2043/1/4933
f 2043/1/4933 2762/1/4529 2740/1/4529
s 2162
f 2762/1/4527 2043/1/4527 2042/1/4934
f 2042/1/4934 2760/1/4527 2762/1/4527
s 2163
f 2760/1/4526 2042/1/4526 2041/1/4526
f 2041/1/4526 2761/1/4526 2760/1/4526
s 2164
f 2761/1/4524 2041/1/4524 2040/1/4524
f 2040/1/4524 2764/1/4524 2761/1/4524
s 2165
f 2761/1/4935 2764/1/4523 2765/1/4935
f 2765/1/4935 2756/1/4936 2761/1/4935
s 2166
f 2756/1/4519 2765/1/4519 2763/1/4519
f 2763/1/4519 2757/1/4521 2756/1/4519
s 2167
f 2766/1/4736 2767/1/4736 2768/1/4736
f 2768/1/4736 2769/1/4736 2766/1/4736
s 2168
f 2770/1/4937 2771/1/4937 2767/1/4734
f 2767/1/4734 2766/1/4937 2770/1/4937
s 2169
f 2767/1/4739 2772/1/4739 2773/1/4739
f 2773/1/4739 2768/1/4938 2767/1/4739
s 2170
f 2767/1/4738 2771/1/4738 2774/1/4939
f 2774/1/4939 2772/1/4738 2767/1/4738
s 2171
f 2769/1/4746 2775/1/4746 901/1/4940
f 901/1/4940 900/1/4746 2769/1/4746
s 2172
f 2769/1/4941 900/1/4941 914/1/4941
f 914/1/4941 2766/1/4941 2769/1/4941
s 2173
f 912/1/4743 2770/1/4743 2766/1/4743
f 2766/1/4743 914/1/4744 912/1/4743
s 2174
f 2169/1/4942 2770/1/4943 912/1/4942
f 912/1/4942 913/1/4741 2169/1/4942
s 2175
f 2770/1/4759 2169/1/4759 2174/1/4759
f 2174/1/4759 2771/1/4759 2770/1/4759
s 2176
f 2771/1/4757 2174/1/4757 2173/1/4757
f 2173/1/4757 2774/1/4757 2771/1/4757
s 2177
f 879/1/4944 878/1/4755 2774/1/4755
f 2774/1/4755 2173/1/4755 879/1/4944
s 2178
f 2774/1/4945 878/1/4754 877/1/4754
f 877/1/4754 2772/1/4754 2774/1/4945
s 2179
f 2773/1/4946 2772/1/4752 877/1/4752
f 877/1/4752 876/1/4946 2773/1/4946
s 2180
f 876/1/4947 875/1/4947 2776/1/4947
f 2776/1/4947 2773/1/4947 876/1/4947
s 2181
f 2768/1/4748 2773/1/4748 2776/1/4748
f 2776/1/4748 2777/1/4749 2768/1/4748
s 2182
f 2768/1/4747 2777/1/4747 2775/1/4747
f 2775/1/4747 2769/1/4747 2768/1/4747
s 2183
f 2778/1/3868 2779/1/3868 2780/1/3868
f 2780/1/3868 2781/1/3868 2778/1/3868
s 2184
f 2782/1/4948 2783/1/4948 2779/1/4948
f 2779/1/4948 2778/1/4948 2782/1/4948
s 2185
f 2779/1/3871 2784/1/3871 2785/1/3871
f 2785/1/3871 2780/1/3871 2779/1/3871
s 2186
f 2786/1/4949 2784/1/4949 2779/1/3869
f 2779/1/3869 2783/1/3869 2786/1/4949
s 2187
f 2751/1/3880 1310/1/3880 1332/1/3880
f 1332/1/3880 2781/1/3880 2751/1/3880
s 2188
f 2781/1/3876 1332/1/3876 1331/1/3876
f 1331/1/3876 2778/1/3876 2781/1/3876
s 2189
f 2782/1/3875 2778/1/3875 1331/1/4950
f 1331/1/4950 1329/1/3875 2782/1/3875
s 2190
f 2787/1/3873 2782/1/3873 1329/1/3873
f 1329/1/3873 1330/1/3873 2787/1/3873
s 2191
f 2787/1/3891 2788/1/3891 2783/1/3891
f 2783/1/3891 2782/1/3891 2787/1/3891
s 2192
f 2786/1/3889 2783/1/3889 2788/1/4951
f 2788/1/4951 2789/1/3889 2786/1/3889
s 2193
f 2786/1/4952 2789/1/3888 1947/1/3888
f 1947/1/3888 1946/1/4953 2786/1/4952
s 2194
f 2786/1/4954 1946/1/3886 1945/1/4954
f 1945/1/4954 2784/1/4954 2786/1/4954
s 2195
f 1945/1/3885 1944/1/3885 2785/1/3885
f 2785/1/3885 2784/1/3885 1945/1/3885
s 2196
f 1944/1/3884 1927/1/4955 2753/1/3884
f 2753/1/3884 2785/1/3884 1944/1/3884
s 2197
f 2753/1/3883 2752/1/3883 2780/1/4956
f 2780/1/4956 2785/1/3883 2753/1/3883
s 2198
f 2751/1/3881 2781/1/3881 2780/1/3881
f 2780/1/3881 2752/1/3881 2751/1/3881
s 2199
f 2790/1/4551 2791/1/4957 2792/1/4958
f 2792/1/4958 2793/1/4551 2790/1/4551
s 2200
f 2794/1/4959 2795/1/4547 2791/1/4960
f 2791/1/4960 2790/1/4547 2794/1/4959
s 2201
f 2791/1/4961 2796/1/4962 2797/1/4963
f 2797/1/4963 2792/1/4962 2791/1/4961
s 2202
f 2795/1/4553 2798/1/4553 2796/1/4553
f 2796/1/4553 2791/1/4553 2795/1/4553
s 2203
f 2793/1/4964 2799/1/4564 1445/1/4965
f 1445/1/4965 1444/1/4966 2793/1/4964
s 2204
f 1454/1/4967 2790/1/4562 2793/1/4562
f 2793/1/4562 1444/1/4562 1454/1/4967
s 2205
f 1454/1/4559 1453/1/4559 2794/1/4559
f 2794/1/4559 2790/1/4559 1454/1/4559
s 2206
f 1453/1/4558 1425/1/4558 2763/1/4558
f 2763/1/4558 2794/1/4558 1453/1/4558
s 2207
f 2795/1/4968 2794/1/4968 2763/1/4581
f 2763/1/4581 2765/1/4968 2795/1/4968
s 2208
f 2764/1/4580 2798/1/4580 2795/1/4580
f 2795/1/4580 2765/1/4580 2764/1/4580
s 2209
f 2764/1/4578 2040/1/4578 2063/1/4578
f 2063/1/4578 2798/1/4578 2764/1/4578
s 2210
f 2798/1/4574 2063/1/4574 2062/1/4969
f 2062/1/4969 2796/1/4970 2798/1/4574
s 2211
f 2796/1/4971 2062/1/4971 2061/1/4971
f 2061/1/4971 2797/1/4972 2796/1/4971
s 2212
f 2061/1/4973 2060/1/4570 2800/1/4974
f 2800/1/4974 2797/1/4975 2061/1/4973
s 2213
f 2792/1/4569 2797/1/4569 2800/1/4569
f 2800/1/4569 2801/1/4569 2792/1/4569
s 2214
f 2793/1/4567 2792/1/4567 2801/1/4567
f 2801/1/4567 2799/1/4567 2793/1/4567
s 2215
f 2802/1/4976 2803/1/4976 2804/1/4976
f 2804/1/4976 2805/1/4776 2802/1/4976
s 2216
f 2806/1/4977 2807/1/4774 2803/1/4774
f 2803/1/4774 2802/1/4774 2806/1/4977
s 2217
f 2803/1/4978 2808/1/4778 2809/1/4978
f 2809/1/4978 2804/1/4778 2803/1/4978
s 2218
f 2803/1/4777 2807/1/4777 2810/1/4979
f 2810/1/4979 2808/1/4777 2803/1/4777
s 2219
f 925/1/4784 924/1/4784 2805/1/4784
f 2805/1/4784 2811/1/4784 925/1/4784
s 2220
f 2805/1/4781 924/1/4783 934/1/4783
f 934/1/4783 2802/1/4783 2805/1/4781
s 2221
f 934/1/4780 933/1/4780 2806/1/4780
f 2806/1/4780 2802/1/4780 934/1/4780
s 2222
f 2806/1/4779 933/1/4779 901/1/4779
f 901/1/4779 2775/1/4779 2806/1/4779
s 2223
f 2777/1/4795 2807/1/4795 2806/1/4795
f 2806/1/4795 2775/1/4795 2777/1/4795
s 2224
f 2776/1/4794 2810/1/4794 2807/1/4794
f 2807/1/4794 2777/1/4794 2776/1/4794
s 2225
f 875/1/4793 1543/1/4793 2810/1/4793
f 2810/1/4793 2776/1/4793 875/1/4793
s 2226
f 2810/1/4791 1543/1/4791 1542/1/4791
f 1542/1/4791 2808/1/4791 2810/1/4791
s 2227
f 2809/1/4790 2808/1/4790 1542/1/4980
f 1542/1/4980 1539/1/4790 2809/1/4790
s 2228
f 1539/1/4981 1541/1/4982 2812/1/4981
f 2812/1/4981 2809/1/4982 1539/1/4981
s 2229
f 2804/1/4983 2809/1/4984 2812/1/4985
f 2812/1/4985 2813/1/4786 2804/1/4983
s 2230
f 2804/1/4986 2813/1/4785 2811/1/4987
f 2811/1/4987 2805/1/4988 2804/1/4986
s 2231
f 2814/1/4989 2815/1/4989 2816/1/4989
f 2816/1/4989 2817/1/4989 2814/1/4989
s 2232
f 2818/1/3938 2819/1/3938 2815/1/3938
f 2815/1/3938 2814/1/3938 2818/1/3938
s 2233
f 2815/1/4990 2820/1/3945 2821/1/4991
f 2821/1/4991 2816/1/4992 2815/1/4990
s 2234
f 2822/1/4993 2820/1/3942 2815/1/4993
f 2815/1/4993 2819/1/3942 2822/1/4993
s 2235
f 2787/1/4994 1330/1/4995 1352/1/4995
f 1352/1/4995 2817/1/4995 2787/1/4994
s 2236
f 2817/1/3948 1352/1/3948 1351/1/3948
f 1351/1/3948 2814/1/3948 2817/1/3948
s 2237
f 2818/1/3947 2814/1/3947 1351/1/3947
f 1351/1/3947 1349/1/3947 2818/1/3947
s 2238
f 2823/1/3946 2818/1/3946 1349/1/3946
f 1349/1/3946 1350/1/4996 2823/1/3946
s 2239
f 2823/1/4997 2824/1/3961 2819/1/3961
f 2819/1/3961 2818/1/3961 2823/1/4997
s 2240
f 2822/1/3960 2819/1/3960 2824/1/4998
f 2824/1/4998 2825/1/3960 2822/1/3960
s 2241
f 2822/1/3958 2825/1/3958 1967/1/3958
f 1967/1/3958 1966/1/3958 2822/1/3958
s 2242
f 2822/1/4999 1966/1/3957 1965/1/4999
f 1965/1/4999 2820/1/5000 2822/1/4999
s 2243
f 1965/1/5001 1964/1/3956 2821/1/3956
f 2821/1/3956 2820/1/3956 1965/1/5001
s 2244
f 1964/1/3953 1947/1/3953 2789/1/3953
f 2789/1/3953 2821/1/3953 1964/1/3953
s 2245
f 2816/1/5002 2821/1/3952 2789/1/5003
f 2789/1/5003 2788/1/5003 2816/1/5002
s 2246
f 2817/1/3951 2816/1/3951 2788/1/3951
f 2788/1/3951 2787/1/3951 2817/1/3951
s 2247
f 2826/1/4595 2827/1/4595 2828/1/5004
f 2828/1/5004 2829/1/4595 2826/1/4595
s 2248
f 2830/1/4594 2831/1/4594 2827/1/4594
f 2827/1/4594 2826/1/4594 2830/1/4594
s 2249
f 2827/1/4600 2832/1/4600 2833/1/4600
f 2833/1/4600 2828/1/4600 2827/1/4600
s 2250
f 2831/1/4597 2834/1/4597 2832/1/4597
f 2832/1/4597 2827/1/4597 2831/1/4597
s 2251
f 2829/1/4607 2835/1/4607 1465/1/4607
f 1465/1/4607 1464/1/4607 2829/1/4607
s 2252
f 1474/1/4606 2826/1/5005 2829/1/4606
f 2829/1/4606 1464/1/4606 1474/1/4606
s 2253
f 1474/1/5006 1473/1/4604 2830/1/5006
f 2830/1/5006 2826/1/4604 1474/1/5006
s 2254
f 1473/1/4602 1445/1/4602 2799/1/4602
f 2799/1/4602 2830/1/4602 1473/1/4602
s 2255
f 2830/1/5007 2799/1/5008 2801/1/5007
f 2801/1/5007 2831/1/5009 2830/1/5007
s 2256
f 2800/1/4621 2834/1/4621 2831/1/4621
f 2831/1/4621 2801/1/4621 2800/1/4621
s 2257
f 2083/1/4619 2834/1/4620 2800/1/4620
f 2800/1/4620 2060/1/4619 2083/1/4619
s 2258
f 2834/1/4617 2083/1/4617 2082/1/4617
f 2082/1/4617 2832/1/4617 2834/1/4617
s 2259
f 2832/1/4616 2082/1/4616 2081/1/4616
f 2081/1/4616 2833/1/4616 2832/1/4616
s 2260
f 2081/1/4614 2080/1/4614 2836/1/4614
f 2836/1/4614 2833/1/4614 2081/1/4614
s 2261
f 2828/1/4613 2833/1/5010 2836/1/4613
f 2836/1/4613 2837/1/4613 2828/1/4613
s 2262
f 2829/1/4609 2828/1/4609 2837/1/4609
f 2837/1/4609 2835/1/4609 2829/1/4609
s 2263
f 2838/1/4815 2839/1/4814 2840/1/4815
f 2840/1/4815 2841/1/5011 2838/1/4815
s 2264
f 2842/1/5012 2843/1/5013 2839/1/5012
f 2839/1/5012 2838/1/5014 2842/1/5012
s 2265
f 2839/1/4820 2844/1/4820 2845/1/4820
f 2845/1/4820 2840/1/4820 2839/1/4820
s 2266
f 2839/1/5015 2843/1/5016 2846/1/5016
f 2846/1/5016 2844/1/5017 2839/1/5015
s 2267
f 2841/1/4826 2847/1/5018 945/1/5019
f 945/1/5019 944/1/4826 2841/1/4826
s 2268
f 2841/1/4825 944/1/4825 954/1/4825
f 954/1/4825 2838/1/4825 2841/1/4825
s 2269
f 2838/1/4824 954/1/4824 953/1/5020
f 953/1/5020 2842/1/4824 2838/1/4824
s 2270
f 953/1/5021 925/1/5022 2811/1/5021
f 2811/1/5021 2842/1/5022 953/1/5021
s 2271
f 2813/1/4845 2843/1/4845 2842/1/4844
f 2842/1/4844 2811/1/4845 2813/1/4845
s 2272
f 2812/1/4843 2846/1/5023 2843/1/4843
f 2843/1/4843 2813/1/4843 2812/1/4843
s 2273
f 1563/1/5024 2846/1/4839 2812/1/4839
f 2812/1/4839 1541/1/4839 1563/1/5024
s 2274
f 2846/1/5025 1563/1/5026 1562/1/5027
f 1562/1/5027 2844/1/4837 2846/1/5025
s 2275
f 2845/1/4831 2844/1/4831 1562/1/4831
f 1562/1/4831 1561/1/4831 2845/1/4831
s 2276
f 1561/1/4830 1560/1/4830 2848/1/4830
f 2848/1/4830 2845/1/4830 1561/1/4830
s 2277
f 2840/1/4828 2845/1/4828 2848/1/4828
f 2848/1/4828 2849/1/4828 2840/1/4828
s 2278
f 2840/1/4827 2849/1/4827 2847/1/4827
f 2847/1/4827 2841/1/4827 2840/1/4827
s 2279
f 2850/1/5028 2851/1/4013 2852/1/4013
f 2852/1/4013 2853/1/5028 2850/1/5028
s 2280
f 2854/1/4011 2855/1/4011 2851/1/4011
f 2851/1/4011 2850/1/4011 2854/1/4011
s 2281
f 2851/1/4018 2856/1/4018 2857/1/4018
f 2857/1/4018 2852/1/4018 2851/1/4018
s 2282
f 2858/1/4015 2856/1/4017 2851/1/4015
f 2851/1/4015 2855/1/4015 2858/1/4015
s 2283
f 2823/1/4025 1350/1/5029 1372/1/4025
f 1372/1/4025 2853/1/4025 2823/1/4025
s 2284
f 2853/1/4023 1372/1/4023 1371/1/4023
f 1371/1/4023 2850/1/4023 2853/1/4023
s 2285
f 2854/1/5030 2850/1/5030 1371/1/5031
f 1371/1/5031 1369/1/4020 2854/1/5030
s 2286
f 2859/1/4019 2854/1/4019 1369/1/4019
f 1369/1/4019 1370/1/5032 2859/1/4019
s 2287
f 2859/1/4042 2860/1/4042 2855/1/4042
f 2855/1/4042 2854/1/4042 2859/1/4042
s 2288
f 2858/1/4040 2855/1/4040 2860/1/5033
f 2860/1/5033 2861/1/4040 2858/1/4040
s 2289
f 2858/1/4038 2861/1/4038 1987/1/4038
f 1987/1/4038 1986/1/4038 2858/1/4038
s 2290
f 2858/1/5034 1986/1/5034 1985/1/5034
f 1985/1/5034 2856/1/5034 2858/1/5034
s 2291
f 1985/1/5035 1984/1/4034 2857/1/5036
f 2857/1/5036 2856/1/5037 1985/1/5035
s 2292
f 1984/1/4032 1967/1/4032 2825/1/4032
f 2825/1/4032 2857/1/4032 1984/1/4032
s 2293
f 2852/1/5038 2857/1/5039 2825/1/5038
f 2825/1/5038 2824/1/5040 2852/1/5038
s 2294
f 2853/1/4026 2852/1/4026 2824/1/4026
f 2824/1/4026 2823/1/5041 2853/1/4026
s 2295
f 2862/1/5042 2863/1/4641 2864/1/4641
f 2864/1/4641 2865/1/4641 2862/1/5042
s 2296
f 2866/1/4639 2867/1/4639 2863/1/4639
f 2863/1/4639 2862/1/4639 2866/1/4639
s 2297
f 2863/1/4643 2868/1/4643 2869/1/4643
f 2869/1/4643 2864/1/4643 2863/1/4643
s 2298
f 2867/1/4642 2870/1/4642 2868/1/4642
f 2868/1/4642 2863/1/4642 2867/1/4642
s 2299
f 2865/1/5043 2871/1/5044 1485/1/5043
f 1485/1/5043 1484/1/4649 2865/1/5043
s 2300
f 1494/1/4647 2862/1/5045 2865/1/4647
f 2865/1/4647 1484/1/4647 1494/1/4647
s 2301
f 1494/1/4646 1493/1/4646 2866/1/4646
f 2866/1/4646 2862/1/4646 1494/1/4646
s 2302
f 1493/1/4644 1465/1/4644 2835/1/5046
f 2835/1/5046 2866/1/4644 1493/1/4644
s 2303
f 2866/1/4665 2835/1/4665 2837/1/4665
f 2837/1/4665 2867/1/4665 2866/1/4665
s 2304
f 2836/1/4663 2870/1/4663 2867/1/4663
f 2867/1/4663 2837/1/4663 2836/1/4663
s 2305
f 2103/1/4659 2870/1/4659 2836/1/4659
f 2836/1/4659 2080/1/4659 2103/1/4659
s 2306
f 2870/1/5047 2103/1/4657 2102/1/5047
f 2102/1/5047 2868/1/4657 2870/1/5047
s 2307
f 2868/1/4655 2102/1/4656 2101/1/4655
f 2101/1/4655 2869/1/4655 2868/1/4655
s 2308
f 2101/1/4653 2100/1/4653 2872/1/5048
f 2872/1/5048 2869/1/5049 2101/1/4653
s 2309
f 2864/1/5050 2869/1/4652 2872/1/4652
f 2872/1/4652 2873/1/4652 2864/1/5050
s 2310
f 2865/1/4651 2864/1/4651 2873/1/4651
f 2873/1/4651 2871/1/4651 2865/1/4651
s 2311
f 2874/1/4859 2875/1/4859 2876/1/4859
f 2876/1/4859 2877/1/4859 2874/1/4859
s 2312
f 2878/1/4858 2879/1/4858 2875/1/4858
f 2875/1/4858 2874/1/4858 2878/1/4858
s 2313
f 2875/1/4863 2880/1/4863 2881/1/4863
f 2881/1/4863 2876/1/4863 2875/1/4863
s 2314
f 2875/1/4862 2879/1/4862 2882/1/4862
f 2882/1/4862 2880/1/4862 2875/1/4862
s 2315
f 2877/1/5051 2883/1/5052 965/1/5051
f 965/1/5051 964/1/5051 2877/1/5051
s 2316
f 2877/1/4870 964/1/4870 974/1/4870
f 974/1/4870 2874/1/4870 2877/1/4870
s 2317
f 2878/1/4868 2874/1/4868 974/1/4868
f 974/1/4868 973/1/4868 2878/1/4868
s 2318
f 973/1/4867 945/1/4867 2847/1/4867
f 2847/1/4867 2878/1/4867 973/1/4867
s 2319
f 2849/1/4887 2879/1/4887 2878/1/4887
f 2878/1/4887 2847/1/4887 2849/1/4887
s 2320
f 2848/1/4886 2882/1/4886 2879/1/4886
f 2879/1/4886 2849/1/4886 2848/1/4886
s 2321
f 1583/1/5053 2882/1/4884 2848/1/5053
f 2848/1/5053 1560/1/5054 1583/1/5053
s 2322
f 2882/1/5055 1583/1/5055 1582/1/5056
f 1582/1/5056 2880/1/5055 2882/1/5055
s 2323
f 1582/1/4881 1581/1/4881 2881/1/4881
f 2881/1/4881 2880/1/4881 1582/1/4881
s 2324
f 1581/1/4877 1580/1/4877 2884/1/4877
f 2884/1/4877 2881/1/4877 1581/1/4877
s 2325
f 2876/1/4876 2881/1/4876 2884/1/4876
f 2884/1/4876 2885/1/4876 2876/1/4876
s 2326
f 2876/1/4875 2885/1/4875 2883/1/4875
f 2883/1/4875 2877/1/5057 2876/1/4875
s 2327
f 2886/1/5058 2887/1/4105 2888/1/4105
f 2888/1/4105 2889/1/4105 2886/1/5058
s 2328
f 2890/1/5059 2891/1/4104 2887/1/5060
f 2887/1/5060 2886/1/4104 2890/1/5059
s 2329
f 2887/1/4108 2892/1/4108 2893/1/5061
f 2893/1/5061 2888/1/5061 2887/1/4108
s 2330
f 2894/1/5062 2892/1/4107 2887/1/4107
f 2887/1/4107 2891/1/4107 2894/1/5062
s 2331
f 2859/1/4117 1370/1/4117 1392/1/4117
f 1392/1/4117 2889/1/4117 2859/1/4117
s 2332
f 2889/1/4114 1392/1/4114 1391/1/4114
f 1391/1/4114 2886/1/4114 2889/1/4114
s 2333
f 2890/1/4112 2886/1/4112 1391/1/4112
f 1391/1/4112 1389/1/4112 2890/1/4112
s 2334
f 1389/1/4110 1390/1/4110 2154/1/4110
f 2154/1/4110 2890/1/4110 1389/1/4110
s 2335
f 2159/1/5063 2891/1/5063 2890/1/5063
f 2890/1/5063 2154/1/5063 2159/1/5063
s 2336
f 2894/1/4132 2891/1/4133 2159/1/4132
f 2159/1/4132 2158/1/4132 2894/1/4132
s 2337
f 2894/1/4130 2158/1/4130 2007/1/5064
f 2007/1/5064 2006/1/5064 2894/1/4130
s 2338
f 2894/1/4129 2006/1/4129 2005/1/5065
f 2005/1/5065 2892/1/5066 2894/1/4129
s 2339
f 2005/1/4127 2004/1/4127 2893/1/5067
f 2893/1/5067 2892/1/4128 2005/1/4127
s 2340
f 2004/1/4125 1987/1/4125 2861/1/4125
f 2861/1/4125 2893/1/4125 2004/1/4125
s 2341
f 2888/1/4122 2893/1/4122 2861/1/4122
f 2861/1/4122 2860/1/4122 2888/1/4122
s 2342
f 2889/1/4119 2888/1/4119 2860/1/4119
f 2860/1/4119 2859/1/4119 2889/1/4119
s 2343
f 2895/1/5068 2896/1/4675 2897/1/5069
f 2897/1/5069 2898/1/4675 2895/1/5068
s 2344
f 2899/1/4674 2900/1/4674 2896/1/4674
f 2896/1/4674 2895/1/4674 2899/1/4674
s 2345
f 2896/1/5070 2901/1/4677 2902/1/5070
f 2902/1/5070 2897/1/5071 2896/1/5070
s 2346
f 2900/1/4676 2903/1/5072 2901/1/5073
f 2901/1/5073 2896/1/4676 2900/1/4676
s 2347
f 2898/1/4682 2170/1/4682 1505/1/4682
f 1505/1/4682 1504/1/4682 2898/1/4682
s 2348
f 1514/1/4681 2895/1/4681 2898/1/4681
f 2898/1/4681 1504/1/4681 1514/1/4681
s 2349
f 1514/1/5074 1513/1/5075 2899/1/5076
f 2899/1/5076 2895/1/4680 1514/1/5074
s 2350
f 1513/1/5077 1485/1/5078 2871/1/5079
f 2871/1/5079 2899/1/5079 1513/1/5077
s 2351
f 2899/1/4697 2871/1/5080 2873/1/4697
f 2873/1/4697 2900/1/4697 2899/1/4697
s 2352
f 2872/1/5081 2903/1/4695 2900/1/4695
f 2900/1/4695 2873/1/4695 2872/1/5081
s 2353
f 2123/1/4693 2903/1/4693 2872/1/4693
f 2872/1/4693 2100/1/4693 2123/1/4693
s 2354
f 2903/1/4692 2123/1/4692 2122/1/4692
f 2122/1/4692 2901/1/4692 2903/1/4692
s 2355
f 2901/1/5082 2122/1/5083 2121/1/5082
f 2121/1/5082 2902/1/5084 2901/1/5082
s 2356
f 2121/1/4688 2120/1/4688 2172/1/4688
f 2172/1/4688 2902/1/5085 2121/1/4688
s 2357
f 2902/1/5086 2172/1/4686 2171/1/5087
f 2171/1/5087 2897/1/5088 2902/1/5086
s 2358
f 2898/1/4684 2897/1/4684 2171/1/4684
f 2171/1/4684 2170/1/4684 2898/1/4684
s 2359
f 2904/1/4902 2905/1/4902 2906/1/4902
f 2906/1/4902 2907/1/4902 2904/1/4902
s 2360
f 2908/1/4901 2909/1/4901 2905/1/4901
f 2905/1/4901 2904/1/4901 2908/1/4901
s 2361
f 2905/1/4905 2910/1/4905 2911/1/4905
f 2911/1/4905 2906/1/4905 2905/1/4905
s 2362
f 2905/1/5089 2909/1/5090 2912/1/5090
f 2912/1/5090 2910/1/4903 2905/1/5089
s 2363
f 2907/1/4909 2185/1/4909 985/1/4909
f 985/1/4909 984/1/4909 2907/1/4909
s 2364
f 2907/1/4908 984/1/4908 994/1/4908
f 994/1/4908 2904/1/4908 2907/1/4908
s 2365
f 2908/1/4907 2904/1/4907 994/1/4907
f 994/1/4907 993/1/4907 2908/1/4907
s 2366
f 993/1/4906 965/1/4906 2883/1/5091
f 2883/1/5091 2908/1/4906 993/1/4906
s 2367
f 2885/1/4922 2909/1/4922 2908/1/4921
f 2908/1/4921 2883/1/4920 2885/1/4922
s 2368
f 2884/1/5092 2912/1/4919 2909/1/5093
f 2909/1/5093 2885/1/5093 2884/1/5092
s 2369
f 1603/1/4918 2912/1/4918 2884/1/4918
f 2884/1/4918 1580/1/4918 1603/1/4918
s 2370
f 2912/1/4916 1603/1/5094 1602/1/4916
f 1602/1/4916 2910/1/5095 2912/1/4916
s 2371
f 1602/1/4915 1601/1/4915 2911/1/4915
f 2911/1/4915 2910/1/4915 1602/1/4915
s 2372
f 1601/1/4914 1600/1/4914 2187/1/4914
f 2187/1/4914 2911/1/4914 1601/1/4914
s 2373
f 2187/1/4913 2186/1/4913 2906/1/4913
f 2906/1/4913 2911/1/4913 2187/1/4913
s 2374
f 2907/1/4911 2906/1/4911 2186/1/4911
f 2186/1/4911 2185/1/4911 2907/1/4911
s 2375
f 2913/1/5096 2914/1/5096 2915/1/5096
f 2915/1/5096 2916/1/5096 2917/1/5096
f 2913/1/5096 2915/1/5096 2917/1/5096
f 2917/1/5096 2918/1/5096 2919/1/5096
f 2919/1/5096 2920/1/5096 2921/1/5096
f 2917/1/5096 2919/1/5096 2921/1/5096
f 2913/1/5096 2917/1/5096 2921/1/5096
f 2921/1/5096 2922/1/5096 2923/1/5096
f 2923/1/5096 2924/1/5096 2925/1/5096
f 2921/1/5096 2923/1/5096 2925/1/5096
f 2925/1/5096 2926/1/5096 2927/1/5096
f 2927/1/5096 2928/1/5096 2929/1/5096
f 2925/1/5096 2927/1/5096 2929/1/5096
f 2921/1/5096 2925/1/5096 2929/1/5096
f 2929/1/5096 2930/1/5096 2931/1/5096
f 2931/1/5096 2932/1/5096 2933/1/5096
f 2929/1/5096 2931/1/5096 2933/1/5096
f 2933/1/5096 2934/1/5096 2935/1/5096
f 2935/1/5096 2936/1/5096 2937/1/5096
f 2933/1/5096 2935/1/5096 2937/1/5096
f 2929/1/5096 2933/1/5096 2937/1/5096
f 2921/1/5096 2929/1/5096 2937/1/5096
f 2913/1/5096 2921/1/5096 2937/1/5096
f 2938/1/5096 2939/1/5096 2940/1/5096
f 2937/1/5096 2938/1/5096 2940/1/5096
f 2937/1/5096 2940/1/5096 2941/1/5096
f 2913/1/5096 2937/1/5096 2941/1/5096
f 2942/1/5096 2913/1/5096 2941/1/5096
f 2942/1/5096 2941/1/5096 2943/1/5096
f 2942/1/5096 2943/1/5096 2944/1/5096
s 2376
f 2945/1/5097 2946/1/5097 2947/1/5097
f 2947/1/5097 2948/1/5098 2945/1/5097
s 2377
f 2915/1/5099 2949/1/5100 2950/1/5101
f 2950/1/5101 2916/1/5102 2915/1/5099
s 2378
f 2928/1/5103 2951/1/5104 2952/1/5104
f 2952/1/5104 2929/1/5105 2928/1/5103
s 2379
f 2943/1/5106 2941/1/5107 2953/1/5108
f 2953/1/5108 2954/1/5109 2943/1/5106
s 2380
f 2914/1/5110 2955/1/5111 2949/1/5112
f 2949/1/5112 2915/1/5112 2914/1/5110
s 2381
f 2927/1/5113 2956/1/5114 2951/1/5115
f 2951/1/5115 2928/1/5116 2927/1/5113
s 2382
f 2940/1/5117 2957/1/5118 2953/1/5119
f 2953/1/5119 2941/1/5120 2940/1/5117
s 2383
f 2914/1/5121 2913/1/5122 2958/1/5123
f 2958/1/5123 2955/1/5124 2914/1/5121
s 2384
f 2926/1/5125 2959/1/5126 2956/1/5127
f 2956/1/5127 2927/1/5128 2926/1/5125
s 2385
f 2960/1/5129 2957/1/5130 2940/1/5129
f 2940/1/5129 2939/1/5129 2960/1/5129
s 2386
f 2925/1/5131 2961/1/5132 2959/1/5133
f 2959/1/5133 2926/1/5131 2925/1/5131
s 2387
f 2938/1/5134 2962/1/5135 2960/1/5136
f 2960/1/5136 2939/1/5137 2938/1/5134
s 2388
f 2924/1/5138 2963/1/5139 2961/1/5139
f 2961/1/5139 2925/1/5140 2924/1/5138
s 2389
f 2964/1/5141 2962/1/5141 2938/1/5142
f 2938/1/5142 2937/1/5143 2964/1/5141
s 2390
f 2923/1/5144 2965/1/5145 2963/1/5146
f 2963/1/5146 2924/1/5147 2923/1/5144
s 2391
f 2964/1/5148 2937/1/5149 2936/1/5150
f 2936/1/5150 2966/1/5151 2964/1/5148
s 2392
f 2922/1/5152 2967/1/5153 2965/1/5152
f 2965/1/5152 2923/1/5154 2922/1/5152
s 2393
f 2936/1/5155 2935/1/5156 2968/1/5157
f 2968/1/5157 2966/1/5155 2936/1/5155
s 2394
f 2921/1/5158 2948/1/5159 2967/1/5159
f 2967/1/5159 2922/1/5158 2921/1/5158
s 2395
f 2934/1/5160 2969/1/5160 2968/1/5160
f 2968/1/5160 2935/1/5161 2934/1/5160
s 2396
f 2920/1/5162 2945/1/5163 2948/1/5163
f 2948/1/5163 2921/1/5162 2920/1/5162
s 2397
f 2933/1/5164 2970/1/5164 2969/1/5165
f 2969/1/5165 2934/1/5164 2933/1/5164
s 2398
f 2919/1/5166 2971/1/5167 2945/1/5168
f 2945/1/5168 2920/1/5167 2919/1/5166
s 2399
f 2932/1/5169 2972/1/5170 2970/1/5169
f 2970/1/5169 2933/1/5171 2932/1/5169
s 2400
f 2918/1/5172 2973/1/5173 2971/1/5174
f 2971/1/5174 2919/1/5175 2918/1/5172
s 2401
f 2931/1/5176 2974/1/5177 2972/1/5178
f 2972/1/5178 2932/1/5179 2931/1/5176
s 2402
f 2958/1/5180 2913/1/5181 2942/1/5180
f 2942/1/5180 2975/1/5182 2958/1/5180
s 2403
f 2917/1/5183 2976/1/5184 2973/1/5183
f 2973/1/5183 2918/1/5185 2917/1/5183
s 2404
f 2930/1/5186 2977/1/5187 2974/1/5188
f 2974/1/5188 2931/1/5189 2930/1/5186
s 2405
f 2975/1/5190 2942/1/5191 2944/1/5192
f 2944/1/5192 2978/1/5193 2975/1/5190
s 2406
f 2916/1/5194 2950/1/5195 2976/1/5196
f 2976/1/5196 2917/1/5197 2916/1/5194
s 2407
f 2929/1/5198 2952/1/5199 2977/1/5200
f 2977/1/5200 2930/1/5201 2929/1/5198
s 2408
f 2978/1/5202 2944/1/5203 2943/1/5204
f 2943/1/5204 2954/1/5205 2978/1/5202
s 2409
f 2979/1/5206 2980/1/5206 2981/1/5206
f 2981/1/5206 2982/1/5206 2983/1/5206
f 2979/1/5206 2981/1/5206 2983/1/5206
f 2983/1/5206 2984/1/5206 2985/1/5206
f 2983/1/5206 2985/1/5206 2986/1/5206
f 2979/1/5206 2983/1/5206 2986/1/5206
f 2979/1/5206 2986/1/5206 2987/1/5206
f 2987/1/5206 2988/1/5206 2989/1/5206
f 2989/1/5206 2990/1/5206 2991/1/5206
f 2987/1/5206 2989/1/5206 2991/1/5206
f 2991/1/5206 2992/1/5206 2993/1/5206
f 2993/1/5206 2994/1/5206 2995/1/5206
f 2991/1/5206 2993/1/5206 2995/1/5206
f 2987/1/5206 2991/1/5206 2995/1/5206
f 2995/1/5206 2996/1/5206 2997/1/5206
f 2997/1/5206 2998/1/5206 2999/1/5206
f 2995/1/5206 2997/1/5206 2999/1/5206
f 2999/1/5206 3000/1/5206 3001/1/5206
f 3001/1/5206 2947/1/5206 2946/1/5206
f 2999/1/5206 3001/1/5206 2946/1/5206
f 2995/1/5206 2999/1/5206 2946/1/5206
f 2987/1/5206 2995/1/5206 2946/1/5206
f 2946/1/5206 3002/1/5206 3003/1/5206
f 3003/1/5206 3004/1/5206 3005/1/5206
f 2946/1/5206 3003/1/5206 3005/1/5206
f 3005/1/5206 3006/1/5206 3007/1/5206
f 3005/1/5206 3007/1/5206 3008/1/5206
f 2946/1/5206 3005/1/5206 3008/1/5206
f 2987/1/5206 2946/1/5206 3008/1/5206
f 2979/1/5206 2987/1/5206 3008/1/5206
s 2410
f 2970/1/5207 2990/1/5207 2989/1/5207
f 2989/1/5207 2969/1/5207 2970/1/5207
s 2411
f 2971/1/5208 3002/1/5208 2946/1/5208
f 2946/1/5208 2945/1/5208 2971/1/5208
s 2412
f 2972/1/5209 2991/1/5209 2990/1/5209
f 2990/1/5209 2970/1/5209 2972/1/5209
s 2413
f 2973/1/5210 3003/1/5210 3002/1/5210
f 3002/1/5210 2971/1/5210 2973/1/5210
s 2414
f 2974/1/5211 2992/1/5211 2991/1/5211
f 2991/1/5211 2972/1/5211 2974/1/5211
s 2415
f 2975/1/5212 2979/1/5212 3008/1/5212
f 3008/1/5212 2958/1/5212 2975/1/5212
s 2416
f 2976/1/5213 3004/1/5214 3003/1/5213
f 3003/1/5213 2973/1/5215 2976/1/5213
s 2417
f 2977/1/5216 2993/1/5216 2992/1/5216
f 2992/1/5216 2974/1/5216 2977/1/5216
s 2418
f 2978/1/5217 2980/1/5217 2979/1/5217
f 2979/1/5217 2975/1/5217 2978/1/5217
s 2419
f 2950/1/5218 3005/1/5218 3004/1/5218
f 3004/1/5218 2976/1/5218 2950/1/5218
s 2420
f 2952/1/5219 2994/1/5219 2993/1/5219
f 2993/1/5219 2977/1/5219 2952/1/5219
s 2421
f 2954/1/5220 2981/1/5220 2980/1/5220
f 2980/1/5220 2978/1/5220 2954/1/5220
s 2422
f 2949/1/5221 3006/1/5221 3005/1/5221
f 3005/1/5221 2950/1/5221 2949/1/5221
s 2423
f 2951/1/5222 2995/1/5223 2994/1/5222
f 2994/1/5222 2952/1/5223 2951/1/5222
s 2424
f 2953/1/5224 2982/1/5224 2981/1/5224
f 2981/1/5224 2954/1/5224 2953/1/5224
s 2425
f 2955/1/5225 3007/1/5225 3006/1/5225
f 3006/1/5225 2949/1/5225 2955/1/5225
s 2426
f 2956/1/5226 2996/1/5226 2995/1/5226
f 2995/1/5226 2951/1/5226 2956/1/5226
s 2427
f 2957/1/5227 2983/1/5228 2982/1/5227
f 2982/1/5227 2953/1/5229 2957/1/5227
s 2428
f 2955/1/5230 2958/1/5231 3008/1/5230
f 3008/1/5230 3007/1/5230 2955/1/5230
s 2429
f 2959/1/5232 2997/1/5232 2996/1/5232
f 2996/1/5232 2956/1/5232 2959/1/5232
s 2430
f 2960/1/5233 2984/1/5233 2983/1/5233
f 2983/1/5233 2957/1/5233 2960/1/5233
s 2431
f 2961/1/5234 2998/1/5234 2997/1/5234
f 2997/1/5234 2959/1/5234 2961/1/5234
s 2432
f 2962/1/5235 2985/1/5235 2984/1/5235
f 2984/1/5235 2960/1/5235 2962/1/5235
s 2433
f 2963/1/5236 2999/1/5236 2998/1/5236
f 2998/1/5236 2961/1/5236 2963/1/5236
s 2434
f 2964/1/5237 2986/1/5237 2985/1/5237
f 2985/1/5237 2962/1/5237 2964/1/5237
s 2435
f 2965/1/5238 3000/1/5238 2999/1/5238
f 2999/1/5238 2963/1/5238 2965/1/5238
s 2436
f 2966/1/5239 2987/1/5239 2986/1/5239
f 2986/1/5239 2964/1/5239 2966/1/5239
s 2437
f 2967/1/5240 3001/1/5240 3000/1/5240
f 3000/1/5240 2965/1/5240 2967/1/5240
s 2438
f 2968/1/5241 2988/1/5241 2987/1/5241
f 2987/1/5241 2966/1/5241 2968/1/5241
s 2439
f 2948/1/5242 2947/1/5243 3001/1/5242
f 3001/1/5242 2967/1/5243 2948/1/5242
s 2440
f 2969/1/5244 2989/1/5244 2988/1/5244
f 2988/1/5244 2968/1/5244 2969/1/5244
s 2441
f 3009/1/5096 3010/1/5096 3011/1/5096
f 3011/1/5096 3012/1/5096 3013/1/5096
f 3009/1/5096 3011/1/5096 3013/1/5096
f 3013/1/5096 3014/1/5096 3015/1/5096
f 3015/1/5096 3016/1/5096 3017/1/5096
f 3013/1/5096 3015/1/5096 3017/1/5096
f 3009/1/5096 3013/1/5096 3017/1/5096
f 3017/1/5096 3018/1/5096 3019/1/5096
f 3019/1/5096 3020/1/5096 3021/1/5096
f 3017/1/5096 3019/1/5096 3021/1/5096
f 3021/1/5096 3022/1/5096 3023/1/5096
f 3023/1/5096 3024/1/5096 3025/1/5096
f 3021/1/5096 3023/1/5096 3025/1/5096
f 3017/1/5096 3021/1/5096 3025/1/5096
f 3025/1/5096 3026/1/5096 3027/1/5096
f 3027/1/5096 3028/1/5096 3029/1/5096
f 3025/1/5096 3027/1/5096 3029/1/5096
f 3029/1/5096 3030/1/5096 3031/1/5096
f 3031/1/5096 3032/1/5096 3033/1/5096
f 3029/1/5096 3031/1/5096 3033/1/5096
f 3025/1/5096 3029/1/5096 3033/1/5096
f 3017/1/5096 3025/1/5096 3033/1/5096
f 3009/1/5096 3017/1/5096 3033/1/5096
f 3034/1/5096 3035/1/5096 3036/1/5096
f 3033/1/5096 3034/1/5096 3036/1/5096
f 3033/1/5096 3036/1/5096 3037/1/5096
f 3009/1/5096 3033/1/5096 3037/1/5096
f 3038/1/5096 3009/1/5096 3037/1/5096
f 3038/1/5096 3037/1/5096 3039/1/5096
f 3038/1/5096 3039/1/5096 3040/1/5096
s 2442
f 3041/1/5206 3042/1/5206 3043/1/5206
f 3043/1/5206 3044/1/5206 3045/1/5206
f 3041/1/5206 3043/1/5206 3045/1/5206
f 3045/1/5206 3046/1/5206 3047/1/5206
f 3047/1/5206 3048/1/5206 3049/1/5206
f 3045/1/5206 3047/1/5206 3049/1/5206
f 3041/1/5206 3045/1/5206 3049/1/5206
f 3049/1/5206 3050/1/5206 3051/1/5206
f 3051/1/5206 3052/1/5206 3053/1/5206
f 3049/1/5206 3051/1/5206 3053/1/5206
f 3053/1/5206 3054/1/5206 3055/1/5206
f 3055/1/5206 3056/1/5206 3057/1/5206
f 3053/1/5206 3055/1/5206 3057/1/5206
f 3049/1/5206 3053/1/5206 3057/1/5206
f 3041/1/5206 3049/1/5206 3057/1/5206
f 3057/1/5206 3058/1/5206 3059/1/5206
f 3059/1/5206 3060/1/5206 3061/1/5206
f 3057/1/5206 3059/1/5206 3061/1/5206
f 3061/1/5206 3062/1/5206 3063/1/5206
f 3063/1/5206 3064/1/5206 3065/1/5206
f 3061/1/5206 3063/1/5206 3065/1/5206
f 3057/1/5206 3061/1/5206 3065/1/5206
f 3065/1/5206 3066/1/5206 3067/1/5206
f 3067/1/5206 3068/1/5206 3069/1/5206
f 3065/1/5206 3067/1/5206 3069/1/5206
f 3069/1/5206 3070/1/5206 3071/1/5206
f 3069/1/5206 3071/1/5206 3072/1/5206
f 3065/1/5206 3069/1/5206 3072/1/5206
f 3057/1/5206 3065/1/5206 3072/1/5206
f 3041/1/5206 3057/1/5206 3072/1/5206
s 2443
f 3034/1/5245 3047/1/5246 3046/1/5247
f 3046/1/5247 3035/1/5248 3034/1/5245
s 2444
f 3020/1/5249 3061/1/5249 3060/1/5250
f 3060/1/5250 3021/1/5249 3020/1/5249
s 2445
f 3048/1/5251 3047/1/5252 3034/1/5253
f 3034/1/5253 3033/1/5254 3048/1/5251
s 2446
f 3019/1/5255 3062/1/5256 3061/1/5257
f 3061/1/5257 3020/1/5258 3019/1/5255
s 2447
f 3048/1/5259 3033/1/5260 3032/1/5260
f 3032/1/5260 3049/1/5260 3048/1/5259
s 2448
f 3018/1/5261 3063/1/5262 3062/1/5263
f 3062/1/5263 3019/1/5264 3018/1/5261
s 2449
f 3032/1/5265 3031/1/5266 3050/1/5267
f 3050/1/5267 3049/1/5268 3032/1/5265
s 2450
f 3017/1/5269 3064/1/5270 3063/1/5271
f 3063/1/5271 3018/1/5269 3017/1/5269
s 2451
f 3030/1/5272 3051/1/5273 3050/1/5272
f 3050/1/5272 3031/1/5272 3030/1/5272
s 2452
f 3016/1/5274 3065/1/5275 3064/1/5275
f 3064/1/5275 3017/1/5276 3016/1/5274
s 2453
f 3029/1/5277 3052/1/5278 3051/1/5277
f 3051/1/5277 3030/1/5277 3029/1/5277
s 2454
f 3015/1/5279 3066/1/5280 3065/1/5279
f 3065/1/5279 3016/1/5280 3015/1/5279
s 2455
f 3028/1/5281 3053/1/5282 3052/1/5282
f 3052/1/5282 3029/1/5283 3028/1/5281
s 2456
f 3014/1/5284 3067/1/5285 3066/1/5286
f 3066/1/5286 3015/1/5287 3014/1/5284
s 2457
f 3027/1/5288 3054/1/5288 3053/1/5289
f 3053/1/5289 3028/1/5290 3027/1/5288
s 2458
f 3072/1/5291 3009/1/5292 3038/1/5291
f 3038/1/5291 3041/1/5293 3072/1/5291
s 2459
f 3013/1/5294 3068/1/5295 3067/1/5296
f 3067/1/5296 3014/1/5297 3013/1/5294
s 2460
f 3026/1/5298 3055/1/5299 3054/1/5300
f 3054/1/5300 3027/1/5301 3026/1/5298
s 2461
f 3041/1/5302 3038/1/5303 3040/1/5304
f 3040/1/5304 3042/1/5305 3041/1/5302
s 2462
f 3012/1/5306 3069/1/5307 3068/1/5308
f 3068/1/5308 3013/1/5309 3012/1/5306
s 2463
f 3025/1/5310 3056/1/5311 3055/1/5312
f 3055/1/5312 3026/1/5313 3025/1/5310
s 2464
f 3042/1/5314 3040/1/5315 3039/1/5316
f 3039/1/5316 3043/1/5315 3042/1/5314
s 2465
f 3011/1/5317 3070/1/5318 3069/1/5319
f 3069/1/5319 3012/1/5317 3011/1/5317
s 2466
f 3024/1/5320 3057/1/5320 3056/1/5321
f 3056/1/5321 3025/1/5320 3024/1/5320
s 2467
f 3039/1/5322 3037/1/5323 3044/1/5324
f 3044/1/5324 3043/1/5325 3039/1/5322
s 2468
f 3010/1/5326 3071/1/5327 3070/1/5328
f 3070/1/5328 3011/1/5329 3010/1/5326
s 2469
f 3023/1/5330 3058/1/5331 3057/1/5332
f 3057/1/5332 3024/1/5333 3023/1/5330
s 2470
f 3036/1/5334 3045/1/5335 3044/1/5335
f 3044/1/5335 3037/1/5336 3036/1/5334
s 2471
f 3010/1/5337 3009/1/5338 3072/1/5339
f 3072/1/5339 3071/1/5337 3010/1/5337
s 2472
f 3022/1/5340 3059/1/5341 3058/1/5342
f 3058/1/5342 3023/1/5343 3022/1/5340
s 2473
f 3046/1/5344 3045/1/5345 3036/1/5345
f 3036/1/5345 3035/1/5344 3046/1/5344
s 2474
f 3021/1/5346 3060/1/5347 3059/1/5348
f 3059/1/5348 3022/1/5347 3021/1/5346
s 2475
f 3073/1/5096 3074/1/5096 3075/1/5096
f 3075/1/5096 3076/1/5096 3077/1/5096
f 3073/1/5096 3075/1/5096 3077/1/5096
f 3077/1/5096 3078/1/5096 3079/1/5096
f 3079/1/5096 3080/1/5096 3081/1/5096
f 3077/1/5096 3079/1/5096 3081/1/5096
f 3073/1/5096 3077/1/5096 3081/1/5096
f 3081/1/5096 3082/1/5096 3083/1/5096
f 3083/1/5096 3084/1/5096 3085/1/5096
f 3081/1/5096 3083/1/5096 3085/1/5096
f 3085/1/5096 3086/1/5096 3087/1/5096
f 3087/1/5096 3088/1/5096 3089/1/5096
f 3085/1/5096 3087/1/5096 3089/1/5096
f 3081/1/5096 3085/1/5096 3089/1/5096
f 3089/1/5096 3090/1/5096 3091/1/5096
f 3091/1/5096 3092/1/5096 3093/1/5096
f 3089/1/5096 3091/1/5096 3093/1/5096
f 3093/1/5096 3094/1/5096 3095/1/5096
f 3095/1/5096 3096/1/5096 3097/1/5096
f 3093/1/5096 3095/1/5096 3097/1/5096
f 3089/1/5096 3093/1/5096 3097/1/5096
f 3081/1/5096 3089/1/5096 3097/1/5096
f 3073/1/5096 3081/1/5096 3097/1/5096
f 3098/1/5096 3099/1/5096 3100/1/5096
f 3097/1/5096 3098/1/5096 3100/1/5096
f 3097/1/5096 3100/1/5096 3101/1/5096
f 3073/1/5096 3097/1/5096 3101/1/5096
f 3102/1/5096 3073/1/5096 3101/1/5096
f 3102/1/5096 3101/1/5096 3103/1/5096
f 3102/1/5096 3103/1/5096 3104/1/5096
s 2476
f 3105/1/5224 3106/1/5224 3107/1/5224
f 3107/1/5224 3108/1/5224 3105/1/5224
s 2477
f 3109/1/5349 3097/1/5350 3096/1/5351
f 3096/1/5351 3110/1/5352 3109/1/5349
s 2478
f 3082/1/5353 3111/1/5353 3112/1/5353
f 3112/1/5353 3083/1/5353 3082/1/5353
s 2479
f 3096/1/5354 3095/1/5355 3113/1/5356
f 3113/1/5356 3110/1/5354 3096/1/5354
s 2480
f 3081/1/5357 3114/1/5358 3111/1/5357
f 3111/1/5357 3082/1/5359 3081/1/5357
s 2481
f 3094/1/5360 3115/1/5360 3113/1/5361
f 3113/1/5361 3095/1/5362 3094/1/5360
s 2482
f 3080/1/5363 3116/1/5364 3114/1/5365
f 3114/1/5365 3081/1/5366 3080/1/5363
s 2483
f 3093/1/5367 3117/1/5368 3115/1/5369
f 3115/1/5369 3094/1/5369 3093/1/5367
s 2484
f 3079/1/5370 3118/1/5370 3116/1/5371
f 3116/1/5371 3080/1/5370 3079/1/5370
s 2485
f 3092/1/5372 3119/1/5373 3117/1/5374
f 3117/1/5374 3093/1/5375 3092/1/5372
s 2486
f 3078/1/5376 3120/1/5376 3118/1/5377
f 3118/1/5377 3079/1/5378 3078/1/5376
s 2487
f 3091/1/5379 3121/1/5380 3119/1/5381
f 3119/1/5381 3092/1/5382 3091/1/5379
s 2488
f 3122/1/5383 3073/1/5384 3102/1/5385
f 3102/1/5385 3123/1/5386 3122/1/5383
s 2489
f 3077/1/5387 3124/1/5388 3120/1/5389
f 3120/1/5389 3078/1/5389 3077/1/5387
s 2490
f 3090/1/5390 3125/1/5390 3121/1/5391
f 3121/1/5391 3091/1/5392 3090/1/5390
s 2491
f 3123/1/5393 3102/1/5394 3104/1/5394
f 3104/1/5394 3126/1/5394 3123/1/5393
s 2492
f 3076/1/5395 3127/1/5395 3124/1/5395
f 3124/1/5395 3077/1/5396 3076/1/5395
s 2493
f 3089/1/5397 3128/1/5398 3125/1/5399
f 3125/1/5399 3090/1/5399 3089/1/5397
s 2494
f 3126/1/5400 3104/1/5401 3103/1/5401
f 3103/1/5401 3108/1/5402 3126/1/5400
s 2495
f 3075/1/5403 3129/1/5404 3127/1/5404
f 3127/1/5404 3076/1/5403 3075/1/5403
s 2496
f 3088/1/5405 3130/1/5406 3128/1/5407
f 3128/1/5407 3089/1/5406 3088/1/5405
s 2497
f 3103/1/5408 3101/1/5409 3105/1/5410
f 3105/1/5410 3108/1/5411 3103/1/5408
s 2498
f 3074/1/5412 3131/1/5413 3129/1/5414
f 3129/1/5414 3075/1/5414 3074/1/5412
s 2499
f 3087/1/5415 3132/1/5415 3130/1/5415
f 3130/1/5415 3088/1/5415 3087/1/5415
s 2500
f 3100/1/5416 3133/1/5417 3105/1/5418
f 3105/1/5418 3101/1/5416 3100/1/5416
s 2501
f 3074/1/5419 3073/1/5419 3122/1/5420
f 3122/1/5420 3131/1/5419 3074/1/5419
s 2502
f 3086/1/5421 3134/1/5422 3132/1/5423
f 3132/1/5423 3087/1/5424 3086/1/5421
s 2503
f 3135/1/5425 3133/1/5426 3100/1/5427
f 3100/1/5427 3099/1/5428 3135/1/5425
s 2504
f 3085/1/5429 3136/1/5430 3134/1/5431
f 3134/1/5431 3086/1/5432 3085/1/5429
s 2505
f 3098/1/5433 3137/1/5434 3135/1/5434
f 3135/1/5434 3099/1/5435 3098/1/5433
s 2506
f 3084/1/5436 3138/1/5436 3136/1/5437
f 3136/1/5437 3085/1/5438 3084/1/5436
s 2507
f 3109/1/5439 3137/1/5440 3098/1/5439
f 3098/1/5439 3097/1/5441 3109/1/5439
s 2508
f 3083/1/5442 3112/1/5443 3138/1/5443
f 3138/1/5443 3084/1/5444 3083/1/5442
s 2509
f 3139/1/5206 3140/1/5206 3107/1/5206
f 3107/1/5206 3106/1/5206 3141/1/5206
f 3139/1/5206 3107/1/5206 3141/1/5206
f 3141/1/5206 3142/1/5206 3143/1/5206
f 3141/1/5206 3143/1/5206 3144/1/5206
f 3139/1/5206 3141/1/5206 3144/1/5206
f 3139/1/5206 3144/1/5206 3145/1/5206
f 3145/1/5206 3146/1/5206 3147/1/5206
f 3147/1/5206 3148/1/5206 3149/1/5206
f 3145/1/5206 3147/1/5206 3149/1/5206
f 3149/1/5206 3150/1/5206 3151/1/5206
f 3151/1/5206 3152/1/5206 3153/1/5206
f 3149/1/5206 3151/1/5206 3153/1/5206
f 3145/1/5206 3149/1/5206 3153/1/5206
f 3153/1/5206 3154/1/5206 3155/1/5206
f 3155/1/5206 3156/1/5206 3157/1/5206
f 3153/1/5206 3155/1/5206 3157/1/5206
f 3157/1/5206 3158/1/5206 3159/1/5206
f 3159/1/5206 3160/1/5206 3161/1/5206
f 3157/1/5206 3159/1/5206 3161/1/5206
f 3153/1/5206 3157/1/5206 3161/1/5206
f 3145/1/5206 3153/1/5206 3161/1/5206
f 3161/1/5206 3162/1/5206 3163/1/5206
f 3163/1/5206 3164/1/5206 3165/1/5206
f 3161/1/5206 3163/1/5206 3165/1/5206
f 3165/1/5206 3166/1/5206 3167/1/5206
f 3165/1/5206 3167/1/5206 3168/1/5206
f 3161/1/5206 3165/1/5206 3168/1/5206
f 3145/1/5206 3161/1/5206 3168/1/5206
f 3139/1/5206 3145/1/5206 3168/1/5206
s 2510
f 3131/1/5445 3167/1/5445 3166/1/5445
f 3166/1/5445 3129/1/5445 3131/1/5445
s 2511
f 3132/1/5446 3154/1/5446 3153/1/5446
f 3153/1/5446 3130/1/5446 3132/1/5446
s 2512
f 3133/1/5447 3141/1/5447 3106/1/5447
f 3106/1/5447 3105/1/5447 3133/1/5447
s 2513
f 3131/1/5448 3122/1/5448 3168/1/5448
f 3168/1/5448 3167/1/5448 3131/1/5448
s 2514
f 3134/1/5449 3155/1/5449 3154/1/5449
f 3154/1/5449 3132/1/5449 3134/1/5449
s 2515
f 3135/1/5450 3142/1/5450 3141/1/5450
f 3141/1/5450 3133/1/5450 3135/1/5450
s 2516
f 3136/1/5234 3156/1/5234 3155/1/5234
f 3155/1/5234 3134/1/5234 3136/1/5234
s 2517
f 3137/1/5451 3143/1/5235 3142/1/5451
f 3142/1/5451 3135/1/5451 3137/1/5451
s 2518
f 3138/1/5452 3157/1/5452 3156/1/5452
f 3156/1/5452 3136/1/5452 3138/1/5452
s 2519
f 3109/1/5453 3144/1/5453 3143/1/5453
f 3143/1/5453 3137/1/5454 3109/1/5453
s 2520
f 3112/1/5455 3158/1/5455 3157/1/5455
f 3157/1/5455 3138/1/5455 3112/1/5455
s 2521
f 3110/1/5456 3145/1/5456 3144/1/5457
f 3144/1/5457 3109/1/5458 3110/1/5456
s 2522
f 3111/1/5240 3159/1/5240 3158/1/5240
f 3158/1/5240 3112/1/5240 3111/1/5240
s 2523
f 3113/1/5459 3146/1/5460 3145/1/5459
f 3145/1/5459 3110/1/5460 3113/1/5459
s 2524
f 3114/1/5461 3160/1/5462 3159/1/5461
f 3159/1/5461 3111/1/5462 3114/1/5461
s 2525
f 3115/1/5463 3147/1/5463 3146/1/5463
f 3146/1/5463 3113/1/5463 3115/1/5463
s 2526
f 3116/1/5464 3161/1/5464 3160/1/5464
f 3160/1/5464 3114/1/5464 3116/1/5464
s 2527
f 3117/1/5465 3148/1/5465 3147/1/5465
f 3147/1/5465 3115/1/5465 3117/1/5465
s 2528
f 3118/1/5466 3162/1/5208 3161/1/5467
f 3161/1/5467 3116/1/5466 3118/1/5466
s 2529
f 3119/1/5209 3149/1/5209 3148/1/5209
f 3148/1/5209 3117/1/5209 3119/1/5209
s 2530
f 3120/1/5468 3163/1/5468 3162/1/5468
f 3162/1/5468 3118/1/5468 3120/1/5468
s 2531
f 3121/1/5211 3150/1/5469 3149/1/5469
f 3149/1/5469 3119/1/5470 3121/1/5211
s 2532
f 3123/1/5471 3139/1/5471 3168/1/5471
f 3168/1/5471 3122/1/5471 3123/1/5471
s 2533
f 3124/1/5472 3164/1/5472 3163/1/5472
f 3163/1/5472 3120/1/5472 3124/1/5472
s 2534
f 3125/1/5216 3151/1/5216 3150/1/5216
f 3150/1/5216 3121/1/5216 3125/1/5216
s 2535
f 3126/1/5473 3140/1/5217 3139/1/5473
f 3139/1/5473 3123/1/5217 3126/1/5473
s 2536
f 3127/1/5218 3165/1/5218 3164/1/5218
f 3164/1/5218 3124/1/5218 3127/1/5218
s 2537
f 3128/1/5474 3152/1/5474 3151/1/5474
f 3151/1/5474 3125/1/5474 3128/1/5474
s 2538
f 3108/1/5220 3107/1/5475 3140/1/5475
f 3140/1/5475 3126/1/5476 3108/1/5220
s 2539
f 3129/1/5477 3166/1/5477 3165/1/5477
f 3165/1/5477 3127/1/5477 3129/1/5477
s 2540
f 3130/1/5478 3153/1/5478 3152/1/5478
f 3152/1/5478 3128/1/5478 3130/1/5478
s 2541
f 3169/2/5479 3170/3/5479 3171/4/5479
f 3171/4/5479 3172/5/5480 3169/2/5479
s 2542
f 3170/3/5481 3173/6/5481 3174/7/5481
f 3174/7/5481 3171/4/5481 3170/3/5481
s 2543
f 3173/6/5482 3175/8/5482 3176/9/5482
f 3176/9/5482 3174/7/5482 3173/6/5482
s 2544
f 3175/8/5483 3177/10/5483 3178/11/5483
f 3178/11/5483 3176/9/5483 3175/8/5483
s 2545
f 3179/12/5484 3180/13/5484 3178/11/5484
f 3178/11/5484 3177/10/5484 3179/12/5484
s 2546
f 3181/14/5485 3180/13/5485 3179/12/5486
f 3179/12/5486 3182/15/5486 3181/14/5485
s 2547
f 3183/16/5487 3181/14/5487 3182/15/5487
f 3182/15/5487 3184/17/5487 3183/16/5487
s 2548
f 3185/18/5488 3186/19/5488 3183/16/5488
f 3183/16/5488 3184/17/5488 3185/18/5488
s 2549
f 3187/20/5489 3186/19/5489 3185/18/5489
f 3185/18/5489 3188/21/5489 3187/20/5489
s 2550
f 3189/22/5490 3187/20/5490 3188/21/5490
f 3188/21/5490 3190/23/5490 3189/22/5490
s 2551
f 3191/24/5491 3189/22/5491 3190/23/5491
f 3190/23/5491 3192/25/5491 3191/24/5491
s 2552
f 3193/26/5492 3194/27/5492 3191/24/5492
f 3191/24/5492 3192/25/5492 3193/26/5492
s 2553
f 3195/28/5493 3194/27/5494 3193/26/5495
f 3193/26/5495 3196/29/5493 3195/28/5493
s 2554
f 3197/30/5496 3195/28/5496 3196/29/5496
f 3196/29/5496 3198/31/5496 3197/30/5496
s 2555
f 3199/32/5497 3197/30/5497 3198/31/5497
f 3198/31/5497 3200/33/5497 3199/32/5497
s 2556
f 3201/34/5498 3199/32/5498 3200/33/5498
f 3200/33/5498 3202/35/5498 3201/34/5498
s 2557
f 3203/36/5499 3201/34/5499 3202/35/5499
f 3202/35/5499 3204/37/5499 3203/36/5499
s 2558
f 3205/38/5500 3203/36/5500 3204/37/5501
f 3204/37/5501 3206/39/5500 3205/38/5500
s 2559
f 3207/40/5502 3205/38/5502 3206/39/5502
f 3206/39/5502 3208/41/5502 3207/40/5502
s 2560
f 3209/42/5503 3210/43/5503 3207/40/5503
f 3207/40/5503 3208/41/5503 3209/42/5503
s 2561
f 3209/42/5504 3211/44/5504 3212/45/5504
f 3212/45/5504 3210/43/5504 3209/42/5504
s 2562
f 3213/46/5505 3212/45/5505 3211/44/5505
f 3211/44/5505 3214/47/5505 3213/46/5505
s 2563
f 3215/48/5506 3213/46/5506 3214/47/5506
f 3214/47/5506 3216/49/5506 3215/48/5506
s 2564
f 3217/50/5507 3218/51/5507 3215/48/5507
f 3215/48/5507 3216/49/5507 3217/50/5507
s 2565
f 3219/52/5508 3220/53/5508 3218/51/5508
f 3218/51/5508 3217/50/5508 3219/52/5508
s 2566
f 3221/54/5509 3220/53/5509 3219/52/5509
f 3219/52/5509 3222/55/5509 3221/54/5509
s 2567
f 3223/56/5510 3224/57/5510 3221/54/5510
f 3221/54/5510 3222/55/5510 3223/56/5510
s 2568
f 3225/58/5511 3224/57/5511 3223/56/5511
f 3223/56/5511 3226/59/5511 3225/58/5511
s 2569
f 3227/60/5512 3225/58/5513 3226/59/5512
f 3226/59/5512 3228/61/5512 3227/60/5512
s 2570
f 3229/62/5514 3230/63/5514 3227/60/5514
f 3227/60/5514 3228/61/5514 3229/62/5514
s 2571
f 3185/18/5515 3231/18/5515 3232/21/5515
f 3232/21/5515 3188/21/5515 3185/18/5515
s 2572
f 3233/64/5516 3234/65/5516 3230/63/5516
f 3230/63/5516 3229/62/5516 3233/64/5516
s 2573
f 3234/65/5517 3233/64/5517 3169/66/5517
f 3169/66/5517 3172/67/5517 3234/65/5517
s 2574
f 3171/68/5518 3174/69/5519 3176/70/5520
f 3171/68/5518 3176/70/5520 3178/71/5096
f 3178/71/5096 3180/72/5519 3181/73/5096
f 3181/73/5096 3183/74/5096 3186/75/5096
f 3186/75/5096 3187/76/5520 3189/77/5096
f 3181/73/5096 3186/75/5096 3189/77/5096
f 3178/71/5096 3181/73/5096 3189/77/5096
f 3189/77/5096 3191/78/5096 3194/79/5096
f 3194/79/5096 3195/80/5096 3197/81/5096
f 3189/77/5096 3194/79/5096 3197/81/5096
f 3197/81/5096 3199/82/5521 3201/83/5096
f 3201/83/5096 3203/84/5521 3205/85/5096
f 3197/81/5096 3201/83/5096 3205/85/5096
f 3205/85/5096 3207/86/5096 3210/87/5520
f 3210/87/5520 3212/88/5096 3213/89/5096
f 3205/85/5096 3210/87/5520 3213/89/5096
f 3213/89/5096 3215/90/5522 3218/91/5096
f 3218/91/5096 3220/92/5518 3221/93/5096
f 3213/89/5096 3218/91/5096 3221/93/5096
f 3205/85/5096 3213/89/5096 3221/93/5096
f 3197/81/5096 3205/85/5096 3221/93/5096
f 3189/77/5096 3197/81/5096 3221/93/5096
f 3178/71/5096 3189/77/5096 3221/93/5096
f 3221/93/5096 3224/94/5520 3225/95/5096
f 3225/95/5096 3227/96/5096 3230/97/5096
f 3221/93/5096 3225/95/5096 3230/97/5096
f 3178/71/5096 3221/93/5096 3230/97/5096
f 3171/68/5518 3178/71/5096 3230/97/5096
f 3172/98/5096 3171/68/5518 3230/97/5096
f 3172/98/5096 3230/97/5096 3234/99/5523
s 2575
f 3235/8/5524 3236/8/5524 3237/10/5524
f 3237/10/5524 3238/10/5524 3235/8/5524
s 2576
f 3239/39/5525 3206/39/5526 3204/37/5527
f 3204/37/5527 3240/37/5525 3239/39/5525
s 2577
f 3241/56/5528 3223/56/5528 3222/55/5528
f 3222/55/5528 3242/55/5528 3241/56/5528
s 2578
f 3243/12/5529 3179/12/5529 3177/10/5529
f 3177/10/5529 3238/10/5529 3243/12/5529
s 2579
f 3244/31/5530 3198/31/5530 3196/29/5530
f 3196/29/5530 3245/29/5530 3244/31/5530
s 2580
f 3246/49/5531 3216/49/5531 3214/47/5531
f 3214/47/5531 3247/47/5531 3246/49/5531
s 2581
f 3170/3/5532 3169/2/5532 3248/2/5533
f 3248/2/5533 3249/3/5533 3170/3/5532
s 2582
f 3233/64/5534 3250/64/5535 3248/66/5535
f 3248/66/5535 3169/66/5536 3233/64/5534
s 2583
f 3251/23/5537 3190/23/5537 3188/21/5537
f 3188/21/5537 3232/21/5537 3251/23/5537
s 2584
f 3252/41/5538 3208/41/5538 3206/39/5538
f 3206/39/5538 3239/39/5538 3252/41/5538
s 2585
f 3241/56/5539 3253/59/5540 3226/59/5539
f 3226/59/5539 3223/56/5539 3241/56/5539
s 2586
f 3254/15/5541 3182/15/5541 3179/12/5541
f 3179/12/5541 3243/12/5541 3254/15/5541
s 2587
f 3255/33/5542 3200/33/5543 3198/31/5543
f 3198/31/5543 3244/31/5542 3255/33/5542
s 2588
f 3256/50/5544 3217/50/5544 3216/49/5544
f 3216/49/5544 3246/49/5544 3256/50/5544
s 2589
f 3249/3/5545 3257/6/5546 3173/6/5546
f 3173/6/5546 3170/3/5546 3249/3/5545
s 2590
f 3258/25/5547 3192/25/5547 3190/23/5547
f 3190/23/5547 3251/23/5547 3258/25/5547
s 2591
f 3252/41/5548 3259/42/5549 3209/42/5550
f 3209/42/5550 3208/41/5550 3252/41/5548
s 2592
f 3228/61/5551 3226/59/5552 3253/59/5553
f 3253/59/5553 3260/61/5554 3228/61/5551
s 2593
f 3261/17/5555 3184/17/5555 3182/15/5555
f 3182/15/5555 3254/15/5555 3261/17/5555
s 2594
f 3262/35/5556 3202/35/5556 3200/33/5556
f 3200/33/5556 3255/33/5556 3262/35/5556
s 2595
f 3263/52/5557 3219/52/5558 3217/50/5558
f 3217/50/5558 3256/50/5557 3263/52/5557
s 2596
f 3235/8/5559 3175/8/5559 3173/6/5559
f 3173/6/5559 3257/6/5559 3235/8/5559
s 2597
f 3264/26/5560 3193/26/5560 3192/25/5560
f 3192/25/5560 3258/25/5560 3264/26/5560
s 2598
f 3265/44/5561 3211/44/5562 3209/42/5561
f 3209/42/5561 3259/42/5561 3265/44/5561
s 2599
f 3229/62/5563 3228/61/5564 3260/61/5563
f 3260/61/5563 3266/62/5563 3229/62/5563
s 2600
f 3184/17/5565 3261/17/5566 3231/18/5566
f 3231/18/5566 3185/18/5565 3184/17/5565
s 2601
f 3240/37/5567 3204/37/5567 3202/35/5567
f 3202/35/5567 3262/35/5567 3240/37/5567
s 2602
f 3242/55/5568 3222/55/5568 3219/52/5568
f 3219/52/5568 3263/52/5568 3242/55/5568
s 2603
f 3177/10/5569 3175/8/5570 3235/8/5569
f 3235/8/5569 3238/10/5569 3177/10/5569
s 2604
f 3245/29/5571 3196/29/5571 3193/26/5571
f 3193/26/5571 3264/26/5571 3245/29/5571
s 2605
f 3247/47/5572 3214/47/5572 3211/44/5572
f 3211/44/5572 3265/44/5572 3247/47/5572
s 2606
f 3233/64/5573 3229/62/5573 3266/62/5574
f 3266/62/5574 3250/64/5575 3233/64/5573
s 2607
f 3267/100/5576 3268/101/5577 3269/102/5576
f 3269/102/5576 3270/103/5577 3271/104/5576
f 3267/100/5576 3269/102/5576 3271/104/5576
f 3271/104/5576 3272/105/5578 3273/106/5579
f 3273/106/5579 3274/107/5580 3275/108/5576
f 3271/104/5576 3273/106/5579 3275/108/5576
f 3275/108/5576 3276/109/5581 3277/110/5576
f 3277/110/5576 3278/111/5582 3279/112/5582
f 3275/108/5576 3277/110/5576 3279/112/5582
f 3271/104/5576 3275/108/5576 3279/112/5582
f 3279/112/5582 3280/113/5583 3281/114/5576
f 3281/114/5576 3282/115/5580 3283/116/5576
f 3279/112/5582 3281/114/5576 3283/116/5576
f 3283/116/5576 3284/117/5580 3285/118/5576
f 3285/118/5576 3286/119/5584 3287/120/5585
f 3283/116/5576 3285/118/5576 3287/120/5585
f 3279/112/5582 3283/116/5576 3287/120/5585
f 3271/104/5576 3279/112/5582 3287/120/5585
f 3287/120/5585 3288/121/5586 3289/122/5582
f 3289/122/5582 3290/123/5587 3291/124/5588
f 3287/120/5585 3289/122/5582 3291/124/5588
f 3287/120/5585 3291/124/5588 3292/125/5576
f 3271/104/5576 3287/120/5585 3292/125/5576
f 3292/125/5576 3293/126/5589 3294/127/5590
f 3294/127/5590 3295/128/5591 3237/129/5576
f 3292/125/5576 3294/127/5590 3237/129/5576
f 3271/104/5576 3292/125/5576 3237/129/5576
f 3267/100/5576 3271/104/5576 3237/129/5576
f 3267/100/5576 3237/129/5576 3236/130/5582
f 3267/100/5576 3236/130/5582 3296/131/5592
s 2608
f 3266/62/5593 3270/62/5594 3269/64/5593
f 3269/64/5593 3250/64/5593 3266/62/5593
s 2609
f 3240/37/5595 3283/37/5596 3282/39/5595
f 3282/39/5595 3239/39/5595 3240/37/5595
s 2610
f 3238/10/5597 3237/10/5598 3295/12/5599
f 3295/12/5599 3243/12/5597 3238/10/5597
s 2611
f 3250/64/5600 3269/64/5601 3268/66/5602
f 3268/66/5602 3248/66/5600 3250/64/5600
s 2612
f 3239/39/5603 3282/39/5604 3281/41/5603
f 3281/41/5603 3252/41/5605 3239/39/5603
s 2613
f 3243/12/5606 3295/12/5606 3294/15/5606
f 3294/15/5606 3254/15/5606 3243/12/5606
s 2614
f 3252/41/5607 3281/41/5607 3280/42/5608
f 3280/42/5608 3259/42/5609 3252/41/5607
s 2615
f 3254/15/5610 3294/15/5610 3293/17/5610
f 3293/17/5610 3261/17/5610 3254/15/5610
s 2616
f 3259/42/5611 3280/42/5611 3279/44/5612
f 3279/44/5612 3265/44/5611 3259/42/5611
s 2617
f 3231/18/5613 3261/17/5613 3293/17/5613
f 3293/17/5613 3292/18/5613 3231/18/5613
s 2618
f 3265/44/5614 3279/44/5614 3278/47/5614
f 3278/47/5614 3247/47/5614 3265/44/5614
s 2619
f 3231/18/5615 3292/18/5615 3291/21/5615
f 3291/21/5615 3232/21/5615 3231/18/5615
s 2620
f 3247/47/5616 3278/47/5616 3277/49/5616
f 3277/49/5616 3246/49/5617 3247/47/5616
s 2621
f 3232/21/5618 3291/21/5618 3290/23/5618
f 3290/23/5618 3251/23/5618 3232/21/5618
s 2622
f 3246/49/5619 3277/49/5620 3276/50/5620
f 3276/50/5620 3256/50/5619 3246/49/5619
s 2623
f 3251/23/5621 3290/23/5622 3289/25/5622
f 3289/25/5622 3258/25/5621 3251/23/5621
s 2624
f 3256/50/5623 3276/50/5624 3275/52/5623
f 3275/52/5623 3263/52/5623 3256/50/5623
s 2625
f 3258/25/5625 3289/25/5626 3288/26/5625
f 3288/26/5625 3264/26/5625 3258/25/5625
s 2626
f 3263/52/5627 3275/52/5628 3274/55/5628
f 3274/55/5628 3242/55/5627 3263/52/5627
s 2627
f 3264/26/5629 3288/26/5629 3287/29/5629
f 3287/29/5629 3245/29/5629 3264/26/5629
s 2628
f 3242/55/5630 3274/55/5630 3273/56/5630
f 3273/56/5630 3241/56/5631 3242/55/5630
s 2629
f 3245/29/5632 3287/29/5633 3286/31/5633
f 3286/31/5633 3244/31/5632 3245/29/5632
s 2630
f 3248/2/5634 3268/2/5634 3267/3/5634
f 3267/3/5634 3249/3/5634 3248/2/5634
s 2631
f 3241/56/5635 3273/56/5636 3272/59/5637
f 3272/59/5637 3253/59/5635 3241/56/5635
s 2632
f 3244/31/5638 3286/31/5639 3285/33/5639
f 3285/33/5639 3255/33/5640 3244/31/5638
s 2633
f 3249/3/5641 3267/3/5642 3296/6/5643
f 3296/6/5643 3257/6/5641 3249/3/5641
s 2634
f 3253/59/5644 3272/59/5644 3271/61/5644
f 3271/61/5644 3260/61/5645 3253/59/5644
s 2635
f 3255/33/5646 3285/33/5646 3284/35/5646
f 3284/35/5646 3262/35/5646 3255/33/5646
s 2636
f 3257/6/5647 3296/6/5648 3236/8/5649
f 3236/8/5649 3235/8/5647 3257/6/5647
s 2637
f 3260/61/5650 3271/61/5651 3270/62/5650
f 3270/62/5650 3266/62/5652 3260/61/5650
s 2638
f 3262/35/5653 3284/35/5654 3283/37/5653
f 3283/37/5653 3240/37/5653 3262/35/5653
s 2639
f 3297/3/5655 3298/4/5656 3299/5/5657
f 3299/5/5657 3300/2/5656 3297/3/5655
s 2640
f 3301/7/5658 3298/4/5658 3297/3/5658
f 3297/3/5658 3302/6/5658 3301/7/5658
s 2641
f 3303/8/5659 3304/9/5659 3301/7/5659
f 3301/7/5659 3302/6/5659 3303/8/5659
s 2642
f 3305/11/5660 3304/9/5660 3303/8/5660
f 3303/8/5660 3306/10/5660 3305/11/5660
s 2643
f 3307/12/5661 3308/13/5661 3305/11/5661
f 3305/11/5661 3306/10/5661 3307/12/5661
s 2644
f 3309/14/5662 3308/13/5662 3307/12/5662
f 3307/12/5662 3310/15/5662 3309/14/5662
s 2645
f 3311/16/5663 3309/14/5663 3310/15/5663
f 3310/15/5663 3312/17/5663 3311/16/5663
s 2646
f 3313/18/5664 3314/19/5665 3311/16/5665
f 3311/16/5665 3312/17/5666 3313/18/5664
s 2647
f 3315/20/5667 3314/19/5667 3313/18/5667
f 3313/18/5667 3316/21/5667 3315/20/5667
s 2648
f 3317/23/5668 3318/22/5668 3315/20/5668
f 3315/20/5668 3316/21/5668 3317/23/5668
s 2649
f 3319/25/5669 3320/24/5670 3318/22/5670
f 3318/22/5670 3317/23/5670 3319/25/5669
s 2650
f 3321/27/5671 3320/24/5671 3319/25/5672
f 3319/25/5672 3322/26/5672 3321/27/5671
s 2651
f 3323/29/5673 3324/28/5673 3321/27/5673
f 3321/27/5673 3322/26/5673 3323/29/5673
s 2652
f 3325/31/5674 3326/30/5674 3324/28/5674
f 3324/28/5674 3323/29/5674 3325/31/5674
s 2653
f 3327/32/5675 3326/30/5675 3325/31/5676
f 3325/31/5676 3328/33/5676 3327/32/5675
s 2654
f 3328/33/5677 3329/35/5677 3330/34/5677
f 3330/34/5677 3327/32/5677 3328/33/5677
s 2655
f 3331/37/5678 3332/36/5679 3330/34/5679
f 3330/34/5679 3329/35/5680 3331/37/5678
s 2656
f 3333/38/5681 3332/36/5682 3331/37/5681
f 3331/37/5681 3334/39/5681 3333/38/5681
s 2657
f 3335/40/5683 3333/38/5683 3334/39/5683
f 3334/39/5683 3336/41/5683 3335/40/5683
s 2658
f 3337/42/5684 3338/43/5684 3335/40/5684
f 3335/40/5684 3336/41/5684 3337/42/5684
s 2659
f 3339/45/5685 3338/43/5685 3337/42/5685
f 3337/42/5685 3340/44/5685 3339/45/5685
s 2660
f 3341/47/5686 3342/46/5686 3339/45/5686
f 3339/45/5686 3340/44/5686 3341/47/5686
s 2661
f 3343/49/5687 3344/48/5688 3342/46/5687
f 3342/46/5687 3341/47/5687 3343/49/5687
s 2662
f 3345/51/5689 3344/48/5690 3343/49/5689
f 3343/49/5689 3346/50/5690 3345/51/5689
s 2663
f 3347/53/5691 3345/51/5692 3346/50/5692
f 3346/50/5692 3348/52/5691 3347/53/5691
s 2664
f 3349/55/5693 3350/54/5694 3347/53/5694
f 3347/53/5694 3348/52/5693 3349/55/5693
s 2665
f 3351/57/5695 3350/54/5695 3349/55/5695
f 3349/55/5695 3352/56/5695 3351/57/5695
s 2666
f 3353/59/5696 3354/58/5696 3351/57/5696
f 3351/57/5696 3352/56/5696 3353/59/5696
s 2667
f 3355/61/5697 3356/60/5697 3354/58/5697
f 3354/58/5697 3353/59/5697 3355/61/5697
s 2668
f 3357/63/5698 3356/60/5698 3355/61/5698
f 3355/61/5698 3358/62/5698 3357/63/5698
s 2669
f 3359/21/5699 3316/21/5699 3313/18/5699
f 3313/18/5699 3360/18/5699 3359/21/5699
s 2670
f 3361/64/5700 3362/65/5700 3357/63/5700
f 3357/63/5700 3358/62/5700 3361/64/5700
s 2671
f 3361/64/5701 3300/66/5702 3299/67/5701
f 3299/67/5701 3362/65/5701 3361/64/5701
s 2672
f 3299/98/5096 3298/68/5520 3301/69/5096
f 3301/69/5096 3304/70/5518 3305/71/5096
f 3299/98/5096 3301/69/5096 3305/71/5096
f 3308/72/5096 3309/73/5096 3311/74/5096
f 3305/71/5096 3308/72/5096 3311/74/5096
f 3305/71/5096 3311/74/5096 3314/75/5096
f 3314/75/5096 3315/76/5096 3318/77/5096
f 3305/71/5096 3314/75/5096 3318/77/5096
f 3305/71/5096 3318/77/5096 3320/78/5096
f 3320/78/5096 3321/79/5523 3324/80/5096
f 3305/71/5096 3320/78/5096 3324/80/5096
f 3305/71/5096 3324/80/5096 3326/81/5096
f 3326/81/5096 3327/82/5096 3330/83/5096
f 3305/71/5096 3326/81/5096 3330/83/5096
f 3305/71/5096 3330/83/5096 3332/84/5096
f 3332/84/5096 3333/85/5520 3335/86/5096
f 3305/71/5096 3332/84/5096 3335/86/5096
f 3305/71/5096 3335/86/5096 3338/87/5096
f 3338/87/5096 3339/88/5096 3342/89/5096
f 3305/71/5096 3338/87/5096 3342/89/5096
f 3305/71/5096 3342/89/5096 3344/90/5096
f 3344/90/5096 3345/91/5521 3347/92/5096
f 3305/71/5096 3344/90/5096 3347/92/5096
f 3305/71/5096 3347/92/5096 3350/93/5096
f 3350/93/5096 3351/94/5096 3354/95/5096
f 3305/71/5096 3350/93/5096 3354/95/5096
f 3305/71/5096 3354/95/5096 3356/96/5096
f 3299/98/5096 3305/71/5096 3356/96/5096
f 3299/98/5096 3356/96/5096 3357/97/5523
f 3299/98/5096 3357/97/5523 3362/99/5522
s 2673
f 3363/10/5703 3364/8/5703 3365/8/5704
f 3365/8/5704 3366/10/5704 3363/10/5703
s 2674
f 3367/39/5705 3334/39/5705 3331/37/5705
f 3331/37/5705 3368/37/5705 3367/39/5705
s 2675
f 3369/56/5706 3352/56/5706 3349/55/5706
f 3349/55/5706 3370/55/5707 3369/56/5706
s 2676
f 3306/10/5708 3363/10/5708 3371/12/5708
f 3371/12/5708 3307/12/5708 3306/10/5708
s 2677
f 3323/29/5709 3372/29/5710 3373/31/5711
f 3373/31/5711 3325/31/5709 3323/29/5709
s 2678
f 3343/49/5712 3341/47/5713 3374/47/5712
f 3374/47/5712 3375/49/5712 3343/49/5712
s 2679
f 3300/2/5714 3376/2/5715 3377/3/5715
f 3377/3/5715 3297/3/5714 3300/2/5714
s 2680
f 3300/66/5716 3361/64/5716 3378/64/5717
f 3378/64/5717 3376/66/5717 3300/66/5716
s 2681
f 3359/21/5718 3379/23/5718 3317/23/5718
f 3317/23/5718 3316/21/5718 3359/21/5718
s 2682
f 3367/39/5719 3380/41/5719 3336/41/5719
f 3336/41/5719 3334/39/5720 3367/39/5719
s 2683
f 3369/56/5721 3381/59/5722 3353/59/5721
f 3353/59/5721 3352/56/5721 3369/56/5721
s 2684
f 3382/15/5723 3310/15/5723 3307/12/5723
f 3307/12/5723 3371/12/5724 3382/15/5723
s 2685
f 3383/33/5725 3328/33/5725 3325/31/5725
f 3325/31/5725 3373/31/5725 3383/33/5725
s 2686
f 3384/50/5726 3346/50/5726 3343/49/5726
f 3343/49/5726 3375/49/5727 3384/50/5726
s 2687
f 3385/6/5728 3302/6/5728 3297/3/5728
f 3297/3/5728 3377/3/5728 3385/6/5728
s 2688
f 3317/23/5729 3379/23/5729 3386/25/5729
f 3386/25/5729 3319/25/5729 3317/23/5729
s 2689
f 3337/42/5730 3336/41/5730 3380/41/5731
f 3380/41/5731 3387/42/5732 3337/42/5730
s 2690
f 3355/61/5733 3353/59/5734 3381/59/5733
f 3381/59/5733 3388/61/5735 3355/61/5733
s 2691
f 3382/15/5736 3389/17/5736 3312/17/5737
f 3312/17/5737 3310/15/5737 3382/15/5736
s 2692
f 3383/33/5738 3390/35/5739 3329/35/5740
f 3329/35/5740 3328/33/5741 3383/33/5738
s 2693
f 3384/50/5742 3391/52/5742 3348/52/5743
f 3348/52/5743 3346/50/5743 3384/50/5742
s 2694
f 3302/6/5744 3385/6/5745 3364/8/5745
f 3364/8/5745 3303/8/5744 3302/6/5744
s 2695
f 3392/26/5746 3322/26/5747 3319/25/5748
f 3319/25/5748 3386/25/5746 3392/26/5746
s 2696
f 3393/44/5749 3340/44/5750 3337/42/5750
f 3337/42/5750 3387/42/5749 3393/44/5749
s 2697
f 3394/62/5751 3358/62/5752 3355/61/5751
f 3355/61/5751 3388/61/5751 3394/62/5751
s 2698
f 3312/17/5753 3389/17/5754 3360/18/5754
f 3360/18/5754 3313/18/5753 3312/17/5753
s 2699
f 3329/35/5755 3390/35/5756 3368/37/5756
f 3368/37/5756 3331/37/5757 3329/35/5755
s 2700
f 3349/55/5758 3348/52/5758 3391/52/5758
f 3391/52/5758 3370/55/5758 3349/55/5758
s 2701
f 3363/10/5759 3306/10/5759 3303/8/5759
f 3303/8/5759 3364/8/5759 3363/10/5759
s 2702
f 3392/26/5760 3372/29/5760 3323/29/5760
f 3323/29/5760 3322/26/5760 3392/26/5760
s 2703
f 3393/44/5761 3374/47/5761 3341/47/5761
f 3341/47/5761 3340/44/5761 3393/44/5761
s 2704
f 3394/62/5762 3378/64/5762 3361/64/5763
f 3361/64/5763 3358/62/5764 3394/62/5762
s 2705
f 3395/102/5765 3396/103/5766 3397/104/5767
f 3395/102/5765 3397/104/5767 3398/105/5765
f 3398/105/5765 3399/106/5768 3400/107/5769
f 3395/102/5765 3398/105/5765 3400/107/5769
f 3395/102/5765 3400/107/5769 3401/108/5765
f 3401/108/5765 3402/109/5770 3403/110/5765
f 3395/102/5765 3401/108/5765 3403/110/5765
f 3395/102/5765 3403/110/5765 3404/111/5765
f 3404/111/5765 3405/112/5771 3406/113/5765
f 3395/102/5765 3404/111/5765 3406/113/5765
f 3395/102/5765 3406/113/5765 3407/114/5765
f 3407/114/5765 3408/115/5772 3409/116/5765
f 3395/102/5765 3407/114/5765 3409/116/5765
f 3395/102/5765 3409/116/5765 3410/117/5765
f 3410/117/5765 3411/118/5769 3412/119/5765
f 3395/102/5765 3410/117/5765 3412/119/5765
f 3395/102/5765 3412/119/5765 3413/120/5773
f 3413/120/5773 3414/121/5774 3415/122/5765
f 3395/102/5765 3413/120/5773 3415/122/5765
f 3395/102/5765 3415/122/5765 3416/123/5765
f 3416/123/5765 3417/124/5769 3418/125/5765
f 3395/102/5765 3416/123/5765 3418/125/5765
f 3418/125/5765 3419/126/5765 3420/127/5775
f 3418/125/5765 3420/127/5775 3421/128/5765
f 3395/102/5765 3418/125/5765 3421/128/5765
f 3395/102/5765 3421/128/5765 3366/129/5765
f 3366/129/5765 3365/130/5776 3422/131/5765
f 3395/102/5765 3366/129/5765 3422/131/5765
f 3423/101/5777 3395/102/5765 3422/131/5765
f 3424/100/5775 3423/101/5777 3422/131/5765
s 2706
f 3378/64/5778 3394/62/5779 3396/62/5780
f 3396/62/5780 3395/64/5780 3378/64/5778
s 2707
f 3409/37/5781 3408/39/5781 3367/39/5781
f 3367/39/5781 3368/37/5781 3409/37/5781
s 2708
f 3371/12/5782 3363/10/5782 3366/10/5782
f 3366/10/5782 3421/12/5782 3371/12/5782
s 2709
f 3376/66/5783 3378/64/5783 3395/64/5783
f 3395/64/5783 3423/66/5783 3376/66/5783
s 2710
f 3380/41/5784 3367/39/5784 3408/39/5785
f 3408/39/5785 3407/41/5786 3380/41/5784
s 2711
f 3420/15/5787 3382/15/5788 3371/12/5788
f 3371/12/5788 3421/12/5787 3420/15/5787
s 2712
f 3387/42/5789 3380/41/5790 3407/41/5789
f 3407/41/5789 3406/42/5789 3387/42/5789
s 2713
f 3389/17/5791 3382/15/5791 3420/15/5792
f 3420/15/5792 3419/17/5792 3389/17/5791
s 2714
f 3406/42/5793 3405/44/5793 3393/44/5794
f 3393/44/5794 3387/42/5794 3406/42/5793
s 2715
f 3360/18/5795 3389/17/5796 3419/17/5795
f 3419/17/5795 3418/18/5797 3360/18/5795
s 2716
f 3374/47/5798 3393/44/5799 3405/44/5798
f 3405/44/5798 3404/47/5800 3374/47/5798
s 2717
f 3418/18/5801 3417/21/5802 3359/21/5803
f 3359/21/5803 3360/18/5803 3418/18/5801
s 2718
f 3375/49/5804 3374/47/5804 3404/47/5804
f 3404/47/5804 3403/49/5804 3375/49/5804
s 2719
f 3379/23/5805 3359/21/5806 3417/21/5805
f 3417/21/5805 3416/23/5807 3379/23/5805
s 2720
f 3403/49/5808 3402/50/5809 3384/50/5808
f 3384/50/5808 3375/49/5808 3403/49/5808
s 2721
f 3386/25/5810 3379/23/5811 3416/23/5812
f 3416/23/5812 3415/25/5812 3386/25/5810
s 2722
f 3391/52/5813 3384/50/5813 3402/50/5813
f 3402/50/5813 3401/52/5813 3391/52/5813
s 2723
f 3415/25/5814 3414/26/5814 3392/26/5814
f 3392/26/5814 3386/25/5814 3415/25/5814
s 2724
f 3370/55/5815 3391/52/5816 3401/52/5815
f 3401/52/5815 3400/55/5815 3370/55/5815
s 2725
f 3372/29/5817 3392/26/5817 3414/26/5817
f 3414/26/5817 3413/29/5817 3372/29/5817
s 2726
f 3400/55/5818 3399/56/5819 3369/56/5820
f 3369/56/5820 3370/55/5820 3400/55/5818
s 2727
f 3373/31/5821 3372/29/5821 3413/29/5821
f 3413/29/5821 3412/31/5821 3373/31/5821
s 2728
f 3376/2/5822 3423/2/5823 3424/3/5824
f 3424/3/5824 3377/3/5822 3376/2/5822
s 2729
f 3381/59/5825 3369/56/5826 3399/56/5827
f 3399/56/5827 3398/59/5828 3381/59/5825
s 2730
f 3412/31/5829 3411/33/5829 3383/33/5830
f 3383/33/5830 3373/31/5830 3412/31/5829
s 2731
f 3422/6/5831 3385/6/5831 3377/3/5831
f 3377/3/5831 3424/3/5831 3422/6/5831
s 2732
f 3388/61/5832 3381/59/5833 3398/59/5834
f 3398/59/5834 3397/61/5833 3388/61/5832
s 2733
f 3390/35/5835 3383/33/5835 3411/33/5836
f 3411/33/5836 3410/35/5837 3390/35/5835
s 2734
f 3365/8/5838 3364/8/5839 3385/6/5839
f 3385/6/5839 3422/6/5838 3365/8/5838
s 2735
f 3397/61/5840 3396/62/5840 3394/62/5840
f 3394/62/5840 3388/61/5841 3397/61/5840
s 2736
f 3368/37/5842 3390/35/5843 3410/35/5844
f 3410/35/5844 3409/37/5845 3368/37/5842
s 2737
f 3425/3/5846 3426/4/5846 3427/5/5846
f 3427/5/5846 3428/2/5846 3425/3/5846
s 2738
f 3429/7/5847 3426/4/5847 3425/3/5847
f 3425/3/5847 3430/6/5847 3429/7/5847
s 2739
f 3431/8/5848 3432/9/5848 3429/7/5848
f 3429/7/5848 3430/6/5848 3431/8/5848
s 2740
f 3433/10/5849 3434/11/5850 3432/9/5851
f 3432/9/5851 3431/8/5852 3433/10/5849
s 2741
f 3435/13/5853 3434/11/5853 3433/10/5853
f 3433/10/5853 3436/12/5853 3435/13/5853
s 2742
f 3437/15/5854 3438/14/5855 3435/13/5855
f 3435/13/5855 3436/12/5855 3437/15/5854
s 2743
f 3439/17/5856 3440/16/5857 3438/14/5856
f 3438/14/5856 3437/15/5856 3439/17/5856
s 2744
f 3441/19/5858 3440/16/5858 3439/17/5858
f 3439/17/5858 3442/18/5858 3441/19/5858
s 2745
f 3443/21/5859 3444/20/5859 3441/19/5859
f 3441/19/5859 3442/18/5859 3443/21/5859
s 2746
f 3445/23/5860 3446/22/5860 3444/20/5860
f 3444/20/5860 3443/21/5860 3445/23/5860
s 2747
f 3447/24/5861 3446/22/5861 3445/23/5861
f 3445/23/5861 3448/25/5861 3447/24/5861
s 2748
f 3449/26/5862 3450/27/5863 3447/24/5862
f 3447/24/5862 3448/25/5862 3449/26/5862
s 2749
f 3451/29/5864 3452/28/5864 3450/27/5864
f 3450/27/5864 3449/26/5864 3451/29/5864
s 2750
f 3453/30/5865 3452/28/5865 3451/29/5866
f 3451/29/5866 3454/31/5865 3453/30/5865
s 2751
f 3455/32/5867 3453/30/5867 3454/31/5867
f 3454/31/5867 3456/33/5867 3455/32/5867
s 2752
f 3457/35/5868 3458/34/5869 3455/32/5870
f 3455/32/5870 3456/33/5870 3457/35/5868
s 2753
f 3459/36/5871 3458/34/5872 3457/35/5871
f 3457/35/5871 3460/37/5871 3459/36/5871
s 2754
f 3461/38/5873 3459/36/5873 3460/37/5873
f 3460/37/5873 3462/39/5873 3461/38/5873
s 2755
f 3463/41/5874 3464/40/5874 3461/38/5874
f 3461/38/5874 3462/39/5874 3463/41/5874
s 2756
f 3465/43/5875 3464/40/5875 3463/41/5875
f 3463/41/5875 3466/42/5875 3465/43/5875
s 2757
f 3467/44/5876 3468/45/5876 3465/43/5876
f 3465/43/5876 3466/42/5876 3467/44/5876
s 2758
f 3469/47/5877 3470/46/5877 3468/45/5877
f 3468/45/5877 3467/44/5878 3469/47/5877
s 2759
f 3471/48/5879 3470/46/5879 3469/47/5879
f 3469/47/5879 3472/49/5879 3471/48/5879
s 2760
f 3473/51/5880 3471/48/5880 3472/49/5880
f 3472/49/5880 3474/50/5880 3473/51/5880
s 2761
f 3475/52/5881 3476/53/5881 3473/51/5881
f 3473/51/5881 3474/50/5881 3475/52/5881
s 2762
f 3477/54/5882 3476/53/5882 3475/52/5882
f 3475/52/5882 3478/55/5882 3477/54/5882
s 2763
f 3479/56/5883 3480/57/5883 3477/54/5883
f 3477/54/5883 3478/55/5883 3479/56/5883
s 2764
f 3481/59/5884 3482/58/5885 3480/57/5884
f 3480/57/5884 3479/56/5886 3481/59/5884
s 2765
f 3483/60/5887 3482/58/5887 3481/59/5887
f 3481/59/5887 3484/61/5887 3483/60/5887
s 2766
f 3485/62/5888 3486/63/5889 3483/60/5889
f 3483/60/5889 3484/61/5889 3485/62/5888
s 2767
f 3442/18/5890 3487/18/5891 3488/21/5891
f 3488/21/5891 3443/21/5890 3442/18/5890
s 2768
f 3489/64/5892 3490/65/5892 3486/63/5892
f 3486/63/5892 3485/62/5892 3489/64/5892
s 2769
f 3489/64/5893 3428/66/5893 3427/67/5894
f 3427/67/5894 3490/65/5894 3489/64/5893
s 2770
f 3426/68/5096 3429/69/5096 3432/70/5096
f 3427/98/5096 3426/68/5096 3432/70/5096
f 3427/98/5096 3432/70/5096 3434/71/5096
f 3434/71/5096 3435/72/5096 3438/73/5096
f 3427/98/5096 3434/71/5096 3438/73/5096
f 3427/98/5096 3438/73/5096 3440/74/5096
f 3440/74/5096 3441/75/5096 3444/76/5096
f 3427/98/5096 3440/74/5096 3444/76/5096
f 3427/98/5096 3444/76/5096 3446/77/5096
f 3446/77/5096 3447/78/5518 3450/79/5096
f 3427/98/5096 3446/77/5096 3450/79/5096
f 3427/98/5096 3450/79/5096 3452/80/5096
f 3452/80/5096 3453/81/5096 3455/82/5096
f 3427/98/5096 3452/80/5096 3455/82/5096
f 3427/98/5096 3455/82/5096 3458/83/5096
f 3458/83/5096 3459/84/5523 3461/85/5096
f 3427/98/5096 3458/83/5096 3461/85/5096
f 3427/98/5096 3461/85/5096 3464/86/5096
f 3464/86/5096 3465/87/5521 3468/88/5096
f 3427/98/5096 3464/86/5096 3468/88/5096
f 3427/98/5096 3468/88/5096 3470/89/5096
f 3470/89/5096 3471/90/5518 3473/91/5096
f 3427/98/5096 3470/89/5096 3473/91/5096
f 3427/98/5096 3473/91/5096 3476/92/5096
f 3476/92/5096 3477/93/5096 3480/94/5096
f 3427/98/5096 3476/92/5096 3480/94/5096
f 3427/98/5096 3480/94/5096 3482/95/5096
f 3482/95/5096 3483/96/5096 3486/97/5096
f 3427/98/5096 3482/95/5096 3486/97/5096
f 3427/98/5096 3486/97/5096 3490/99/5519
s 2771
f 3491/8/5895 3492/8/5896 3493/10/5897
f 3493/10/5897 3494/10/5895 3491/8/5895
s 2772
f 3495/39/5898 3462/39/5899 3460/37/5899
f 3460/37/5899 3496/37/5898 3495/39/5898
s 2773
f 3497/56/5900 3479/56/5900 3478/55/5900
f 3478/55/5900 3498/55/5900 3497/56/5900
s 2774
f 3433/10/5901 3494/10/5901 3499/12/5901
f 3499/12/5901 3436/12/5901 3433/10/5901
s 2775
f 3454/31/5902 3451/29/5902 3500/29/5902
f 3500/29/5902 3501/31/5902 3454/31/5902
s 2776
f 3472/49/5903 3469/47/5903 3502/47/5903
f 3502/47/5903 3503/49/5903 3472/49/5903
s 2777
f 3504/3/5904 3425/3/5905 3428/2/5904
f 3428/2/5904 3505/2/5904 3504/3/5904
s 2778
f 3506/64/5906 3505/66/5906 3428/66/5906
f 3428/66/5906 3489/64/5906 3506/64/5906
s 2779
f 3443/21/5907 3488/21/5907 3507/23/5907
f 3507/23/5907 3445/23/5907 3443/21/5907
s 2780
f 3508/41/5908 3463/41/5908 3462/39/5908
f 3462/39/5908 3495/39/5908 3508/41/5908
s 2781
f 3509/59/5909 3481/59/5910 3479/56/5910
f 3479/56/5910 3497/56/5909 3509/59/5909
s 2782
f 3436/12/5911 3499/12/5911 3510/15/5911
f 3510/15/5911 3437/15/5911 3436/12/5911
s 2783
f 3511/33/5912 3456/33/5913 3454/31/5913
f 3454/31/5913 3501/31/5912 3511/33/5912
s 2784
f 3512/50/5914 3474/50/5914 3472/49/5914
f 3472/49/5914 3503/49/5914 3512/50/5914
s 2785
f 3425/3/5915 3504/3/5915 3513/6/5915
f 3513/6/5915 3430/6/5915 3425/3/5915
s 2786
f 3507/23/5916 3514/25/5916 3448/25/5916
f 3448/25/5916 3445/23/5916 3507/23/5916
s 2787
f 3466/42/5917 3463/41/5918 3508/41/5917
f 3508/41/5917 3515/42/5917 3466/42/5917
s 2788
f 3484/61/5919 3481/59/5920 3509/59/5920
f 3509/59/5920 3516/61/5920 3484/61/5919
s 2789
f 3437/15/5921 3510/15/5921 3517/17/5921
f 3517/17/5921 3439/17/5921 3437/15/5921
s 2790
f 3518/35/5922 3457/35/5923 3456/33/5923
f 3456/33/5923 3511/33/5922 3518/35/5922
s 2791
f 3519/52/5924 3475/52/5924 3474/50/5924
f 3474/50/5924 3512/50/5924 3519/52/5924
s 2792
f 3430/6/5925 3513/6/5926 3491/8/5927
f 3491/8/5927 3431/8/5928 3430/6/5925
s 2793
f 3514/25/5929 3520/26/5929 3449/26/5930
f 3449/26/5930 3448/25/5930 3514/25/5929
s 2794
f 3521/44/5931 3467/44/5931 3466/42/5931
f 3466/42/5931 3515/42/5932 3521/44/5931
s 2795
f 3522/62/5933 3485/62/5934 3484/61/5934
f 3484/61/5934 3516/61/5934 3522/62/5933
s 2796
f 3439/17/5935 3517/17/5935 3487/18/5935
f 3487/18/5935 3442/18/5935 3439/17/5935
s 2797
f 3460/37/5936 3457/35/5936 3518/35/5936
f 3518/35/5936 3496/37/5937 3460/37/5936
s 2798
f 3478/55/5938 3475/52/5938 3519/52/5938
f 3519/52/5938 3498/55/5938 3478/55/5938
s 2799
f 3431/8/5939 3491/8/5939 3494/10/5939
f 3494/10/5939 3433/10/5939 3431/8/5939
s 2800
f 3451/29/5940 3449/26/5941 3520/26/5940
f 3520/26/5940 3500/29/5940 3451/29/5940
s 2801
f 3502/47/5942 3469/47/5942 3467/44/5942
f 3467/44/5942 3521/44/5942 3502/47/5942
s 2802
f 3506/64/5943 3489/64/5943 3485/62/5943
f 3485/62/5943 3522/62/5943 3506/64/5943
s 2803
f 3523/100/5944 3524/101/5945 3525/102/5944
f 3525/102/5944 3526/103/5946 3527/104/5944
f 3523/100/5944 3525/102/5944 3527/104/5944
f 3528/105/5946 3529/106/5947 3530/107/5944
f 3527/104/5944 3528/105/5946 3530/107/5944
f 3523/100/5944 3527/104/5944 3530/107/5944
f 3531/108/5948 3532/109/5948 3533/110/5949
f 3530/107/5944 3531/108/5948 3533/110/5949
f 3534/111/5950 3535/112/5951 3536/113/5944
f 3533/110/5949 3534/111/5950 3536/113/5944
f 3530/107/5944 3533/110/5949 3536/113/5944
f 3523/100/5944 3530/107/5944 3536/113/5944
f 3537/114/5952 3538/115/5953 3539/116/5944
f 3536/113/5944 3537/114/5952 3539/116/5944
f 3540/117/5944 3541/118/5952 3542/119/5944
f 3539/116/5944 3540/117/5944 3542/119/5944
f 3536/113/5944 3539/116/5944 3542/119/5944
f 3543/120/5952 3544/121/5954 3545/122/5944
f 3542/119/5944 3543/120/5952 3545/122/5944
f 3546/123/5944 3547/124/5948 3548/125/5948
f 3545/122/5944 3546/123/5944 3548/125/5948
f 3542/119/5944 3545/122/5944 3548/125/5948
f 3536/113/5944 3542/119/5944 3548/125/5948
f 3523/100/5944 3536/113/5944 3548/125/5948
f 3549/126/5944 3550/127/5955 3551/128/5944
f 3548/125/5948 3549/126/5944 3551/128/5944
f 3493/129/5948 3492/130/5950 3552/131/5950
f 3551/128/5944 3493/129/5948 3552/131/5950
f 3548/125/5948 3551/128/5944 3552/131/5950
f 3523/100/5944 3548/125/5948 3552/131/5950
s 2804
f 3522/62/5956 3526/62/5956 3525/64/5957
f 3525/64/5957 3506/64/5956 3522/62/5956
s 2805
f 3495/39/5958 3496/37/5958 3539/37/5959
f 3539/37/5959 3538/39/5960 3495/39/5958
s 2806
f 3551/12/5961 3499/12/5961 3494/10/5961
f 3494/10/5961 3493/10/5961 3551/12/5961
s 2807
f 3525/64/5962 3524/66/5963 3505/66/5964
f 3505/66/5964 3506/64/5964 3525/64/5962
s 2808
f 3495/39/5965 3538/39/5965 3537/41/5965
f 3537/41/5965 3508/41/5966 3495/39/5965
s 2809
f 3510/15/5967 3499/12/5968 3551/12/5968
f 3551/12/5968 3550/15/5968 3510/15/5967
s 2810
f 3536/42/5969 3515/42/5970 3508/41/5969
f 3508/41/5969 3537/41/5969 3536/42/5969
s 2811
f 3510/15/5971 3550/15/5971 3549/17/5971
f 3549/17/5971 3517/17/5971 3510/15/5971
s 2812
f 3521/44/5972 3515/42/5972 3536/42/5973
f 3536/42/5973 3535/44/5973 3521/44/5972
s 2813
f 3548/18/5974 3487/18/5974 3517/17/5974
f 3517/17/5974 3549/17/5974 3548/18/5974
s 2814
f 3521/44/5975 3535/44/5976 3534/47/5975
f 3534/47/5975 3502/47/5975 3521/44/5975
s 2815
f 3488/21/5977 3487/18/5977 3548/18/5977
f 3548/18/5977 3547/21/5977 3488/21/5977
s 2816
f 3533/49/5978 3503/49/5979 3502/47/5978
f 3502/47/5978 3534/47/5978 3533/49/5978
s 2817
f 3488/21/5980 3547/21/5980 3546/23/5980
f 3546/23/5980 3507/23/5980 3488/21/5980
s 2818
f 3512/50/5981 3503/49/5981 3533/49/5982
f 3533/49/5982 3532/50/5982 3512/50/5981
s 2819
f 3507/23/5983 3546/23/5984 3545/25/5984
f 3545/25/5984 3514/25/5983 3507/23/5983
s 2820
f 3512/50/5985 3532/50/5985 3531/52/5985
f 3531/52/5985 3519/52/5986 3512/50/5985
s 2821
f 3545/25/5987 3544/26/5987 3520/26/5988
f 3520/26/5988 3514/25/5988 3545/25/5987
s 2822
f 3530/55/5989 3498/55/5990 3519/52/5990
f 3519/52/5990 3531/52/5989 3530/55/5989
s 2823
f 3543/29/5991 3500/29/5991 3520/26/5991
f 3520/26/5991 3544/26/5991 3543/29/5991
s 2824
f 3497/56/5992 3498/55/5993 3530/55/5992
f 3530/55/5992 3529/56/5992 3497/56/5992
s 2825
f 3542/31/5994 3501/31/5995 3500/29/5995
f 3500/29/5995 3543/29/5994 3542/31/5994
s 2826
f 3504/3/5996 3505/2/5996 3524/2/5997
f 3524/2/5997 3523/3/5997 3504/3/5996
s 2827
f 3497/56/5998 3529/56/5999 3528/59/6000
f 3528/59/6000 3509/59/6001 3497/56/5998
s 2828
f 3511/33/6002 3501/31/6002 3542/31/6002
f 3542/31/6002 3541/33/6003 3511/33/6002
s 2829
f 3552/6/6004 3513/6/6004 3504/3/6004
f 3504/3/6004 3523/3/6005 3552/6/6004
s 2830
f 3527/61/6006 3516/61/6007 3509/59/6008
f 3509/59/6008 3528/59/6008 3527/61/6006
s 2831
f 3511/33/6009 3541/33/6009 3540/35/6009
f 3540/35/6009 3518/35/6009 3511/33/6009
s 2832
f 3491/8/6010 3513/6/6010 3552/6/6010
f 3552/6/6010 3492/8/6010 3491/8/6010
s 2833
f 3522/62/6011 3516/61/6011 3527/61/6011
f 3527/61/6011 3526/62/6012 3522/62/6011
s 2834
f 3539/37/6013 3496/37/6014 3518/35/6014
f 3518/35/6014 3540/35/6015 3539/37/6013
