# Blender 4.5.3 LTS
# www.blender.org
mtllib pata_derecha_traseraobj.mtl
g pata_derecha_trasera_Mesh
v -0.247246 -0.170185 0.410367
v -0.314346 -0.141385 0.402667
v -0.378946 -0.113785 0.379767
v -0.438346 -0.088385 0.342767
v -0.490446 -0.066085 0.292967
v -0.533246 -0.047785 0.232167
v -0.565046 -0.034185 0.162867
v -0.584546 -0.025785 0.087667
v -0.591246 -0.022985 0.009467
v -0.584546 -0.025785 -0.068733
v -0.565046 -0.034185 -0.143933
v -0.533246 -0.047785 -0.213233
v -0.490446 -0.066085 -0.274033
v -0.438346 -0.088385 -0.323833
v -0.378946 -0.113785 -0.360833
v -0.314346 -0.141385 -0.383733
v -0.247246 -0.170185 -0.391433
v -0.180246 -0.198885 -0.383733
v -0.115646 -0.226485 -0.360833
v -0.056246 -0.251885 -0.323833
v -0.004146 -0.274185 -0.274033
v 0.038654 -0.292485 -0.213233
v 0.070454 -0.306085 -0.143933
v 0.090054 -0.314485 -0.068733
v 0.096654 -0.317285 0.009467
v 0.090054 -0.314485 0.087667
v 0.070454 -0.306085 0.162867
v 0.038654 -0.292485 0.232167
v -0.004146 -0.274185 0.292967
v -0.180246 -0.198885 0.402667
v -0.056246 -0.251885 0.342767
v -0.115646 -0.226485 0.379767
v 0.061954 -0.379985 -0.068733
v 0.024054 -0.384985 -0.061733
v 0.030054 -0.387485 0.009467
v 0.068554 -0.382785 0.009467
v -0.143746 -0.291985 -0.360833
v -0.084246 -0.317385 -0.323833
v -0.275346 -0.235685 0.410367
v -0.208246 -0.264385 0.402667
v -0.518546 -0.131585 0.292967
v -0.561246 -0.113285 0.232167
v -0.208246 -0.264385 -0.383733
v -0.143746 -0.291985 0.379767
v -0.466346 -0.153885 0.342767
v -0.275346 -0.235685 -0.391433
v -0.084246 -0.317385 0.342767
v -0.406946 -0.179385 0.379767
v -0.342446 -0.206985 -0.383733
v -0.032146 -0.339685 0.292967
v -0.342446 -0.206985 0.402667
v -0.406946 -0.179385 -0.360833
v 0.010654 -0.357985 0.232167
v -0.466346 -0.153885 -0.323833
v 0.042354 -0.371585 0.162867
v -0.518546 -0.131585 -0.274033
v 0.061954 -0.379985 0.087667
v -0.561246 -0.113285 -0.213233
v -0.593046 -0.099685 -0.143933
v -0.612646 -0.091385 -0.068733
v 0.042354 -0.371585 -0.143933
v -0.619246 -0.088585 0.009467
v 0.010654 -0.357985 -0.213233
v -0.612646 -0.091385 0.087667
v -0.032146 -0.339685 -0.274033
v -0.593046 -0.099685 0.162867
v -0.061646 -0.348285 -0.248533
v -0.047846 -0.365585 -0.269433
v -0.005746 -0.383685 -0.209633
v -0.022746 -0.364985 -0.193233
v -0.590046 -0.122185 -0.061733
v -0.572246 -0.129885 -0.130133
v 0.006254 -0.377385 -0.130133
v -0.596046 -0.119685 0.009467
v -0.590046 -0.122185 0.080667
v -0.572246 -0.129885 0.149067
v -0.109046 -0.327985 -0.293933
v -0.543346 -0.142185 0.212167
v -0.163146 -0.304885 -0.327633
v -0.221946 -0.279685 0.367367
v -0.283046 -0.253585 0.374367
v -0.504346 -0.158885 0.267467
v -0.221946 -0.279685 -0.348433
v -0.163146 -0.304885 0.346567
v -0.456946 -0.179185 0.312867
v -0.283046 -0.253585 -0.355433
v -0.109046 -0.327985 0.312867
v -0.402846 -0.202385 0.346567
v -0.344046 -0.227485 -0.348433
v -0.061646 -0.348285 0.267467
v -0.344046 -0.227485 0.367367
v -0.402846 -0.202385 -0.327633
v -0.022746 -0.364985 0.212167
v -0.456946 -0.179185 -0.293933
v 0.006254 -0.377385 0.149067
v -0.504346 -0.158885 -0.248533
v 0.024054 -0.384985 0.080667
v -0.543346 -0.142185 -0.193233
v -0.157646 -0.318685 -0.354933
v -0.221146 -0.291485 -0.377433
v -0.253446 -0.367085 -0.377433
v -0.189946 -0.394185 -0.354933
v -0.599746 -0.129485 0.160467
v -0.619046 -0.121285 0.086467
v -0.099146 -0.343685 -0.318533
v -0.568546 -0.142885 0.228567
v -0.221146 -0.291485 0.396367
v -0.287146 -0.263285 0.403967
v -0.526446 -0.160885 0.288367
v -0.157646 -0.318685 0.373867
v -0.475146 -0.182785 0.337467
v -0.287146 -0.263285 -0.385033
v -0.099146 -0.343685 0.337467
v -0.416646 -0.207885 0.373867
v -0.353146 -0.234985 -0.377433
v -0.047846 -0.365585 0.288367
v -0.353146 -0.234985 0.396367
v -0.416646 -0.207885 -0.354933
v -0.005746 -0.383685 0.228567
v -0.475146 -0.182785 -0.318533
v 0.025554 -0.396985 0.160467
v -0.526446 -0.160885 -0.269433
v 0.044754 -0.405285 0.086467
v -0.568546 -0.142885 -0.209633
v 0.051254 -0.408085 0.009467
v -0.599746 -0.129485 -0.141533
v 0.044754 -0.405285 -0.067533
v -0.619046 -0.121285 -0.067533
v 0.025554 -0.396985 -0.141533
v -0.625546 -0.118485 0.009467
v -0.448946 -0.283385 -0.354933
v -0.444046 -0.310085 -0.315933
v -0.387346 -0.334385 -0.336033
v -0.385446 -0.310585 -0.377433
v -0.189946 -0.394185 0.373867
v -0.253446 -0.367085 0.396367
v -0.507446 -0.258385 0.337467
v -0.558746 -0.236485 0.288367
v -0.319446 -0.338785 -0.385033
v -0.131446 -0.419285 0.337467
v -0.448946 -0.283385 0.373867
v -0.080146 -0.441185 0.288367
v -0.385446 -0.310585 0.396367
v -0.038046 -0.459185 0.228567
v -0.319446 -0.338785 0.403967
v -0.507446 -0.258385 -0.318533
v -0.006846 -0.472585 0.160467
v -0.558746 -0.236485 -0.269433
v 0.012454 -0.480785 0.086467
v -0.600846 -0.218385 -0.209633
v 0.018954 -0.483585 0.009467
v -0.632146 -0.205085 -0.141533
v 0.012454 -0.480785 -0.067533
v -0.651346 -0.196785 -0.067533
v -0.006846 -0.472585 -0.141533
v -0.657846 -0.193985 0.009467
v -0.038046 -0.459185 -0.209633
v -0.651346 -0.196785 0.086467
v -0.080146 -0.441185 -0.269433
v -0.632146 -0.205085 0.160467
v -0.131446 -0.419285 -0.318533
v -0.600846 -0.218385 0.228567
v -0.579646 -0.252085 -0.186233
v -0.619446 -0.263985 -0.209133
v -0.577546 -0.281985 -0.268733
v -0.542046 -0.268185 -0.239633
v -0.077046 -0.467085 0.205167
v -0.114646 -0.450985 0.258567
v -0.387346 -0.334385 0.354967
v -0.328346 -0.359585 0.361767
v -0.496246 -0.287785 -0.283433
v -0.049146 -0.479085 0.144267
v -0.031946 -0.486385 0.078167
v -0.026146 -0.488885 0.009467
v -0.607546 -0.240185 -0.125333
v -0.031946 -0.486385 -0.059233
v -0.624746 -0.232785 -0.059233
v -0.049146 -0.479085 -0.125333
v -0.630546 -0.230285 0.009467
v -0.077046 -0.467085 -0.186233
v -0.624746 -0.232785 0.078167
v -0.114646 -0.450985 -0.239633
v -0.607546 -0.240185 0.144267
v -0.160446 -0.431385 -0.283433
v -0.579646 -0.252085 0.205167
v -0.212746 -0.409085 -0.315933
v -0.269346 -0.384785 0.354967
v -0.542046 -0.268185 0.258567
v -0.269346 -0.384785 -0.336033
v -0.212746 -0.409085 0.334867
v -0.496246 -0.287785 0.302367
v -0.328346 -0.359585 -0.342833
v -0.160446 -0.431385 0.302367
v -0.444046 -0.310085 0.334867
v -0.708346 -0.314385 0.009467
v -0.701846 -0.317085 -0.067333
v -0.669846 -0.242485 -0.067333
v -0.676346 -0.239685 0.009467
v -0.007746 -0.525685 0.086267
v -0.001246 -0.528485 0.009467
v -0.650646 -0.250685 -0.141133
v -0.007746 -0.525685 -0.067333
v -0.026946 -0.517485 -0.141133
v -0.058146 -0.504185 -0.209133
v -0.669846 -0.242485 0.086267
v -0.100146 -0.486185 -0.268733
v -0.650646 -0.250685 0.160067
v -0.151346 -0.464285 -0.317633
v -0.619446 -0.263985 0.228067
v -0.209646 -0.439385 -0.354033
v -0.272946 -0.412285 0.395367
v -0.338846 -0.384085 0.402867
v -0.577546 -0.281985 0.287667
v -0.272946 -0.412285 -0.376433
v -0.209646 -0.439385 0.372967
v -0.526346 -0.303885 0.336567
v -0.338846 -0.384085 -0.383933
v -0.151346 -0.464285 0.336567
v -0.467946 -0.328785 0.372967
v -0.404646 -0.355885 -0.376433
v -0.100146 -0.486185 0.287667
v -0.404646 -0.355885 0.395367
v -0.467946 -0.328785 -0.354033
v -0.058146 -0.504185 0.228067
v -0.526346 -0.303885 -0.317633
v -0.026946 -0.517485 0.160067
v -0.651446 -0.338685 0.228067
v -0.626146 -0.389085 0.197467
v -0.653246 -0.378485 0.138967
v -0.682646 -0.325285 0.160067
v -0.090146 -0.578785 -0.209133
v -0.058946 -0.592185 -0.141133
v -0.701846 -0.317085 0.086267
v -0.132046 -0.560885 -0.268733
v -0.183246 -0.538985 -0.317633
v -0.241646 -0.513985 -0.354033
v -0.304946 -0.486885 0.395367
v -0.370746 -0.458785 0.402867
v -0.609446 -0.356585 0.287667
v -0.304946 -0.486885 -0.376433
v -0.241646 -0.513985 0.372967
v -0.558246 -0.378485 0.336567
v -0.370746 -0.458785 -0.383933
v -0.183246 -0.538985 0.336567
v -0.499946 -0.403485 0.372967
v -0.436646 -0.430585 -0.376433
v -0.132046 -0.560885 0.287667
v -0.436646 -0.430585 0.395367
v -0.499946 -0.403485 -0.354033
v -0.090146 -0.578785 0.228067
v -0.558246 -0.378485 -0.317633
v -0.058946 -0.592185 0.160067
v -0.609446 -0.356585 -0.268733
v -0.039746 -0.600385 0.086267
v -0.651446 -0.338685 -0.209133
v -0.033246 -0.603185 0.009467
v -0.682646 -0.325285 -0.141133
v -0.039746 -0.600385 -0.067333
v -0.720446 -0.376185 -0.066533
v -0.701146 -0.383785 -0.139533
v -0.653246 -0.378485 -0.120033
v -0.669946 -0.371985 -0.056533
v -0.269546 -0.528885 -0.303133
v -0.218746 -0.548785 -0.271833
v -0.324646 -0.507285 0.341267
v -0.381946 -0.484785 0.347867
v -0.589546 -0.403485 0.248767
v -0.324646 -0.507285 -0.322433
v -0.269546 -0.528885 0.322067
v -0.545046 -0.420885 0.290767
v -0.381946 -0.484785 -0.328933
v -0.218746 -0.548785 0.290767
v -0.494346 -0.440785 0.322067
v -0.439246 -0.462385 -0.322433
v -0.174246 -0.566185 0.248767
v -0.439246 -0.462385 0.341267
v -0.494346 -0.440785 -0.303133
v -0.137746 -0.580585 0.197467
v -0.545046 -0.420885 -0.271833
v -0.110546 -0.591185 0.138967
v -0.589546 -0.403485 -0.229833
v -0.093846 -0.597685 0.075467
v -0.626146 -0.389085 -0.178533
v -0.088246 -0.599885 0.009467
v -0.093846 -0.597685 -0.056533
v -0.110546 -0.591185 -0.120033
v -0.675646 -0.369685 0.009467
v -0.137746 -0.580585 -0.178533
v -0.669946 -0.371985 0.075467
v -0.174246 -0.566185 -0.229833
v -0.701146 -0.383785 0.158467
v -0.724746 -0.456385 0.158467
v -0.743946 -0.448885 0.085467
v -0.720446 -0.376185 0.085467
v -0.076546 -0.628585 -0.139533
v -0.057246 -0.636085 -0.066533
v -0.726946 -0.373685 0.009467
v -0.107746 -0.616285 -0.206933
v -0.149746 -0.599885 -0.265933
v -0.201046 -0.579785 -0.314333
v -0.669946 -0.395985 0.225867
v -0.259446 -0.556885 -0.350333
v -0.322846 -0.531985 0.391467
v -0.388846 -0.506185 0.398967
v -0.627846 -0.412485 0.284867
v -0.322846 -0.531985 -0.372533
v -0.259446 -0.556885 0.369267
v -0.576646 -0.432585 0.333267
v -0.388846 -0.506185 -0.380033
v -0.201046 -0.579785 0.333267
v -0.518246 -0.455485 0.369267
v -0.454746 -0.480285 -0.372533
v -0.149746 -0.599885 0.284867
v -0.454746 -0.480285 0.391467
v -0.518246 -0.455485 -0.350333
v -0.107746 -0.616285 0.225867
v -0.576646 -0.432585 -0.314333
v -0.076546 -0.628585 0.158467
v -0.627846 -0.412485 -0.265933
v -0.057246 -0.636085 0.085467
v -0.669946 -0.395985 -0.206933
v -0.050746 -0.638685 0.009467
v -0.628946 -0.536585 0.245267
v -0.651446 -0.485085 0.284867
v -0.600246 -0.505185 0.333267
v -0.584646 -0.552185 0.286767
v -0.224546 -0.652385 -0.314333
v -0.173346 -0.672485 -0.265933
v -0.693446 -0.468685 0.225867
v -0.283046 -0.629485 -0.350333
v -0.346446 -0.604685 0.391467
v -0.412346 -0.578785 0.398967
v -0.346446 -0.604685 -0.372533
v -0.283046 -0.629485 0.369267
v -0.412346 -0.578785 -0.380033
v -0.224546 -0.652385 0.333267
v -0.541746 -0.528085 0.369267
v -0.478346 -0.552985 -0.372533
v -0.173346 -0.672485 0.284867
v -0.478346 -0.552985 0.391467
v -0.541746 -0.528085 -0.350333
v -0.131346 -0.688985 0.225867
v -0.600246 -0.505185 -0.314333
v -0.100046 -0.701185 0.158467
v -0.651446 -0.485085 -0.265933
v -0.080846 -0.708785 0.085467
v -0.693446 -0.468685 -0.206933
v -0.074346 -0.711285 0.009467
v -0.724746 -0.456385 -0.139533
v -0.080846 -0.708785 -0.066533
v -0.743946 -0.448885 -0.066533
v -0.100046 -0.701185 -0.139533
v -0.750446 -0.446285 0.009467
v -0.131346 -0.688985 -0.206933
v -0.426946 -0.630685 0.386567
v -0.491446 -0.607985 0.379367
v -0.479346 -0.589385 0.336567
v -0.422346 -0.609485 0.342967
v -0.422346 -0.609485 -0.324033
v -0.365346 -0.629685 -0.317633
v -0.259946 -0.666785 0.286767
v -0.310546 -0.648985 0.317567
v -0.534146 -0.570085 0.317567
v -0.479346 -0.589385 -0.317633
v -0.215746 -0.682485 0.245267
v -0.534146 -0.570085 -0.298633
v -0.179346 -0.695285 0.194767
v -0.584646 -0.552185 -0.267833
v -0.152346 -0.704785 0.137067
v -0.628946 -0.536585 -0.226333
v -0.135746 -0.710685 0.074567
v -0.665346 -0.523785 -0.175833
v -0.130146 -0.712685 0.009467
v -0.692346 -0.514185 -0.118133
v -0.135746 -0.710685 -0.055633
v -0.708946 -0.508385 -0.055633
v -0.152346 -0.704785 -0.118133
v -0.714546 -0.506385 0.009467
v -0.179346 -0.695285 -0.175833
v -0.708946 -0.508385 0.074567
v -0.215746 -0.682485 -0.226333
v -0.692346 -0.514185 0.137067
v -0.259946 -0.666785 -0.267833
v -0.665346 -0.523785 0.194767
v -0.310546 -0.648985 -0.298633
v -0.365346 -0.629685 0.336567
v -0.732246 -0.522885 -0.134833
v -0.747346 -0.592185 -0.134833
v -0.716746 -0.602985 -0.200033
v -0.701746 -0.533685 -0.200033
v -0.610546 -0.565885 -0.304133
v -0.553446 -0.586085 -0.338933
v -0.152146 -0.727685 0.218967
v -0.121646 -0.738485 0.153767
v -0.660646 -0.548185 -0.257233
v -0.102746 -0.745085 0.083067
v -0.096446 -0.747385 0.009467
v -0.102746 -0.745085 -0.064133
v -0.751046 -0.516285 -0.064133
v -0.121646 -0.738485 -0.134833
v -0.757446 -0.514085 0.009467
v -0.152146 -0.727685 -0.200033
v -0.751046 -0.516285 0.083067
v -0.193246 -0.713185 -0.257233
v -0.732246 -0.522885 0.153767
v -0.243346 -0.695485 -0.304133
v -0.701746 -0.533685 0.218967
v -0.300446 -0.675285 -0.338933
v -0.362446 -0.653485 0.379367
v -0.660646 -0.548185 0.276167
v -0.362446 -0.653485 -0.360433
v -0.300446 -0.675285 0.357867
v -0.610546 -0.565885 0.323067
v -0.426946 -0.630685 -0.367633
v -0.243346 -0.695485 0.323067
v -0.553446 -0.586085 0.357867
v -0.491446 -0.607985 -0.360433
v -0.193246 -0.713185 0.276166
v -0.726146 -0.641685 0.009467
v -0.772446 -0.583285 0.009467
v -0.766146 -0.585585 0.083067
v -0.720746 -0.643285 0.071067
v -0.117846 -0.814385 -0.064133
v -0.111446 -0.816585 0.009467
v -0.766146 -0.585585 -0.064133
v -0.136646 -0.807685 -0.134833
v -0.167146 -0.796985 -0.200033
v -0.208246 -0.782385 -0.257233
v -0.747346 -0.592185 0.153767
v -0.258346 -0.764785 -0.304133
v -0.716746 -0.602985 0.218967
v -0.315546 -0.744585 -0.338933
v -0.441946 -0.699985 0.386567
v -0.377546 -0.722685 0.379367
v -0.675646 -0.617485 0.276166
v -0.377546 -0.722685 -0.360433
v -0.315546 -0.744585 0.357867
v -0.625546 -0.635185 0.323067
v -0.441946 -0.699985 -0.367633
v -0.258346 -0.764785 0.323067
v -0.568446 -0.655285 0.357867
v -0.506446 -0.677185 -0.360433
v -0.208246 -0.782385 0.276166
v -0.506446 -0.677185 0.379367
v -0.568446 -0.655285 -0.338933
v -0.167146 -0.796985 0.218967
v -0.625546 -0.635185 -0.304133
v -0.136646 -0.807685 0.153767
v -0.675646 -0.617485 -0.257233
v -0.117846 -0.814385 0.083067
v -0.447446 -0.725385 0.325067
v -0.393146 -0.741685 0.318967
v -0.387346 -0.777185 0.367167
v -0.450146 -0.758285 0.374167
v -0.250446 -0.784585 -0.213733
v -0.215846 -0.794985 -0.165833
v -0.704946 -0.647985 0.130267
v -0.292646 -0.771885 -0.252933
v -0.679146 -0.655785 0.184767
v -0.340846 -0.757385 -0.282133
v -0.644546 -0.666185 0.232667
v -0.393146 -0.741685 -0.300033
v -0.340846 -0.757385 0.301066
v -0.602246 -0.678885 0.271867
v -0.447446 -0.725385 -0.306133
v -0.292646 -0.771885 0.271867
v -0.554146 -0.693285 0.301066
v -0.501846 -0.708985 -0.300033
v -0.250446 -0.784585 0.232667
v -0.501846 -0.708985 0.318967
v -0.554146 -0.693285 -0.282133
v -0.215846 -0.794985 0.184767
v -0.602246 -0.678885 -0.252933
v -0.190046 -0.802685 0.130267
v -0.644546 -0.666185 -0.213733
v -0.174246 -0.807485 0.071067
v -0.679146 -0.655785 -0.165833
v -0.168846 -0.809085 0.009467
v -0.704946 -0.647985 -0.111333
v -0.174246 -0.807485 -0.052133
v -0.720746 -0.643285 -0.052133
v -0.190046 -0.802685 -0.111333
v -0.222546 -0.826685 0.267366
v -0.228446 -0.898785 0.267366
v -0.277246 -0.884085 0.312667
v -0.271346 -0.812085 0.312667
v -0.677846 -0.689885 0.267366
v -0.717846 -0.677885 0.212067
v -0.387346 -0.777185 -0.348233
v -0.326946 -0.795285 -0.327433
v -0.326946 -0.795285 0.346367
v -0.629046 -0.704585 0.312667
v -0.450146 -0.758285 -0.355233
v -0.573346 -0.721285 0.346367
v -0.512946 -0.739385 -0.348233
v -0.512946 -0.739385 0.367167
v -0.573346 -0.721285 -0.327433
v -0.182446 -0.838685 0.212067
v -0.629046 -0.704585 -0.293733
v -0.152746 -0.847685 0.149067
v -0.677846 -0.689885 -0.248433
v -0.134446 -0.853185 0.080567
v -0.717846 -0.677885 -0.193133
v -0.128246 -0.854985 0.009467
v -0.747646 -0.668885 -0.130133
v -0.134446 -0.853185 -0.061633
v -0.765946 -0.663385 -0.061633
v -0.152746 -0.847685 -0.130133
v -0.772146 -0.661585 0.009467
v -0.182446 -0.838685 -0.193133
v -0.765946 -0.663385 0.080567
v -0.222546 -0.826685 -0.248433
v -0.747646 -0.668885 0.149067
v -0.271346 -0.812085 -0.293733
v -0.192246 -0.917785 0.069067
v -0.207646 -0.913585 0.126467
v -0.158646 -0.919685 0.149067
v -0.140246 -0.925185 0.080567
v -0.518846 -0.811485 0.367167
v -0.579246 -0.793385 0.346367
v -0.579246 -0.793385 -0.327433
v -0.518846 -0.811485 -0.348233
v -0.188346 -0.910785 0.212067
v -0.456046 -0.830385 0.374167
v -0.634946 -0.776585 -0.293733
v -0.683746 -0.761985 -0.248433
v -0.723746 -0.749885 -0.193133
v -0.134146 -0.927085 0.009467
v -0.753546 -0.740985 -0.130133
v -0.140246 -0.925185 -0.061633
v -0.771846 -0.735485 -0.061633
v -0.158646 -0.919685 -0.130133
v -0.778046 -0.733585 0.009467
v -0.188346 -0.910785 -0.193133
v -0.771846 -0.735485 0.080567
v -0.228446 -0.898785 -0.248433
v -0.753546 -0.740985 0.149067
v -0.277246 -0.884085 -0.293733
v -0.723746 -0.749885 0.212067
v -0.332846 -0.867385 -0.327433
v -0.393246 -0.849185 0.367167
v -0.683746 -0.761985 0.267366
v -0.393246 -0.849185 -0.348233
v -0.332846 -0.867385 0.346367
v -0.634946 -0.776585 0.312667
v -0.456046 -0.830385 -0.355233
v -0.207646 -0.913585 -0.107533
v -0.167046 -0.943885 -0.126733
v -0.149146 -0.948785 -0.059933
v -0.192246 -0.917785 -0.050133
v -0.681946 -0.783485 -0.160333
v -0.648346 -0.792785 -0.206733
v -0.187046 -0.919185 0.009467
v -0.706946 -0.776685 -0.107533
v -0.722346 -0.772485 -0.050133
v -0.727446 -0.771085 0.009467
v -0.232646 -0.906685 -0.160333
v -0.722346 -0.772485 0.069067
v -0.266246 -0.897485 -0.206733
v -0.706946 -0.776685 0.126467
v -0.307146 -0.886285 -0.244733
v -0.681946 -0.783485 0.179267
v -0.353846 -0.873485 -0.272933
v -0.404546 -0.859585 0.309267
v -0.457246 -0.845085 0.315167
v -0.648346 -0.792785 0.225667
v -0.404546 -0.859585 -0.290333
v -0.353846 -0.873485 0.291867
v -0.607446 -0.803985 0.263667
v -0.457246 -0.845085 -0.296233
v -0.307146 -0.886285 0.263667
v -0.560646 -0.816785 0.291867
v -0.509946 -0.830685 -0.290333
v -0.266246 -0.897485 0.225667
v -0.509946 -0.830685 0.309267
v -0.560646 -0.816785 -0.272933
v -0.232646 -0.906685 0.179267
v -0.607446 -0.803985 -0.244733
v -0.282846 -0.912085 -0.286333
v -0.284146 -0.984285 -0.286333
v -0.236446 -0.997385 -0.242133
v -0.235246 -0.925185 -0.242133
v -0.772146 -0.777985 0.009467
v -0.766046 -0.779685 -0.059933
v -0.196046 -0.935885 -0.188233
v -0.766046 -0.779685 0.078867
v -0.748146 -0.784585 0.145667
v -0.719146 -0.792485 0.207167
v -0.337246 -0.897185 -0.319233
v -0.396246 -0.880985 0.358467
v -0.457646 -0.864185 0.365267
v -0.680046 -0.803285 0.261066
v -0.396246 -0.880985 -0.339533
v -0.337246 -0.897185 0.338167
v -0.632346 -0.816285 0.305267
v -0.457646 -0.864185 -0.346333
v -0.282846 -0.912085 0.305267
v -0.577946 -0.831185 0.338167
v -0.518946 -0.847385 -0.339533
v -0.235246 -0.925185 0.261066
v -0.518946 -0.847385 0.358467
v -0.577946 -0.831185 -0.319233
v -0.196046 -0.935885 0.207167
v -0.632346 -0.816285 -0.286333
v -0.167046 -0.943885 0.145667
v -0.680046 -0.803285 -0.242133
v -0.149146 -0.948785 0.078867
v -0.719146 -0.792485 -0.188233
v -0.143046 -0.950385 0.009467
v -0.748146 -0.784585 -0.126733
v -0.458846 -0.936385 -0.346333
v -0.459346 -0.964585 -0.300633
v -0.406146 -0.975185 -0.294633
v -0.397446 -0.953285 -0.339533
v -0.720346 -0.864785 0.207167
v -0.749446 -0.856785 0.145667
v -0.338446 -0.969385 -0.319233
v -0.397446 -0.953285 0.358467
v -0.458846 -0.936385 0.365267
v -0.681246 -0.875485 0.261066
v -0.338446 -0.969385 0.338167
v -0.633546 -0.888485 0.305267
v -0.284146 -0.984285 0.305267
v -0.579246 -0.903385 0.338167
v -0.520246 -0.919585 -0.339533
v -0.236446 -0.997385 0.261066
v -0.520246 -0.919585 0.358467
v -0.579246 -0.903385 -0.319233
v -0.197346 -1.008085 0.207167
v -0.633546 -0.888485 -0.286333
v -0.168246 -1.016085 0.145667
v -0.681246 -0.875485 -0.242133
v -0.150346 -1.020985 0.078867
v -0.720346 -0.864785 -0.188233
v -0.144346 -1.022585 0.009467
v -0.749446 -0.856785 -0.126733
v -0.150346 -1.020985 -0.059933
v -0.767346 -0.851885 -0.059933
v -0.168246 -1.016085 -0.126733
v -0.773346 -0.850185 0.009467
v -0.197346 -1.008085 -0.188233
v -0.767346 -0.851885 0.078867
v -0.610746 -0.934385 -0.248333
v -0.628646 -0.944485 -0.282433
v -0.575246 -0.955085 -0.314833
v -0.563646 -0.943785 -0.277033
v -0.307846 -0.994785 0.267267
v -0.354946 -0.985385 0.295967
v -0.563646 -0.943785 0.295967
v -0.610746 -0.934385 0.267267
v -0.512546 -0.953985 -0.294633
v -0.266546 -1.003085 0.228667
v -0.512546 -0.953985 0.313567
v -0.232646 -1.009885 0.181767
v -0.459346 -0.964585 0.319567
v -0.207446 -1.014885 0.128167
v -0.652146 -0.926185 -0.209733
v -0.191946 -1.017985 0.069967
v -0.686046 -0.919385 -0.162833
v -0.186746 -1.018985 0.009467
v -0.711246 -0.914385 -0.109233
v -0.191946 -1.017985 -0.051033
v -0.726746 -0.911285 -0.051033
v -0.207446 -1.014885 -0.109233
v -0.731946 -0.910185 0.009467
v -0.232646 -1.009885 -0.162833
v -0.726746 -0.911285 0.069967
v -0.266546 -1.003085 -0.209733
v -0.711246 -0.914385 0.128167
v -0.307846 -0.994785 -0.248333
v -0.686046 -0.919385 0.181767
v -0.354946 -0.985385 -0.277033
v -0.406146 -0.975185 0.313567
v -0.652146 -0.926185 0.228667
v -0.742346 -0.921785 -0.124833
v -0.731046 -0.994885 -0.124833
v -0.702546 -1.000585 -0.185533
v -0.713746 -0.927485 -0.185533
v -0.200546 -1.029885 0.204467
v -0.172046 -1.035585 0.143767
v -0.675446 -0.935085 -0.238733
v -0.154446 -1.039085 0.077967
v -0.148546 -1.040285 0.009467
v -0.154446 -1.039085 -0.059033
v -0.759846 -0.918285 -0.059033
v -0.172046 -1.035585 -0.124833
v -0.765846 -0.917085 0.009467
v -0.200546 -1.029885 -0.185533
v -0.759846 -0.918285 0.077967
v -0.238946 -1.022185 -0.238733
v -0.742346 -0.921785 0.143767
v -0.285646 -1.012885 -0.282433
v -0.713746 -0.927485 0.204467
v -0.339046 -1.002185 -0.314833
v -0.396946 -0.990685 0.353767
v -0.457146 -0.978685 0.360467
v -0.675446 -0.935085 0.257667
v -0.396946 -0.990685 -0.334833
v -0.339046 -1.002185 0.333767
v -0.628646 -0.944485 0.301367
v -0.457146 -0.978685 -0.341533
v -0.285646 -1.012885 0.301367
v -0.575246 -0.955085 0.333767
v -0.517346 -0.966685 -0.334833
v -0.238946 -1.022185 0.257667
v -0.517346 -0.966685 0.353767
v -0.748546 -0.991385 0.077967
v -0.709846 -1.029585 0.070367
v -0.715046 -1.028685 0.009467
v -0.754546 -0.990185 0.009467
v -0.143146 -1.112185 -0.059033
v -0.137246 -1.113385 0.009467
v -0.748546 -0.991385 -0.059033
v -0.160746 -1.108685 -0.124833
v -0.189246 -1.102985 -0.185533
v -0.227646 -1.095385 -0.238733
v -0.731046 -0.994885 0.143767
v -0.274446 -1.085985 -0.282433
v -0.702546 -1.000585 0.204467
v -0.327746 -1.075385 -0.314833
v -0.445846 -1.051785 0.360467
v -0.385646 -1.063785 0.353767
v -0.664146 -1.008285 0.257667
v -0.385646 -1.063785 -0.334833
v -0.327746 -1.075385 0.333767
v -0.617346 -1.017585 0.301367
v -0.445846 -1.051785 -0.341533
v -0.274446 -1.085985 0.301367
v -0.563946 -1.028185 0.333767
v -0.506046 -1.039785 -0.334833
v -0.227646 -1.095385 0.257667
v -0.506046 -1.039785 0.353767
v -0.563946 -1.028185 -0.314833
v -0.189246 -1.102985 0.204467
v -0.617346 -1.017585 -0.282433
v -0.160746 -1.108685 0.143767
v -0.664146 -1.008285 -0.238733
v -0.143146 -1.112185 0.077967
v -0.506046 -1.085885 -0.334933
v -0.495746 -1.064585 -0.296733
v -0.546846 -1.056285 -0.278933
v -0.563546 -1.076485 -0.314933
v -0.249846 -1.104885 -0.211233
v -0.215946 -1.110385 -0.163933
v -0.694346 -1.032085 0.128967
v -0.291146 -1.098085 -0.250033
v -0.669146 -1.036185 0.182867
v -0.338246 -1.090385 -0.278933
v -0.389346 -1.082085 0.315667
v -0.442546 -1.073285 0.321667
v -0.635246 -1.041785 0.230167
v -0.389346 -1.082085 -0.296733
v -0.338246 -1.090385 0.297867
v -0.593946 -1.048585 0.268966
v -0.442546 -1.073285 -0.302733
v -0.291146 -1.098085 0.268966
v -0.546846 -1.056285 0.297867
v -0.249846 -1.104885 0.230167
v -0.495746 -1.064585 0.315667
v -0.215946 -1.110385 0.182867
v -0.593946 -1.048585 -0.250033
v -0.190746 -1.114585 0.128967
v -0.635246 -1.041785 -0.211233
v -0.175246 -1.117085 0.070367
v -0.669146 -1.036185 -0.163933
v -0.170046 -1.117985 0.009467
v -0.694346 -1.032085 -0.110033
v -0.175246 -1.117085 -0.051433
v -0.709846 -1.029585 -0.051433
v -0.190746 -1.114585 -0.110033
v -0.671446 -1.111985 -0.238833
v -0.662946 -1.060185 -0.238833
v -0.701146 -1.053885 -0.185633
v -0.709546 -1.105785 -0.185633
v -0.191346 -1.137385 0.204567
v -0.229446 -1.131185 0.257767
v -0.446246 -1.095685 0.360567
v -0.506046 -1.085885 0.353867
v -0.616546 -1.067785 -0.282533
v -0.163046 -1.142085 0.143867
v -0.145546 -1.144885 0.077967
v -0.139646 -1.145885 0.009467
v -0.729446 -1.049285 -0.124933
v -0.145546 -1.144885 -0.059033
v -0.746846 -1.046385 -0.059033
v -0.163046 -1.142085 -0.124933
v -0.752746 -1.045485 0.009467
v -0.191346 -1.137385 -0.185633
v -0.746846 -1.046385 0.077967
v -0.229446 -1.131185 -0.238833
v -0.729446 -1.049285 0.143867
v -0.275946 -1.123585 -0.282533
v -0.701146 -1.053885 0.204567
v -0.328946 -1.114885 -0.314933
v -0.386446 -1.105485 0.353867
v -0.662946 -1.060185 0.257767
v -0.386446 -1.105485 -0.334933
v -0.328946 -1.114885 0.333867
v -0.616546 -1.067785 0.301466
v -0.446246 -1.095685 -0.341633
v -0.275946 -1.123585 0.301466
v -0.563546 -1.076485 0.333867
v -0.733346 -1.170385 -0.052133
v -0.755346 -1.098285 -0.059033
v -0.761246 -1.097285 0.009467
v -0.738646 -1.170185 0.009467
v -0.154046 -1.196785 0.077967
v -0.148146 -1.197685 0.009467
v -0.737946 -1.101085 -0.124933
v -0.154046 -1.196785 -0.059033
v -0.171446 -1.193885 -0.124933
v -0.199846 -1.189285 -0.185633
v -0.755346 -1.098285 0.077967
v -0.237946 -1.182985 -0.238833
v -0.737946 -1.101085 0.143867
v -0.284346 -1.175385 -0.282533
v -0.709546 -1.105785 0.204567
v -0.337346 -1.166685 -0.314933
v -0.394946 -1.157285 0.353867
v -0.454746 -1.147485 0.360567
v -0.671446 -1.111985 0.257767
v -0.394946 -1.157285 -0.334933
v -0.337346 -1.166685 0.333867
v -0.625046 -1.119585 0.301466
v -0.454746 -1.147485 -0.341633
v -0.284346 -1.175385 0.301466
v -0.572046 -1.128285 0.333867
v -0.514546 -1.137685 -0.334933
v -0.237946 -1.182985 0.257767
v -0.514546 -1.137685 0.353867
v -0.572046 -1.128285 -0.314933
v -0.199846 -1.189285 0.204567
v -0.625046 -1.119585 -0.282533
v -0.171446 -1.193885 0.143867
v -0.405146 -1.178585 0.319067
v -0.352746 -1.179985 0.301066
v -0.304546 -1.181185 0.271867
v -0.262246 -1.182185 0.232667
v -0.227446 -1.183085 0.184867
v -0.201746 -1.183785 0.130267
v -0.185846 -1.184185 0.071067
v -0.180446 -1.184285 0.009467
v -0.185846 -1.184185 -0.052133
v -0.201746 -1.183785 -0.111333
v -0.227446 -1.183085 -0.165933
v -0.262246 -1.182185 -0.213733
v -0.304546 -1.181185 -0.252933
v -0.352746 -1.179985 -0.282133
v -0.405146 -1.178585 -0.300133
v -0.459546 -1.177285 -0.306133
v -0.514046 -1.175885 -0.300133
v -0.566346 -1.174585 -0.282133
v -0.614646 -1.173385 -0.252933
v -0.656946 -1.172285 -0.213733
v -0.691646 -1.171385 -0.165933
v -0.717446 -1.170785 -0.111333
v -0.733346 -1.170385 0.071067
v -0.717446 -1.170785 0.130267
v -0.691646 -1.171385 0.184767
v -0.656946 -1.172285 0.232667
v -0.614646 -1.173385 0.271867
v -0.566346 -1.174585 0.301066
v -0.514046 -1.175885 0.319067
v -0.459546 -1.177285 0.325067
v -0.164646 -0.153585 0.432067
v -0.167246 -0.155085 0.419767
v -0.185946 -0.147085 0.422267
v -0.183946 -0.145385 0.434667
v -0.204846 -0.139085 0.423767
v -0.203346 -0.137085 0.436167
v -0.183746 -0.147985 0.446967
v -0.163846 -0.156485 0.444367
v -0.203646 -0.139485 0.448567
v -0.148646 -0.162985 0.416267
v -0.153246 -0.168685 0.406167
v -0.171446 -0.160985 0.409567
v -0.189646 -0.153185 0.411967
v -0.208046 -0.145385 0.413467
v -0.226446 -0.137485 0.413967
v -0.223646 -0.130985 0.424267
v -0.222746 -0.128785 0.436667
v -0.223646 -0.130985 0.449167
v -0.206046 -0.146185 0.458867
v -0.226446 -0.137485 0.459467
v -0.185546 -0.154885 0.457267
v -0.165246 -0.163585 0.454567
v -0.145046 -0.172185 0.450767
v -0.144146 -0.164885 0.440667
v -0.145446 -0.161785 0.428467
v -0.191746 -0.217185 0.432067
v -0.211046 -0.208985 0.434667
v -0.211246 -0.206285 0.422267
v -0.192446 -0.214285 0.419767
v -0.189146 -0.215685 0.444367
v -0.208946 -0.207285 0.446967
v -0.230446 -0.200685 0.436167
v -0.230046 -0.198285 0.423767
v -0.228946 -0.198785 0.448567
v -0.173846 -0.222185 0.416267
v -0.191146 -0.207185 0.409567
v -0.172946 -0.214985 0.406167
v -0.172546 -0.225385 0.428467
v -0.169446 -0.224085 0.440667
v -0.164846 -0.218385 0.450767
v -0.184946 -0.209785 0.454567
v -0.205246 -0.201185 0.457267
v -0.225746 -0.192485 0.458867
v -0.248946 -0.190185 0.449167
v -0.246146 -0.183685 0.459467
v -0.249846 -0.192385 0.436667
v -0.248946 -0.190185 0.424267
v -0.227746 -0.191585 0.413467
v -0.246146 -0.183685 0.413967
v -0.209346 -0.199385 0.411967
v -0.116446 -0.249285 0.411567
v -0.134846 -0.241385 0.418167
v -0.137246 -0.237885 0.406267
v -0.119346 -0.245485 0.399867
v -0.111646 -0.248785 0.423267
v -0.130646 -0.240685 0.430067
v -0.153646 -0.233485 0.423767
v -0.155446 -0.230085 0.411767
v -0.149946 -0.232485 0.435867
v -0.119746 -0.237585 0.390167
v -0.102546 -0.244985 0.382967
v -0.101746 -0.252985 0.392467
v -0.098246 -0.257085 0.403967
v -0.092946 -0.256785 0.415367
v -0.086546 -0.251785 0.424967
v -0.105646 -0.243685 0.432967
v -0.125146 -0.235385 0.439967
v -0.144846 -0.226985 0.445867
v -0.154946 -0.222585 0.401767
v -0.137246 -0.230185 0.396367
v -0.046146 -0.279285 0.375467
v -0.063146 -0.271985 0.385867
v -0.067546 -0.267585 0.374867
v -0.051146 -0.274585 0.364767
v -0.039346 -0.279585 0.386067
v -0.056746 -0.272185 0.396867
v -0.080446 -0.264585 0.395367
v -0.084446 -0.260385 0.384167
v -0.074646 -0.264585 0.406567
v -0.053246 -0.265985 0.355967
v -0.037646 -0.272585 0.345267
v -0.035146 -0.281385 0.353767
v -0.029746 -0.286285 0.364167
v -0.022446 -0.286785 0.374467
v -0.014446 -0.282485 0.383067
v -0.031746 -0.275185 0.394967
v -0.049546 -0.267585 0.405867
v -0.067846 -0.259785 0.415867
v -0.085746 -0.252185 0.374767
v -0.069246 -0.259185 0.365767
v 0.016154 -0.305885 0.325167
v 0.001454 -0.299585 0.338967
v -0.004846 -0.294285 0.329367
v 0.009454 -0.300385 0.315967
v 0.024754 -0.306985 0.334367
v 0.009654 -0.300485 0.348567
v -0.013846 -0.292985 0.351967
v -0.019746 -0.287985 0.341967
v -0.006146 -0.293785 0.361967
v 0.005854 -0.291185 0.308267
v 0.019154 -0.296885 0.294467
v 0.023154 -0.306185 0.301766
v 0.030254 -0.311885 0.310567
v 0.039254 -0.313085 0.319367
v 0.033954 -0.303185 0.341967
v 0.048754 -0.309485 0.326667
v 0.018454 -0.296585 0.356567
v 0.002254 -0.289685 0.370167
v -0.022646 -0.279085 0.333667
v -0.008146 -0.285185 0.321367
v 0.068354 -0.328085 0.262567
v 0.056354 -0.322985 0.279267
v 0.048454 -0.317085 0.271367
v 0.060054 -0.321985 0.255167
v 0.078454 -0.329785 0.269967
v 0.066154 -0.324585 0.287167
v 0.043654 -0.317585 0.295267
v 0.036154 -0.311785 0.286867
v 0.053054 -0.318985 0.303567
v 0.055254 -0.312285 0.249067
v 0.065854 -0.316785 0.232667
v 0.070954 -0.326585 0.238367
v 0.079554 -0.332885 0.245267
v 0.089954 -0.334785 0.252167
v 0.100654 -0.331585 0.257967
v 0.088854 -0.326585 0.276167
v 0.076254 -0.321185 0.293667
v 0.062854 -0.315485 0.310567
v 0.031854 -0.302285 0.279967
v 0.043954 -0.307385 0.264867
v 0.108254 -0.345085 0.190167
v 0.099554 -0.341385 0.209067
v 0.090354 -0.334885 0.203167
v 0.098854 -0.338485 0.184867
v 0.119554 -0.347385 0.195467
v 0.110554 -0.343485 0.214867
v 0.089954 -0.337285 0.227467
v 0.081054 -0.330985 0.221067
v 0.100654 -0.339285 0.233867
v 0.093054 -0.328385 0.180467
v 0.100554 -0.331585 0.162167
v 0.106554 -0.341785 0.166067
v 0.116154 -0.348485 0.170867
v 0.127654 -0.350785 0.175567
v 0.139154 -0.347985 0.179567
v 0.130854 -0.344485 0.199867
v 0.121654 -0.340585 0.219767
v 0.111554 -0.336285 0.239167
v 0.075754 -0.320985 0.215767
v 0.084754 -0.324885 0.198367
v 0.134454 -0.356285 0.110667
v 0.129254 -0.354085 0.131067
v 0.119254 -0.347185 0.127467
v 0.124254 -0.349385 0.107667
v 0.146454 -0.358785 0.113667
v 0.141154 -0.356585 0.134667
v 0.123154 -0.351485 0.151067
v 0.113354 -0.344685 0.146967
v 0.134854 -0.353885 0.155267
v 0.117854 -0.338985 0.105167
v 0.121854 -0.340685 0.085567
v 0.128454 -0.351085 0.087567
v 0.138754 -0.358085 0.090067
v 0.150854 -0.360685 0.092467
v 0.162954 -0.358185 0.094467
v 0.158454 -0.356285 0.116167
v 0.152954 -0.353885 0.137667
v 0.146554 -0.351185 0.158767
v 0.107154 -0.334385 0.143467
v 0.112954 -0.336885 0.124467
v 0.145854 -0.361085 0.027167
v 0.144454 -0.360485 0.048267
v 0.133954 -0.353485 0.046967
v 0.135354 -0.354085 0.026567
v 0.158154 -0.363785 0.027767
v 0.156754 -0.363185 0.049467
v 0.142054 -0.359485 0.069167
v 0.131654 -0.352485 0.067367
v 0.154254 -0.362185 0.071067
v 0.128654 -0.343585 0.026067
v 0.129154 -0.343785 0.005967
v 0.135854 -0.354285 0.005967
v 0.146354 -0.361285 0.005967
v 0.158654 -0.363985 0.005967
v 0.170454 -0.361385 0.028267
v 0.170954 -0.361585 0.005967
v 0.168954 -0.360685 0.050467
v 0.166454 -0.359685 0.072567
v 0.125054 -0.341985 0.065867
v 0.127254 -0.342985 0.045967
v 0.142054 -0.359485 -0.057233
v 0.144454 -0.360485 -0.036233
v 0.133954 -0.353485 -0.035033
v 0.131654 -0.352485 -0.055333
v 0.154254 -0.362185 -0.059033
v 0.156754 -0.363185 -0.037433
v 0.145854 -0.361085 -0.015133
v 0.135354 -0.354085 -0.014533
v 0.158154 -0.363785 -0.015733
v 0.125054 -0.341985 -0.053833
v 0.121854 -0.340685 -0.073633
v 0.128454 -0.351085 -0.075633
v 0.138754 -0.358085 -0.078033
v 0.150854 -0.360685 -0.080433
v 0.166454 -0.359685 -0.060533
v 0.162954 -0.358185 -0.082433
v 0.168954 -0.360685 -0.038433
v 0.170454 -0.361385 -0.016233
v 0.128654 -0.343585 -0.014033
v 0.127254 -0.342985 -0.033933
v 0.123154 -0.351485 -0.139133
v 0.129254 -0.354085 -0.119033
v 0.119254 -0.347185 -0.115433
v 0.113354 -0.344685 -0.134933
v 0.134854 -0.353885 -0.143333
v 0.141154 -0.356585 -0.122633
v 0.134454 -0.356285 -0.098633
v 0.124254 -0.349385 -0.095633
v 0.146454 -0.358785 -0.101633
v 0.107154 -0.334385 -0.131433
v 0.100554 -0.331585 -0.150133
v 0.106554 -0.341785 -0.154033
v 0.116154 -0.348485 -0.158833
v 0.127654 -0.350785 -0.163533
v 0.146554 -0.351185 -0.146733
v 0.139154 -0.347985 -0.167533
v 0.152954 -0.353885 -0.125633
v 0.158454 -0.356285 -0.104133
v 0.117854 -0.338985 -0.093133
v 0.112954 -0.336885 -0.112433
v 0.089954 -0.337285 -0.215433
v 0.099554 -0.341385 -0.197033
v 0.090354 -0.334885 -0.191133
v 0.081054 -0.330985 -0.209033
v 0.100654 -0.339285 -0.221833
v 0.110554 -0.343485 -0.202933
v 0.108254 -0.345085 -0.178133
v 0.098854 -0.338485 -0.172833
v 0.119554 -0.347385 -0.183433
v 0.075754 -0.320985 -0.203733
v 0.065854 -0.316785 -0.220633
v 0.070954 -0.326585 -0.226333
v 0.079554 -0.332885 -0.233233
v 0.089954 -0.334785 -0.240233
v 0.111554 -0.336285 -0.227133
v 0.100654 -0.331585 -0.245933
v 0.121654 -0.340585 -0.207733
v 0.130854 -0.344485 -0.187833
v 0.093054 -0.328385 -0.168433
v 0.084754 -0.324885 -0.186333
v 0.043654 -0.317585 -0.283233
v 0.056354 -0.322985 -0.267233
v 0.048454 -0.317085 -0.259333
v 0.036154 -0.311785 -0.274933
v 0.053054 -0.318985 -0.291633
v 0.066154 -0.324585 -0.275133
v 0.068354 -0.328085 -0.250533
v 0.060054 -0.321985 -0.243133
v 0.078454 -0.329785 -0.257933
v 0.031854 -0.302285 -0.267933
v 0.019154 -0.296885 -0.282433
v 0.023154 -0.306185 -0.289733
v 0.030254 -0.311885 -0.298533
v 0.039254 -0.313085 -0.307333
v 0.062854 -0.315485 -0.298533
v 0.048754 -0.309485 -0.314633
v 0.076254 -0.321185 -0.281633
v 0.088854 -0.326585 -0.264133
v 0.055254 -0.312285 -0.237033
v 0.043954 -0.307385 -0.252833
v -0.013846 -0.292985 -0.339933
v 0.001454 -0.299585 -0.326933
v -0.004846 -0.294285 -0.317333
v -0.019746 -0.287985 -0.329933
v -0.006146 -0.293785 -0.349933
v 0.009654 -0.300485 -0.336533
v 0.016154 -0.305885 -0.313133
v 0.009454 -0.300385 -0.303933
v 0.024754 -0.306985 -0.322333
v -0.022646 -0.279085 -0.321633
v -0.037646 -0.272585 -0.333233
v -0.035146 -0.281385 -0.341733
v -0.029746 -0.286285 -0.352133
v -0.022446 -0.286785 -0.362433
v 0.002254 -0.289685 -0.358233
v -0.014446 -0.282485 -0.371033
v 0.018454 -0.296585 -0.344533
v 0.033954 -0.303185 -0.329933
v 0.005854 -0.291185 -0.296233
v -0.008146 -0.285185 -0.309333
v -0.080446 -0.264585 -0.383333
v -0.063146 -0.271985 -0.373833
v -0.067546 -0.267585 -0.362833
v -0.084446 -0.260385 -0.372133
v -0.074646 -0.264585 -0.394633
v -0.056746 -0.272185 -0.384833
v -0.046146 -0.279285 -0.363433
v -0.051146 -0.274585 -0.352733
v -0.039346 -0.279585 -0.374133
v -0.085746 -0.252185 -0.362833
v -0.102546 -0.244985 -0.370933
v -0.101746 -0.252985 -0.380433
v -0.098246 -0.257085 -0.391933
v -0.092946 -0.256785 -0.403433
v -0.067846 -0.259785 -0.403933
v -0.086546 -0.251785 -0.412933
v -0.049546 -0.267585 -0.393933
v -0.031746 -0.275185 -0.382933
v -0.053246 -0.265985 -0.343933
v -0.069246 -0.259185 -0.353833
v -0.153646 -0.233485 -0.411833
v -0.134846 -0.241385 -0.406133
v -0.137246 -0.237885 -0.394233
v -0.155446 -0.230085 -0.399733
v -0.149946 -0.232485 -0.423833
v -0.130646 -0.240685 -0.418033
v -0.116446 -0.249285 -0.399533
v -0.119346 -0.245485 -0.387833
v -0.111646 -0.248785 -0.411233
v -0.154946 -0.222585 -0.389733
v -0.172946 -0.214985 -0.394133
v -0.173846 -0.222185 -0.404233
v -0.172546 -0.225385 -0.416433
v -0.169446 -0.224085 -0.428633
v -0.144846 -0.226985 -0.433833
v -0.164846 -0.218385 -0.438733
v -0.125146 -0.235385 -0.427933
v -0.105646 -0.243685 -0.420933
v -0.119746 -0.237585 -0.378133
v -0.137246 -0.230185 -0.384433
v -0.230446 -0.200685 -0.424133
v -0.211046 -0.208985 -0.422633
v -0.211246 -0.206285 -0.410233
v -0.230046 -0.198285 -0.411733
v -0.228946 -0.198785 -0.436633
v -0.208946 -0.207285 -0.435033
v -0.191746 -0.217185 -0.420033
v -0.192446 -0.214285 -0.407733
v -0.189146 -0.215685 -0.432333
v -0.227746 -0.191585 -0.401433
v -0.246146 -0.183685 -0.401933
v -0.248946 -0.190185 -0.412233
v -0.249846 -0.192385 -0.424733
v -0.248946 -0.190185 -0.437133
v -0.225746 -0.192485 -0.446933
v -0.246146 -0.183685 -0.447433
v -0.205246 -0.201185 -0.445233
v -0.184946 -0.209785 -0.442533
v -0.191146 -0.207185 -0.397533
v -0.209346 -0.199385 -0.400033
v -0.308046 -0.167585 -0.420033
v -0.288746 -0.175785 -0.422633
v -0.286646 -0.174185 -0.410233
v -0.305446 -0.166185 -0.407733
v -0.308746 -0.164685 -0.432333
v -0.288946 -0.173185 -0.435033
v -0.269346 -0.184085 -0.424133
v -0.267846 -0.182185 -0.411733
v -0.268946 -0.181685 -0.436633
v -0.301246 -0.160285 -0.397533
v -0.319346 -0.152485 -0.394133
v -0.324046 -0.158185 -0.404233
v -0.327146 -0.159485 -0.416433
v -0.328446 -0.156285 -0.428633
v -0.307346 -0.157585 -0.442533
v -0.327546 -0.148985 -0.438733
v -0.287046 -0.166285 -0.445233
v -0.266646 -0.174985 -0.446933
v -0.264546 -0.175885 -0.401433
v -0.282946 -0.168085 -0.400033
v -0.383346 -0.135485 -0.399533
v -0.364846 -0.143385 -0.406133
v -0.360646 -0.142585 -0.394233
v -0.378546 -0.134985 -0.387833
v -0.386246 -0.131685 -0.411233
v -0.367246 -0.139785 -0.418033
v -0.346146 -0.151385 -0.411833
v -0.342446 -0.150385 -0.399733
v -0.348046 -0.147985 -0.423833
v -0.372646 -0.129785 -0.378133
v -0.389746 -0.122485 -0.370933
v -0.396146 -0.127485 -0.380433
v -0.401446 -0.127785 -0.391933
v -0.404946 -0.123685 -0.403433
v -0.386746 -0.123785 -0.420933
v -0.405846 -0.115685 -0.412933
v -0.367246 -0.132085 -0.427933
v -0.347546 -0.140485 -0.433833
v -0.337346 -0.144885 -0.389733
v -0.355146 -0.137285 -0.384433
v -0.453546 -0.105585 -0.363433
v -0.436646 -0.112785 -0.373833
v -0.430346 -0.112885 -0.362833
v -0.446746 -0.105885 -0.352733
v -0.458546 -0.100885 -0.374133
v -0.441146 -0.108285 -0.384833
v -0.419246 -0.120185 -0.383333
v -0.413446 -0.120085 -0.372133
v -0.423246 -0.115885 -0.394633
v -0.439146 -0.101485 -0.343933
v -0.454646 -0.094785 -0.333233
v -0.462746 -0.099085 -0.341733
v -0.469946 -0.098585 -0.352133
v -0.475446 -0.093685 -0.362433
v -0.460646 -0.092285 -0.382933
v -0.477946 -0.084885 -0.371033
v -0.442846 -0.099885 -0.393933
v -0.424546 -0.107685 -0.403933
v -0.406646 -0.115285 -0.362833
v -0.423046 -0.108285 -0.353833
v -0.515946 -0.078985 -0.313133
v -0.501246 -0.085185 -0.326933
v -0.493046 -0.086185 -0.317333
v -0.507346 -0.080085 -0.303933
v -0.522746 -0.073485 -0.322333
v -0.507546 -0.079985 -0.336533
v -0.485846 -0.091785 -0.339933
v -0.478146 -0.092485 -0.329933
v -0.491746 -0.086685 -0.349933
v -0.498246 -0.076285 -0.296233
v -0.511546 -0.070585 -0.282433
v -0.521046 -0.074185 -0.289733
v -0.530046 -0.072985 -0.298533
v -0.537146 -0.067285 -0.307333
v -0.526246 -0.064285 -0.329933
v -0.541146 -0.057985 -0.314633
v -0.510746 -0.070885 -0.344533
v -0.494646 -0.077785 -0.358233
v -0.469746 -0.088385 -0.321633
v -0.484246 -0.082185 -0.309333
v -0.568146 -0.056685 -0.250533
v -0.556146 -0.061785 -0.267233
v -0.546346 -0.063385 -0.259333
v -0.557946 -0.058485 -0.243133
v -0.576346 -0.050585 -0.257933
v -0.564046 -0.055885 -0.275133
v -0.543446 -0.067185 -0.283233
v -0.534046 -0.068685 -0.274933
v -0.550946 -0.061485 -0.291633
v -0.547646 -0.055185 -0.237033
v -0.558246 -0.050685 -0.220633
v -0.568846 -0.053785 -0.226333
v -0.579346 -0.051885 -0.233333
v -0.587846 -0.045685 -0.240233
v -0.581246 -0.040885 -0.264133
v -0.592946 -0.035885 -0.245933
v -0.568646 -0.046285 -0.281633
v -0.555246 -0.051985 -0.298533
v -0.524246 -0.065185 -0.267933
v -0.536246 -0.059985 -0.252833
v -0.608046 -0.039685 -0.178133
v -0.599246 -0.043385 -0.197033
v -0.588246 -0.045585 -0.191133
v -0.596746 -0.041885 -0.172833
v -0.617446 -0.033085 -0.183433
v -0.608446 -0.036985 -0.202933
v -0.589746 -0.047485 -0.215433
v -0.578946 -0.049485 -0.209033
v -0.598546 -0.041185 -0.221833
v -0.585446 -0.039085 -0.168433
v -0.592946 -0.035885 -0.150133
v -0.604446 -0.038685 -0.154033
v -0.615946 -0.036285 -0.158833
v -0.625546 -0.029685 -0.163533
v -0.623246 -0.022985 -0.187833
v -0.631546 -0.019385 -0.167533
v -0.614046 -0.026885 -0.207733
v -0.603946 -0.031185 -0.227133
v -0.568046 -0.046485 -0.203733
v -0.577146 -0.042585 -0.186333
v -0.634246 -0.028485 -0.098633
v -0.629046 -0.030785 -0.119033
v -0.617146 -0.033285 -0.115433
v -0.622146 -0.031085 -0.095633
v -0.644346 -0.021585 -0.101633
v -0.639046 -0.023885 -0.122633
v -0.622946 -0.033385 -0.139133
v -0.611246 -0.035785 -0.134933
v -0.632746 -0.026585 -0.143333
v -0.610246 -0.028485 -0.093133
v -0.614246 -0.026785 -0.073633
v -0.626346 -0.029285 -0.075633
v -0.638446 -0.026685 -0.078033
v -0.648746 -0.019785 -0.080433
v -0.650746 -0.011185 -0.104133
v -0.655246 -0.009285 -0.082433
v -0.645346 -0.013585 -0.125633
v -0.638946 -0.016285 -0.146733
v -0.599546 -0.033085 -0.131433
v -0.605346 -0.030585 -0.112433
v -0.645546 -0.023685 -0.015133
v -0.644146 -0.024285 -0.036233
v -0.631846 -0.026985 -0.035033
v -0.633246 -0.026385 -0.014533
v -0.656046 -0.016585 -0.015733
v -0.654646 -0.017285 -0.037433
v -0.641746 -0.025285 -0.057233
v -0.629546 -0.027985 -0.055333
v -0.652146 -0.018285 -0.059033
v -0.621046 -0.023885 -0.014033
v -0.621446 -0.023685 0.005967
v -0.633746 -0.026185 0.005967
v -0.646046 -0.023485 0.005967
v -0.656546 -0.016385 0.005967
v -0.662746 -0.006085 -0.016233
v -0.663246 -0.005885 0.005967
v -0.661246 -0.006785 -0.038433
v -0.658746 -0.007785 -0.060533
v -0.617446 -0.025485 -0.053833
v -0.619646 -0.024485 -0.033933
v -0.641746 -0.025285 0.069167
v -0.644146 -0.024285 0.048267
v -0.631846 -0.026985 0.046967
v -0.629546 -0.027985 0.067367
v -0.652146 -0.018285 0.071067
v -0.654646 -0.017285 0.049467
v -0.645546 -0.023685 0.027167
v -0.633246 -0.026385 0.026567
v -0.656046 -0.016585 0.027767
v -0.617446 -0.025485 0.065867
v -0.614246 -0.026785 0.085567
v -0.626346 -0.029285 0.087567
v -0.638446 -0.026685 0.090067
v -0.648746 -0.019785 0.092467
v -0.658746 -0.007785 0.072567
v -0.655246 -0.009285 0.094467
v -0.661246 -0.006785 0.050467
v -0.662746 -0.006085 0.028267
v -0.621046 -0.023885 0.026067
v -0.619646 -0.024485 0.045967
v -0.622946 -0.033385 0.151067
v -0.629046 -0.030785 0.131067
v -0.617146 -0.033285 0.127467
v -0.611246 -0.035785 0.146967
v -0.632746 -0.026585 0.155267
v -0.639046 -0.023885 0.134667
v -0.634246 -0.028485 0.110667
v -0.622146 -0.031085 0.107667
v -0.644346 -0.021585 0.113667
v -0.599546 -0.033085 0.143467
v -0.592946 -0.035885 0.162167
v -0.604446 -0.038685 0.166067
v -0.615946 -0.036285 0.170867
v -0.625546 -0.029685 0.175567
v -0.638946 -0.016285 0.158767
v -0.631546 -0.019385 0.179567
v -0.645346 -0.013585 0.137667
v -0.650746 -0.011185 0.116167
v -0.610246 -0.028485 0.105167
v -0.605346 -0.030585 0.124467
v -0.589746 -0.047485 0.227467
v -0.599246 -0.043385 0.209067
v -0.588246 -0.045585 0.203167
v -0.578946 -0.049485 0.221067
v -0.598546 -0.041185 0.233867
v -0.608446 -0.036985 0.214867
v -0.608046 -0.039685 0.190167
v -0.596746 -0.041885 0.184867
v -0.617446 -0.033085 0.195467
v -0.568046 -0.046485 0.215767
v -0.558246 -0.050685 0.232667
v -0.568846 -0.053785 0.238367
v -0.579346 -0.051885 0.245267
v -0.587846 -0.045685 0.252167
v -0.603946 -0.031185 0.239167
v -0.592946 -0.035885 0.257967
v -0.614046 -0.026885 0.219767
v -0.623246 -0.022985 0.199867
v -0.585446 -0.039085 0.180467
v -0.577146 -0.042585 0.198367
v -0.543446 -0.067185 0.295267
v -0.556146 -0.061785 0.279267
v -0.546346 -0.063385 0.271367
v -0.534046 -0.068685 0.286867
v -0.550946 -0.061485 0.303567
v -0.564046 -0.055885 0.287167
v -0.568146 -0.056685 0.262567
v -0.557946 -0.058485 0.255167
v -0.576346 -0.050585 0.269967
v -0.524246 -0.065185 0.279967
v -0.511546 -0.070585 0.294467
v -0.521046 -0.074185 0.301767
v -0.530046 -0.072985 0.310567
v -0.537146 -0.067285 0.319367
v -0.555246 -0.051985 0.310567
v -0.541146 -0.057985 0.326667
v -0.568646 -0.046285 0.293667
v -0.581246 -0.040885 0.276167
v -0.547646 -0.055185 0.249067
v -0.536246 -0.059985 0.264867
v -0.485846 -0.091785 0.351967
v -0.501246 -0.085185 0.338967
v -0.493046 -0.086185 0.329367
v -0.478146 -0.092485 0.341967
v -0.491746 -0.086685 0.361967
v -0.507546 -0.079985 0.348567
v -0.515946 -0.078985 0.325167
v -0.507346 -0.080085 0.315967
v -0.522746 -0.073485 0.334367
v -0.469746 -0.088385 0.333667
v -0.454646 -0.094785 0.345267
v -0.462746 -0.099085 0.353767
v -0.469946 -0.098585 0.364167
v -0.475446 -0.093685 0.374467
v -0.494646 -0.077785 0.370167
v -0.477946 -0.084885 0.383067
v -0.510746 -0.070885 0.356567
v -0.526246 -0.064285 0.341967
v -0.498246 -0.076285 0.308267
v -0.484246 -0.082185 0.321367
v -0.419246 -0.120185 0.395367
v -0.436646 -0.112785 0.385867
v -0.430346 -0.112885 0.374867
v -0.413446 -0.120085 0.384167
v -0.423246 -0.115885 0.406567
v -0.441146 -0.108285 0.396867
v -0.453546 -0.105585 0.375467
v -0.446746 -0.105885 0.364767
v -0.458546 -0.100885 0.386067
v -0.406646 -0.115285 0.374767
v -0.389746 -0.122485 0.382967
v -0.396146 -0.127485 0.392467
v -0.401446 -0.127785 0.403967
v -0.404946 -0.123685 0.415367
v -0.424546 -0.107685 0.415867
v -0.405846 -0.115685 0.424967
v -0.442846 -0.099885 0.405867
v -0.460646 -0.092285 0.394967
v -0.439146 -0.101485 0.355967
v -0.423046 -0.108285 0.365767
v -0.346146 -0.151385 0.423767
v -0.364846 -0.143385 0.418167
v -0.360646 -0.142585 0.406267
v -0.342446 -0.150385 0.411767
v -0.348046 -0.147985 0.435867
v -0.367246 -0.139785 0.430067
v -0.383346 -0.135485 0.411567
v -0.378546 -0.134985 0.399867
v -0.386246 -0.131685 0.423267
v -0.337346 -0.144885 0.401767
v -0.319346 -0.152485 0.406167
v -0.324046 -0.158185 0.416267
v -0.327146 -0.159485 0.428467
v -0.328446 -0.156285 0.440667
v -0.347546 -0.140485 0.445867
v -0.327546 -0.148985 0.450767
v -0.367246 -0.132085 0.439967
v -0.386746 -0.123785 0.432967
v -0.372646 -0.129785 0.390167
v -0.355146 -0.137285 0.396367
v -0.269346 -0.184085 0.436167
v -0.288746 -0.175785 0.434667
v -0.286646 -0.174185 0.422267
v -0.267846 -0.182185 0.423767
v -0.268946 -0.181685 0.448567
v -0.288946 -0.173185 0.446967
v -0.308046 -0.167585 0.432067
v -0.305446 -0.166185 0.419767
v -0.308746 -0.164685 0.444367
v -0.264546 -0.175885 0.413467
v -0.266646 -0.174985 0.458867
v -0.287046 -0.166285 0.457267
v -0.307346 -0.157585 0.454567
v -0.301246 -0.160285 0.409567
v -0.282946 -0.168085 0.411967
v -0.112046 -0.178585 0.406267
v -0.107746 -0.177885 0.418167
v -0.089246 -0.185685 0.411567
v -0.094046 -0.186285 0.399867
v -0.130246 -0.170885 0.411767
v -0.126546 -0.169885 0.423767
v -0.105346 -0.181485 0.430067
v -0.086346 -0.189585 0.423267
v -0.124646 -0.173185 0.435867
v -0.100046 -0.191385 0.390167
v -0.076446 -0.193785 0.392467
v -0.082846 -0.198685 0.382967
v -0.117546 -0.183985 0.396367
v -0.135246 -0.176385 0.401767
v -0.125146 -0.180685 0.445867
v -0.105346 -0.189085 0.439967
v -0.085946 -0.197385 0.432967
v -0.066846 -0.205585 0.424967
v -0.067746 -0.197485 0.415367
v -0.071146 -0.193485 0.403967
v -0.042346 -0.208285 0.374867
v -0.036046 -0.208485 0.385867
v -0.019046 -0.215685 0.375467
v -0.025846 -0.215285 0.364767
v -0.059146 -0.201085 0.384167
v -0.053346 -0.201085 0.395367
v -0.031546 -0.212885 0.396867
v -0.014146 -0.220385 0.386067
v -0.049446 -0.205285 0.406567
v -0.009946 -0.222085 0.353767
v -0.017946 -0.226385 0.345267
v -0.033546 -0.219785 0.355967
v -0.049546 -0.212885 0.365767
v -0.066046 -0.205885 0.374767
v -0.048146 -0.213485 0.415867
v -0.029846 -0.221285 0.405867
v -0.012046 -0.228885 0.394967
v 0.005254 -0.236285 0.383067
v 0.002754 -0.227585 0.374467
v -0.002646 -0.222685 0.364167
v 0.020354 -0.235085 0.329367
v 0.028554 -0.235985 0.338967
v 0.043254 -0.242285 0.325167
v 0.034654 -0.241185 0.315967
v 0.005554 -0.228685 0.341967
v 0.013254 -0.229485 0.351967
v 0.034954 -0.241285 0.348567
v 0.050054 -0.247685 0.334367
v 0.019154 -0.234485 0.361967
v 0.048354 -0.246985 0.301766
v 0.038854 -0.250585 0.294467
v 0.025554 -0.244985 0.308267
v 0.011654 -0.238985 0.321367
v -0.002946 -0.232785 0.333667
v 0.022054 -0.243385 0.370167
v 0.038154 -0.250285 0.356567
v 0.053654 -0.256885 0.341967
v 0.068454 -0.263285 0.326667
v 0.064554 -0.253885 0.319367
v 0.057354 -0.248285 0.310567
v 0.073754 -0.257785 0.271367
v 0.083454 -0.259385 0.279267
v 0.095454 -0.264485 0.262567
v 0.085354 -0.262785 0.255167
v 0.061354 -0.252585 0.286867
v 0.070754 -0.253985 0.295267
v 0.091454 -0.265385 0.287167
v 0.103754 -0.270585 0.269967
v 0.078354 -0.259785 0.303567
v 0.096254 -0.267385 0.238367
v 0.085554 -0.270485 0.232667
v 0.074954 -0.265985 0.249067
v 0.063654 -0.261185 0.264867
v 0.051554 -0.256085 0.279967
v 0.082554 -0.269285 0.310567
v 0.095954 -0.274985 0.293667
v 0.108554 -0.280385 0.276167
v 0.120354 -0.285385 0.257967
v 0.115254 -0.275485 0.252167
v 0.106654 -0.269285 0.245267
v 0.115654 -0.275685 0.203167
v 0.126654 -0.277785 0.209067
v 0.135354 -0.281485 0.190167
v 0.124154 -0.279285 0.184867
v 0.106354 -0.271685 0.221067
v 0.117054 -0.273685 0.227467
v 0.135854 -0.284285 0.214867
v 0.144754 -0.288085 0.195467
v 0.125954 -0.280085 0.233867
v 0.131754 -0.282585 0.166067
v 0.120254 -0.285285 0.162167
v 0.112754 -0.282185 0.180467
v 0.104454 -0.278585 0.198367
v 0.095454 -0.274785 0.215767
v 0.131254 -0.289985 0.239167
v 0.141354 -0.294385 0.219767
v 0.150554 -0.298285 0.199867
v 0.158854 -0.301785 0.179567
v 0.152954 -0.291585 0.175567
v 0.143254 -0.284885 0.170867
v 0.144454 -0.287985 0.127467
v 0.156354 -0.290485 0.131067
v 0.161554 -0.292685 0.110667
v 0.149554 -0.290085 0.107667
v 0.138554 -0.285485 0.146967
v 0.150254 -0.287885 0.151067
v 0.166354 -0.297285 0.134667
v 0.171754 -0.299585 0.113667
v 0.160154 -0.294585 0.155267
v 0.153654 -0.291885 0.087567
v 0.141654 -0.294385 0.085567
v 0.137554 -0.292685 0.105167
v 0.132654 -0.290585 0.124467
v 0.126854 -0.288185 0.143467
v 0.166254 -0.304985 0.158767
v 0.172654 -0.307685 0.137667
v 0.178154 -0.309985 0.116167
v 0.182654 -0.311885 0.094467
v 0.176154 -0.301485 0.092467
v 0.165854 -0.294485 0.090067
v 0.159254 -0.294285 0.046967
v 0.171554 -0.296985 0.048267
v 0.172954 -0.297585 0.027167
v 0.160554 -0.294885 0.026567
v 0.156854 -0.293285 0.067367
v 0.169154 -0.295885 0.069167
v 0.181954 -0.303985 0.049467
v 0.183454 -0.304585 0.027767
v 0.179554 -0.302885 0.071067
v 0.161054 -0.295085 0.005967
v 0.148854 -0.297485 0.005967
v 0.148354 -0.297285 0.026067
v 0.147054 -0.296685 0.045967
v 0.144754 -0.295785 0.065867
v 0.186154 -0.313385 0.072567
v 0.188654 -0.314485 0.050467
v 0.190154 -0.315085 0.028267
v 0.190654 -0.315385 0.005967
v 0.183954 -0.304785 0.005967
v 0.173454 -0.297785 0.005967
v 0.159254 -0.294285 -0.035033
v 0.171554 -0.296985 -0.036233
v 0.169154 -0.295885 -0.057233
v 0.156854 -0.293285 -0.055333
v 0.160554 -0.294885 -0.014533
v 0.172954 -0.297585 -0.015133
v 0.181954 -0.303985 -0.037433
v 0.179554 -0.302885 -0.059033
v 0.183454 -0.304585 -0.015733
v 0.153654 -0.291885 -0.075633
v 0.141654 -0.294385 -0.073633
v 0.144754 -0.295785 -0.053833
v 0.147054 -0.296685 -0.033933
v 0.148354 -0.297285 -0.014033
v 0.190154 -0.315085 -0.016233
v 0.188654 -0.314485 -0.038433
v 0.186154 -0.313385 -0.060533
v 0.182654 -0.311885 -0.082433
v 0.176154 -0.301485 -0.080433
v 0.165854 -0.294485 -0.078033
v 0.144454 -0.287985 -0.115433
v 0.156354 -0.290485 -0.119033
v 0.150254 -0.287885 -0.139133
v 0.138554 -0.285485 -0.134933
v 0.149554 -0.290085 -0.095633
v 0.161554 -0.292685 -0.098633
v 0.166354 -0.297285 -0.122633
v 0.160154 -0.294585 -0.143333
v 0.171754 -0.299585 -0.101633
v 0.131754 -0.282585 -0.154033
v 0.120254 -0.285285 -0.150133
v 0.126854 -0.288185 -0.131433
v 0.132654 -0.290585 -0.112433
v 0.137554 -0.292685 -0.093133
v 0.178154 -0.309985 -0.104133
v 0.172654 -0.307685 -0.125633
v 0.166254 -0.304985 -0.146733
v 0.158854 -0.301785 -0.167533
v 0.152954 -0.291585 -0.163533
v 0.143254 -0.284885 -0.158833
v 0.115654 -0.275685 -0.191133
v 0.126654 -0.277785 -0.197033
v 0.117054 -0.273685 -0.215433
v 0.106354 -0.271685 -0.209033
v 0.124154 -0.279285 -0.172833
v 0.135354 -0.281485 -0.178133
v 0.135854 -0.284285 -0.202933
v 0.125954 -0.280085 -0.221833
v 0.144754 -0.288085 -0.183433
v 0.096254 -0.267385 -0.226333
v 0.085554 -0.270485 -0.220633
v 0.095454 -0.274785 -0.203733
v 0.104454 -0.278585 -0.186333
v 0.112754 -0.282185 -0.168433
v 0.150554 -0.298285 -0.187833
v 0.141354 -0.294385 -0.207733
v 0.131254 -0.289985 -0.227133
v 0.120354 -0.285385 -0.245933
v 0.115254 -0.275485 -0.240233
v 0.106654 -0.269285 -0.233233
v 0.073754 -0.257785 -0.259333
v 0.083454 -0.259385 -0.267233
v 0.070754 -0.253985 -0.283233
v 0.061354 -0.252585 -0.274933
v 0.085354 -0.262785 -0.243133
v 0.095454 -0.264485 -0.250533
v 0.091454 -0.265385 -0.275133
v 0.078354 -0.259785 -0.291633
v 0.103754 -0.270585 -0.257933
v 0.048354 -0.246985 -0.289733
v 0.038854 -0.250585 -0.282433
v 0.051554 -0.256085 -0.267933
v 0.063654 -0.261185 -0.252833
v 0.074954 -0.265985 -0.237033
v 0.108554 -0.280385 -0.264133
v 0.095954 -0.274985 -0.281633
v 0.082554 -0.269285 -0.298533
v 0.068454 -0.263285 -0.314633
v 0.064554 -0.253885 -0.307333
v 0.057354 -0.248285 -0.298533
v 0.020354 -0.235085 -0.317333
v 0.028554 -0.235985 -0.326933
v 0.013254 -0.229485 -0.339933
v 0.005554 -0.228685 -0.329933
v 0.034654 -0.241185 -0.303933
v 0.043254 -0.242285 -0.313133
v 0.034954 -0.241285 -0.336533
v 0.019154 -0.234485 -0.349933
v 0.050054 -0.247685 -0.322333
v -0.009946 -0.222085 -0.341733
v -0.017946 -0.226385 -0.333233
v -0.002946 -0.232785 -0.321633
v 0.011654 -0.238985 -0.309333
v 0.025554 -0.244985 -0.296233
v 0.053654 -0.256885 -0.329933
v 0.038154 -0.250285 -0.344533
v 0.022054 -0.243385 -0.358233
v 0.005254 -0.236285 -0.371033
v 0.002754 -0.227585 -0.362433
v -0.002646 -0.222685 -0.352133
v -0.042346 -0.208285 -0.362833
v -0.036046 -0.208485 -0.373833
v -0.053346 -0.201085 -0.383333
v -0.059146 -0.201085 -0.372133
v -0.025846 -0.215285 -0.352733
v -0.019046 -0.215685 -0.363433
v -0.031546 -0.212885 -0.384833
v -0.049446 -0.205285 -0.394633
v -0.014146 -0.220385 -0.374133
v -0.076446 -0.193785 -0.380433
v -0.082846 -0.198685 -0.370933
v -0.066046 -0.205885 -0.362833
v -0.049546 -0.212885 -0.353833
v -0.033546 -0.219785 -0.343933
v -0.012046 -0.228885 -0.382933
v -0.029846 -0.221285 -0.393933
v -0.048146 -0.213485 -0.403933
v -0.066846 -0.205585 -0.412933
v -0.067746 -0.197485 -0.403433
v -0.071146 -0.193485 -0.391933
v -0.112046 -0.178585 -0.394233
v -0.107746 -0.177885 -0.406133
v -0.126546 -0.169885 -0.411833
v -0.130246 -0.170885 -0.399733
v -0.094046 -0.186285 -0.387833
v -0.089246 -0.185685 -0.399533
v -0.105346 -0.181485 -0.418033
v -0.124646 -0.173185 -0.423833
v -0.086346 -0.189585 -0.411233
v -0.148646 -0.162985 -0.404233
v -0.153246 -0.168685 -0.394133
v -0.135246 -0.176385 -0.389733
v -0.117546 -0.183985 -0.384433
v -0.100046 -0.191385 -0.378133
v -0.085946 -0.197385 -0.420933
v -0.105346 -0.189085 -0.427933
v -0.125146 -0.180685 -0.433833
v -0.145046 -0.172185 -0.438733
v -0.144146 -0.164885 -0.428633
v -0.145446 -0.161785 -0.416433
v -0.185946 -0.147085 -0.410233
v -0.183946 -0.145385 -0.422633
v -0.203346 -0.137085 -0.424133
v -0.204846 -0.139085 -0.411733
v -0.167246 -0.155085 -0.407733
v -0.164646 -0.153585 -0.420033
v -0.183746 -0.147985 -0.435033
v -0.203646 -0.139485 -0.436633
v -0.163846 -0.156485 -0.432333
v -0.223646 -0.130985 -0.412233
v -0.226446 -0.137485 -0.401933
v -0.208046 -0.145385 -0.401433
v -0.189646 -0.153185 -0.400033
v -0.171446 -0.160985 -0.397533
v -0.165246 -0.163585 -0.442533
v -0.185546 -0.154885 -0.445233
v -0.206046 -0.146185 -0.446933
v -0.226446 -0.137485 -0.447433
v -0.223646 -0.130985 -0.437133
v -0.222746 -0.128785 -0.424733
v -0.261446 -0.114885 -0.410233
v -0.261646 -0.112285 -0.422633
v -0.280946 -0.103985 -0.420033
v -0.280146 -0.106885 -0.407733
v -0.242546 -0.122985 -0.411733
v -0.242246 -0.120485 -0.424133
v -0.263646 -0.113985 -0.435033
v -0.283546 -0.105485 -0.432333
v -0.243646 -0.122485 -0.436633
v -0.298746 -0.098985 -0.404233
v -0.299646 -0.106285 -0.394133
v -0.281546 -0.113985 -0.397533
v -0.263246 -0.121785 -0.400033
v -0.244846 -0.129685 -0.401433
v -0.246946 -0.128785 -0.446933
v -0.267346 -0.120085 -0.445233
v -0.287646 -0.111385 -0.442533
v -0.307846 -0.102785 -0.438733
v -0.303246 -0.097085 -0.428633
v -0.300046 -0.095885 -0.416433
v -0.335346 -0.083385 -0.394233
v -0.337746 -0.079785 -0.406133
v -0.356246 -0.071885 -0.399533
v -0.353346 -0.075685 -0.387833
v -0.317146 -0.091085 -0.399733
v -0.319046 -0.087785 -0.411833
v -0.342046 -0.080585 -0.418033
v -0.361046 -0.072485 -0.411233
v -0.322746 -0.088785 -0.423833
v -0.370946 -0.068185 -0.380433
v -0.370046 -0.076285 -0.370933
v -0.352846 -0.083585 -0.378133
v -0.335446 -0.091085 -0.384433
v -0.317646 -0.098585 -0.389733
v -0.327846 -0.094285 -0.433833
v -0.347546 -0.085885 -0.427933
v -0.366946 -0.077585 -0.420933
v -0.386046 -0.069385 -0.412933
v -0.379646 -0.064485 -0.403433
v -0.374346 -0.064185 -0.391933
v -0.405046 -0.053685 -0.362833
v -0.409546 -0.049185 -0.373833
v -0.426446 -0.041985 -0.363433
v -0.421546 -0.046685 -0.352733
v -0.388246 -0.060885 -0.372133
v -0.392146 -0.056585 -0.383333
v -0.415846 -0.049085 -0.384833
v -0.433246 -0.041585 -0.374133
v -0.397946 -0.056685 -0.394633
v -0.437446 -0.039885 -0.341733
v -0.434946 -0.048585 -0.333233
v -0.419446 -0.055185 -0.343933
v -0.403346 -0.062085 -0.353833
v -0.386946 -0.069085 -0.362833
v -0.404846 -0.061485 -0.403933
v -0.423046 -0.053685 -0.393933
v -0.440946 -0.046085 -0.382933
v -0.458246 -0.038685 -0.371033
v -0.450146 -0.034385 -0.362433
v -0.442846 -0.034985 -0.352133
v -0.467746 -0.026885 -0.317333
v -0.474146 -0.021685 -0.326933
v -0.488846 -0.015385 -0.313133
v -0.482046 -0.020785 -0.303933
v -0.452846 -0.033285 -0.329933
v -0.458746 -0.028185 -0.339933
v -0.482246 -0.020685 -0.336533
v -0.497446 -0.014285 -0.322333
v -0.466546 -0.027485 -0.349933
v -0.495746 -0.014985 -0.289733
v -0.491846 -0.024385 -0.282433
v -0.478446 -0.029985 -0.296233
v -0.464546 -0.035985 -0.309333
v -0.450046 -0.042185 -0.321633
v -0.474946 -0.031585 -0.358233
v -0.491046 -0.024685 -0.344533
v -0.506546 -0.018085 -0.329933
v -0.521446 -0.011785 -0.314633
v -0.511946 -0.008085 -0.307333
v -0.502946 -0.009385 -0.298533
v -0.521146 -0.004185 -0.259333
v -0.529046 0.001715 -0.267233
v -0.541046 0.006815 -0.250533
v -0.532746 0.000815 -0.243133
v -0.508746 -0.009485 -0.274933
v -0.516346 -0.003685 -0.283233
v -0.538846 0.003315 -0.275133
v -0.551146 0.008615 -0.257933
v -0.525746 -0.002185 -0.291633
v -0.543646 0.005415 -0.226333
v -0.538546 -0.004485 -0.220633
v -0.527946 -0.008985 -0.237033
v -0.516546 -0.013785 -0.252833
v -0.504546 -0.018885 -0.267933
v -0.535546 -0.005685 -0.298533
v -0.548946 0.000015 -0.281633
v -0.561446 0.005315 -0.264133
v -0.573246 0.010415 -0.245933
v -0.562646 0.013515 -0.240233
v -0.552246 0.011615 -0.233333
v -0.563046 0.013715 -0.191133
v -0.572146 0.020115 -0.197033
v -0.580946 0.023915 -0.178133
v -0.571546 0.017315 -0.172833
v -0.553746 0.009715 -0.209033
v -0.562646 0.016115 -0.215433
v -0.583146 0.022315 -0.202933
v -0.592146 0.026115 -0.183433
v -0.573346 0.018115 -0.221833
v -0.579146 0.020615 -0.154033
v -0.573146 0.010315 -0.150133
v -0.565746 0.007115 -0.168433
v -0.557446 0.003615 -0.186333
v -0.548346 -0.000285 -0.203733
v -0.584246 0.015015 -0.227133
v -0.594346 0.019315 -0.207733
v -0.603546 0.023315 -0.187833
v -0.611846 0.026815 -0.167533
v -0.600346 0.029615 -0.163533
v -0.588846 0.027215 -0.158833
v -0.591846 0.026015 -0.115433
v -0.601946 0.032815 -0.119033
v -0.607046 0.035015 -0.098633
v -0.596946 0.028115 -0.095633
v -0.585946 0.023515 -0.134933
v -0.595846 0.030215 -0.139133
v -0.613746 0.035315 -0.122633
v -0.619146 0.037615 -0.101633
v -0.607546 0.032615 -0.143333
v -0.601046 0.029915 -0.075633
v -0.594546 0.019415 -0.073633
v -0.590546 0.017715 -0.093133
v -0.585546 0.015615 -0.112433
v -0.579846 0.013215 -0.131433
v -0.619146 0.029915 -0.146733
v -0.625646 0.032715 -0.125633
v -0.631046 0.035015 -0.104133
v -0.635546 0.036915 -0.082433
v -0.623546 0.039515 -0.080433
v -0.611346 0.036815 -0.078033
v -0.606646 0.032315 -0.035033
v -0.617046 0.039315 -0.036233
v -0.618446 0.039915 -0.015133
v -0.607946 0.032815 -0.014533
v -0.604246 0.031315 -0.055333
v -0.614646 0.038315 -0.057233
v -0.629346 0.042015 -0.037433
v -0.630846 0.042615 -0.015733
v -0.626946 0.040915 -0.059033
v -0.608446 0.033015 0.005967
v -0.601746 0.022515 0.005967
v -0.601346 0.022315 -0.014033
v -0.599946 0.021715 -0.033933
v -0.597646 0.020815 -0.053833
v -0.639046 0.038415 -0.060533
v -0.641546 0.039515 -0.038433
v -0.643046 0.040115 -0.016233
v -0.643546 0.040315 0.005967
v -0.631346 0.042815 0.005967
v -0.618946 0.040115 0.005967
v -0.606646 0.032315 0.046967
v -0.617046 0.039315 0.048267
v -0.614646 0.038315 0.069167
v -0.604246 0.031315 0.067367
v -0.607946 0.032815 0.026567
v -0.618446 0.039915 0.027167
v -0.629346 0.042015 0.049467
v -0.626946 0.040915 0.071067
v -0.630846 0.042615 0.027767
v -0.601046 0.029915 0.087567
v -0.594546 0.019415 0.085567
v -0.597646 0.020815 0.065867
v -0.599946 0.021715 0.045967
v -0.601346 0.022315 0.026067
v -0.643046 0.040115 0.028267
v -0.641546 0.039515 0.050467
v -0.639046 0.038415 0.072567
v -0.635546 0.036915 0.094467
v -0.623546 0.039515 0.092467
v -0.611346 0.036815 0.090067
v -0.591846 0.026015 0.127467
v -0.601946 0.032815 0.131067
v -0.595846 0.030215 0.151067
v -0.585946 0.023515 0.146967
v -0.596946 0.028115 0.107667
v -0.607046 0.035015 0.110667
v -0.613746 0.035315 0.134667
v -0.607546 0.032615 0.155267
v -0.619146 0.037615 0.113667
v -0.579146 0.020615 0.166067
v -0.573146 0.010315 0.162167
v -0.579846 0.013215 0.143467
v -0.585546 0.015615 0.124467
v -0.590546 0.017715 0.105167
v -0.631046 0.035015 0.116167
v -0.625646 0.032715 0.137667
v -0.619146 0.029915 0.158767
v -0.611846 0.026815 0.179567
v -0.600346 0.029615 0.175567
v -0.588846 0.027215 0.170867
v -0.563046 0.013715 0.203167
v -0.572146 0.020115 0.209067
v -0.562646 0.016115 0.227467
v -0.553746 0.009715 0.221067
v -0.571546 0.017315 0.184867
v -0.580946 0.023915 0.190167
v -0.583146 0.022315 0.214867
v -0.573346 0.018115 0.233867
v -0.592146 0.026115 0.195467
v -0.543646 0.005415 0.238367
v -0.538546 -0.004485 0.232667
v -0.548346 -0.000285 0.215767
v -0.557446 0.003615 0.198367
v -0.565746 0.007115 0.180467
v -0.603546 0.023315 0.199867
v -0.594346 0.019315 0.219767
v -0.584246 0.015015 0.239167
v -0.573246 0.010415 0.257967
v -0.562646 0.013515 0.252167
v -0.552246 0.011615 0.245267
v -0.521146 -0.004185 0.271367
v -0.529046 0.001715 0.279267
v -0.516346 -0.003685 0.295267
v -0.508746 -0.009485 0.286867
v -0.532746 0.000815 0.255167
v -0.541046 0.006815 0.262567
v -0.538846 0.003315 0.287167
v -0.525746 -0.002185 0.303567
v -0.551146 0.008615 0.269967
v -0.495746 -0.014985 0.301767
v -0.491846 -0.024385 0.294467
v -0.504546 -0.018885 0.279967
v -0.516546 -0.013785 0.264867
v -0.527946 -0.008985 0.249067
v -0.561446 0.005315 0.276167
v -0.548946 0.000015 0.293667
v -0.535546 -0.005685 0.310567
v -0.521446 -0.011785 0.326667
v -0.511946 -0.008085 0.319367
v -0.502946 -0.009385 0.310567
v -0.467746 -0.026885 0.329367
v -0.474146 -0.021685 0.338967
v -0.458746 -0.028185 0.351967
v -0.452846 -0.033285 0.341967
v -0.482046 -0.020785 0.315967
v -0.488846 -0.015385 0.325167
v -0.482246 -0.020685 0.348567
v -0.466546 -0.027485 0.361967
v -0.497446 -0.014285 0.334367
v -0.437446 -0.039885 0.353767
v -0.434946 -0.048585 0.345267
v -0.450046 -0.042185 0.333667
v -0.464546 -0.035985 0.321367
v -0.478446 -0.029985 0.308267
v -0.506546 -0.018085 0.341967
v -0.491046 -0.024685 0.356567
v -0.474946 -0.031585 0.370167
v -0.458246 -0.038685 0.383067
v -0.450146 -0.034385 0.374467
v -0.442846 -0.034985 0.364167
v -0.405046 -0.053685 0.374867
v -0.409546 -0.049185 0.385867
v -0.392146 -0.056585 0.395367
v -0.388246 -0.060885 0.384167
v -0.421546 -0.046685 0.364767
v -0.426446 -0.041985 0.375467
v -0.415846 -0.049085 0.396867
v -0.397946 -0.056685 0.406567
v -0.433246 -0.041585 0.386067
v -0.370946 -0.068185 0.392467
v -0.370046 -0.076285 0.382967
v -0.386946 -0.069085 0.374767
v -0.403346 -0.062085 0.365767
v -0.419446 -0.055185 0.355967
v -0.440946 -0.046085 0.394967
v -0.423046 -0.053685 0.405867
v -0.404846 -0.061485 0.415867
v -0.386046 -0.069385 0.424967
v -0.379646 -0.064485 0.415367
v -0.374346 -0.064185 0.403967
v -0.335346 -0.083385 0.406267
v -0.337746 -0.079785 0.418167
v -0.319046 -0.087785 0.423767
v -0.317146 -0.091085 0.411767
v -0.353346 -0.075685 0.399867
v -0.356246 -0.071885 0.411567
v -0.342046 -0.080585 0.430067
v -0.322746 -0.088785 0.435867
v -0.361046 -0.072485 0.423267
v -0.298746 -0.098985 0.416267
v -0.299646 -0.106285 0.406167
v -0.317646 -0.098585 0.401767
v -0.335446 -0.091085 0.396367
v -0.352846 -0.083585 0.390167
v -0.366946 -0.077585 0.432967
v -0.347546 -0.085885 0.439967
v -0.327846 -0.094285 0.445867
v -0.307846 -0.102785 0.450767
v -0.303246 -0.097085 0.440667
v -0.300046 -0.095885 0.428467
v -0.261446 -0.114885 0.422267
v -0.261646 -0.112285 0.434667
v -0.242246 -0.120485 0.436167
v -0.242546 -0.122985 0.423767
v -0.280146 -0.106885 0.419767
v -0.280946 -0.103985 0.432067
v -0.263646 -0.113985 0.446967
v -0.243646 -0.122485 0.448567
v -0.283546 -0.105485 0.444367
v -0.244846 -0.129685 0.413467
v -0.263246 -0.121785 0.411967
v -0.281546 -0.113985 0.409567
v -0.287646 -0.111385 0.454567
v -0.267346 -0.120085 0.457267
v -0.246946 -0.128785 0.458867
v -0.646446 -0.000685 0.139467
v -0.642946 0.012815 0.140067
v -0.648546 0.015115 0.118267
v -0.652046 0.001715 0.117767
v -0.639946 -0.003485 0.160967
v -0.636446 0.010015 0.161667
v -0.635746 0.024615 0.139467
v -0.641246 0.027015 0.117767
v -0.629246 0.021815 0.160967
v -0.656546 0.003615 0.095667
v -0.632546 -0.006585 0.181967
v -0.628946 0.006815 0.182767
v -0.621746 0.018615 0.181967
v -0.645846 0.028915 0.095667
v -0.653146 0.017115 0.096167
v -0.277946 -0.157785 0.405667
v -0.272346 -0.145285 0.403567
v -0.254346 -0.152885 0.404967
v -0.259846 -0.165485 0.407067
v -0.295946 -0.150185 0.403267
v -0.290246 -0.137585 0.401167
v -0.267146 -0.132485 0.405667
v -0.249046 -0.140285 0.407067
v -0.285146 -0.124885 0.403267
v -0.241746 -0.173285 0.407567
v -0.313746 -0.142485 0.399867
v -0.308046 -0.130085 0.397767
v -0.303046 -0.117285 0.399867
v -0.230946 -0.147985 0.407567
v -0.236346 -0.160585 0.405467
v 0.084054 -0.312185 0.195267
v 0.087754 -0.298785 0.194267
v 0.095854 -0.302185 0.176767
v 0.092254 -0.315585 0.177667
v 0.075154 -0.308385 0.212467
v 0.078854 -0.294985 0.211367
v 0.094854 -0.286885 0.195267
v 0.102954 -0.290385 0.177667
v 0.085954 -0.283085 0.212467
v 0.099554 -0.318785 0.159667
v 0.065454 -0.304185 0.229067
v 0.069154 -0.290885 0.227967
v 0.076254 -0.278885 0.229067
v 0.110354 -0.293485 0.159667
v 0.103154 -0.305385 0.158867
v -0.614746 -0.014185 0.222767
v -0.611146 -0.000785 0.223767
v -0.620446 0.003215 0.203567
v -0.624046 -0.010185 0.202567
v -0.604546 -0.018585 0.242367
v -0.600846 -0.005185 0.243467
v -0.603946 0.011115 0.222767
v -0.613346 0.015115 0.202567
v -0.593746 0.006715 0.242367
v -0.593446 -0.023285 0.261467
v -0.589646 -0.009985 0.262667
v -0.582646 0.002015 0.261467
v -0.200246 -0.190885 0.463667
v -0.194646 -0.178385 0.465767
v -0.215446 -0.169485 0.467467
v -0.220946 -0.182085 0.465267
v -0.179646 -0.199685 0.460867
v -0.173946 -0.187185 0.462967
v -0.189446 -0.165685 0.463667
v -0.210146 -0.156785 0.465267
v -0.168846 -0.174385 0.460867
v -0.241746 -0.173285 0.465867
v -0.159146 -0.208485 0.456967
v -0.153446 -0.195985 0.459067
v -0.148446 -0.183185 0.456967
v -0.230946 -0.147985 0.465867
v -0.236346 -0.160585 0.467967
v 0.111754 -0.323985 0.122567
v 0.115254 -0.310485 0.121967
v 0.120154 -0.312585 0.103067
v 0.116654 -0.325985 0.103567
v 0.106054 -0.321585 0.141267
v 0.109654 -0.308085 0.140567
v 0.122554 -0.298685 0.122567
v 0.127354 -0.300785 0.103567
v 0.116854 -0.296285 0.141267
v 0.120554 -0.327685 0.084367
v 0.131354 -0.302485 0.084367
v 0.124054 -0.314285 0.083967
v -0.568646 -0.033885 0.297767
v -0.564846 -0.020585 0.299067
v -0.577646 -0.015085 0.281167
v -0.581446 -0.028385 0.279967
v -0.555146 -0.039585 0.314767
v -0.551146 -0.026385 0.316267
v -0.557946 -0.008585 0.297767
v -0.570646 -0.003085 0.279967
v -0.544346 -0.014285 0.314767
v -0.540846 -0.045685 0.331167
v -0.536846 -0.032485 0.332667
v -0.530046 -0.020485 0.331167
v -0.118946 -0.225585 0.446067
v -0.112946 -0.213185 0.448067
v -0.133046 -0.204585 0.454167
v -0.138946 -0.217085 0.452067
v -0.099246 -0.233985 0.438967
v -0.093146 -0.221685 0.440967
v -0.108146 -0.200285 0.446067
v -0.128146 -0.191785 0.452067
v -0.088446 -0.208685 0.438967
v -0.079846 -0.242285 0.430867
v -0.073746 -0.229985 0.432767
v -0.069046 -0.216985 0.430867
v 0.125954 -0.329985 0.045367
v 0.129354 -0.316485 0.045167
v 0.130654 -0.317085 0.025567
v 0.127254 -0.330585 0.025667
v 0.123654 -0.329085 0.064967
v 0.127154 -0.315585 0.064567
v 0.136654 -0.304685 0.045367
v 0.138054 -0.305285 0.025667
v 0.134454 -0.303785 0.064967
v 0.127654 -0.330785 0.005967
v 0.138454 -0.305485 0.005967
v 0.131154 -0.317285 0.005967
v -0.510046 -0.058785 0.361467
v -0.505946 -0.045685 0.363067
v -0.521746 -0.038885 0.348267
v -0.525746 -0.052085 0.346767
v -0.493646 -0.065785 0.375367
v -0.489446 -0.052685 0.377067
v -0.499246 -0.033585 0.361467
v -0.515046 -0.026885 0.346767
v -0.482946 -0.040485 0.375367
v -0.476746 -0.073085 0.388367
v -0.472446 -0.059985 0.390167
v -0.465946 -0.047785 0.388367
v -0.042346 -0.258285 0.411567
v -0.036046 -0.245985 0.413467
v -0.054646 -0.238085 0.423667
v -0.060846 -0.250385 0.421667
v -0.024246 -0.265985 0.400467
v -0.017846 -0.253785 0.402267
v -0.031546 -0.232985 0.411567
v -0.050046 -0.225085 0.421667
v -0.013446 -0.240685 0.400467
v -0.006746 -0.273485 0.388367
v -0.000246 -0.261285 0.390167
v 0.004054 -0.248185 0.388367
v 0.125954 -0.329985 -0.033333
v 0.129354 -0.316485 -0.033133
v 0.127154 -0.315585 -0.052633
v 0.123654 -0.329085 -0.052933
v 0.127254 -0.330585 -0.013733
v 0.130654 -0.317085 -0.013633
v 0.136654 -0.304685 -0.033333
v 0.134454 -0.303785 -0.052933
v 0.138054 -0.305285 -0.013733
v 0.120554 -0.327685 -0.072333
v 0.131354 -0.302485 -0.072333
v 0.124054 -0.314285 -0.071933
v -0.441146 -0.088185 0.411567
v -0.436646 -0.075185 0.413467
v -0.454746 -0.067485 0.402267
v -0.459146 -0.080485 0.400467
v -0.422546 -0.096185 0.421667
v -0.418046 -0.083185 0.423667
v -0.430346 -0.062985 0.411567
v -0.448346 -0.055285 0.400467
v -0.411746 -0.070885 0.421667
v -0.403546 -0.104185 0.430867
v -0.398946 -0.091285 0.432767
v -0.392846 -0.078985 0.430867
v 0.026654 -0.287685 0.361467
v 0.033254 -0.275585 0.363067
v 0.016854 -0.268585 0.377067
v 0.010254 -0.280685 0.375367
v 0.042354 -0.294385 0.346767
v 0.049054 -0.282285 0.348267
v 0.037454 -0.262385 0.361467
v 0.021054 -0.255385 0.375367
v 0.053154 -0.269085 0.346767
v 0.057354 -0.300785 0.331167
v 0.064154 -0.288685 0.332667
v 0.068154 -0.275485 0.331167
v 0.111754 -0.323985 -0.110533
v 0.115254 -0.310485 -0.109933
v 0.109654 -0.308085 -0.128533
v 0.106054 -0.321585 -0.129233
v 0.116654 -0.325985 -0.091533
v 0.120154 -0.312585 -0.091033
v 0.122554 -0.298685 -0.110533
v 0.116854 -0.296285 -0.129233
v 0.127354 -0.300785 -0.091533
v 0.099554 -0.318785 -0.147633
v 0.110354 -0.293485 -0.147633
v 0.103154 -0.305385 -0.146833
v -0.364546 -0.120885 0.446067
v -0.359646 -0.107985 0.448067
v -0.379446 -0.099585 0.440967
v -0.384246 -0.112485 0.438967
v -0.344446 -0.129385 0.452067
v -0.339546 -0.116585 0.454167
v -0.353746 -0.095585 0.446067
v -0.373446 -0.087185 0.438967
v -0.333746 -0.104185 0.452067
v -0.324246 -0.138085 0.456967
v -0.319246 -0.125285 0.459067
v -0.313446 -0.112785 0.456967
v 0.085254 -0.312685 0.297767
v 0.092154 -0.300685 0.299067
v 0.078554 -0.294885 0.316267
v 0.071754 -0.306885 0.314767
v 0.098054 -0.318085 0.279967
v 0.104954 -0.306185 0.281167
v 0.096054 -0.287385 0.297767
v 0.082454 -0.281585 0.314767
v 0.108854 -0.292785 0.279967
v 0.109954 -0.323185 0.261467
v 0.117054 -0.311285 0.262667
v 0.120754 -0.297885 0.261467
v 0.084054 -0.312185 -0.183333
v 0.087754 -0.298785 -0.182333
v 0.078854 -0.294985 -0.199333
v 0.075154 -0.308385 -0.200433
v 0.092254 -0.315585 -0.165733
v 0.095854 -0.302185 -0.164733
v 0.094854 -0.286885 -0.183333
v 0.085954 -0.283085 -0.200433
v 0.102954 -0.290385 -0.165733
v 0.065454 -0.304185 -0.217133
v 0.076254 -0.278885 -0.217133
v 0.069154 -0.290885 -0.215933
v -0.283146 -0.155585 0.463667
v -0.277946 -0.142885 0.465767
v -0.298646 -0.133985 0.462967
v -0.303746 -0.146785 0.460867
v -0.262446 -0.164385 0.465267
v -0.257146 -0.151685 0.467467
v -0.272346 -0.130285 0.463667
v -0.293046 -0.121485 0.460867
v -0.251646 -0.139085 0.465267
v 0.131354 -0.332285 0.222767
v 0.138454 -0.320385 0.223767
v 0.128154 -0.315985 0.243467
v 0.121054 -0.327985 0.242367
v 0.140654 -0.336285 0.202567
v 0.147854 -0.324385 0.203567
v 0.142154 -0.306985 0.222767
v 0.131854 -0.302685 0.242367
v 0.151454 -0.310985 0.202567
v 0.149054 -0.339885 0.181967
v 0.156254 -0.327985 0.182767
v 0.159854 -0.314585 0.181967
v 0.043854 -0.294985 -0.248733
v 0.047754 -0.281685 -0.247433
v 0.035954 -0.276685 -0.262233
v 0.031954 -0.289985 -0.263633
v 0.054954 -0.299785 -0.233233
v 0.058854 -0.286485 -0.231933
v 0.054654 -0.269685 -0.248733
v 0.042754 -0.264685 -0.263633
v 0.065754 -0.274485 -0.233233
v 0.019454 -0.284585 -0.277933
v 0.030254 -0.259385 -0.277933
v 0.023454 -0.271385 -0.276433
v 0.163054 -0.345885 0.139467
v 0.170354 -0.333985 0.140067
v 0.163754 -0.331185 0.161667
v 0.156554 -0.343085 0.160967
v 0.168654 -0.348185 0.117767
v 0.175854 -0.336385 0.118267
v 0.173854 -0.320585 0.139467
v 0.167354 -0.317785 0.160967
v 0.179354 -0.322885 0.117767
v 0.173154 -0.350185 0.095667
v 0.180454 -0.338285 0.096167
v 0.183954 -0.324885 0.095667
v -0.007346 -0.273185 -0.304433
v -0.003246 -0.259985 -0.302733
v -0.017446 -0.253885 -0.314833
v -0.021646 -0.267085 -0.316533
v 0.006354 -0.278985 -0.291533
v 0.010454 -0.265785 -0.289933
v 0.003454 -0.247885 -0.304433
v -0.010846 -0.241785 -0.316533
v 0.017154 -0.253785 -0.291533
v -0.036446 -0.260785 -0.327933
v -0.025746 -0.235485 -0.327933
v -0.032146 -0.247685 -0.326133
v 0.179254 -0.352685 0.051067
v 0.186554 -0.340885 0.051267
v 0.184054 -0.339885 0.073767
v 0.176654 -0.351685 0.073467
v 0.180754 -0.353385 0.028567
v 0.188154 -0.341585 0.028667
v 0.190054 -0.327485 0.051067
v 0.187454 -0.326385 0.073467
v 0.191554 -0.328085 0.028567
v 0.181254 -0.353585 0.005967
v 0.188654 -0.341785 0.005967
v 0.192054 -0.328285 0.005967
v -0.067546 -0.247485 -0.348133
v -0.063146 -0.234485 -0.346233
v -0.079246 -0.227585 -0.355133
v -0.083746 -0.240585 -0.357033
v -0.051846 -0.254185 -0.338433
v -0.047446 -0.241185 -0.336633
v -0.056846 -0.222185 -0.348133
v -0.072946 -0.215285 -0.357033
v -0.041046 -0.228985 -0.338433
v -0.100346 -0.233485 -0.365033
v -0.089546 -0.208285 -0.365033
v -0.095746 -0.220585 -0.363033
v 0.179254 -0.352685 -0.039033
v 0.186554 -0.340885 -0.039233
v 0.188154 -0.341585 -0.016633
v 0.180754 -0.353385 -0.016533
v 0.176654 -0.351685 -0.061433
v 0.184054 -0.339885 -0.061733
v 0.190054 -0.327485 -0.039033
v 0.191554 -0.328085 -0.016533
v 0.187454 -0.326385 -0.061433
v 0.173154 -0.350185 -0.083733
v 0.180454 -0.338285 -0.084133
v 0.183954 -0.324885 -0.083733
v -0.134446 -0.218985 -0.378233
v -0.129646 -0.206085 -0.376233
v -0.147046 -0.198685 -0.381433
v -0.151946 -0.211485 -0.383533
v -0.117246 -0.226285 -0.372133
v -0.112546 -0.213385 -0.370133
v -0.123746 -0.193685 -0.378233
v -0.141146 -0.186285 -0.383533
v -0.106446 -0.200985 -0.372133
v -0.169646 -0.203985 -0.387833
v -0.158846 -0.178685 -0.387833
v -0.164646 -0.191185 -0.385733
v 0.163054 -0.345885 -0.127433
v 0.170354 -0.333985 -0.128133
v 0.175854 -0.336385 -0.106233
v 0.168654 -0.348185 -0.105733
v 0.156554 -0.343085 -0.148933
v 0.163754 -0.331185 -0.149633
v 0.173854 -0.320585 -0.127433
v 0.179354 -0.322885 -0.105733
v 0.167354 -0.317785 -0.148933
v 0.149054 -0.339885 -0.169933
v 0.156254 -0.327985 -0.170733
v 0.159854 -0.314585 -0.169933
v -0.205546 -0.188685 -0.393633
v -0.200346 -0.175985 -0.391533
v -0.218246 -0.168285 -0.392933
v -0.223546 -0.180985 -0.395133
v -0.187546 -0.196385 -0.391233
v -0.182446 -0.183585 -0.389133
v -0.194746 -0.163385 -0.393633
v -0.212846 -0.155685 -0.395133
v -0.176746 -0.171085 -0.391233
v -0.241746 -0.173285 -0.395533
v -0.230946 -0.147985 -0.395533
v -0.236346 -0.160585 -0.393433
v 0.131354 -0.332285 -0.210733
v 0.138454 -0.320385 -0.211733
v 0.147854 -0.324385 -0.191533
v 0.140654 -0.336285 -0.190633
v 0.121054 -0.327985 -0.230433
v 0.128154 -0.315985 -0.231533
v 0.142154 -0.306985 -0.210733
v 0.151454 -0.310985 -0.190633
v 0.131854 -0.302685 -0.230433
v 0.109954 -0.323185 -0.249433
v 0.117054 -0.311285 -0.250633
v 0.120754 -0.297885 -0.249433
v -0.277946 -0.157785 -0.393633
v -0.272346 -0.145285 -0.391533
v -0.290246 -0.137585 -0.389133
v -0.295946 -0.150185 -0.391233
v -0.259846 -0.165485 -0.395133
v -0.254346 -0.152885 -0.392933
v -0.267146 -0.132485 -0.393633
v -0.285146 -0.124885 -0.391233
v -0.249046 -0.140285 -0.395133
v -0.313746 -0.142485 -0.387833
v -0.303046 -0.117285 -0.387833
v -0.308046 -0.130085 -0.385733
v 0.085254 -0.312685 -0.285733
v 0.092154 -0.300685 -0.287033
v 0.104954 -0.306185 -0.269233
v 0.098054 -0.318085 -0.267933
v 0.071754 -0.306885 -0.302833
v 0.078554 -0.294885 -0.304233
v 0.096054 -0.287385 -0.285733
v 0.108854 -0.292785 -0.267933
v 0.082454 -0.281585 -0.302833
v 0.057354 -0.300785 -0.319133
v 0.064154 -0.288685 -0.320633
v 0.068154 -0.275485 -0.319133
v -0.348946 -0.127485 -0.378233
v -0.342946 -0.115085 -0.376233
v -0.360146 -0.107785 -0.370133
v -0.366146 -0.120185 -0.372133
v -0.331446 -0.134985 -0.383533
v -0.325646 -0.122585 -0.381433
v -0.338146 -0.102285 -0.378233
v -0.355346 -0.094885 -0.372133
v -0.320646 -0.109685 -0.383533
v -0.383046 -0.112985 -0.365033
v -0.372346 -0.087685 -0.365033
v -0.376946 -0.100685 -0.363033
v 0.026654 -0.287685 -0.349433
v 0.033254 -0.275585 -0.351133
v 0.049054 -0.282285 -0.336333
v 0.042354 -0.294385 -0.334733
v 0.010254 -0.280685 -0.363333
v 0.016854 -0.268585 -0.365033
v 0.037454 -0.262385 -0.349433
v 0.053154 -0.269085 -0.334733
v 0.021054 -0.255385 -0.363333
v -0.006746 -0.273485 -0.376333
v -0.000246 -0.261285 -0.378133
v 0.004054 -0.248185 -0.376333
v -0.415846 -0.098985 -0.348133
v -0.409546 -0.086785 -0.346233
v -0.425246 -0.080085 -0.336633
v -0.431646 -0.092285 -0.338433
v -0.399646 -0.105885 -0.357033
v -0.393446 -0.093585 -0.355133
v -0.405046 -0.073685 -0.348133
v -0.420846 -0.066985 -0.338433
v -0.388846 -0.080585 -0.357033
v -0.446946 -0.085785 -0.327933
v -0.436146 -0.060485 -0.327933
v -0.440446 -0.073585 -0.326133
v -0.042346 -0.258285 -0.399533
v -0.036046 -0.245985 -0.401433
v -0.017846 -0.253785 -0.390233
v -0.024246 -0.265985 -0.388433
v -0.060846 -0.250385 -0.409633
v -0.054646 -0.238085 -0.411633
v -0.031546 -0.232985 -0.399533
v -0.013446 -0.240685 -0.388433
v -0.050046 -0.225085 -0.409633
v -0.079846 -0.242285 -0.418833
v -0.073746 -0.229985 -0.420833
v -0.069046 -0.216985 -0.418833
v -0.476046 -0.073285 -0.304433
v -0.469446 -0.061185 -0.302733
v -0.483046 -0.055385 -0.289933
v -0.489746 -0.067485 -0.291533
v -0.461746 -0.079385 -0.316533
v -0.455246 -0.067285 -0.314833
v -0.465246 -0.048085 -0.304433
v -0.479046 -0.042185 -0.291533
v -0.450946 -0.054185 -0.316533
v -0.502946 -0.061885 -0.277933
v -0.492146 -0.036585 -0.277933
v -0.496146 -0.049785 -0.276433
v -0.118946 -0.225585 -0.434033
v -0.112946 -0.213185 -0.436033
v -0.093146 -0.221685 -0.428933
v -0.099246 -0.233985 -0.426933
v -0.138946 -0.217085 -0.440033
v -0.133046 -0.204585 -0.442133
v -0.108146 -0.200285 -0.434033
v -0.088446 -0.208685 -0.426933
v -0.128146 -0.191785 -0.440033
v -0.159146 -0.208485 -0.445033
v -0.153446 -0.195985 -0.447133
v -0.148446 -0.183185 -0.445033
v -0.527246 -0.051485 -0.248733
v -0.520346 -0.039485 -0.247433
v -0.531446 -0.034785 -0.231933
v -0.538446 -0.046785 -0.233233
v -0.515446 -0.056585 -0.263633
v -0.508546 -0.044485 -0.262233
v -0.516446 -0.026185 -0.248733
v -0.527646 -0.021485 -0.233233
v -0.504646 -0.031285 -0.263633
v -0.548846 -0.042285 -0.217133
v -0.538046 -0.016985 -0.217133
v -0.541846 -0.030385 -0.215933
v -0.200246 -0.190885 -0.451633
v -0.194646 -0.178385 -0.453733
v -0.173946 -0.187185 -0.450933
v -0.179646 -0.199685 -0.448833
v -0.220946 -0.182085 -0.453233
v -0.215446 -0.169485 -0.455433
v -0.189446 -0.165685 -0.451633
v -0.168846 -0.174385 -0.448833
v -0.210146 -0.156785 -0.453233
v -0.241746 -0.173285 -0.453833
v -0.236346 -0.160585 -0.455933
v -0.230946 -0.147985 -0.453833
v -0.567446 -0.034385 -0.183333
v -0.560346 -0.022485 -0.182333
v -0.568446 -0.018985 -0.164733
v -0.575646 -0.030885 -0.165733
v -0.558546 -0.038185 -0.200433
v -0.551446 -0.026185 -0.199333
v -0.556746 -0.009085 -0.183333
v -0.564846 -0.005585 -0.165733
v -0.547746 -0.012885 -0.200433
v -0.582946 -0.027685 -0.147633
v -0.572246 -0.002485 -0.147633
v -0.575746 -0.015885 -0.146833
v -0.283146 -0.155585 -0.451633
v -0.277946 -0.142885 -0.453733
v -0.257146 -0.151685 -0.455433
v -0.262446 -0.164385 -0.453233
v -0.303746 -0.146785 -0.448833
v -0.298646 -0.133985 -0.450933
v -0.272346 -0.130285 -0.451633
v -0.251646 -0.139085 -0.453233
v -0.293046 -0.121485 -0.448833
v -0.324246 -0.138085 -0.445033
v -0.319246 -0.125285 -0.447133
v -0.313446 -0.112785 -0.445033
v -0.595246 -0.022485 -0.110533
v -0.587946 -0.010685 -0.109933
v -0.592746 -0.008685 -0.091033
v -0.600046 -0.020485 -0.091533
v -0.589546 -0.024985 -0.129233
v -0.582246 -0.013085 -0.128533
v -0.584446 0.002715 -0.110533
v -0.589246 0.004815 -0.091533
v -0.578746 0.000315 -0.129233
v -0.604046 -0.018785 -0.072333
v -0.593246 0.006515 -0.072333
v -0.596746 -0.006985 -0.071933
v -0.364546 -0.120885 -0.434033
v -0.359646 -0.107985 -0.436033
v -0.339546 -0.116585 -0.442133
v -0.344446 -0.129385 -0.440033
v -0.384246 -0.112485 -0.426933
v -0.379446 -0.099585 -0.428933
v -0.353746 -0.095585 -0.434033
v -0.333746 -0.104185 -0.440033
v -0.373446 -0.087185 -0.426933
v -0.403546 -0.104185 -0.418833
v -0.398946 -0.091285 -0.420833
v -0.392846 -0.078985 -0.418833
v -0.609346 -0.016485 -0.033333
v -0.601946 -0.004685 -0.033133
v -0.603346 -0.004085 -0.013633
v -0.610646 -0.015985 -0.013733
v -0.607146 -0.017485 -0.052933
v -0.599746 -0.005685 -0.052633
v -0.598546 0.008815 -0.033333
v -0.599846 0.009315 -0.013733
v -0.596346 0.007815 -0.052933
v -0.611146 -0.015785 0.005967
v -0.600346 0.009515 0.005967
v -0.603746 -0.003985 0.005967
v -0.441146 -0.088185 -0.399533
v -0.436646 -0.075185 -0.401433
v -0.418046 -0.083185 -0.411633
v -0.422546 -0.096185 -0.409633
v -0.459146 -0.080485 -0.388433
v -0.454746 -0.067485 -0.390233
v -0.430346 -0.062985 -0.399533
v -0.411746 -0.070885 -0.409633
v -0.448346 -0.055285 -0.388433
v -0.476746 -0.073085 -0.376333
v -0.472446 -0.059985 -0.378133
v -0.465946 -0.047785 -0.376333
v -0.609346 -0.016485 0.045367
v -0.601946 -0.004685 0.045167
v -0.599746 -0.005685 0.064567
v -0.607146 -0.017485 0.064967
v -0.610646 -0.015985 0.025667
v -0.603346 -0.004085 0.025567
v -0.598546 0.008815 0.045367
v -0.596346 0.007815 0.064967
v -0.599846 0.009315 0.025667
v -0.604046 -0.018785 0.084367
v -0.593246 0.006515 0.084367
v -0.596746 -0.006985 0.083967
v -0.510046 -0.058785 -0.349433
v -0.505946 -0.045685 -0.351133
v -0.489446 -0.052685 -0.365033
v -0.493646 -0.065785 -0.363333
v -0.525746 -0.052085 -0.334733
v -0.521746 -0.038885 -0.336333
v -0.499246 -0.033585 -0.349433
v -0.482946 -0.040485 -0.363333
v -0.515046 -0.026885 -0.334733
v -0.540846 -0.045685 -0.319133
v -0.536846 -0.032485 -0.320633
v -0.530046 -0.020485 -0.319133
v -0.595246 -0.022485 0.122567
v -0.587946 -0.010685 0.121967
v -0.582246 -0.013085 0.140567
v -0.589546 -0.024985 0.141267
v -0.600046 -0.020485 0.103567
v -0.592746 -0.008685 0.103067
v -0.584446 0.002715 0.122567
v -0.578746 0.000315 0.141267
v -0.589246 0.004815 0.103567
v -0.582946 -0.027685 0.159667
v -0.572246 -0.002485 0.159667
v -0.575746 -0.015885 0.158867
v -0.568646 -0.033885 -0.285733
v -0.564846 -0.020585 -0.287033
v -0.551146 -0.026385 -0.304233
v -0.555146 -0.039585 -0.302833
v -0.581446 -0.028385 -0.267933
v -0.577646 -0.015085 -0.269233
v -0.557946 -0.008585 -0.285733
v -0.544346 -0.014285 -0.302833
v -0.570646 -0.003085 -0.267933
v -0.593446 -0.023285 -0.249433
v -0.589646 -0.009985 -0.250633
v -0.582646 0.002015 -0.249433
v -0.567446 -0.034385 0.195267
v -0.560346 -0.022485 0.194267
v -0.551446 -0.026185 0.211367
v -0.558546 -0.038185 0.212467
v -0.575646 -0.030885 0.177667
v -0.568446 -0.018985 0.176767
v -0.556746 -0.009085 0.195267
v -0.547746 -0.012885 0.212467
v -0.564846 -0.005585 0.177667
v -0.548846 -0.042285 0.229067
v -0.538046 -0.016985 0.229067
v -0.541846 -0.030385 0.227967
v -0.205546 -0.188685 0.405667
v -0.200346 -0.175985 0.403567
v -0.182446 -0.183585 0.401167
v -0.187546 -0.196385 0.403267
v -0.223546 -0.180985 0.407067
v -0.218246 -0.168285 0.404967
v -0.194746 -0.163385 0.405667
v -0.176746 -0.171085 0.403267
v -0.212846 -0.155685 0.407067
v -0.169646 -0.203985 0.399867
v -0.158846 -0.178685 0.399867
v -0.164646 -0.191185 0.397767
v -0.614746 -0.014185 -0.210733
v -0.611146 -0.000785 -0.211733
v -0.600846 -0.005185 -0.231533
v -0.604546 -0.018585 -0.230433
v -0.624046 -0.010185 -0.190633
v -0.620446 0.003215 -0.191533
v -0.603946 0.011115 -0.210733
v -0.593746 0.006715 -0.230433
v -0.613346 0.015115 -0.190633
v -0.632546 -0.006585 -0.169933
v -0.628946 0.006815 -0.170733
v -0.621746 0.018615 -0.169933
v -0.527246 -0.051485 0.260767
v -0.520346 -0.039485 0.259367
v -0.508546 -0.044485 0.274267
v -0.515446 -0.056585 0.275667
v -0.538446 -0.046785 0.245267
v -0.531446 -0.034785 0.243967
v -0.516446 -0.026185 0.260767
v -0.504646 -0.031285 0.275667
v -0.527646 -0.021485 0.245267
v -0.502946 -0.061885 0.289967
v -0.492146 -0.036585 0.289967
v -0.496146 -0.049785 0.288467
v -0.134446 -0.218985 0.390267
v -0.129646 -0.206085 0.388267
v -0.112546 -0.213385 0.382067
v -0.117246 -0.226285 0.384067
v -0.151946 -0.211485 0.395567
v -0.147046 -0.198685 0.393467
v -0.123746 -0.193685 0.390267
v -0.106446 -0.200985 0.384067
v -0.141146 -0.186285 0.395567
v -0.100346 -0.233485 0.376967
v -0.089546 -0.208285 0.376967
v -0.095746 -0.220585 0.375067
v -0.646446 -0.000685 -0.127433
v -0.642946 0.012815 -0.128133
v -0.636446 0.010015 -0.149633
v -0.639946 -0.003485 -0.148933
v -0.652046 0.001715 -0.105733
v -0.648546 0.015115 -0.106233
v -0.635746 0.024615 -0.127433
v -0.629246 0.021815 -0.148933
v -0.641246 0.027015 -0.105733
v -0.656546 0.003615 -0.083733
v -0.653146 0.017115 -0.084133
v -0.645846 0.028915 -0.083733
v -0.476046 -0.073285 0.316467
v -0.469446 -0.061185 0.314767
v -0.455246 -0.067285 0.326867
v -0.461746 -0.079385 0.328567
v -0.489746 -0.067485 0.303567
v -0.483046 -0.055385 0.301967
v -0.465246 -0.048085 0.316467
v -0.450946 -0.054185 0.328567
v -0.479046 -0.042185 0.303567
v -0.446946 -0.085785 0.339867
v -0.436146 -0.060485 0.339867
v -0.440446 -0.073585 0.338167
v -0.067546 -0.247485 0.360167
v -0.063146 -0.234485 0.358267
v -0.047446 -0.241185 0.348667
v -0.051846 -0.254185 0.350467
v -0.083746 -0.240585 0.369067
v -0.079246 -0.227585 0.367067
v -0.056846 -0.222185 0.360167
v -0.041046 -0.228985 0.350467
v -0.072946 -0.215285 0.369067
v -0.036446 -0.260785 0.339867
v -0.025746 -0.235485 0.339867
v -0.032146 -0.247685 0.338167
v -0.662646 0.006215 -0.039033
v -0.659246 0.019715 -0.039233
v -0.656646 0.018615 -0.061733
v -0.660146 0.005115 -0.061433
v -0.664246 0.006915 -0.016533
v -0.660746 0.020315 -0.016633
v -0.651846 0.031515 -0.039033
v -0.649346 0.030415 -0.061433
v -0.653446 0.032215 -0.016533
v -0.664746 0.007115 0.005967
v -0.661246 0.020615 0.005967
v -0.653946 0.032415 0.005967
v -0.415846 -0.098985 0.360167
v -0.409546 -0.086785 0.358267
v -0.393446 -0.093585 0.367067
v -0.399646 -0.105885 0.369067
v -0.431646 -0.092285 0.350467
v -0.425246 -0.080085 0.348667
v -0.405046 -0.073685 0.360167
v -0.388846 -0.080585 0.369067
v -0.420846 -0.066985 0.350467
v -0.383046 -0.112985 0.376967
v -0.372346 -0.087685 0.376967
v -0.376946 -0.100685 0.375067
v -0.007346 -0.273185 0.316467
v -0.003246 -0.259985 0.314767
v 0.010454 -0.265785 0.301967
v 0.006354 -0.278985 0.303567
v -0.021646 -0.267085 0.328567
v -0.017446 -0.253885 0.326867
v 0.003454 -0.247885 0.316467
v 0.017154 -0.253785 0.303567
v -0.010846 -0.241785 0.328567
v 0.019454 -0.284585 0.289967
v 0.030254 -0.259385 0.289967
v 0.023454 -0.271385 0.288467
v -0.662646 0.006215 0.051067
v -0.659246 0.019715 0.051267
v -0.660746 0.020315 0.028667
v -0.664246 0.006915 0.028567
v -0.660146 0.005115 0.073467
v -0.656646 0.018615 0.073767
v -0.651846 0.031515 0.051067
v -0.653446 0.032215 0.028567
v -0.649346 0.030415 0.073467
v -0.348946 -0.127485 0.390267
v -0.342946 -0.115085 0.388267
v -0.325646 -0.122585 0.393467
v -0.331446 -0.134985 0.395567
v -0.366146 -0.120185 0.384067
v -0.360146 -0.107785 0.382067
v -0.338146 -0.102285 0.390267
v -0.320646 -0.109685 0.395567
v -0.355346 -0.094885 0.384067
v 0.043854 -0.294985 0.260767
v 0.047754 -0.281685 0.259367
v 0.058854 -0.286485 0.243967
v 0.054954 -0.299785 0.245267
v 0.031954 -0.289985 0.275667
v 0.035954 -0.276685 0.274267
v 0.054654 -0.269685 0.260767
v 0.065754 -0.274485 0.245267
v 0.042754 -0.264685 0.275667
v -0.436946 -1.170585 0.365967
v -0.506846 -1.170585 0.359067
v -0.574046 -1.170585 0.338667
v -0.635946 -1.170585 0.305567
v -0.690246 -1.170585 0.261066
v -0.734746 -1.170585 0.206767
v -0.767846 -1.170585 0.144867
v -0.788246 -1.170585 0.077667
v -0.795146 -1.170585 0.007767
v -0.788246 -1.170585 -0.062133
v -0.767846 -1.170585 -0.129233
v -0.734746 -1.170585 -0.191233
v -0.690246 -1.170585 -0.245433
v -0.635946 -1.170585 -0.290033
v -0.574046 -1.170585 -0.323133
v -0.506846 -1.170585 -0.343533
v -0.436946 -1.170585 -0.350333
v -0.367046 -1.170585 -0.343533
v -0.299946 -1.170585 -0.323133
v -0.237946 -1.170585 -0.290033
v -0.183746 -1.170585 -0.245433
v -0.139146 -1.170585 -0.191233
v -0.106046 -1.170585 -0.129233
v -0.085646 -1.170585 -0.062133
v -0.078846 -1.170585 0.007767
v -0.085646 -1.170585 0.077667
v -0.106046 -1.170585 0.144867
v -0.139146 -1.170585 0.206767
v -0.183746 -1.170585 0.261066
v -0.367046 -1.170585 0.359067
v -0.237946 -1.170585 0.305567
v -0.299946 -1.170585 0.338667
v -0.169246 -1.201485 0.275567
v -0.169246 -1.236285 0.275567
v -0.226646 -1.236285 0.322667
v -0.226646 -1.201485 0.322667
v -0.058346 -1.201485 0.007767
v -0.065546 -1.201485 -0.066133
v -0.808346 -1.201485 -0.066133
v -0.786846 -1.201485 -0.137133
v -0.087146 -1.201485 -0.137133
v -0.815646 -1.201485 0.007767
v -0.122146 -1.201485 -0.202633
v -0.808346 -1.201485 0.081667
v -0.169246 -1.201485 -0.259933
v -0.786846 -1.201485 0.152667
v -0.226646 -1.201485 -0.307033
v -0.751846 -1.201485 0.218167
v -0.292046 -1.201485 -0.342033
v -0.436946 -1.201485 0.386467
v -0.363046 -1.201485 0.379167
v -0.704746 -1.201485 0.275567
v -0.363046 -1.201485 -0.363633
v -0.292046 -1.201485 0.357567
v -0.647346 -1.201485 0.322667
v -0.436946 -1.201485 -0.370833
v -0.581846 -1.201485 0.357567
v -0.510846 -1.201485 -0.363633
v -0.510846 -1.201485 0.379167
v -0.581846 -1.201485 -0.342033
v -0.122146 -1.201485 0.218167
v -0.647346 -1.201485 -0.307033
v -0.087146 -1.201485 0.152667
v -0.704746 -1.201485 -0.259933
v -0.065546 -1.201485 0.081667
v -0.751846 -1.201485 -0.202633
v -0.363046 -1.236285 0.379167
v -0.292046 -1.236285 0.357567
v -0.122146 -1.236285 0.218167
v -0.087146 -1.236285 0.152667
v -0.065546 -1.236285 0.081667
v -0.058346 -1.236285 0.007767
v -0.065546 -1.236285 -0.066133
v -0.087146 -1.236285 -0.137133
v -0.122146 -1.236285 -0.202633
v -0.169246 -1.236285 -0.259933
v -0.226646 -1.236285 -0.307033
v -0.292046 -1.236285 -0.342033
v -0.363046 -1.236285 -0.363633
v -0.436946 -1.236285 -0.370833
v -0.510846 -1.236285 -0.363633
v -0.581846 -1.236285 -0.342033
v -0.647346 -1.236285 -0.307033
v -0.704746 -1.236285 -0.259933
v -0.751846 -1.236285 -0.202633
v -0.786846 -1.236285 -0.137133
v -0.808346 -1.236285 -0.066133
v -0.815646 -1.236285 0.007767
v -0.808346 -1.236285 0.081667
v -0.786846 -1.236285 0.152667
v -0.751846 -1.236285 0.218167
v -0.704746 -1.236285 0.275567
v -0.647346 -1.236285 0.322667
v -0.581846 -1.236285 0.357567
v -0.510846 -1.236285 0.379167
v -0.436946 -1.236285 0.386467
v -0.436346 -1.235185 0.383467
v -0.509946 -1.235185 0.376267
v -0.580746 -1.235185 0.354767
v -0.646046 -1.235185 0.319867
v -0.703246 -1.235185 0.272967
v -0.750146 -1.235185 0.215767
v -0.785046 -1.235185 0.150567
v -0.806446 -1.235185 0.079767
v -0.813746 -1.235185 0.006067
v -0.806446 -1.235185 -0.067533
v -0.785046 -1.235185 -0.138333
v -0.750146 -1.235185 -0.203533
v -0.703246 -1.235185 -0.260733
v -0.646046 -1.235185 -0.307633
v -0.580746 -1.235185 -0.342533
v -0.509946 -1.235185 -0.364033
v -0.436346 -1.235185 -0.371233
v -0.362746 -1.235185 -0.364033
v -0.291946 -1.235185 -0.342533
v -0.226746 -1.235185 -0.307633
v -0.169546 -1.235185 -0.260733
v -0.122546 -1.235185 -0.203533
v -0.087746 -1.235185 -0.138333
v -0.066246 -1.235185 -0.067533
v -0.058946 -1.235185 0.006067
v -0.066246 -1.235185 0.079767
v -0.087746 -1.235185 0.150567
v -0.122546 -1.235185 0.215767
v -0.169546 -1.235185 0.272967
v -0.362746 -1.235185 0.376267
v -0.226746 -1.235185 0.319867
v -0.291946 -1.235185 0.354767
v -0.343346 -1.414385 0.473767
v -0.253846 -1.414385 0.446667
v -0.171446 -1.414385 0.402567
v -0.099146 -1.414385 0.343267
v -0.039846 -1.414385 0.271066
v 0.004154 -1.414385 0.188567
v 0.031354 -1.414385 0.099167
v 0.040454 -1.414385 0.006067
v 0.031354 -1.414385 -0.086933
v 0.004154 -1.414385 -0.176333
v -0.039846 -1.414385 -0.258833
v -0.099146 -1.414385 -0.331133
v -0.171446 -1.414385 -0.390433
v -0.253846 -1.414385 -0.434433
v -0.343346 -1.414385 -0.461633
v -0.436346 -1.414385 -0.470733
v -0.529346 -1.414385 -0.461633
v -0.618846 -1.414385 -0.434433
v -0.701246 -1.414385 -0.390433
v -0.773546 -1.414385 -0.331133
v -0.832846 -1.414385 -0.258833
v -0.876946 -1.414385 -0.176333
v -0.904046 -1.414385 -0.086933
v -0.913246 -1.414385 0.006067
v -0.904046 -1.414385 0.099167
v -0.876946 -1.414385 0.188567
v -0.832846 -1.414385 0.271066
v -0.773546 -1.414385 0.343267
v -0.701246 -1.414385 0.402567
v -0.618846 -1.414385 0.446667
v -0.529346 -1.414385 0.473767
v -0.436346 -1.414385 0.482967
v -0.437646 -1.413085 0.485067
v -0.531146 -1.413085 0.475867
v -0.621046 -1.413085 0.448567
v -0.703946 -1.413085 0.404267
v -0.776546 -1.413085 0.344667
v -0.836146 -1.413085 0.272067
v -0.880446 -1.413085 0.189167
v -0.907746 -1.413085 0.099267
v -0.916946 -1.413085 0.005767
v -0.907746 -1.413085 -0.087733
v -0.880446 -1.413085 -0.177733
v -0.836146 -1.413085 -0.260533
v -0.776546 -1.413085 -0.333233
v -0.703946 -1.413085 -0.392833
v -0.621046 -1.413085 -0.437133
v -0.531146 -1.413085 -0.464433
v -0.437646 -1.413085 -0.473633
v -0.344046 -1.413085 -0.464433
v -0.254146 -1.413085 -0.437133
v -0.171346 -1.413085 -0.392833
v -0.098646 -1.413085 -0.333233
v -0.039046 -1.413085 -0.260533
v 0.005254 -1.413085 -0.177733
v 0.032554 -1.413085 -0.087733
v 0.041754 -1.413085 0.005767
v 0.032554 -1.413085 0.099267
v 0.005254 -1.413085 0.189167
v -0.039046 -1.413085 0.272067
v -0.098646 -1.413085 0.344667
v -0.344046 -1.413085 0.475867
v -0.171346 -1.413085 0.404267
v -0.254146 -1.413085 0.448567
v -0.942546 -1.434485 0.106167
v -0.942546 -1.535285 0.106167
v -0.952446 -1.535285 0.005767
v -0.952446 -1.434485 0.005767
v -0.634646 -1.434485 0.481367
v -0.723646 -1.434485 0.433867
v -0.538046 -1.434485 -0.499233
v -0.437646 -1.434485 -0.509133
v -0.073546 -1.434485 0.369767
v -0.151546 -1.434485 0.433867
v -0.538046 -1.434485 0.510667
v -0.634646 -1.434485 -0.469933
v -0.009546 -1.434485 0.291766
v -0.437646 -1.434485 0.520567
v -0.723646 -1.434485 -0.422333
v 0.038054 -1.434485 0.202767
v -0.801646 -1.434485 -0.358333
v 0.067354 -1.434485 0.106167
v -0.865646 -1.434485 -0.280333
v 0.077254 -1.434485 0.005767
v -0.913246 -1.434485 -0.191233
v 0.067354 -1.434485 -0.094733
v -0.942546 -1.434485 -0.094733
v 0.038054 -1.434485 -0.191233
v -0.009546 -1.434485 -0.280333
v -0.073546 -1.434485 -0.358333
v -0.913246 -1.434485 0.202767
v -0.151546 -1.434485 -0.422333
v -0.865646 -1.434485 0.291766
v -0.240546 -1.434485 -0.469933
v -0.337146 -1.434485 0.510667
v -0.801646 -1.434485 0.369767
v -0.337146 -1.434485 -0.499233
v -0.240546 -1.434485 0.481367
v -0.337146 -1.535285 0.510667
v -0.240546 -1.535285 0.481367
v -0.151546 -1.535285 0.433867
v -0.073546 -1.535285 0.369767
v -0.009546 -1.535285 0.291766
v 0.038054 -1.535285 0.202767
v 0.067354 -1.535285 0.106167
v 0.077254 -1.535285 0.005767
v 0.067354 -1.535285 -0.094733
v 0.038054 -1.535285 -0.191233
v -0.009546 -1.535285 -0.280333
v -0.073546 -1.535285 -0.358333
v -0.151546 -1.535285 -0.422333
v -0.240546 -1.535285 -0.469933
v -0.337146 -1.535285 -0.499233
v -0.437646 -1.535285 -0.509133
v -0.538046 -1.535285 -0.499233
v -0.634646 -1.535285 -0.469933
v -0.723646 -1.535285 -0.422333
v -0.801646 -1.535285 -0.358333
v -0.865646 -1.535285 -0.280333
v -0.913246 -1.535285 -0.191233
v -0.942546 -1.535285 -0.094733
v -0.913246 -1.535285 0.202767
v -0.865646 -1.535285 0.291766
v -0.801646 -1.535285 0.369767
v -0.723646 -1.535285 0.433867
v -0.634646 -1.535285 0.481367
v -0.538046 -1.535285 0.510667
v -0.437646 -1.535285 0.520567
v -0.885146 -1.462185 0.265867
v -0.889046 -1.462185 0.267366
v -0.889046 -1.536585 0.267366
v -0.885146 -1.536585 0.265867
v -0.893146 -1.462185 0.268066
v -0.893146 -1.536585 0.268066
v -0.897346 -1.462185 0.267967
v -0.897346 -1.536585 0.267967
v -0.901446 -1.462185 0.266967
v -0.901446 -1.536585 0.266967
v -0.905246 -1.462185 0.265266
v -0.905246 -1.536585 0.265266
v -0.908646 -1.536585 0.262866
v -0.908646 -1.462185 0.262866
v -0.911546 -1.536585 0.259767
v -0.911546 -1.462185 0.259767
v -0.913746 -1.462185 0.256267
v -0.913746 -1.536585 0.256267
v -0.915246 -1.536585 0.252367
v -0.915246 -1.462185 0.252367
v -0.915946 -1.536585 0.248167
v -0.915946 -1.462185 0.248167
v -0.915746 -1.536585 0.244067
v -0.915746 -1.462185 0.244067
v -0.914846 -1.462185 0.239967
v -0.914846 -1.536585 0.239967
v -0.913146 -1.536585 0.236167
v -0.913146 -1.462185 0.236167
v -0.910646 -1.536585 0.232767
v -0.910646 -1.462185 0.232767
v -0.907646 -1.536585 0.229867
v -0.907646 -1.462185 0.229867
v -0.904146 -1.536585 0.227667
v -0.904146 -1.462185 0.227667
v -0.900146 -1.536585 0.226167
v -0.900146 -1.462185 0.226167
v -0.896046 -1.536585 0.225467
v -0.896046 -1.462185 0.225467
v -0.891846 -1.536585 0.225567
v -0.891846 -1.462185 0.225567
v -0.887846 -1.462185 0.226567
v -0.887846 -1.536585 0.226567
v -0.883946 -1.462185 0.228267
v -0.883946 -1.536585 0.228267
v -0.880546 -1.536585 0.230667
v -0.880546 -1.462185 0.230667
v -0.877746 -1.536585 0.233667
v -0.877746 -1.462185 0.233667
v -0.875446 -1.462185 0.237267
v -0.875446 -1.536585 0.237267
v -0.874046 -1.462185 0.241167
v -0.874046 -1.536585 0.241167
v -0.873346 -1.536585 0.245267
v -0.873346 -1.462185 0.245267
v -0.873446 -1.462185 0.249466
v -0.873446 -1.536585 0.249466
v -0.874346 -1.536585 0.253567
v -0.874346 -1.462185 0.253567
v -0.876046 -1.536585 0.257366
v -0.876046 -1.462185 0.257366
v -0.878546 -1.462185 0.260767
v -0.878546 -1.536585 0.260767
v -0.905146 -1.443785 0.251966
v -0.906246 -1.443985 0.249367
v -0.881546 -1.462185 0.263667
v -0.881546 -1.536585 0.263667
v -0.895046 -1.447785 0.260667
v -0.880646 -1.436985 0.253567
v -0.880646 -1.434985 0.251467
v -0.897446 -1.446485 0.259866
v -0.896646 -1.456185 0.232467
v -0.898946 -1.454485 0.232767
v -0.882146 -1.460185 0.249767
v -0.882346 -1.460985 0.246967
v -0.899746 -1.445285 0.258466
v -0.904746 -1.449285 0.236567
v -0.905946 -1.447785 0.238667
v -0.885546 -1.461485 0.239067
v -0.887346 -1.460985 0.236867
v -0.888046 -1.452685 0.259967
v -0.890246 -1.450985 0.260767
v -0.886046 -1.454485 0.258766
v -0.906846 -1.444485 0.246567
v -0.894246 -1.457685 0.232867
v -0.882446 -1.458985 0.252367
v -0.901846 -1.444485 0.256666
v -0.903146 -1.450985 0.234767
v -0.884046 -1.461685 0.241467
v -0.892546 -1.449285 0.260967
v -0.907046 -1.445285 0.243767
v -0.891746 -1.458985 0.233667
v -0.883246 -1.457685 0.254867
v -0.903746 -1.443985 0.254467
v -0.901146 -1.452685 0.233467
v -0.882946 -1.461485 0.244167
v -0.906746 -1.446485 0.241067
v -0.889446 -1.460185 0.235067
v -0.884446 -1.456185 0.256967
v -0.881546 -1.441885 0.256467
v -0.882446 -1.444585 0.257267
v -0.883646 -1.447185 0.257566
v -0.885046 -1.449685 0.257267
v -0.886546 -1.452085 0.256467
v -0.888146 -1.454085 0.255266
v -0.889846 -1.455785 0.253567
v -0.891446 -1.457085 0.251566
v -0.893046 -1.457785 0.249167
v -0.894346 -1.458085 0.246667
v -0.895546 -1.457785 0.243967
v -0.896546 -1.457085 0.241367
v -0.897146 -1.455785 0.238867
v -0.897446 -1.454085 0.236467
v -0.897546 -1.452085 0.234467
v -0.897146 -1.449685 0.232767
v -0.896546 -1.447185 0.231567
v -0.895646 -1.444585 0.230767
v -0.894446 -1.441885 0.230467
v -0.893146 -1.439385 0.230767
v -0.891546 -1.436985 0.231567
v -0.889946 -1.434985 0.232767
v -0.888346 -1.433285 0.234467
v -0.886646 -1.431985 0.236467
v -0.885146 -1.431285 0.238867
v -0.883746 -1.430985 0.241367
v -0.882546 -1.431285 0.243967
v -0.881646 -1.431985 0.246667
v -0.881046 -1.433285 0.249167
v -0.880946 -1.439385 0.255266
v -0.926446 -1.462185 -0.192233
v -0.926446 -1.536585 -0.192233
v -0.923546 -1.536585 -0.189233
v -0.923546 -1.462185 -0.189233
v -0.928746 -1.536585 -0.195733
v -0.928746 -1.462185 -0.195733
v -0.930246 -1.462185 -0.199633
v -0.930246 -1.536585 -0.199633
v -0.931046 -1.536585 -0.203733
v -0.931046 -1.462185 -0.203733
v -0.930946 -1.462185 -0.207933
v -0.930946 -1.536585 -0.207933
v -0.930146 -1.536585 -0.212033
v -0.930146 -1.462185 -0.212033
v -0.928446 -1.536585 -0.215833
v -0.928446 -1.462185 -0.215833
v -0.926146 -1.462185 -0.219333
v -0.926146 -1.536585 -0.219333
v -0.923146 -1.536585 -0.222233
v -0.923146 -1.462185 -0.222233
v -0.919646 -1.462185 -0.224533
v -0.919646 -1.536585 -0.224533
v -0.915746 -1.462185 -0.226033
v -0.915746 -1.536585 -0.226033
v -0.911646 -1.536585 -0.226833
v -0.911646 -1.462185 -0.226833
v -0.907446 -1.462185 -0.226833
v -0.907446 -1.536585 -0.226833
v -0.903346 -1.462185 -0.225933
v -0.903346 -1.536585 -0.225933
v -0.899546 -1.536585 -0.224333
v -0.899546 -1.462185 -0.224333
v -0.896046 -1.462185 -0.221933
v -0.896046 -1.536585 -0.221933
v -0.893146 -1.462185 -0.218933
v -0.893146 -1.536585 -0.218933
v -0.890846 -1.536585 -0.215433
v -0.890846 -1.462185 -0.215433
v -0.889246 -1.536585 -0.211533
v -0.889246 -1.462185 -0.211533
v -0.888546 -1.462185 -0.207433
v -0.888546 -1.536585 -0.207433
v -0.888546 -1.536585 -0.203233
v -0.888546 -1.462185 -0.203233
v -0.889446 -1.462185 -0.199133
v -0.889446 -1.536585 -0.199133
v -0.891046 -1.462185 -0.195333
v -0.891046 -1.536585 -0.195333
v -0.893446 -1.536585 -0.191833
v -0.893446 -1.462185 -0.191833
v -0.896446 -1.536585 -0.188933
v -0.896446 -1.462185 -0.188933
v -0.899946 -1.462185 -0.186633
v -0.899946 -1.536585 -0.186633
v -0.903846 -1.536585 -0.185033
v -0.903846 -1.462185 -0.185033
v -0.907946 -1.462185 -0.184333
v -0.907946 -1.536585 -0.184333
v -0.912146 -1.462185 -0.184333
v -0.912146 -1.536585 -0.184333
v -0.916146 -1.536585 -0.185233
v -0.916146 -1.462185 -0.185233
v -0.916746 -1.443985 -0.215233
v -0.918846 -1.443785 -0.213133
v -0.920046 -1.462185 -0.186833
v -0.920046 -1.536585 -0.186833
v -0.922946 -1.446485 -0.202933
v -0.922746 -1.447785 -0.200333
v -0.910446 -1.436985 -0.190033
v -0.908546 -1.434985 -0.190933
v -0.897546 -1.456185 -0.213133
v -0.898646 -1.454485 -0.215233
v -0.907546 -1.460185 -0.192933
v -0.905046 -1.460985 -0.194233
v -0.922546 -1.445285 -0.205633
v -0.906946 -1.447785 -0.219233
v -0.904446 -1.449285 -0.218933
v -0.897746 -1.460985 -0.202933
v -0.899046 -1.461485 -0.200333
v -0.919246 -1.452685 -0.194233
v -0.920846 -1.450985 -0.195933
v -0.917346 -1.454485 -0.192933
v -0.914546 -1.444485 -0.216933
v -0.896846 -1.457685 -0.210733
v -0.910146 -1.458985 -0.192233
v -0.921746 -1.444485 -0.208233
v -0.902246 -1.450985 -0.218133
v -0.900746 -1.461685 -0.197933
v -0.922046 -1.449285 -0.198033
v -0.912046 -1.445285 -0.218233
v -0.896646 -1.458985 -0.208233
v -0.912646 -1.457685 -0.191933
v -0.920546 -1.443985 -0.210833
v -0.900246 -1.452685 -0.216933
v -0.902746 -1.461485 -0.195933
v -0.909446 -1.446485 -0.218933
v -0.896946 -1.460185 -0.205533
v -0.915146 -1.456185 -0.192233
v -0.915246 -1.447185 -0.191233
v -0.915546 -1.449685 -0.192633
v -0.915446 -1.452085 -0.194333
v -0.914946 -1.454085 -0.196333
v -0.914146 -1.455785 -0.198533
v -0.912846 -1.457085 -0.200833
v -0.911346 -1.457785 -0.203133
v -0.909546 -1.458085 -0.205433
v -0.907646 -1.457785 -0.207533
v -0.905646 -1.457085 -0.209433
v -0.903546 -1.455785 -0.211033
v -0.901546 -1.454085 -0.212333
v -0.899646 -1.452085 -0.213133
v -0.898046 -1.449685 -0.213533
v -0.896646 -1.447185 -0.213433
v -0.895546 -1.444585 -0.212933
v -0.894846 -1.441885 -0.211933
v -0.894546 -1.439385 -0.210633
v -0.894646 -1.436985 -0.208933
v -0.895146 -1.434985 -0.206933
v -0.895946 -1.433285 -0.204733
v -0.897246 -1.431985 -0.202433
v -0.898746 -1.431285 -0.200033
v -0.900546 -1.430985 -0.197833
v -0.902446 -1.431285 -0.195633
v -0.904446 -1.431985 -0.193733
v -0.906546 -1.433285 -0.192133
v -0.912046 -1.439385 -0.189633
v -0.914546 -1.444585 -0.190233
v -0.913446 -1.441885 -0.189733
v -0.958046 -1.462185 0.045967
v -0.958046 -1.536585 0.045967
v -0.953846 -1.536585 0.046267
v -0.953846 -1.462185 0.046267
v -0.962146 -1.536585 0.044967
v -0.962146 -1.462185 0.044967
v -0.965846 -1.462185 0.043167
v -0.965846 -1.536585 0.043167
v -0.969246 -1.462185 0.040567
v -0.969246 -1.536585 0.040567
v -0.971946 -1.536585 0.037467
v -0.971946 -1.462185 0.037467
v -0.974046 -1.462185 0.033867
v -0.974046 -1.536585 0.033867
v -0.975446 -1.462185 0.029867
v -0.975446 -1.536585 0.029867
v -0.976046 -1.536585 0.025767
v -0.976046 -1.462185 0.025767
v -0.975746 -1.462185 0.021567
v -0.975746 -1.536585 0.021567
v -0.974746 -1.462185 0.017567
v -0.974746 -1.536585 0.017567
v -0.972846 -1.536585 0.013767
v -0.972846 -1.462185 0.013767
v -0.970346 -1.462185 0.010467
v -0.970346 -1.536585 0.010467
v -0.967246 -1.462185 0.007667
v -0.967246 -1.536585 0.007667
v -0.963646 -1.536585 0.005567
v -0.963646 -1.462185 0.005567
v -0.959646 -1.536585 0.004167
v -0.959646 -1.462185 0.004167
v -0.955546 -1.462185 0.003567
v -0.955546 -1.536585 0.003567
v -0.951346 -1.536585 0.003867
v -0.951346 -1.462185 0.003867
v -0.947246 -1.536585 0.004967
v -0.947246 -1.462185 0.004967
v -0.943546 -1.462185 0.006767
v -0.943546 -1.536585 0.006767
v -0.940146 -1.536585 0.009267
v -0.940146 -1.462185 0.009267
v -0.937446 -1.462185 0.012367
v -0.937446 -1.536585 0.012367
v -0.935346 -1.462185 0.016067
v -0.935346 -1.536585 0.016067
v -0.933946 -1.536585 0.019967
v -0.933946 -1.462185 0.019967
v -0.933346 -1.536585 0.024167
v -0.933346 -1.462185 0.024167
v -0.933646 -1.462185 0.028267
v -0.933646 -1.536585 0.028267
v -0.934646 -1.536585 0.032367
v -0.934646 -1.462185 0.032367
v -0.936546 -1.462185 0.036067
v -0.936546 -1.536585 0.036067
v -0.939046 -1.462185 0.039467
v -0.939046 -1.536585 0.039467
v -0.942146 -1.536585 0.042267
v -0.942146 -1.462185 0.042267
v -0.945746 -1.462185 0.044367
v -0.945746 -1.536585 0.044367
v -0.966546 -1.443785 0.025367
v -0.966346 -1.443985 0.022467
v -0.949746 -1.462185 0.045667
v -0.949746 -1.536585 0.045667
v -0.960746 -1.447785 0.037467
v -0.944746 -1.436985 0.036867
v -0.943946 -1.434985 0.034967
v -0.962646 -1.446485 0.035667
v -0.950746 -1.456185 0.011067
v -0.952946 -1.454485 0.010367
v -0.944546 -1.460185 0.032767
v -0.943546 -1.460985 0.030167
v -0.964246 -1.445285 0.033567
v -0.961746 -1.447785 0.012867
v -0.959746 -1.449285 0.011467
v -0.944046 -1.460985 0.018867
v -0.943246 -1.461485 0.021567
v -0.956446 -1.450985 0.039567
v -0.954146 -1.452685 0.039767
v -0.951846 -1.454485 0.039367
v -0.965846 -1.444485 0.019667
v -0.948646 -1.457685 0.012367
v -0.945946 -1.458985 0.035067
v -0.965346 -1.444485 0.030967
v -0.957546 -1.450985 0.010567
v -0.942946 -1.461685 0.024467
v -0.958746 -1.449285 0.038767
v -0.964846 -1.445285 0.017067
v -0.946746 -1.458985 0.014167
v -0.947646 -1.457685 0.036967
v -0.966146 -1.443985 0.028267
v -0.955246 -1.452685 0.010167
v -0.943046 -1.461485 0.027367
v -0.963446 -1.446485 0.014767
v -0.945246 -1.460185 0.016367
v -0.949646 -1.456185 0.038467
v -0.946846 -1.441885 0.039167
v -0.947946 -1.444585 0.039467
v -0.949146 -1.447185 0.039267
v -0.950246 -1.449685 0.038467
v -0.951346 -1.452085 0.037167
v -0.952346 -1.454085 0.035267
v -0.953146 -1.455785 0.033067
v -0.953846 -1.457085 0.030567
v -0.954246 -1.457785 0.027767
v -0.954446 -1.458085 0.024967
v -0.954446 -1.457785 0.022067
v -0.954246 -1.457085 0.019267
v -0.953746 -1.455785 0.016667
v -0.953146 -1.454085 0.014367
v -0.952246 -1.452085 0.012567
v -0.951346 -1.449685 0.011167
v -0.950246 -1.447185 0.010267
v -0.949046 -1.444585 0.009967
v -0.947946 -1.441885 0.010167
v -0.946746 -1.439385 0.010967
v -0.945746 -1.436985 0.012267
v -0.944746 -1.434985 0.014067
v -0.943946 -1.433285 0.016267
v -0.943246 -1.431985 0.018867
v -0.942846 -1.431285 0.021567
v -0.942546 -1.430985 0.024467
v -0.942646 -1.431285 0.027367
v -0.942846 -1.431985 0.030167
v -0.943246 -1.433285 0.032767
v -0.945746 -1.439385 0.038267
vn -0.3933 -0.9194 -0.0001
vn -0.3933 -0.9194 -0.0000
vn -0.3934 -0.9194 0.0002
vn -0.3933 -0.9194 0.0001
vn -0.3935 -0.9193 0.0002
vn -0.3934 -0.9194 0.0001
vn -0.3934 -0.9194 -0.0000
vn -0.3934 -0.9194 -0.0001
vn -0.3935 -0.9193 -0.0000
vn -0.3935 -0.9193 -0.0001
vn -0.3930 -0.9195 -0.0001
vn -0.3931 -0.9195 -0.0000
vn -0.1217 0.9915 0.0461
vn -0.1218 0.9915 0.0461
vn -0.1217 0.9915 0.0460
vn -0.1216 0.9915 0.0461
vn -0.4570 0.1954 0.8677
vn -0.4570 0.1955 0.8677
vn -0.4570 0.1954 0.8678
vn -0.0965 0.0413 -0.9945
vn -0.0964 0.0411 -0.9945
vn -0.0965 0.0412 -0.9945
vn 0.7300 -0.3124 -0.6079
vn 0.7299 -0.3123 -0.6080
vn -0.2843 0.1217 0.9510
vn -0.2842 0.1216 0.9510
vn -0.2843 0.1216 0.9510
vn -0.2843 0.1216 -0.9510
vn -0.2842 0.1216 -0.9510
vn 0.6072 -0.2599 -0.7509
vn 0.6072 -0.2598 -0.7509
vn 0.6070 -0.2598 -0.7510
vn 0.6066 -0.2602 -0.7512
vn -0.0965 0.0413 0.9945
vn -0.0964 0.0414 0.9945
vn -0.0966 0.0413 0.9945
vn -0.4566 0.1956 -0.8679
vn -0.4570 0.1955 -0.8677
vn -0.4566 0.1955 -0.8679
vn 0.4570 -0.1955 -0.8677
vn 0.4569 -0.1952 -0.8678
vn 0.4570 -0.1954 -0.8678
vn 0.0964 -0.0413 0.9945
vn -0.6070 0.2595 -0.7512
vn 0.2843 -0.1216 -0.9510
vn 0.2842 -0.1216 -0.9510
vn 0.2843 -0.1216 0.9510
vn 0.2844 -0.1217 0.9510
vn 0.2845 -0.1218 0.9509
vn -0.7301 0.3121 -0.6079
vn 0.0964 -0.0413 -0.9945
vn 0.4569 -0.1952 0.8678
vn 0.4570 -0.1955 0.8677
vn 0.4571 -0.1951 0.8678
vn -0.8227 0.3524 -0.4461
vn -0.8229 0.3520 -0.4460
vn -0.8228 0.3520 -0.4462
vn -0.8228 0.3520 -0.4463
vn 0.6072 -0.2598 0.7509
vn -0.8846 0.3785 -0.2724
vn 0.7299 -0.3123 0.6080
vn 0.7299 -0.3123 0.6081
vn -0.9156 0.3916 -0.0915
vn -0.9156 0.3915 -0.0915
vn -0.9156 0.3917 -0.0915
vn 0.8227 -0.3520 0.4464
vn 0.8227 -0.3522 0.4462
vn 0.8227 -0.3521 0.4463
vn -0.9155 0.3917 0.0915
vn -0.9156 0.3916 0.0915
vn 0.8846 -0.3784 0.2724
vn 0.8847 -0.3783 0.2724
vn 0.8847 -0.3785 0.2723
vn 0.8847 -0.3785 0.2722
vn -0.8846 0.3785 0.2724
vn 0.9155 -0.3917 0.0916
vn 0.9155 -0.3917 0.0915
vn 0.9156 -0.3915 0.0919
vn -0.8227 0.3523 0.4461
vn -0.8228 0.3520 0.4462
vn -0.8228 0.3519 0.4463
vn -0.8228 0.3520 0.4463
vn 0.9156 -0.3915 -0.0918
vn 0.9155 -0.3918 -0.0914
vn 0.9155 -0.3916 -0.0916
vn 0.9155 -0.3917 -0.0915
vn -0.7301 0.3121 0.6079
vn 0.8846 -0.3785 -0.2724
vn 0.8846 -0.3785 -0.2723
vn -0.6070 0.2595 0.7512
vn -0.6072 0.2598 0.7509
vn 0.8227 -0.3520 -0.4464
vn 0.8227 -0.3517 -0.4466
vn -0.6235 -0.7524 0.2124
vn -0.6235 -0.7524 0.2123
vn 0.7842 0.6053 0.1365
vn 0.7844 0.6050 0.1368
vn 0.7845 0.6048 0.1369
vn -0.1042 0.9851 0.1368
vn 0.8011 0.5967 0.0461
vn 0.8012 0.5966 0.0461
vn 0.8011 0.5968 0.0461
vn -0.0695 0.9724 0.2226
vn 0.8012 0.5966 -0.0461
vn -0.0186 0.9535 0.3007
vn -0.0186 0.9536 0.3005
vn -0.0188 0.9536 0.3005
vn -0.0189 0.9536 0.3005
vn 0.7846 0.6048 -0.1368
vn 0.7844 0.6049 -0.1368
vn 0.7843 0.6051 -0.1369
vn 0.7845 0.6049 -0.1368
vn 0.0462 0.9289 0.3673
vn 0.0459 0.9289 0.3674
vn 0.0464 0.9290 0.3673
vn 0.0463 0.9289 0.3673
vn 0.7513 0.6213 -0.2226
vn 0.1221 0.8991 0.4205
vn 0.1227 0.8990 0.4204
vn 0.1223 0.8991 0.4204
vn 0.1224 0.8991 0.4203
vn 0.2991 0.8270 -0.4761
vn 0.2991 0.8269 -0.4761
vn 0.2991 0.8270 -0.4760
vn 0.7027 0.6450 -0.3003
vn 0.7027 0.6449 -0.3005
vn 0.7028 0.6448 -0.3005
vn 0.2079 0.8647 0.4573
vn 0.2082 0.8646 0.4573
vn 0.2077 0.8647 0.4573
vn 0.2082 0.8646 -0.4573
vn 0.2083 0.8646 -0.4573
vn 0.2082 0.8646 -0.4572
vn 0.2082 0.8647 -0.4572
vn 0.6402 0.6746 -0.3675
vn 0.6401 0.6747 -0.3674
vn 0.6397 0.6749 -0.3677
vn 0.6402 0.6747 -0.3674
vn 0.2991 0.8270 0.4761
vn 0.2991 0.8271 0.4759
vn 0.2991 0.8269 0.4762
vn 0.1227 0.8990 -0.4204
vn 0.1222 0.8992 -0.4201
vn 0.1226 0.8990 -0.4204
vn 0.1226 0.8990 -0.4205
vn 0.5655 0.7095 -0.4204
vn 0.5655 0.7096 -0.4204
vn 0.3915 0.7875 0.4760
vn 0.3915 0.7875 0.4761
vn 0.3915 0.7875 0.4759
vn 0.0463 0.9290 -0.3672
vn 0.0464 0.9291 -0.3670
vn 0.0463 0.9289 -0.3674
vn 0.0460 0.9289 -0.3674
vn 0.4816 0.7477 -0.4571
vn 0.4816 0.7478 -0.4571
vn 0.4816 0.7477 -0.4572
vn 0.4816 0.7476 0.4573
vn 0.4816 0.7477 0.4572
vn 0.4818 0.7478 0.4569
vn 0.4817 0.7477 0.4570
vn -0.0189 0.9536 -0.3006
vn -0.0188 0.9536 -0.3005
vn -0.0189 0.9536 -0.3005
vn 0.3915 0.7875 -0.4759
vn 0.3915 0.7875 -0.4760
vn 0.5655 0.7096 0.4204
vn 0.5655 0.7095 0.4204
vn 0.5656 0.7095 0.4204
vn -0.0696 0.9724 -0.2226
vn -0.0695 0.9724 -0.2226
vn -0.0696 0.9724 -0.2227
vn -0.0697 0.9724 -0.2226
vn 0.6401 0.6748 0.3673
vn 0.6401 0.6748 0.3674
vn -0.1042 0.9851 -0.1368
vn -0.1041 0.9851 -0.1368
vn 0.7028 0.6448 0.3005
vn 0.7027 0.6449 0.3005
vn 0.7027 0.6449 0.3004
vn -0.1218 0.9915 -0.0461
vn -0.1218 0.9915 -0.0460
vn 0.7513 0.6212 0.2227
vn 0.7513 0.6213 0.2226
vn 0.7514 0.6212 0.2227
vn -0.0526 -0.9939 -0.0970
vn -0.0528 -0.9939 -0.0969
vn -0.0529 -0.9939 -0.0969
vn -0.5787 -0.7732 0.2593
vn -0.5787 -0.7732 0.2592
vn -0.5787 -0.7734 0.2588
vn -0.5787 -0.7733 0.2590
vn -0.0775 -0.9844 -0.1577
vn -0.0776 -0.9844 -0.1576
vn -0.0776 -0.9845 -0.1576
vn -0.5257 -0.7974 0.2964
vn -0.5257 -0.7975 0.2962
vn -0.5257 -0.7974 0.2963
vn -0.5257 -0.7973 0.2965
vn -0.4027 -0.8518 -0.3351
vn -0.4028 -0.8518 -0.3349
vn -0.4029 -0.8518 -0.3348
vn -0.1134 -0.9706 -0.2125
vn -0.1131 -0.9706 -0.2125
vn -0.1135 -0.9706 -0.2124
vn -0.1136 -0.9706 -0.2124
vn -0.4664 -0.8239 0.3218
vn -0.4665 -0.8239 0.3219
vn -0.4663 -0.8240 0.3217
vn -0.4663 -0.8240 -0.3217
vn -0.4662 -0.8241 -0.3216
vn -0.1596 -0.9525 -0.2592
vn -0.1596 -0.9525 -0.2594
vn -0.1597 -0.9525 -0.2594
vn -0.4028 -0.8518 0.3349
vn -0.4032 -0.8517 0.3347
vn -0.4029 -0.8518 0.3349
vn -0.5257 -0.7974 -0.2964
vn -0.5257 -0.7974 -0.2963
vn -0.2139 -0.9309 -0.2961
vn -0.2138 -0.9309 -0.2962
vn -0.2140 -0.9309 -0.2961
vn -0.3379 -0.8796 0.3350
vn -0.3379 -0.8796 0.3348
vn -0.3381 -0.8796 0.3347
vn -0.3379 -0.8795 0.3350
vn -0.5787 -0.7733 -0.2592
vn -0.5788 -0.7731 -0.2593
vn -0.5787 -0.7732 -0.2592
vn -0.2740 -0.9063 -0.3217
vn -0.2740 -0.9063 -0.3218
vn -0.2741 -0.9063 0.3218
vn -0.2740 -0.9063 0.3217
vn -0.6235 -0.7524 -0.2123
vn -0.6235 -0.7524 -0.2124
vn -0.6235 -0.7524 -0.2122
vn -0.3380 -0.8796 -0.3347
vn -0.3379 -0.8797 -0.3346
vn -0.3381 -0.8796 -0.3347
vn -0.3379 -0.8796 -0.3348
vn -0.2138 -0.9309 0.2962
vn -0.6585 -0.7359 -0.1576
vn -0.6586 -0.7358 -0.1576
vn -0.1596 -0.9525 0.2592
vn -0.1596 -0.9525 0.2593
vn -0.6825 -0.7245 -0.0966
vn -0.6825 -0.7245 -0.0968
vn -0.6825 -0.7245 -0.0969
vn -0.6824 -0.7245 -0.0969
vn -0.1135 -0.9706 0.2124
vn -0.1136 -0.9706 0.2124
vn -0.6946 -0.7187 -0.0327
vn -0.6946 -0.7186 -0.0327
vn -0.6945 -0.7187 -0.0327
vn -0.0776 -0.9844 0.1576
vn -0.0777 -0.9844 0.1576
vn -0.0775 -0.9845 0.1576
vn -0.6946 -0.7186 0.0327
vn -0.6946 -0.7187 0.0327
vn -0.6945 -0.7187 0.0327
vn -0.0528 -0.9939 0.0969
vn -0.6824 -0.7245 0.0969
vn -0.6824 -0.7246 0.0967
vn -0.6828 -0.7241 0.0972
vn -0.0402 -0.9987 0.0327
vn -0.0406 -0.9986 0.0329
vn -0.6585 -0.7359 0.1576
vn -0.0402 -0.9987 -0.0327
vn -0.0402 -0.9987 -0.0328
vn 0.4813 0.7504 0.4530
vn 0.4813 0.7505 0.4530
vn 0.4814 0.7503 0.4530
vn 0.4815 0.7502 0.4531
vn 0.6073 -0.2597 -0.7508
vn 0.6071 -0.2598 -0.7510
vn 0.6072 -0.2597 -0.7509
vn 0.6076 -0.2596 -0.7506
vn -0.0963 0.0412 0.9945
vn -0.0962 0.0412 0.9945
vn -0.0968 0.0413 0.9944
vn -0.4568 0.1953 -0.8679
vn -0.4569 0.1954 -0.8678
vn -0.4566 0.1953 -0.8680
vn 0.4565 -0.1952 -0.8680
vn 0.4568 -0.1954 -0.8679
vn 0.4567 -0.1951 -0.8680
vn 0.0963 -0.0413 0.9945
vn 0.0962 -0.0413 0.9945
vn 0.0962 -0.0412 0.9945
vn -0.6076 0.2596 -0.7506
vn -0.6072 0.2598 -0.7509
vn 0.2844 -0.1217 -0.9510
vn 0.2842 -0.1216 0.9510
vn 0.2844 -0.1216 0.9510
vn -0.7300 0.3121 -0.6081
vn -0.7300 0.3123 -0.6079
vn -0.7299 0.3119 -0.6083
vn 0.0965 -0.0413 -0.9945
vn 0.0962 -0.0413 -0.9945
vn 0.0963 -0.0413 -0.9945
vn 0.0962 -0.0412 -0.9945
vn 0.4568 -0.1953 0.8679
vn 0.4567 -0.1952 0.8679
vn 0.4569 -0.1954 0.8678
vn -0.8225 0.3522 -0.4465
vn -0.8227 0.3521 -0.4463
vn -0.8227 0.3520 -0.4465
vn -0.8845 0.3788 -0.2723
vn -0.8846 0.3785 -0.2723
vn -0.8845 0.3787 -0.2723
vn -0.8846 0.3788 -0.2722
vn 0.7300 -0.3121 0.6081
vn 0.7300 -0.3123 0.6079
vn 0.7299 -0.3121 0.6081
vn 0.7299 -0.3125 0.6080
vn -0.9155 0.3917 -0.0915
vn 0.8225 -0.3522 0.4465
vn 0.8228 -0.3521 0.4461
vn 0.8846 -0.3785 0.2724
vn 0.8845 -0.3787 0.2723
vn 0.8846 -0.3785 0.2723
vn -0.8847 0.3785 0.2722
vn -0.8847 0.3785 0.2720
vn -0.8845 0.3787 0.2723
vn -0.8843 0.3790 0.2726
vn -0.8225 0.3522 0.4465
vn -0.8227 0.3520 0.4465
vn -0.8227 0.3521 0.4463
vn -0.7300 0.3121 0.6081
vn -0.7298 0.3122 0.6083
vn -0.7299 0.3121 0.6081
vn -0.7301 0.3120 0.6079
vn 0.8846 -0.3784 -0.2724
vn 0.8847 -0.3785 -0.2720
vn 0.8845 -0.3788 -0.2723
vn -0.6076 0.2596 0.7506
vn 0.8228 -0.3520 -0.4463
vn 0.8228 -0.3520 -0.4462
vn 0.8229 -0.3519 -0.4462
vn -0.4565 0.1952 0.8680
vn -0.4568 0.1953 0.8679
vn -0.4569 0.1954 0.8678
vn -0.4566 0.1953 0.8680
vn -0.0968 0.0414 -0.9944
vn -0.0968 0.0413 -0.9944
vn 0.7301 -0.3123 -0.6077
vn 0.7301 -0.3120 -0.6079
vn 0.7301 -0.3122 -0.6078
vn 0.0842 -0.9362 0.3413
vn 0.0844 -0.9362 0.3413
vn 0.0843 -0.9362 0.3413
vn -0.0144 0.9545 -0.2978
vn -0.0145 0.9545 -0.2980
vn -0.0144 0.9546 -0.2976
vn -0.0146 0.9545 -0.2978
vn 0.3918 0.7898 -0.4720
vn 0.3921 0.7898 -0.4717
vn 0.5644 0.7127 0.4165
vn 0.5643 0.7127 0.4166
vn 0.5645 0.7127 0.4164
vn -0.0648 0.9732 -0.2205
vn -0.0646 0.9732 -0.2208
vn -0.0647 0.9732 -0.2208
vn -0.0648 0.9733 -0.2203
vn 0.6383 0.6783 0.3641
vn 0.6383 0.6783 0.3639
vn 0.6384 0.6783 0.3639
vn 0.6384 0.6782 0.3641
vn -0.0990 0.9858 -0.1357
vn -0.0991 0.9858 -0.1356
vn -0.0991 0.9858 -0.1355
vn -0.0990 0.9858 -0.1356
vn 0.7005 0.6486 0.2978
vn 0.7004 0.6486 0.2978
vn -0.1166 0.9921 -0.0459
vn -0.1165 0.9921 -0.0459
vn 0.7486 0.6252 0.2206
vn -0.1166 0.9921 0.0456
vn -0.1165 0.9921 0.0459
vn -0.1165 0.9921 0.0456
vn -0.1166 0.9921 0.0453
vn 0.7815 0.6091 0.1355
vn 0.7815 0.6090 0.1356
vn 0.7814 0.6091 0.1355
vn -0.0990 0.9858 0.1355
vn -0.0991 0.9858 0.1353
vn -0.0991 0.9858 0.1354
vn -0.0990 0.9858 0.1356
vn 0.7982 0.6007 0.0457
vn 0.7981 0.6008 0.0457
vn -0.0647 0.9732 0.2208
vn -0.0649 0.9732 0.2205
vn -0.0648 0.9732 0.2207
vn -0.0648 0.9732 0.2206
vn 0.7982 0.6007 -0.0456
vn 0.7981 0.6008 -0.0457
vn -0.0146 0.9545 0.2979
vn -0.0146 0.9545 0.2978
vn -0.0145 0.9546 0.2977
vn -0.0144 0.9545 0.2980
vn 0.7814 0.6091 -0.1355
vn 0.7814 0.6091 -0.1356
vn 0.7815 0.6091 -0.1356
vn 0.0497 0.9301 0.3640
vn 0.0501 0.9301 0.3639
vn 0.7486 0.6253 -0.2205
vn 0.7486 0.6252 -0.2205
vn 0.7486 0.6253 -0.2206
vn 0.7486 0.6252 -0.2206
vn 0.1259 0.9004 0.4165
vn 0.1257 0.9004 0.4165
vn 0.1258 0.9004 0.4165
vn 0.3006 0.8289 -0.4717
vn 0.3005 0.8290 -0.4717
vn 0.3006 0.8290 -0.4717
vn 0.3010 0.8287 -0.4719
vn 0.7004 0.6487 -0.2977
vn 0.7004 0.6486 -0.2978
vn 0.7005 0.6486 -0.2977
vn 0.7004 0.6487 -0.2976
vn 0.2105 0.8663 0.4531
vn 0.2105 0.8663 0.4530
vn 0.2106 0.8663 0.4530
vn 0.2107 0.8662 -0.4532
vn 0.2105 0.8664 -0.4529
vn 0.2105 0.8662 -0.4531
vn 0.2105 0.8663 -0.4530
vn 0.6383 0.6782 -0.3642
vn 0.6385 0.6780 -0.3642
vn 0.6382 0.6783 -0.3641
vn 0.6384 0.6782 -0.3640
vn 0.3005 0.8290 0.4717
vn 0.1258 0.9004 -0.4165
vn 0.1259 0.9004 -0.4165
vn 0.1257 0.9004 -0.4165
vn 0.5644 0.7127 -0.4165
vn 0.5643 0.7127 -0.4167
vn 0.5643 0.7127 -0.4166
vn 0.3918 0.7898 0.4720
vn 0.3917 0.7898 0.4720
vn 0.3918 0.7898 0.4719
vn 0.0497 0.9301 -0.3640
vn 0.0501 0.9301 -0.3639
vn 0.4812 0.7505 -0.4530
vn 0.4813 0.7504 -0.4530
vn 0.4810 0.7506 -0.4530
vn 0.9156 -0.3916 0.0915
vn 0.9156 -0.3915 0.0914
vn -0.8459 -0.5307 -0.0523
vn -0.8458 -0.5310 -0.0522
vn -0.8458 -0.5309 -0.0523
vn -0.8460 -0.5307 -0.0523
vn 0.1415 -0.9572 0.2526
vn 0.1414 -0.9572 0.2525
vn 0.1415 -0.9572 0.2527
vn -0.8459 -0.5308 0.0523
vn -0.8458 -0.5309 0.0523
vn -0.8460 -0.5307 0.0523
vn 0.1807 -0.9712 0.1550
vn 0.1803 -0.9713 0.1551
vn 0.1806 -0.9712 0.1552
vn 0.1807 -0.9712 0.1551
vn -0.8272 -0.5401 0.1551
vn -0.8271 -0.5402 0.1551
vn 0.2008 -0.9782 0.0526
vn 0.2008 -0.9782 0.0527
vn 0.2009 -0.9782 0.0526
vn -0.7900 -0.5586 0.2527
vn -0.7901 -0.5585 0.2527
vn -0.7901 -0.5585 0.2525
vn 0.2009 -0.9782 -0.0526
vn 0.2006 -0.9783 -0.0525
vn 0.2008 -0.9782 -0.0526
vn 0.2008 -0.9782 -0.0525
vn -0.7354 -0.5853 0.3414
vn -0.7353 -0.5855 0.3413
vn -0.7353 -0.5857 0.3411
vn -0.7354 -0.5853 0.3413
vn 0.1805 -0.9712 -0.1554
vn 0.1805 -0.9713 -0.1551
vn 0.1803 -0.9713 -0.1551
vn -0.6646 -0.6194 0.4179
vn -0.6646 -0.6194 0.4178
vn -0.6646 -0.6195 0.4177
vn 0.1415 -0.9571 -0.2527
vn 0.1415 -0.9572 -0.2525
vn 0.1415 -0.9572 -0.2526
vn 0.1415 -0.9571 -0.2528
vn -0.5801 -0.6593 0.4783
vn -0.5798 -0.6593 0.4788
vn -0.5801 -0.6593 0.4784
vn -0.3823 -0.7481 -0.5424
vn -0.3823 -0.7481 -0.5423
vn -0.3823 -0.7481 -0.5425
vn 0.0842 -0.9362 -0.3413
vn 0.0841 -0.9361 -0.3415
vn 0.0843 -0.9362 -0.3413
vn -0.4848 -0.7028 0.5207
vn -0.4847 -0.7028 -0.5207
vn -0.4848 -0.7029 -0.5205
vn -0.4848 -0.7028 -0.5206
vn -0.4848 -0.7027 -0.5207
vn 0.0108 -0.9084 -0.4179
vn 0.0106 -0.9084 -0.4179
vn 0.0107 -0.9084 -0.4179
vn 0.0108 -0.9085 -0.4177
vn -0.3823 -0.7481 0.5424
vn -0.3823 -0.7481 0.5423
vn -0.5800 -0.6593 -0.4785
vn -0.5801 -0.6592 -0.4784
vn -0.5800 -0.6593 -0.4784
vn -0.0763 -0.8748 -0.4784
vn -0.0762 -0.8748 -0.4784
vn -0.2770 -0.7931 0.5424
vn -0.2771 -0.7932 0.5423
vn -0.2772 -0.7932 0.5422
vn -0.6646 -0.6196 -0.4176
vn -0.6646 -0.6196 -0.4177
vn -0.6646 -0.6195 -0.4177
vn -0.1735 -0.8359 -0.5207
vn -0.1737 -0.8360 0.5206
vn -0.1737 -0.8360 0.5205
vn -0.1738 -0.8360 0.5205
vn -0.7354 -0.5853 -0.3414
vn -0.7352 -0.5856 -0.3413
vn -0.7354 -0.5854 -0.3414
vn -0.2770 -0.7931 -0.5424
vn -0.2771 -0.7932 -0.5423
vn -0.2772 -0.7932 -0.5422
vn -0.2769 -0.7932 -0.5424
vn -0.0762 -0.8748 0.4785
vn -0.0762 -0.8748 0.4784
vn -0.7899 -0.5588 -0.2526
vn -0.7899 -0.5587 -0.2527
vn -0.7899 -0.5590 -0.2523
vn 0.0108 -0.9084 0.4179
vn 0.0110 -0.9084 0.4180
vn 0.0107 -0.9084 0.4179
vn 0.0106 -0.9084 0.4179
vn -0.8272 -0.5401 -0.1551
vn 0.7937 0.5491 -0.2618
vn 0.7937 0.5493 -0.2614
vn -0.8226 0.3521 0.4464
vn -0.8227 0.3520 0.4463
vn 0.9155 -0.3918 -0.0915
vn 0.9156 -0.3916 -0.0915
vn 0.9155 -0.3918 -0.0916
vn -0.7300 0.3125 0.6079
vn -0.7299 0.3122 0.6081
vn -0.7300 0.3124 0.6079
vn -0.7299 0.3124 0.6080
vn 0.8227 -0.3520 -0.4463
vn 0.8227 -0.3521 -0.4464
vn 0.8227 -0.3521 -0.4463
vn -0.4571 0.1956 0.8677
vn -0.4570 0.1957 0.8677
vn -0.4571 0.1956 0.8676
vn -0.4571 0.1955 0.8677
vn 0.7299 -0.3121 -0.6081
vn 0.7299 -0.3124 -0.6080
vn -0.2843 0.1220 0.9509
vn -0.2842 0.1215 0.9510
vn -0.2843 0.1220 -0.9509
vn 0.6070 -0.2597 -0.7510
vn 0.6071 -0.2597 -0.7510
vn 0.6070 -0.2596 -0.7511
vn -0.0964 0.0412 0.9945
vn -0.4570 0.1956 -0.8677
vn -0.4571 0.1956 -0.8677
vn -0.4569 0.1957 -0.8678
vn 0.4571 -0.1955 -0.8677
vn 0.4571 -0.1956 -0.8677
vn 0.0966 -0.0414 0.9945
vn 0.0964 -0.0412 0.9945
vn 0.0965 -0.0413 0.9945
vn 0.2844 -0.1218 -0.9509
vn 0.2842 -0.1215 -0.9510
vn 0.2844 -0.1218 0.9509
vn -0.7300 0.3124 -0.6079
vn -0.7299 0.3124 -0.6080
vn -0.7298 0.3122 -0.6082
vn -0.7299 0.3122 -0.6081
vn 0.0966 -0.0413 -0.9945
vn 0.4571 -0.1955 0.8677
vn 0.4572 -0.1955 0.8676
vn -0.8227 0.3520 -0.4463
vn -0.8229 0.3519 -0.4462
vn 0.6072 -0.2599 0.7508
vn 0.6067 -0.2594 0.7514
vn 0.6071 -0.2597 0.7510
vn 0.6074 -0.2599 0.7507
vn -0.8845 0.3789 -0.2722
vn 0.7300 -0.3124 0.6079
vn -0.9156 0.3915 -0.0914
vn 0.8227 -0.3520 0.4463
vn 0.8228 -0.3519 0.4463
vn -0.9156 0.3915 0.0914
vn -0.8845 0.3789 0.2722
vn -0.8846 0.3784 0.2725
vn 0.0605 -0.9911 0.1182
vn 0.0606 -0.9911 0.1184
vn 0.0604 -0.9911 0.1185
vn 0.1661 0.9238 0.3449
vn 0.2969 0.8454 -0.4441
vn 0.2969 0.8454 -0.4440
vn 0.2968 0.8454 -0.4440
vn 0.7313 0.5873 -0.3468
vn 0.7313 0.5873 -0.3469
vn 0.2244 0.8884 0.4004
vn 0.2245 0.8884 0.4004
vn 0.2244 0.8884 -0.4004
vn 0.6536 0.6344 -0.4128
vn 0.2972 0.8451 0.4444
vn 0.2969 0.8454 0.4440
vn 0.1661 0.9238 -0.3449
vn 0.5653 0.6872 -0.4563
vn 0.3810 0.7960 0.4704
vn 0.1223 0.9514 -0.2825
vn 0.4725 0.7423 -0.4752
vn 0.4723 0.7422 -0.4754
vn 0.4723 0.7423 -0.4754
vn 0.4723 0.7422 0.4755
vn 0.4723 0.7422 0.4754
vn 0.4724 0.7422 0.4753
vn 0.0919 0.9717 -0.2176
vn 0.0919 0.9717 -0.2177
vn 0.0919 0.9717 -0.2178
vn 0.3810 0.7960 -0.4703
vn 0.3810 0.7960 -0.4704
vn 0.5653 0.6872 0.4563
vn 0.0725 0.9855 -0.1533
vn 0.0725 0.9855 -0.1534
vn 0.6536 0.6344 0.4128
vn 0.0615 0.9940 -0.0908
vn 0.7313 0.5873 0.3467
vn 0.7313 0.5873 0.3468
vn 0.0566 0.9979 -0.0300
vn 0.7937 0.5493 0.2614
vn 0.7937 0.5491 0.2618
vn 0.7936 0.5492 0.2618
vn 0.0566 0.9979 0.0300
vn 0.0565 0.9979 0.0300
vn 0.8371 0.5223 0.1627
vn 0.8371 0.5223 0.1628
vn 0.0615 0.9940 0.0908
vn 0.0614 0.9940 0.0907
vn 0.8592 0.5087 0.0554
vn 0.8593 0.5085 0.0554
vn 0.8591 0.5088 0.0554
vn 0.8593 0.5085 0.0552
vn 0.0725 0.9855 0.1534
vn 0.0726 0.9855 0.1534
vn 0.8594 0.5083 -0.0551
vn 0.8595 0.5082 -0.0549
vn 0.8594 0.5083 -0.0550
vn 0.8593 0.5085 -0.0552
vn 0.0918 0.9717 0.2177
vn 0.0919 0.9717 0.2177
vn 0.8371 0.5223 -0.1628
vn 0.8371 0.5222 -0.1628
vn 0.1223 0.9514 0.2826
vn 0.1223 0.9514 0.2825
vn 0.9155 -0.2968 -0.2716
vn 0.9155 -0.2969 -0.2716
vn 0.9155 -0.2967 -0.2717
vn -0.7042 -0.7009 0.1133
vn -0.7042 -0.7010 0.1131
vn -0.7043 -0.7008 0.1135
vn 0.0766 -0.9963 0.0401
vn 0.0763 -0.9963 0.0399
vn 0.0763 -0.9963 0.0400
vn 0.0764 -0.9963 0.0399
vn -0.6763 -0.7132 0.1842
vn -0.6765 -0.7130 0.1842
vn -0.6767 -0.7128 0.1841
vn -0.6764 -0.7131 0.1842
vn 0.0761 -0.9963 -0.0400
vn 0.0764 -0.9963 -0.0399
vn -0.6360 -0.7305 0.2488
vn -0.6359 -0.7305 0.2491
vn -0.6359 -0.7305 0.2490
vn -0.6359 -0.7305 0.2489
vn 0.0600 -0.9912 -0.1180
vn 0.0605 -0.9911 -0.1182
vn 0.0604 -0.9911 -0.1185
vn -0.5835 -0.7526 0.3052
vn -0.5835 -0.7525 0.3054
vn -0.5835 -0.7526 0.3051
vn 0.0293 -0.9810 -0.1920
vn -0.5210 -0.7783 0.3505
vn -0.5208 -0.7786 0.3501
vn -0.5210 -0.7783 0.3504
vn -0.5211 -0.7783 0.3502
vn -0.3735 -0.8370 -0.3998
vn -0.3735 -0.8371 -0.3997
vn -0.3734 -0.8371 -0.3997
vn -0.0161 -0.9659 -0.2583
vn -0.0160 -0.9659 -0.2583
vn -0.0161 -0.9659 -0.2584
vn -0.4502 -0.8070 0.3822
vn -0.4501 -0.8071 0.3821
vn -0.4504 -0.8070 0.3820
vn -0.4502 -0.8069 0.3823
vn -0.4499 -0.8071 -0.3822
vn -0.4501 -0.8070 -0.3823
vn -0.4500 -0.8072 -0.3822
vn -0.4499 -0.8072 -0.3822
vn -0.0739 -0.9464 -0.3145
vn -0.0741 -0.9463 -0.3146
vn -0.0737 -0.9463 -0.3147
vn -0.0734 -0.9464 -0.3146
vn -0.3734 -0.8371 0.3997
vn -0.3732 -0.8371 0.3999
vn -0.3734 -0.8370 0.4000
vn -0.3740 -0.8371 0.3993
vn -0.5207 -0.7786 -0.3503
vn -0.5212 -0.7781 -0.3505
vn -0.5208 -0.7785 -0.3503
vn -0.5208 -0.7785 -0.3504
vn -0.1413 -0.9230 -0.3580
vn -0.1413 -0.9230 -0.3579
vn -0.1412 -0.9229 -0.3581
vn -0.2942 -0.8672 0.4017
vn -0.2943 -0.8672 0.4016
vn -0.2943 -0.8672 0.4017
vn -0.2943 -0.8673 0.4016
vn -0.5834 -0.7526 -0.3054
vn -0.5835 -0.7526 -0.3052
vn -0.5833 -0.7526 -0.3055
vn -0.2158 -0.8962 -0.3876
vn -0.2158 -0.8963 -0.3875
vn -0.2158 -0.8962 0.3876
vn -0.2157 -0.8962 0.3876
vn -0.6360 -0.7304 -0.2489
vn -0.6359 -0.7305 -0.2491
vn -0.6359 -0.7307 -0.2486
vn -0.2942 -0.8673 -0.4016
vn -0.2943 -0.8672 -0.4016
vn -0.2942 -0.8674 -0.4014
vn -0.1411 -0.9229 0.3583
vn -0.1409 -0.9229 0.3584
vn -0.1411 -0.9229 0.3582
vn -0.1412 -0.9229 0.3583
vn -0.6767 -0.7128 -0.1841
vn -0.6765 -0.7130 -0.1842
vn -0.6763 -0.7132 -0.1842
vn -0.0735 -0.9463 0.3147
vn -0.0734 -0.9464 0.3146
vn -0.0737 -0.9463 0.3147
vn -0.0737 -0.9464 0.3144
vn -0.7042 -0.7010 -0.1131
vn -0.7042 -0.7009 -0.1132
vn -0.0161 -0.9659 0.2585
vn -0.0160 -0.9659 0.2585
vn -0.0160 -0.9659 0.2583
vn -0.7181 -0.6949 -0.0381
vn -0.7182 -0.6948 -0.0380
vn -0.7180 -0.6950 -0.0382
vn 0.0293 -0.9810 0.1920
vn -0.7181 -0.6949 0.0381
vn -0.7182 -0.6948 0.0380
vn 0.6442 0.6293 -0.4347
vn 0.6444 0.6291 -0.4347
vn 0.6443 0.6292 -0.4347
vn -0.6292 0.2038 0.7500
vn -0.6292 0.2037 0.7501
vn -0.6293 0.2039 0.7500
vn 0.8518 -0.2761 -0.4451
vn 0.8517 -0.2760 -0.4454
vn 0.8516 -0.2762 -0.4454
vn -0.4738 0.1537 0.8671
vn -0.4738 0.1536 0.8671
vn -0.1003 0.0325 -0.9944
vn -0.1003 0.0326 -0.9944
vn -0.1004 0.0325 -0.9944
vn 0.7559 -0.2451 -0.6071
vn 0.7560 -0.2451 -0.6069
vn 0.7559 -0.2450 -0.6071
vn 0.7560 -0.2450 -0.6070
vn -0.2949 0.0957 0.9507
vn -0.2948 0.0956 0.9508
vn -0.2950 0.0958 -0.9507
vn -0.2946 0.0956 -0.9508
vn -0.2949 0.0957 -0.9507
vn -0.2953 0.0960 -0.9506
vn 0.6292 -0.2039 -0.7500
vn 0.6292 -0.2041 -0.7500
vn -0.1003 0.0325 0.9944
vn -0.1003 0.0326 0.9944
vn -0.1004 0.0325 0.9944
vn -0.4738 0.1537 -0.8671
vn -0.4739 0.1537 -0.8671
vn 0.4738 -0.1537 -0.8671
vn 0.4738 -0.1536 -0.8671
vn 0.1003 -0.0325 0.9944
vn 0.1003 -0.0326 0.9944
vn 0.1004 -0.0325 0.9944
vn -0.6292 0.2039 -0.7500
vn 0.2951 -0.0957 -0.9506
vn 0.2948 -0.0956 -0.9508
vn 0.2951 -0.0957 -0.9507
vn 0.2952 -0.0958 -0.9506
vn 0.2951 -0.0957 0.9507
vn 0.2948 -0.0956 0.9508
vn -0.7560 0.2453 -0.6068
vn -0.7560 0.2454 -0.6068
vn -0.7561 0.2456 -0.6067
vn -0.7560 0.2452 -0.6069
vn 0.1003 -0.0325 -0.9944
vn 0.1004 -0.0325 -0.9944
vn 0.1003 -0.0326 -0.9944
vn 0.4738 -0.1532 0.8672
vn 0.4738 -0.1536 0.8671
vn 0.4738 -0.1537 0.8671
vn -0.8517 0.2758 -0.4455
vn -0.8518 0.2762 -0.4452
vn -0.8518 0.2759 -0.4454
vn -0.8518 0.2757 -0.4455
vn 0.6292 -0.2039 0.7500
vn 0.6293 -0.2037 0.7500
vn -0.9154 0.2967 -0.2721
vn -0.9155 0.2967 -0.2717
vn -0.9155 0.2967 -0.2718
vn 0.7559 -0.2450 0.6071
vn 0.7560 -0.2450 0.6070
vn 0.7562 -0.2451 0.6067
vn 0.7560 -0.2452 0.6069
vn -0.9473 0.3072 -0.0913
vn -0.9473 0.3070 -0.0913
vn -0.9473 0.3071 -0.0913
vn 0.8517 -0.2761 0.4454
vn 0.8518 -0.2760 0.4452
vn 0.8518 -0.2761 0.4451
vn -0.9471 0.3077 0.0913
vn -0.9471 0.3075 0.0915
vn -0.9472 0.3073 0.0914
vn -0.9473 0.3070 0.0913
vn 0.9154 -0.2967 0.2721
vn 0.9156 -0.2965 0.2717
vn 0.9155 -0.2967 0.2718
vn 0.9155 -0.2967 0.2717
vn -0.9154 0.2967 0.2721
vn -0.9154 0.2967 0.2719
vn -0.9156 0.2964 0.2717
vn 0.9473 -0.3069 0.0913
vn 0.9473 -0.3070 0.0913
vn 0.9474 -0.3068 0.0913
vn -0.8518 0.2759 0.4454
vn -0.8518 0.2757 0.4455
vn -0.8517 0.2758 0.4455
vn -0.8518 0.2762 0.4452
vn 0.9474 -0.3068 -0.0913
vn 0.9473 -0.3070 -0.0913
vn 0.9473 -0.3069 -0.0913
vn -0.7560 0.2452 0.6069
vn -0.7561 0.2451 0.6068
vn -0.7559 0.2457 0.6068
vn -0.2536 -0.8596 -0.4436
vn -0.2537 -0.8597 -0.4435
vn -0.2535 -0.8596 -0.4437
vn 0.2574 0.8352 0.4859
vn 0.2574 0.8353 0.4859
vn 0.1073 0.9170 -0.3842
vn 0.5511 0.6792 -0.4846
vn 0.5511 0.6792 -0.4847
vn 0.5509 0.6792 -0.4849
vn 0.3512 0.7854 0.5097
vn 0.0554 0.9468 -0.3171
vn 0.4512 0.7323 -0.5101
vn 0.4512 0.7324 -0.5099
vn 0.4511 0.7323 -0.5101
vn 0.4512 0.7324 0.5099
vn 0.4512 0.7324 0.5100
vn 0.0186 0.9691 -0.2460
vn 0.0186 0.9691 -0.2459
vn 0.3512 0.7854 -0.5097
vn 0.5511 0.6791 0.4848
vn 0.5511 0.6792 0.4847
vn 0.5511 0.6792 0.4848
vn -0.0055 0.9847 -0.1741
vn 0.6442 0.6290 0.4350
vn 0.6444 0.6291 0.4347
vn 0.6444 0.6291 0.4346
vn -0.0195 0.9944 -0.1035
vn 0.7254 0.5852 0.3624
vn 0.7254 0.5853 0.3624
vn -0.0257 0.9991 -0.0343
vn -0.0258 0.9991 -0.0343
vn -0.0259 0.9991 -0.0342
vn 0.7896 0.5500 0.2721
vn 0.7895 0.5501 0.2721
vn -0.0258 0.9991 0.0343
vn -0.0260 0.9991 0.0343
vn -0.0262 0.9991 0.0342
vn 0.8339 0.5255 0.1688
vn 0.8338 0.5257 0.1685
vn 0.8338 0.5257 0.1684
vn -0.0195 0.9944 0.1035
vn 0.8564 0.5131 0.0570
vn 0.8564 0.5132 0.0571
vn 0.8566 0.5129 0.0568
vn -0.0055 0.9847 0.1741
vn 0.8564 0.5131 -0.0570
vn 0.8564 0.5132 -0.0571
vn 0.0186 0.9691 0.2460
vn 0.0186 0.9691 0.2459
vn 0.8338 0.5257 -0.1688
vn 0.8338 0.5257 -0.1685
vn 0.0554 0.9468 0.3171
vn 0.7897 0.5499 -0.2720
vn 0.7895 0.5501 -0.2721
vn 0.7898 0.5498 -0.2719
vn 0.1073 0.9170 0.3841
vn 0.1073 0.9170 0.3842
vn 0.2576 0.8353 -0.4857
vn 0.2574 0.8353 -0.4859
vn 0.7253 0.5853 -0.3626
vn 0.7254 0.5852 -0.3624
vn 0.1749 0.8796 0.4423
vn 0.1749 0.8796 -0.4423
vn 0.1749 0.8797 -0.4423
vn 0.8766 -0.1903 0.4419
vn 0.8766 -0.1903 0.4420
vn 0.8765 -0.1903 0.4422
vn 0.8767 -0.1902 0.4419
vn -0.0785 -0.9133 0.3997
vn -0.6729 -0.7129 -0.1973
vn -0.6729 -0.7130 -0.1973
vn -0.6729 -0.7129 -0.1974
vn -0.6730 -0.7129 -0.1973
vn -0.0003 -0.9359 0.3524
vn -0.0002 -0.9358 0.3525
vn -0.0000 -0.9358 0.3525
vn -0.7021 -0.7018 -0.1210
vn -0.7020 -0.7018 -0.1209
vn -0.7022 -0.7016 -0.1209
vn -0.7021 -0.7017 -0.1208
vn 0.0671 -0.9545 0.2905
vn 0.0670 -0.9546 0.2904
vn 0.0672 -0.9545 0.2905
vn -0.7168 -0.6961 -0.0406
vn -0.7169 -0.6960 -0.0408
vn -0.7169 -0.6960 -0.0407
vn -0.7168 -0.6961 -0.0407
vn 0.1203 -0.9688 0.2165
vn -0.7169 -0.6960 0.0407
vn -0.7169 -0.6959 0.0409
vn -0.7169 -0.6960 0.0408
vn 0.1572 -0.9785 0.1337
vn 0.1571 -0.9785 0.1336
vn 0.1571 -0.9785 0.1337
vn -0.7021 -0.7017 0.1207
vn -0.7021 -0.7017 0.1208
vn -0.7023 -0.7016 0.1207
vn -0.7022 -0.7017 0.1208
vn 0.1758 -0.9834 0.0451
vn 0.1757 -0.9834 0.0452
vn 0.1761 -0.9833 0.0449
vn 0.1759 -0.9834 0.0451
vn -0.6730 -0.7128 0.1973
vn -0.6730 -0.7129 0.1972
vn -0.6729 -0.7129 0.1973
vn 0.1758 -0.9834 -0.0449
vn 0.1757 -0.9834 -0.0449
vn 0.1761 -0.9833 -0.0451
vn 0.1759 -0.9834 -0.0451
vn -0.6293 -0.7295 0.2681
vn -0.6296 -0.7293 0.2678
vn -0.6293 -0.7296 0.2677
vn -0.6294 -0.7296 0.2675
vn 0.1571 -0.9785 -0.1335
vn 0.1570 -0.9785 -0.1336
vn 0.1570 -0.9785 -0.1337
vn 0.1571 -0.9785 -0.1338
vn -0.5735 -0.7501 0.3293
vn -0.5733 -0.7502 0.3294
vn -0.5734 -0.7502 0.3293
vn 0.1203 -0.9688 -0.2165
vn 0.1203 -0.9688 -0.2168
vn 0.1201 -0.9688 -0.2166
vn 0.1201 -0.9689 -0.2165
vn -0.5054 -0.7747 0.3801
vn -0.5053 -0.7747 0.3802
vn -0.5052 -0.7747 0.3802
vn -0.5053 -0.7748 0.3800
vn -0.3424 -0.8308 -0.4388
vn -0.3425 -0.8307 -0.4389
vn -0.3426 -0.8307 -0.4389
vn 0.0670 -0.9546 -0.2904
vn 0.0667 -0.9547 -0.2900
vn 0.0670 -0.9545 -0.2904
vn 0.0671 -0.9545 -0.2905
vn -0.4274 -0.8021 0.4172
vn -0.4275 -0.8020 0.4172
vn -0.4274 -0.8020 0.4172
vn -0.4273 -0.8021 0.4172
vn -0.4273 -0.8021 -0.4172
vn -0.4274 -0.8021 -0.4172
vn -0.4275 -0.8019 -0.4173
vn -0.0001 -0.9358 -0.3526
vn -0.0001 -0.9357 -0.3528
vn -0.0002 -0.9357 -0.3527
vn -0.0002 -0.9358 -0.3525
vn -0.3425 -0.8307 0.4389
vn -0.3426 -0.8307 0.4389
vn -0.5052 -0.7748 -0.3800
vn -0.5052 -0.7748 -0.3801
vn -0.5052 -0.7747 -0.3804
vn -0.0785 -0.9133 -0.3997
vn -0.2536 -0.8596 0.4437
vn -0.2536 -0.8596 0.4436
vn -0.2535 -0.8596 0.4437
vn -0.5734 -0.7502 -0.3293
vn -0.5733 -0.7502 -0.3294
vn -0.1643 -0.8875 -0.4304
vn -0.1643 -0.8875 -0.4305
vn -0.1642 -0.8876 -0.4304
vn -0.1643 -0.8875 0.4305
vn -0.1642 -0.8875 0.4306
vn -0.6294 -0.7294 -0.2679
vn -0.6300 -0.7290 -0.2679
vn -0.6296 -0.7293 -0.2678
vn -0.6294 -0.7295 -0.2677
vn 0.7811 0.6224 -0.0499
vn 0.7812 0.6223 -0.0498
vn -0.9732 0.2115 0.0904
vn -0.9732 0.2112 0.0905
vn -0.9732 0.2113 0.0904
vn 0.9411 -0.2046 0.2693
vn 0.9411 -0.2045 0.2693
vn -0.9411 0.2044 0.2695
vn -0.9411 0.2044 0.2693
vn 0.9732 -0.2115 0.0904
vn 0.9732 -0.2115 0.0902
vn 0.9732 -0.2113 0.0906
vn -0.8765 0.1904 0.4422
vn -0.8766 0.1902 0.4420
vn 0.9732 -0.2115 -0.0904
vn 0.9732 -0.2113 -0.0904
vn 0.9732 -0.2113 -0.0905
vn -0.7793 0.1691 0.6034
vn -0.7794 0.1690 0.6033
vn -0.7794 0.1691 0.6033
vn -0.7793 0.1692 0.6034
vn 0.9411 -0.2046 -0.2694
vn 0.9411 -0.2044 -0.2694
vn -0.6497 0.1407 0.7470
vn -0.6498 0.1407 0.7470
vn -0.6496 0.1408 0.7471
vn 0.8766 -0.1902 -0.4419
vn 0.8766 -0.1902 -0.4420
vn 0.8765 -0.1904 -0.4422
vn 0.8767 -0.1902 -0.4419
vn -0.4900 0.1064 0.8652
vn -0.4901 0.1064 0.8651
vn -0.4899 0.1060 0.8653
vn -0.1037 0.0225 -0.9943
vn -0.1040 0.0225 -0.9943
vn -0.1038 0.0225 -0.9943
vn 0.7794 -0.1691 -0.6033
vn 0.7793 -0.1692 -0.6034
vn -0.3055 0.0664 0.9499
vn -0.3054 0.0663 0.9499
vn -0.3055 0.0664 -0.9499
vn -0.3054 0.0663 -0.9499
vn -0.3058 0.0666 -0.9498
vn 0.6497 -0.1410 -0.7470
vn 0.6497 -0.1406 -0.7471
vn 0.6497 -0.1411 -0.7470
vn -0.1036 0.0224 0.9944
vn -0.1033 0.0224 0.9944
vn -0.1037 0.0224 0.9944
vn -0.1040 0.0225 0.9943
vn -0.4900 0.1064 -0.8652
vn -0.4901 0.1064 -0.8651
vn -0.4902 0.1064 -0.8651
vn 0.4901 -0.1064 -0.8652
vn 0.4902 -0.1065 -0.8651
vn 0.4901 -0.1065 -0.8651
vn 0.1038 -0.0225 0.9943
vn 0.1039 -0.0225 0.9943
vn -0.6497 0.1407 -0.7470
vn -0.6497 0.1412 -0.7470
vn -0.6498 0.1408 -0.7470
vn 0.3059 -0.0663 -0.9497
vn 0.3056 -0.0663 -0.9498
vn 0.3059 -0.0663 0.9497
vn 0.3056 -0.0663 0.9498
vn -0.7793 0.1692 -0.6034
vn 0.1038 -0.0225 -0.9943
vn 0.1039 -0.0225 -0.9943
vn 0.4899 -0.1061 0.8653
vn 0.4902 -0.1065 0.8651
vn 0.4898 -0.1062 0.8653
vn -0.8765 0.1904 -0.4422
vn -0.8766 0.1903 -0.4420
vn -0.8765 0.1903 -0.4421
vn 0.6497 -0.1406 0.7471
vn -0.9410 0.2045 -0.2695
vn -0.9411 0.2044 -0.2695
vn -0.9410 0.2045 -0.2694
vn -0.9409 0.2050 -0.2696
vn 0.7793 -0.1692 0.6034
vn 0.7794 -0.1691 0.6033
vn -0.9733 0.2110 -0.0903
vn -0.9732 0.2112 -0.0905
vn -0.9732 0.2115 -0.0904
vn -0.9732 0.2115 -0.0902
vn -0.2966 -0.7854 -0.5434
vn -0.2966 -0.7854 -0.5433
vn -0.2965 -0.7853 -0.5434
vn 0.1223 0.9819 0.1448
vn 0.7599 0.6331 -0.1471
vn 0.7598 0.6332 -0.1471
vn 0.7599 0.6332 -0.1471
vn 0.1313 0.9707 0.2011
vn 0.1316 0.9707 0.2011
vn 0.1316 0.9707 0.2010
vn 0.7182 0.6544 -0.2365
vn 0.7182 0.6545 -0.2363
vn 0.7181 0.6545 -0.2363
vn 0.1546 0.9528 0.2612
vn 0.1546 0.9528 0.2613
vn 0.2527 0.8942 -0.3696
vn 0.6582 0.6850 -0.3123
vn 0.6582 0.6850 -0.3122
vn 0.1947 0.9273 0.3197
vn 0.1947 0.9273 -0.3196
vn 0.1947 0.9273 -0.3197
vn 0.5832 0.7231 -0.3701
vn 0.5833 0.7230 -0.3702
vn 0.2527 0.8942 0.3696
vn 0.2528 0.8941 0.3696
vn 0.1546 0.9528 -0.2611
vn 0.1546 0.9528 -0.2612
vn 0.4987 0.7657 -0.4061
vn 0.4986 0.7660 -0.4058
vn 0.3263 0.8546 0.4039
vn 0.3263 0.8546 0.4040
vn 0.1317 0.9707 -0.2011
vn 0.1316 0.9707 -0.2011
vn 0.1315 0.9707 -0.2011
vn 0.4106 0.8109 -0.4170
vn 0.4106 0.8109 0.4169
vn 0.4106 0.8109 0.4170
vn 0.1223 0.9819 -0.1448
vn 0.1223 0.9819 -0.1447
vn 0.3263 0.8546 -0.4039
vn 0.3264 0.8546 -0.4039
vn 0.4986 0.7660 0.4058
vn 0.4986 0.7660 0.4057
vn 0.1217 0.9880 -0.0955
vn 0.1215 0.9880 -0.0955
vn 0.5833 0.7230 0.3702
vn 0.1248 0.9907 -0.0536
vn 0.6582 0.6850 0.3123
vn 0.1275 0.9917 -0.0172
vn 0.1274 0.9917 -0.0171
vn 0.7182 0.6545 0.2364
vn 0.7182 0.6545 0.2363
vn 0.7180 0.6547 0.2363
vn 0.1275 0.9917 0.0172
vn 0.7599 0.6332 0.1471
vn 0.7598 0.6333 0.1474
vn 0.7598 0.6332 0.1471
vn 0.1248 0.9907 0.0537
vn 0.1248 0.9907 0.0536
vn 0.7812 0.6223 0.0496
vn 0.7812 0.6223 0.0499
vn 0.7811 0.6224 0.0499
vn 0.1217 0.9880 0.0955
vn -0.6708 0.0548 -0.7396
vn -0.6707 0.0548 -0.7397
vn 0.2473 -0.8939 -0.3739
vn 0.2473 -0.8939 -0.3738
vn -0.4032 -0.7592 0.5110
vn -0.4036 -0.7589 0.5110
vn -0.4035 -0.7589 0.5111
vn -0.4034 -0.7590 -0.5111
vn -0.4034 -0.7589 -0.5111
vn -0.4035 -0.7589 -0.5111
vn -0.4035 -0.7590 -0.5110
vn 0.1555 -0.8787 -0.4514
vn 0.1554 -0.8787 -0.4514
vn 0.1556 -0.8787 -0.4514
vn -0.2966 -0.7854 0.5434
vn -0.2966 -0.7854 0.5433
vn -0.2965 -0.7853 0.5434
vn -0.4995 -0.7338 -0.4606
vn -0.4993 -0.7338 -0.4607
vn -0.4996 -0.7337 -0.4606
vn -0.4997 -0.7337 -0.4605
vn 0.0499 -0.8595 -0.5087
vn -0.1821 -0.8118 0.5547
vn -0.1821 -0.8118 0.5548
vn -0.1822 -0.8119 0.5547
vn -0.1822 -0.8119 0.5546
vn -0.5812 -0.7112 -0.3954
vn -0.5812 -0.7112 -0.3955
vn -0.5813 -0.7112 -0.3955
vn -0.0643 -0.8369 -0.5436
vn -0.0646 -0.8370 -0.5434
vn -0.0644 -0.8369 -0.5436
vn -0.0647 -0.8369 -0.5435
vn -0.0643 -0.8369 0.5436
vn -0.0648 -0.8369 0.5435
vn -0.0647 -0.8369 0.5435
vn -0.6477 -0.6920 -0.3187
vn -0.6477 -0.6921 -0.3187
vn -0.1820 -0.8118 -0.5548
vn 0.0500 -0.8595 0.5087
vn 0.0500 -0.8596 0.5086
vn 0.0498 -0.8595 0.5086
vn 0.0499 -0.8595 0.5087
vn -0.6977 -0.6773 -0.2333
vn -0.6979 -0.6771 -0.2334
vn -0.6976 -0.6774 -0.2333
vn -0.6978 -0.6772 -0.2334
vn 0.1555 -0.8787 0.4514
vn 0.1556 -0.8787 0.4514
vn 0.1554 -0.8787 0.4514
vn -0.7316 -0.6668 -0.1421
vn -0.7315 -0.6669 -0.1422
vn -0.7315 -0.6668 -0.1422
vn 0.2474 -0.8939 0.3737
vn 0.2473 -0.8939 0.3738
vn 0.2474 -0.8940 0.3736
vn 0.2474 -0.8940 0.3735
vn -0.7482 -0.6617 -0.0479
vn -0.7482 -0.6617 -0.0478
vn -0.7482 -0.6617 -0.0477
vn -0.7482 -0.6617 -0.0481
vn 0.3201 -0.9052 0.2795
vn 0.3202 -0.9052 0.2794
vn 0.3200 -0.9052 0.2796
vn -0.7482 -0.6617 0.0481
vn -0.7482 -0.6617 0.0482
vn -0.7482 -0.6618 0.0484
vn 0.3707 -0.9126 0.1726
vn 0.3706 -0.9126 0.1726
vn 0.3705 -0.9126 0.1726
vn -0.7315 -0.6669 0.1421
vn -0.7315 -0.6669 0.1422
vn -0.7314 -0.6669 0.1422
vn -0.7315 -0.6669 0.1420
vn 0.3964 -0.9162 0.0583
vn 0.3965 -0.9162 0.0582
vn 0.3963 -0.9163 0.0583
vn 0.3963 -0.9163 0.0584
vn -0.6979 -0.6771 0.2334
vn -0.6980 -0.6770 0.2334
vn -0.6977 -0.6773 0.2333
vn -0.6978 -0.6772 0.2334
vn 0.3964 -0.9162 -0.0585
vn 0.3964 -0.9162 -0.0584
vn -0.6477 -0.6920 0.3186
vn -0.6478 -0.6920 0.3185
vn -0.6477 -0.6921 0.3186
vn -0.6477 -0.6920 0.3187
vn 0.3707 -0.9126 -0.1726
vn 0.3705 -0.9126 -0.1726
vn 0.3708 -0.9125 -0.1725
vn -0.5813 -0.7112 0.3954
vn -0.5813 -0.7111 0.3954
vn 0.3201 -0.9052 -0.2795
vn 0.3202 -0.9052 -0.2795
vn -0.4994 -0.7337 0.4607
vn -0.4994 -0.7338 0.4607
vn 0.1463 0.9885 -0.0372
vn 0.3182 -0.0260 -0.9477
vn 0.3185 -0.0261 -0.9476
vn 0.3185 -0.0261 0.9476
vn -0.8010 0.0655 -0.5951
vn 0.1081 -0.0088 -0.9941
vn 0.5080 -0.0416 0.8603
vn 0.5080 -0.0416 0.8604
vn 0.5081 -0.0416 0.8603
vn -0.8979 0.0733 -0.4340
vn -0.8979 0.0733 -0.4341
vn -0.8978 0.0732 -0.4342
vn 0.6708 -0.0548 0.7396
vn 0.6709 -0.0548 0.7395
vn -0.9614 0.0786 -0.2637
vn -0.9614 0.0785 -0.2638
vn -0.9614 0.0785 -0.2637
vn 0.8013 -0.0654 0.5947
vn 0.8014 -0.0654 0.5946
vn -0.9928 0.0811 -0.0884
vn -0.9928 0.0810 -0.0884
vn 0.8979 -0.0733 0.4341
vn 0.8979 -0.0733 0.4340
vn -0.9928 0.0810 0.0884
vn -0.9928 0.0811 0.0885
vn -0.9928 0.0810 0.0883
vn -0.9928 0.0813 0.0884
vn 0.9614 -0.0785 0.2636
vn 0.9615 -0.0786 0.2635
vn -0.9614 0.0784 0.2639
vn -0.9613 0.0786 0.2641
vn -0.9614 0.0781 0.2638
vn -0.9614 0.0784 0.2638
vn 0.9928 -0.0810 0.0883
vn 0.9928 -0.0810 0.0881
vn 0.9928 -0.0811 0.0884
vn -0.8980 0.0735 0.4338
vn -0.8979 0.0732 0.4341
vn -0.8979 0.0733 0.4341
vn 0.9927 -0.0813 -0.0887
vn 0.9928 -0.0810 -0.0881
vn 0.9927 -0.0813 -0.0886
vn -0.8010 0.0655 0.5951
vn 0.9614 -0.0785 -0.2637
vn 0.9613 -0.0784 -0.2640
vn 0.9614 -0.0785 -0.2636
vn -0.6709 0.0548 0.7395
vn -0.6709 0.0548 0.7396
vn -0.6708 0.0548 0.7396
vn 0.8979 -0.0733 -0.4341
vn -0.5087 0.0417 0.8599
vn -0.5084 0.0415 0.8601
vn -0.5086 0.0417 0.8600
vn -0.1081 0.0089 -0.9941
vn -0.1082 0.0089 -0.9941
vn 0.8012 -0.0654 -0.5948
vn 0.8013 -0.0654 -0.5947
vn -0.3179 0.0260 0.9478
vn -0.3180 0.0260 0.9477
vn -0.3185 0.0261 -0.9476
vn -0.3179 0.0260 -0.9478
vn -0.3182 0.0260 -0.9477
vn -0.3180 0.0260 -0.9477
vn 0.6708 -0.0548 -0.7396
vn 0.6709 -0.0548 -0.7395
vn -0.1081 0.0089 0.9941
vn -0.1082 0.0089 0.9941
vn -0.5087 0.0417 -0.8599
vn -0.5087 0.0416 -0.8599
vn -0.5086 0.0417 -0.8600
vn 0.5080 -0.0416 -0.8603
vn 0.5080 -0.0416 -0.8604
vn 0.5081 -0.0416 -0.8603
vn 0.1081 -0.0088 0.9941
vn -0.5674 -0.8183 0.0921
vn -0.5677 -0.8181 0.0920
vn -0.5675 -0.8182 0.0919
vn -0.5674 -0.8183 0.0919
vn 0.5104 0.8376 0.1949
vn 0.1464 0.9891 -0.0121
vn 0.1464 0.9892 -0.0121
vn 0.5509 0.8213 0.1482
vn 0.5509 0.8213 0.1483
vn 0.5509 0.8213 0.1484
vn 0.1464 0.9891 0.0121
vn 0.1464 0.9892 0.0121
vn 0.1465 0.9891 0.0120
vn 0.5794 0.8097 0.0928
vn 0.5793 0.8098 0.0927
vn 0.5796 0.8096 0.0928
vn 0.1463 0.9885 0.0372
vn 0.5940 0.8038 0.0315
vn 0.5941 0.8038 0.0314
vn 0.5940 0.8039 0.0314
vn 0.1472 0.9870 0.0649
vn 0.1473 0.9870 0.0649
vn 0.1473 0.9870 0.0650
vn 0.5941 0.8038 -0.0313
vn 0.5940 0.8038 -0.0315
vn 0.5941 0.8038 -0.0314
vn 0.5940 0.8039 -0.0313
vn 0.1514 0.9838 0.0959
vn 0.5794 0.8097 -0.0929
vn 0.5793 0.8098 -0.0927
vn 0.5795 0.8096 -0.0928
vn 0.1613 0.9783 0.1300
vn 0.5509 0.8213 -0.1483
vn 0.5509 0.8213 -0.1484
vn 0.1795 0.9697 0.1655
vn 0.1795 0.9697 0.1656
vn 0.2461 0.9419 -0.2286
vn 0.2462 0.9419 -0.2285
vn 0.5104 0.8376 -0.1949
vn 0.5103 0.8376 -0.1949
vn 0.2077 0.9576 0.1996
vn 0.2077 0.9576 0.1997
vn 0.2074 0.9577 -0.1995
vn 0.2077 0.9576 -0.1996
vn 0.2076 0.9575 -0.2000
vn 0.4607 0.8573 -0.2298
vn 0.4607 0.8573 -0.2297
vn 0.4606 0.8573 -0.2298
vn 0.2460 0.9419 0.2287
vn 0.2462 0.9419 0.2285
vn 0.2461 0.9419 0.2286
vn 0.1795 0.9697 -0.1655
vn 0.1794 0.9697 -0.1657
vn 0.4052 0.8792 -0.2506
vn 0.4048 0.8793 -0.2508
vn 0.2941 0.9229 0.2486
vn 0.2939 0.9229 0.2486
vn 0.1613 0.9783 -0.1300
vn 0.3481 0.9016 -0.2567
vn 0.3482 0.9016 -0.2567
vn 0.3483 0.9016 -0.2566
vn 0.3481 0.9016 0.2567
vn 0.3482 0.9016 0.2567
vn 0.1514 0.9838 -0.0959
vn 0.1512 0.9838 -0.0960
vn 0.2939 0.9229 -0.2486
vn 0.2936 0.9230 -0.2486
vn 0.4052 0.8792 0.2508
vn 0.4052 0.8792 0.2506
vn 0.4052 0.8792 0.2507
vn 0.1472 0.9870 -0.0647
vn 0.1473 0.9870 -0.0648
vn 0.1473 0.9870 -0.0649
vn 0.4607 0.8573 0.2297
vn 0.4607 0.8573 0.2298
vn -0.6786 0.0115 0.7344
vn -0.6784 0.0117 0.7346
vn -0.6787 0.0114 0.7343
vn -0.6787 0.0113 0.7343
vn 0.1536 -0.9874 0.0369
vn 0.1537 -0.9874 0.0369
vn -0.5446 -0.8251 0.1503
vn -0.5447 -0.8250 0.1505
vn -0.5447 -0.8251 0.1504
vn -0.5445 -0.8252 0.1503
vn 0.1536 -0.9874 -0.0372
vn 0.1537 -0.9874 -0.0367
vn 0.1537 -0.9874 -0.0369
vn -0.5109 -0.8349 0.2048
vn -0.5111 -0.8348 0.2047
vn -0.5107 -0.8349 0.2050
vn -0.5109 -0.8350 0.2045
vn 0.1371 -0.9845 -0.1091
vn 0.1370 -0.9845 -0.1091
vn -0.4670 -0.8473 0.2530
vn -0.4671 -0.8472 0.2530
vn 0.1049 -0.9787 -0.1762
vn 0.1048 -0.9787 -0.1764
vn 0.1049 -0.9787 -0.1763
vn 0.1051 -0.9787 -0.1762
vn -0.4136 -0.8619 0.2934
vn -0.4133 -0.8621 0.2932
vn -0.4134 -0.8621 0.2931
vn -0.4138 -0.8618 0.2935
vn -0.2838 -0.8956 -0.3427
vn -0.2837 -0.8955 -0.3430
vn -0.2837 -0.8955 -0.3429
vn 0.0585 -0.9702 -0.2353
vn 0.0584 -0.9702 -0.2354
vn -0.3519 -0.8783 0.3238
vn -0.3519 -0.8782 0.3239
vn -0.3519 -0.8783 0.3237
vn -0.3518 -0.8784 0.3235
vn -0.3519 -0.8783 -0.3238
vn -0.3519 -0.8782 -0.3239
vn -0.3519 -0.8783 -0.3236
vn 0.0008 -0.9590 -0.2833
vn 0.0004 -0.9589 -0.2838
vn 0.0007 -0.9590 -0.2835
vn 0.0005 -0.9590 -0.2832
vn -0.2838 -0.8956 0.3427
vn -0.2837 -0.8955 0.3430
vn -0.2839 -0.8956 0.3426
vn -0.4134 -0.8621 -0.2931
vn -0.4134 -0.8621 -0.2932
vn -0.4133 -0.8621 -0.2931
vn -0.0659 -0.9453 -0.3195
vn -0.0659 -0.9453 -0.3194
vn -0.0660 -0.9453 -0.3194
vn -0.2113 -0.9129 0.3491
vn -0.2113 -0.9129 0.3492
vn -0.2114 -0.9129 0.3492
vn -0.4672 -0.8472 -0.2530
vn -0.4673 -0.8471 -0.2530
vn -0.4670 -0.8473 -0.2531
vn -0.4671 -0.8472 -0.2530
vn -0.1377 -0.9298 -0.3413
vn -0.1379 -0.9298 -0.3412
vn -0.1378 -0.9298 -0.3413
vn -0.1377 -0.9298 -0.3414
vn -0.1377 -0.9298 0.3414
vn -0.1377 -0.9298 0.3413
vn -0.5114 -0.8346 -0.2049
vn -0.5115 -0.8344 -0.2050
vn -0.5113 -0.8346 -0.2049
vn -0.5110 -0.8348 -0.2048
vn -0.2113 -0.9130 -0.3491
vn -0.2114 -0.9130 -0.3490
vn -0.2113 -0.9129 -0.3491
vn -0.2112 -0.9129 -0.3492
vn -0.0660 -0.9454 0.3193
vn -0.0659 -0.9453 0.3195
vn -0.0659 -0.9453 0.3194
vn -0.5447 -0.8250 -0.1505
vn -0.5447 -0.8250 -0.1506
vn -0.5447 -0.8251 -0.1503
vn 0.0004 -0.9589 0.2838
vn 0.0006 -0.9589 0.2836
vn 0.0005 -0.9589 0.2837
vn 0.0006 -0.9589 0.2837
vn -0.5673 -0.8184 -0.0917
vn -0.5673 -0.8184 -0.0920
vn -0.5673 -0.8183 -0.0918
vn -0.5675 -0.8182 -0.0917
vn 0.0584 -0.9702 0.2354
vn 0.0585 -0.9702 0.2353
vn 0.0584 -0.9701 0.2354
vn -0.5788 -0.8149 -0.0309
vn 0.1049 -0.9788 0.1760
vn 0.1048 -0.9787 0.1763
vn 0.1049 -0.9788 0.1761
vn 0.1050 -0.9788 0.1758
vn -0.5788 -0.8149 0.0309
vn -0.5788 -0.8149 0.0310
vn 0.1370 -0.9845 0.1091
vn 0.1370 -0.9846 0.1091
vn 0.1371 -0.9845 0.1091
vn 0.1508 0.8584 0.4904
vn 0.9033 -0.0156 -0.4287
vn 0.9032 -0.0155 -0.4289
vn 0.9032 -0.0154 -0.4289
vn 0.9033 -0.0155 -0.4288
vn -0.5156 0.0088 0.8568
vn -0.5155 0.0088 0.8568
vn -0.5157 0.0088 0.8568
vn -0.5156 0.0093 0.8568
vn -0.1101 0.0019 -0.9939
vn -0.1102 0.0019 -0.9939
vn 0.8080 -0.0140 -0.5890
vn 0.8080 -0.0143 -0.5890
vn 0.8080 -0.0139 -0.5890
vn -0.3232 0.0055 0.9463
vn -0.3232 0.0055 -0.9463
vn -0.3234 0.0055 -0.9462
vn 0.6785 -0.0116 -0.7345
vn 0.6784 -0.0115 -0.7346
vn 0.6786 -0.0116 -0.7344
vn -0.1101 0.0019 0.9939
vn -0.1102 0.0019 0.9939
vn -0.1099 0.0019 0.9939
vn -0.5157 0.0088 -0.8567
vn -0.5155 0.0088 -0.8568
vn -0.5156 0.0087 -0.8568
vn -0.5156 0.0084 -0.8568
vn 0.5157 -0.0088 -0.8567
vn 0.5156 -0.0087 -0.8568
vn 0.5155 -0.0088 -0.8569
vn 0.1100 -0.0019 0.9939
vn 0.1102 -0.0019 0.9939
vn -0.6783 0.0118 -0.7347
vn -0.6783 0.0114 -0.7347
vn -0.6783 0.0117 -0.7347
vn -0.6786 0.0122 -0.7344
vn 0.3233 -0.0056 -0.9463
vn 0.3232 -0.0055 -0.9463
vn 0.3235 -0.0057 -0.9462
vn 0.3232 -0.0055 0.9463
vn -0.8080 0.0139 -0.5890
vn -0.8081 0.0139 -0.5889
vn 0.1100 -0.0019 -0.9939
vn 0.1102 -0.0019 -0.9939
vn 0.1101 -0.0019 -0.9939
vn 0.1095 -0.0020 -0.9940
vn 0.5157 -0.0088 0.8567
vn 0.5156 -0.0093 0.8568
vn 0.5160 -0.0090 0.8565
vn 0.5157 -0.0088 0.8568
vn -0.9033 0.0157 -0.4287
vn -0.9033 0.0155 -0.4288
vn -0.9033 0.0156 -0.4287
vn -0.9033 0.0155 -0.4287
vn 0.6786 -0.0116 0.7344
vn -0.9655 0.0160 -0.2599
vn -0.9654 0.0166 -0.2601
vn -0.9654 0.0165 -0.2601
vn -0.9655 0.0163 -0.2600
vn 0.8080 -0.0139 0.5890
vn 0.8080 -0.0141 0.5890
vn -0.9960 0.0172 -0.0872
vn -0.9961 0.0171 -0.0871
vn -0.9960 0.0173 -0.0872
vn -0.9960 0.0169 -0.0874
vn 0.9033 -0.0156 0.4287
vn 0.9033 -0.0155 0.4287
vn 0.9033 -0.0154 0.4287
vn -0.9960 0.0172 0.0872
vn -0.9960 0.0169 0.0874
vn -0.9960 0.0173 0.0872
vn -0.9961 0.0173 0.0869
vn 0.9654 -0.0165 0.2601
vn -0.9654 0.0165 0.2601
vn -0.9655 0.0163 0.2600
vn 0.9960 -0.0172 0.0873
vn 0.9960 -0.0169 0.0873
vn 0.9960 -0.0173 0.0872
vn 0.9961 -0.0172 0.0871
vn -0.9033 0.0153 0.4288
vn -0.9032 0.0153 0.4289
vn -0.9033 0.0154 0.4288
vn 0.9960 -0.0173 -0.0872
vn 0.9960 -0.0171 -0.0871
vn 0.9960 -0.0172 -0.0873
vn 0.9961 -0.0171 -0.0871
vn -0.8080 0.0140 0.5890
vn -0.8081 0.0139 0.5889
vn -0.8080 0.0140 0.5891
vn -0.8080 0.0141 0.5891
vn 0.9654 -0.0165 -0.2601
vn 0.9654 -0.0166 -0.2601
vn -0.0147 -0.9569 0.2901
vn -0.0145 -0.9569 0.2902
vn 0.0284 0.9448 -0.3263
vn 0.4845 0.7019 -0.5220
vn 0.4846 0.7019 -0.5221
vn 0.4846 0.7018 -0.5221
vn 0.2529 0.8055 0.5360
vn 0.2528 0.8054 0.5361
vn 0.2528 0.8054 0.5362
vn 0.0143 0.9720 -0.2347
vn 0.3681 0.7520 -0.5468
vn 0.3682 0.7520 -0.5468
vn 0.3680 0.7521 -0.5467
vn 0.3682 0.7520 0.5468
vn 0.3683 0.7518 0.5470
vn 0.0238 0.9878 -0.1540
vn 0.2529 0.8055 -0.5360
vn 0.2528 0.8054 -0.5361
vn 0.2528 0.8054 -0.5362
vn 0.4846 0.7019 0.5221
vn 0.4846 0.7018 0.5221
vn 0.0453 0.9948 -0.0909
vn 0.5914 0.6581 0.4661
vn 0.5913 0.6581 0.4661
vn 0.0671 0.9967 -0.0459
vn 0.6814 0.6222 0.3854
vn 0.6814 0.6222 0.3853
vn 0.0803 0.9967 -0.0138
vn 0.7508 0.5951 0.2866
vn 0.7507 0.5952 0.2866
vn 0.0803 0.9967 0.0138
vn 0.0801 0.9967 0.0138
vn 0.7973 0.5772 0.1763
vn 0.7973 0.5773 0.1763
vn 0.0671 0.9967 0.0459
vn 0.8207 0.5683 0.0595
vn 0.8206 0.5683 0.0595
vn 0.0453 0.9948 0.0909
vn 0.8206 0.5683 -0.0594
vn 0.8206 0.5684 -0.0595
vn 0.8207 0.5683 -0.0593
vn 0.8206 0.5683 -0.0595
vn 0.0238 0.9878 0.1540
vn 0.7972 0.5773 -0.1766
vn 0.7973 0.5773 -0.1763
vn 0.0143 0.9720 0.2347
vn 0.7507 0.5952 -0.2866
vn 0.7507 0.5952 -0.2867
vn 0.0284 0.9448 0.3263
vn 0.1508 0.8584 -0.4904
vn 0.6815 0.6222 -0.3853
vn 0.6814 0.6222 -0.3853
vn 0.6814 0.6223 -0.3854
vn 0.0738 0.9062 0.4164
vn 0.0738 0.9062 -0.4164
vn 0.5913 0.6581 -0.4661
vn 0.5914 0.6581 -0.4661
vn 0.9013 0.1392 0.4102
vn 0.9013 0.1393 0.4101
vn 0.9013 0.1392 0.4103
vn 0.9012 0.1390 0.4105
vn -0.4558 -0.8803 -0.1318
vn -0.4556 -0.8804 -0.1316
vn -0.4557 -0.8804 -0.1316
vn 0.0492 -0.9646 0.2589
vn 0.0492 -0.9647 0.2589
vn 0.0491 -0.9646 0.2591
vn -0.4757 -0.8759 -0.0804
vn -0.4757 -0.8759 -0.0806
vn -0.4762 -0.8757 -0.0804
vn -0.4760 -0.8757 -0.0803
vn 0.1053 -0.9708 0.2157
vn 0.1052 -0.9708 0.2157
vn -0.4858 -0.8737 -0.0270
vn -0.4859 -0.8736 -0.0270
vn 0.1505 -0.9752 0.1622
vn 0.1504 -0.9752 0.1622
vn -0.4860 -0.8735 0.0268
vn -0.4859 -0.8736 0.0270
vn -0.4859 -0.8736 0.0268
vn -0.4859 -0.8736 0.0265
vn 0.1824 -0.9781 0.1006
vn 0.1825 -0.9780 0.1006
vn 0.1823 -0.9781 0.1006
vn 0.1822 -0.9781 0.1006
vn -0.4758 -0.8759 0.0802
vn -0.4757 -0.8759 0.0803
vn -0.4758 -0.8759 0.0801
vn 0.1985 -0.9795 0.0341
vn -0.4559 -0.8802 0.1317
vn -0.4557 -0.8804 0.1313
vn -0.4557 -0.8803 0.1316
vn -0.4556 -0.8804 0.1316
vn 0.1984 -0.9795 -0.0340
vn 0.1984 -0.9795 -0.0339
vn 0.1985 -0.9795 -0.0341
vn -0.4257 -0.8869 0.1796
vn -0.4255 -0.8869 0.1798
vn -0.4256 -0.8869 0.1796
vn -0.4257 -0.8869 0.1795
vn 0.1824 -0.9781 -0.1006
vn 0.1823 -0.9781 -0.1005
vn 0.1825 -0.9780 -0.1007
vn -0.3866 -0.8950 0.2225
vn -0.3864 -0.8950 0.2226
vn -0.3864 -0.8951 0.2225
vn -0.3863 -0.8951 0.2225
vn 0.1505 -0.9752 -0.1623
vn 0.1504 -0.9752 -0.1622
vn 0.1506 -0.9752 -0.1623
vn -0.3380 -0.9048 0.2591
vn -0.3381 -0.9047 0.2592
vn -0.2191 -0.9264 -0.3061
vn 0.1053 -0.9708 -0.2156
vn 0.1053 -0.9708 -0.2157
vn -0.2818 -0.9154 0.2876
vn -0.2818 -0.9154 0.2875
vn -0.2817 -0.9153 0.2877
vn -0.2818 -0.9154 -0.2875
vn 0.0493 -0.9646 -0.2589
vn 0.0492 -0.9646 -0.2591
vn 0.0492 -0.9646 -0.2590
vn 0.0492 -0.9647 -0.2589
vn -0.2191 -0.9264 0.3061
vn -0.3381 -0.9047 -0.2592
vn -0.3380 -0.9048 -0.2591
vn -0.0147 -0.9569 -0.2901
vn -0.0146 -0.9569 -0.2901
vn -0.1519 -0.9374 0.3133
vn -0.1519 -0.9374 0.3134
vn -0.3864 -0.8951 -0.2223
vn -0.3862 -0.8953 -0.2221
vn -0.3863 -0.8952 -0.2223
vn -0.3865 -0.8951 -0.2225
vn -0.0827 -0.9477 -0.3081
vn -0.0827 -0.9477 -0.3082
vn -0.0827 -0.9478 -0.3081
vn -0.0827 -0.9477 0.3082
vn -0.0826 -0.9478 0.3081
vn -0.4257 -0.8869 -0.1796
vn -0.4257 -0.8869 -0.1795
vn -0.4257 -0.8869 -0.1794
vn -0.1519 -0.9374 -0.3134
vn -0.1519 -0.9374 -0.3135
vn 0.6966 0.7158 -0.0487
vn 0.6968 0.7156 -0.0489
vn 0.6968 0.7157 -0.0487
vn 0.6966 0.7158 -0.0488
vn -0.9849 -0.1520 0.0825
vn -0.9849 -0.1520 0.0824
vn 0.9576 0.1479 0.2471
vn 0.9576 0.1478 0.2473
vn -0.9575 -0.1478 0.2478
vn -0.9574 -0.1479 0.2479
vn -0.9575 -0.1477 0.2476
vn 0.9849 0.1519 0.0827
vn 0.9849 0.1519 0.0826
vn -0.9012 -0.1391 0.4104
vn -0.9012 -0.1390 0.4105
vn 0.9849 0.1519 -0.0828
vn 0.9849 0.1519 -0.0827
vn -0.8129 -0.1256 0.5687
vn -0.8129 -0.1255 0.5688
vn -0.8130 -0.1257 0.5686
vn 0.9576 0.1478 -0.2472
vn 0.9576 0.1478 -0.2473
vn 0.9576 0.1477 -0.2474
vn -0.6898 -0.1064 0.7162
vn -0.6897 -0.1064 0.7162
vn -0.6898 -0.1064 0.7161
vn 0.9012 0.1391 -0.4104
vn 0.9012 0.1390 -0.4105
vn 0.9011 0.1386 -0.4109
vn -0.5296 -0.0817 0.8443
vn -0.5295 -0.0817 0.8443
vn -0.1148 -0.0177 -0.9932
vn -0.1149 -0.0177 -0.9932
vn -0.1146 -0.0177 -0.9933
vn 0.8130 0.1254 -0.5686
vn 0.8130 0.1252 -0.5686
vn 0.8131 0.1254 -0.5685
vn -0.3353 -0.0518 0.9407
vn -0.3352 -0.0517 0.9407
vn -0.3353 -0.0518 -0.9407
vn -0.3352 -0.0518 -0.9407
vn 0.6899 0.1066 -0.7160
vn 0.6897 0.1064 -0.7162
vn 0.6898 0.1066 -0.7161
vn -0.1146 -0.0177 0.9933
vn -0.1147 -0.0177 0.9932
vn -0.1149 -0.0177 0.9932
vn -0.5295 -0.0817 -0.8444
vn -0.5296 -0.0818 -0.8443
vn -0.5296 -0.0817 -0.8443
vn 0.5295 0.0817 -0.8444
vn 0.5296 0.0817 -0.8443
vn 0.5294 0.0817 -0.8444
vn 0.1148 0.0177 0.9932
vn 0.1147 0.0177 0.9932
vn -0.6897 -0.1064 -0.7162
vn -0.6898 -0.1064 -0.7161
vn 0.3350 0.0517 -0.9408
vn 0.3353 0.0518 -0.9407
vn 0.3353 0.0518 0.9407
vn 0.3350 0.0517 0.9408
vn -0.8129 -0.1256 -0.5687
vn -0.8128 -0.1257 -0.5688
vn -0.8130 -0.1255 -0.5686
vn 0.1148 0.0177 -0.9932
vn 0.5295 0.0817 0.8443
vn 0.5295 0.0817 0.8444
vn 0.5296 0.0817 0.8443
vn -0.9012 -0.1391 -0.4104
vn -0.9012 -0.1390 -0.4105
vn -0.9013 -0.1393 -0.4101
vn 0.6896 0.1063 0.7164
vn 0.6894 0.1062 0.7165
vn 0.6896 0.1063 0.7163
vn -0.9574 -0.1479 -0.2479
vn -0.9573 -0.1480 -0.2482
vn 0.8133 0.1251 0.5682
vn 0.8130 0.1251 0.5686
vn 0.8133 0.1250 0.5683
vn 0.8130 0.1254 0.5685
vn -0.9849 -0.1520 -0.0824
vn -0.9849 -0.1520 -0.0825
vn 0.0237 -0.8766 0.4807
vn 0.0235 -0.8766 0.4807
vn 0.0239 -0.8765 0.4807
vn -0.1211 0.9692 0.2145
vn 0.6774 0.7212 -0.1449
vn 0.6772 0.7213 -0.1450
vn 0.6773 0.7213 -0.1450
vn -0.0927 0.9540 0.2851
vn 0.6383 0.7326 -0.2362
vn 0.6384 0.7325 -0.2363
vn 0.6384 0.7325 -0.2365
vn -0.0451 0.9342 0.3539
vn 0.1100 0.8829 -0.4565
vn 0.5806 0.7491 -0.3191
vn 0.5806 0.7490 -0.3191
vn 0.5807 0.7490 -0.3190
vn 0.0232 0.9102 0.4135
vn 0.0232 0.9102 -0.4135
vn 0.5052 0.7703 -0.3891
vn 0.1100 0.8829 0.4565
vn -0.0451 0.9342 -0.3539
vn 0.4147 0.7957 -0.4414
vn 0.2096 0.8536 0.4769
vn -0.0927 0.9540 -0.2851
vn 0.3139 0.8240 -0.4717
vn 0.3139 0.8240 0.4716
vn 0.3139 0.8240 0.4717
vn -0.1211 0.9692 -0.2145
vn 0.2096 0.8536 -0.4769
vn 0.4147 0.7957 0.4414
vn -0.1351 0.9799 -0.1471
vn -0.1351 0.9798 -0.1471
vn 0.5052 0.7703 0.3890
vn 0.5052 0.7703 0.3891
vn -0.1401 0.9865 -0.0852
vn 0.5806 0.7491 0.3190
vn 0.5806 0.7490 0.3191
vn 0.5805 0.7490 0.3195
vn -0.1413 0.9896 -0.0278
vn 0.6387 0.7323 0.2362
vn 0.6384 0.7325 0.2363
vn 0.6384 0.7326 0.2363
vn -0.1413 0.9896 0.0278
vn -0.1412 0.9896 0.0278
vn 0.6773 0.7213 0.1450
vn 0.6772 0.7213 0.1450
vn 0.6773 0.7213 0.1449
vn 0.6772 0.7214 0.1450
vn -0.1401 0.9865 0.0852
vn 0.6970 0.7154 0.0487
vn 0.6968 0.7156 0.0485
vn 0.6969 0.7155 0.0489
vn -0.1351 0.9798 0.1471
vn -0.1351 0.9799 0.1471
vn 0.7986 -0.1308 0.5876
vn 0.7986 -0.1308 0.5875
vn -0.5623 -0.7654 -0.3132
vn -0.5623 -0.7653 -0.3132
vn -0.5622 -0.7654 -0.3133
vn -0.0845 -0.8612 -0.5011
vn -0.0845 -0.8612 -0.5012
vn -0.0845 -0.8613 -0.5011
vn 0.1244 -0.8889 0.4409
vn 0.1243 -0.8890 0.4408
vn -0.6185 -0.7510 -0.2312
vn -0.6184 -0.7510 -0.2312
vn 0.2139 -0.8982 0.3841
vn 0.2138 -0.8982 0.3841
vn 0.2138 -0.8982 0.3840
vn 0.2139 -0.8982 0.3840
vn -0.6565 -0.7409 -0.1417
vn 0.2888 -0.9048 0.3131
vn 0.2887 -0.9048 0.3131
vn 0.2887 -0.9047 0.3132
vn -0.6757 -0.7357 -0.0472
vn -0.6754 -0.7359 -0.0474
vn -0.6757 -0.7356 -0.0473
vn -0.6758 -0.7356 -0.0476
vn 0.3467 -0.9091 0.2310
vn 0.3467 -0.9090 0.2312
vn 0.3470 -0.9090 0.2309
vn 0.3468 -0.9090 0.2312
vn -0.6759 -0.7355 0.0473
vn -0.6759 -0.7355 0.0476
vn -0.6757 -0.7356 0.0476
vn -0.6757 -0.7356 0.0477
vn 0.3858 -0.9116 0.1417
vn 0.3860 -0.9116 0.1414
vn 0.3859 -0.9116 0.1417
vn -0.6565 -0.7409 0.1418
vn -0.6565 -0.7409 0.1417
vn 0.4059 -0.9127 0.0477
vn 0.4057 -0.9128 0.0477
vn 0.4058 -0.9127 0.0477
vn -0.6185 -0.7510 0.2312
vn 0.4055 -0.9129 -0.0477
vn 0.4058 -0.9127 -0.0477
vn 0.4060 -0.9127 -0.0474
vn -0.5623 -0.7653 0.3132
vn -0.5623 -0.7653 0.3131
vn -0.5623 -0.7654 0.3131
vn 0.3860 -0.9115 -0.1418
vn 0.3859 -0.9116 -0.1417
vn -0.4892 -0.7831 0.3841
vn -0.4892 -0.7830 0.3841
vn -0.4892 -0.7831 0.3840
vn 0.3468 -0.9091 -0.2308
vn 0.3467 -0.9091 -0.2310
vn 0.3469 -0.9090 -0.2311
vn 0.3468 -0.9090 -0.2313
vn -0.4014 -0.8028 0.4409
vn -0.1945 -0.8432 -0.5012
vn -0.1946 -0.8432 -0.5012
vn 0.2887 -0.9048 -0.3131
vn 0.2888 -0.9048 -0.3130
vn 0.2888 -0.9048 -0.3131
vn -0.3018 -0.8232 0.4809
vn -0.3018 -0.8233 0.4807
vn -0.3018 -0.8233 0.4808
vn -0.3019 -0.8230 0.4812
vn -0.3017 -0.8232 -0.4809
vn -0.3016 -0.8232 -0.4809
vn -0.3018 -0.8232 -0.4808
vn 0.2138 -0.8983 -0.3839
vn 0.2139 -0.8982 -0.3840
vn -0.1946 -0.8431 0.5013
vn -0.1946 -0.8432 0.5012
vn -0.4014 -0.8028 -0.4409
vn 0.1244 -0.8889 -0.4409
vn 0.1246 -0.8889 -0.4409
vn -0.0845 -0.8612 0.5012
vn -0.0845 -0.8612 0.5011
vn -0.4893 -0.7830 -0.3841
vn -0.4892 -0.7830 -0.3841
vn -0.4892 -0.7831 -0.3840
vn -0.4891 -0.7832 -0.3840
vn 0.0237 -0.8766 -0.4807
vn 0.0239 -0.8765 -0.4807
vn 0.0238 -0.8765 -0.4807
vn 0.0235 -0.8766 -0.4807
vn 0.9517 0.2964 0.0799
vn 0.9517 0.2964 0.0798
vn -0.9831 0.1611 -0.0869
vn -0.9831 0.1610 -0.0870
vn -0.9831 0.1612 -0.0869
vn -0.9831 0.1613 -0.0868
vn 0.8921 -0.1461 0.4275
vn 0.8923 -0.1464 0.4271
vn -0.9831 0.1611 0.0869
vn -0.9831 0.1610 0.0868
vn -0.9831 0.1609 0.0869
vn -0.9831 0.1610 0.0870
vn 0.9532 -0.1561 0.2590
vn 0.9531 -0.1561 0.2591
vn -0.9532 0.1559 0.2591
vn -0.9531 0.1560 0.2592
vn -0.9532 0.1560 0.2592
vn -0.9531 0.1561 0.2591
vn 0.9831 -0.1609 0.0867
vn 0.9831 -0.1610 0.0868
vn 0.9831 -0.1611 0.0869
vn -0.8922 0.1461 0.4274
vn -0.8921 0.1461 0.4275
vn -0.8922 0.1460 0.4275
vn -0.8922 0.1461 0.4273
vn 0.9831 -0.1611 -0.0869
vn 0.9831 -0.1610 -0.0870
vn 0.9831 -0.1612 -0.0869
vn 0.9831 -0.1610 -0.0868
vn -0.7987 0.1309 0.5874
vn -0.7986 0.1310 0.5874
vn -0.7987 0.1309 0.5873
vn -0.7987 0.1308 0.5873
vn 0.9532 -0.1561 -0.2589
vn 0.9532 -0.1561 -0.2590
vn 0.9532 -0.1562 -0.2589
vn 0.9531 -0.1561 -0.2591
vn -0.6712 0.1099 0.7331
vn -0.6710 0.1101 0.7332
vn 0.8922 -0.1463 -0.4273
vn 0.8923 -0.1464 -0.4271
vn 0.8921 -0.1461 -0.4275
vn -0.5104 0.0837 0.8558
vn -0.5104 0.0835 0.8559
vn -0.5104 0.0836 0.8559
vn -0.5104 0.0837 0.8559
vn -0.1092 0.0179 -0.9939
vn -0.1093 0.0179 -0.9938
vn 0.7986 -0.1308 -0.5875
vn 0.7986 -0.1307 -0.5875
vn 0.7986 -0.1306 -0.5875
vn -0.3200 0.0521 0.9460
vn -0.3200 0.0519 0.9460
vn -0.3202 0.0522 0.9459
vn -0.3200 0.0523 0.9460
vn -0.3201 0.0527 -0.9459
vn -0.3202 0.0524 -0.9459
vn -0.3202 0.0523 -0.9459
vn -0.3201 0.0524 -0.9459
vn 0.6712 -0.1099 -0.7330
vn -0.1092 0.0179 0.9939
vn -0.1089 0.0179 0.9939
vn -0.1093 0.0179 0.9938
vn -0.5103 0.0835 -0.8560
vn -0.5102 0.0834 -0.8560
vn -0.5103 0.0836 -0.8559
vn 0.5105 -0.0836 -0.8558
vn 0.5102 -0.0836 -0.8560
vn 0.5103 -0.0836 -0.8559
vn 0.5106 -0.0836 -0.8557
vn 0.1093 -0.0179 0.9938
vn 0.1089 -0.0179 0.9939
vn 0.1092 -0.0179 0.9939
vn -0.6713 0.1098 -0.7330
vn -0.6712 0.1099 -0.7331
vn -0.6712 0.1099 -0.7330
vn -0.6713 0.1099 -0.7330
vn 0.3204 -0.0526 -0.9458
vn 0.3201 -0.0524 -0.9459
vn 0.3204 -0.0526 0.9458
vn 0.3200 -0.0523 0.9460
vn 0.3201 -0.0524 0.9459
vn -0.7987 0.1309 -0.5873
vn -0.7986 0.1310 -0.5874
vn -0.7987 0.1309 -0.5874
vn -0.7987 0.1308 -0.5873
vn 0.1092 -0.0179 -0.9939
vn 0.1093 -0.0179 -0.9938
vn 0.5103 -0.0836 0.8559
vn 0.5102 -0.0836 0.8560
vn -0.8922 0.1460 -0.4275
vn -0.8921 0.1461 -0.4275
vn -0.8922 0.1461 -0.4274
vn -0.8922 0.1461 -0.4273
vn 0.6712 -0.1099 0.7331
vn 0.6712 -0.1099 0.7330
vn -0.9531 0.1560 -0.2592
vn -0.9532 0.1561 -0.2590
vn -0.9532 0.1560 -0.2592
vn 0.0252 0.9997 -0.0001
vn 0.0252 0.9997 -0.0000
vn 0.0251 0.9997 -0.0003
vn 0.0253 0.9997 -0.0001
vn 0.0250 0.9997 -0.0000
vn 0.0251 0.9997 0.0002
vn 0.0250 0.9997 0.0001
vn 0.0251 0.9997 0.0003
vn 0.0251 0.9997 -0.0000
vn 0.0249 0.9997 0.0001
vn 0.0253 0.9997 0.0001
vn 0.0254 0.9997 -0.0000
vn 0.0253 0.9997 -0.0000
vn 0.0254 0.9997 -0.0001
vn 0.0251 0.9997 0.0001
vn 0.0253 0.9997 -0.0002
vn 0.2350 0.9698 -0.0659
vn 0.9518 0.2964 -0.0794
vn 0.9517 0.2964 -0.0798
vn 0.1189 0.9928 -0.0158
vn 0.9205 0.3104 -0.2373
vn 0.9205 0.3104 -0.2372
vn 0.0071 0.9953 0.0964
vn 0.8575 0.3388 -0.3872
vn 0.8575 0.3388 -0.3871
vn 0.8575 0.3390 -0.3870
vn -0.0627 0.9641 0.2579
vn -0.0627 0.9641 0.2580
vn 0.0129 0.8079 -0.5892
vn 0.7621 0.3825 -0.5224
vn -0.0625 0.8982 0.4351
vn -0.0625 0.8982 -0.4351
vn 0.6349 0.4423 -0.6334
vn 0.6350 0.4423 -0.6334
vn 0.0129 0.8079 0.5892
vn -0.0627 0.9641 -0.2579
vn 0.4810 0.5180 -0.7073
vn 0.1467 0.7071 0.6917
vn 0.0071 0.9953 -0.0964
vn 0.3116 0.6078 -0.7304
vn 0.3116 0.6078 0.7304
vn 0.1189 0.9928 0.0158
vn 0.1467 0.7071 -0.6917
vn 0.4810 0.5180 0.7073
vn 0.2350 0.9698 0.0659
vn 0.6350 0.4423 0.6334
vn 0.3255 0.9435 0.0622
vn 0.7621 0.3825 0.5224
vn 0.3739 0.9271 0.0245
vn 0.8575 0.3389 0.3870
vn 0.8575 0.3388 0.3871
vn 0.3739 0.9272 -0.0245
vn 0.3739 0.9271 -0.0245
vn 0.9205 0.3104 0.2373
vn 0.9205 0.3104 0.2372
vn 0.3255 0.9435 -0.0622
vn 0.3609 0.9148 -0.1813
vn 0.3607 0.9147 -0.1820
vn 0.3642 0.9121 -0.1880
vn 0.3721 0.9095 -0.1853
vn 0.3766 0.9079 -0.1841
vn 0.3767 0.9078 -0.1845
vn 0.4019 0.8961 0.1882
vn 0.4018 0.8962 0.1880
vn 0.4064 0.8946 0.1859
vn 0.4143 0.8914 0.1839
vn 0.3928 0.9000 0.1889
vn 0.3928 0.9001 0.1885
vn 0.2344 0.7964 -0.5575
vn 0.2597 0.7856 -0.5616
vn 0.2851 0.7748 -0.5643
vn 0.3106 0.7639 -0.5657
vn 0.3828 0.9052 -0.1848
vn 0.3872 0.9035 -0.1839
vn 0.3883 0.9030 0.1839
vn 0.3883 0.9028 0.1847
vn 0.3362 0.7530 0.5657
vn 0.3361 0.7530 0.5656
vn 0.3361 0.7530 0.5657
vn 0.3617 0.7421 0.5643
vn 0.3871 0.7313 0.5616
vn 0.3870 0.7314 0.5615
vn 0.4122 0.7206 0.5575
vn 0.4121 0.7207 0.5576
vn 0.4118 0.7206 0.5577
vn 0.4120 0.7204 0.5580
vn 0.4177 0.8894 0.1854
vn 0.4167 0.8900 0.1849
vn 0.3506 0.9191 -0.1796
vn 0.3486 0.9195 -0.1818
vn -0.4108 -0.8934 -0.1820
vn -0.4002 -0.8979 -0.1834
vn -0.4045 -0.8959 -0.1836
vn -0.4111 -0.8933 -0.1819
vn -0.3628 -0.9137 0.1830
vn -0.3695 -0.9110 0.1834
vn -0.3696 -0.9110 0.1829
vn -0.3588 -0.9155 0.1820
vn -0.3905 -0.9018 -0.1852
vn -0.3963 -0.8997 -0.1830
vn -0.3735 -0.9088 0.1861
vn -0.3766 -0.9069 0.1890
vn -0.4123 -0.7205 -0.5575
vn -0.4167 -0.8907 -0.1818
vn -0.4200 -0.8893 -0.1809
vn -0.3536 -0.9177 0.1812
vn -0.3500 -0.9191 0.1810
vn -0.2344 -0.7964 0.5575
vn -0.2342 -0.7964 0.5575
vn -0.2597 -0.7856 0.5616
vn -0.2851 -0.7748 0.5643
vn -0.3106 -0.7639 0.5657
vn -0.3823 -0.9055 0.1843
vn -0.3838 -0.9051 0.1828
vn -0.3851 -0.9045 -0.1833
vn -0.3854 -0.9045 -0.1828
vn -0.3362 -0.7530 -0.5657
vn -0.3361 -0.7530 -0.5657
vn -0.3617 -0.7421 -0.5643
vn -0.3871 -0.7313 -0.5616
vn -0.3870 -0.7313 -0.5616
vn -0.3871 -0.7313 -0.5615
vn -0.4427 -0.8785 -0.1794
vn -0.4332 -0.8831 -0.1802
vn -0.4367 -0.8816 -0.1792
vn -0.4460 -0.8781 -0.1733
vn -0.3250 -0.9291 0.1764
vn -0.3352 -0.9248 0.1799
vn -0.3353 -0.9247 0.1804
vn -0.3251 -0.9292 0.1756
vn -0.4270 -0.8863 -0.1792
vn -0.4267 -0.8865 -0.1786
vn -0.3473 -0.9203 0.1802
vn -0.3466 -0.9205 0.1804
vn -0.5107 -0.6786 -0.5279
vn -0.4479 -0.8774 -0.1719
vn -0.4531 -0.8753 -0.1688
vn -0.3185 -0.9314 0.1759
vn -0.3202 -0.9322 0.1685
vn -0.1361 -0.8383 0.5280
vn -0.1361 -0.8383 0.5279
vn -0.1601 -0.8281 0.5373
vn -0.1601 -0.8281 0.5372
vn -0.1845 -0.8177 0.5453
vn -0.2093 -0.8071 0.5521
vn -0.4374 -0.7098 -0.5521
vn -0.4622 -0.6993 -0.5453
vn -0.4622 -0.6992 -0.5453
vn -0.4866 -0.6888 -0.5373
vn -0.4735 -0.8654 -0.1638
vn -0.4643 -0.8698 -0.1667
vn -0.4690 -0.8677 -0.1650
vn -0.4770 -0.8643 -0.1596
vn -0.2981 -0.9415 0.1571
vn -0.3041 -0.9380 0.1663
vn -0.3034 -0.9382 0.1665
vn -0.2977 -0.9416 0.1576
vn -0.4596 -0.8717 -0.1697
vn -0.4599 -0.8715 -0.1702
vn -0.3117 -0.9348 0.1701
vn -0.3118 -0.9349 0.1697
vn -0.6018 -0.6397 -0.4781
vn -0.4773 -0.8649 -0.1555
vn -0.4832 -0.8624 -0.1514
vn -0.2916 -0.9443 0.1524
vn -0.2909 -0.9444 0.1529
vn -0.0448 -0.8772 0.4781
vn -0.0449 -0.8772 0.4781
vn -0.0669 -0.8678 0.4923
vn -0.0668 -0.8678 0.4923
vn -0.0668 -0.8679 0.4923
vn -0.0893 -0.8582 0.5055
vn -0.0893 -0.8582 0.5054
vn -0.1125 -0.8484 0.5173
vn -0.1126 -0.8484 0.5172
vn -0.1124 -0.8484 0.5173
vn -0.5343 -0.6685 -0.5173
vn -0.5574 -0.6587 -0.5054
vn -0.5575 -0.6587 -0.5053
vn -0.5799 -0.6492 -0.4923
vn -0.5799 -0.6493 -0.4921
vn -0.5799 -0.6491 -0.4923
vn -0.4984 -0.8559 -0.1382
vn -0.4910 -0.8591 -0.1445
vn -0.4948 -0.8574 -0.1414
vn -0.5010 -0.8547 -0.1359
vn -0.2724 -0.9526 0.1356
vn -0.2782 -0.9500 0.1416
vn -0.2764 -0.9507 0.1406
vn -0.2709 -0.9532 0.1341
vn -0.4881 -0.8597 -0.1508
vn -0.4887 -0.8592 -0.1515
vn -0.2818 -0.9474 0.1516
vn -0.2824 -0.9474 0.1508
vn -0.6823 -0.6054 -0.4098
vn -0.5057 -0.8527 -0.1309
vn -0.5057 -0.8528 -0.1307
vn -0.2665 -0.9547 0.1324
vn -0.2644 -0.9557 0.1296
vn 0.0355 -0.9115 0.4098
vn 0.0355 -0.9115 0.4097
vn 0.0166 -0.9034 0.4285
vn 0.0166 -0.9034 0.4286
vn -0.0032 -0.8950 0.4460
vn -0.0032 -0.8950 0.4461
vn -0.0031 -0.8950 0.4461
vn -0.0237 -0.8862 0.4626
vn -0.6231 -0.6307 -0.4626
vn -0.6436 -0.6219 -0.4461
vn -0.6633 -0.6135 -0.4285
vn -0.5214 -0.8455 -0.1151
vn -0.5164 -0.8476 -0.1219
vn -0.5209 -0.8455 -0.1174
vn -0.5247 -0.8445 -0.1073
vn -0.2496 -0.9622 0.1089
vn -0.2566 -0.9593 0.1178
vn -0.2557 -0.9597 0.1169
vn -0.2495 -0.9622 0.1095
vn -0.5111 -0.8507 -0.1230
vn -0.5106 -0.8509 -0.1236
vn -0.2582 -0.9583 0.1221
vn -0.2610 -0.9571 0.1256
vn -0.7489 -0.5770 -0.3258
vn -0.5264 -0.8440 -0.1027
vn -0.5256 -0.8445 -0.1022
vn -0.2395 -0.9656 0.1018
vn -0.2399 -0.9653 0.1036
vn 0.1023 -0.9399 0.3258
vn 0.1022 -0.9399 0.3258
vn 0.0868 -0.9334 0.3481
vn 0.0869 -0.9334 0.3481
vn 0.0708 -0.9265 0.3696
vn 0.0536 -0.9192 0.3901
vn -0.7004 -0.5977 -0.3902
vn -0.7175 -0.5904 -0.3696
vn -0.7337 -0.5835 -0.3481
vn -0.5377 -0.8392 -0.0817
vn -0.5361 -0.8391 -0.0926
vn -0.5378 -0.8388 -0.0843
vn -0.5400 -0.8382 -0.0763
vn -0.2274 -0.9705 0.0802
vn -0.2360 -0.9679 0.0859
vn -0.2364 -0.9679 0.0851
vn -0.2285 -0.9702 0.0802
vn -0.5338 -0.8401 -0.0964
vn -0.5347 -0.8395 -0.0968
vn -0.2415 -0.9655 0.0975
vn -0.2420 -0.9654 0.0968
vn -0.7992 -0.5556 -0.2293
vn -0.7992 -0.5557 -0.2293
vn -0.5418 -0.8375 -0.0704
vn -0.5418 -0.8375 -0.0706
vn -0.2299 -0.9707 0.0701
vn -0.2292 -0.9708 0.0708
vn 0.1526 -0.9613 0.2293
vn 0.1413 -0.9567 0.2544
vn 0.1415 -0.9567 0.2544
vn 0.1295 -0.9516 0.2789
vn 0.1167 -0.9458 0.3030
vn 0.1164 -0.9460 0.3027
vn 0.1164 -0.9459 0.3027
vn -0.7631 -0.5710 -0.3027
vn -0.7763 -0.5653 -0.2789
vn -0.7763 -0.5654 -0.2789
vn -0.7763 -0.5654 -0.2788
vn -0.7883 -0.5602 -0.2544
vn -0.5503 -0.8335 -0.0496
vn -0.5476 -0.8349 -0.0554
vn -0.5485 -0.8346 -0.0516
vn -0.5532 -0.8321 -0.0410
vn -0.2214 -0.9741 0.0453
vn -0.2237 -0.9730 0.0566
vn -0.2245 -0.9729 0.0547
vn -0.2210 -0.9742 0.0452
vn -0.5452 -0.8360 -0.0622
vn -0.5452 -0.8360 -0.0621
vn -0.2264 -0.9721 0.0609
vn -0.2267 -0.9720 0.0612
vn -0.8312 -0.5420 -0.1240
vn -0.8312 -0.5419 -0.1240
vn -0.5516 -0.8333 -0.0349
vn -0.5517 -0.8334 -0.0341
vn -0.2185 -0.9753 0.0328
vn -0.2179 -0.9754 0.0332
vn 0.1845 -0.9750 0.1240
vn 0.1783 -0.9723 0.1509
vn 0.1708 -0.9692 0.1774
vn 0.1708 -0.9692 0.1775
vn 0.1622 -0.9655 0.2037
vn 0.1621 -0.9655 0.2038
vn 0.1622 -0.9655 0.2036
vn -0.8090 -0.5514 -0.2036
vn -0.8176 -0.5477 -0.1775
vn -0.8176 -0.5478 -0.1775
vn -0.8250 -0.5446 -0.1509
vn -0.8250 -0.5446 -0.1508
vn -0.8250 -0.5447 -0.1508
vn -0.8249 -0.5447 -0.1509
vn -0.5579 -0.8298 -0.0117
vn -0.5570 -0.8302 -0.0211
vn -0.5577 -0.8299 -0.0163
vn -0.5579 -0.8299 -0.0064
vn -0.2111 -0.9774 0.0112
vn -0.2133 -0.9768 0.0208
vn -0.2127 -0.9769 0.0203
vn -0.2110 -0.9774 0.0113
vn -0.5550 -0.8315 -0.0233
vn -0.5548 -0.8315 -0.0273
vn -0.2137 -0.9765 0.0281
vn -0.2141 -0.9764 0.0279
vn -0.8437 -0.5366 -0.0139
vn -0.5589 -0.8292 -0.0000
vn -0.2105 -0.9776 0.0017
vn -0.2101 -0.9777 -0.0009
vn 0.1970 -0.9803 0.0139
vn 0.1957 -0.9798 0.0416
vn 0.1932 -0.9787 0.0692
vn 0.1895 -0.9771 0.0967
vn 0.1894 -0.9771 0.0967
vn -0.8362 -0.5398 -0.0967
vn -0.8363 -0.5398 -0.0967
vn -0.8362 -0.5398 -0.0966
vn -0.8400 -0.5382 -0.0691
vn -0.8400 -0.5382 -0.0692
vn -0.8425 -0.5371 -0.0416
vn -0.5562 -0.8307 0.0232
vn -0.5574 -0.8301 0.0158
vn -0.5573 -0.8301 0.0209
vn -0.5537 -0.8322 0.0313
vn -0.2136 -0.9765 -0.0281
vn -0.2133 -0.9768 -0.0208
vn -0.2128 -0.9769 -0.0203
vn -0.2140 -0.9764 -0.0279
vn -0.5586 -0.8294 0.0091
vn -0.5586 -0.8294 0.0090
vn -0.2110 -0.9774 -0.0113
vn -0.2106 -0.9775 -0.0108
vn -0.8362 -0.5398 0.0967
vn -0.5517 -0.8333 0.0350
vn -0.5515 -0.8334 0.0343
vn -0.2186 -0.9753 -0.0329
vn -0.2179 -0.9754 -0.0332
vn 0.1895 -0.9771 -0.0967
vn 0.1932 -0.9787 -0.0692
vn 0.1957 -0.9798 -0.0416
vn 0.1956 -0.9798 -0.0417
vn 0.1970 -0.9803 -0.0139
vn -0.8437 -0.5366 0.0139
vn -0.8425 -0.5371 0.0416
vn -0.8400 -0.5382 0.0692
vn -0.8400 -0.5382 0.0693
vn -0.5460 -0.8356 0.0603
vn -0.5483 -0.8347 0.0519
vn -0.5477 -0.8348 0.0558
vn -0.5447 -0.8362 0.0641
vn -0.2264 -0.9721 -0.0609
vn -0.2237 -0.9730 -0.0566
vn -0.2244 -0.9730 -0.0549
vn -0.2267 -0.9720 -0.0612
vn -0.5537 -0.8316 0.0433
vn -0.5502 -0.8340 0.0422
vn -0.2215 -0.9741 -0.0453
vn -0.2210 -0.9742 -0.0452
vn -0.8090 -0.5514 0.2036
vn -0.8090 -0.5515 0.2036
vn -0.5418 -0.8375 0.0704
vn -0.5418 -0.8375 0.0706
vn -0.2298 -0.9707 -0.0699
vn -0.2292 -0.9708 -0.0707
vn 0.1622 -0.9655 -0.2037
vn 0.1622 -0.9655 -0.2038
vn 0.1622 -0.9655 -0.2036
vn 0.1709 -0.9692 -0.1774
vn 0.1709 -0.9692 -0.1775
vn 0.1783 -0.9723 -0.1509
vn 0.1845 -0.9750 -0.1240
vn -0.8312 -0.5419 0.1240
vn -0.8251 -0.5445 0.1508
vn -0.8252 -0.5444 0.1506
vn -0.8250 -0.5446 0.1509
vn -0.8176 -0.5477 0.1775
vn -0.8176 -0.5478 0.1775
vn -0.5345 -0.8399 0.0940
vn -0.5378 -0.8389 0.0838
vn -0.5367 -0.8387 0.0924
vn -0.5331 -0.8403 0.0985
vn -0.2410 -0.9655 -0.0982
vn -0.2360 -0.9680 -0.0855
vn -0.2359 -0.9681 -0.0844
vn -0.2420 -0.9654 -0.0970
vn -0.5380 -0.8392 0.0790
vn -0.5379 -0.8393 0.0787
vn -0.2275 -0.9705 -0.0804
vn -0.2285 -0.9702 -0.0802
vn -0.7631 -0.5709 0.3027
vn -0.7632 -0.5709 0.3027
vn -0.5264 -0.8440 0.1027
vn -0.5256 -0.8445 0.1023
vn -0.2394 -0.9654 -0.1036
vn -0.2404 -0.9651 -0.1040
vn 0.1164 -0.9460 -0.3027
vn 0.1295 -0.9515 -0.2789
vn 0.1415 -0.9567 -0.2543
vn 0.1415 -0.9567 -0.2544
vn 0.1416 -0.9567 -0.2544
vn 0.1525 -0.9613 -0.2293
vn -0.7992 -0.5556 0.2293
vn -0.7883 -0.5602 0.2544
vn -0.7763 -0.5653 0.2789
vn -0.7763 -0.5654 0.2788
vn -0.5124 -0.8500 0.1219
vn -0.5204 -0.8460 0.1162
vn -0.5169 -0.8473 0.1224
vn -0.5100 -0.8509 0.1259
vn -0.2603 -0.9576 -0.1234
vn -0.2564 -0.9593 -0.1186
vn -0.2559 -0.9596 -0.1173
vn -0.2605 -0.9575 -0.1238
vn -0.5243 -0.8438 0.1146
vn -0.5238 -0.8451 0.1069
vn -0.2496 -0.9622 -0.1087
vn -0.2495 -0.9622 -0.1095
vn -0.7004 -0.5977 0.3901
vn -0.5058 -0.8527 0.1309
vn -0.5057 -0.8528 0.1307
vn -0.2658 -0.9551 -0.1307
vn -0.2656 -0.9552 -0.1308
vn 0.0535 -0.9192 -0.3901
vn 0.0536 -0.9192 -0.3901
vn 0.0708 -0.9265 -0.3696
vn 0.0708 -0.9265 -0.3697
vn 0.0869 -0.9334 -0.3481
vn 0.0868 -0.9334 -0.3481
vn 0.1022 -0.9399 -0.3258
vn -0.7489 -0.5770 0.3258
vn -0.7489 -0.5770 0.3259
vn -0.7337 -0.5835 0.3481
vn -0.7175 -0.5904 0.3696
vn -0.4898 -0.8590 0.1489
vn -0.4941 -0.8578 0.1417
vn -0.4910 -0.8591 0.1446
vn -0.4872 -0.8600 0.1517
vn -0.2818 -0.9474 -0.1517
vn -0.2782 -0.9500 -0.1416
vn -0.2764 -0.9507 -0.1405
vn -0.2824 -0.9474 -0.1508
vn -0.4995 -0.8554 0.1370
vn -0.4995 -0.8554 0.1369
vn -0.2723 -0.9526 -0.1356
vn -0.2709 -0.9532 -0.1341
vn -0.6231 -0.6307 0.4626
vn -0.4789 -0.8645 0.1525
vn -0.4820 -0.8631 0.1510
vn -0.2920 -0.9442 -0.1526
vn -0.2911 -0.9444 -0.1530
vn -0.0237 -0.8863 -0.4626
vn -0.0031 -0.8950 -0.4461
vn 0.0165 -0.9033 -0.4286
vn 0.0166 -0.9034 -0.4286
vn 0.0166 -0.9034 -0.4285
vn 0.0355 -0.9115 -0.4097
vn 0.0355 -0.9115 -0.4098
vn -0.6823 -0.6054 0.4098
vn -0.6634 -0.6135 0.4285
vn -0.6634 -0.6135 0.4284
vn -0.6436 -0.6219 0.4461
vn -0.4611 -0.8713 0.1683
vn -0.4687 -0.8677 0.1653
vn -0.4645 -0.8697 0.1668
vn -0.4577 -0.8725 0.1710
vn -0.3117 -0.9349 -0.1698
vn -0.3041 -0.9380 -0.1663
vn -0.3035 -0.9382 -0.1663
vn -0.3118 -0.9349 -0.1695
vn -0.4705 -0.8674 0.1620
vn -0.4710 -0.8669 0.1630
vn -0.2978 -0.9417 -0.1567
vn -0.2974 -0.9417 -0.1572
vn -0.5343 -0.6685 0.5173
vn -0.4500 -0.8768 0.1698
vn -0.4504 -0.8768 0.1686
vn -0.3182 -0.9318 -0.1747
vn -0.3164 -0.9331 -0.1710
vn -0.1124 -0.8484 -0.5173
vn -0.0890 -0.8582 -0.5055
vn -0.0893 -0.8582 -0.5054
vn -0.0893 -0.8583 -0.5054
vn -0.0894 -0.8583 -0.5053
vn -0.0668 -0.8678 -0.4923
vn -0.0668 -0.8679 -0.4923
vn -0.0668 -0.8678 -0.4924
vn -0.0449 -0.8772 -0.4781
vn -0.6018 -0.6397 0.4781
vn -0.6018 -0.6397 0.4782
vn -0.5799 -0.6491 0.4923
vn -0.5799 -0.6491 0.4924
vn -0.5574 -0.6588 0.5052
vn -0.5574 -0.6587 0.5054
vn -0.4286 -0.8858 0.1780
vn -0.4373 -0.8814 0.1784
vn -0.4342 -0.8826 0.1803
vn -0.4247 -0.8872 0.1801
vn -0.3461 -0.9211 -0.1783
vn -0.3352 -0.9248 -0.1799
vn -0.3355 -0.9246 -0.1805
vn -0.3458 -0.9211 -0.1791
vn -0.4403 -0.8805 0.1756
vn -0.4402 -0.8802 0.1773
vn -0.3252 -0.9291 -0.1764
vn -0.3251 -0.9292 -0.1756
vn -0.4373 -0.7099 0.5521
vn -0.4374 -0.7098 0.5521
vn -0.4185 -0.8900 0.1811
vn -0.4184 -0.8901 0.1810
vn -0.3517 -0.9185 -0.1806
vn -0.3518 -0.9185 -0.1808
vn -0.2093 -0.8071 -0.5521
vn -0.1845 -0.8176 -0.5454
vn -0.1601 -0.8281 -0.5373
vn -0.1361 -0.8383 -0.5279
vn -0.5107 -0.6786 0.5279
vn -0.4866 -0.6888 0.5373
vn -0.4866 -0.6888 0.5374
vn -0.4622 -0.6993 0.5453
vn -0.3965 -0.8996 0.1832
vn -0.4043 -0.8961 0.1833
vn -0.4000 -0.8979 0.1835
vn -0.3902 -0.9019 0.1851
vn -0.3745 -0.9080 -0.1881
vn -0.3704 -0.9106 -0.1834
vn -0.3706 -0.9106 -0.1830
vn -0.3758 -0.9074 -0.1881
vn -0.4106 -0.8935 0.1818
vn -0.4107 -0.8934 0.1820
vn -0.3611 -0.9146 -0.1820
vn -0.3609 -0.9147 -0.1820
vn -0.3362 -0.7530 0.5657
vn -0.3362 -0.7529 0.5657
vn -0.3877 -0.9034 0.1831
vn -0.3872 -0.9038 0.1824
vn -0.3834 -0.9052 -0.1834
vn -0.3844 -0.9047 -0.1837
vn -0.3106 -0.7639 -0.5657
vn -0.2851 -0.7748 -0.5643
vn -0.2597 -0.7856 -0.5616
vn -0.2343 -0.7964 -0.5575
vn -0.2344 -0.7964 -0.5575
vn -0.4123 -0.7205 0.5575
vn -0.3871 -0.7313 0.5616
vn -0.3617 -0.7421 0.5643
vn -0.3622 -0.9134 0.1857
vn -0.3703 -0.9099 0.1869
vn -0.3667 -0.9114 0.1866
vn -0.3575 -0.9152 0.1859
vn -0.4108 -0.8935 -0.1815
vn -0.4018 -0.8964 -0.1873
vn -0.4016 -0.8963 -0.1881
vn -0.4113 -0.8932 -0.1820
vn -0.3759 -0.9071 0.1892
vn -0.3772 -0.9066 0.1891
vn -0.3953 -0.8988 -0.1893
vn -0.3912 -0.9007 -0.1889
vn -0.3522 -0.9183 0.1807
vn -0.3526 -0.9183 0.1799
vn -0.4189 -0.8898 -0.1808
vn -0.4189 -0.8898 -0.1811
vn -0.4119 -0.7205 -0.5579
vn -0.4121 -0.7205 -0.5577
vn -0.4123 -0.7205 -0.5576
vn -0.4125 -0.7205 -0.5575
vn -0.3616 -0.7422 -0.5642
vn -0.2596 -0.7857 0.5615
vn -0.2597 -0.7857 0.5614
vn -0.2596 -0.7856 0.5616
vn -0.3310 -0.9269 0.1772
vn -0.3384 -0.9243 0.1763
vn -0.3331 -0.9263 0.1759
vn -0.3234 -0.9297 0.1764
vn -0.4425 -0.8802 -0.1717
vn -0.4337 -0.8839 -0.1750
vn -0.4334 -0.8840 -0.1755
vn -0.4440 -0.8795 -0.1713
vn -0.3429 -0.9226 0.1770
vn -0.3444 -0.9219 0.1775
vn -0.4265 -0.8868 -0.1783
vn -0.4260 -0.8869 -0.1784
vn -0.3163 -0.9331 0.1713
vn -0.3160 -0.9332 0.1710
vn -0.4500 -0.8768 -0.1694
vn -0.4500 -0.8768 -0.1697
vn -0.4866 -0.6889 -0.5373
vn -0.4623 -0.6992 -0.5454
vn -0.4621 -0.6994 -0.5452
vn -0.4375 -0.7098 -0.5521
vn -0.1602 -0.8280 0.5373
vn -0.3005 -0.9404 0.1593
vn -0.3082 -0.9370 0.1644
vn -0.3032 -0.9393 0.1608
vn -0.2959 -0.9423 0.1565
vn -0.4772 -0.8642 -0.1596
vn -0.4678 -0.8690 -0.1611
vn -0.4680 -0.8689 -0.1611
vn -0.4758 -0.8644 -0.1627
vn -0.3139 -0.9349 0.1655
vn -0.3138 -0.9350 0.1651
vn -0.4584 -0.8733 -0.1651
vn -0.4580 -0.8735 -0.1650
vn -0.0450 -0.8771 0.4781
vn -0.0451 -0.8771 0.4781
vn -0.0450 -0.8772 0.4781
vn -0.2906 -0.9449 0.1509
vn -0.2911 -0.9446 0.1514
vn -0.4781 -0.8641 -0.1574
vn -0.4788 -0.8637 -0.1577
vn -0.5800 -0.6491 -0.4923
vn -0.5801 -0.6491 -0.4921
vn -0.0670 -0.8679 0.4923
vn -0.0669 -0.8679 0.4923
vn -0.2729 -0.9517 0.1410
vn -0.2778 -0.9494 0.1464
vn -0.2747 -0.9506 0.1445
vn -0.2690 -0.9537 0.1345
vn -0.4992 -0.8558 -0.1357
vn -0.4956 -0.8563 -0.1456
vn -0.4966 -0.8557 -0.1452
vn -0.5002 -0.8553 -0.1354
vn -0.2835 -0.9477 0.1468
vn -0.2821 -0.9482 0.1461
vn -0.4841 -0.8620 -0.1506
vn -0.4848 -0.8619 -0.1487
vn 0.0354 -0.9115 0.4098
vn -0.2653 -0.9553 0.1305
vn -0.2654 -0.9554 0.1297
vn -0.5054 -0.8530 -0.1305
vn -0.5058 -0.8527 -0.1308
vn -0.6436 -0.6220 -0.4461
vn -0.0237 -0.8863 0.4625
vn -0.0237 -0.8863 0.4626
vn -0.0236 -0.8863 0.4626
vn -0.0236 -0.8863 0.4625
vn -0.0030 -0.8950 0.4461
vn -0.0029 -0.8950 0.4461
vn -0.2481 -0.9619 0.1147
vn -0.2555 -0.9591 0.1218
vn -0.2506 -0.9613 0.1146
vn -0.2444 -0.9635 0.1096
vn -0.5210 -0.8465 -0.1096
vn -0.5181 -0.8467 -0.1207
vn -0.5185 -0.8465 -0.1212
vn -0.5215 -0.8462 -0.1096
vn -0.2565 -0.9584 0.1256
vn -0.2554 -0.9588 0.1248
vn -0.5137 -0.8484 -0.1277
vn -0.5129 -0.8490 -0.1268
vn -0.2404 -0.9654 0.1013
vn -0.2402 -0.9655 0.1010
vn -0.5266 -0.8441 -0.1011
vn -0.5269 -0.8439 -0.1010
vn 0.0536 -0.9192 0.3902
vn 0.0870 -0.9334 0.3481
vn 0.0871 -0.9334 0.3481
vn -0.2333 -0.9691 0.0797
vn -0.2343 -0.9679 0.0905
vn -0.2320 -0.9688 0.0873
vn -0.2302 -0.9701 0.0765
vn -0.5418 -0.8371 -0.0758
vn -0.5374 -0.8387 -0.0886
vn -0.5378 -0.8383 -0.0890
vn -0.5386 -0.8389 -0.0777
vn -0.2408 -0.9660 0.0945
vn -0.2419 -0.9654 0.0971
vn -0.5354 -0.8390 -0.0969
vn -0.5298 -0.8424 -0.0983
vn 0.1524 -0.9613 0.2293
vn -0.2258 -0.9715 0.0724
vn -0.2256 -0.9714 0.0735
vn -0.5464 -0.8347 -0.0694
vn -0.5457 -0.8349 -0.0717
vn -0.7992 -0.5558 -0.2289
vn -0.7993 -0.5555 -0.2292
vn -0.7883 -0.5603 -0.2545
vn -0.7883 -0.5602 -0.2543
vn -0.7762 -0.5655 -0.2789
vn -0.7762 -0.5654 -0.2788
vn 0.1294 -0.9516 0.2789
vn 0.1295 -0.9515 0.2789
vn -0.2164 -0.9752 0.0475
vn -0.2252 -0.9728 0.0543
vn -0.2206 -0.9741 0.0503
vn -0.2178 -0.9751 0.0420
vn -0.5494 -0.8343 -0.0457
vn -0.5479 -0.8348 -0.0539
vn -0.5478 -0.8349 -0.0540
vn -0.5498 -0.8340 -0.0459
vn -0.2263 -0.9720 0.0638
vn -0.2261 -0.9719 0.0652
vn -0.5451 -0.8361 -0.0615
vn -0.5455 -0.8358 -0.0616
vn -0.2194 -0.9748 0.0391
vn -0.2160 -0.9756 0.0397
vn -0.5559 -0.8304 -0.0364
vn -0.5552 -0.8309 -0.0364
vn -0.8313 -0.5419 -0.1240
vn -0.8313 -0.5418 -0.1240
vn -0.8089 -0.5515 -0.2037
vn -0.8091 -0.5512 -0.2037
vn 0.1621 -0.9655 0.2037
vn 0.1617 -0.9655 0.2042
vn 0.1709 -0.9692 0.1775
vn -0.2135 -0.9768 0.0134
vn -0.2133 -0.9767 0.0216
vn -0.2133 -0.9769 0.0145
vn -0.2136 -0.9769 0.0046
vn -0.5544 -0.8322 -0.0096
vn -0.5576 -0.8299 -0.0190
vn -0.5583 -0.8294 -0.0196
vn -0.5547 -0.8320 -0.0090
vn -0.2138 -0.9765 0.0284
vn -0.5575 -0.8298 -0.0260
vn -0.5542 -0.8320 -0.0235
vn -0.2144 -0.9767 -0.0000
vn -0.2102 -0.9777 -0.0002
vn -0.5549 -0.8319 -0.0000
vn -0.8438 -0.5365 -0.0139
vn -0.8363 -0.5397 -0.0967
vn -0.8364 -0.5396 -0.0967
vn 0.1932 -0.9787 0.0693
vn -0.2139 -0.9765 -0.0254
vn -0.2124 -0.9771 -0.0151
vn -0.2133 -0.9768 -0.0216
vn -0.2147 -0.9762 -0.0300
vn -0.5575 -0.8298 0.0262
vn -0.5576 -0.8299 0.0190
vn -0.5583 -0.8294 0.0195
vn -0.5553 -0.8313 0.0234
vn -0.2108 -0.9775 -0.0110
vn -0.2104 -0.9776 -0.0101
vn -0.5544 -0.8322 0.0096
vn -0.5547 -0.8320 0.0090
vn 0.1895 -0.9771 -0.0966
vn 0.1895 -0.9771 -0.0965
vn -0.2188 -0.9750 -0.0394
vn -0.2157 -0.9757 -0.0394
vn -0.5559 -0.8305 0.0365
vn -0.5552 -0.8309 0.0364
vn -0.8362 -0.5399 0.0967
vn -0.8425 -0.5371 0.0415
vn -0.8436 -0.5367 0.0139
vn 0.1958 -0.9798 -0.0417
vn 0.1957 -0.9798 -0.0417
vn 0.1959 -0.9797 -0.0417
vn 0.1932 -0.9787 -0.0693
vn -0.2262 -0.9722 -0.0614
vn -0.2205 -0.9741 -0.0505
vn -0.2253 -0.9727 -0.0555
vn -0.2258 -0.9720 -0.0657
vn -0.5451 -0.8361 0.0615
vn -0.5479 -0.8348 0.0539
vn -0.5478 -0.8349 0.0540
vn -0.5455 -0.8358 0.0616
vn -0.2172 -0.9752 -0.0434
vn -0.2176 -0.9751 -0.0429
vn -0.5493 -0.8344 0.0457
vn -0.5498 -0.8341 0.0459
vn 0.1623 -0.9655 -0.2036
vn -0.2258 -0.9715 -0.0724
vn -0.2257 -0.9714 -0.0735
vn -0.5466 -0.8345 0.0698
vn -0.5457 -0.8349 0.0719
vn -0.8090 -0.5515 0.2037
vn -0.8175 -0.5478 0.1775
vn 0.1844 -0.9750 -0.1240
vn 0.1846 -0.9749 -0.1242
vn -0.2405 -0.9663 -0.0924
vn -0.2321 -0.9689 -0.0861
vn -0.2333 -0.9682 -0.0898
vn -0.2407 -0.9657 -0.0979
vn -0.5357 -0.8390 0.0956
vn -0.5375 -0.8386 0.0887
vn -0.5379 -0.8383 0.0891
vn -0.5294 -0.8427 0.0982
vn -0.2324 -0.9694 -0.0788
vn -0.2340 -0.9691 -0.0781
vn -0.5410 -0.8376 0.0756
vn -0.5386 -0.8389 0.0778
vn 0.1163 -0.9460 -0.3027
vn -0.2421 -0.9651 -0.1001
vn -0.2423 -0.9651 -0.0997
vn -0.5266 -0.8441 0.1011
vn -0.5269 -0.8439 0.1010
vn -0.7761 -0.5656 0.2788
vn -0.7762 -0.5655 0.2789
vn -0.7762 -0.5655 0.2788
vn -0.7762 -0.5656 0.2787
vn -0.7882 -0.5603 0.2545
vn -0.7881 -0.5605 0.2545
vn -0.7991 -0.5557 0.2293
vn -0.7992 -0.5556 0.2292
vn -0.7992 -0.5557 0.2292
vn 0.1415 -0.9566 -0.2546
vn 0.1295 -0.9516 -0.2789
vn -0.2561 -0.9587 -0.1237
vn -0.2518 -0.9612 -0.1131
vn -0.2551 -0.9593 -0.1213
vn -0.2574 -0.9579 -0.1272
vn -0.5134 -0.8485 0.1284
vn -0.5183 -0.8466 0.1207
vn -0.5187 -0.8463 0.1212
vn -0.5129 -0.8490 0.1272
vn -0.2453 -0.9629 -0.1123
vn -0.2446 -0.9631 -0.1124
vn -0.5209 -0.8465 0.1098
vn -0.5214 -0.8462 0.1097
vn 0.0536 -0.9192 -0.3900
vn 0.0538 -0.9193 -0.3899
vn 0.0537 -0.9192 -0.3901
vn -0.2654 -0.9553 -0.1306
vn -0.2655 -0.9553 -0.1297
vn -0.5054 -0.8530 0.1306
vn -0.5058 -0.8527 0.1308
vn -0.7004 -0.5977 0.3902
vn -0.7337 -0.5836 0.3481
vn -0.2810 -0.9485 -0.1461
vn -0.2741 -0.9509 -0.1436
vn -0.2771 -0.9496 -0.1466
vn -0.2867 -0.9461 -0.1503
vn -0.4841 -0.8620 0.1503
vn -0.4956 -0.8563 0.1456
vn -0.4966 -0.8557 0.1452
vn -0.4848 -0.8619 0.1486
vn -0.2729 -0.9519 -0.1392
vn -0.2739 -0.9518 -0.1384
vn -0.4992 -0.8558 0.1357
vn -0.5002 -0.8553 0.1354
vn -0.0237 -0.8863 -0.4625
vn -0.0237 -0.8862 -0.4626
vn -0.2913 -0.9447 -0.1509
vn -0.2913 -0.9446 -0.1514
vn -0.4775 -0.8645 0.1568
vn -0.4788 -0.8636 0.1581
vn -0.6436 -0.6219 0.4462
vn -0.6633 -0.6135 0.4285
vn -0.6823 -0.6054 0.4099
vn -0.3101 -0.9362 -0.1651
vn -0.3030 -0.9393 -0.1609
vn -0.3082 -0.9370 -0.1642
vn -0.3161 -0.9337 -0.1685
vn -0.4582 -0.8732 0.1657
vn -0.4678 -0.8690 0.1611
vn -0.4670 -0.8695 0.1609
vn -0.4580 -0.8734 0.1658
vn -0.2987 -0.9413 -0.1573
vn -0.2990 -0.9412 -0.1572
vn -0.4722 -0.8675 0.1562
vn -0.4720 -0.8676 0.1565
vn -0.1126 -0.8483 -0.5174
vn -0.1124 -0.8484 -0.5174
vn -0.3163 -0.9331 -0.1713
vn -0.3159 -0.9332 -0.1713
vn -0.4500 -0.8767 0.1700
vn -0.4501 -0.8766 0.1703
vn -0.5801 -0.6490 0.4922
vn -0.5799 -0.6491 0.4922
vn -0.6019 -0.6398 0.4780
vn -0.6018 -0.6398 0.4780
vn -0.0448 -0.8772 -0.4780
vn -0.0447 -0.8775 -0.4774
vn -0.0670 -0.8678 -0.4924
vn -0.0671 -0.8678 -0.4923
vn -0.0671 -0.8677 -0.4925
vn -0.0894 -0.8582 -0.5055
vn -0.0895 -0.8582 -0.5055
vn -0.3416 -0.9228 -0.1783
vn -0.3332 -0.9263 -0.1757
vn -0.3388 -0.9240 -0.1771
vn -0.3466 -0.9207 -0.1793
vn -0.4263 -0.8869 0.1779
vn -0.4336 -0.8839 0.1751
vn -0.4333 -0.8840 0.1753
vn -0.4252 -0.8874 0.1781
vn -0.3262 -0.9283 -0.1786
vn -0.3274 -0.9277 -0.1794
vn -0.4421 -0.8803 0.1721
vn -0.4440 -0.8795 0.1713
vn -0.3522 -0.9183 -0.1807
vn -0.3527 -0.9183 -0.1800
vn -0.4189 -0.8899 0.1808
vn -0.4189 -0.8898 0.1811
vn -0.4621 -0.6994 0.5452
vn -0.4866 -0.6889 0.5373
vn -0.4865 -0.6890 0.5372
vn -0.5106 -0.6786 0.5279
vn -0.5106 -0.6787 0.5279
vn -0.5105 -0.6787 0.5279
vn -0.1601 -0.8280 -0.5373
vn -0.1845 -0.8177 -0.5453
vn -0.3779 -0.9064 -0.1889
vn -0.3665 -0.9116 -0.1864
vn -0.3701 -0.9100 -0.1870
vn -0.3787 -0.9062 -0.1880
vn -0.3978 -0.8986 0.1852
vn -0.4018 -0.8962 0.1881
vn -0.4015 -0.8961 0.1890
vn -0.3900 -0.9021 0.1848
vn -0.3606 -0.9140 -0.1861
vn -0.3603 -0.9140 -0.1867
vn -0.4109 -0.8934 0.1816
vn -0.4113 -0.8932 0.1820
vn -0.3363 -0.7528 0.5659
vn -0.3361 -0.7528 0.5659
vn -0.3367 -0.7529 0.5655
vn -0.3364 -0.7530 0.5655
vn -0.3618 -0.7421 0.5643
vn -0.3872 -0.7312 0.5616
vn -0.4123 -0.7206 0.5575
vn -0.4120 -0.7207 0.5576
vn -0.4123 -0.7206 0.5574
vn -0.4124 -0.7205 0.5575
vn -0.2598 -0.7856 -0.5616
vn -0.2851 -0.7747 -0.5644
vn -0.2850 -0.7747 -0.5644
vn 0.3355 0.9246 -0.1806
vn 0.3382 0.9238 -0.1796
vn 0.3295 0.9279 -0.1742
vn 0.3261 0.9293 -0.1736
vn 0.3409 0.9230 -0.1785
vn 0.3468 0.9208 -0.1787
vn 0.4341 0.8837 0.1747
vn 0.4325 0.8841 0.1770
vn 0.4427 0.8797 0.1737
vn 0.4428 0.8796 0.1741
vn 0.4255 0.8864 0.1825
vn 0.4290 0.8849 0.1816
vn 0.1361 0.8383 -0.5279
vn 0.1361 0.8383 -0.5280
vn 0.1601 0.8280 -0.5373
vn 0.1601 0.8281 -0.5373
vn 0.1602 0.8281 -0.5373
vn 0.1601 0.8281 -0.5372
vn 0.1845 0.8176 -0.5454
vn 0.2093 0.8071 -0.5521
vn 0.4374 0.7098 0.5522
vn 0.4373 0.7099 0.5521
vn 0.4374 0.7098 0.5521
vn 0.4622 0.6993 0.5453
vn 0.4866 0.6889 0.5373
vn 0.4866 0.6888 0.5373
vn 0.5107 0.6786 0.5278
vn 0.5107 0.6787 0.5278
vn 0.5107 0.6786 0.5279
vn 0.4542 0.8746 0.1694
vn 0.4477 0.8775 0.1719
vn 0.3222 0.9303 -0.1752
vn 0.3222 0.9306 -0.1738
vn 0.3024 0.9389 -0.1645
vn 0.3055 0.9376 -0.1662
vn 0.2982 0.9407 -0.1619
vn 0.2950 0.9420 -0.1600
vn 0.3113 0.9350 -0.1699
vn 0.3113 0.9351 -0.1696
vn 0.4667 0.8687 0.1663
vn 0.4664 0.8689 0.1655
vn 0.4707 0.8678 0.1591
vn 0.4748 0.8659 0.1574
vn 0.4553 0.8739 0.1704
vn 0.4620 0.8708 0.1684
vn 0.0449 0.8772 -0.4781
vn 0.0668 0.8679 -0.4923
vn 0.0668 0.8678 -0.4923
vn 0.0893 0.8582 -0.5054
vn 0.0893 0.8583 -0.5054
vn 0.1124 0.8484 -0.5173
vn 0.5343 0.6685 0.5173
vn 0.5574 0.6587 0.5054
vn 0.5799 0.6491 0.4923
vn 0.5800 0.6491 0.4923
vn 0.6018 0.6397 0.4781
vn 0.4797 0.8642 0.1521
vn 0.4792 0.8643 0.1531
vn 0.2891 0.9445 -0.1562
vn 0.2890 0.9445 -0.1563
vn 0.2752 0.9509 -0.1414
vn 0.2797 0.9495 -0.1422
vn 0.2741 0.9518 -0.1374
vn 0.2738 0.9518 -0.1386
vn 0.2819 0.9475 -0.1510
vn 0.2824 0.9474 -0.1509
vn 0.4947 0.8566 0.1468
vn 0.4910 0.8589 0.1459
vn 0.5015 0.8538 0.1398
vn 0.5012 0.8540 0.1395
vn 0.4871 0.8600 0.1518
vn 0.4897 0.8591 0.1490
vn -0.0355 0.9115 -0.4098
vn -0.0166 0.9034 -0.4285
vn 0.0031 0.8950 -0.4461
vn 0.0237 0.8863 -0.4626
vn 0.0237 0.8863 -0.4625
vn 0.0237 0.8862 -0.4626
vn 0.6231 0.6307 0.4626
vn 0.6437 0.6219 0.4461
vn 0.6436 0.6219 0.4461
vn 0.6437 0.6218 0.4460
vn 0.6633 0.6135 0.4286
vn 0.6633 0.6135 0.4285
vn 0.6823 0.6054 0.4099
vn 0.6823 0.6054 0.4098
vn 0.6822 0.6054 0.4100
vn 0.5094 0.8505 0.1312
vn 0.5060 0.8520 0.1347
vn 0.2609 0.9566 -0.1296
vn 0.2645 0.9548 -0.1356
vn 0.2489 0.9612 -0.1191
vn 0.2548 0.9594 -0.1212
vn 0.2501 0.9621 -0.1089
vn 0.2495 0.9621 -0.1096
vn 0.2615 0.9572 -0.1239
vn 0.2605 0.9575 -0.1238
vn 0.5184 0.8475 0.1143
vn 0.5177 0.8479 0.1145
vn 0.5206 0.8460 0.1151
vn 0.5258 0.8437 0.1080
vn 0.5102 0.8504 0.1289
vn 0.5151 0.8484 0.1216
vn -0.1022 0.9399 -0.3258
vn -0.0868 0.9334 -0.3481
vn -0.0869 0.9334 -0.3481
vn -0.0708 0.9265 -0.3696
vn -0.0708 0.9265 -0.3695
vn -0.0536 0.9192 -0.3902
vn -0.0536 0.9192 -0.3901
vn 0.7004 0.5977 0.3901
vn 0.7005 0.5976 0.3902
vn 0.7004 0.5976 0.3902
vn 0.7004 0.5977 0.3900
vn 0.7175 0.5904 0.3697
vn 0.7175 0.5904 0.3696
vn 0.7337 0.5835 0.3481
vn 0.7489 0.5770 0.3259
vn 0.7489 0.5770 0.3260
vn 0.7489 0.5770 0.3258
vn 0.5302 0.8413 0.1055
vn 0.5299 0.8416 0.1047
vn 0.2398 0.9655 -0.1011
vn 0.2442 0.9637 -0.1075
vn 0.2345 0.9685 -0.0842
vn 0.2374 0.9673 -0.0895
vn 0.2326 0.9695 -0.0778
vn 0.2326 0.9695 -0.0777
vn 0.2422 0.9656 -0.0942
vn 0.2422 0.9654 -0.0962
vn 0.5340 0.8411 0.0862
vn 0.5337 0.8413 0.0860
vn 0.5376 0.8393 0.0813
vn 0.5400 0.8382 0.0760
vn 0.5295 0.8427 0.0975
vn 0.5319 0.8418 0.0925
vn -0.1524 0.9614 -0.2292
vn -0.1524 0.9614 -0.2293
vn -0.1525 0.9614 -0.2292
vn -0.1415 0.9567 -0.2544
vn -0.1295 0.9515 -0.2789
vn -0.1295 0.9515 -0.2790
vn -0.1295 0.9516 -0.2789
vn -0.1164 0.9459 -0.3027
vn -0.1164 0.9460 -0.3027
vn 0.7633 0.5707 0.3029
vn 0.7632 0.5707 0.3029
vn 0.7763 0.5653 0.2789
vn 0.7762 0.5654 0.2789
vn 0.7883 0.5602 0.2544
vn 0.7992 0.5556 0.2294
vn 0.7992 0.5556 0.2293
vn 0.5465 0.8343 0.0726
vn 0.5435 0.8361 0.0750
vn 0.2273 0.9714 -0.0681
vn 0.2299 0.9705 -0.0722
vn 0.2190 0.9745 -0.0492
vn 0.2234 0.9730 -0.0575
vn 0.2167 0.9751 -0.0471
vn 0.2170 0.9751 -0.0462
vn 0.2267 0.9720 -0.0616
vn 0.2265 0.9721 -0.0614
vn 0.5512 0.8325 0.0556
vn 0.5504 0.8329 0.0568
vn 0.5518 0.8325 0.0494
vn 0.5528 0.8323 0.0412
vn 0.5472 0.8345 0.0647
vn 0.5482 0.8341 0.0611
vn -0.1844 0.9750 -0.1240
vn -0.1845 0.9750 -0.1240
vn -0.1843 0.9750 -0.1243
vn -0.1846 0.9749 -0.1242
vn -0.1783 0.9723 -0.1509
vn -0.1709 0.9692 -0.1775
vn -0.1709 0.9692 -0.1774
vn -0.1622 0.9655 -0.2037
vn -0.1621 0.9655 -0.2038
vn -0.1622 0.9655 -0.2036
vn 0.8090 0.5514 0.2036
vn 0.8176 0.5477 0.1775
vn 0.8250 0.5446 0.1509
vn 0.8250 0.5446 0.1510
vn 0.8314 0.5417 0.1240
vn 0.8312 0.5419 0.1240
vn 0.8313 0.5417 0.1240
vn 0.8315 0.5415 0.1240
vn 0.5512 0.8336 0.0347
vn 0.5516 0.8334 0.0352
vn 0.2189 0.9752 -0.0334
vn 0.2204 0.9746 -0.0392
vn 0.2132 0.9769 -0.0144
vn 0.2149 0.9764 -0.0232
vn 0.2179 0.9759 -0.0080
vn 0.2174 0.9761 -0.0077
vn 0.2178 0.9756 -0.0263
vn 0.2174 0.9757 -0.0266
vn 0.5545 0.8319 0.0214
vn 0.5534 0.8327 0.0198
vn 0.5582 0.8296 0.0121
vn 0.5581 0.8298 0.0065
vn 0.5538 0.8321 0.0312
vn 0.5550 0.8316 0.0224
vn -0.1970 0.9803 -0.0139
vn -0.1957 0.9798 -0.0416
vn -0.1932 0.9787 -0.0692
vn -0.1895 0.9771 -0.0967
vn 0.8363 0.5396 0.0967
vn 0.8363 0.5398 0.0967
vn 0.8364 0.5396 0.0967
vn 0.8400 0.5382 0.0692
vn 0.8425 0.5371 0.0416
vn 0.8437 0.5366 0.0139
vn 0.5589 0.8292 -0.0000
vn 0.5590 0.8292 -0.0000
vn 0.2158 0.9764 0.0037
vn 0.2157 0.9764 -0.0037
vn 0.2137 0.9768 0.0161
vn 0.2142 0.9767 0.0149
vn 0.2179 0.9756 0.0265
vn 0.2176 0.9757 0.0269
vn 0.2181 0.9759 0.0091
vn 0.2176 0.9760 0.0099
vn 0.5544 0.8320 -0.0214
vn 0.5534 0.8327 -0.0198
vn 0.5544 0.8319 -0.0225
vn 0.5536 0.8322 -0.0311
vn 0.5581 0.8298 -0.0065
vn 0.5582 0.8296 -0.0121
vn -0.1895 0.9771 0.0968
vn -0.1894 0.9771 0.0968
vn -0.1896 0.9771 0.0970
vn -0.1932 0.9787 0.0692
vn -0.1957 0.9798 0.0416
vn -0.1970 0.9803 0.0139
vn 0.8435 0.5370 -0.0136
vn 0.8436 0.5367 -0.0139
vn 0.8437 0.5366 -0.0139
vn 0.8438 0.5365 -0.0139
vn 0.8425 0.5371 -0.0416
vn 0.8400 0.5382 -0.0692
vn 0.8362 0.5398 -0.0968
vn 0.8362 0.5398 -0.0967
vn 0.8361 0.5399 -0.0968
vn 0.8362 0.5398 -0.0969
vn 0.5513 0.8336 -0.0347
vn 0.5516 0.8334 -0.0352
vn 0.2200 0.9747 0.0394
vn 0.2182 0.9753 0.0333
vn 0.2229 0.9731 0.0573
vn 0.2194 0.9744 0.0491
vn 0.2270 0.9719 0.0618
vn 0.2270 0.9719 0.0622
vn 0.2169 0.9750 0.0473
vn 0.2172 0.9750 0.0465
vn 0.5510 0.8326 -0.0558
vn 0.5503 0.8330 -0.0568
vn 0.5482 0.8341 -0.0611
vn 0.5473 0.8344 -0.0648
vn 0.5527 0.8323 -0.0412
vn 0.5517 0.8326 -0.0495
vn -0.1622 0.9655 0.2037
vn -0.1622 0.9655 0.2036
vn -0.1621 0.9655 0.2037
vn -0.1709 0.9692 0.1775
vn -0.1709 0.9692 0.1774
vn -0.1783 0.9723 0.1509
vn -0.1844 0.9750 0.1240
vn -0.1845 0.9750 0.1241
vn -0.1845 0.9750 0.1240
vn 0.8312 0.5419 -0.1241
vn 0.8312 0.5419 -0.1240
vn 0.8313 0.5419 -0.1240
vn 0.8250 0.5446 -0.1510
vn 0.8250 0.5446 -0.1511
vn 0.8250 0.5446 -0.1509
vn 0.8176 0.5477 -0.1775
vn 0.8090 0.5514 -0.2036
vn 0.5467 0.8343 -0.0721
vn 0.5437 0.8359 -0.0751
vn 0.2299 0.9706 0.0719
vn 0.2272 0.9715 0.0681
vn 0.2374 0.9673 0.0897
vn 0.2350 0.9683 0.0843
vn 0.2405 0.9663 0.0922
vn 0.2394 0.9666 0.0920
vn 0.2327 0.9694 0.0780
vn 0.2328 0.9694 0.0780
vn 0.5337 0.8413 -0.0862
vn 0.5330 0.8417 -0.0862
vn 0.5318 0.8418 -0.0925
vn 0.5296 0.8426 -0.0977
vn 0.5400 0.8382 -0.0760
vn 0.5376 0.8393 -0.0815
vn -0.1164 0.9460 0.3027
vn -0.1164 0.9459 0.3027
vn -0.1295 0.9515 0.2789
vn -0.1295 0.9516 0.2789
vn -0.1415 0.9567 0.2544
vn -0.1416 0.9567 0.2545
vn -0.1416 0.9567 0.2544
vn -0.1525 0.9613 0.2293
vn 0.7992 0.5556 -0.2293
vn 0.7883 0.5602 -0.2544
vn 0.7883 0.5602 -0.2545
vn 0.7763 0.5654 -0.2789
vn 0.7763 0.5654 -0.2788
vn 0.7762 0.5654 -0.2789
vn 0.7632 0.5708 -0.3027
vn 0.7632 0.5709 -0.3027
vn 0.5300 0.8414 -0.1053
vn 0.5296 0.8418 -0.1046
vn 0.2445 0.9637 0.1069
vn 0.2394 0.9654 0.1037
vn 0.2552 0.9592 0.1221
vn 0.2501 0.9614 0.1151
vn 0.2610 0.9574 0.1235
vn 0.2601 0.9576 0.1238
vn 0.2501 0.9621 0.1089
vn 0.2495 0.9622 0.1095
vn 0.5188 0.8472 -0.1143
vn 0.5168 0.8484 -0.1147
vn 0.5156 0.8480 -0.1229
vn 0.5114 0.8496 -0.1289
vn 0.5257 0.8437 -0.1083
vn 0.5207 0.8459 -0.1154
vn -0.0536 0.9192 0.3901
vn -0.0707 0.9265 0.3696
vn -0.0708 0.9265 0.3696
vn -0.0871 0.9334 0.3481
vn -0.0869 0.9334 0.3481
vn -0.0868 0.9334 0.3481
vn -0.1022 0.9399 0.3258
vn 0.7489 0.5770 -0.3258
vn 0.7337 0.5835 -0.3481
vn 0.7175 0.5904 -0.3696
vn 0.7004 0.5977 -0.3902
vn 0.5080 0.8510 -0.1334
vn 0.5082 0.8509 -0.1331
vn 0.2658 0.9546 0.1349
vn 0.2600 0.9568 0.1303
vn 0.2806 0.9489 0.1447
vn 0.2762 0.9508 0.1405
vn 0.2818 0.9476 0.1507
vn 0.2821 0.9475 0.1503
vn 0.2733 0.9524 0.1351
vn 0.2709 0.9532 0.1340
vn 0.4947 0.8566 -0.1469
vn 0.4909 0.8589 -0.1459
vn 0.4896 0.8591 -0.1490
vn 0.4871 0.8600 -0.1518
vn 0.5026 0.8534 -0.1381
vn 0.4995 0.8548 -0.1408
vn 0.0237 0.8862 0.4627
vn 0.0239 0.8862 0.4627
vn 0.0031 0.8950 0.4461
vn -0.0166 0.9034 0.4285
vn -0.0355 0.9115 0.4098
vn 0.6824 0.6054 -0.4098
vn 0.6823 0.6054 -0.4098
vn 0.6633 0.6135 -0.4286
vn 0.6634 0.6135 -0.4285
vn 0.6633 0.6136 -0.4285
vn 0.6632 0.6136 -0.4286
vn 0.6436 0.6219 -0.4460
vn 0.6436 0.6219 -0.4461
vn 0.6231 0.6307 -0.4626
vn 0.4795 0.8643 -0.1520
vn 0.4792 0.8643 -0.1531
vn 0.2907 0.9438 0.1571
vn 0.2878 0.9451 0.1547
vn 0.3055 0.9376 0.1662
vn 0.3024 0.9389 0.1645
vn 0.3115 0.9349 0.1700
vn 0.3117 0.9349 0.1698
vn 0.2965 0.9413 0.1612
vn 0.2965 0.9413 0.1613
vn 0.4667 0.8687 -0.1661
vn 0.4664 0.8689 -0.1655
vn 0.4614 0.8710 -0.1688
vn 0.4563 0.8732 -0.1710
vn 0.4749 0.8659 -0.1571
vn 0.4702 0.8680 -0.1595
vn 0.1124 0.8484 0.5173
vn 0.0893 0.8582 0.5054
vn 0.0893 0.8583 0.5054
vn 0.0668 0.8679 0.4923
vn 0.0668 0.8678 0.4923
vn 0.0449 0.8772 0.4781
vn 0.6018 0.6397 -0.4781
vn 0.5799 0.6491 -0.4923
vn 0.5574 0.6587 -0.5054
vn 0.5344 0.6684 -0.5173
vn 0.5343 0.6685 -0.5173
vn 0.4477 0.8775 -0.1717
vn 0.4488 0.8766 -0.1738
vn 0.3237 0.9306 0.1710
vn 0.3161 0.9329 0.1725
vn 0.3377 0.9237 0.1809
vn 0.3314 0.9263 0.1791
vn 0.3437 0.9215 0.1806
vn 0.3460 0.9213 0.1774
vn 0.3282 0.9286 0.1731
vn 0.3282 0.9285 0.1739
vn 0.4339 0.8838 -0.1751
vn 0.4325 0.8841 -0.1769
vn 0.4292 0.8847 -0.1819
vn 0.4252 0.8865 -0.1827
vn 0.4446 0.8787 -0.1735
vn 0.4415 0.8801 -0.1745
vn 0.2093 0.8071 0.5521
vn 0.1845 0.8176 0.5454
vn 0.1844 0.8177 0.5454
vn 0.1845 0.8177 0.5453
vn 0.1601 0.8281 0.5373
vn 0.1601 0.8280 0.5374
vn 0.1361 0.8383 0.5279
vn 0.1361 0.8383 0.5280
vn 0.5107 0.6786 -0.5280
vn 0.5107 0.6786 -0.5279
vn 0.5107 0.6787 -0.5278
vn 0.4866 0.6889 -0.5373
vn 0.4866 0.6888 -0.5373
vn 0.4622 0.6993 -0.5453
vn 0.4375 0.7098 -0.5521
vn 0.4180 0.8893 -0.1857
vn 0.4169 0.8898 -0.1853
vn 0.3563 0.9166 0.1815
vn 0.3481 0.9197 0.1816
vn 0.3732 0.9092 0.1844
vn 0.3650 0.9124 0.1850
vn 0.3767 0.9079 0.1839
vn 0.3769 0.9077 0.1844
vn 0.3611 0.9147 0.1814
vn 0.3609 0.9147 0.1820
vn 0.4019 0.8963 -0.1876
vn 0.4018 0.8963 -0.1874
vn 0.3960 0.8989 -0.1874
vn 0.3913 0.9009 -0.1879
vn 0.4142 0.8914 -0.1841
vn 0.4069 0.8943 -0.1864
vn 0.3106 0.7639 0.5657
vn 0.2851 0.7748 0.5643
vn 0.2598 0.7856 0.5615
vn 0.2597 0.7856 0.5616
vn 0.2598 0.7856 0.5616
vn 0.2344 0.7964 0.5575
vn 0.2345 0.7964 0.5575
vn 0.4122 0.7206 -0.5576
vn 0.4120 0.7207 -0.5576
vn 0.4123 0.7206 -0.5575
vn 0.4123 0.7205 -0.5576
vn 0.3870 0.7313 -0.5616
vn 0.3871 0.7312 -0.5617
vn 0.3617 0.7421 -0.5643
vn 0.3362 0.7530 -0.5657
vn 0.3363 0.7530 -0.5657
vn 0.3863 0.9041 -0.1826
vn 0.3852 0.9045 -0.1833
vn 0.3888 0.9026 0.1847
vn 0.3826 0.9054 0.1838
vn 0.4033 0.8957 0.1872
vn 0.3994 0.8976 0.1867
vn 0.4102 0.8925 0.1877
vn 0.4125 0.8915 0.1875
vn 0.3949 0.9002 0.1837
vn 0.3944 0.9003 0.1843
vn 0.3711 0.9106 -0.1820
vn 0.3695 0.9099 -0.1886
vn 0.3625 0.9140 -0.1821
vn 0.3580 0.9157 -0.1824
vn 0.3800 0.9062 -0.1853
vn 0.3754 0.9087 -0.1825
vn 0.4123 0.7205 0.5575
vn 0.3872 0.7312 0.5616
vn 0.3871 0.7312 0.5616
vn 0.3618 0.7420 0.5643
vn 0.3106 0.7638 -0.5658
vn 0.3106 0.7638 -0.5659
vn 0.2597 0.7855 -0.5617
vn 0.3545 0.9175 -0.1802
vn 0.3554 0.9165 -0.1833
vn 0.4218 0.8879 0.1837
vn 0.4154 0.8907 0.1846
vn 0.4382 0.8814 0.1763
vn 0.4309 0.8843 0.1799
vn 0.4415 0.8807 0.1717
vn 0.4405 0.8810 0.1726
vn 0.4270 0.8856 0.1827
vn 0.4270 0.8857 0.1821
vn 0.3363 0.9251 -0.1764
vn 0.3364 0.9250 -0.1765
vn 0.3294 0.9279 -0.1745
vn 0.3262 0.9292 -0.1735
vn 0.3472 0.9205 -0.1796
vn 0.3423 0.9226 -0.1780
vn 0.5108 0.6785 0.5279
vn 0.4375 0.7098 0.5521
vn 0.2093 0.8071 -0.5520
vn 0.1845 0.8177 -0.5453
vn 0.3203 0.9322 -0.1684
vn 0.3216 0.9304 -0.1757
vn 0.4540 0.8746 0.1702
vn 0.4526 0.8746 0.1739
vn 0.4678 0.8692 0.1603
vn 0.4628 0.8711 0.1643
vn 0.4726 0.8671 0.1573
vn 0.4727 0.8670 0.1576
vn 0.4581 0.8732 0.1664
vn 0.4582 0.8730 0.1669
vn 0.3022 0.9395 -0.1613
vn 0.3044 0.9388 -0.1612
vn 0.2980 0.9407 -0.1622
vn 0.2949 0.9420 -0.1600
vn 0.3158 0.9334 -0.1702
vn 0.3087 0.9367 -0.1654
vn 0.6019 0.6397 0.4781
vn 0.6021 0.6397 0.4777
vn 0.6019 0.6397 0.4780
vn 0.5799 0.6491 0.4924
vn 0.2890 0.9443 -0.1572
vn 0.2886 0.9446 -0.1564
vn 0.4813 0.8634 0.1513
vn 0.4775 0.8648 0.1553
vn 0.4957 0.8565 0.1439
vn 0.4931 0.8576 0.1462
vn 0.5015 0.8539 0.1393
vn 0.5016 0.8538 0.1391
vn 0.4892 0.8599 0.1456
vn 0.4876 0.8607 0.1464
vn 0.2754 0.9503 -0.1455
vn 0.2758 0.9502 -0.1449
vn 0.2722 0.9517 -0.1419
vn 0.2677 0.9540 -0.1351
vn 0.2860 0.9463 -0.1504
vn 0.2841 0.9475 -0.1469
vn 0.6634 0.6134 0.4285
vn 0.6634 0.6135 0.4285
vn 0.6231 0.6306 0.4626
vn 0.6233 0.6305 0.4626
vn 0.2621 0.9557 -0.1339
vn 0.2628 0.9554 -0.1343
vn 0.5093 0.8507 0.1304
vn 0.5067 0.8516 0.1343
vn 0.5204 0.8458 0.1175
vn 0.5171 0.8472 0.1220
vn 0.5240 0.8444 0.1119
vn 0.5238 0.8445 0.1117
vn 0.5152 0.8479 0.1252
vn 0.5152 0.8482 0.1229
vn 0.2522 0.9600 -0.1215
vn 0.2563 0.9593 -0.1188
vn 0.2475 0.9622 -0.1140
vn 0.2451 0.9632 -0.1101
vn 0.2586 0.9575 -0.1277
vn 0.2558 0.9587 -0.1246
vn 0.7337 0.5835 0.3482
vn 0.7003 0.5977 0.3902
vn 0.7004 0.5977 0.3902
vn 0.2403 0.9652 -0.1027
vn 0.2406 0.9652 -0.1024
vn 0.5308 0.8413 0.1025
vn 0.5279 0.8426 0.1062
vn 0.5396 0.8374 0.0870
vn 0.5356 0.8395 0.0914
vn 0.5403 0.8373 0.0838
vn 0.5380 0.8392 0.0794
vn 0.5293 0.8430 0.0962
vn 0.5302 0.8425 0.0951
vn 0.2325 0.9685 -0.0892
vn 0.2329 0.9684 -0.0887
vn 0.2344 0.9687 -0.0816
vn 0.2297 0.9703 -0.0760
vn 0.2406 0.9655 -0.0992
vn 0.2355 0.9675 -0.0926
vn 0.7763 0.5654 0.2789
vn 0.7631 0.5710 0.3027
vn 0.7630 0.5711 0.3027
vn 0.7631 0.5711 0.3027
vn -0.1165 0.9459 -0.3027
vn -0.1525 0.9613 -0.2293
vn -0.1524 0.9613 -0.2293
vn 0.2252 0.9715 -0.0733
vn 0.2256 0.9715 -0.0724
vn 0.5450 0.8355 0.0698
vn 0.5441 0.8358 0.0734
vn 0.5510 0.8328 0.0524
vn 0.5497 0.8335 0.0563
vn 0.5491 0.8346 0.0425
vn 0.5497 0.8342 0.0443
vn 0.5477 0.8343 0.0632
vn 0.5477 0.8343 0.0633
vn 0.2185 0.9744 -0.0522
vn 0.2187 0.9744 -0.0527
vn 0.2175 0.9748 -0.0489
vn 0.2169 0.9753 -0.0426
vn 0.2261 0.9719 -0.0660
vn 0.2261 0.9723 -0.0595
vn 0.8313 0.5418 0.1240
vn 0.8177 0.5477 0.1775
vn -0.1783 0.9723 -0.1508
vn 0.2150 0.9760 -0.0361
vn 0.2158 0.9758 -0.0362
vn 0.5554 0.8309 0.0344
vn 0.5540 0.8316 0.0395
vn 0.5551 0.8317 0.0148
vn 0.5536 0.8325 0.0217
vn 0.5547 0.8320 0.0086
vn 0.5548 0.8319 0.0085
vn 0.5554 0.8310 0.0309
vn 0.5544 0.8317 0.0307
vn 0.2173 0.9760 -0.0149
vn 0.2119 0.9771 -0.0168
vn 0.2153 0.9765 -0.0130
vn 0.2161 0.9764 -0.0054
vn 0.2178 0.9756 -0.0295
vn 0.2174 0.9758 -0.0253
vn 0.8437 0.5367 0.0140
vn 0.8362 0.5398 0.0967
vn 0.2175 0.9761 -0.0000
vn 0.2174 0.9761 -0.0000
vn 0.5552 0.8317 -0.0021
vn 0.5552 0.8317 0.0021
vn 0.5528 0.8331 -0.0202
vn 0.5551 0.8316 -0.0147
vn 0.5561 0.8305 -0.0309
vn 0.5517 0.8337 -0.0253
vn 0.5546 0.8321 -0.0088
vn 0.5547 0.8320 -0.0090
vn 0.2171 0.9760 0.0147
vn 0.2120 0.9771 0.0166
vn 0.2174 0.9758 0.0253
vn 0.2178 0.9755 0.0295
vn 0.2161 0.9764 0.0054
vn 0.2153 0.9765 0.0130
vn 0.8362 0.5398 -0.0966
vn 0.8400 0.5382 -0.0693
vn 0.8400 0.5382 -0.0691
vn -0.1895 0.9771 0.0967
vn 0.2150 0.9759 0.0362
vn 0.2158 0.9758 0.0362
vn 0.5535 0.8319 -0.0394
vn 0.5550 0.8311 -0.0360
vn 0.5500 0.8333 -0.0558
vn 0.5509 0.8329 -0.0522
vn 0.5478 0.8342 -0.0632
vn 0.5479 0.8342 -0.0631
vn 0.5484 0.8351 -0.0436
vn 0.5496 0.8342 -0.0448
vn 0.2188 0.9744 0.0519
vn 0.2189 0.9743 0.0525
vn 0.2261 0.9723 0.0595
vn 0.2261 0.9719 0.0660
vn 0.2169 0.9753 0.0425
vn 0.2175 0.9748 0.0490
vn 0.8177 0.5476 -0.1775
vn -0.1782 0.9724 0.1508
vn 0.2254 0.9715 0.0734
vn 0.2256 0.9715 0.0724
vn 0.5438 0.8360 -0.0736
vn 0.5450 0.8355 -0.0703
vn 0.5370 0.8386 -0.0917
vn 0.5389 0.8381 -0.0851
vn 0.5293 0.8430 -0.0956
vn 0.5302 0.8425 -0.0949
vn 0.5434 0.8359 -0.0775
vn 0.5386 0.8390 -0.0777
vn 0.2323 0.9685 0.0893
vn 0.2329 0.9684 0.0888
vn 0.2358 0.9674 0.0924
vn 0.2407 0.9655 0.0993
vn 0.2298 0.9703 0.0760
vn 0.2344 0.9688 0.0812
vn 0.7631 0.5710 -0.3027
vn 0.7631 0.5709 -0.3027
vn 0.7633 0.5708 -0.3027
vn 0.7763 0.5653 -0.2789
vn 0.7763 0.5653 -0.2788
vn 0.7883 0.5602 -0.2546
vn -0.1524 0.9613 0.2293
vn -0.1524 0.9614 0.2293
vn 0.2403 0.9652 0.1027
vn 0.2406 0.9652 0.1024
vn 0.5274 0.8429 -0.1065
vn 0.5306 0.8416 -0.1010
vn 0.5166 0.8476 -0.1214
vn 0.5204 0.8458 -0.1175
vn 0.5148 0.8480 -0.1259
vn 0.5151 0.8479 -0.1253
vn 0.5239 0.8444 -0.1119
vn 0.5238 0.8445 -0.1117
vn 0.2520 0.9601 0.1216
vn 0.2565 0.9593 0.1182
vn 0.2555 0.9587 0.1247
vn 0.2587 0.9574 0.1280
vn 0.2451 0.9632 0.1102
vn 0.2477 0.9621 0.1140
vn 0.7005 0.5976 -0.3901
vn 0.7337 0.5835 -0.3482
vn -0.0868 0.9334 0.3480
vn -0.0536 0.9192 0.3902
vn 0.2622 0.9557 0.1341
vn 0.2628 0.9554 0.1343
vn 0.5064 0.8518 -0.1346
vn 0.5092 0.8507 -0.1304
vn 0.4935 0.8574 -0.1462
vn 0.4959 0.8564 -0.1435
vn 0.4842 0.8618 -0.1514
vn 0.4848 0.8618 -0.1493
vn 0.5014 0.8539 -0.1394
vn 0.5013 0.8540 -0.1395
vn 0.2754 0.9503 0.1455
vn 0.2758 0.9502 0.1449
vn 0.2841 0.9475 0.1468
vn 0.2860 0.9464 0.1504
vn 0.2677 0.9540 0.1351
vn 0.2722 0.9517 0.1418
vn 0.6232 0.6306 -0.4627
vn 0.6633 0.6135 -0.4285
vn 0.0237 0.8862 0.4626
vn 0.2889 0.9444 0.1573
vn 0.2886 0.9446 0.1564
vn 0.4776 0.8648 -0.1553
vn 0.4808 0.8636 -0.1514
vn 0.4632 0.8712 -0.1629
vn 0.4687 0.8684 -0.1617
vn 0.4582 0.8731 -0.1663
vn 0.4583 0.8730 -0.1669
vn 0.4725 0.8672 -0.1574
vn 0.4725 0.8671 -0.1577
vn 0.3038 0.9391 0.1606
vn 0.3044 0.9388 0.1612
vn 0.3103 0.9362 0.1650
vn 0.3158 0.9337 0.1685
vn 0.2946 0.9421 0.1600
vn 0.2980 0.9406 0.1626
vn 0.6019 0.6397 -0.4779
vn 0.0449 0.8771 0.4782
vn 0.0893 0.8582 0.5055
vn 0.0893 0.8582 0.5056
vn 0.3208 0.9319 0.1693
vn 0.3221 0.9314 0.1693
vn 0.4474 0.8771 -0.1744
vn 0.4543 0.8746 -0.1697
vn 0.4311 0.8843 -0.1793
vn 0.4378 0.8819 -0.1749
vn 0.4271 0.8855 -0.1831
vn 0.4272 0.8855 -0.1825
vn 0.4430 0.8800 -0.1711
vn 0.4437 0.8797 -0.1713
vn 0.3363 0.9251 0.1763
vn 0.3364 0.9250 0.1766
vn 0.3413 0.9230 0.1778
vn 0.3480 0.9200 0.1805
vn 0.3263 0.9292 0.1734
vn 0.3295 0.9279 0.1745
vn 0.4376 0.7098 -0.5521
vn 0.4374 0.7098 -0.5521
vn 0.4866 0.6887 -0.5375
vn 0.5108 0.6785 -0.5279
vn 0.1362 0.8383 0.5279
vn 0.1601 0.8281 0.5372
vn 0.1846 0.8177 0.5453
vn 0.3550 0.9172 0.1811
vn 0.3551 0.9167 0.1833
vn 0.4157 0.8904 -0.1855
vn 0.4219 0.8878 -0.1838
vn 0.3998 0.8972 -0.1877
vn 0.4046 0.8953 -0.1864
vn 0.3946 0.9003 -0.1837
vn 0.3940 0.9005 -0.1842
vn 0.4095 0.8928 -0.1876
vn 0.4073 0.8941 -0.1862
vn 0.3689 0.9115 0.1821
vn 0.3691 0.9115 0.1814
vn 0.3785 0.9072 0.1838
vn 0.3781 0.9073 0.1839
vn 0.3580 0.9157 0.1824
vn 0.3624 0.9140 0.1823
vn 0.3871 0.7313 -0.5616
vn 0.4123 0.7205 -0.5575
vn 0.4124 0.7205 -0.5575
vn 0.2344 0.7963 0.5576
vn 0.2852 0.7748 0.5642
vn 0.2851 0.7747 0.5644
vn -0.9362 0.2326 0.2636
vn -0.9232 0.2271 0.3099
vn -0.8160 0.5145 0.2636
vn -0.8160 0.5144 0.2636
vn -0.8031 0.5090 0.3098
vn -0.8031 0.5090 0.3099
vn -0.9746 -0.1166 0.1911
vn -0.9746 -0.1166 0.1912
vn -0.9651 -0.1207 0.2326
vn -0.9536 -0.1255 0.2735
vn -0.9404 -0.1312 0.3138
vn -0.9082 0.2207 0.3556
vn -0.7879 0.5026 0.3557
vn -0.7880 0.5026 0.3556
vn -0.5564 0.7694 0.3138
vn -0.5564 0.7693 0.3138
vn -0.5697 0.7750 0.2735
vn -0.5811 0.7799 0.2325
vn -0.5811 0.7799 0.2326
vn -0.5906 0.7840 0.1911
vn -0.8268 0.5192 0.2166
vn -0.8268 0.5191 0.2166
vn -0.9470 0.2372 0.2166
vn 0.0068 -0.1695 -0.9855
vn 0.0511 -0.1883 -0.9808
vn 0.0512 -0.1883 -0.9808
vn 0.1270 0.1124 -0.9855
vn 0.1268 0.1124 -0.9855
vn 0.1713 0.0935 -0.9808
vn 0.1714 0.0935 -0.9808
vn 0.1713 0.0934 -0.9808
vn -0.1723 -0.4588 -0.8717
vn -0.1721 -0.4588 -0.8717
vn -0.1722 -0.4587 -0.8717
vn -0.1723 -0.4587 -0.8717
vn -0.1330 -0.4755 -0.8696
vn -0.0938 -0.4922 -0.8654
vn -0.0549 -0.5087 -0.8592
vn -0.0549 -0.5088 -0.8592
vn 0.0953 -0.2072 -0.9737
vn 0.0953 -0.2072 -0.9736
vn 0.2154 0.0747 -0.9737
vn 0.2156 0.0747 -0.9736
vn 0.3291 0.3918 -0.8592
vn 0.2902 0.4084 -0.8654
vn 0.2902 0.4084 -0.8655
vn 0.2510 0.4251 -0.8696
vn 0.2510 0.4252 -0.8696
vn 0.2509 0.4253 -0.8696
vn 0.2116 0.4418 -0.8718
vn 0.2117 0.4419 -0.8718
vn 0.2117 0.4418 -0.8718
vn 0.2118 0.4419 -0.8717
vn 0.0824 0.1314 -0.9879
vn -0.0377 -0.1505 -0.9879
vn -0.0377 -0.1503 -0.9879
vn -0.8720 0.2052 -0.4444
vn -0.8720 0.2052 -0.4443
vn -0.8510 0.1964 -0.4870
vn -0.8510 0.1964 -0.4871
vn -0.8510 0.1963 -0.4870
vn -0.7519 0.4871 -0.4443
vn -0.7308 0.4782 -0.4870
vn -0.7308 0.4782 -0.4871
vn -0.9253 -0.1375 -0.3536
vn -0.9253 -0.1376 -0.3534
vn -0.9085 -0.1448 -0.3921
vn -0.8899 -0.1527 -0.4298
vn -0.8697 -0.1613 -0.4665
vn -0.8281 0.1865 -0.5287
vn -0.8281 0.1865 -0.5286
vn -0.7079 0.4684 -0.5287
vn -0.7079 0.4684 -0.5286
vn -0.7080 0.4683 -0.5287
vn -0.4857 0.7392 -0.4666
vn -0.4857 0.7392 -0.4665
vn -0.5059 0.7479 -0.4298
vn -0.5244 0.7558 -0.3922
vn -0.5245 0.7558 -0.3921
vn -0.5413 0.7629 -0.3534
vn -0.5413 0.7630 -0.3534
vn -0.7709 0.4953 -0.4005
vn -0.8911 0.2134 -0.4005
vn -0.8720 0.2052 0.4443
vn -0.8510 0.1963 0.4871
vn -0.8510 0.1964 0.4870
vn -0.7519 0.4871 0.4443
vn -0.7518 0.4871 0.4443
vn -0.7308 0.4782 0.4870
vn -0.9253 -0.1376 0.3534
vn -0.9085 -0.1448 0.3921
vn -0.8899 -0.1527 0.4298
vn -0.8697 -0.1612 0.4665
vn -0.8697 -0.1613 0.4665
vn -0.8696 -0.1613 0.4666
vn -0.8281 0.1865 0.5286
vn -0.8283 0.1866 0.5282
vn -0.7080 0.4683 0.5287
vn -0.7079 0.4684 0.5286
vn -0.7079 0.4684 0.5287
vn -0.7079 0.4683 0.5287
vn -0.4858 0.7392 0.4665
vn -0.4858 0.7392 0.4664
vn -0.4857 0.7392 0.4665
vn -0.5060 0.7478 0.4298
vn -0.5061 0.7478 0.4298
vn -0.5060 0.7479 0.4298
vn -0.5059 0.7479 0.4298
vn -0.5245 0.7558 0.3921
vn -0.5244 0.7558 0.3921
vn -0.5413 0.7629 0.3534
vn -0.5413 0.7630 0.3534
vn -0.5413 0.7629 0.3535
vn -0.7709 0.4953 0.4005
vn -0.7709 0.4954 0.4004
vn -0.8911 0.2134 0.4005
vn 0.0068 -0.1695 0.9855
vn 0.0511 -0.1884 0.9808
vn 0.0509 -0.1884 0.9808
vn 0.1270 0.1124 0.9855
vn 0.1268 0.1124 0.9855
vn 0.1712 0.0936 0.9808
vn 0.1712 0.0935 0.9808
vn 0.1713 0.0935 0.9808
vn -0.1723 -0.4587 0.8717
vn -0.1330 -0.4755 0.8696
vn -0.0937 -0.4922 0.8654
vn -0.0938 -0.4921 0.8654
vn -0.0935 -0.4923 0.8654
vn -0.0549 -0.5088 0.8591
vn -0.0549 -0.5089 0.8591
vn 0.0953 -0.2072 0.9736
vn 0.2155 0.0747 0.9737
vn 0.2155 0.0747 0.9736
vn 0.2154 0.0747 0.9737
vn 0.3291 0.3918 0.8592
vn 0.2901 0.4082 0.8656
vn 0.2510 0.4251 0.8696
vn 0.2512 0.4251 0.8696
vn 0.2511 0.4251 0.8696
vn 0.2118 0.4419 0.8717
vn 0.2117 0.4419 0.8717
vn 0.0824 0.1314 0.9879
vn -0.0377 -0.1505 0.9879
vn -0.0378 -0.1505 0.9879
vn -0.9362 0.2326 -0.2636
vn -0.9233 0.2271 -0.3099
vn -0.9232 0.2271 -0.3099
vn -0.9233 0.2272 -0.3096
vn -0.9233 0.2269 -0.3099
vn -0.8160 0.5145 -0.2637
vn -0.8160 0.5145 -0.2636
vn -0.8032 0.5087 -0.3100
vn -0.8033 0.5085 -0.3101
vn -0.8031 0.5090 -0.3099
vn -0.9746 -0.1166 -0.1911
vn -0.9746 -0.1166 -0.1912
vn -0.9650 -0.1207 -0.2326
vn -0.9651 -0.1207 -0.2326
vn -0.9536 -0.1255 -0.2735
vn -0.9404 -0.1312 -0.3138
vn -0.9082 0.2207 -0.3556
vn -0.7880 0.5026 -0.3556
vn -0.7881 0.5025 -0.3555
vn -0.5564 0.7693 -0.3139
vn -0.5564 0.7694 -0.3138
vn -0.5564 0.7693 -0.3138
vn -0.5565 0.7693 -0.3138
vn -0.5699 0.7749 -0.2734
vn -0.5697 0.7750 -0.2735
vn -0.5700 0.7749 -0.2732
vn -0.5812 0.7798 -0.2326
vn -0.5811 0.7799 -0.2326
vn -0.5811 0.7798 -0.2326
vn -0.5906 0.7840 -0.1911
vn -0.8268 0.5191 -0.2167
vn -0.8268 0.5191 -0.2166
vn -0.9470 0.2372 -0.2166
vn -0.7768 0.1645 0.6079
vn -0.7767 0.1646 0.6080
vn -0.7766 0.1647 0.6080
vn -0.7485 0.1525 0.6454
vn -0.6565 0.4465 0.6080
vn -0.6282 0.4344 0.6455
vn -0.6282 0.4344 0.6454
vn -0.8478 -0.1707 0.5021
vn -0.8243 -0.1807 0.5365
vn -0.7994 -0.1913 0.5695
vn -0.7730 -0.2026 0.6012
vn -0.7730 -0.2027 0.6012
vn -0.7185 0.1398 0.6814
vn -0.7184 0.1398 0.6814
vn -0.5983 0.4217 0.6814
vn -0.5983 0.4217 0.6813
vn -0.3890 0.6980 0.6012
vn -0.3890 0.6979 0.6013
vn -0.3890 0.6980 0.6013
vn -0.4154 0.7093 0.5695
vn -0.4402 0.7199 0.5366
vn -0.4403 0.7199 0.5365
vn -0.4637 0.7300 0.5021
vn -0.4638 0.7299 0.5021
vn -0.6831 0.4578 0.5690
vn -0.8033 0.1759 0.5690
vn -0.8033 0.1760 0.5690
vn 0.1824 -0.2443 0.9524
vn 0.2249 -0.2625 0.9383
vn 0.2250 -0.2625 0.9383
vn 0.2251 -0.2624 0.9383
vn 0.3026 0.0377 0.9524
vn 0.3026 0.0376 0.9524
vn 0.3453 0.0194 0.9383
vn 0.3452 0.0194 0.9383
vn -0.0162 -0.5253 0.8508
vn -0.0162 -0.5252 0.8508
vn 0.0220 -0.5415 0.8404
vn 0.0596 -0.5576 0.8280
vn 0.0968 -0.5734 0.8136
vn 0.0969 -0.5735 0.8135
vn 0.0967 -0.5734 0.8136
vn 0.2670 -0.2804 0.9220
vn 0.2670 -0.2802 0.9221
vn 0.3872 0.0015 0.9220
vn 0.4806 0.3271 0.8136
vn 0.4806 0.3272 0.8136
vn 0.4807 0.3272 0.8136
vn 0.4806 0.3274 0.8136
vn 0.4436 0.3430 0.8280
vn 0.4436 0.3429 0.8280
vn 0.4060 0.3591 0.8404
vn 0.4059 0.3591 0.8404
vn 0.3678 0.3753 0.8508
vn 0.2593 0.0560 0.9642
vn 0.1391 -0.2259 0.9642
vn -0.9667 0.2456 -0.0727
vn -0.9666 0.2456 -0.0727
vn -0.9623 0.2437 -0.1208
vn -0.9623 0.2438 -0.1209
vn -0.9623 0.2437 -0.1209
vn -0.8464 0.5275 -0.0727
vn -0.8464 0.5276 -0.0728
vn -0.8465 0.5275 -0.0727
vn -0.8421 0.5256 -0.1209
vn -0.9939 -0.1084 -0.0214
vn -0.9919 -0.1092 -0.0642
vn -0.9881 -0.1109 -0.1067
vn -0.9823 -0.1134 -0.1491
vn -0.9823 -0.1133 -0.1490
vn -0.9557 0.2409 -0.1689
vn -0.8357 0.5227 -0.1686
vn -0.5983 0.7873 -0.1490
vn -0.6041 0.7897 -0.1067
vn -0.6041 0.7897 -0.1066
vn -0.6080 0.7914 -0.0642
vn -0.6079 0.7914 -0.0642
vn -0.6080 0.7913 -0.0642
vn -0.6099 0.7922 -0.0214
vn -0.8487 0.5283 -0.0243
vn -0.8486 0.5284 -0.0243
vn -0.9688 0.2466 -0.0243
vn -0.9688 0.2465 -0.0243
vn -0.9688 0.2465 -0.0244
vn -0.6538 0.1122 0.7483
vn -0.6194 0.0976 0.7790
vn -0.6195 0.0975 0.7789
vn -0.6195 0.0975 0.7790
vn -0.6194 0.0975 0.7790
vn -0.5336 0.3941 0.7483
vn -0.4992 0.3794 0.7790
vn -0.7450 -0.2145 0.6316
vn -0.7451 -0.2145 0.6316
vn -0.7159 -0.2269 0.6603
vn -0.7160 -0.2271 0.6601
vn -0.6855 -0.2400 0.6874
vn -0.6855 -0.2399 0.6874
vn -0.6854 -0.2399 0.6875
vn -0.6539 -0.2534 0.7129
vn -0.5836 0.0822 0.8079
vn -0.5835 0.0822 0.8079
vn -0.4634 0.3641 0.8079
vn -0.4634 0.3642 0.8078
vn -0.2699 0.6472 0.7129
vn -0.3015 0.6607 0.6874
vn -0.3319 0.6737 0.6603
vn -0.3611 0.6861 0.6316
vn -0.5667 0.4082 0.7156
vn -0.5667 0.4082 0.7157
vn -0.6868 0.1263 0.7157
vn -0.6869 0.1263 0.7157
vn 0.3487 -0.3152 0.8827
vn 0.3488 -0.3152 0.8826
vn 0.3486 -0.3151 0.8827
vn 0.3879 -0.3320 0.8598
vn 0.4687 -0.0333 0.8827
vn 0.4684 -0.0331 0.8829
vn 0.4688 -0.0333 0.8827
vn 0.5081 -0.0501 0.8598
vn 0.5082 -0.0501 0.8598
vn 0.1331 -0.5889 0.7972
vn 0.1331 -0.5889 0.7971
vn 0.1687 -0.6041 0.7789
vn 0.2033 -0.6189 0.7587
vn 0.2032 -0.6189 0.7588
vn 0.2371 -0.6333 0.7367
vn 0.4262 -0.3483 0.8349
vn 0.5464 -0.0665 0.8349
vn 0.5464 -0.0664 0.8349
vn 0.5465 -0.0664 0.8348
vn 0.6212 0.2673 0.7367
vn 0.6211 0.2673 0.7367
vn 0.5873 0.2818 0.7587
vn 0.5873 0.2817 0.7587
vn 0.5527 0.2965 0.7789
vn 0.5171 0.3117 0.7972
vn 0.5171 0.3117 0.7971
vn 0.4285 -0.0161 0.9034
vn 0.3083 -0.2981 0.9034
vn 0.3083 -0.2980 0.9034
vn -0.9623 0.2437 0.1209
vn -0.9666 0.2456 0.0727
vn -0.8421 0.5256 0.1209
vn -0.8464 0.5275 0.0727
vn -0.9823 -0.1132 0.1489
vn -0.9823 -0.1133 0.1490
vn -0.9824 -0.1131 0.1488
vn -0.9881 -0.1109 0.1067
vn -0.9881 -0.1108 0.1066
vn -0.9919 -0.1092 0.0642
vn -0.9919 -0.1091 0.0642
vn -0.9939 -0.1084 0.0214
vn -0.9689 0.2464 0.0244
vn -0.9688 0.2465 0.0243
vn -0.8486 0.5285 0.0242
vn -0.8486 0.5284 0.0243
vn -0.6099 0.7922 0.0213
vn -0.6099 0.7922 0.0214
vn -0.6080 0.7913 0.0642
vn -0.6079 0.7914 0.0642
vn -0.6080 0.7914 0.0642
vn -0.6041 0.7897 0.1066
vn -0.6041 0.7897 0.1067
vn -0.5984 0.7872 0.1490
vn -0.5983 0.7873 0.1490
vn -0.5983 0.7873 0.1489
vn -0.8356 0.5228 0.1689
vn -0.8356 0.5227 0.1689
vn -0.8355 0.5228 0.1689
vn -0.9557 0.2409 0.1689
vn -0.5082 0.0501 0.8598
vn -0.5081 0.0501 0.8598
vn -0.4688 0.0333 0.8827
vn -0.4687 0.0333 0.8827
vn -0.3879 0.3320 0.8598
vn -0.3486 0.3152 0.8827
vn -0.6212 -0.2675 0.7366
vn -0.6212 -0.2677 0.7366
vn -0.6211 -0.2675 0.7366
vn -0.6211 -0.2673 0.7367
vn -0.5873 -0.2817 0.7587
vn -0.5874 -0.2818 0.7587
vn -0.5526 -0.2965 0.7789
vn -0.5527 -0.2965 0.7789
vn -0.5526 -0.2966 0.7789
vn -0.5171 -0.3119 0.7971
vn -0.5172 -0.3120 0.7969
vn -0.5172 -0.3118 0.7971
vn -0.5171 -0.3117 0.7972
vn -0.4285 0.0161 0.9034
vn -0.3083 0.2980 0.9034
vn -0.1331 0.5889 0.7972
vn -0.1688 0.6042 0.7788
vn -0.1688 0.6043 0.7786
vn -0.1687 0.6041 0.7789
vn -0.2034 0.6189 0.7587
vn -0.2371 0.6333 0.7367
vn -0.4262 0.3483 0.8349
vn -0.5464 0.0663 0.8349
vn -0.5464 0.0664 0.8349
vn -0.5463 0.0663 0.8349
vn 0.4992 -0.3794 0.7790
vn 0.4993 -0.3794 0.7790
vn 0.5336 -0.3941 0.7483
vn 0.6194 -0.0975 0.7790
vn 0.6538 -0.1122 0.7483
vn 0.2699 -0.6472 0.7129
vn 0.2699 -0.6473 0.7129
vn 0.3015 -0.6607 0.6874
vn 0.3015 -0.6607 0.6875
vn 0.3319 -0.6737 0.6603
vn 0.3610 -0.6861 0.6316
vn 0.3611 -0.6861 0.6316
vn 0.5667 -0.4082 0.7157
vn 0.5667 -0.4081 0.7157
vn 0.6869 -0.1263 0.7157
vn 0.7451 0.2146 0.6315
vn 0.7451 0.2145 0.6315
vn 0.7159 0.2269 0.6603
vn 0.6854 0.2400 0.6875
vn 0.6855 0.2399 0.6874
vn 0.6854 0.2399 0.6875
vn 0.6538 0.2534 0.7129
vn 0.6539 0.2534 0.7129
vn 0.6538 0.2533 0.7130
vn 0.6538 0.2536 0.7129
vn 0.5835 -0.0823 0.8079
vn 0.5835 -0.0822 0.8079
vn 0.5835 -0.0821 0.8079
vn 0.4634 -0.3642 0.8079
vn 0.4634 -0.3641 0.8079
vn -0.9232 0.2271 0.3100
vn -0.9232 0.2272 0.3099
vn -0.8030 0.5090 0.3099
vn -0.9746 -0.1166 0.1910
vn -0.5812 0.7798 0.2326
vn -0.5813 0.7797 0.2327
vn -0.5563 0.7694 0.3138
vn -0.5564 0.7694 0.3139
vn -0.7881 0.5025 0.3554
vn -0.3452 -0.0193 0.9383
vn -0.3452 -0.0194 0.9383
vn -0.3027 -0.0376 0.9523
vn -0.3026 -0.0376 0.9524
vn -0.2250 0.2625 0.9383
vn -0.1823 0.2443 0.9524
vn -0.1824 0.2443 0.9524
vn -0.4806 -0.3272 0.8136
vn -0.4436 -0.3429 0.8280
vn -0.4436 -0.3430 0.8280
vn -0.4438 -0.3430 0.8279
vn -0.4060 -0.3591 0.8404
vn -0.3678 -0.3753 0.8508
vn -0.3678 -0.3754 0.8508
vn -0.2593 -0.0560 0.9642
vn -0.1391 0.2259 0.9642
vn 0.0162 0.5252 0.8508
vn -0.0220 0.5415 0.8404
vn -0.0596 0.5577 0.8279
vn -0.0600 0.5579 0.8277
vn -0.0597 0.5577 0.8279
vn -0.0967 0.5735 0.8135
vn -0.0967 0.5733 0.8136
vn -0.0967 0.5734 0.8135
vn -0.0968 0.5737 0.8134
vn -0.2670 0.2804 0.9220
vn -0.3872 -0.0015 0.9220
vn 0.6283 -0.4344 0.6454
vn 0.6280 -0.4346 0.6456
vn 0.6282 -0.4345 0.6455
vn 0.6565 -0.4465 0.6080
vn 0.7484 -0.1525 0.6454
vn 0.7484 -0.1525 0.6455
vn 0.7767 -0.1646 0.6080
vn 0.3890 -0.6980 0.6012
vn 0.3891 -0.6980 0.6012
vn 0.4155 -0.7093 0.5695
vn 0.4154 -0.7093 0.5695
vn 0.4406 -0.7197 0.5366
vn 0.4404 -0.7199 0.5365
vn 0.4403 -0.7199 0.5365
vn 0.4638 -0.7299 0.5021
vn 0.4639 -0.7299 0.5021
vn 0.6831 -0.4578 0.5690
vn 0.6832 -0.4578 0.5690
vn 0.8033 -0.1760 0.5690
vn 0.8033 -0.1759 0.5690
vn 0.8478 0.1706 0.5021
vn 0.8478 0.1707 0.5021
vn 0.8243 0.1807 0.5365
vn 0.7994 0.1913 0.5695
vn 0.7730 0.2025 0.6012
vn 0.7729 0.2028 0.6013
vn 0.7730 0.2026 0.6012
vn 0.7185 -0.1398 0.6813
vn 0.7185 -0.1398 0.6814
vn 0.5982 -0.4217 0.6814
vn 0.5983 -0.4217 0.6814
vn 0.5983 -0.4216 0.6814
vn -0.8510 0.1964 0.4871
vn -0.8509 0.1964 0.4872
vn -0.8509 0.1964 0.4871
vn -0.8720 0.2053 0.4444
vn -0.8720 0.2053 0.4443
vn -0.8722 0.2051 0.4441
vn -0.8720 0.2054 0.4444
vn -0.7307 0.4782 0.4871
vn -0.7309 0.4781 0.4870
vn -0.8899 -0.1526 0.4298
vn -0.8899 -0.1527 0.4297
vn -0.8911 0.2134 0.4004
vn -0.5413 0.7630 0.3533
vn -0.5245 0.7558 0.3920
vn -0.7079 0.4685 0.5286
vn -0.1713 -0.0934 0.9808
vn -0.1713 -0.0935 0.9808
vn -0.1714 -0.0933 0.9808
vn -0.1270 -0.1124 0.9855
vn -0.1269 -0.1124 0.9855
vn -0.0511 0.1884 0.9808
vn -0.0512 0.1883 0.9808
vn -0.0068 0.1695 0.9855
vn -0.0067 0.1695 0.9855
vn -0.3292 -0.3918 0.8592
vn -0.3291 -0.3918 0.8592
vn -0.3291 -0.3917 0.8592
vn -0.2902 -0.4084 0.8655
vn -0.2901 -0.4082 0.8656
vn -0.2901 -0.4083 0.8655
vn -0.2902 -0.4084 0.8654
vn -0.2510 -0.4251 0.8696
vn -0.2117 -0.4419 0.8717
vn -0.0824 -0.1314 0.9879
vn 0.0377 0.1505 0.9879
vn 0.0377 0.1506 0.9879
vn 0.1723 0.4587 0.8717
vn 0.1330 0.4755 0.8696
vn 0.0938 0.4921 0.8655
vn 0.0938 0.4920 0.8655
vn 0.0549 0.5088 0.8591
vn -0.0953 0.2072 0.9737
vn -0.0953 0.2072 0.9736
vn -0.2155 -0.0747 0.9736
vn 0.7308 -0.4782 0.4870
vn 0.7519 -0.4871 0.4443
vn 0.7518 -0.4871 0.4443
vn 0.8510 -0.1963 0.4871
vn 0.8720 -0.2053 0.4443
vn 0.8720 -0.2053 0.4444
vn 0.4857 -0.7392 0.4665
vn 0.4857 -0.7392 0.4666
vn 0.5059 -0.7479 0.4298
vn 0.5060 -0.7478 0.4299
vn 0.5245 -0.7557 0.3922
vn 0.5245 -0.7558 0.3921
vn 0.5412 -0.7629 0.3537
vn 0.5413 -0.7630 0.3534
vn 0.5411 -0.7630 0.3537
vn 0.5409 -0.7630 0.3539
vn 0.7709 -0.4953 0.4005
vn 0.8911 -0.2133 0.4005
vn 0.8911 -0.2134 0.4005
vn 0.9253 0.1377 0.3534
vn 0.9253 0.1376 0.3534
vn 0.9253 0.1378 0.3534
vn 0.9085 0.1448 0.3921
vn 0.8899 0.1528 0.4299
vn 0.8899 0.1527 0.4298
vn 0.8899 0.1526 0.4298
vn 0.8697 0.1613 0.4665
vn 0.8281 -0.1865 0.5286
vn 0.7079 -0.4684 0.5286
vn 0.7080 -0.4684 0.5286
vn -0.7484 0.1525 0.6454
vn -0.8034 0.1759 0.5689
vn -0.4404 0.7199 0.5364
vn -0.4152 0.7094 0.5695
vn -0.4150 0.7095 0.5696
vn -0.5983 0.4216 0.6814
vn -0.5983 0.4215 0.6815
vn 0.8030 -0.5090 0.3099
vn 0.8030 -0.5090 0.3100
vn 0.8160 -0.5145 0.2635
vn 0.8160 -0.5145 0.2636
vn 0.9232 -0.2271 0.3099
vn 0.9362 -0.2326 0.2636
vn 0.5564 -0.7694 0.3138
vn 0.5697 -0.7750 0.2735
vn 0.5697 -0.7751 0.2735
vn 0.5811 -0.7799 0.2327
vn 0.5811 -0.7799 0.2326
vn 0.5906 -0.7840 0.1911
vn 0.8268 -0.5191 0.2166
vn 0.9470 -0.2372 0.2167
vn 0.9470 -0.2372 0.2166
vn 0.9746 0.1166 0.1911
vn 0.9651 0.1206 0.2327
vn 0.9651 0.1207 0.2326
vn 0.9650 0.1210 0.2325
vn 0.9536 0.1256 0.2735
vn 0.9404 0.1312 0.3138
vn 0.9404 0.1310 0.3138
vn 0.9404 0.1313 0.3138
vn 0.9082 -0.2207 0.3556
vn 0.7880 -0.5026 0.3556
vn -0.7451 -0.2144 0.6316
vn -0.7451 -0.2143 0.6316
vn 0.8421 -0.5256 0.1208
vn 0.8421 -0.5256 0.1209
vn 0.8465 -0.5274 0.0727
vn 0.8465 -0.5275 0.0727
vn 0.9623 -0.2437 0.1209
vn 0.9623 -0.2437 0.1208
vn 0.9666 -0.2456 0.0728
vn 0.9666 -0.2456 0.0727
vn 0.5983 -0.7873 0.1490
vn 0.5982 -0.7874 0.1490
vn 0.5982 -0.7873 0.1490
vn 0.6041 -0.7897 0.1067
vn 0.6042 -0.7897 0.1067
vn 0.6080 -0.7914 0.0642
vn 0.6079 -0.7914 0.0642
vn 0.6099 -0.7922 0.0214
vn 0.8486 -0.5284 0.0243
vn 0.8487 -0.5284 0.0243
vn 0.9688 -0.2465 0.0243
vn 0.9938 0.1086 0.0216
vn 0.9939 0.1086 0.0216
vn 0.9939 0.1086 0.0215
vn 0.9938 0.1086 0.0215
vn 0.9920 0.1088 0.0638
vn 0.9919 0.1092 0.0642
vn 0.9920 0.1092 0.0640
vn 0.9881 0.1109 0.1067
vn 0.9823 0.1133 0.1490
vn 0.9557 -0.2409 0.1690
vn 0.9557 -0.2409 0.1689
vn 0.9557 -0.2410 0.1689
vn 0.8355 -0.5229 0.1689
vn 0.8355 -0.5228 0.1689
vn -0.5081 0.0500 0.8598
vn -0.5171 -0.3116 0.7972
vn -0.5527 -0.2965 0.7788
vn -0.5526 -0.2965 0.7790
vn -0.2373 0.6331 0.7369
vn -0.2370 0.6332 0.7368
vn -0.2032 0.6189 0.7587
vn -0.2030 0.6189 0.7588
vn -0.2033 0.6189 0.7587
vn -0.1687 0.6040 0.7789
vn -0.1329 0.5889 0.7972
vn -0.1330 0.5889 0.7972
vn -0.4285 0.0160 0.9034
vn -0.4286 0.0160 0.9034
vn 0.8465 -0.5275 -0.0727
vn 0.8421 -0.5256 -0.1209
vn 0.8421 -0.5256 -0.1208
vn 0.9666 -0.2456 -0.0727
vn 0.9623 -0.2437 -0.1208
vn 0.9623 -0.2437 -0.1209
vn 0.6099 -0.7922 -0.0214
vn 0.6079 -0.7914 -0.0642
vn 0.6080 -0.7914 -0.0642
vn 0.6080 -0.7913 -0.0642
vn 0.6041 -0.7897 -0.1067
vn 0.5983 -0.7873 -0.1490
vn 0.8355 -0.5229 -0.1689
vn 0.8356 -0.5228 -0.1689
vn 0.8355 -0.5228 -0.1689
vn 0.9557 -0.2410 -0.1689
vn 0.9557 -0.2409 -0.1689
vn 0.9823 0.1133 -0.1490
vn 0.9881 0.1109 -0.1068
vn 0.9881 0.1109 -0.1067
vn 0.9920 0.1092 -0.0640
vn 0.9919 0.1092 -0.0642
vn 0.9920 0.1088 -0.0638
vn 0.9920 0.1092 -0.0641
vn 0.9939 0.1084 -0.0214
vn 0.9939 0.1086 -0.0216
vn 0.9939 0.1083 -0.0214
vn 0.9688 -0.2465 -0.0243
vn 0.8486 -0.5284 -0.0243
vn -0.3025 -0.0375 0.9524
vn -0.3451 -0.0194 0.9384
vn -0.3451 -0.0194 0.9383
vn -0.1824 0.2442 0.9524
vn -0.4060 -0.3591 0.8403
vn -0.3873 -0.0015 0.9220
vn -0.0967 0.5734 0.8136
vn -0.0596 0.5576 0.8280
vn 0.8160 -0.5145 -0.2636
vn 0.8160 -0.5144 -0.2636
vn 0.8031 -0.5089 -0.3099
vn 0.8031 -0.5090 -0.3099
vn 0.9362 -0.2326 -0.2636
vn 0.9232 -0.2271 -0.3099
vn 0.9233 -0.2271 -0.3099
vn 0.5907 -0.7839 -0.1912
vn 0.5906 -0.7840 -0.1911
vn 0.5811 -0.7799 -0.2326
vn 0.5697 -0.7750 -0.2735
vn 0.5564 -0.7694 -0.3138
vn 0.7880 -0.5026 -0.3556
vn 0.9082 -0.2207 -0.3556
vn 0.9404 0.1312 -0.3138
vn 0.9536 0.1255 -0.2735
vn 0.9536 0.1255 -0.2736
vn 0.9650 0.1210 -0.2325
vn 0.9651 0.1207 -0.2326
vn 0.9746 0.1166 -0.1911
vn 0.9746 0.1166 -0.1910
vn 0.9470 -0.2372 -0.2166
vn 0.9470 -0.2372 -0.2168
vn 0.8268 -0.5191 -0.2166
vn -0.1712 -0.0934 0.9808
vn -0.0511 0.1883 0.9808
vn -0.0510 0.1883 0.9808
vn -0.2511 -0.4252 0.8696
vn -0.3293 -0.3916 0.8592
vn -0.3294 -0.3914 0.8592
vn 0.0549 0.5088 0.8592
vn 0.0549 0.5089 0.8591
vn 0.0549 0.5087 0.8592
vn 0.1331 0.4755 0.8696
vn -0.0825 -0.1314 0.9879
vn 0.7518 -0.4871 -0.4444
vn 0.7518 -0.4871 -0.4443
vn 0.7308 -0.4782 -0.4871
vn 0.7308 -0.4781 -0.4871
vn 0.8720 -0.2054 -0.4444
vn 0.8720 -0.2053 -0.4443
vn 0.8720 -0.2053 -0.4444
vn 0.8510 -0.1963 -0.4872
vn 0.8510 -0.1963 -0.4871
vn 0.8510 -0.1962 -0.4872
vn 0.5413 -0.7630 -0.3534
vn 0.5412 -0.7631 -0.3533
vn 0.5245 -0.7558 -0.3921
vn 0.5245 -0.7557 -0.3921
vn 0.5244 -0.7558 -0.3921
vn 0.5059 -0.7479 -0.4298
vn 0.4857 -0.7392 -0.4666
vn 0.4856 -0.7393 -0.4665
vn 0.4857 -0.7392 -0.4665
vn 0.7079 -0.4684 -0.5286
vn 0.8281 -0.1865 -0.5286
vn 0.8697 0.1613 -0.4665
vn 0.8698 0.1613 -0.4663
vn 0.8899 0.1527 -0.4298
vn 0.9085 0.1448 -0.3921
vn 0.9253 0.1376 -0.3534
vn 0.9253 0.1377 -0.3534
vn 0.8911 -0.2134 -0.4005
vn 0.7709 -0.4953 -0.4005
vn -0.0938 -0.4922 0.8654
vn 0.2904 0.4085 0.8654
vn 0.2902 0.4084 0.8654
vn 0.2902 0.4084 0.8655
vn 0.3291 0.3917 0.8592
vn 0.3291 0.3916 0.8592
vn 0.6565 -0.4465 -0.6080
vn 0.6565 -0.4466 -0.6079
vn 0.6565 -0.4467 -0.6078
vn 0.6283 -0.4344 -0.6454
vn 0.6282 -0.4344 -0.6455
vn 0.7767 -0.1646 -0.6080
vn 0.7485 -0.1525 -0.6454
vn 0.7484 -0.1525 -0.6454
vn 0.4638 -0.7299 -0.5021
vn 0.4403 -0.7199 -0.5365
vn 0.4154 -0.7093 -0.5695
vn 0.3889 -0.6980 -0.6012
vn 0.3890 -0.6980 -0.6012
vn 0.3890 -0.6980 -0.6013
vn 0.5983 -0.4217 -0.6814
vn 0.5983 -0.4217 -0.6813
vn 0.7185 -0.1398 -0.6813
vn 0.7185 -0.1398 -0.6814
vn 0.7729 0.2027 -0.6012
vn 0.7730 0.2026 -0.6012
vn 0.7731 0.2026 -0.6011
vn 0.7994 0.1914 -0.5695
vn 0.7994 0.1913 -0.5695
vn 0.8243 0.1807 -0.5365
vn 0.8243 0.1808 -0.5365
vn 0.8478 0.1706 -0.5021
vn 0.8478 0.1707 -0.5021
vn 0.8033 -0.1759 -0.5690
vn 0.8034 -0.1759 -0.5689
vn 0.6831 -0.4578 -0.5690
vn 0.1825 -0.2443 0.9524
vn 0.1824 -0.2444 0.9524
vn 0.3027 0.0376 0.9523
vn 0.3026 0.0375 0.9524
vn 0.0973 -0.5737 0.8133
vn 0.0967 -0.5734 0.8135
vn 0.0966 -0.5733 0.8137
vn 0.1391 -0.2260 0.9642
vn 0.2595 0.0562 0.9641
vn 0.2595 0.0561 0.9641
vn 0.3678 0.3752 0.8509
vn 0.3873 0.0017 0.9220
vn 0.5336 -0.3941 -0.7483
vn 0.5337 -0.3941 -0.7482
vn 0.4992 -0.3794 -0.7790
vn 0.6538 -0.1122 -0.7483
vn 0.6538 -0.1124 -0.7483
vn 0.6539 -0.1122 -0.7482
vn 0.6194 -0.0975 -0.7790
vn 0.6194 -0.0973 -0.7790
vn 0.3610 -0.6861 -0.6316
vn 0.3611 -0.6861 -0.6316
vn 0.3319 -0.6737 -0.6603
vn 0.3015 -0.6607 -0.6875
vn 0.3015 -0.6607 -0.6874
vn 0.2699 -0.6472 -0.7129
vn 0.4634 -0.3641 -0.8079
vn 0.5836 -0.0822 -0.8079
vn 0.5839 -0.0818 -0.8077
vn 0.5835 -0.0822 -0.8079
vn 0.6539 0.2534 -0.7129
vn 0.6855 0.2399 -0.6874
vn 0.7159 0.2269 -0.6604
vn 0.7159 0.2269 -0.6603
vn 0.7452 0.2145 -0.6313
vn 0.7453 0.2145 -0.6312
vn 0.7451 0.2145 -0.6315
vn 0.6869 -0.1263 -0.7157
vn 0.5667 -0.4082 -0.7157
vn 0.3486 -0.3152 0.8827
vn 0.2371 -0.6332 0.7367
vn 0.2034 -0.6189 0.7586
vn 0.2034 -0.6189 0.7587
vn 0.1687 -0.6042 0.7788
vn 0.1687 -0.6041 0.7788
vn 0.1333 -0.5889 0.7971
vn 0.5170 0.3115 0.7973
vn 0.5170 0.3117 0.7972
vn 0.6211 0.2673 0.7368
vn 0.5463 -0.0662 0.8350
vn 0.4262 -0.3481 0.8350
vn 0.3879 -0.3320 -0.8598
vn 0.3486 -0.3151 -0.8827
vn 0.3486 -0.3152 -0.8827
vn 0.3485 -0.3151 -0.8827
vn 0.5081 -0.0501 -0.8598
vn 0.5081 -0.0502 -0.8598
vn 0.4687 -0.0333 -0.8827
vn 0.4683 -0.0331 -0.8829
vn 0.4688 -0.0333 -0.8827
vn 0.2370 -0.6332 -0.7368
vn 0.2371 -0.6333 -0.7367
vn 0.2034 -0.6189 -0.7587
vn 0.2035 -0.6191 -0.7585
vn 0.2033 -0.6189 -0.7587
vn 0.1687 -0.6041 -0.7789
vn 0.1687 -0.6041 -0.7788
vn 0.1331 -0.5889 -0.7972
vn 0.1331 -0.5888 -0.7972
vn 0.1330 -0.5889 -0.7972
vn 0.3083 -0.2980 -0.9034
vn 0.4285 -0.0161 -0.9034
vn 0.5171 0.3117 -0.7971
vn 0.5171 0.3117 -0.7972
vn 0.5527 0.2965 -0.7789
vn 0.5873 0.2817 -0.7588
vn 0.5873 0.2817 -0.7587
vn 0.5874 0.2817 -0.7587
vn 0.6211 0.2673 -0.7367
vn 0.6212 0.2673 -0.7367
vn 0.5465 -0.0664 -0.8348
vn 0.5464 -0.0664 -0.8349
vn 0.5464 -0.0665 -0.8349
vn 0.4261 -0.3483 -0.8349
vn 0.4262 -0.3483 -0.8349
vn 0.4994 -0.3793 0.7789
vn 0.3611 -0.6862 0.6315
vn 0.3611 -0.6861 0.6315
vn 0.3612 -0.6861 0.6315
vn 0.2700 -0.6472 0.7129
vn 0.4636 -0.3640 0.8078
vn 0.4633 -0.3642 0.8079
vn 0.6853 0.2401 0.6876
vn 0.6855 0.2401 0.6873
vn 0.7451 0.2145 0.6316
vn 0.7451 0.2144 0.6316
vn 0.7452 0.2145 0.6315
vn 0.2250 -0.2624 -0.9384
vn 0.2250 -0.2625 -0.9383
vn 0.2252 -0.2628 -0.9382
vn 0.1823 -0.2442 -0.9524
vn 0.1824 -0.2443 -0.9524
vn 0.3451 0.0194 -0.9384
vn 0.3452 0.0192 -0.9383
vn 0.3449 0.0197 -0.9384
vn 0.3026 0.0376 -0.9524
vn 0.3026 0.0374 -0.9524
vn 0.0966 -0.5734 -0.8136
vn 0.0965 -0.5732 -0.8137
vn 0.0967 -0.5734 -0.8136
vn 0.0596 -0.5576 -0.8280
vn 0.0220 -0.5415 -0.8404
vn -0.0162 -0.5252 -0.8508
vn 0.1391 -0.2259 -0.9642
vn 0.2593 0.0560 -0.9642
vn 0.3678 0.3753 -0.8508
vn 0.3679 0.3753 -0.8508
vn 0.3678 0.3754 -0.8508
vn 0.4060 0.3591 -0.8404
vn 0.4436 0.3430 -0.8280
vn 0.4806 0.3272 -0.8136
vn 0.4805 0.3271 -0.8137
vn 0.3871 0.0015 -0.9220
vn 0.3872 0.0015 -0.9220
vn 0.2670 -0.2804 -0.9220
vn 0.6564 -0.4466 0.6080
vn 0.6282 -0.4344 0.6455
vn 0.6282 -0.4344 0.6454
vn 0.7766 -0.1647 0.6081
vn 0.4638 -0.7298 0.5022
vn 0.4637 -0.7299 0.5021
vn 0.4403 -0.7200 0.5365
vn 0.4153 -0.7093 0.5695
vn 0.3890 -0.6979 0.6013
vn 0.3890 -0.6980 0.6013
vn 0.7730 0.2024 0.6013
vn 0.7729 0.2026 0.6013
vn 0.7730 0.2024 0.6012
vn 0.7733 0.2022 0.6010
vn 0.7994 0.1913 0.5696
vn 0.8033 -0.1757 0.5690
vn 0.8033 -0.1759 0.5691
vn 0.6831 -0.4579 0.5690
vn 0.0511 -0.1884 -0.9808
vn 0.0512 -0.1884 -0.9808
vn 0.1713 0.0933 -0.9808
vn 0.1269 0.1124 -0.9855
vn -0.1331 -0.4755 -0.8696
vn 0.2117 0.4419 -0.8717
vn 0.2901 0.4082 -0.8656
vn 0.2900 0.4082 -0.8656
vn 0.3290 0.3917 -0.8593
vn 0.3290 0.3917 -0.8592
vn 0.3290 0.3916 -0.8593
vn 0.2155 0.0747 -0.9736
vn 0.7518 -0.4872 0.4443
vn 0.7309 -0.4781 0.4871
vn 0.7308 -0.4782 0.4871
vn 0.8510 -0.1963 0.4870
vn 0.5412 -0.7630 0.3534
vn 0.5412 -0.7630 0.3535
vn 0.4857 -0.7392 0.4664
vn 0.4858 -0.7392 0.4665
vn 0.4857 -0.7393 0.4665
vn 0.7079 -0.4684 0.5287
vn -0.1270 -0.1123 -0.9855
vn -0.1270 -0.1122 -0.9855
vn -0.1270 -0.1124 -0.9855
vn -0.1713 -0.0935 -0.9808
vn -0.0068 0.1695 -0.9855
vn -0.0511 0.1884 -0.9808
vn -0.0509 0.1884 -0.9808
vn -0.2117 -0.4420 -0.8717
vn -0.2117 -0.4419 -0.8717
vn -0.2510 -0.4251 -0.8696
vn -0.2511 -0.4251 -0.8696
vn -0.2903 -0.4085 -0.8654
vn -0.2902 -0.4084 -0.8654
vn -0.2902 -0.4085 -0.8654
vn -0.3291 -0.3918 -0.8592
vn -0.2155 -0.0747 -0.9736
vn -0.0953 0.2072 -0.9736
vn -0.0954 0.2072 -0.9736
vn 0.0549 0.5088 -0.8591
vn 0.0549 0.5087 -0.8592
vn 0.0549 0.5088 -0.8592
vn 0.0938 0.4921 -0.8655
vn 0.1330 0.4755 -0.8696
vn 0.1723 0.4587 -0.8717
vn 0.0377 0.1506 -0.9879
vn 0.0377 0.1505 -0.9879
vn -0.0824 -0.1314 -0.9879
vn 0.8031 -0.5090 0.3099
vn 0.5906 -0.7840 0.1910
vn 0.5906 -0.7840 0.1909
vn 0.9403 0.1314 0.3138
vn 0.9536 0.1255 0.2735
vn 0.9537 0.1255 0.2735
vn 0.9470 -0.2373 0.2167
vn 0.9469 -0.2373 0.2167
vn 0.8268 -0.5191 0.2167
vn 0.8268 -0.5191 0.2168
vn -0.3026 -0.0376 -0.9524
vn -0.3452 -0.0194 -0.9383
vn -0.1824 0.2443 -0.9524
vn -0.1823 0.2442 -0.9524
vn -0.2250 0.2625 -0.9383
vn -0.3678 -0.3753 -0.8508
vn -0.4060 -0.3591 -0.8404
vn -0.4059 -0.3591 -0.8404
vn -0.4436 -0.3429 -0.8280
vn -0.4436 -0.3430 -0.8280
vn -0.4438 -0.3430 -0.8279
vn -0.4806 -0.3272 -0.8136
vn -0.4807 -0.3272 -0.8136
vn -0.3872 -0.0015 -0.9220
vn -0.3871 -0.0015 -0.9220
vn -0.2670 0.2804 -0.9220
vn -0.2671 0.2804 -0.9220
vn -0.0967 0.5734 -0.8136
vn -0.0967 0.5733 -0.8136
vn -0.0597 0.5577 -0.8279
vn -0.0600 0.5579 -0.8277
vn -0.0596 0.5576 -0.8280
vn -0.0220 0.5415 -0.8404
vn 0.0162 0.5252 -0.8508
vn -0.1391 0.2259 -0.9642
vn -0.2593 -0.0560 -0.9642
vn 0.8465 -0.5275 0.0728
vn 0.9666 -0.2458 0.0728
vn 0.9623 -0.2436 0.1209
vn 0.6041 -0.7897 0.1066
vn 0.6041 -0.7898 0.1065
vn 0.5983 -0.7873 0.1488
vn 0.5984 -0.7873 0.1487
vn 0.5985 -0.7873 0.1484
vn 0.9557 -0.2410 0.1688
vn 0.9919 0.1092 0.0643
vn 0.9939 0.1084 0.0214
vn 0.9688 -0.2466 0.0243
vn -0.4689 0.0333 -0.8826
vn -0.4691 0.0334 -0.8825
vn -0.4688 0.0333 -0.8827
vn -0.5082 0.0501 -0.8598
vn -0.5081 0.0501 -0.8598
vn -0.5082 0.0502 -0.8598
vn -0.5085 0.0504 -0.8596
vn -0.3486 0.3152 -0.8827
vn -0.3879 0.3321 -0.8598
vn -0.3879 0.3322 -0.8598
vn -0.3880 0.3320 -0.8598
vn -0.5171 -0.3117 -0.7972
vn -0.5171 -0.3116 -0.7972
vn -0.5527 -0.2965 -0.7789
vn -0.5873 -0.2817 -0.7587
vn -0.6210 -0.2673 -0.7368
vn -0.6211 -0.2673 -0.7367
vn -0.6209 -0.2674 -0.7368
vn -0.5464 0.0664 -0.8349
vn -0.5464 0.0665 -0.8349
vn -0.5464 0.0666 -0.8349
vn -0.4262 0.3483 -0.8349
vn -0.2371 0.6333 -0.7367
vn -0.2033 0.6189 -0.7587
vn -0.2034 0.6188 -0.7587
vn -0.2033 0.6188 -0.7587
vn -0.1687 0.6040 -0.7789
vn -0.1687 0.6041 -0.7789
vn -0.1331 0.5889 -0.7972
vn -0.3083 0.2980 -0.9034
vn -0.4285 0.0161 -0.9034
vn 0.9666 -0.2456 -0.0728
vn 0.5982 -0.7874 -0.1489
vn 0.5982 -0.7874 -0.1488
vn 0.6041 -0.7897 -0.1066
vn 0.6042 -0.7897 -0.1067
vn 0.6041 -0.7898 -0.1065
vn 0.9919 0.1093 -0.0642
vn 0.9823 0.1132 -0.1490
vn 0.9823 0.1133 -0.1491
vn 0.9823 0.1131 -0.1492
vn -0.6195 0.0975 -0.7789
vn -0.6194 0.0975 -0.7790
vn -0.6196 0.0976 -0.7788
vn -0.6538 0.1122 -0.7483
vn -0.4992 0.3794 -0.7790
vn -0.5336 0.3941 -0.7483
vn -0.6539 -0.2534 -0.7129
vn -0.6855 -0.2399 -0.6874
vn -0.7159 -0.2269 -0.6603
vn -0.7161 -0.2273 -0.6599
vn -0.7450 -0.2145 -0.6316
vn -0.6869 0.1263 -0.7157
vn -0.5667 0.4082 -0.7157
vn -0.3611 0.6861 -0.6316
vn -0.3319 0.6737 -0.6603
vn -0.3015 0.6607 -0.6874
vn -0.3015 0.6608 -0.6873
vn -0.2699 0.6472 -0.7129
vn -0.2700 0.6471 -0.7130
vn -0.4634 0.3638 -0.8081
vn -0.4634 0.3641 -0.8079
vn -0.5835 0.0822 -0.8079
vn 0.8030 -0.5090 -0.3099
vn 0.9232 -0.2271 -0.3100
vn 0.9231 -0.2271 -0.3102
vn 0.9362 -0.2326 -0.2635
vn 0.9362 -0.2326 -0.2634
vn 0.5811 -0.7799 -0.2325
vn 0.9746 0.1167 -0.1911
vn 0.9536 0.1256 -0.2735
vn 0.9537 0.1256 -0.2734
vn -0.7484 0.1527 -0.6455
vn -0.7484 0.1525 -0.6454
vn -0.7767 0.1646 -0.6080
vn -0.6283 0.4344 -0.6454
vn -0.6283 0.4343 -0.6454
vn -0.6282 0.4344 -0.6454
vn -0.6565 0.4465 -0.6080
vn -0.7730 -0.2026 -0.6012
vn -0.7730 -0.2027 -0.6012
vn -0.7995 -0.1911 -0.5695
vn -0.7995 -0.1910 -0.5695
vn -0.7994 -0.1913 -0.5695
vn -0.8243 -0.1807 -0.5365
vn -0.8478 -0.1707 -0.5021
vn -0.8478 -0.1707 -0.5022
vn -0.8033 0.1759 -0.5690
vn -0.8034 0.1758 -0.5689
vn -0.6831 0.4578 -0.5690
vn -0.4638 0.7299 -0.5022
vn -0.4638 0.7299 -0.5021
vn -0.4640 0.7298 -0.5022
vn -0.4403 0.7199 -0.5365
vn -0.4154 0.7093 -0.5694
vn -0.4154 0.7095 -0.5693
vn -0.4155 0.7093 -0.5694
vn -0.4155 0.7093 -0.5695
vn -0.3890 0.6980 -0.6012
vn -0.3890 0.6980 -0.6013
vn -0.5982 0.4217 -0.6814
vn -0.5983 0.4217 -0.6814
vn -0.7185 0.1398 -0.6814
vn 0.7308 -0.4782 -0.4870
vn 0.7518 -0.4872 -0.4443
vn 0.7518 -0.4872 -0.4444
vn 0.8510 -0.1963 -0.4870
vn 0.8721 -0.2052 -0.4443
vn 0.8721 -0.2051 -0.4443
vn 0.5412 -0.7630 -0.3534
vn 0.5411 -0.7631 -0.3534
vn 0.7709 -0.4954 -0.4005
vn 0.8911 -0.2134 -0.4006
vn 0.8281 -0.1866 -0.5286
vn 0.7079 -0.4683 -0.5287
vn 0.7079 -0.4684 -0.5287
vn 0.7079 -0.4682 -0.5288
vn -0.1269 -0.1124 -0.9855
vn -0.0511 0.1883 -0.9808
vn -0.0512 0.1884 -0.9808
vn -0.3290 -0.3922 -0.8591
vn -0.3292 -0.3919 -0.8591
vn -0.3291 -0.3918 -0.8591
vn -0.2902 -0.4084 -0.8655
vn -0.2116 -0.4421 -0.8717
vn 0.1720 0.4590 -0.8716
vn 0.1328 0.4756 -0.8696
vn -0.8720 0.2053 -0.4443
vn -0.7518 0.4871 -0.4443
vn -0.9253 -0.1377 -0.3534
vn -0.5412 0.7630 -0.3534
vn -0.5412 0.7631 -0.3534
vn -0.4855 0.7395 -0.4663
vn -0.4858 0.7392 -0.4665
vn -0.4857 0.7393 -0.4664
vn -0.4856 0.7393 -0.4665
vn -0.7079 0.4685 -0.5286
vn 0.6282 -0.4346 -0.6454
vn 0.6281 -0.4345 -0.6456
vn 0.7484 -0.1526 -0.6455
vn 0.3891 -0.6980 -0.6012
vn 0.3890 -0.6979 -0.6014
vn 0.7995 0.1914 -0.5694
vn 0.7995 0.1913 -0.5695
vn 0.7730 0.2025 -0.6012
vn 0.7731 0.2025 -0.6011
vn 0.7731 0.2024 -0.6011
vn 0.5982 -0.4217 -0.6814
vn -0.3451 -0.0194 -0.9383
vn -0.3026 -0.0375 -0.9524
vn -0.2251 0.2625 -0.9383
vn -0.1824 0.2442 -0.9524
vn -0.3677 -0.3754 -0.8508
vn -0.1391 0.2260 -0.9642
vn -0.1390 0.2265 -0.9640
vn 0.0162 0.5253 -0.8508
vn -0.2671 0.2805 -0.9220
vn -0.2671 0.2805 -0.9219
vn -0.3873 -0.0015 -0.9220
vn -0.9232 0.2271 -0.3100
vn -0.8031 0.5090 -0.3098
vn -0.8161 0.5144 -0.2636
vn -0.8160 0.5144 -0.2636
vn -0.9404 -0.1311 -0.3138
vn -0.9746 -0.1167 -0.1911
vn -0.9470 0.2372 -0.2165
vn -0.5812 0.7800 -0.2322
vn -0.9082 0.2208 -0.3556
vn 0.4992 -0.3794 -0.7791
vn 0.6194 -0.0976 -0.7790
vn 0.3611 -0.6861 -0.6315
vn 0.3612 -0.6861 -0.6315
vn 0.7450 0.2145 -0.6316
vn 0.7451 0.2145 -0.6316
vn 0.6852 0.2396 -0.6878
vn 0.6855 0.2397 -0.6875
vn 0.6855 0.2399 -0.6875
vn 0.6854 0.2401 -0.6875
vn -0.5078 0.0502 -0.8600
vn -0.3879 0.3320 -0.8598
vn -0.5873 -0.2817 -0.7588
vn -0.5171 -0.3117 -0.7971
vn -0.3083 0.2979 -0.9034
vn -0.9623 0.2436 -0.1210
vn -0.9666 0.2456 -0.0728
vn -0.8421 0.5256 -0.1210
vn -0.9823 -0.1134 -0.1490
vn -0.9939 -0.1084 -0.0213
vn -0.8486 0.5284 -0.0244
vn -0.6042 0.7897 -0.1067
vn -0.8355 0.5228 -0.1689
vn -0.8356 0.5228 -0.1689
vn 0.3486 -0.3153 -0.8827
vn 0.4688 -0.0332 -0.8827
vn 0.1331 -0.5888 -0.7973
vn 0.5526 0.2965 -0.7789
vn 0.5526 0.2966 -0.7789
vn 0.5172 0.3117 -0.7971
vn 0.4285 -0.0160 -0.9034
vn 0.3084 -0.2980 -0.9034
vn -0.7451 -0.2144 -0.6316
vn -0.7451 -0.2145 -0.6316
vn -0.5835 0.0824 -0.8079
vn -0.5835 0.0823 -0.8079
vn -0.5667 0.4083 -0.7157
vn -0.9666 0.2457 0.0727
vn -0.8465 0.5275 0.0727
vn -0.8421 0.5257 0.1209
vn -0.9919 -0.1093 0.0642
vn -0.5982 0.7874 0.1489
vn -0.6041 0.7897 0.1069
vn -0.6042 0.7897 0.1068
vn -0.6042 0.7896 0.1067
vn -0.8487 0.5283 0.0243
vn -0.8487 0.5284 0.0243
vn 0.1824 -0.2442 -0.9524
vn 0.3026 0.0377 -0.9524
vn 0.3452 0.0194 -0.9383
vn 0.3452 0.0193 -0.9383
vn -0.0163 -0.5252 -0.8508
vn -0.0162 -0.5253 -0.8507
vn -0.0162 -0.5253 -0.8508
vn 0.0595 -0.5576 -0.8280
vn 0.4064 0.3595 -0.8400
vn 0.4061 0.3593 -0.8403
vn 0.4062 0.3593 -0.8402
vn 0.4064 0.3594 -0.8401
vn 0.3678 0.3751 -0.8509
vn 0.2595 0.0562 -0.9641
vn 0.2596 0.0563 -0.9641
vn -0.7767 0.1647 -0.6080
vn -0.6280 0.4344 -0.6457
vn -0.6282 0.4345 -0.6455
vn -0.8477 -0.1707 -0.5023
vn -0.8478 -0.1706 -0.5021
vn -0.7994 -0.1914 -0.5695
vn -0.7730 -0.2026 -0.6011
vn -0.7730 -0.2025 -0.6012
vn -0.7185 0.1398 -0.6813
vn -0.7185 0.1399 -0.6813
vn -0.5983 0.4217 -0.6813
vn -0.5984 0.4216 -0.6813
vn -0.4154 0.7093 -0.5696
vn -0.4154 0.7093 -0.5695
vn -0.4403 0.7200 -0.5365
vn -0.4404 0.7199 -0.5364
vn -0.0000 -1.0000 -0.0000
vn -0.6343 -0.0000 -0.7731
vn -0.8308 -0.5505 0.0818
vn -0.8308 -0.5505 0.0817
vn -0.8308 -0.5505 0.0816
vn 0.7989 -0.5505 0.2424
vn 0.7989 -0.5504 0.2424
vn 0.7989 -0.5505 0.2423
vn -0.7989 -0.5505 0.2423
vn -0.7989 -0.5505 0.2422
vn 0.8305 -0.5509 0.0820
vn 0.8307 -0.5507 0.0819
vn -0.7361 -0.5507 0.3935
vn -0.7361 -0.5508 0.3935
vn -0.7363 -0.5507 0.3932
vn -0.7362 -0.5507 0.3934
vn 0.8307 -0.5507 -0.0819
vn 0.8308 -0.5505 -0.0818
vn 0.8308 -0.5506 -0.0818
vn -0.6453 -0.5505 0.5296
vn -0.6452 -0.5506 0.5296
vn -0.6453 -0.5505 0.5297
vn -0.6454 -0.5505 0.5296
vn 0.7988 -0.5506 -0.2423
vn 0.7986 -0.5509 -0.2424
vn -0.5296 -0.5505 0.6453
vn 0.7362 -0.5506 -0.3935
vn 0.7362 -0.5507 -0.3935
vn 0.7362 -0.5505 -0.3935
vn -0.3935 -0.5506 0.7362
vn -0.3936 -0.5506 0.7361
vn -0.3935 -0.5505 0.7363
vn -0.0818 -0.5506 -0.8308
vn -0.0818 -0.5505 -0.8308
vn 0.6453 -0.5506 -0.5296
vn 0.6453 -0.5505 -0.5296
vn -0.2424 -0.5505 0.7989
vn -0.2423 -0.5505 0.7989
vn -0.2424 -0.5505 0.7988
vn -0.2425 -0.5505 0.7988
vn -0.2425 -0.5506 -0.7988
vn -0.2423 -0.5505 -0.7989
vn -0.2425 -0.5505 -0.7988
vn -0.2430 -0.5506 -0.7986
vn 0.5296 -0.5505 -0.6453
vn 0.5297 -0.5505 -0.6453
vn -0.0817 -0.5505 0.8308
vn -0.0818 -0.5505 0.8308
vn -0.3934 -0.5507 -0.7362
vn -0.3935 -0.5506 -0.7362
vn -0.3933 -0.5508 -0.7362
vn 0.3934 -0.5505 -0.7363
vn 0.3935 -0.5505 -0.7363
vn 0.3935 -0.5506 -0.7362
vn 0.3935 -0.5507 -0.7362
vn 0.0818 -0.5505 0.8308
vn 0.0815 -0.5506 0.8308
vn -0.5296 -0.5505 -0.6453
vn -0.5296 -0.5507 -0.6452
vn -0.5295 -0.5507 -0.6452
vn -0.5295 -0.5507 -0.6453
vn 0.2422 -0.5505 -0.7989
vn 0.2423 -0.5505 -0.7989
vn 0.2423 -0.5506 -0.7988
vn 0.2423 -0.5505 0.7989
vn 0.2426 -0.5506 0.7987
vn -0.6452 -0.5506 -0.5296
vn -0.6454 -0.5505 -0.5296
vn -0.6453 -0.5505 -0.5296
vn 0.0820 -0.5509 -0.8305
vn 0.0820 -0.5510 -0.8305
vn 0.0818 -0.5505 -0.8308
vn 0.3936 -0.5502 0.7364
vn 0.3935 -0.5503 0.7364
vn 0.3935 -0.5504 0.7363
vn 0.3936 -0.5504 0.7363
vn -0.7364 -0.5503 -0.3936
vn -0.7364 -0.5503 -0.3935
vn -0.7364 -0.5502 -0.3936
vn -0.7363 -0.5504 -0.3936
vn 0.5298 -0.5504 0.6453
vn 0.5296 -0.5505 0.6453
vn 0.5299 -0.5504 0.6452
vn -0.7989 -0.5505 -0.2423
vn -0.7989 -0.5505 -0.2422
vn -0.7989 -0.5504 -0.2424
vn 0.6453 -0.5505 0.5296
vn 0.6453 -0.5506 0.5296
vn 0.6454 -0.5505 0.5296
vn 0.6454 -0.5504 0.5296
vn -0.8308 -0.5506 -0.0816
vn -0.8308 -0.5505 -0.0817
vn -0.8308 -0.5505 -0.0818
vn 0.7362 -0.5506 0.3935
vn 0.7363 -0.5505 0.3935
vn -0.0000 1.0000 -0.0000
vn 0.2905 -0.0000 -0.9569
vn 0.2906 -0.0000 -0.9568
vn 0.2903 -0.0000 -0.9569
vn 0.2904 -0.0000 0.9569
vn 0.2903 -0.0000 0.9569
vn 0.2905 -0.0000 0.9569
vn -0.7731 -0.0000 -0.6343
vn 0.0983 -0.0000 -0.9952
vn 0.4713 -0.0000 0.8820
vn -0.8820 -0.0000 -0.4713
vn 0.6343 -0.0000 0.7731
vn -0.9569 -0.0000 -0.2904
vn -0.9569 -0.0000 -0.2903
vn 0.7731 -0.0000 0.6343
vn 0.7729 -0.0000 0.6346
vn -0.9952 -0.0000 -0.0979
vn -0.9952 -0.0000 -0.0980
vn 0.8820 -0.0000 0.4713
vn -0.9952 -0.0000 0.0979
vn -0.9952 -0.0000 0.0978
vn -0.9952 -0.0000 0.0980
vn 0.9571 -0.0000 0.2898
vn 0.9569 -0.0000 0.2903
vn -0.9569 -0.0000 0.2905
vn -0.9568 -0.0000 0.2906
vn 0.9952 -0.0000 0.0980
vn 0.9952 -0.0000 0.0983
vn -0.8820 -0.0000 0.4713
vn 0.9952 -0.0000 -0.0980
vn 0.9952 -0.0000 -0.0983
vn -0.7731 -0.0000 0.6343
vn -0.7729 -0.0000 0.6346
vn 0.9571 -0.0000 -0.2898
vn 0.9569 -0.0000 -0.2903
vn -0.6343 -0.0000 0.7731
vn 0.8820 -0.0000 -0.4713
vn -0.4718 -0.0000 0.8817
vn -0.0983 -0.0000 -0.9952
vn 0.7731 -0.0000 -0.6343
vn -0.2905 -0.0000 0.9569
vn -0.2906 -0.0000 0.9568
vn -0.2902 -0.0000 -0.9570
vn -0.2903 -0.0000 -0.9569
vn 0.6343 -0.0000 -0.7731
vn -0.0979 -0.0000 0.9952
vn -0.4713 -0.0000 -0.8820
vn -0.4712 -0.0000 -0.8820
vn -0.4711 -0.0000 -0.8821
vn 0.4714 -0.0000 -0.8819
vn 0.4715 -0.0000 -0.8819
vn 0.0979 -0.0000 0.9952
vn -0.8375 -0.4835 -0.2545
vn -0.8376 -0.4836 -0.2540
vn -0.8375 -0.4836 -0.2544
vn -0.8376 -0.4835 -0.2544
vn 0.6768 -0.4836 0.5550
vn 0.6768 -0.4836 0.5551
vn 0.6769 -0.4836 0.5550
vn -0.8711 -0.4836 -0.0857
vn -0.8711 -0.4836 -0.0858
vn -0.8712 -0.4833 -0.0863
vn 0.7719 -0.4837 0.4125
vn 0.7720 -0.4834 0.4127
vn 0.7719 -0.4835 0.4128
vn 0.7719 -0.4836 0.4126
vn -0.8711 -0.4836 0.0855
vn -0.8711 -0.4836 0.0858
vn -0.8711 -0.4835 0.0858
vn -0.8711 -0.4836 0.0856
vn 0.8376 -0.4835 0.2541
vn 0.8376 -0.4837 0.2539
vn 0.8376 -0.4836 0.2541
vn -0.8376 -0.4836 0.2540
vn -0.8376 -0.4835 0.2544
vn -0.8376 -0.4835 0.2542
vn -0.8376 -0.4836 0.2541
vn 0.8711 -0.4836 0.0857
vn 0.8711 -0.4836 0.0855
vn -0.7719 -0.4836 0.4127
vn -0.7719 -0.4836 0.4126
vn -0.7721 -0.4836 0.4124
vn 0.8711 -0.4836 -0.0857
vn 0.8711 -0.4836 -0.0858
vn -0.6766 -0.4836 0.5553
vn -0.6766 -0.4834 0.5554
vn 0.8375 -0.4836 -0.2543
vn 0.8376 -0.4836 -0.2542
vn 0.8376 -0.4836 -0.2541
vn -0.5553 -0.4836 0.6766
vn -0.5552 -0.4837 0.6766
vn -0.5550 -0.4839 0.6767
vn -0.5549 -0.4839 0.6767
vn 0.7719 -0.4837 -0.4125
vn 0.7719 -0.4836 -0.4126
vn 0.7719 -0.4838 -0.4124
vn -0.4128 -0.4838 0.7717
vn -0.4126 -0.4836 0.7719
vn -0.4124 -0.4837 0.7720
vn -0.4130 -0.4839 0.7715
vn -0.0860 -0.4834 -0.8712
vn -0.0858 -0.4836 -0.8711
vn -0.0855 -0.4836 -0.8711
vn 0.6765 -0.4835 -0.5555
vn 0.6765 -0.4834 -0.5556
vn 0.6766 -0.4834 -0.5555
vn 0.6766 -0.4836 -0.5553
vn -0.2539 -0.4836 0.8377
vn -0.2545 -0.4837 0.8374
vn -0.2542 -0.4836 0.8376
vn -0.2538 -0.4835 -0.8377
vn -0.2541 -0.4836 -0.8376
vn -0.2542 -0.4834 -0.8377
vn 0.5553 -0.4836 -0.6766
vn 0.5553 -0.4837 -0.6765
vn 0.5551 -0.4833 -0.6770
vn -0.0857 -0.4836 0.8711
vn -0.0858 -0.4836 0.8711
vn -0.0859 -0.4836 0.8711
vn -0.4126 -0.4836 -0.7719
vn 0.4127 -0.4834 -0.7720
vn 0.4130 -0.4836 -0.7717
vn 0.4129 -0.4835 -0.7718
vn 0.4126 -0.4837 -0.7719
vn 0.0857 -0.4836 0.8711
vn 0.0858 -0.4836 0.8711
vn -0.5550 -0.4836 -0.6768
vn -0.5550 -0.4836 -0.6769
vn -0.5551 -0.4836 -0.6768
vn 0.2542 -0.4835 -0.8376
vn 0.2542 -0.4837 -0.8375
vn 0.2538 -0.4834 -0.8378
vn 0.2543 -0.4836 -0.8375
vn 0.2544 -0.4836 0.8375
vn 0.2540 -0.4836 0.8376
vn 0.2545 -0.4836 0.8375
vn 0.2543 -0.4837 0.8375
vn -0.6767 -0.4836 -0.5552
vn -0.6768 -0.4836 -0.5550
vn -0.6766 -0.4836 -0.5553
vn 0.0858 -0.4836 -0.8711
vn 0.0857 -0.4836 -0.8711
vn 0.0860 -0.4834 -0.8712
vn 0.4125 -0.4836 0.7720
vn 0.4126 -0.4836 0.7719
vn 0.4126 -0.4836 0.7720
vn -0.7719 -0.4836 -0.4127
vn -0.7719 -0.4836 -0.4126
vn -0.7720 -0.4836 -0.4126
vn 0.5554 -0.4836 0.6765
vn 0.5555 -0.4836 0.6765
vn 0.5553 -0.4836 0.6766
vn 0.5555 -0.4836 0.6764
vn 0.9952 -0.0000 -0.0981
vn 0.9952 -0.0000 -0.0977
vn 0.2440 -0.8557 -0.4564
vn 0.2440 -0.8555 -0.4567
vn 0.2439 -0.8556 -0.4565
vn 0.2439 -0.8557 -0.4564
vn 0.0507 -0.8556 0.5152
vn 0.0508 -0.8554 0.5154
vn 0.0507 -0.8557 0.5150
vn -0.3283 -0.8556 -0.4001
vn -0.3284 -0.8555 -0.4003
vn -0.3283 -0.8557 -0.3999
vn 0.1502 -0.8557 -0.4953
vn 0.1502 -0.8557 0.4952
vn 0.1502 -0.8557 0.4953
vn 0.1502 -0.8557 0.4951
vn -0.4001 -0.8557 -0.3283
vn -0.4000 -0.8557 -0.3283
vn -0.4000 -0.8557 -0.3282
vn -0.4001 -0.8556 -0.3283
vn 0.0507 -0.8556 -0.5151
vn 0.0507 -0.8556 -0.5152
vn 0.0507 -0.8555 -0.5153
vn 0.2440 -0.8556 0.4565
vn 0.2440 -0.8557 0.4564
vn 0.2441 -0.8554 0.4569
vn -0.4566 -0.8556 -0.2440
vn -0.4564 -0.8557 -0.2440
vn -0.4565 -0.8556 -0.2440
vn 0.3283 -0.8557 0.4001
vn 0.3283 -0.8556 0.4001
vn -0.4954 -0.8556 -0.1503
vn -0.4953 -0.8556 -0.1502
vn -0.4957 -0.8554 -0.1505
vn 0.4003 -0.8555 0.3284
vn 0.3999 -0.8558 0.3281
vn 0.4001 -0.8557 0.3282
vn 0.4004 -0.8555 0.3284
vn -0.5151 -0.8556 -0.0507
vn -0.5152 -0.8556 -0.0507
vn -0.5150 -0.8557 -0.0507
vn 0.4565 -0.8556 0.2440
vn 0.4567 -0.8555 0.2441
vn 0.4566 -0.8555 0.2441
vn 0.4566 -0.8555 0.2443
vn -0.5151 -0.8557 0.0507
vn -0.5151 -0.8556 0.0507
vn 0.4953 -0.8556 0.1502
vn 0.4951 -0.8557 0.1502
vn 0.4955 -0.8555 0.1502
vn -0.4953 -0.8556 0.1502
vn -0.4953 -0.8557 0.1502
vn -0.4954 -0.8556 0.1503
vn -0.4955 -0.8555 0.1504
vn 0.5151 -0.8557 0.0507
vn 0.5149 -0.8558 0.0507
vn 0.5151 -0.8556 0.0507
vn 0.5153 -0.8555 0.0507
vn -0.4563 -0.8557 0.2440
vn -0.4564 -0.8557 0.2440
vn 0.5153 -0.8555 -0.0507
vn 0.5154 -0.8555 -0.0507
vn 0.5152 -0.8556 -0.0507
vn -0.4002 -0.8556 0.3283
vn -0.4001 -0.8557 0.3282
vn -0.4000 -0.8557 0.3282
vn -0.4000 -0.8557 0.3283
vn 0.4953 -0.8556 -0.1502
vn 0.4952 -0.8557 -0.1502
vn 0.4953 -0.8557 -0.1502
vn -0.3284 -0.8555 0.4003
vn -0.3284 -0.8556 0.4002
vn 0.4566 -0.8556 -0.2441
vn 0.4564 -0.8557 -0.2440
vn 0.4566 -0.8556 -0.2440
vn -0.2443 -0.8554 0.4567
vn -0.2443 -0.8554 0.4568
vn -0.2441 -0.8556 0.4564
vn -0.0507 -0.8556 -0.5152
vn -0.0507 -0.8556 -0.5151
vn -0.0507 -0.8557 -0.5150
vn -0.0507 -0.8554 -0.5154
vn 0.4001 -0.8557 -0.3283
vn 0.4000 -0.8557 -0.3283
vn 0.4000 -0.8557 -0.3282
vn -0.1502 -0.8557 0.4953
vn -0.1501 -0.8557 0.4952
vn -0.1502 -0.8557 -0.4952
vn -0.1501 -0.8557 -0.4952
vn -0.1502 -0.8557 -0.4953
vn 0.3287 -0.8555 -0.4000
vn 0.3286 -0.8556 -0.3999
vn 0.3285 -0.8556 -0.4001
vn 0.3283 -0.8556 -0.4001
vn -0.0507 -0.8556 0.5151
vn -0.0507 -0.8555 0.5153
vn -0.0507 -0.8556 0.5152
vn -0.2441 -0.8555 -0.4566
vn -0.2440 -0.8557 -0.4564
vn -0.2436 -0.8559 -0.4562
vn -0.2434 -0.8560 -0.4561
vn 0.8818 -0.0000 -0.4716
vn -0.4716 -0.0000 0.8818
vn -0.0980 -0.0000 -0.9952
vn -0.2903 -0.0000 0.9569
vn 0.6344 -0.0000 -0.7730
vn -0.0980 -0.0000 0.9952
vn -0.4708 -0.0000 -0.8822
vn 0.4711 -0.0000 -0.8821
vn 0.4713 -0.0000 -0.8820
vn 0.0981 -0.0000 0.9952
vn -0.6342 -0.0000 -0.7731
vn -0.6342 -0.0000 -0.7732
vn 0.0981 -0.0000 -0.9952
vn 0.0977 -0.0000 -0.9952
vn 0.4716 -0.0000 0.8818
vn -0.8818 -0.0000 -0.4716
vn -0.9952 -0.0000 -0.0981
vn 0.8820 -0.0000 0.4712
vn 0.9569 -0.0000 0.2905
vn -0.8820 -0.0000 0.4712
vn 0.3549 -0.0000 0.9349
vn 0.1658 -0.0000 0.9862
vn 0.1657 -0.0000 0.9862
vn -0.0299 -0.0000 0.9996
vn -0.2243 -0.0000 0.9745
vn -0.4101 -0.0000 0.9120
vn -0.5802 -0.0000 0.8145
vn -0.7279 -0.0000 0.6857
vn -0.8477 -0.0000 0.5305
vn -0.9349 -0.0000 0.3549
vn -0.9349 -0.0000 0.3550
vn -0.9862 -0.0000 0.1657
vn -0.9862 -0.0000 0.1655
vn -0.9862 -0.0000 0.1656
vn -0.9996 -0.0000 -0.0299
vn -0.9745 -0.0000 -0.2243
vn -0.9121 -0.0000 -0.4101
vn -0.9121 -0.0000 -0.4100
vn -0.9120 -0.0000 -0.4101
vn -0.8145 -0.0000 -0.5802
vn -0.6857 -0.0000 -0.7279
vn -0.5305 -0.0000 -0.8477
vn -0.3549 -0.0000 -0.9349
vn -0.1657 -0.0000 -0.9862
vn 0.0299 -0.0000 -0.9996
vn 0.2243 -0.0000 -0.9745
vn 0.4101 -0.0000 -0.9120
vn 0.5801 -0.0000 -0.8145
vn 0.7279 -0.0000 -0.6857
vn 0.8477 -0.0000 -0.5305
vn 0.9349 -0.0000 -0.3549
vn 0.9862 -0.0000 -0.1657
vn 0.9996 -0.0000 0.0299
vn 0.9745 -0.0000 0.2243
vn 0.9121 -0.0000 0.4101
vn 0.9120 -0.0000 0.4101
vn 0.8145 -0.0000 0.5802
vn -0.8312 0.4606 0.3113
vn 0.6857 -0.0000 0.7279
vn 0.5305 -0.0000 0.8477
vn 0.5304 -0.0000 0.8477
vn -0.0000 -1.0000 -0.0001
vn -0.0000 -1.0000 -0.0003
vn -0.0000 -1.0000 0.0001
vn -0.0000 -1.0000 0.0003
vn -0.0000 -1.0000 -0.0004
vn -0.0000 -1.0000 0.0002
vn -0.0579 0.6232 0.7799
vn 0.0800 0.7021 -0.7076
vn 0.0798 0.7022 -0.7075
vn 0.0799 0.7021 -0.7076
vn 0.1629 0.9797 -0.1167
vn -0.3330 0.4517 0.8277
vn -0.6771 0.4608 -0.5738
vn 0.1180 0.9930 -0.0100
vn 0.4227 0.5300 0.7351
vn 0.5559 0.6037 0.5715
vn 0.5560 0.6036 0.5714
vn 0.5559 0.6037 0.5714
vn 0.5558 0.6037 0.5715
vn -0.8784 0.4584 0.1349
vn 0.2241 0.8075 -0.5457
vn 0.2240 0.8075 -0.5457
vn 0.2940 0.9504 -0.1014
vn -0.4980 0.4548 0.7383
vn -0.5216 0.4843 -0.7025
vn -0.5216 0.4843 -0.7024
vn -0.5215 0.4843 -0.7025
vn 0.0647 0.9978 -0.0115
vn 0.2446 0.4843 0.8400
vn -0.8892 0.4548 -0.0493
vn 0.2815 0.8945 -0.3473
vn 0.2814 0.8945 -0.3473
vn 0.2814 0.8946 -0.3473
vn 0.4467 0.8946 -0.0144
vn 0.4467 0.8946 -0.0143
vn 0.4467 0.8946 -0.0145
vn -0.6383 0.4584 0.6184
vn -0.3304 0.5300 -0.7810
vn 0.0482 0.9978 -0.0446
vn 0.0483 0.4608 0.8862
vn 0.0482 0.4608 0.8862
vn -0.8607 0.4517 -0.2348
vn -0.8607 0.4517 -0.2349
vn 0.2584 0.9504 -0.1730
vn 0.2583 0.9504 -0.1730
vn 0.5702 0.8075 0.1512
vn 0.5702 0.8075 0.1511
vn -0.7503 0.4606 0.4742
vn -0.1195 0.6037 -0.7882
vn 0.0792 0.9930 -0.0880
vn -0.1484 0.4521 0.8796
vn -0.1484 0.4521 0.8795
vn -0.1485 0.4521 0.8795
vn -0.7905 0.4521 -0.4132
vn 0.1914 0.9797 -0.0593
vn 0.6121 0.7021 0.3638
vn 0.6121 0.7021 0.3637
vn 0.8203 -0.4014 -0.4074
vn 0.8201 -0.4013 -0.4079
vn 0.8203 -0.4014 -0.4075
vn 0.8203 -0.4015 -0.4073
vn 0.8203 -0.4013 -0.4075
vn 0.8203 -0.4015 -0.4074
vn 0.8203 -0.4013 -0.4074
vn 0.8205 -0.4011 -0.4074
vn 0.8204 -0.4013 -0.4073
vn 0.8205 -0.4014 -0.4070
vn 0.8202 -0.4016 -0.4074
vn 0.8202 -0.4014 -0.4075
vn 0.8204 -0.4010 -0.4075
vn 0.8201 -0.4014 -0.4078
vn 0.9366 -0.1056 0.3342
vn 0.9366 -0.1055 0.3340
vn 0.9366 -0.1056 0.3340
vn 0.9366 -0.1056 0.3341
vn 0.2998 -0.1056 -0.9481
vn 0.2998 -0.1056 -0.9482
vn -0.1544 0.7314 0.6643
vn -0.1544 0.7314 0.6642
vn 0.5748 -0.0878 0.8136
vn 0.5747 -0.0878 0.8136
vn 0.5749 -0.0879 0.8135
vn 0.8931 0.3342 -0.3011
vn -0.2405 0.8072 0.5390
vn 0.7744 0.6269 0.0856
vn 0.7744 0.6269 0.0857
vn -0.3184 0.8550 0.4094
vn 0.6107 0.7775 0.1501
vn 0.6108 0.7775 0.1502
vn 0.6107 0.7775 0.1502
vn 0.6107 0.7775 0.1500
vn -0.3901 0.8780 0.2774
vn -0.3901 0.8780 0.2773
vn -0.3901 0.8780 0.2772
vn 0.4802 0.8702 0.1104
vn 0.4802 0.8702 0.1105
vn 0.4801 0.8702 0.1104
vn -0.4567 0.8780 0.1432
vn -0.4567 0.8780 0.1433
vn 0.3773 0.9257 0.0287
vn 0.3773 0.9256 0.0287
vn -0.5186 0.8550 0.0064
vn 0.2976 0.9518 -0.0749
vn 0.2976 0.9517 -0.0748
vn -0.5748 0.8072 -0.1341
vn 0.2395 0.9518 -0.1918
vn 0.2394 0.9518 -0.1919
vn -0.6226 0.7314 -0.2783
vn -0.6226 0.7314 -0.2782
vn 0.2052 0.9256 -0.3180
vn -0.6564 0.6232 -0.4250
vn -0.6564 0.6232 -0.4251
vn -0.6564 0.6232 -0.4252
vn -0.6564 0.6233 -0.4250
vn 0.2021 0.8702 -0.4493
vn 0.2020 0.8702 -0.4494
vn -0.6664 0.4793 -0.5711
vn -0.6663 0.4794 -0.5711
vn 0.3422 0.0998 0.9343
vn 0.3423 0.0997 0.9343
vn 0.3423 0.0998 0.9343
vn 0.2495 0.7775 -0.5773
vn 0.2493 0.7775 -0.5774
vn 0.2494 0.7775 -0.5774
vn -0.6363 0.3010 -0.7103
vn -0.6363 0.3011 -0.7102
vn -0.6363 0.3009 -0.7103
vn 0.1816 0.3010 0.9362
vn 0.1815 0.3011 0.9362
vn 0.3996 0.6269 -0.6688
vn -0.5377 0.0998 -0.8372
vn 0.0526 0.4794 0.8760
vn 0.0525 0.4794 0.8760
vn 0.7796 0.3342 -0.5297
vn 0.7796 0.3341 -0.5297
vn -0.3010 -0.0878 -0.9496
vn -0.3009 -0.0879 -0.9496
vn -0.3009 -0.0878 -0.9496
vn -0.7148 -0.0000 0.6993
vn -0.7148 -0.0000 0.6994
vn -0.8375 -0.0000 0.5465
vn -0.8375 -0.0000 0.5464
vn -0.9280 -0.0000 0.3726
vn -0.9829 -0.0000 0.1844
vn -0.9999 -0.0000 -0.0109
vn -0.9786 -0.0000 -0.2058
vn -0.9197 -0.0000 -0.3927
vn -0.8254 -0.0000 -0.5646
vn -0.6993 -0.0000 -0.7148
vn -0.5465 -0.0000 -0.8375
vn -0.5464 -0.0000 -0.8375
vn -0.3726 -0.0000 -0.9280
vn -0.1844 -0.0000 -0.9829
vn -0.1844 -0.0000 -0.9828
vn 0.0109 -0.0000 -0.9999
vn 0.2058 -0.0000 -0.9786
vn 0.3927 -0.0000 -0.9197
vn 0.5646 -0.0000 -0.8253
vn 0.5646 -0.0000 -0.8254
vn 0.7148 -0.0000 -0.6994
vn 0.8375 -0.0000 -0.5464
vn 0.8375 -0.0000 -0.5465
vn 0.9280 -0.0000 -0.3726
vn 0.9829 -0.0000 -0.1844
vn 0.9999 -0.0000 0.0109
vn 0.9786 -0.0000 0.2058
vn 0.9197 -0.0000 0.3927
vn 0.9197 -0.0000 0.3926
vn 0.8254 -0.0000 0.5645
vn 0.8253 -0.0000 0.5646
vn 0.6993 -0.0000 0.7148
vn 0.5465 -0.0000 0.8375
vn 0.5464 -0.0000 0.8375
vn 0.3726 -0.0000 0.9280
vn 0.1844 -0.0000 0.9829
vn -0.0109 -0.0000 0.9999
vn -0.2058 -0.0000 0.9786
vn -0.6179 0.4606 -0.6372
vn -0.3927 -0.0000 0.9197
vn -0.5646 -0.0000 0.8254
vn -0.0000 -1.0000 -0.0002
vn -0.7379 0.6232 0.2591
vn -0.7379 0.6232 0.2590
vn 0.6804 0.7021 -0.2099
vn 0.1721 0.9797 0.1026
vn -0.8918 0.4517 0.0260
vn 0.2550 0.4608 -0.8501
vn 0.2551 0.4608 -0.8501
vn 0.0563 0.9930 0.1042
vn -0.5046 0.5300 0.6815
vn -0.3013 0.6037 0.7381
vn -0.4751 0.4584 -0.7511
vn 0.5897 0.8075 -0.0129
vn 0.5897 0.8075 -0.0130
vn 0.2105 0.9504 0.2289
vn -0.8759 0.4548 -0.1609
vn -0.8759 0.4548 -0.1610
vn 0.4351 0.4843 -0.7591
vn 0.4350 0.4843 -0.7591
vn 0.0364 0.9978 0.0547
vn -0.6720 0.4843 0.5603
vn -0.3106 0.4548 -0.8347
vn 0.4308 0.8946 0.1189
vn 0.4308 0.8946 0.1190
vn 0.1919 0.8946 0.4036
vn 0.1918 0.8946 0.4036
vn 0.1920 0.8946 0.4036
vn -0.8222 0.4584 -0.3375
vn 0.5835 0.5300 -0.6153
vn 0.0602 0.9978 0.0263
vn -0.7929 0.4608 0.3987
vn -0.7929 0.4608 0.3988
vn -0.1292 0.4517 -0.8828
vn 0.2619 0.9504 0.1677
vn 0.2619 0.9504 0.1676
vn 0.0897 0.8075 0.5830
vn -0.7349 0.4606 -0.4978
vn 0.6745 0.6037 -0.4249
vn 0.6746 0.6037 -0.4248
vn 0.1124 0.9930 0.0374
vn -0.8654 0.4521 0.2160
vn 0.0624 0.4521 -0.8898
vn 0.1309 0.9797 0.1517
vn -0.0884 0.7021 0.7065
vn -0.0885 0.7021 0.7065
vn -0.0886 0.7022 0.7065
vn 0.7016 -0.4014 0.5887
vn 0.7017 -0.4013 0.5887
vn 0.7017 -0.4014 0.5886
vn 0.7018 -0.4014 0.5885
vn 0.7016 -0.4015 0.5887
vn 0.7015 -0.4014 0.5889
vn 0.7015 -0.4015 0.5889
vn 0.7017 -0.4015 0.5886
vn 0.7017 -0.4014 0.5887
vn 0.7019 -0.4011 0.5886
vn 0.7018 -0.4014 0.5886
vn 0.7017 -0.4016 0.5885
vn 0.0686 -0.1056 0.9920
vn 0.0685 -0.1056 0.9920
vn 0.9889 -0.1056 -0.1047
vn 0.9889 -0.1056 -0.1048
vn -0.6706 0.7314 0.1242
vn -0.5157 -0.0878 0.8523
vn 0.6333 0.3342 0.6980
vn -0.5902 0.8072 -0.0047
vn -0.5903 0.8072 -0.0046
vn 0.2313 0.6269 0.7439
vn 0.2313 0.6269 0.7440
vn -0.5026 0.8550 -0.1280
vn 0.1067 0.7775 0.6198
vn 0.1068 0.7775 0.6197
vn -0.4102 0.8780 -0.2465
vn -0.4102 0.8780 -0.2466
vn 0.0909 0.8702 0.4842
vn 0.0908 0.8702 0.4842
vn 0.0908 0.8702 0.4843
vn -0.3140 0.8780 -0.3612
vn 0.1247 0.9256 0.3573
vn -0.2133 0.8550 -0.4727
vn 0.1877 0.9518 0.2427
vn 0.1876 0.9518 0.2427
vn -0.1071 0.8072 -0.5805
vn -0.1071 0.8072 -0.5804
vn 0.2716 0.9518 0.1427
vn 0.2716 0.9518 0.1426
vn 0.0059 0.7314 -0.6820
vn 0.0058 0.7314 -0.6819
vn 0.0059 0.7313 -0.6820
vn 0.3735 0.9256 0.0609
vn 0.3735 0.9256 0.0608
vn 0.1270 0.6232 -0.7717
vn 0.4927 0.8702 0.0054
vn 0.2568 0.4793 -0.8392
vn 0.2568 0.4794 -0.8392
vn 0.2567 0.4794 -0.8392
vn -0.7193 0.0998 0.6875
vn 0.6288 0.7776 -0.0024
vn 0.6288 0.7776 -0.0023
vn 0.6289 0.7775 -0.0024
vn 0.6289 0.7775 -0.0025
vn 0.3964 0.3010 -0.8673
vn -0.7853 0.3010 0.5410
vn 0.7728 0.6269 0.0986
vn 0.7729 0.6269 0.0986
vn 0.5521 0.0998 -0.8278
vn 0.5521 0.0997 -0.8278
vn -0.7819 0.4794 0.3985
vn -0.7819 0.4794 0.3987
vn -0.7818 0.4794 0.3987
vn 0.7974 0.3342 0.5025
vn 0.7974 0.3343 0.5024
vn 0.7498 -0.0879 -0.6558
vn 0.7498 -0.0878 -0.6558
vn 0.7498 -0.0877 -0.6558
vn -0.0602 -0.0000 0.9982
vn -0.2538 -0.0000 0.9673
vn -0.4375 -0.0000 0.8992
vn -0.4378 -0.0000 0.8991
vn -0.6047 -0.0000 0.7965
vn -0.6047 -0.0000 0.7964
vn -0.6046 -0.0000 0.7965
vn -0.7484 -0.0000 0.6633
vn -0.8634 -0.0000 0.5044
vn -0.9452 -0.0000 0.3264
vn -0.9907 -0.0000 0.1357
vn -0.9982 -0.0000 -0.0602
vn -0.9673 -0.0000 -0.2538
vn -0.8992 -0.0000 -0.4376
vn -0.7967 -0.0000 -0.6044
vn -0.6633 -0.0000 -0.7484
vn -0.5044 -0.0000 -0.8635
vn -0.5042 -0.0000 -0.8636
vn -0.5043 -0.0000 -0.8635
vn -0.5045 -0.0000 -0.8634
vn -0.3264 -0.0000 -0.9452
vn -0.1357 -0.0000 -0.9908
vn 0.0602 -0.0000 -0.9982
vn 0.2538 -0.0000 -0.9673
vn 0.4375 -0.0000 -0.8992
vn 0.6046 -0.0000 -0.7965
vn 0.7484 -0.0000 -0.6633
vn 0.8634 -0.0000 -0.5045
vn 0.9452 -0.0000 -0.3264
vn 0.9907 -0.0000 -0.1357
vn 0.9982 -0.0000 0.0602
vn 0.9673 -0.0000 0.2538
vn 0.8992 -0.0000 0.4376
vn 0.7965 -0.0000 0.6046
vn 0.6633 -0.0000 0.7484
vn 0.5044 -0.0000 0.8634
vn 0.5045 -0.0000 0.8634
vn -0.8857 0.4606 -0.0574
vn 0.3264 -0.0000 0.9452
vn 0.1357 -0.0000 0.9907
vn -0.3730 0.6232 0.6874
vn 0.3635 0.7021 -0.6124
vn 0.3634 0.7021 -0.6124
vn 0.1964 0.9797 -0.0395
vn 0.1964 0.9797 -0.0394
vn -0.6435 0.4517 0.6180
vn -0.3818 0.4608 -0.8012
vn -0.3817 0.4608 -0.8012
vn 0.1117 0.9930 0.0394
vn 0.0836 0.5300 0.8439
vn 0.2723 0.6037 0.7493
vn 0.2722 0.6037 0.7493
vn -0.8564 0.4584 -0.2376
vn 0.4284 0.8075 -0.4055
vn 0.3097 0.9504 0.0283
vn 0.3097 0.9504 0.0282
vn -0.7572 0.4548 0.4688
vn -0.1872 0.4843 -0.8547
vn -0.1872 0.4843 -0.8546
vn 0.0637 0.9978 0.0161
vn -0.1219 0.4843 0.8664
vn -0.7906 0.4548 -0.4100
vn 0.3991 0.8946 -0.2011
vn 0.4131 0.8946 0.1703
vn 0.4132 0.8946 0.1703
vn 0.4132 0.8946 0.1702
vn -0.8359 0.4584 0.3019
vn 0.0194 0.5300 -0.8478
vn 0.0623 0.9978 -0.0209
vn -0.3199 0.4608 0.8279
vn -0.3198 0.4608 0.8279
vn -0.6884 0.4517 -0.5675
vn -0.6885 0.4517 -0.5674
vn -0.6885 0.4517 -0.5675
vn 0.3066 0.9504 -0.0517
vn 0.4579 0.8075 0.3718
vn 0.4579 0.8075 0.3719
vn -0.8788 0.4606 0.1244
vn 0.2147 0.6037 -0.7678
vn 0.2146 0.6037 -0.7678
vn 0.2148 0.6037 -0.7678
vn 0.1084 0.9930 -0.0477
vn -0.4964 0.4521 0.7411
vn -0.5512 0.4521 -0.7013
vn 0.1989 0.9797 0.0245
vn 0.1989 0.9797 0.0244
vn 0.4088 0.7021 0.5830
vn 0.4088 0.7021 0.5831
vn 0.9152 -0.4014 -0.0347
vn 0.9152 -0.4015 -0.0348
vn 0.9152 -0.4015 -0.0346
vn 0.9153 -0.4012 -0.0348
vn 0.9153 -0.4014 -0.0347
vn 0.9154 -0.4012 -0.0347
vn 0.9153 -0.4013 -0.0347
vn 0.9152 -0.4014 -0.0345
vn 0.9153 -0.4012 -0.0346
vn 0.9152 -0.4014 -0.0346
vn 0.9152 -0.4014 -0.0348
vn 0.9153 -0.4013 -0.0346
vn 0.9152 -0.4016 -0.0347
vn 0.9153 -0.4014 -0.0346
vn 0.9153 -0.4013 -0.0348
vn 0.9152 -0.4015 -0.0347
vn 0.7169 -0.1056 0.6892
vn 0.7169 -0.1056 0.6891
vn 0.6626 -0.1057 -0.7415
vn 0.6626 -0.1056 -0.7415
vn -0.4135 0.7314 0.5423
vn 0.1901 -0.0878 0.9778
vn 0.9380 0.3342 0.0922
vn 0.9380 0.3343 0.0922
vn -0.4406 0.8072 0.3928
vn 0.6709 0.6269 0.3961
vn 0.6709 0.6269 0.3962
vn -0.4584 0.8550 0.2426
vn 0.4952 0.7775 0.3876
vn -0.4695 0.8780 0.0928
vn -0.4695 0.8780 0.0929
vn 0.3925 0.8702 0.2978
vn 0.3925 0.8702 0.2979
vn -0.4752 0.8780 -0.0570
vn -0.4752 0.8780 -0.0569
vn 0.3323 0.9256 0.1811
vn 0.3323 0.9256 0.1810
vn -0.4755 0.8550 -0.2070
vn -0.4755 0.8550 -0.2071
vn 0.3021 0.9518 0.0539
vn 0.3021 0.9518 0.0540
vn -0.4691 0.8072 -0.3583
vn -0.4691 0.8072 -0.3582
vn 0.2971 0.9518 -0.0766
vn 0.2971 0.9518 -0.0767
vn -0.4535 0.7314 -0.5094
vn 0.3176 0.9256 -0.2057
vn 0.3176 0.9256 -0.2056
vn 0.3176 0.9257 -0.2056
vn -0.4240 0.6232 -0.6572
vn 0.3687 0.8702 -0.3268
vn 0.3687 0.8702 -0.3267
vn -0.3732 0.4795 -0.7943
vn -0.3731 0.4794 -0.7944
vn -0.0715 0.0998 0.9924
vn 0.4644 0.7775 -0.4239
vn 0.4644 0.7775 -0.4241
vn -0.2886 0.3010 -0.9089
vn -0.2188 0.3010 0.9282
vn 0.6389 0.6269 -0.4459
vn 0.6389 0.6269 -0.4458
vn 0.6389 0.6270 -0.4458
vn -0.1465 0.0998 -0.9842
vn -0.3118 0.4793 0.8204
vn 0.9283 0.3342 -0.1629
vn 0.9283 0.3341 -0.1629
vn 0.9283 0.3342 -0.1630
vn 0.1154 -0.0878 -0.9894
vn 0.1155 -0.0878 -0.9894
vt 0.000000 0.000000
vt 1.000000 1.000000
vt 0.968800 1.000000
vt 0.968800 0.500000
vt 1.000000 0.500000
vt 0.937500 1.000000
vt 0.937500 0.500000
vt 0.906200 1.000000
vt 0.906200 0.500000
vt 0.875000 1.000000
vt 0.875000 0.500000
vt 0.843800 1.000000
vt 0.843800 0.500000
vt 0.812500 0.500000
vt 0.812500 1.000000
vt 0.781200 0.500000
vt 0.781200 1.000000
vt 0.750000 1.000000
vt 0.750000 0.500000
vt 0.718800 0.500000
vt 0.718800 1.000000
vt 0.687500 0.500000
vt 0.687500 1.000000
vt 0.656200 0.500000
vt 0.656200 1.000000
vt 0.625000 1.000000
vt 0.625000 0.500000
vt 0.593800 0.500000
vt 0.593800 1.000000
vt 0.562500 0.500000
vt 0.562500 1.000000
vt 0.531200 0.500000
vt 0.531200 1.000000
vt 0.500000 0.500000
vt 0.500000 1.000000
vt 0.468800 0.500000
vt 0.468800 1.000000
vt 0.437500 0.500000
vt 0.437500 1.000000
vt 0.406200 0.500000
vt 0.406200 1.000000
vt 0.375000 1.000000
vt 0.375000 0.500000
vt 0.343800 1.000000
vt 0.343800 0.500000
vt 0.312500 0.500000
vt 0.312500 1.000000
vt 0.281200 0.500000
vt 0.281200 1.000000
vt 0.250000 1.000000
vt 0.250000 0.500000
vt 0.218800 1.000000
vt 0.218800 0.500000
vt 0.187500 0.500000
vt 0.187500 1.000000
vt 0.156200 1.000000
vt 0.156200 0.500000
vt 0.125000 0.500000
vt 0.125000 1.000000
vt 0.093800 0.500000
vt 0.093800 1.000000
vt 0.062500 1.000000
vt 0.062500 0.500000
vt 0.031200 1.000000
vt 0.031200 0.500000
vt 0.000000 1.000000
vt 0.000000 0.500000
vt 0.796800 0.485400
vt 0.841800 0.471700
vt 0.883300 0.449600
vt 0.919700 0.419700
vt 0.949600 0.383300
vt 0.971700 0.341800
vt 0.985400 0.296800
vt 0.990000 0.250000
vt 0.985400 0.203200
vt 0.971700 0.158200
vt 0.949600 0.116700
vt 0.919700 0.080300
vt 0.883300 0.050400
vt 0.841800 0.028300
vt 0.796800 0.014600
vt 0.750000 0.010000
vt 0.703200 0.014600
vt 0.658200 0.028300
vt 0.616700 0.050400
vt 0.580300 0.080300
vt 0.550400 0.116700
vt 0.528300 0.158200
vt 0.514600 0.203200
vt 0.510000 0.250000
vt 0.514600 0.296800
vt 0.528300 0.341800
vt 0.550400 0.383300
vt 0.580300 0.419700
vt 0.616700 0.449600
vt 0.658200 0.471700
vt 0.750000 0.490000
vt 0.703200 0.485400
vt 0.296800 0.485400
vt 0.250000 0.490000
vt 0.203200 0.485400
vt 0.158200 0.471700
vt 0.116700 0.449600
vt 0.080300 0.419700
vt 0.050400 0.383300
vt 0.028300 0.341800
vt 0.014600 0.296800
vt 0.010000 0.250000
vt 0.014600 0.203200
vt 0.028300 0.158200
vt 0.050400 0.116700
vt 0.080300 0.080300
vt 0.116700 0.050400
vt 0.158200 0.028300
vt 0.203200 0.014600
vt 0.250000 0.010000
vt 0.296800 0.014600
vt 0.341800 0.028300
vt 0.383300 0.050400
vt 0.419700 0.080300
vt 0.449600 0.116700
vt 0.471700 0.158200
vt 0.485400 0.203200
vt 0.490000 0.250000
vt 0.485400 0.296800
vt 0.471700 0.341800
vt 0.449600 0.383300
vt 0.419700 0.419700
vt 0.383300 0.449600
vt 0.341800 0.471700
s 1
g off
g pata_derecha_trasera_Goddard_None
usemtl Goddard_None
f 1/1/1 2/1/2 3/1/3
f 3/1/3 4/1/4 5/1/5
f 1/1/1 3/1/3 5/1/5
f 5/1/5 6/1/2 7/1/6
f 7/1/6 8/1/2 9/1/7
f 5/1/5 7/1/6 9/1/7
f 1/1/1 5/1/5 9/1/7
f 9/1/7 10/1/2 11/1/8
f 11/1/8 12/1/9 13/1/2
f 9/1/7 11/1/8 13/1/2
f 13/1/2 14/1/8 15/1/2
f 15/1/2 16/1/2 17/1/10
f 13/1/2 15/1/2 17/1/10
f 9/1/7 13/1/2 17/1/10
f 17/1/10 18/1/2 19/1/4
f 19/1/4 20/1/2 21/1/2
f 17/1/10 19/1/4 21/1/2
f 21/1/2 22/1/11 23/1/11
f 23/1/11 24/1/2 25/1/9
f 21/1/2 23/1/11 25/1/9
f 17/1/10 21/1/2 25/1/9
f 9/1/7 17/1/10 25/1/9
f 1/1/1 9/1/7 25/1/9
f 26/1/2 27/1/2 28/1/12
f 25/1/9 26/1/2 28/1/12
f 25/1/9 28/1/12 29/1/2
f 1/1/1 25/1/9 29/1/2
f 30/1/1 1/1/1 29/1/2
f 30/1/1 29/1/2 31/1/2
f 30/1/1 31/1/2 32/1/2
s 2
f 33/1/13 34/1/14 35/1/15
f 35/1/15 36/1/16 33/1/13
s 3
f 19/1/17 37/1/18 38/1/17
f 38/1/17 20/1/19 19/1/17
s 4
f 39/1/20 1/1/21 30/1/20
f 30/1/20 40/1/22 39/1/20
s 5
f 5/1/23 41/1/24 42/1/24
f 42/1/24 6/1/24 5/1/23
s 6
f 18/1/25 43/1/26 37/1/27
f 37/1/27 19/1/26 18/1/25
s 7
f 40/1/28 30/1/29 32/1/28
f 32/1/28 44/1/29 40/1/28
s 8
f 4/1/30 45/1/31 41/1/32
f 41/1/32 5/1/33 4/1/30
s 9
f 17/1/34 46/1/35 43/1/34
f 43/1/34 18/1/36 17/1/34
s 10
f 44/1/37 32/1/38 31/1/39
f 31/1/39 47/1/38 44/1/37
s 11
f 3/1/40 48/1/40 45/1/41
f 45/1/41 4/1/42 3/1/40
s 12
f 16/1/43 49/1/43 46/1/43
f 46/1/43 17/1/43 16/1/43
s 13
f 31/1/44 29/1/44 50/1/44
f 50/1/44 47/1/44 31/1/44
s 14
f 2/1/45 51/1/45 48/1/45
f 48/1/45 3/1/46 2/1/45
s 15
f 15/1/47 52/1/47 49/1/48
f 49/1/48 16/1/49 15/1/47
s 16
f 28/1/50 53/1/50 50/1/50
f 50/1/50 29/1/50 28/1/50
s 17
f 2/1/51 1/1/51 39/1/51
f 39/1/51 51/1/51 2/1/51
s 18
f 14/1/52 54/1/53 52/1/52
f 52/1/52 15/1/54 14/1/52
s 19
f 55/1/55 53/1/56 28/1/57
f 28/1/57 27/1/58 55/1/55
s 20
f 13/1/59 56/1/59 54/1/59
f 54/1/59 14/1/59 13/1/59
s 21
f 26/1/60 57/1/60 55/1/60
f 55/1/60 27/1/60 26/1/60
s 22
f 12/1/61 58/1/62 56/1/61
f 56/1/61 13/1/61 12/1/61
s 23
f 36/1/63 57/1/64 26/1/65
f 26/1/65 25/1/63 36/1/63
s 24
f 11/1/66 59/1/67 58/1/68
f 58/1/68 12/1/68 11/1/66
s 25
f 36/1/69 25/1/70 24/1/69
f 24/1/69 33/1/69 36/1/69
s 26
f 10/1/71 60/1/72 59/1/73
f 59/1/73 11/1/74 10/1/71
s 27
f 24/1/75 23/1/75 61/1/75
f 61/1/75 33/1/75 24/1/75
s 28
f 9/1/76 62/1/77 60/1/78
f 60/1/78 10/1/76 9/1/76
s 29
f 22/1/79 63/1/80 61/1/81
f 61/1/81 23/1/82 22/1/79
s 30
f 8/1/83 64/1/84 62/1/85
f 62/1/85 9/1/86 8/1/83
s 31
f 21/1/87 65/1/87 63/1/87
f 63/1/87 22/1/87 21/1/87
s 32
f 7/1/88 66/1/88 64/1/89
f 64/1/89 8/1/88 7/1/88
s 33
f 20/1/90 38/1/91 65/1/90
f 65/1/90 21/1/90 20/1/90
s 34
f 6/1/92 42/1/92 66/1/92
f 66/1/92 7/1/93 6/1/92
s 35
f 67/1/94 68/1/94 69/1/95
f 69/1/95 70/1/94 67/1/94
s 36
f 60/1/96 71/1/97 72/1/98
f 72/1/98 59/1/98 60/1/96
s 37
f 61/1/99 73/1/99 34/1/99
f 34/1/99 33/1/99 61/1/99
s 38
f 62/1/100 74/1/101 71/1/101
f 71/1/101 60/1/102 62/1/100
s 39
f 63/1/103 70/1/103 73/1/103
f 73/1/103 61/1/103 63/1/103
s 40
f 64/1/104 75/1/104 74/1/104
f 74/1/104 62/1/104 64/1/104
s 41
f 65/1/105 67/1/106 70/1/107
f 70/1/107 63/1/108 65/1/105
s 42
f 66/1/109 76/1/110 75/1/111
f 75/1/111 64/1/112 66/1/109
s 43
f 38/1/113 77/1/114 67/1/115
f 67/1/115 65/1/116 38/1/113
s 44
f 42/1/117 78/1/117 76/1/117
f 76/1/117 66/1/117 42/1/117
s 45
f 37/1/118 79/1/119 77/1/120
f 77/1/120 38/1/121 37/1/118
s 46
f 40/1/122 80/1/123 81/1/124
f 81/1/124 39/1/124 40/1/122
s 47
f 41/1/125 82/1/126 78/1/127
f 78/1/127 42/1/126 41/1/125
s 48
f 43/1/128 83/1/129 79/1/128
f 79/1/128 37/1/130 43/1/128
s 49
f 44/1/131 84/1/132 80/1/133
f 80/1/133 40/1/134 44/1/131
s 50
f 45/1/135 85/1/136 82/1/137
f 82/1/137 41/1/138 45/1/135
s 51
f 46/1/139 86/1/140 83/1/139
f 83/1/139 43/1/141 46/1/139
s 52
f 47/1/142 87/1/143 84/1/144
f 84/1/144 44/1/145 47/1/142
s 53
f 48/1/146 88/1/146 85/1/147
f 85/1/147 45/1/146 48/1/146
s 54
f 49/1/148 89/1/149 86/1/150
f 86/1/150 46/1/148 49/1/148
s 55
f 50/1/151 90/1/152 87/1/153
f 87/1/153 47/1/154 50/1/151
s 56
f 51/1/155 91/1/156 88/1/155
f 88/1/155 48/1/157 51/1/155
s 57
f 52/1/158 92/1/159 89/1/160
f 89/1/160 49/1/161 52/1/158
s 58
f 53/1/162 93/1/162 90/1/163
f 90/1/163 50/1/164 53/1/162
s 59
f 51/1/165 39/1/166 81/1/166
f 81/1/166 91/1/166 51/1/165
s 60
f 54/1/167 94/1/167 92/1/168
f 92/1/168 52/1/169 54/1/167
s 61
f 55/1/170 95/1/171 93/1/172
f 93/1/172 53/1/173 55/1/170
s 62
f 56/1/174 96/1/175 94/1/175
f 94/1/175 54/1/175 56/1/174
s 63
f 57/1/176 97/1/177 95/1/176
f 95/1/176 55/1/176 57/1/176
s 64
f 58/1/178 98/1/179 96/1/180
f 96/1/180 56/1/179 58/1/178
s 65
f 36/1/181 35/1/181 97/1/182
f 97/1/182 57/1/181 36/1/181
s 66
f 59/1/183 72/1/184 98/1/183
f 98/1/183 58/1/185 59/1/183
s 67
f 99/1/26 100/1/26 101/1/26
f 101/1/26 102/1/27 99/1/26
s 68
f 76/1/186 103/1/187 104/1/188
f 104/1/188 75/1/187 76/1/186
s 69
f 77/1/189 105/1/190 68/1/191
f 68/1/191 67/1/192 77/1/189
s 70
f 78/1/193 106/1/194 103/1/195
f 103/1/195 76/1/195 78/1/193
s 71
f 79/1/196 99/1/197 105/1/198
f 105/1/198 77/1/199 79/1/196
s 72
f 80/1/200 107/1/201 108/1/201
f 108/1/201 81/1/202 80/1/200
s 73
f 82/1/203 109/1/204 106/1/205
f 106/1/205 78/1/206 82/1/203
s 74
f 83/1/207 100/1/208 99/1/207
f 99/1/207 79/1/209 83/1/207
s 75
f 84/1/210 110/1/210 107/1/210
f 107/1/210 80/1/211 84/1/210
s 76
f 85/1/212 111/1/213 109/1/214
f 109/1/214 82/1/212 85/1/212
s 77
f 86/1/215 112/1/216 100/1/217
f 100/1/217 83/1/215 86/1/215
s 78
f 87/1/218 113/1/218 110/1/219
f 110/1/219 84/1/218 87/1/218
s 79
f 88/1/220 114/1/221 111/1/220
f 111/1/220 85/1/222 88/1/220
s 80
f 89/1/223 115/1/224 112/1/225
f 112/1/225 86/1/226 89/1/223
s 81
f 90/1/227 116/1/227 113/1/228
f 113/1/228 87/1/229 90/1/227
s 82
f 91/1/230 117/1/230 114/1/231
f 114/1/231 88/1/230 91/1/230
s 83
f 92/1/232 118/1/232 115/1/233
f 115/1/233 89/1/233 92/1/232
s 84
f 93/1/234 119/1/235 116/1/235
f 116/1/235 90/1/236 93/1/234
s 85
f 91/1/237 81/1/238 108/1/239
f 108/1/239 117/1/240 91/1/237
s 86
f 94/1/241 120/1/241 118/1/241
f 118/1/241 92/1/241 94/1/241
s 87
f 95/1/242 121/1/242 119/1/242
f 119/1/242 93/1/243 95/1/242
s 88
f 96/1/244 122/1/244 120/1/245
f 120/1/245 94/1/244 96/1/244
s 89
f 97/1/246 123/1/247 121/1/248
f 121/1/248 95/1/249 97/1/246
s 90
f 98/1/250 124/1/251 122/1/251
f 122/1/251 96/1/251 98/1/250
s 91
f 35/1/252 125/1/253 123/1/252
f 123/1/252 97/1/254 35/1/252
s 92
f 72/1/255 126/1/256 124/1/257
f 124/1/257 98/1/257 72/1/255
s 93
f 34/1/258 127/1/259 125/1/259
f 125/1/259 35/1/260 34/1/258
s 94
f 71/1/261 128/1/261 126/1/261
f 126/1/261 72/1/261 71/1/261
s 95
f 73/1/262 129/1/262 127/1/263
f 127/1/263 34/1/264 73/1/262
s 96
f 74/1/265 130/1/266 128/1/265
f 128/1/265 71/1/265 74/1/265
s 97
f 70/1/267 69/1/267 129/1/267
f 129/1/267 73/1/267 70/1/267
s 98
f 75/1/268 104/1/268 130/1/269
f 130/1/269 74/1/268 75/1/268
s 99
f 131/1/270 132/1/271 133/1/272
f 133/1/272 134/1/273 131/1/270
s 100
f 110/1/29 135/1/28 136/1/29
f 136/1/29 107/1/29 110/1/29
s 101
f 137/1/274 138/1/275 109/1/276
f 109/1/276 111/1/277 137/1/274
s 102
f 100/1/278 112/1/279 139/1/34
f 139/1/34 101/1/280 100/1/278
s 103
f 113/1/281 140/1/38 135/1/282
f 135/1/282 110/1/283 113/1/281
s 104
f 111/1/284 114/1/285 141/1/284
f 141/1/284 137/1/286 111/1/284
s 105
f 112/1/287 115/1/288 134/1/287
f 134/1/287 139/1/289 112/1/287
s 106
f 116/1/290 142/1/291 140/1/291
f 140/1/291 113/1/290 116/1/290
s 107
f 114/1/46 117/1/46 143/1/292
f 143/1/292 141/1/46 114/1/46
s 108
f 115/1/293 118/1/47 131/1/294
f 131/1/294 134/1/47 115/1/293
s 109
f 119/1/295 144/1/296 142/1/295
f 142/1/295 116/1/297 119/1/295
s 110
f 143/1/298 117/1/299 108/1/300
f 108/1/300 145/1/301 143/1/298
s 111
f 118/1/302 120/1/303 146/1/304
f 146/1/304 131/1/53 118/1/302
s 112
f 121/1/305 147/1/306 144/1/305
f 144/1/305 119/1/307 121/1/305
s 113
f 148/1/59 146/1/59 120/1/59
f 120/1/59 122/1/59 148/1/59
s 114
f 123/1/308 149/1/309 147/1/310
f 147/1/310 121/1/311 123/1/308
s 115
f 122/1/312 124/1/313 150/1/314
f 150/1/314 148/1/315 122/1/312
s 116
f 123/1/316 125/1/316 151/1/316
f 151/1/316 149/1/316 123/1/316
s 117
f 124/1/317 126/1/68 152/1/317
f 152/1/317 150/1/318 124/1/317
s 118
f 125/1/69 127/1/69 153/1/69
f 153/1/69 151/1/69 125/1/69
s 119
f 154/1/319 152/1/319 126/1/320
f 126/1/320 128/1/321 154/1/319
s 120
f 153/1/322 127/1/323 129/1/324
f 129/1/324 155/1/325 153/1/322
s 121
f 128/1/77 130/1/77 156/1/77
f 156/1/77 154/1/77 128/1/77
s 122
f 129/1/326 69/1/327 157/1/326
f 157/1/326 155/1/328 129/1/326
s 123
f 130/1/86 104/1/86 158/1/86
f 158/1/86 156/1/86 130/1/86
s 124
f 157/1/329 69/1/330 68/1/331
f 68/1/331 159/1/332 157/1/329
s 125
f 160/1/333 158/1/334 104/1/335
f 104/1/335 103/1/88 160/1/333
s 126
f 159/1/336 68/1/91 105/1/91
f 105/1/91 161/1/91 159/1/336
s 127
f 103/1/337 106/1/338 162/1/338
f 162/1/338 160/1/339 103/1/337
s 128
f 102/1/340 161/1/341 105/1/342
f 105/1/342 99/1/343 102/1/340
s 129
f 107/1/344 136/1/345 145/1/344
f 145/1/344 108/1/20 107/1/344
s 130
f 106/1/346 109/1/347 138/1/348
f 138/1/348 162/1/24 106/1/346
s 131
f 163/1/349 164/1/350 165/1/351
f 165/1/351 166/1/351 163/1/349
s 132
f 144/1/352 167/1/353 168/1/354
f 168/1/354 142/1/355 144/1/352
s 133
f 169/1/356 143/1/356 145/1/356
f 145/1/356 170/1/357 169/1/356
s 134
f 132/1/358 131/1/359 146/1/358
f 146/1/358 171/1/360 132/1/358
s 135
f 172/1/361 167/1/362 144/1/363
f 144/1/363 147/1/364 172/1/361
s 136
f 148/1/365 166/1/366 171/1/367
f 171/1/367 146/1/368 148/1/365
s 137
f 149/1/369 173/1/370 172/1/371
f 172/1/371 147/1/372 149/1/369
s 138
f 150/1/373 163/1/374 166/1/374
f 166/1/374 148/1/373 150/1/373
s 139
f 151/1/375 174/1/375 173/1/375
f 173/1/375 149/1/376 151/1/375
s 140
f 175/1/377 163/1/377 150/1/377
f 150/1/377 152/1/377 175/1/377
s 141
f 153/1/378 176/1/379 174/1/380
f 174/1/380 151/1/381 153/1/378
s 142
f 154/1/382 177/1/383 175/1/382
f 175/1/382 152/1/384 154/1/382
s 143
f 178/1/385 176/1/386 153/1/387
f 153/1/387 155/1/388 178/1/385
s 144
f 156/1/389 179/1/390 177/1/389
f 177/1/389 154/1/389 156/1/389
s 145
f 157/1/391 180/1/392 178/1/393
f 178/1/393 155/1/394 157/1/391
s 146
f 181/1/395 179/1/396 156/1/396
f 156/1/396 158/1/396 181/1/395
s 147
f 159/1/397 182/1/398 180/1/399
f 180/1/399 157/1/400 159/1/397
s 148
f 160/1/401 183/1/402 181/1/402
f 181/1/402 158/1/403 160/1/401
s 149
f 184/1/404 182/1/405 159/1/404
f 159/1/404 161/1/404 184/1/404
s 150
f 162/1/406 185/1/407 183/1/408
f 183/1/408 160/1/409 162/1/406
s 151
f 102/1/410 186/1/411 184/1/412
f 184/1/412 161/1/411 102/1/410
s 152
f 136/1/413 187/1/414 170/1/415
f 170/1/415 145/1/416 136/1/413
s 153
f 185/1/417 162/1/418 138/1/419
f 138/1/419 188/1/420 185/1/417
s 154
f 101/1/421 189/1/422 186/1/422
f 186/1/422 102/1/423 101/1/421
s 155
f 135/1/424 190/1/425 187/1/426
f 187/1/426 136/1/427 135/1/424
s 156
f 137/1/428 191/1/429 188/1/430
f 188/1/430 138/1/431 137/1/428
s 157
f 192/1/432 189/1/432 101/1/432
f 101/1/432 139/1/432 192/1/432
s 158
f 193/1/433 190/1/433 135/1/434
f 135/1/434 140/1/435 193/1/433
s 159
f 141/1/436 194/1/437 191/1/438
f 191/1/438 137/1/436 141/1/436
s 160
f 134/1/439 133/1/440 192/1/439
f 192/1/439 139/1/441 134/1/439
s 161
f 142/1/442 168/1/443 193/1/442
f 193/1/442 140/1/442 142/1/442
s 162
f 169/1/444 194/1/444 141/1/445
f 141/1/445 143/1/446 169/1/444
s 163
f 195/1/447 196/1/447 197/1/447
f 197/1/447 198/1/448 195/1/447
s 164
f 199/1/449 173/1/450 174/1/451
f 174/1/451 200/1/452 199/1/449
s 165
f 175/1/453 201/1/454 164/1/453
f 164/1/453 163/1/455 175/1/453
s 166
f 176/1/456 202/1/457 200/1/456
f 200/1/456 174/1/458 176/1/456
s 167
f 201/1/459 175/1/460 177/1/461
f 177/1/461 197/1/462 201/1/459
s 168
f 178/1/463 203/1/464 202/1/463
f 202/1/463 176/1/463 178/1/463
s 169
f 179/1/465 198/1/466 197/1/467
f 197/1/467 177/1/467 179/1/465
s 170
f 204/1/468 203/1/468 178/1/469
f 178/1/469 180/1/470 204/1/468
s 171
f 181/1/471 205/1/472 198/1/473
f 198/1/473 179/1/474 181/1/471
s 172
f 182/1/475 206/1/476 204/1/477
f 204/1/477 180/1/478 182/1/475
s 173
f 205/1/479 181/1/480 183/1/481
f 183/1/481 207/1/480 205/1/479
s 174
f 184/1/482 208/1/482 206/1/483
f 206/1/483 182/1/484 184/1/482
s 175
f 185/1/485 209/1/486 207/1/487
f 207/1/487 183/1/488 185/1/485
s 176
f 210/1/489 208/1/489 184/1/490
f 184/1/490 186/1/491 210/1/489
s 177
f 170/1/492 187/1/493 211/1/492
f 211/1/492 212/1/494 170/1/492
s 178
f 188/1/495 213/1/496 209/1/497
f 209/1/497 185/1/497 188/1/495
s 179
f 189/1/498 214/1/498 210/1/498
f 210/1/498 186/1/498 189/1/498
s 180
f 190/1/499 215/1/500 211/1/501
f 211/1/501 187/1/502 190/1/499
s 181
f 216/1/503 213/1/504 188/1/505
f 188/1/505 191/1/506 216/1/503
s 182
f 192/1/507 217/1/508 214/1/507
f 214/1/507 189/1/508 192/1/507
s 183
f 193/1/509 218/1/510 215/1/511
f 215/1/511 190/1/510 193/1/509
s 184
f 194/1/512 219/1/513 216/1/512
f 216/1/512 191/1/512 194/1/512
s 185
f 217/1/514 192/1/515 133/1/516
f 133/1/516 220/1/515 217/1/514
s 186
f 168/1/517 221/1/518 218/1/519
f 218/1/519 193/1/518 168/1/517
s 187
f 169/1/520 222/1/520 219/1/520
f 219/1/520 194/1/520 169/1/520
s 188
f 132/1/521 223/1/522 220/1/521
f 220/1/521 133/1/523 132/1/521
s 189
f 221/1/524 168/1/525 167/1/524
f 167/1/524 224/1/526 221/1/524
s 190
f 212/1/527 222/1/528 169/1/529
f 169/1/529 170/1/530 212/1/527
s 191
f 171/1/531 225/1/532 223/1/532
f 223/1/532 132/1/531 171/1/531
s 192
f 172/1/533 226/1/534 224/1/535
f 224/1/535 167/1/534 172/1/533
s 193
f 225/1/536 171/1/537 166/1/538
f 166/1/538 165/1/539 225/1/536
s 194
f 173/1/540 199/1/540 226/1/540
f 226/1/540 172/1/540 173/1/540
s 195
f 227/1/541 228/1/541 229/1/542
f 229/1/542 230/1/541 227/1/541
s 196
f 204/1/543 231/1/543 232/1/544
f 232/1/544 203/1/81 204/1/543
s 197
f 205/1/545 233/1/545 195/1/546
f 195/1/546 198/1/547 205/1/545
s 198
f 234/1/548 231/1/549 204/1/550
f 204/1/550 206/1/551 234/1/548
s 199
f 207/1/333 230/1/333 233/1/88
f 233/1/88 205/1/88 207/1/333
s 200
f 208/1/91 235/1/91 234/1/91
f 234/1/91 206/1/91 208/1/91
s 201
f 227/1/552 230/1/552 207/1/553
f 207/1/553 209/1/554 227/1/552
s 202
f 210/1/555 236/1/556 235/1/557
f 235/1/557 208/1/558 210/1/555
s 203
f 212/1/20 211/1/20 237/1/20
f 237/1/20 238/1/20 212/1/20
s 204
f 213/1/23 239/1/559 227/1/23
f 227/1/23 209/1/560 213/1/23
s 205
f 240/1/561 236/1/562 210/1/561
f 210/1/561 214/1/561 240/1/561
s 206
f 237/1/563 211/1/29 215/1/563
f 215/1/563 241/1/29 237/1/563
s 207
f 216/1/564 242/1/31 239/1/565
f 239/1/565 213/1/566 216/1/564
s 208
f 217/1/34 243/1/567 240/1/34
f 240/1/34 214/1/34 217/1/34
s 209
f 241/1/568 215/1/38 218/1/569
f 218/1/569 244/1/570 241/1/568
s 210
f 245/1/571 242/1/571 216/1/40
f 216/1/40 219/1/572 245/1/571
s 211
f 220/1/573 246/1/574 243/1/575
f 243/1/575 217/1/573 220/1/573
s 212
f 221/1/291 247/1/291 244/1/291
f 244/1/291 218/1/291 221/1/291
s 213
f 222/1/576 248/1/46 245/1/577
f 245/1/577 219/1/576 222/1/576
s 214
f 249/1/578 246/1/293 220/1/578
f 220/1/578 223/1/578 249/1/578
s 215
f 224/1/579 250/1/580 247/1/581
f 247/1/581 221/1/582 224/1/579
s 216
f 238/1/583 248/1/51 222/1/583
f 222/1/583 212/1/583 238/1/583
s 217
f 225/1/584 251/1/585 249/1/584
f 249/1/584 223/1/53 225/1/584
s 218
f 250/1/586 224/1/306 226/1/586
f 226/1/586 252/1/587 250/1/586
s 219
f 165/1/588 253/1/589 251/1/590
f 251/1/590 225/1/591 165/1/588
s 220
f 199/1/592 254/1/592 252/1/592
f 252/1/592 226/1/592 199/1/592
s 221
f 255/1/593 253/1/314 165/1/593
f 165/1/593 164/1/61 255/1/593
s 222
f 200/1/594 256/1/594 254/1/316
f 254/1/316 199/1/594 200/1/594
s 223
f 201/1/595 257/1/596 255/1/595
f 255/1/595 164/1/68 201/1/595
s 224
f 258/1/69 256/1/597 200/1/69
f 200/1/69 202/1/69 258/1/69
s 225
f 197/1/319 196/1/319 257/1/71
f 257/1/71 201/1/319 197/1/319
s 226
f 203/1/75 232/1/598 258/1/599
f 258/1/599 202/1/75 203/1/75
s 227
f 259/1/600 260/1/601 261/1/602
f 261/1/602 262/1/600 259/1/600
s 228
f 236/1/603 263/1/603 264/1/603
f 264/1/603 235/1/603 236/1/603
s 229
f 265/1/604 266/1/605 238/1/606
f 238/1/606 237/1/605 265/1/604
s 230
f 267/1/607 228/1/607 227/1/608
f 227/1/608 239/1/607 267/1/607
s 231
f 240/1/609 268/1/609 263/1/610
f 263/1/610 236/1/609 240/1/609
s 232
f 241/1/611 269/1/611 265/1/611
f 265/1/611 237/1/611 241/1/611
s 233
f 242/1/612 270/1/612 267/1/612
f 267/1/612 239/1/612 242/1/612
s 234
f 271/1/613 268/1/614 240/1/614
f 240/1/614 243/1/614 271/1/613
s 235
f 244/1/615 272/1/615 269/1/615
f 269/1/615 241/1/615 244/1/615
s 236
f 245/1/616 273/1/616 270/1/616
f 270/1/616 242/1/616 245/1/616
s 237
f 246/1/617 274/1/617 271/1/617
f 271/1/617 243/1/617 246/1/617
s 238
f 275/1/618 272/1/618 244/1/618
f 244/1/618 247/1/618 275/1/618
s 239
f 273/1/619 245/1/620 248/1/621
f 248/1/621 276/1/620 273/1/619
s 240
f 249/1/622 277/1/623 274/1/624
f 274/1/624 246/1/623 249/1/622
s 241
f 250/1/625 278/1/626 275/1/627
f 275/1/627 247/1/626 250/1/625
s 242
f 266/1/628 276/1/629 248/1/629
f 248/1/629 238/1/629 266/1/628
s 243
f 277/1/630 249/1/630 251/1/630
f 251/1/630 279/1/630 277/1/630
s 244
f 252/1/631 280/1/632 278/1/632
f 278/1/632 250/1/632 252/1/631
s 245
f 253/1/633 281/1/633 279/1/633
f 279/1/633 251/1/633 253/1/633
s 246
f 282/1/634 280/1/634 252/1/634
f 252/1/634 254/1/634 282/1/634
s 247
f 255/1/635 283/1/636 281/1/636
f 281/1/636 253/1/636 255/1/635
s 248
f 256/1/637 284/1/637 282/1/637
f 282/1/637 254/1/637 256/1/637
s 249
f 261/1/638 283/1/639 255/1/640
f 255/1/640 257/1/639 261/1/638
s 250
f 258/1/641 285/1/641 284/1/642
f 284/1/642 256/1/641 258/1/641
s 251
f 196/1/643 262/1/644 261/1/644
f 261/1/644 257/1/644 196/1/643
s 252
f 285/1/645 258/1/645 232/1/646
f 232/1/646 286/1/645 285/1/645
s 253
f 195/1/647 287/1/648 262/1/649
f 262/1/649 196/1/650 195/1/647
s 254
f 231/1/651 288/1/651 286/1/652
f 286/1/652 232/1/651 231/1/651
s 255
f 287/1/653 195/1/654 233/1/655
f 233/1/655 289/1/656 287/1/653
s 256
f 234/1/657 290/1/658 288/1/658
f 288/1/658 231/1/658 234/1/657
s 257
f 230/1/659 229/1/659 289/1/660
f 289/1/660 233/1/659 230/1/659
s 258
f 264/1/661 290/1/662 234/1/662
f 234/1/662 235/1/662 264/1/661
s 259
f 291/1/663 292/1/664 293/1/663
f 293/1/663 294/1/665 291/1/663
s 260
f 286/1/666 295/1/667 296/1/666
f 296/1/666 285/1/668 286/1/666
s 261
f 287/1/669 297/1/670 259/1/671
f 259/1/671 262/1/672 287/1/669
s 262
f 298/1/673 295/1/674 286/1/675
f 286/1/675 288/1/676 298/1/673
s 263
f 289/1/677 294/1/678 297/1/678
f 297/1/678 287/1/678 289/1/677
s 264
f 290/1/679 299/1/680 298/1/681
f 298/1/681 288/1/682 290/1/679
s 265
f 294/1/683 289/1/684 229/1/685
f 229/1/685 291/1/684 294/1/683
s 266
f 264/1/686 300/1/687 299/1/686
f 299/1/686 290/1/688 264/1/686
s 267
f 228/1/689 301/1/689 291/1/689
f 291/1/689 229/1/689 228/1/689
s 268
f 300/1/690 264/1/691 263/1/692
f 263/1/692 302/1/693 300/1/690
s 269
f 266/1/694 265/1/695 303/1/696
f 303/1/696 304/1/696 266/1/694
s 270
f 267/1/697 305/1/698 301/1/699
f 301/1/699 228/1/698 267/1/697
s 271
f 268/1/700 306/1/701 302/1/702
f 302/1/702 263/1/703 268/1/700
s 272
f 269/1/704 307/1/705 303/1/706
f 303/1/706 265/1/707 269/1/704
s 273
f 308/1/708 305/1/709 267/1/710
f 267/1/710 270/1/711 308/1/708
s 274
f 271/1/712 309/1/713 306/1/714
f 306/1/714 268/1/715 271/1/712
s 275
f 272/1/716 310/1/717 307/1/718
f 307/1/718 269/1/719 272/1/716
s 276
f 273/1/720 311/1/721 308/1/720
f 308/1/720 270/1/722 273/1/720
s 277
f 312/1/723 309/1/724 271/1/725
f 271/1/725 274/1/726 312/1/723
s 278
f 275/1/727 313/1/728 310/1/727
f 310/1/727 272/1/729 275/1/727
s 279
f 276/1/730 314/1/730 311/1/730
f 311/1/730 273/1/731 276/1/730
s 280
f 277/1/732 315/1/733 312/1/733
f 312/1/733 274/1/732 277/1/732
s 281
f 313/1/734 275/1/735 278/1/736
f 278/1/736 316/1/735 313/1/734
s 282
f 304/1/737 314/1/738 276/1/739
f 276/1/739 266/1/738 304/1/737
s 283
f 279/1/740 317/1/741 315/1/742
f 315/1/742 277/1/743 279/1/740
s 284
f 280/1/744 318/1/745 316/1/746
f 316/1/746 278/1/745 280/1/744
s 285
f 317/1/747 279/1/748 281/1/749
f 281/1/749 319/1/750 317/1/747
s 286
f 282/1/751 320/1/751 318/1/752
f 318/1/752 280/1/752 282/1/751
s 287
f 283/1/753 321/1/754 319/1/753
f 319/1/753 281/1/755 283/1/753
s 288
f 322/1/756 320/1/757 282/1/756
f 282/1/756 284/1/758 322/1/756
s 289
f 261/1/759 260/1/759 321/1/759
f 321/1/759 283/1/759 261/1/759
s 290
f 285/1/760 296/1/760 322/1/760
f 322/1/760 284/1/761 285/1/760
s 291
f 323/1/762 324/1/763 325/1/764
f 325/1/764 326/1/763 323/1/762
s 292
f 300/1/765 327/1/766 328/1/765
f 328/1/765 299/1/767 300/1/765
s 293
f 291/1/768 301/1/769 329/1/768
f 329/1/768 292/1/770 291/1/768
s 294
f 302/1/771 330/1/772 327/1/771
f 327/1/771 300/1/772 302/1/771
s 295
f 304/1/773 303/1/774 331/1/773
f 331/1/773 332/1/775 304/1/773
s 296
f 329/1/776 301/1/777 305/1/778
f 305/1/778 324/1/779 329/1/776
s 297
f 302/1/780 306/1/781 333/1/781
f 333/1/781 330/1/781 302/1/780
s 298
f 331/1/782 303/1/783 307/1/784
f 307/1/784 334/1/785 331/1/782
s 299
f 308/1/786 325/1/786 324/1/786
f 324/1/786 305/1/787 308/1/786
s 300
f 333/1/788 306/1/789 309/1/788
f 309/1/788 335/1/790 333/1/788
s 301
f 334/1/791 307/1/791 310/1/791
f 310/1/791 336/1/792 334/1/791
s 302
f 308/1/793 311/1/794 337/1/793
f 337/1/793 325/1/794 308/1/793
s 303
f 312/1/795 338/1/796 335/1/795
f 335/1/795 309/1/797 312/1/795
s 304
f 313/1/798 339/1/798 336/1/798
f 336/1/798 310/1/798 313/1/798
s 305
f 337/1/799 311/1/800 314/1/801
f 314/1/801 340/1/802 337/1/799
s 306
f 312/1/803 315/1/804 341/1/804
f 341/1/804 338/1/804 312/1/803
s 307
f 316/1/805 342/1/806 339/1/807
f 339/1/807 313/1/808 316/1/805
s 308
f 314/1/809 304/1/810 332/1/809
f 332/1/809 340/1/811 314/1/809
s 309
f 341/1/812 315/1/813 317/1/814
f 317/1/814 343/1/813 341/1/812
s 310
f 342/1/815 316/1/816 318/1/817
f 318/1/817 344/1/818 342/1/815
s 311
f 319/1/819 345/1/819 343/1/819
f 343/1/819 317/1/820 319/1/819
s 312
f 320/1/821 346/1/822 344/1/823
f 344/1/823 318/1/822 320/1/821
s 313
f 319/1/824 321/1/825 347/1/826
f 347/1/826 345/1/827 319/1/824
s 314
f 322/1/828 348/1/829 346/1/828
f 346/1/828 320/1/830 322/1/828
s 315
f 347/1/831 321/1/832 260/1/833
f 260/1/833 349/1/831 347/1/831
s 316
f 322/1/834 296/1/835 350/1/836
f 350/1/836 348/1/837 322/1/834
s 317
f 259/1/838 351/1/839 349/1/840
f 349/1/840 260/1/841 259/1/838
s 318
f 350/1/842 296/1/843 295/1/842
f 295/1/842 352/1/844 350/1/842
s 319
f 259/1/845 297/1/846 353/1/847
f 353/1/847 351/1/847 259/1/845
s 320
f 354/1/848 352/1/849 295/1/850
f 295/1/850 298/1/851 354/1/848
s 321
f 353/1/852 297/1/853 294/1/854
f 294/1/854 293/1/852 353/1/852
s 322
f 354/1/855 298/1/856 299/1/855
f 299/1/855 328/1/857 354/1/855
s 323
f 355/1/858 356/1/859 357/1/858
f 357/1/858 358/1/860 355/1/858
s 324
f 335/1/861 359/1/862 360/1/861
f 360/1/861 333/1/862 335/1/861
s 325
f 336/1/863 361/1/863 362/1/863
f 362/1/863 334/1/863 336/1/863
s 326
f 337/1/864 363/1/865 326/1/866
f 326/1/866 325/1/865 337/1/864
s 327
f 359/1/867 335/1/867 338/1/867
f 338/1/867 364/1/867 359/1/867
s 328
f 336/1/868 339/1/868 365/1/868
f 365/1/868 361/1/868 336/1/868
s 329
f 340/1/869 357/1/870 363/1/871
f 363/1/871 337/1/870 340/1/869
s 330
f 341/1/872 366/1/872 364/1/873
f 364/1/873 338/1/872 341/1/872
s 331
f 365/1/874 339/1/875 342/1/875
f 342/1/875 367/1/875 365/1/874
s 332
f 358/1/876 357/1/876 340/1/876
f 340/1/876 332/1/876 358/1/876
s 333
f 343/1/877 368/1/878 366/1/879
f 366/1/879 341/1/878 343/1/877
s 334
f 344/1/880 369/1/880 367/1/880
f 367/1/880 342/1/880 344/1/880
s 335
f 368/1/881 343/1/882 345/1/883
f 345/1/883 370/1/882 368/1/881
s 336
f 344/1/884 346/1/884 371/1/884
f 371/1/884 369/1/884 344/1/884
s 337
f 347/1/885 372/1/885 370/1/885
f 370/1/885 345/1/886 347/1/885
s 338
f 371/1/887 346/1/888 348/1/889
f 348/1/889 373/1/888 371/1/887
s 339
f 349/1/890 374/1/891 372/1/890
f 372/1/890 347/1/891 349/1/890
s 340
f 350/1/892 375/1/893 373/1/894
f 373/1/894 348/1/892 350/1/892
s 341
f 374/1/895 349/1/896 351/1/897
f 351/1/897 376/1/896 374/1/895
s 342
f 352/1/898 377/1/898 375/1/898
f 375/1/898 350/1/898 352/1/898
s 343
f 353/1/899 378/1/900 376/1/901
f 376/1/901 351/1/900 353/1/899
s 344
f 352/1/902 354/1/902 379/1/902
f 379/1/902 377/1/902 352/1/902
s 345
f 293/1/903 380/1/904 378/1/903
f 378/1/903 353/1/904 293/1/903
s 346
f 381/1/905 379/1/906 354/1/906
f 354/1/906 328/1/906 381/1/905
s 347
f 380/1/907 293/1/908 292/1/907
f 292/1/907 382/1/908 380/1/907
s 348
f 381/1/909 328/1/909 327/1/909
f 327/1/909 383/1/909 381/1/909
s 349
f 329/1/910 384/1/911 382/1/912
f 382/1/912 292/1/911 329/1/910
s 350
f 383/1/913 327/1/914 330/1/914
f 330/1/914 385/1/914 383/1/913
s 351
f 331/1/915 386/1/916 358/1/916
f 358/1/916 332/1/916 331/1/915
s 352
f 324/1/917 323/1/918 384/1/918
f 384/1/918 329/1/918 324/1/917
s 353
f 333/1/919 360/1/919 385/1/919
f 385/1/919 330/1/919 333/1/919
s 354
f 386/1/920 331/1/920 334/1/921
f 334/1/921 362/1/921 386/1/920
s 355
f 387/1/922 388/1/923 389/1/924
f 389/1/924 390/1/925 387/1/922
s 356
f 368/1/926 391/1/926 392/1/926
f 392/1/926 366/1/926 368/1/926
s 357
f 393/1/927 367/1/928 369/1/929
f 369/1/929 394/1/930 393/1/927
s 358
f 370/1/931 395/1/932 391/1/932
f 391/1/932 368/1/933 370/1/931
s 359
f 371/1/934 396/1/935 394/1/936
f 394/1/936 369/1/937 371/1/934
s 360
f 395/1/938 370/1/938 372/1/939
f 372/1/939 390/1/940 395/1/938
s 361
f 373/1/941 397/1/942 396/1/943
f 396/1/943 371/1/944 373/1/941
s 362
f 374/1/945 387/1/945 390/1/945
f 390/1/945 372/1/945 374/1/945
s 363
f 397/1/946 373/1/947 375/1/948
f 375/1/948 398/1/946 397/1/946
s 364
f 376/1/949 399/1/950 387/1/951
f 387/1/951 374/1/950 376/1/949
s 365
f 377/1/952 400/1/953 398/1/954
f 398/1/954 375/1/955 377/1/952
s 366
f 399/1/956 376/1/957 378/1/958
f 378/1/958 401/1/959 399/1/956
s 367
f 379/1/960 402/1/961 400/1/960
f 400/1/960 377/1/962 379/1/960
s 368
f 380/1/963 403/1/964 401/1/965
f 401/1/965 378/1/966 380/1/963
s 369
f 402/1/967 379/1/968 381/1/969
f 381/1/969 404/1/970 402/1/967
s 370
f 382/1/971 405/1/972 403/1/973
f 403/1/973 380/1/974 382/1/971
s 371
f 383/1/975 406/1/976 404/1/977
f 404/1/977 381/1/976 383/1/975
s 372
f 405/1/978 382/1/979 384/1/980
f 384/1/980 407/1/981 405/1/978
s 373
f 385/1/982 408/1/983 406/1/984
f 406/1/984 383/1/985 385/1/982
s 374
f 358/1/986 386/1/987 409/1/988
f 409/1/988 355/1/987 358/1/986
s 375
f 323/1/989 410/1/990 407/1/991
f 407/1/991 384/1/992 323/1/989
s 376
f 408/1/993 385/1/994 360/1/995
f 360/1/995 411/1/996 408/1/993
s 377
f 362/1/997 412/1/998 409/1/997
f 409/1/997 386/1/999 362/1/997
s 378
f 326/1/1000 413/1/1001 410/1/1002
f 410/1/1002 323/1/1003 326/1/1000
s 379
f 359/1/1004 414/1/1004 411/1/1005
f 411/1/1005 360/1/1004 359/1/1004
s 380
f 412/1/1006 362/1/1007 361/1/1008
f 361/1/1008 415/1/1006 412/1/1006
s 381
f 413/1/1009 326/1/1009 363/1/1009
f 363/1/1009 416/1/1009 413/1/1009
s 382
f 364/1/1010 417/1/1011 414/1/1012
f 414/1/1012 359/1/1012 364/1/1010
s 383
f 365/1/1013 418/1/1014 415/1/1014
f 415/1/1014 361/1/1014 365/1/1013
s 384
f 357/1/1015 356/1/1016 416/1/1015
f 416/1/1015 363/1/1017 357/1/1015
s 385
f 417/1/1018 364/1/1018 366/1/1019
f 366/1/1019 392/1/1019 417/1/1018
s 386
f 367/1/1020 393/1/1021 418/1/1022
f 418/1/1022 365/1/1023 367/1/1020
s 387
f 419/1/1024 420/1/1024 421/1/1025
f 421/1/1025 422/1/1024 419/1/1024
s 388
f 423/1/1026 424/1/1027 397/1/1026
f 397/1/1026 398/1/1028 423/1/1026
s 389
f 399/1/1029 425/1/1030 388/1/1029
f 388/1/1029 387/1/1030 399/1/1029
s 390
f 400/1/1031 426/1/1032 423/1/1031
f 423/1/1031 398/1/1031 400/1/1031
s 391
f 420/1/1033 425/1/1034 399/1/1033
f 399/1/1033 401/1/1035 420/1/1033
s 392
f 402/1/1036 427/1/1037 426/1/1036
f 426/1/1036 400/1/1036 402/1/1036
s 393
f 403/1/1038 421/1/1039 420/1/1038
f 420/1/1038 401/1/1040 403/1/1038
s 394
f 428/1/1041 427/1/1042 402/1/1043
f 402/1/1043 404/1/1044 428/1/1041
s 395
f 405/1/1045 429/1/1045 421/1/1045
f 421/1/1045 403/1/1046 405/1/1045
s 396
f 406/1/1047 430/1/1048 428/1/1047
f 428/1/1047 404/1/1049 406/1/1047
s 397
f 431/1/1050 429/1/1051 405/1/1052
f 405/1/1052 407/1/1053 431/1/1050
s 398
f 408/1/1054 432/1/1055 430/1/1054
f 430/1/1054 406/1/1056 408/1/1054
s 399
f 433/1/1057 355/1/1058 409/1/1059
f 409/1/1059 434/1/1059 433/1/1057
s 400
f 410/1/1060 435/1/1061 431/1/1061
f 431/1/1061 407/1/1061 410/1/1060
s 401
f 436/1/1062 432/1/1063 408/1/1063
f 408/1/1063 411/1/1063 436/1/1062
s 402
f 434/1/1064 409/1/1065 412/1/1065
f 412/1/1065 437/1/1066 434/1/1064
s 403
f 413/1/1067 438/1/1068 435/1/1068
f 435/1/1068 410/1/1069 413/1/1067
s 404
f 414/1/1070 439/1/1071 436/1/1072
f 436/1/1072 411/1/1073 414/1/1070
s 405
f 415/1/1074 440/1/1075 437/1/1074
f 437/1/1074 412/1/1076 415/1/1074
s 406
f 441/1/1077 438/1/1078 413/1/1077
f 413/1/1077 416/1/1079 441/1/1077
s 407
f 417/1/1080 442/1/1081 439/1/1080
f 439/1/1080 414/1/1080 417/1/1080
s 408
f 440/1/1082 415/1/1083 418/1/1082
f 418/1/1082 443/1/1084 440/1/1082
s 409
f 356/1/1085 444/1/1085 441/1/1085
f 441/1/1085 416/1/1086 356/1/1085
s 410
f 445/1/1087 442/1/1087 417/1/1088
f 417/1/1088 392/1/1088 445/1/1087
s 411
f 393/1/1089 446/1/1089 443/1/1089
f 443/1/1089 418/1/1089 393/1/1089
s 412
f 433/1/1090 444/1/1090 356/1/1091
f 356/1/1091 355/1/1090 433/1/1090
s 413
f 391/1/1092 447/1/1093 445/1/1092
f 445/1/1092 392/1/1094 391/1/1092
s 414
f 394/1/1095 448/1/1096 446/1/1097
f 446/1/1097 393/1/1095 394/1/1095
s 415
f 395/1/1098 449/1/1098 447/1/1098
f 447/1/1098 391/1/1098 395/1/1098
s 416
f 448/1/1099 394/1/1100 396/1/1101
f 396/1/1101 450/1/1102 448/1/1099
s 417
f 389/1/1103 449/1/1103 395/1/1104
f 395/1/1104 390/1/1103 389/1/1103
s 418
f 397/1/1105 424/1/1106 450/1/1107
f 450/1/1107 396/1/1108 397/1/1105
s 419
f 451/1/1109 452/1/1110 453/1/1110
f 453/1/1110 454/1/1111 451/1/1109
s 420
f 428/1/1112 455/1/1112 456/1/1112
f 456/1/1112 427/1/1112 428/1/1112
s 421
f 429/1/1113 457/1/1114 422/1/1115
f 422/1/1115 421/1/1115 429/1/1113
s 422
f 458/1/1116 455/1/1117 428/1/1118
f 428/1/1118 430/1/1117 458/1/1116
s 423
f 431/1/1119 459/1/1120 457/1/1121
f 457/1/1121 429/1/1120 431/1/1119
s 424
f 432/1/1122 460/1/1122 458/1/1123
f 458/1/1123 430/1/1122 432/1/1122
s 425
f 452/1/1124 451/1/1124 433/1/1124
f 433/1/1124 434/1/1124 452/1/1124
s 426
f 461/1/1125 459/1/1125 431/1/1126
f 431/1/1126 435/1/1125 461/1/1125
s 427
f 436/1/1127 462/1/1127 460/1/1127
f 460/1/1127 432/1/1127 436/1/1127
s 428
f 437/1/1128 463/1/1129 452/1/1129
f 452/1/1129 434/1/1129 437/1/1128
s 429
f 438/1/1130 464/1/1131 461/1/1131
f 461/1/1131 435/1/1131 438/1/1130
s 430
f 465/1/1132 462/1/1132 436/1/1133
f 436/1/1133 439/1/1132 465/1/1132
s 431
f 440/1/1134 466/1/1135 463/1/1134
f 463/1/1134 437/1/1135 440/1/1134
s 432
f 441/1/1136 467/1/1137 464/1/1137
f 464/1/1137 438/1/1137 441/1/1136
s 433
f 442/1/1138 468/1/1138 465/1/1139
f 465/1/1139 439/1/1138 442/1/1138
s 434
f 469/1/1140 466/1/1141 440/1/1142
f 440/1/1142 443/1/1141 469/1/1140
s 435
f 470/1/1143 467/1/1143 441/1/1143
f 441/1/1143 444/1/1143 470/1/1143
s 436
f 445/1/1144 471/1/1145 468/1/1145
f 468/1/1145 442/1/1145 445/1/1144
s 437
f 446/1/1146 472/1/1146 469/1/1147
f 469/1/1147 443/1/1146 446/1/1146
s 438
f 470/1/1148 444/1/1148 433/1/1149
f 433/1/1149 451/1/1148 470/1/1148
s 439
f 471/1/1150 445/1/1150 447/1/1151
f 447/1/1151 473/1/1150 471/1/1150
s 440
f 448/1/1152 474/1/1152 472/1/1153
f 472/1/1153 446/1/1152 448/1/1152
s 441
f 449/1/1154 475/1/1154 473/1/1154
f 473/1/1154 447/1/1154 449/1/1154
s 442
f 476/1/1155 474/1/1155 448/1/1155
f 448/1/1155 450/1/1155 476/1/1155
s 443
f 389/1/1156 477/1/1156 475/1/1156
f 475/1/1156 449/1/1156 389/1/1156
s 444
f 424/1/1157 478/1/1157 476/1/1158
f 476/1/1158 450/1/1157 424/1/1157
s 445
f 477/1/1159 389/1/1160 388/1/1161
f 388/1/1161 479/1/1160 477/1/1159
s 446
f 423/1/1162 480/1/1162 478/1/1162
f 478/1/1162 424/1/1162 423/1/1162
s 447
f 425/1/1163 481/1/1163 479/1/1164
f 479/1/1164 388/1/1165 425/1/1163
s 448
f 482/1/1166 480/1/1167 423/1/1167
f 423/1/1167 426/1/1167 482/1/1166
s 449
f 420/1/1168 419/1/1169 481/1/1169
f 481/1/1169 425/1/1170 420/1/1168
s 450
f 427/1/1171 456/1/1171 482/1/1171
f 482/1/1171 426/1/1171 427/1/1171
s 451
f 483/1/1172 484/1/1173 485/1/1172
f 485/1/1172 486/1/1172 483/1/1172
s 452
f 461/1/1174 487/1/1174 488/1/1174
f 488/1/1174 459/1/1175 461/1/1174
s 453
f 462/1/1176 489/1/1177 490/1/1177
f 490/1/1177 460/1/1178 462/1/1176
s 454
f 463/1/1179 491/1/1180 453/1/1181
f 453/1/1181 452/1/1182 463/1/1179
s 455
f 492/1/1183 487/1/1184 461/1/1183
f 461/1/1183 464/1/1185 492/1/1183
s 456
f 465/1/1186 493/1/1187 489/1/1186
f 489/1/1186 462/1/1188 465/1/1186
s 457
f 466/1/1189 486/1/1190 491/1/1191
f 491/1/1191 463/1/1192 466/1/1189
s 458
f 467/1/1193 494/1/1193 492/1/1193
f 492/1/1193 464/1/1193 467/1/1193
s 459
f 493/1/1194 465/1/1195 468/1/1196
f 468/1/1196 495/1/1197 493/1/1194
s 460
f 469/1/1198 483/1/1199 486/1/1198
f 486/1/1198 466/1/1200 469/1/1198
s 461
f 470/1/1201 496/1/1202 494/1/1203
f 494/1/1203 467/1/1204 470/1/1201
s 462
f 471/1/1205 497/1/1206 495/1/1207
f 495/1/1207 468/1/1207 471/1/1205
s 463
f 483/1/1208 469/1/1208 472/1/1209
f 472/1/1209 498/1/1208 483/1/1208
s 464
f 496/1/1210 470/1/1210 451/1/1210
f 451/1/1210 454/1/1210 496/1/1210
s 465
f 473/1/1211 499/1/1212 497/1/1213
f 497/1/1213 471/1/1214 473/1/1211
s 466
f 474/1/1215 500/1/1216 498/1/1217
f 498/1/1217 472/1/1218 474/1/1215
s 467
f 501/1/1219 499/1/1220 473/1/1221
f 473/1/1221 475/1/1221 501/1/1219
s 468
f 476/1/1222 502/1/1223 500/1/1224
f 500/1/1224 474/1/1224 476/1/1222
s 469
f 477/1/1225 503/1/1226 501/1/1227
f 501/1/1227 475/1/1228 477/1/1225
s 470
f 504/1/1229 502/1/1230 476/1/1231
f 476/1/1231 478/1/1232 504/1/1229
s 471
f 479/1/1233 505/1/1234 503/1/1233
f 503/1/1233 477/1/1235 479/1/1233
s 472
f 480/1/1236 506/1/1237 504/1/1236
f 504/1/1236 478/1/1238 480/1/1236
s 473
f 505/1/1239 479/1/1239 481/1/1240
f 481/1/1240 507/1/1241 505/1/1239
s 474
f 482/1/1242 508/1/1243 506/1/1244
f 506/1/1244 480/1/1245 482/1/1242
s 475
f 419/1/1246 509/1/1247 507/1/1248
f 507/1/1248 481/1/1249 419/1/1246
s 476
f 510/1/1250 508/1/1251 482/1/1252
f 482/1/1252 456/1/1253 510/1/1250
s 477
f 422/1/1254 511/1/1255 509/1/1254
f 509/1/1254 419/1/1254 422/1/1254
s 478
f 455/1/1256 512/1/1257 510/1/1258
f 510/1/1258 456/1/1259 455/1/1256
s 479
f 513/1/1260 511/1/1261 422/1/1260
f 422/1/1260 457/1/1262 513/1/1260
s 480
f 458/1/1263 514/1/1263 512/1/1264
f 512/1/1264 455/1/1264 458/1/1263
s 481
f 459/1/1265 488/1/1265 513/1/1266
f 513/1/1266 457/1/1266 459/1/1265
s 482
f 514/1/1267 458/1/1268 460/1/1267
f 460/1/1267 490/1/1268 514/1/1267
s 483
f 515/1/1269 516/1/1269 517/1/1269
f 517/1/1269 518/1/1269 515/1/1269
s 484
f 496/1/1270 519/1/1270 520/1/1271
f 520/1/1271 494/1/1270 496/1/1270
s 485
f 521/1/1272 522/1/1272 495/1/1272
f 495/1/1272 497/1/1272 521/1/1272
s 486
f 498/1/1273 523/1/1273 484/1/1273
f 484/1/1273 483/1/1273 498/1/1273
s 487
f 524/1/1274 519/1/1274 496/1/1274
f 496/1/1274 454/1/1274 524/1/1274
s 488
f 499/1/1275 525/1/1276 521/1/1275
f 521/1/1275 497/1/1277 499/1/1275
s 489
f 523/1/1278 498/1/1279 500/1/1280
f 500/1/1280 517/1/1279 523/1/1278
s 490
f 501/1/1281 526/1/1282 525/1/1282
f 525/1/1282 499/1/1282 501/1/1281
s 491
f 502/1/1283 518/1/1284 517/1/1283
f 517/1/1283 500/1/1285 502/1/1283
s 492
f 527/1/1286 526/1/1286 501/1/1287
f 501/1/1287 503/1/1286 527/1/1286
s 493
f 504/1/1288 528/1/1288 518/1/1289
f 518/1/1289 502/1/1288 504/1/1288
s 494
f 505/1/1290 529/1/1290 527/1/1291
f 527/1/1291 503/1/1290 505/1/1290
s 495
f 530/1/1292 528/1/1293 504/1/1294
f 504/1/1294 506/1/1295 530/1/1292
s 496
f 507/1/1296 531/1/1297 529/1/1296
f 529/1/1296 505/1/1297 507/1/1296
s 497
f 508/1/1298 532/1/1299 530/1/1300
f 530/1/1300 506/1/1301 508/1/1298
s 498
f 533/1/1302 531/1/1303 507/1/1302
f 507/1/1302 509/1/1304 533/1/1302
s 499
f 510/1/1305 534/1/1306 532/1/1306
f 532/1/1306 508/1/1307 510/1/1305
s 500
f 511/1/1308 535/1/1309 533/1/1308
f 533/1/1308 509/1/1310 511/1/1308
s 501
f 536/1/1311 534/1/1311 510/1/1311
f 510/1/1311 512/1/1311 536/1/1311
s 502
f 513/1/1312 537/1/1313 535/1/1312
f 535/1/1312 511/1/1314 513/1/1312
s 503
f 514/1/1315 538/1/1316 536/1/1317
f 536/1/1317 512/1/1315 514/1/1315
s 504
f 539/1/1318 537/1/1318 513/1/1318
f 513/1/1318 488/1/1318 539/1/1318
s 505
f 490/1/1319 540/1/1320 538/1/1319
f 538/1/1319 514/1/1321 490/1/1319
s 506
f 454/1/1322 453/1/1322 541/1/1322
f 541/1/1322 524/1/1323 454/1/1322
s 507
f 487/1/1324 542/1/1325 539/1/1324
f 539/1/1324 488/1/1324 487/1/1324
s 508
f 543/1/1326 540/1/1326 490/1/1327
f 490/1/1327 489/1/1327 543/1/1326
s 509
f 544/1/1328 541/1/1329 453/1/1330
f 453/1/1330 491/1/1331 544/1/1328
s 510
f 492/1/1332 545/1/1333 542/1/1332
f 542/1/1332 487/1/1333 492/1/1332
s 511
f 493/1/1334 546/1/1335 543/1/1334
f 543/1/1334 489/1/1334 493/1/1334
s 512
f 485/1/1336 544/1/1337 491/1/1336
f 491/1/1336 486/1/1338 485/1/1336
s 513
f 520/1/1339 545/1/1340 492/1/1339
f 492/1/1339 494/1/1341 520/1/1339
s 514
f 495/1/1342 522/1/1342 546/1/1342
f 546/1/1342 493/1/1342 495/1/1342
s 515
f 547/1/1343 548/1/1344 549/1/1345
f 549/1/1345 550/1/1346 547/1/1343
s 516
f 527/1/1347 551/1/1347 552/1/1347
f 552/1/1347 526/1/1347 527/1/1347
s 517
f 528/1/1348 553/1/1349 515/1/1349
f 515/1/1349 518/1/1349 528/1/1348
s 518
f 551/1/1350 527/1/1351 529/1/1352
f 529/1/1352 554/1/1351 551/1/1350
s 519
f 530/1/1353 550/1/1354 553/1/1355
f 553/1/1355 528/1/1354 530/1/1353
s 520
f 531/1/1356 555/1/1357 554/1/1358
f 554/1/1358 529/1/1357 531/1/1356
s 521
f 547/1/1359 550/1/1359 530/1/1359
f 530/1/1359 532/1/1359 547/1/1359
s 522
f 533/1/1360 556/1/1360 555/1/1361
f 555/1/1361 531/1/1362 533/1/1360
s 523
f 534/1/1363 557/1/1364 547/1/1365
f 547/1/1365 532/1/1364 534/1/1363
s 524
f 558/1/1366 556/1/1367 533/1/1368
f 533/1/1368 535/1/1369 558/1/1366
s 525
f 536/1/1370 559/1/1370 557/1/1370
f 557/1/1370 534/1/1370 536/1/1370
s 526
f 537/1/1371 560/1/1372 558/1/1373
f 558/1/1373 535/1/1372 537/1/1371
s 527
f 561/1/1374 559/1/1374 536/1/1374
f 536/1/1374 538/1/1374 561/1/1374
s 528
f 539/1/1375 562/1/1375 560/1/1376
f 560/1/1376 537/1/1375 539/1/1375
s 529
f 540/1/1377 563/1/1377 561/1/1378
f 561/1/1378 538/1/1377 540/1/1377
s 530
f 564/1/1379 565/1/1380 524/1/1379
f 524/1/1379 541/1/1380 564/1/1379
s 531
f 566/1/1381 562/1/1381 539/1/1382
f 539/1/1382 542/1/1381 566/1/1381
s 532
f 543/1/1383 567/1/1383 563/1/1384
f 563/1/1384 540/1/1383 543/1/1383
s 533
f 544/1/1385 568/1/1386 564/1/1387
f 564/1/1387 541/1/1386 544/1/1385
s 534
f 545/1/1388 569/1/1389 566/1/1390
f 566/1/1390 542/1/1389 545/1/1388
s 535
f 567/1/1391 543/1/1392 546/1/1393
f 546/1/1393 570/1/1392 567/1/1391
s 536
f 485/1/1394 571/1/1394 568/1/1395
f 568/1/1395 544/1/1394 485/1/1394
s 537
f 520/1/1396 572/1/1396 569/1/1397
f 569/1/1397 545/1/1396 520/1/1396
s 538
f 522/1/1398 573/1/1399 570/1/1399
f 570/1/1399 546/1/1399 522/1/1398
s 539
f 574/1/1400 571/1/1400 485/1/1400
f 485/1/1400 484/1/1400 574/1/1400
s 540
f 575/1/1401 572/1/1402 520/1/1403
f 520/1/1403 519/1/1402 575/1/1401
s 541
f 521/1/1404 576/1/1405 573/1/1404
f 573/1/1404 522/1/1405 521/1/1404
s 542
f 523/1/1406 577/1/1406 574/1/1407
f 574/1/1407 484/1/1406 523/1/1406
s 543
f 565/1/1408 575/1/1408 519/1/1409
f 519/1/1409 524/1/1408 565/1/1408
s 544
f 576/1/1410 521/1/1411 525/1/1412
f 525/1/1412 578/1/1411 576/1/1410
s 545
f 517/1/1413 516/1/1414 577/1/1415
f 577/1/1415 523/1/1415 517/1/1413
s 546
f 526/1/1416 552/1/1416 578/1/1417
f 578/1/1417 525/1/1416 526/1/1416
s 547
f 579/1/1418 580/1/1419 581/1/1420
f 581/1/1420 582/1/1421 579/1/1418
s 548
f 556/1/1422 583/1/1423 584/1/1422
f 584/1/1422 555/1/1423 556/1/1422
s 549
f 585/1/1424 548/1/1425 547/1/1426
f 547/1/1426 557/1/1427 585/1/1424
s 550
f 558/1/1428 586/1/1429 583/1/1430
f 583/1/1430 556/1/1430 558/1/1428
s 551
f 559/1/1431 582/1/1432 585/1/1433
f 585/1/1433 557/1/1434 559/1/1431
s 552
f 586/1/1435 558/1/1435 560/1/1436
f 560/1/1436 587/1/1436 586/1/1435
s 553
f 561/1/1437 579/1/1438 582/1/1437
f 582/1/1437 559/1/1438 561/1/1437
s 554
f 562/1/1439 588/1/1440 587/1/1441
f 587/1/1441 560/1/1442 562/1/1439
s 555
f 579/1/1443 561/1/1444 563/1/1445
f 563/1/1445 589/1/1446 579/1/1443
s 556
f 565/1/1447 564/1/1448 590/1/1449
f 590/1/1449 591/1/1448 565/1/1447
s 557
f 566/1/1450 592/1/1450 588/1/1451
f 588/1/1451 562/1/1450 566/1/1450
s 558
f 567/1/1452 593/1/1453 589/1/1454
f 589/1/1454 563/1/1455 567/1/1452
s 559
f 568/1/1456 594/1/1457 590/1/1456
f 590/1/1456 564/1/1458 568/1/1456
s 560
f 595/1/1459 592/1/1460 566/1/1461
f 566/1/1461 569/1/1462 595/1/1459
s 561
f 570/1/1463 596/1/1464 593/1/1465
f 593/1/1465 567/1/1464 570/1/1463
s 562
f 571/1/1466 597/1/1467 594/1/1466
f 594/1/1466 568/1/1468 571/1/1466
s 563
f 572/1/1469 598/1/1470 595/1/1471
f 595/1/1471 569/1/1469 572/1/1469
s 564
f 599/1/1472 596/1/1473 570/1/1473
f 570/1/1473 573/1/1474 599/1/1472
s 565
f 574/1/1475 600/1/1476 597/1/1477
f 597/1/1477 571/1/1478 574/1/1475
s 566
f 575/1/1479 601/1/1480 598/1/1481
f 598/1/1481 572/1/1482 575/1/1479
s 567
f 576/1/1483 602/1/1483 599/1/1484
f 599/1/1484 573/1/1483 576/1/1483
s 568
f 600/1/1485 574/1/1486 577/1/1487
f 577/1/1487 603/1/1488 600/1/1485
s 569
f 591/1/1489 601/1/1490 575/1/1491
f 575/1/1491 565/1/1492 591/1/1489
s 570
f 578/1/1493 604/1/1494 602/1/1495
f 602/1/1495 576/1/1495 578/1/1493
s 571
f 516/1/1496 605/1/1497 603/1/1498
f 603/1/1498 577/1/1497 516/1/1496
s 572
f 606/1/1499 604/1/1500 578/1/1501
f 578/1/1501 552/1/1502 606/1/1499
s 573
f 515/1/1503 607/1/1504 605/1/1505
f 605/1/1505 516/1/1506 515/1/1503
s 574
f 551/1/1507 608/1/1508 606/1/1507
f 606/1/1507 552/1/1509 551/1/1507
s 575
f 609/1/1510 607/1/1510 515/1/1510
f 515/1/1510 553/1/1510 609/1/1510
s 576
f 554/1/1511 610/1/1512 608/1/1513
f 608/1/1513 551/1/1514 554/1/1511
s 577
f 550/1/1515 549/1/1515 609/1/1516
f 609/1/1516 553/1/1515 550/1/1515
s 578
f 610/1/1517 554/1/1517 555/1/1518
f 555/1/1518 584/1/1519 610/1/1517
s 579
f 611/1/1520 612/1/1520 613/1/1520
f 613/1/1520 614/1/1520 611/1/1520
s 580
f 587/1/1521 588/1/1522 615/1/1523
f 615/1/1523 616/1/1524 587/1/1521
s 581
f 589/1/1525 617/1/1526 580/1/1527
f 580/1/1527 579/1/1528 589/1/1525
s 582
f 591/1/1529 590/1/1529 618/1/1529
f 618/1/1529 619/1/1530 591/1/1529
s 583
f 615/1/1531 588/1/1532 592/1/1533
f 592/1/1533 620/1/1533 615/1/1531
s 584
f 589/1/1534 593/1/1534 614/1/1534
f 614/1/1534 617/1/1534 589/1/1534
s 585
f 618/1/1535 590/1/1535 594/1/1536
f 594/1/1536 621/1/1536 618/1/1535
s 586
f 595/1/1537 622/1/1538 620/1/1538
f 620/1/1538 592/1/1539 595/1/1537
s 587
f 614/1/1540 593/1/1541 596/1/1540
f 596/1/1540 611/1/1542 614/1/1540
s 588
f 623/1/1543 621/1/1544 594/1/1545
f 594/1/1545 597/1/1546 623/1/1543
s 589
f 595/1/1547 598/1/1548 624/1/1547
f 624/1/1547 622/1/1549 595/1/1547
s 590
f 599/1/1550 625/1/1551 611/1/1551
f 611/1/1551 596/1/1551 599/1/1550
s 591
f 600/1/1552 626/1/1553 623/1/1554
f 623/1/1554 597/1/1555 600/1/1552
s 592
f 624/1/1556 598/1/1557 601/1/1556
f 601/1/1556 627/1/1558 624/1/1556
s 593
f 599/1/1559 602/1/1559 628/1/1559
f 628/1/1559 625/1/1559 599/1/1559
s 594
f 603/1/1560 629/1/1560 626/1/1561
f 626/1/1561 600/1/1560 603/1/1560
s 595
f 601/1/1562 591/1/1563 619/1/1564
f 619/1/1564 627/1/1565 601/1/1562
s 596
f 628/1/1566 602/1/1567 604/1/1568
f 604/1/1568 630/1/1569 628/1/1566
s 597
f 631/1/1570 629/1/1571 603/1/1572
f 603/1/1572 605/1/1573 631/1/1570
s 598
f 606/1/1574 632/1/1574 630/1/1574
f 630/1/1574 604/1/1574 606/1/1574
s 599
f 607/1/1575 633/1/1576 631/1/1577
f 631/1/1577 605/1/1578 607/1/1575
s 600
f 606/1/1579 608/1/1580 634/1/1579
f 634/1/1579 632/1/1579 606/1/1579
s 601
f 609/1/1581 635/1/1582 633/1/1583
f 633/1/1583 607/1/1584 609/1/1581
s 602
f 634/1/1585 608/1/1586 610/1/1585
f 610/1/1585 636/1/1587 634/1/1585
s 603
f 609/1/1588 549/1/1589 637/1/1590
f 637/1/1590 635/1/1591 609/1/1588
s 604
f 584/1/1592 638/1/1592 636/1/1592
f 636/1/1592 610/1/1592 584/1/1592
s 605
f 637/1/1593 549/1/1594 548/1/1593
f 548/1/1593 639/1/1594 637/1/1593
s 606
f 584/1/1595 583/1/1596 640/1/1597
f 640/1/1597 638/1/1598 584/1/1595
s 607
f 641/1/1599 639/1/1600 548/1/1601
f 548/1/1601 585/1/1601 641/1/1599
s 608
f 640/1/1602 583/1/1603 586/1/1604
f 586/1/1604 642/1/1605 640/1/1602
s 609
f 641/1/1606 585/1/1607 582/1/1608
f 582/1/1608 581/1/1609 641/1/1606
s 610
f 587/1/1610 616/1/1611 642/1/1610
f 642/1/1610 586/1/1610 587/1/1610
s 611
f 643/1/1612 644/1/1612 645/1/1612
f 645/1/1612 646/1/1613 643/1/1612
s 612
f 623/1/1614 647/1/1614 648/1/1614
f 648/1/1614 621/1/1614 623/1/1614
s 613
f 624/1/1615 649/1/1616 650/1/1617
f 650/1/1617 622/1/1616 624/1/1615
s 614
f 612/1/1618 611/1/1619 625/1/1620
f 625/1/1620 651/1/1619 612/1/1618
s 615
f 623/1/1621 626/1/1621 652/1/1621
f 652/1/1621 647/1/1621 623/1/1621
s 616
f 627/1/1622 653/1/1623 649/1/1624
f 649/1/1624 624/1/1623 627/1/1622
s 617
f 628/1/1625 646/1/1625 651/1/1626
f 651/1/1626 625/1/1625 628/1/1625
s 618
f 652/1/1627 626/1/1627 629/1/1627
f 629/1/1627 654/1/1627 652/1/1627
s 619
f 655/1/1628 653/1/1629 627/1/1630
f 627/1/1630 619/1/1629 655/1/1628
s 620
f 630/1/1631 643/1/1631 646/1/1632
f 646/1/1632 628/1/1631 630/1/1631
s 621
f 631/1/1633 656/1/1633 654/1/1633
f 654/1/1633 629/1/1633 631/1/1633
s 622
f 643/1/1634 630/1/1634 632/1/1635
f 632/1/1635 657/1/1634 643/1/1634
s 623
f 631/1/1636 633/1/1636 658/1/1636
f 658/1/1636 656/1/1636 631/1/1636
s 624
f 634/1/1637 659/1/1638 657/1/1637
f 657/1/1637 632/1/1638 634/1/1637
s 625
f 658/1/1639 633/1/1639 635/1/1639
f 635/1/1639 660/1/1639 658/1/1639
s 626
f 636/1/1640 661/1/1641 659/1/1641
f 659/1/1641 634/1/1641 636/1/1640
s 627
f 637/1/1642 662/1/1642 660/1/1643
f 660/1/1643 635/1/1642 637/1/1642
s 628
f 661/1/1644 636/1/1645 638/1/1645
f 638/1/1645 663/1/1645 661/1/1644
s 629
f 639/1/1646 664/1/1646 662/1/1646
f 662/1/1646 637/1/1646 639/1/1646
s 630
f 640/1/1647 665/1/1647 663/1/1647
f 663/1/1647 638/1/1648 640/1/1647
s 631
f 639/1/1649 641/1/1649 666/1/1649
f 666/1/1649 664/1/1649 639/1/1649
s 632
f 642/1/1650 667/1/1651 665/1/1652
f 665/1/1652 640/1/1653 642/1/1650
s 633
f 668/1/1654 666/1/1654 641/1/1654
f 641/1/1654 581/1/1654 668/1/1654
s 634
f 667/1/1655 642/1/1656 616/1/1656
f 616/1/1656 669/1/1656 667/1/1655
s 635
f 668/1/1657 581/1/1657 580/1/1657
f 580/1/1657 670/1/1657 668/1/1657
s 636
f 615/1/1658 671/1/1658 669/1/1659
f 669/1/1659 616/1/1658 615/1/1658
s 637
f 670/1/1660 580/1/1660 617/1/1660
f 617/1/1660 672/1/1660 670/1/1660
s 638
f 618/1/1661 673/1/1661 655/1/1661
f 655/1/1661 619/1/1661 618/1/1661
s 639
f 620/1/1662 674/1/1663 671/1/1664
f 671/1/1664 615/1/1662 620/1/1662
s 640
f 614/1/1665 613/1/1665 672/1/1665
f 672/1/1665 617/1/1665 614/1/1665
s 641
f 673/1/1666 618/1/1666 621/1/1666
f 621/1/1666 648/1/1666 673/1/1666
s 642
f 674/1/1667 620/1/1668 622/1/1668
f 622/1/1668 650/1/1667 674/1/1667
s 643
f 675/1/1669 676/1/1670 677/1/1671
f 677/1/1671 678/1/1672 675/1/1669
s 644
f 679/1/1673 654/1/1674 656/1/1675
f 656/1/1675 680/1/1674 679/1/1673
s 645
f 657/1/1676 681/1/1677 644/1/1678
f 644/1/1678 643/1/1676 657/1/1676
s 646
f 658/1/1679 682/1/1680 680/1/1681
f 680/1/1681 656/1/1682 658/1/1679
s 647
f 681/1/1683 657/1/1683 659/1/1683
f 659/1/1683 678/1/1684 681/1/1683
s 648
f 660/1/1685 683/1/1685 682/1/1686
f 682/1/1686 658/1/1685 660/1/1685
s 649
f 661/1/1687 675/1/1688 678/1/1688
f 678/1/1688 659/1/1688 661/1/1687
s 650
f 683/1/1689 660/1/1690 662/1/1691
f 662/1/1691 684/1/1692 683/1/1689
s 651
f 663/1/1693 685/1/1694 675/1/1695
f 675/1/1695 661/1/1696 663/1/1693
s 652
f 664/1/1697 686/1/1698 684/1/1697
f 684/1/1697 662/1/1699 664/1/1697
s 653
f 685/1/1700 663/1/1700 665/1/1700
f 665/1/1700 687/1/1700 685/1/1700
s 654
f 666/1/1701 688/1/1702 686/1/1703
f 686/1/1703 664/1/1704 666/1/1701
s 655
f 667/1/1705 689/1/1706 687/1/1705
f 687/1/1705 665/1/1707 667/1/1705
s 656
f 688/1/1708 666/1/1709 668/1/1710
f 668/1/1710 690/1/1711 688/1/1708
s 657
f 669/1/1712 691/1/1713 689/1/1712
f 689/1/1712 667/1/1714 669/1/1712
s 658
f 670/1/1715 692/1/1716 690/1/1717
f 690/1/1717 668/1/1718 670/1/1715
s 659
f 691/1/1719 669/1/1720 671/1/1720
f 671/1/1720 693/1/1721 691/1/1719
s 660
f 672/1/1722 694/1/1722 692/1/1723
f 692/1/1723 670/1/1722 672/1/1722
s 661
f 655/1/1724 673/1/1724 695/1/1724
f 695/1/1724 696/1/1724 655/1/1724
s 662
f 674/1/1725 697/1/1726 693/1/1725
f 693/1/1725 671/1/1725 674/1/1725
s 663
f 694/1/1727 672/1/1728 613/1/1727
f 613/1/1727 698/1/1729 694/1/1727
s 664
f 648/1/1730 699/1/1730 695/1/1730
f 695/1/1730 673/1/1730 648/1/1730
s 665
f 650/1/1731 700/1/1732 697/1/1733
f 697/1/1733 674/1/1734 650/1/1731
s 666
f 612/1/1735 701/1/1735 698/1/1735
f 698/1/1735 613/1/1735 612/1/1735
s 667
f 699/1/1736 648/1/1737 647/1/1737
f 647/1/1737 702/1/1737 699/1/1736
s 668
f 700/1/1738 650/1/1739 649/1/1739
f 649/1/1739 703/1/1738 700/1/1738
s 669
f 651/1/1740 704/1/1740 701/1/1741
f 701/1/1741 612/1/1741 651/1/1740
s 670
f 652/1/1742 705/1/1743 702/1/1744
f 702/1/1744 647/1/1745 652/1/1742
s 671
f 653/1/1746 706/1/1747 703/1/1748
f 703/1/1748 649/1/1747 653/1/1746
s 672
f 704/1/1749 651/1/1749 646/1/1749
f 646/1/1749 645/1/1750 704/1/1749
s 673
f 654/1/1751 679/1/1752 705/1/1753
f 705/1/1753 652/1/1752 654/1/1751
s 674
f 696/1/1754 706/1/1755 653/1/1754
f 653/1/1754 655/1/1754 696/1/1754
s 675
f 707/1/1756 708/1/1757 709/1/1758
f 709/1/1758 710/1/1759 707/1/1756
s 676
f 684/1/1760 711/1/1761 712/1/1761
f 712/1/1761 683/1/1760 684/1/1760
s 677
f 685/1/1762 713/1/1763 676/1/1762
f 676/1/1762 675/1/1762 685/1/1762
s 678
f 686/1/1764 714/1/1765 711/1/1764
f 711/1/1764 684/1/1766 686/1/1764
s 679
f 687/1/1767 710/1/1768 713/1/1767
f 713/1/1767 685/1/1767 687/1/1767
s 680
f 715/1/1769 714/1/1770 686/1/1770
f 686/1/1770 688/1/1770 715/1/1769
s 681
f 689/1/1771 707/1/1772 710/1/1772
f 710/1/1772 687/1/1772 689/1/1771
s 682
f 690/1/1773 716/1/1774 715/1/1773
f 715/1/1773 688/1/1775 690/1/1773
s 683
f 717/1/1776 707/1/1777 689/1/1776
f 689/1/1776 691/1/1778 717/1/1776
s 684
f 716/1/1779 690/1/1780 692/1/1781
f 692/1/1781 718/1/1780 716/1/1779
s 685
f 719/1/1782 717/1/1783 691/1/1784
f 691/1/1784 693/1/1783 719/1/1782
s 686
f 694/1/1785 720/1/1786 718/1/1786
f 718/1/1786 692/1/1785 694/1/1785
s 687
f 721/1/1787 696/1/1787 695/1/1788
f 695/1/1788 722/1/1789 721/1/1787
s 688
f 723/1/1790 719/1/1791 693/1/1790
f 693/1/1790 697/1/1792 723/1/1790
s 689
f 698/1/1793 724/1/1793 720/1/1793
f 720/1/1793 694/1/1794 698/1/1793
s 690
f 722/1/1795 695/1/1796 699/1/1795
f 699/1/1795 725/1/1795 722/1/1795
s 691
f 723/1/1797 697/1/1798 700/1/1797
f 700/1/1797 726/1/1799 723/1/1797
s 692
f 701/1/1800 727/1/1800 724/1/1801
f 724/1/1801 698/1/1802 701/1/1800
s 693
f 702/1/1803 728/1/1804 725/1/1803
f 725/1/1803 699/1/1805 702/1/1803
s 694
f 703/1/1806 729/1/1807 726/1/1807
f 726/1/1807 700/1/1808 703/1/1806
s 695
f 704/1/1809 730/1/1809 727/1/1810
f 727/1/1810 701/1/1809 704/1/1809
s 696
f 728/1/1811 702/1/1811 705/1/1812
f 705/1/1812 731/1/1811 728/1/1811
s 697
f 706/1/1813 732/1/1813 729/1/1814
f 729/1/1814 703/1/1814 706/1/1813
s 698
f 645/1/1815 733/1/1816 730/1/1815
f 730/1/1815 704/1/1815 645/1/1815
s 699
f 679/1/1817 734/1/1818 731/1/1817
f 731/1/1817 705/1/1819 679/1/1817
s 700
f 721/1/1820 732/1/1820 706/1/1820
f 706/1/1820 696/1/1820 721/1/1820
s 701
f 644/1/1821 735/1/1822 733/1/1821
f 733/1/1821 645/1/1823 644/1/1821
s 702
f 680/1/1824 736/1/1825 734/1/1824
f 734/1/1824 679/1/1826 680/1/1824
s 703
f 681/1/1827 737/1/1828 735/1/1829
f 735/1/1829 644/1/1827 681/1/1827
s 704
f 736/1/1830 680/1/1831 682/1/1831
f 682/1/1831 738/1/1831 736/1/1830
s 705
f 678/1/1832 677/1/1833 737/1/1834
f 737/1/1834 681/1/1835 678/1/1832
s 706
f 712/1/1836 738/1/1836 682/1/1836
f 682/1/1836 683/1/1837 712/1/1836
s 707
f 739/1/1838 740/1/1839 741/1/1838
f 741/1/1838 742/1/1840 739/1/1838
s 708
f 743/1/1841 744/1/1841 715/1/1841
f 715/1/1841 716/1/1841 743/1/1841
s 709
f 745/1/1842 708/1/1843 707/1/1844
f 707/1/1844 717/1/1843 745/1/1842
s 710
f 718/1/1845 746/1/1845 743/1/1845
f 743/1/1845 716/1/1845 718/1/1845
s 711
f 747/1/1846 745/1/1847 717/1/1848
f 717/1/1848 719/1/1847 747/1/1846
s 712
f 720/1/1849 748/1/1849 746/1/1849
f 746/1/1849 718/1/1849 720/1/1849
s 713
f 721/1/1850 722/1/1850 749/1/1850
f 749/1/1850 750/1/1850 721/1/1850
s 714
f 723/1/1851 751/1/1852 747/1/1853
f 747/1/1853 719/1/1852 723/1/1851
s 715
f 748/1/1854 720/1/1854 724/1/1854
f 724/1/1854 752/1/1854 748/1/1854
s 716
f 725/1/1855 753/1/1855 749/1/1855
f 749/1/1855 722/1/1855 725/1/1855
s 717
f 751/1/1856 723/1/1856 726/1/1856
f 726/1/1856 754/1/1856 751/1/1856
s 718
f 727/1/1857 755/1/1857 752/1/1857
f 752/1/1857 724/1/1857 727/1/1857
s 719
f 728/1/1858 756/1/1858 753/1/1858
f 753/1/1858 725/1/1858 728/1/1858
s 720
f 757/1/1859 754/1/1859 726/1/1859
f 726/1/1859 729/1/1859 757/1/1859
s 721
f 740/1/1860 755/1/1860 727/1/1860
f 727/1/1860 730/1/1860 740/1/1860
s 722
f 731/1/1861 758/1/1861 756/1/1861
f 756/1/1861 728/1/1861 731/1/1861
s 723
f 732/1/1862 759/1/1862 757/1/1862
f 757/1/1862 729/1/1862 732/1/1862
s 724
f 740/1/1863 730/1/1864 733/1/1864
f 733/1/1864 741/1/1864 740/1/1863
s 725
f 734/1/1865 760/1/1865 758/1/1865
f 758/1/1865 731/1/1865 734/1/1865
s 726
f 750/1/1866 759/1/1866 732/1/1866
f 732/1/1866 721/1/1866 750/1/1866
s 727
f 735/1/1867 761/1/1867 741/1/1867
f 741/1/1867 733/1/1867 735/1/1867
s 728
f 760/1/1868 734/1/1869 736/1/1869
f 736/1/1869 762/1/1869 760/1/1868
s 729
f 761/1/1870 735/1/1871 737/1/1871
f 737/1/1871 763/1/1871 761/1/1870
s 730
f 738/1/1872 764/1/1872 762/1/1872
f 762/1/1872 736/1/1872 738/1/1872
s 731
f 763/1/1873 737/1/1874 677/1/1875
f 677/1/1875 765/1/1874 763/1/1873
s 732
f 766/1/1876 764/1/1876 738/1/1876
f 738/1/1876 712/1/1876 766/1/1876
s 733
f 767/1/1877 765/1/1878 677/1/1879
f 677/1/1879 676/1/1878 767/1/1877
s 734
f 768/1/1880 766/1/1880 712/1/1881
f 712/1/1881 711/1/1880 768/1/1880
s 735
f 713/1/1882 769/1/1883 767/1/1884
f 767/1/1884 676/1/1885 713/1/1882
s 736
f 714/1/1886 770/1/1886 768/1/1886
f 768/1/1886 711/1/1886 714/1/1886
s 737
f 769/1/1887 713/1/1888 710/1/1887
f 710/1/1887 709/1/1889 769/1/1887
s 738
f 714/1/1890 715/1/1890 744/1/1891
f 744/1/1891 770/1/1890 714/1/1890
s 739
f 771/1/1892 772/1/1893 773/1/1893
f 773/1/1893 774/1/1893 771/1/1892
s 740
f 760/1/1894 775/1/1895 776/1/1894
f 776/1/1894 758/1/1896 760/1/1894
s 741
f 759/1/1897 750/1/1898 777/1/1898
f 777/1/1898 778/1/1899 759/1/1897
s 742
f 779/1/1900 742/1/1900 741/1/1901
f 741/1/1901 761/1/1900 779/1/1900
s 743
f 760/1/1902 762/1/1902 780/1/1903
f 780/1/1903 775/1/1902 760/1/1902
s 744
f 763/1/1904 772/1/1905 779/1/1906
f 779/1/1906 761/1/1907 763/1/1904
s 745
f 781/1/1908 780/1/1908 762/1/1908
f 762/1/1908 764/1/1908 781/1/1908
s 746
f 765/1/1909 773/1/1909 772/1/1910
f 772/1/1910 763/1/1911 765/1/1909
s 747
f 766/1/1912 782/1/1913 781/1/1914
f 781/1/1914 764/1/1915 766/1/1912
s 748
f 773/1/1916 765/1/1917 767/1/1918
f 767/1/1918 783/1/1919 773/1/1916
s 749
f 768/1/1920 784/1/1921 782/1/1922
f 782/1/1922 766/1/1923 768/1/1920
s 750
f 769/1/1924 785/1/1924 783/1/1925
f 783/1/1925 767/1/1926 769/1/1924
s 751
f 768/1/1927 770/1/1928 786/1/1928
f 786/1/1928 784/1/1928 768/1/1927
s 752
f 769/1/1929 709/1/1929 787/1/1930
f 787/1/1930 785/1/1931 769/1/1929
s 753
f 744/1/1932 788/1/1932 786/1/1932
f 786/1/1932 770/1/1932 744/1/1932
s 754
f 789/1/1933 787/1/1934 709/1/1935
f 709/1/1935 708/1/1934 789/1/1933
s 755
f 790/1/1936 788/1/1937 744/1/1937
f 744/1/1937 743/1/1938 790/1/1936
s 756
f 789/1/1939 708/1/1940 745/1/1940
f 745/1/1940 791/1/1940 789/1/1939
s 757
f 792/1/1941 790/1/1942 743/1/1941
f 743/1/1941 746/1/1943 792/1/1941
s 758
f 747/1/1944 793/1/1945 791/1/1946
f 791/1/1946 745/1/1947 747/1/1944
s 759
f 746/1/1948 748/1/1948 794/1/1948
f 794/1/1948 792/1/1948 746/1/1948
s 760
f 795/1/1949 777/1/1950 750/1/1949
f 750/1/1949 749/1/1949 795/1/1949
s 761
f 747/1/1951 751/1/1952 796/1/1953
f 796/1/1953 793/1/1951 747/1/1951
s 762
f 794/1/1954 748/1/1955 752/1/1956
f 752/1/1956 797/1/1957 794/1/1954
s 763
f 795/1/1958 749/1/1959 753/1/1958
f 753/1/1958 798/1/1960 795/1/1958
s 764
f 754/1/1961 799/1/1962 796/1/1962
f 796/1/1962 751/1/1962 754/1/1961
s 765
f 752/1/1963 755/1/1964 800/1/1964
f 800/1/1964 797/1/1964 752/1/1963
s 766
f 753/1/1965 756/1/1965 801/1/1965
f 801/1/1965 798/1/1965 753/1/1965
s 767
f 802/1/1966 799/1/1966 754/1/1966
f 754/1/1966 757/1/1967 802/1/1966
s 768
f 740/1/1968 739/1/1969 800/1/1968
f 800/1/1968 755/1/1968 740/1/1968
s 769
f 776/1/1970 801/1/1971 756/1/1972
f 756/1/1972 758/1/1973 776/1/1970
s 770
f 778/1/1974 802/1/1975 757/1/1976
f 757/1/1976 759/1/1977 778/1/1974
s 771
f 803/1/1978 804/1/1979 805/1/1979
f 805/1/1979 806/1/1979 803/1/1978
s 772
f 807/1/1980 781/1/1981 782/1/1982
f 782/1/1982 808/1/1983 807/1/1980
s 773
f 773/1/1984 783/1/1985 809/1/1984
f 809/1/1984 774/1/1984 773/1/1984
s 774
f 810/1/1986 808/1/1987 782/1/1988
f 782/1/1988 784/1/1989 810/1/1986
s 775
f 804/1/1990 809/1/1991 783/1/1990
f 783/1/1990 785/1/1990 804/1/1990
s 776
f 784/1/1992 786/1/1993 811/1/1994
f 811/1/1994 810/1/1995 784/1/1992
s 777
f 787/1/1996 805/1/1997 804/1/1998
f 804/1/1998 785/1/1997 787/1/1996
s 778
f 812/1/1999 811/1/2000 786/1/2001
f 786/1/2001 788/1/2002 812/1/1999
s 779
f 789/1/2003 813/1/2004 805/1/2005
f 805/1/2005 787/1/2006 789/1/2003
s 780
f 790/1/2007 814/1/2008 812/1/2009
f 812/1/2009 788/1/2010 790/1/2007
s 781
f 813/1/2011 789/1/2012 791/1/2013
f 791/1/2013 815/1/2014 813/1/2011
s 782
f 792/1/2015 816/1/2015 814/1/2015
f 814/1/2015 790/1/2016 792/1/2015
s 783
f 815/1/2017 791/1/2018 793/1/2017
f 793/1/2017 817/1/2019 815/1/2017
s 784
f 816/1/2020 792/1/2021 794/1/2022
f 794/1/2022 818/1/2023 816/1/2020
s 785
f 819/1/2024 820/1/2025 777/1/2025
f 777/1/2025 795/1/2025 819/1/2024
s 786
f 793/1/2026 796/1/2026 821/1/2027
f 821/1/2027 817/1/2028 793/1/2026
s 787
f 822/1/2029 818/1/2030 794/1/2031
f 794/1/2031 797/1/2032 822/1/2029
s 788
f 823/1/2033 819/1/2034 795/1/2035
f 795/1/2035 798/1/2036 823/1/2033
s 789
f 824/1/2037 821/1/2037 796/1/2037
f 796/1/2037 799/1/2037 824/1/2037
s 790
f 797/1/2038 800/1/2039 825/1/2040
f 825/1/2040 822/1/2038 797/1/2038
s 791
f 801/1/2041 826/1/2042 823/1/2043
f 823/1/2043 798/1/2043 801/1/2041
s 792
f 802/1/2044 827/1/2045 824/1/2046
f 824/1/2046 799/1/2047 802/1/2044
s 793
f 828/1/2048 825/1/2049 800/1/2048
f 800/1/2048 739/1/2050 828/1/2048
s 794
f 826/1/2051 801/1/2052 776/1/2053
f 776/1/2053 829/1/2054 826/1/2051
s 795
f 778/1/2055 830/1/2056 827/1/2055
f 827/1/2055 802/1/2055 778/1/2055
s 796
f 742/1/2057 831/1/2058 828/1/2059
f 828/1/2059 739/1/2059 742/1/2057
s 797
f 832/1/2060 829/1/2061 776/1/2062
f 776/1/2062 775/1/2063 832/1/2060
s 798
f 830/1/2064 778/1/2064 777/1/2065
f 777/1/2065 820/1/2064 830/1/2064
s 799
f 779/1/2066 833/1/2067 831/1/2066
f 831/1/2066 742/1/2066 779/1/2066
s 800
f 780/1/2068 834/1/2069 832/1/2070
f 832/1/2070 775/1/2071 780/1/2068
s 801
f 833/1/2072 779/1/2073 772/1/2072
f 772/1/2072 771/1/2073 833/1/2072
s 802
f 781/1/2074 807/1/2075 834/1/2076
f 834/1/2076 780/1/2074 781/1/2074
s 803
f 835/1/2077 836/1/2078 837/1/2078
f 835/1/2077 837/1/2078 838/1/2079
f 838/1/2079 839/1/2078 840/1/2078
f 838/1/2079 840/1/2078 841/1/2080
f 835/1/2077 838/1/2079 841/1/2080
f 841/1/2080 842/1/2078 843/1/2081
f 841/1/2080 843/1/2081 844/1/2082
f 845/1/2078 846/1/2078 847/1/2083
f 844/1/2082 845/1/2078 847/1/2083
f 841/1/2080 844/1/2082 847/1/2083
f 835/1/2077 841/1/2080 847/1/2083
f 847/1/2083 848/1/2078 849/1/2078
f 847/1/2083 849/1/2078 850/1/2084
f 851/1/2085 852/1/2086 853/1/2087
f 850/1/2084 851/1/2085 853/1/2087
f 847/1/2083 850/1/2084 853/1/2087
f 835/1/2077 847/1/2083 853/1/2087
f 853/1/2087 854/1/2088 855/1/2089
f 853/1/2087 855/1/2089 856/1/2087
f 853/1/2087 856/1/2087 803/1/2090
f 835/1/2077 853/1/2087 803/1/2090
f 857/1/2078 858/1/2078 859/1/2078
f 806/1/2078 857/1/2078 859/1/2078
f 803/1/2090 806/1/2078 859/1/2078
f 803/1/2090 859/1/2078 860/1/2091
f 835/1/2077 803/1/2090 860/1/2091
f 860/1/2091 861/1/2078 862/1/2078
f 860/1/2091 862/1/2078 863/1/2092
f 860/1/2091 863/1/2092 864/1/2078
f 835/1/2077 860/1/2091 864/1/2078
s 804
f 812/1/2093 845/1/2093 844/1/2093
f 844/1/2093 811/1/2093 812/1/2093
s 805
f 857/1/2094 806/1/2095 805/1/2095
f 805/1/2095 813/1/2095 857/1/2094
s 806
f 845/1/2096 812/1/2096 814/1/2096
f 814/1/2096 846/1/2096 845/1/2096
s 807
f 813/1/2097 815/1/2098 858/1/2098
f 858/1/2098 857/1/2098 813/1/2097
s 808
f 847/1/2099 846/1/2099 814/1/2099
f 814/1/2099 816/1/2099 847/1/2099
s 809
f 859/1/2100 858/1/2101 815/1/2102
f 815/1/2102 817/1/2101 859/1/2100
s 810
f 816/1/2103 818/1/2104 848/1/2103
f 848/1/2103 847/1/2103 816/1/2103
s 811
f 835/1/2105 864/1/2105 820/1/2105
f 820/1/2105 819/1/2105 835/1/2105
s 812
f 821/1/2106 860/1/2106 859/1/2106
f 859/1/2106 817/1/2106 821/1/2106
s 813
f 849/1/2107 848/1/2107 818/1/2107
f 818/1/2107 822/1/2107 849/1/2107
s 814
f 819/1/2108 823/1/2108 836/1/2108
f 836/1/2108 835/1/2108 819/1/2108
s 815
f 824/1/2109 861/1/2110 860/1/2110
f 860/1/2110 821/1/2110 824/1/2109
s 816
f 825/1/2111 850/1/2111 849/1/2111
f 849/1/2111 822/1/2111 825/1/2111
s 817
f 837/1/2112 836/1/2112 823/1/2112
f 823/1/2112 826/1/2112 837/1/2112
s 818
f 861/1/2113 824/1/2113 827/1/2113
f 827/1/2113 862/1/2113 861/1/2113
s 819
f 828/1/2114 851/1/2114 850/1/2114
f 850/1/2114 825/1/2114 828/1/2114
s 820
f 829/1/2115 838/1/2115 837/1/2115
f 837/1/2115 826/1/2115 829/1/2115
s 821
f 863/1/2116 862/1/2116 827/1/2116
f 827/1/2116 830/1/2116 863/1/2116
s 822
f 851/1/2117 828/1/2117 831/1/2117
f 831/1/2117 852/1/2117 851/1/2117
s 823
f 832/1/2118 839/1/2118 838/1/2118
f 838/1/2118 829/1/2118 832/1/2118
s 824
f 820/1/2119 864/1/2119 863/1/2119
f 863/1/2119 830/1/2119 820/1/2119
s 825
f 853/1/2120 852/1/2120 831/1/2120
f 831/1/2120 833/1/2120 853/1/2120
s 826
f 839/1/2121 832/1/2121 834/1/2121
f 834/1/2121 840/1/2121 839/1/2121
s 827
f 833/1/2122 771/1/2122 854/1/2122
f 854/1/2122 853/1/2122 833/1/2122
s 828
f 841/1/2123 840/1/2123 834/1/2123
f 834/1/2123 807/1/2123 841/1/2123
s 829
f 855/1/2124 854/1/2124 771/1/2124
f 771/1/2124 774/1/2124 855/1/2124
s 830
f 807/1/2125 808/1/2125 842/1/2125
f 842/1/2125 841/1/2125 807/1/2125
s 831
f 809/1/2126 856/1/2127 855/1/2127
f 855/1/2127 774/1/2127 809/1/2126
s 832
f 843/1/2128 842/1/2129 808/1/2129
f 808/1/2129 810/1/2129 843/1/2128
s 833
f 804/1/2130 803/1/2131 856/1/2131
f 856/1/2131 809/1/2131 804/1/2130
s 834
f 811/1/2132 844/1/2132 843/1/2132
f 843/1/2132 810/1/2132 811/1/2132
s 835
f 865/1/2133 866/1/2134 867/1/2135
f 867/1/2135 868/1/2136 865/1/2133
f 868/1/2136 867/1/2135 869/1/2137
f 869/1/2137 870/1/2138 868/1/2136
s 836
f 868/1/2139 871/1/2140 872/1/2141
f 872/1/2141 865/1/2142 868/1/2139
f 873/1/2143 871/1/2140 868/1/2139
f 868/1/2139 870/1/2144 873/1/2143
s 837
f 874/1/2145 875/1/2145 876/1/2145
f 876/1/2145 866/1/2145 874/1/2145
s 838
f 877/1/2146 867/1/2146 866/1/2146
f 866/1/2146 876/1/2146 877/1/2146
s 839
f 877/1/2147 878/1/2147 869/1/2147
f 869/1/2147 867/1/2147 877/1/2147
s 840
f 869/1/2148 878/1/2148 879/1/2148
f 879/1/2148 880/1/2148 869/1/2148
s 835
f 881/1/2149 870/1/2138 869/1/2137
f 869/1/2137 880/1/2150 881/1/2149
s 836
f 881/1/2151 882/1/2152 873/1/2143
f 873/1/2143 870/1/2144 881/1/2151
s 841
f 883/1/2153 873/1/2153 882/1/2154
f 882/1/2154 884/1/2155 883/1/2153
s 842
f 873/1/2156 883/1/2156 885/1/2156
f 885/1/2156 871/1/2156 873/1/2156
s 843
f 871/1/2157 885/1/2157 886/1/2158
f 886/1/2158 872/1/2157 871/1/2157
s 844
f 886/1/2159 887/1/2160 888/1/2161
f 888/1/2161 872/1/2162 886/1/2159
s 836
f 865/1/2142 872/1/2141 888/1/2163
f 888/1/2163 889/1/2164 865/1/2142
s 835
f 874/1/2165 866/1/2134 865/1/2133
f 865/1/2133 889/1/2166 874/1/2165
s 845
f 890/1/2167 891/1/2168 892/1/2169
f 892/1/2169 893/1/2170 890/1/2167
s 846
f 894/1/2171 895/1/2172 891/1/2173
f 891/1/2173 890/1/2174 894/1/2171
s 845
f 891/1/2168 896/1/2175 897/1/2176
f 897/1/2176 892/1/2169 891/1/2168
s 846
f 891/1/2173 895/1/2172 898/1/2177
f 898/1/2177 896/1/2178 891/1/2173
s 847
f 899/1/2179 893/1/2179 900/1/2179
f 900/1/2179 901/1/2179 899/1/2179
s 845
f 890/1/2167 893/1/2170 899/1/2180
f 899/1/2180 902/1/2181 890/1/2167
s 846
f 903/1/2182 894/1/2171 890/1/2174
f 890/1/2174 902/1/2183 903/1/2182
s 848
f 894/1/2184 903/1/2184 904/1/2184
f 904/1/2184 905/1/2185 894/1/2184
s 849
f 906/1/2186 895/1/2186 894/1/2186
f 894/1/2186 905/1/2186 906/1/2186
s 850
f 907/1/2187 898/1/2187 895/1/2187
f 895/1/2187 906/1/2187 907/1/2187
s 851
f 908/1/2188 898/1/2188 907/1/2188
f 907/1/2188 909/1/2188 908/1/2188
s 846
f 908/1/2189 910/1/2190 896/1/2178
f 896/1/2178 898/1/2177 908/1/2189
s 845
f 896/1/2175 910/1/2191 911/1/2192
f 911/1/2192 897/1/2176 896/1/2175
s 852
f 912/1/2193 897/1/2193 911/1/2194
f 911/1/2194 913/1/2193 912/1/2193
s 853
f 892/1/2195 897/1/2195 912/1/2195
f 912/1/2195 914/1/2195 892/1/2195
s 854
f 893/1/2196 892/1/2197 914/1/2196
f 914/1/2196 900/1/2198 893/1/2196
s 845
f 915/1/2199 916/1/2200 917/1/2201
f 917/1/2201 918/1/2202 915/1/2199
s 846
f 919/1/2203 920/1/2204 916/1/2205
f 916/1/2205 915/1/2206 919/1/2203
s 845
f 916/1/2200 921/1/2207 922/1/2208
f 922/1/2208 917/1/2201 916/1/2200
s 846
f 916/1/2205 920/1/2204 923/1/2209
f 923/1/2209 921/1/2210 916/1/2205
s 855
f 918/1/2211 924/1/2211 925/1/2211
f 925/1/2211 926/1/2211 918/1/2211
s 845
f 926/1/2212 927/1/2213 915/1/2199
f 915/1/2199 918/1/2202 926/1/2212
s 846
f 919/1/2203 915/1/2206 927/1/2214
f 927/1/2214 928/1/2215 919/1/2203
s 856
f 928/1/2216 929/1/2217 930/1/2217
f 930/1/2217 919/1/2217 928/1/2216
s 857
f 931/1/2218 920/1/2219 919/1/2218
f 919/1/2218 930/1/2219 931/1/2218
s 858
f 932/1/2220 923/1/2220 920/1/2220
f 920/1/2220 931/1/2220 932/1/2220
s 859
f 903/1/2221 923/1/2221 932/1/2221
f 932/1/2221 904/1/2221 903/1/2221
s 846
f 902/1/2183 921/1/2210 923/1/2209
f 923/1/2209 903/1/2182 902/1/2183
s 845
f 902/1/2181 899/1/2180 922/1/2208
f 922/1/2208 921/1/2207 902/1/2181
s 860
f 899/1/2222 901/1/2222 933/1/2222
f 933/1/2222 922/1/2222 899/1/2222
s 861
f 917/1/2223 922/1/2223 933/1/2223
f 933/1/2223 934/1/2224 917/1/2223
s 862
f 918/1/2225 917/1/2225 934/1/2225
f 934/1/2225 924/1/2225 918/1/2225
s 845
f 935/1/2226 936/1/2227 937/1/2228
f 937/1/2228 938/1/2229 935/1/2226
s 846
f 939/1/2230 940/1/2231 936/1/2232
f 936/1/2232 935/1/2233 939/1/2230
s 845
f 936/1/2227 941/1/2234 942/1/2235
f 942/1/2235 937/1/2228 936/1/2227
s 846
f 936/1/2232 940/1/2231 943/1/2236
f 943/1/2236 941/1/2237 936/1/2232
s 863
f 944/1/2238 945/1/2238 946/1/2238
f 946/1/2238 938/1/2238 944/1/2238
s 845
f 935/1/2226 938/1/2229 946/1/2239
f 946/1/2239 947/1/2240 935/1/2226
s 846
f 939/1/2230 935/1/2233 947/1/2241
f 947/1/2241 948/1/2242 939/1/2230
s 864
f 948/1/2243 949/1/2243 950/1/2243
f 950/1/2243 939/1/2244 948/1/2243
s 865
f 951/1/2245 940/1/2246 939/1/2247
f 939/1/2247 950/1/2246 951/1/2245
s 866
f 952/1/2248 943/1/2249 940/1/2248
f 940/1/2248 951/1/2248 952/1/2248
s 867
f 929/1/2250 928/1/2251 943/1/2251
f 943/1/2251 952/1/2252 929/1/2250
s 846
f 927/1/2214 941/1/2237 943/1/2236
f 943/1/2236 928/1/2215 927/1/2214
s 845
f 927/1/2213 926/1/2212 942/1/2235
f 942/1/2235 941/1/2234 927/1/2213
s 868
f 926/1/2253 925/1/2253 953/1/2253
f 953/1/2253 942/1/2253 926/1/2253
s 869
f 942/1/2254 953/1/2254 954/1/2254
f 954/1/2254 937/1/2255 942/1/2254
s 870
f 938/1/2256 937/1/2257 954/1/2256
f 954/1/2256 944/1/2258 938/1/2256
s 845
f 955/1/2259 956/1/2260 957/1/2261
f 957/1/2261 958/1/2262 955/1/2259
s 846
f 959/1/2263 960/1/2264 956/1/2265
f 956/1/2265 955/1/2266 959/1/2263
s 845
f 956/1/2260 961/1/2267 962/1/2268
f 962/1/2268 957/1/2261 956/1/2260
s 846
f 956/1/2265 960/1/2264 963/1/2269
f 963/1/2269 961/1/2270 956/1/2265
s 871
f 958/1/2271 964/1/2271 965/1/2271
f 965/1/2271 966/1/2271 958/1/2271
s 845
f 958/1/2262 966/1/2272 967/1/2273
f 967/1/2273 955/1/2259 958/1/2262
s 846
f 967/1/2274 968/1/2275 959/1/2263
f 959/1/2263 955/1/2266 967/1/2274
s 872
f 969/1/2276 959/1/2276 968/1/2277
f 968/1/2277 970/1/2276 969/1/2276
s 873
f 960/1/2278 959/1/2279 969/1/2278
f 969/1/2278 971/1/2278 960/1/2278
s 874
f 972/1/2280 963/1/2281 960/1/2281
f 960/1/2281 971/1/2282 972/1/2280
s 875
f 949/1/2283 948/1/2283 963/1/2283
f 963/1/2283 972/1/2283 949/1/2283
s 846
f 947/1/2241 961/1/2270 963/1/2269
f 963/1/2269 948/1/2242 947/1/2241
s 845
f 947/1/2240 946/1/2239 962/1/2268
f 962/1/2268 961/1/2267 947/1/2240
s 876
f 946/1/2284 945/1/2284 973/1/2284
f 973/1/2284 962/1/2284 946/1/2284
s 877
f 962/1/2285 973/1/2285 974/1/2285
f 974/1/2285 957/1/2285 962/1/2285
s 878
f 964/1/2286 958/1/2286 957/1/2286
f 957/1/2286 974/1/2286 964/1/2286
s 845
f 975/1/2287 976/1/2288 977/1/2289
f 977/1/2289 978/1/2290 975/1/2287
s 846
f 979/1/2291 980/1/2292 976/1/2293
f 976/1/2293 975/1/2294 979/1/2291
s 845
f 976/1/2288 981/1/2295 982/1/2296
f 982/1/2296 977/1/2289 976/1/2288
s 846
f 976/1/2293 980/1/2292 983/1/2297
f 983/1/2297 981/1/2298 976/1/2293
s 879
f 978/1/2299 984/1/2299 985/1/2299
f 985/1/2299 986/1/2299 978/1/2299
s 845
f 978/1/2290 986/1/2300 987/1/2301
f 987/1/2301 975/1/2287 978/1/2290
s 846
f 979/1/2291 975/1/2294 987/1/2302
f 987/1/2302 988/1/2303 979/1/2291
s 880
f 988/1/2304 989/1/2305 990/1/2305
f 990/1/2305 979/1/2305 988/1/2304
s 881
f 980/1/2306 979/1/2307 990/1/2307
f 990/1/2307 991/1/2307 980/1/2306
s 882
f 992/1/2308 983/1/2308 980/1/2308
f 980/1/2308 991/1/2308 992/1/2308
s 883
f 968/1/2309 983/1/2309 992/1/2309
f 992/1/2309 970/1/2309 968/1/2309
s 846
f 981/1/2298 983/1/2297 968/1/2275
f 968/1/2275 967/1/2274 981/1/2298
s 845
f 967/1/2273 966/1/2272 982/1/2296
f 982/1/2296 981/1/2295 967/1/2273
s 884
f 966/1/2310 965/1/2310 993/1/2310
f 993/1/2310 982/1/2310 966/1/2310
s 885
f 982/1/2311 993/1/2311 994/1/2311
f 994/1/2311 977/1/2311 982/1/2311
s 886
f 984/1/2312 978/1/2312 977/1/2312
f 977/1/2312 994/1/2312 984/1/2312
s 845
f 995/1/2313 996/1/2314 997/1/2315
f 997/1/2315 998/1/2316 995/1/2313
s 846
f 999/1/2317 1000/1/2318 996/1/2319
f 996/1/2319 995/1/2320 999/1/2317
s 845
f 996/1/2314 1001/1/2321 1002/1/2322
f 1002/1/2322 997/1/2315 996/1/2314
s 846
f 996/1/2319 1000/1/2318 1003/1/2323
f 1003/1/2323 1001/1/2324 996/1/2319
s 887
f 998/1/2325 1004/1/2325 1005/1/2325
f 1005/1/2325 1006/1/2326 998/1/2325
s 845
f 998/1/2316 1006/1/2327 1007/1/2328
f 1007/1/2328 995/1/2313 998/1/2316
s 846
f 999/1/2317 995/1/2320 1007/1/2329
f 1007/1/2329 1008/1/2330 999/1/2317
s 888
f 1008/1/2331 1009/1/2331 1010/1/2331
f 1010/1/2331 999/1/2331 1008/1/2331
s 889
f 1000/1/2332 999/1/2333 1010/1/2333
f 1010/1/2333 1011/1/2333 1000/1/2332
s 890
f 1012/1/2334 1003/1/2334 1000/1/2334
f 1000/1/2334 1011/1/2334 1012/1/2334
s 891
f 988/1/2335 1003/1/2336 1012/1/2336
f 1012/1/2336 989/1/2337 988/1/2335
s 846
f 987/1/2302 1001/1/2324 1003/1/2323
f 1003/1/2323 988/1/2303 987/1/2302
s 845
f 987/1/2301 986/1/2300 1002/1/2322
f 1002/1/2322 1001/1/2321 987/1/2301
s 892
f 986/1/2338 985/1/2338 1013/1/2338
f 1013/1/2338 1002/1/2338 986/1/2338
s 893
f 1002/1/2339 1013/1/2340 1014/1/2341
f 1014/1/2341 997/1/2340 1002/1/2339
s 894
f 1004/1/2342 998/1/2342 997/1/2342
f 997/1/2342 1014/1/2342 1004/1/2342
s 845
f 1015/1/2343 1016/1/2344 1017/1/2345
f 1017/1/2345 1018/1/2346 1015/1/2343
s 846
f 1019/1/2347 1020/1/2348 1016/1/2349
f 1016/1/2349 1015/1/2350 1019/1/2347
s 845
f 1016/1/2344 1021/1/2351 1022/1/2352
f 1022/1/2352 1017/1/2345 1016/1/2344
s 846
f 1016/1/2349 1020/1/2348 1023/1/2353
f 1023/1/2353 1021/1/2354 1016/1/2349
s 895
f 1018/1/2355 1024/1/2356 1025/1/2356
f 1025/1/2356 1026/1/2356 1018/1/2355
s 845
f 1018/1/2346 1026/1/2357 1027/1/2358
f 1027/1/2358 1015/1/2343 1018/1/2346
s 846
f 1019/1/2347 1015/1/2350 1027/1/2359
f 1027/1/2359 1028/1/2360 1019/1/2347
s 896
f 1028/1/2361 1029/1/2361 1030/1/2361
f 1030/1/2361 1019/1/2361 1028/1/2361
s 897
f 1020/1/2362 1019/1/2362 1030/1/2362
f 1030/1/2362 1031/1/2362 1020/1/2362
s 898
f 1032/1/2363 1023/1/2363 1020/1/2363
f 1020/1/2363 1031/1/2364 1032/1/2363
s 899
f 1008/1/2365 1023/1/2366 1032/1/2365
f 1032/1/2365 1009/1/2367 1008/1/2365
s 846
f 1007/1/2329 1021/1/2354 1023/1/2353
f 1023/1/2353 1008/1/2330 1007/1/2329
s 845
f 1007/1/2328 1006/1/2327 1022/1/2352
f 1022/1/2352 1021/1/2351 1007/1/2328
s 900
f 1006/1/2368 1005/1/2368 1033/1/2368
f 1033/1/2368 1022/1/2368 1006/1/2368
s 901
f 1022/1/2369 1033/1/2370 1034/1/2370
f 1034/1/2370 1017/1/2369 1022/1/2369
s 902
f 1024/1/2371 1018/1/2372 1017/1/2373
f 1017/1/2373 1034/1/2374 1024/1/2371
s 845
f 1035/1/2375 1036/1/2376 1037/1/2377
f 1037/1/2377 1038/1/2378 1035/1/2375
s 846
f 1039/1/2379 1040/1/2380 1036/1/2381
f 1036/1/2381 1035/1/2382 1039/1/2379
s 845
f 1036/1/2376 1041/1/2383 1042/1/2384
f 1042/1/2384 1037/1/2377 1036/1/2376
s 846
f 1036/1/2381 1040/1/2380 1043/1/2385
f 1043/1/2385 1041/1/2386 1036/1/2381
s 903
f 1038/1/2387 1044/1/2387 1045/1/2387
f 1045/1/2387 1046/1/2387 1038/1/2387
s 845
f 1038/1/2378 1046/1/2388 1047/1/2388
f 1047/1/2388 1035/1/2375 1038/1/2378
s 846
f 1039/1/2379 1035/1/2382 1047/1/2389
f 1047/1/2389 1048/1/2390 1039/1/2379
s 904
f 1049/1/2391 1039/1/2391 1048/1/2391
f 1048/1/2391 1050/1/2391 1049/1/2391
s 905
f 1040/1/2392 1039/1/2392 1049/1/2392
f 1049/1/2392 1051/1/2392 1040/1/2392
s 906
f 1052/1/2393 1043/1/2393 1040/1/2393
f 1040/1/2393 1051/1/2393 1052/1/2393
s 907
f 1028/1/2394 1043/1/2394 1052/1/2395
f 1052/1/2395 1029/1/2394 1028/1/2394
s 846
f 1027/1/2359 1041/1/2386 1043/1/2385
f 1043/1/2385 1028/1/2360 1027/1/2359
s 845
f 1027/1/2358 1026/1/2357 1042/1/2384
f 1042/1/2384 1041/1/2383 1027/1/2358
s 908
f 1026/1/2396 1025/1/2396 1053/1/2397
f 1053/1/2397 1042/1/2398 1026/1/2396
s 909
f 1042/1/2399 1053/1/2399 1054/1/2400
f 1054/1/2400 1037/1/2400 1042/1/2399
s 910
f 1044/1/2401 1038/1/2401 1037/1/2401
f 1037/1/2401 1054/1/2401 1044/1/2401
s 845
f 1055/1/2402 1056/1/2403 1057/1/2404
f 1057/1/2404 1058/1/2405 1055/1/2402
s 846
f 1059/1/2406 1060/1/2407 1056/1/2408
f 1056/1/2408 1055/1/2409 1059/1/2406
s 845
f 1056/1/2403 1061/1/2410 1062/1/2411
f 1062/1/2411 1057/1/2404 1056/1/2403
s 846
f 1056/1/2408 1060/1/2407 1063/1/2412
f 1063/1/2412 1061/1/2413 1056/1/2408
s 911
f 1058/1/2414 1064/1/2414 1065/1/2414
f 1065/1/2414 1066/1/2414 1058/1/2414
s 845
f 1058/1/2405 1066/1/2415 1067/1/2416
f 1067/1/2416 1055/1/2402 1058/1/2405
s 846
f 1059/1/2406 1055/1/2409 1067/1/2417
f 1067/1/2417 1068/1/2418 1059/1/2406
s 912
f 1069/1/2419 1059/1/2419 1068/1/2419
f 1068/1/2419 1070/1/2419 1069/1/2419
s 913
f 1060/1/2420 1059/1/2420 1069/1/2420
f 1069/1/2420 1071/1/2420 1060/1/2420
s 914
f 1072/1/2421 1063/1/2421 1060/1/2422
f 1060/1/2422 1071/1/2421 1072/1/2421
s 915
f 1050/1/2423 1048/1/2423 1063/1/2423
f 1063/1/2423 1072/1/2423 1050/1/2423
s 846
f 1047/1/2389 1061/1/2413 1063/1/2412
f 1063/1/2412 1048/1/2390 1047/1/2389
s 845
f 1047/1/2388 1046/1/2388 1062/1/2411
f 1062/1/2411 1061/1/2410 1047/1/2388
s 916
f 1046/1/2424 1045/1/2424 1073/1/2424
f 1073/1/2424 1062/1/2424 1046/1/2424
s 917
f 1062/1/2425 1073/1/2425 1074/1/2425
f 1074/1/2425 1057/1/2425 1062/1/2425
s 918
f 1064/1/2426 1058/1/2427 1057/1/2426
f 1057/1/2426 1074/1/2426 1064/1/2426
s 845
f 1075/1/2428 1076/1/2429 1077/1/2430
f 1077/1/2430 1078/1/2431 1075/1/2428
s 846
f 1079/1/2432 1080/1/2433 1076/1/2434
f 1076/1/2434 1075/1/2435 1079/1/2432
s 845
f 1076/1/2429 1081/1/2436 1082/1/2437
f 1082/1/2437 1077/1/2430 1076/1/2429
s 846
f 1076/1/2434 1080/1/2433 1083/1/2438
f 1083/1/2438 1081/1/2439 1076/1/2434
s 919
f 1078/1/2440 1084/1/2440 1085/1/2440
f 1085/1/2440 1086/1/2441 1078/1/2440
s 845
f 1078/1/2431 1086/1/2442 1087/1/2443
f 1087/1/2443 1075/1/2428 1078/1/2431
s 846
f 1079/1/2432 1075/1/2435 1087/1/2444
f 1087/1/2444 1088/1/2445 1079/1/2432
s 920
f 1089/1/2446 1079/1/2447 1088/1/2446
f 1088/1/2446 1090/1/2448 1089/1/2446
s 921
f 1080/1/2449 1079/1/2449 1089/1/2449
f 1089/1/2449 1091/1/2450 1080/1/2449
s 922
f 1092/1/2451 1083/1/2451 1080/1/2451
f 1080/1/2451 1091/1/2451 1092/1/2451
s 923
f 1070/1/2452 1068/1/2452 1083/1/2452
f 1083/1/2452 1092/1/2452 1070/1/2452
s 846
f 1067/1/2417 1081/1/2439 1083/1/2438
f 1083/1/2438 1068/1/2418 1067/1/2417
s 845
f 1067/1/2416 1066/1/2415 1082/1/2437
f 1082/1/2437 1081/1/2436 1067/1/2416
s 924
f 1066/1/2453 1065/1/2453 1093/1/2453
f 1093/1/2453 1082/1/2453 1066/1/2453
s 925
f 1082/1/2454 1093/1/2455 1094/1/2454
f 1094/1/2454 1077/1/2456 1082/1/2454
s 926
f 1084/1/2457 1078/1/2458 1077/1/2458
f 1077/1/2458 1094/1/2457 1084/1/2457
s 845
f 1095/1/2459 1096/1/2460 1097/1/2461
f 1097/1/2461 1098/1/2462 1095/1/2459
s 846
f 1099/1/2463 1100/1/2464 1096/1/2465
f 1096/1/2465 1095/1/2466 1099/1/2463
s 845
f 1096/1/2460 1101/1/2467 1102/1/2468
f 1102/1/2468 1097/1/2461 1096/1/2460
s 846
f 1096/1/2465 1100/1/2464 1103/1/2469
f 1103/1/2469 1101/1/2470 1096/1/2465
s 927
f 1098/1/2471 1104/1/2472 1105/1/2472
f 1105/1/2472 1106/1/2471 1098/1/2471
s 845
f 1098/1/2462 1106/1/2473 1107/1/2474
f 1107/1/2474 1095/1/2459 1098/1/2462
s 846
f 1099/1/2463 1095/1/2466 1107/1/2475
f 1107/1/2475 1108/1/2476 1099/1/2463
s 928
f 1109/1/2477 1099/1/2477 1108/1/2477
f 1108/1/2477 1110/1/2477 1109/1/2477
s 929
f 1100/1/2478 1099/1/2478 1109/1/2478
f 1109/1/2478 1111/1/2478 1100/1/2478
s 930
f 1112/1/2479 1103/1/2480 1100/1/2481
f 1100/1/2481 1111/1/2479 1112/1/2479
s 931
f 1090/1/2482 1088/1/2482 1103/1/2482
f 1103/1/2482 1112/1/2482 1090/1/2482
s 846
f 1087/1/2444 1101/1/2470 1103/1/2469
f 1103/1/2469 1088/1/2445 1087/1/2444
s 845
f 1087/1/2443 1086/1/2442 1102/1/2468
f 1102/1/2468 1101/1/2467 1087/1/2443
s 932
f 1086/1/2483 1085/1/2483 1113/1/2483
f 1113/1/2483 1102/1/2483 1086/1/2483
s 933
f 1102/1/2484 1113/1/2484 1114/1/2484
f 1114/1/2484 1097/1/2484 1102/1/2484
s 934
f 1104/1/2485 1098/1/2485 1097/1/2485
f 1097/1/2485 1114/1/2486 1104/1/2485
s 845
f 1115/1/2487 1116/1/2488 1117/1/2489
f 1117/1/2489 1118/1/2490 1115/1/2487
s 846
f 1119/1/2491 1120/1/2492 1116/1/2493
f 1116/1/2493 1115/1/2494 1119/1/2491
s 845
f 1116/1/2488 1121/1/2495 1122/1/2496
f 1122/1/2496 1117/1/2489 1116/1/2488
s 846
f 1116/1/2493 1120/1/2492 1123/1/2497
f 1123/1/2497 1121/1/2498 1116/1/2493
s 935
f 1118/1/2499 1124/1/2499 1125/1/2499
f 1125/1/2499 1126/1/2499 1118/1/2499
s 845
f 1118/1/2490 1126/1/2500 1127/1/2501
f 1127/1/2501 1115/1/2487 1118/1/2490
s 846
f 1119/1/2491 1115/1/2494 1127/1/2502
f 1127/1/2502 1128/1/2503 1119/1/2491
s 936
f 1129/1/2504 1119/1/2505 1128/1/2504
f 1128/1/2504 1130/1/2505 1129/1/2504
s 937
f 1120/1/2506 1119/1/2506 1129/1/2507
f 1129/1/2507 1131/1/2506 1120/1/2506
s 938
f 1132/1/2508 1123/1/2508 1120/1/2509
f 1120/1/2509 1131/1/2508 1132/1/2508
s 939
f 1110/1/2510 1108/1/2510 1123/1/2510
f 1123/1/2510 1132/1/2510 1110/1/2510
s 846
f 1107/1/2475 1121/1/2498 1123/1/2497
f 1123/1/2497 1108/1/2476 1107/1/2475
s 845
f 1107/1/2474 1106/1/2473 1122/1/2496
f 1122/1/2496 1121/1/2495 1107/1/2474
s 940
f 1106/1/2511 1105/1/2511 1133/1/2512
f 1133/1/2512 1122/1/2511 1106/1/2511
s 941
f 1122/1/2513 1133/1/2513 1134/1/2513
f 1134/1/2513 1117/1/2513 1122/1/2513
s 942
f 1124/1/2514 1118/1/2514 1117/1/2514
f 1117/1/2514 1134/1/2514 1124/1/2514
s 845
f 1135/1/2515 1136/1/2516 1137/1/2517
f 1137/1/2517 1138/1/2518 1135/1/2515
s 846
f 1139/1/2519 1140/1/2520 1136/1/2521
f 1136/1/2521 1135/1/2522 1139/1/2519
s 845
f 1136/1/2516 1141/1/2523 1142/1/2524
f 1142/1/2524 1137/1/2517 1136/1/2516
s 846
f 1136/1/2521 1140/1/2520 1143/1/2525
f 1143/1/2525 1141/1/2526 1136/1/2521
s 943
f 1138/1/2527 1144/1/2527 1145/1/2527
f 1145/1/2527 1146/1/2527 1138/1/2527
s 845
f 1138/1/2518 1146/1/2528 1147/1/2529
f 1147/1/2529 1135/1/2515 1138/1/2518
s 846
f 1139/1/2519 1135/1/2522 1147/1/2530
f 1147/1/2530 1148/1/2531 1139/1/2519
s 944
f 1149/1/2532 1139/1/2532 1148/1/2532
f 1148/1/2532 1150/1/2532 1149/1/2532
s 945
f 1140/1/2533 1139/1/2533 1149/1/2533
f 1149/1/2533 1151/1/2533 1140/1/2533
s 946
f 1152/1/2534 1143/1/2535 1140/1/2536
f 1140/1/2536 1151/1/2536 1152/1/2534
s 947
f 1130/1/2537 1128/1/2538 1143/1/2538
f 1143/1/2538 1152/1/2538 1130/1/2537
s 846
f 1127/1/2502 1141/1/2526 1143/1/2525
f 1143/1/2525 1128/1/2503 1127/1/2502
s 845
f 1127/1/2501 1126/1/2500 1142/1/2524
f 1142/1/2524 1141/1/2523 1127/1/2501
s 948
f 1126/1/2539 1125/1/2539 1153/1/2539
f 1153/1/2539 1142/1/2539 1126/1/2539
s 949
f 1142/1/2540 1153/1/2540 1154/1/2541
f 1154/1/2541 1137/1/2540 1142/1/2540
s 950
f 1144/1/2542 1138/1/2542 1137/1/2542
f 1137/1/2542 1154/1/2542 1144/1/2542
s 845
f 1155/1/2543 1156/1/2544 1157/1/2545
f 1157/1/2545 1158/1/2546 1155/1/2543
s 846
f 1159/1/2547 1160/1/2548 1156/1/2549
f 1156/1/2549 1155/1/2550 1159/1/2547
s 845
f 1156/1/2544 1161/1/2551 1162/1/2552
f 1162/1/2552 1157/1/2545 1156/1/2544
s 846
f 1156/1/2549 1160/1/2548 1163/1/2553
f 1163/1/2553 1161/1/2554 1156/1/2549
s 951
f 1158/1/2555 1164/1/2555 1165/1/2555
f 1165/1/2555 1166/1/2555 1158/1/2555
s 845
f 1158/1/2546 1166/1/2556 1167/1/2557
f 1167/1/2557 1155/1/2543 1158/1/2546
s 846
f 1159/1/2547 1155/1/2550 1167/1/2558
f 1167/1/2558 1168/1/2559 1159/1/2547
s 952
f 1169/1/2560 1159/1/2560 1168/1/2560
f 1168/1/2560 1170/1/2560 1169/1/2560
s 953
f 1160/1/2561 1159/1/2562 1169/1/2563
f 1169/1/2563 1171/1/2564 1160/1/2561
s 954
f 1172/1/2565 1163/1/2566 1160/1/2567
f 1160/1/2567 1171/1/2566 1172/1/2565
s 955
f 1150/1/2568 1148/1/2568 1163/1/2568
f 1163/1/2568 1172/1/2568 1150/1/2568
s 846
f 1147/1/2530 1161/1/2554 1163/1/2553
f 1163/1/2553 1148/1/2531 1147/1/2530
s 845
f 1147/1/2529 1146/1/2528 1162/1/2552
f 1162/1/2552 1161/1/2551 1147/1/2529
s 956
f 1146/1/2569 1145/1/2570 1173/1/2569
f 1173/1/2569 1162/1/2570 1146/1/2569
s 957
f 1162/1/2571 1173/1/2572 1174/1/2571
f 1174/1/2571 1157/1/2571 1162/1/2571
s 958
f 1164/1/2573 1158/1/2574 1157/1/2574
f 1157/1/2574 1174/1/2574 1164/1/2573
s 845
f 1175/1/2575 1176/1/2576 1177/1/2577
f 1177/1/2577 1178/1/2578 1175/1/2575
s 846
f 1179/1/2579 1180/1/2580 1176/1/2581
f 1176/1/2581 1175/1/2582 1179/1/2579
s 845
f 1176/1/2576 1181/1/2583 1182/1/2584
f 1182/1/2584 1177/1/2577 1176/1/2576
s 846
f 1176/1/2581 1180/1/2580 1183/1/2585
f 1183/1/2585 1181/1/2586 1176/1/2581
s 959
f 1178/1/2587 1184/1/2588 1185/1/2588
f 1185/1/2588 1186/1/2588 1178/1/2587
s 845
f 1178/1/2578 1186/1/2589 1187/1/2590
f 1187/1/2590 1175/1/2575 1178/1/2578
s 846
f 1179/1/2579 1175/1/2582 1187/1/2591
f 1187/1/2591 1188/1/2592 1179/1/2579
s 960
f 1189/1/2593 1179/1/2593 1188/1/2593
f 1188/1/2593 1190/1/2593 1189/1/2593
s 961
f 1180/1/2594 1179/1/2594 1189/1/2594
f 1189/1/2594 1191/1/2594 1180/1/2594
s 962
f 1192/1/2595 1183/1/2595 1180/1/2595
f 1180/1/2595 1191/1/2595 1192/1/2595
s 963
f 1170/1/2596 1168/1/2596 1183/1/2596
f 1183/1/2596 1192/1/2596 1170/1/2596
s 846
f 1167/1/2558 1181/1/2586 1183/1/2585
f 1183/1/2585 1168/1/2559 1167/1/2558
s 845
f 1167/1/2557 1166/1/2556 1182/1/2584
f 1182/1/2584 1181/1/2583 1167/1/2557
s 964
f 1166/1/2597 1165/1/2597 1193/1/2597
f 1193/1/2597 1182/1/2597 1166/1/2597
s 965
f 1182/1/2598 1193/1/2599 1194/1/2599
f 1194/1/2599 1177/1/2598 1182/1/2598
s 966
f 1184/1/2600 1178/1/2600 1177/1/2600
f 1177/1/2600 1194/1/2600 1184/1/2600
s 845
f 1195/1/2601 1196/1/2602 1197/1/2603
f 1197/1/2603 1198/1/2604 1195/1/2601
s 846
f 1199/1/2605 1200/1/2606 1196/1/2607
f 1196/1/2607 1195/1/2608 1199/1/2605
s 845
f 1196/1/2602 1201/1/2609 1202/1/2610
f 1202/1/2610 1197/1/2603 1196/1/2602
s 846
f 1196/1/2607 1200/1/2606 1203/1/2611
f 1203/1/2611 1201/1/2612 1196/1/2607
s 967
f 1198/1/2613 1204/1/2613 1205/1/2613
f 1205/1/2613 1206/1/2614 1198/1/2613
s 845
f 1198/1/2604 1206/1/2615 1207/1/2616
f 1207/1/2616 1195/1/2601 1198/1/2604
s 846
f 1199/1/2605 1195/1/2608 1207/1/2617
f 1207/1/2617 1208/1/2618 1199/1/2605
s 968
f 1209/1/2619 1199/1/2619 1208/1/2619
f 1208/1/2619 1210/1/2619 1209/1/2619
s 969
f 1200/1/2620 1199/1/2620 1209/1/2620
f 1209/1/2620 1211/1/2620 1200/1/2620
s 970
f 1212/1/2621 1203/1/2621 1200/1/2621
f 1200/1/2621 1211/1/2621 1212/1/2621
s 971
f 1190/1/2622 1188/1/2622 1203/1/2622
f 1203/1/2622 1212/1/2623 1190/1/2622
s 846
f 1187/1/2591 1201/1/2612 1203/1/2611
f 1203/1/2611 1188/1/2592 1187/1/2591
s 845
f 1187/1/2590 1186/1/2589 1202/1/2610
f 1202/1/2610 1201/1/2609 1187/1/2590
s 972
f 1186/1/2624 1185/1/2624 1213/1/2624
f 1213/1/2624 1202/1/2624 1186/1/2624
s 973
f 1202/1/2625 1213/1/2625 1214/1/2625
f 1214/1/2625 1197/1/2625 1202/1/2625
s 974
f 1204/1/2626 1198/1/2626 1197/1/2626
f 1197/1/2626 1214/1/2626 1204/1/2626
s 845
f 1215/1/2627 1216/1/2628 1217/1/2629
f 1217/1/2629 1218/1/2630 1215/1/2627
s 846
f 1219/1/2631 1220/1/2632 1216/1/2633
f 1216/1/2633 1215/1/2634 1219/1/2631
s 845
f 1216/1/2628 1221/1/2635 1222/1/2636
f 1222/1/2636 1217/1/2629 1216/1/2628
s 846
f 1216/1/2633 1220/1/2632 1223/1/2637
f 1223/1/2637 1221/1/2638 1216/1/2633
s 975
f 1218/1/2184 1224/1/2184 1225/1/2184
f 1225/1/2184 1226/1/2184 1218/1/2184
s 845
f 1218/1/2630 1226/1/2639 1227/1/2640
f 1227/1/2640 1215/1/2627 1218/1/2630
s 846
f 1219/1/2631 1215/1/2634 1227/1/2641
f 1227/1/2641 1228/1/2642 1219/1/2631
s 976
f 1229/1/2643 1219/1/2644 1228/1/2645
f 1228/1/2645 1230/1/2646 1229/1/2643
s 977
f 1220/1/2196 1219/1/2196 1229/1/2196
f 1229/1/2196 1231/1/2196 1220/1/2196
s 978
f 1232/1/2195 1223/1/2647 1220/1/2195
f 1220/1/2195 1231/1/2195 1232/1/2195
s 979
f 1210/1/2193 1208/1/2193 1223/1/2193
f 1223/1/2193 1232/1/2193 1210/1/2193
s 846
f 1207/1/2617 1221/1/2638 1223/1/2637
f 1223/1/2637 1208/1/2618 1207/1/2617
s 845
f 1207/1/2616 1206/1/2615 1222/1/2636
f 1222/1/2636 1221/1/2635 1207/1/2616
s 980
f 1206/1/2188 1205/1/2188 1233/1/2188
f 1233/1/2188 1222/1/2188 1206/1/2188
s 981
f 1222/1/2187 1233/1/2187 1234/1/2187
f 1234/1/2187 1217/1/2187 1222/1/2187
s 982
f 1224/1/2648 1218/1/2649 1217/1/2648
f 1217/1/2648 1234/1/2650 1224/1/2648
s 845
f 1235/1/2651 1236/1/2652 1237/1/2653
f 1237/1/2653 1238/1/2654 1235/1/2651
s 846
f 1239/1/2655 1240/1/2656 1236/1/2657
f 1236/1/2657 1235/1/2658 1239/1/2655
s 845
f 1236/1/2652 1241/1/2659 1242/1/2660
f 1242/1/2660 1237/1/2653 1236/1/2652
s 846
f 1236/1/2657 1240/1/2656 1243/1/2661
f 1243/1/2661 1241/1/2662 1236/1/2657
s 983
f 1238/1/2217 1244/1/2217 1245/1/2217
f 1245/1/2217 1246/1/2217 1238/1/2217
s 845
f 1238/1/2654 1246/1/2663 1247/1/2664
f 1247/1/2664 1235/1/2651 1238/1/2654
s 846
f 1239/1/2655 1235/1/2658 1247/1/2665
f 1247/1/2665 1248/1/2666 1239/1/2655
s 984
f 1249/1/2211 1239/1/2211 1248/1/2211
f 1248/1/2211 1250/1/2211 1249/1/2211
s 985
f 1240/1/2667 1239/1/2667 1249/1/2667
f 1249/1/2667 1251/1/2667 1240/1/2667
s 986
f 1252/1/2668 1243/1/2223 1240/1/2669
f 1240/1/2669 1251/1/2223 1252/1/2668
s 987
f 1230/1/2670 1228/1/2670 1243/1/2670
f 1243/1/2670 1252/1/2670 1230/1/2670
s 846
f 1227/1/2641 1241/1/2662 1243/1/2661
f 1243/1/2661 1228/1/2642 1227/1/2641
s 845
f 1227/1/2640 1226/1/2639 1242/1/2660
f 1242/1/2660 1241/1/2659 1227/1/2640
s 988
f 1226/1/2221 1225/1/2221 1253/1/2221
f 1253/1/2221 1242/1/2221 1226/1/2221
s 989
f 1242/1/2220 1253/1/2220 1254/1/2220
f 1254/1/2220 1237/1/2220 1242/1/2220
s 990
f 1244/1/2218 1238/1/2218 1237/1/2218
f 1237/1/2218 1254/1/2671 1244/1/2218
s 845
f 1255/1/2672 1256/1/2673 1257/1/2674
f 1257/1/2674 1258/1/2675 1255/1/2672
s 846
f 1259/1/2676 1260/1/2677 1256/1/2678
f 1256/1/2678 1255/1/2679 1259/1/2676
s 845
f 1256/1/2673 1261/1/2680 1262/1/2681
f 1262/1/2681 1257/1/2674 1256/1/2673
s 846
f 1256/1/2678 1260/1/2677 1263/1/2682
f 1263/1/2682 1261/1/2683 1256/1/2678
s 991
f 1258/1/2684 1264/1/2685 1265/1/2686
f 1265/1/2686 1266/1/2244 1258/1/2684
s 845
f 1258/1/2675 1266/1/2687 1267/1/2688
f 1267/1/2688 1255/1/2672 1258/1/2675
s 846
f 1259/1/2676 1255/1/2679 1267/1/2689
f 1267/1/2689 1268/1/2690 1259/1/2676
s 992
f 1269/1/2238 1259/1/2238 1268/1/2238
f 1268/1/2238 1270/1/2238 1269/1/2238
s 993
f 1260/1/2691 1259/1/2258 1269/1/2691
f 1269/1/2691 1271/1/2692 1260/1/2691
s 994
f 1272/1/2254 1263/1/2254 1260/1/2254
f 1260/1/2254 1271/1/2254 1272/1/2254
s 995
f 1250/1/2253 1248/1/2253 1263/1/2253
f 1263/1/2253 1272/1/2253 1250/1/2253
s 846
f 1247/1/2665 1261/1/2683 1263/1/2682
f 1263/1/2682 1248/1/2666 1247/1/2665
s 845
f 1247/1/2664 1246/1/2663 1262/1/2681
f 1262/1/2681 1261/1/2680 1247/1/2664
s 996
f 1246/1/2252 1245/1/2252 1273/1/2252
f 1273/1/2252 1262/1/2252 1246/1/2252
s 997
f 1262/1/2248 1273/1/2248 1274/1/2248
f 1274/1/2248 1257/1/2249 1262/1/2248
s 998
f 1264/1/2693 1258/1/2694 1257/1/2246
f 1257/1/2246 1274/1/2246 1264/1/2693
s 845
f 1275/1/2695 1276/1/2696 1277/1/2697
f 1277/1/2697 1278/1/2698 1275/1/2695
s 846
f 1279/1/2699 1280/1/2700 1276/1/2701
f 1276/1/2701 1275/1/2702 1279/1/2699
s 845
f 1276/1/2696 1281/1/2703 1282/1/2704
f 1282/1/2704 1277/1/2697 1276/1/2696
s 846
f 1276/1/2701 1280/1/2700 1283/1/2705
f 1283/1/2705 1281/1/2706 1276/1/2701
s 999
f 1278/1/2707 1284/1/2707 1285/1/2276
f 1285/1/2276 1286/1/2276 1278/1/2707
s 845
f 1278/1/2698 1286/1/2708 1287/1/2709
f 1287/1/2709 1275/1/2695 1278/1/2698
s 846
f 1279/1/2699 1275/1/2702 1287/1/2710
f 1287/1/2710 1288/1/2711 1279/1/2699
s 1000
f 1289/1/2271 1279/1/2271 1288/1/2271
f 1288/1/2271 1290/1/2271 1289/1/2271
s 1001
f 1280/1/2286 1279/1/2286 1289/1/2286
f 1289/1/2286 1291/1/2286 1280/1/2286
s 1002
f 1292/1/2712 1283/1/2285 1280/1/2285
f 1280/1/2285 1291/1/2285 1292/1/2712
s 1003
f 1270/1/2284 1268/1/2284 1283/1/2284
f 1283/1/2284 1292/1/2284 1270/1/2284
s 846
f 1267/1/2689 1281/1/2706 1283/1/2705
f 1283/1/2705 1268/1/2690 1267/1/2689
s 845
f 1267/1/2688 1266/1/2687 1282/1/2704
f 1282/1/2704 1281/1/2703 1267/1/2688
s 1004
f 1266/1/2713 1265/1/2714 1293/1/2715
f 1293/1/2715 1282/1/2716 1266/1/2713
s 1005
f 1282/1/2717 1293/1/2718 1294/1/2282
f 1294/1/2282 1277/1/2282 1282/1/2717
s 1006
f 1284/1/2278 1278/1/2278 1277/1/2278
f 1277/1/2278 1294/1/2278 1284/1/2278
s 845
f 1295/1/2719 1296/1/2720 1297/1/2721
f 1297/1/2721 1298/1/2722 1295/1/2719
s 846
f 1299/1/2723 1300/1/2724 1296/1/2725
f 1296/1/2725 1295/1/2726 1299/1/2723
s 845
f 1296/1/2720 1301/1/2727 1302/1/2728
f 1302/1/2728 1297/1/2721 1296/1/2720
s 846
f 1296/1/2725 1300/1/2724 1303/1/2729
f 1303/1/2729 1301/1/2730 1296/1/2725
s 1007
f 1298/1/2305 1304/1/2305 1305/1/2305
f 1305/1/2305 1306/1/2305 1298/1/2305
s 845
f 1298/1/2722 1306/1/2731 1307/1/2732
f 1307/1/2732 1295/1/2719 1298/1/2722
s 846
f 1299/1/2723 1295/1/2726 1307/1/2733
f 1307/1/2733 1308/1/2734 1299/1/2723
s 1008
f 1309/1/2299 1299/1/2299 1308/1/2299
f 1308/1/2299 1310/1/2299 1309/1/2299
s 1009
f 1300/1/2312 1299/1/2312 1309/1/2312
f 1309/1/2312 1311/1/2312 1300/1/2312
s 1010
f 1312/1/2311 1303/1/2311 1300/1/2311
f 1300/1/2311 1311/1/2311 1312/1/2311
s 1011
f 1290/1/2310 1288/1/2310 1303/1/2310
f 1303/1/2310 1312/1/2310 1290/1/2310
s 846
f 1287/1/2710 1301/1/2730 1303/1/2729
f 1303/1/2729 1288/1/2711 1287/1/2710
s 845
f 1287/1/2709 1286/1/2708 1302/1/2728
f 1302/1/2728 1301/1/2727 1287/1/2709
s 1012
f 1286/1/2735 1285/1/2735 1313/1/2735
f 1313/1/2735 1302/1/2735 1286/1/2735
s 1013
f 1302/1/2308 1313/1/2308 1314/1/2308
f 1314/1/2308 1297/1/2308 1302/1/2308
s 1014
f 1304/1/2736 1298/1/2737 1297/1/2307
f 1297/1/2307 1314/1/2307 1304/1/2736
s 845
f 1315/1/2738 1316/1/2739 1317/1/2740
f 1317/1/2740 1318/1/2741 1315/1/2738
s 846
f 1319/1/2742 1320/1/2743 1316/1/2744
f 1316/1/2744 1315/1/2745 1319/1/2742
s 845
f 1316/1/2739 1321/1/2746 1322/1/2747
f 1322/1/2747 1317/1/2740 1316/1/2739
s 846
f 1316/1/2744 1320/1/2743 1323/1/2748
f 1323/1/2748 1321/1/2749 1316/1/2744
s 1015
f 1318/1/2750 1324/1/2750 1325/1/2750
f 1325/1/2750 1326/1/2750 1318/1/2750
s 845
f 1318/1/2741 1326/1/2751 1327/1/2752
f 1327/1/2752 1315/1/2738 1318/1/2741
s 846
f 1319/1/2742 1315/1/2745 1327/1/2753
f 1327/1/2753 1328/1/2754 1319/1/2742
s 1016
f 1329/1/2325 1319/1/2325 1328/1/2755
f 1328/1/2755 1330/1/2756 1329/1/2325
s 1017
f 1320/1/2757 1319/1/2342 1329/1/2758
f 1329/1/2758 1331/1/2342 1320/1/2757
s 1018
f 1332/1/2340 1323/1/2759 1320/1/2760
f 1320/1/2760 1331/1/2339 1332/1/2340
s 1019
f 1310/1/2338 1308/1/2338 1323/1/2338
f 1323/1/2338 1332/1/2338 1310/1/2338
s 846
f 1307/1/2733 1321/1/2749 1323/1/2748
f 1323/1/2748 1308/1/2734 1307/1/2733
s 845
f 1307/1/2732 1306/1/2731 1322/1/2747
f 1322/1/2747 1321/1/2746 1307/1/2732
s 1020
f 1306/1/2336 1305/1/2336 1333/1/2336
f 1333/1/2336 1322/1/2336 1306/1/2336
s 1021
f 1322/1/2761 1333/1/2762 1334/1/2762
f 1334/1/2762 1317/1/2762 1322/1/2761
s 1022
f 1324/1/2333 1318/1/2333 1317/1/2333
f 1317/1/2333 1334/1/2333 1324/1/2333
s 845
f 1335/1/2763 1336/1/2764 1337/1/2765
f 1337/1/2765 1338/1/2766 1335/1/2763
s 846
f 1339/1/2767 1340/1/2768 1336/1/2769
f 1336/1/2769 1335/1/2770 1339/1/2767
s 845
f 1336/1/2764 1341/1/2771 1342/1/2772
f 1342/1/2772 1337/1/2765 1336/1/2764
s 846
f 1336/1/2769 1340/1/2768 1343/1/2773
f 1343/1/2773 1341/1/2774 1336/1/2769
s 1023
f 1338/1/2361 1344/1/2361 1345/1/2361
f 1345/1/2361 1346/1/2361 1338/1/2361
s 845
f 1338/1/2766 1346/1/2775 1347/1/2776
f 1347/1/2776 1335/1/2763 1338/1/2766
s 846
f 1339/1/2767 1335/1/2770 1347/1/2777
f 1347/1/2777 1348/1/2778 1339/1/2767
s 1024
f 1349/1/2779 1339/1/2356 1348/1/2779
f 1348/1/2779 1350/1/2780 1349/1/2779
s 1025
f 1340/1/2371 1339/1/2372 1349/1/2372
f 1349/1/2372 1351/1/2371 1340/1/2371
s 1026
f 1352/1/2369 1343/1/2369 1340/1/2369
f 1340/1/2369 1351/1/2369 1352/1/2369
s 1027
f 1330/1/2781 1328/1/2782 1343/1/2368
f 1343/1/2368 1352/1/2368 1330/1/2781
s 846
f 1327/1/2753 1341/1/2774 1343/1/2773
f 1343/1/2773 1328/1/2754 1327/1/2753
s 845
f 1327/1/2752 1326/1/2751 1342/1/2772
f 1342/1/2772 1341/1/2771 1327/1/2752
s 1028
f 1326/1/2783 1325/1/2367 1353/1/2783
f 1353/1/2783 1342/1/2784 1326/1/2783
s 1029
f 1342/1/2785 1353/1/2785 1354/1/2785
f 1354/1/2785 1337/1/2785 1342/1/2785
s 1030
f 1344/1/2362 1338/1/2362 1337/1/2362
f 1337/1/2362 1354/1/2362 1344/1/2362
s 845
f 1355/1/2786 1356/1/2787 1357/1/2788
f 1357/1/2788 1358/1/2789 1355/1/2786
s 846
f 1359/1/2790 1360/1/2791 1356/1/2792
f 1356/1/2792 1355/1/2793 1359/1/2790
s 845
f 1356/1/2787 1361/1/2386 1362/1/2794
f 1362/1/2794 1357/1/2788 1356/1/2787
s 846
f 1356/1/2792 1360/1/2791 1363/1/2795
f 1363/1/2795 1361/1/2796 1356/1/2792
s 1031
f 1358/1/2391 1364/1/2391 1365/1/2391
f 1365/1/2391 1366/1/2391 1358/1/2391
s 845
f 1358/1/2789 1366/1/2797 1367/1/2798
f 1367/1/2798 1355/1/2786 1358/1/2789
s 846
f 1359/1/2790 1355/1/2793 1367/1/2799
f 1367/1/2799 1368/1/2799 1359/1/2790
s 1032
f 1369/1/2387 1359/1/2387 1368/1/2387
f 1368/1/2387 1370/1/2800 1369/1/2387
s 1033
f 1360/1/2401 1359/1/2401 1369/1/2401
f 1369/1/2401 1371/1/2401 1360/1/2401
s 1034
f 1372/1/2400 1363/1/2400 1360/1/2400
f 1360/1/2400 1371/1/2400 1372/1/2400
s 1035
f 1350/1/2801 1348/1/2396 1363/1/2801
f 1363/1/2801 1372/1/2802 1350/1/2801
s 846
f 1347/1/2777 1361/1/2796 1363/1/2795
f 1363/1/2795 1348/1/2778 1347/1/2777
s 845
f 1347/1/2776 1346/1/2775 1362/1/2794
f 1362/1/2794 1361/1/2386 1347/1/2776
s 1036
f 1346/1/2394 1345/1/2394 1373/1/2394
f 1373/1/2394 1362/1/2394 1346/1/2394
s 1037
f 1362/1/2393 1373/1/2393 1374/1/2803
f 1374/1/2803 1357/1/2803 1362/1/2393
s 1038
f 1364/1/2392 1358/1/2392 1357/1/2392
f 1357/1/2392 1374/1/2392 1364/1/2392
s 845
f 1375/1/2804 1376/1/2805 1377/1/2806
f 1377/1/2806 1378/1/2807 1375/1/2804
s 846
f 1379/1/2808 1380/1/2809 1376/1/2810
f 1376/1/2810 1375/1/2811 1379/1/2808
s 845
f 1376/1/2805 1381/1/2812 1382/1/2813
f 1382/1/2813 1377/1/2806 1376/1/2805
s 846
f 1376/1/2810 1380/1/2809 1383/1/2814
f 1383/1/2814 1381/1/2815 1376/1/2810
s 1039
f 1378/1/2816 1384/1/2817 1385/1/2816
f 1385/1/2816 1386/1/2419 1378/1/2816
s 845
f 1378/1/2807 1386/1/2818 1387/1/2819
f 1387/1/2819 1375/1/2804 1378/1/2807
s 846
f 1379/1/2808 1375/1/2811 1387/1/2820
f 1387/1/2820 1388/1/2821 1379/1/2808
s 1040
f 1389/1/2822 1379/1/2414 1388/1/2414
f 1388/1/2414 1390/1/2414 1389/1/2822
s 1041
f 1380/1/2426 1379/1/2426 1389/1/2426
f 1389/1/2426 1391/1/2426 1380/1/2426
s 1042
f 1392/1/2425 1383/1/2425 1380/1/2823
f 1380/1/2823 1391/1/2425 1392/1/2425
s 1043
f 1370/1/2424 1368/1/2824 1383/1/2424
f 1383/1/2424 1392/1/2424 1370/1/2424
s 846
f 1367/1/2799 1381/1/2815 1383/1/2814
f 1383/1/2814 1368/1/2799 1367/1/2799
s 845
f 1367/1/2798 1366/1/2797 1382/1/2813
f 1382/1/2813 1381/1/2812 1367/1/2798
s 1044
f 1366/1/2423 1365/1/2423 1393/1/2423
f 1393/1/2423 1382/1/2423 1366/1/2423
s 1045
f 1382/1/2825 1393/1/2826 1394/1/2826
f 1394/1/2826 1377/1/2827 1382/1/2825
s 1046
f 1384/1/2828 1378/1/2828 1377/1/2828
f 1377/1/2828 1394/1/2828 1384/1/2828
s 845
f 1395/1/2829 1396/1/2830 1397/1/2831
f 1397/1/2831 1398/1/2832 1395/1/2829
s 846
f 1399/1/2833 1400/1/2834 1396/1/2835
f 1396/1/2835 1395/1/2836 1399/1/2833
s 845
f 1396/1/2830 1401/1/2837 1402/1/2838
f 1402/1/2838 1397/1/2831 1396/1/2830
s 846
f 1396/1/2835 1400/1/2834 1403/1/2839
f 1403/1/2839 1401/1/2840 1396/1/2835
s 1047
f 1398/1/2841 1404/1/2841 1405/1/2841
f 1405/1/2841 1406/1/2841 1398/1/2841
s 845
f 1398/1/2832 1406/1/2842 1407/1/2843
f 1407/1/2843 1395/1/2829 1398/1/2832
s 846
f 1399/1/2833 1395/1/2836 1407/1/2844
f 1407/1/2844 1408/1/2845 1399/1/2833
s 1048
f 1409/1/2440 1399/1/2440 1408/1/2846
f 1408/1/2846 1410/1/2440 1409/1/2440
s 1049
f 1400/1/2458 1399/1/2457 1409/1/2458
f 1409/1/2458 1411/1/2847 1400/1/2458
s 1050
f 1412/1/2456 1403/1/2456 1400/1/2456
f 1400/1/2456 1411/1/2456 1412/1/2456
s 1051
f 1390/1/2453 1388/1/2453 1403/1/2453
f 1403/1/2453 1412/1/2453 1390/1/2453
s 846
f 1387/1/2820 1401/1/2840 1403/1/2839
f 1403/1/2839 1388/1/2821 1387/1/2820
s 845
f 1387/1/2819 1386/1/2818 1402/1/2838
f 1402/1/2838 1401/1/2837 1387/1/2819
s 1052
f 1386/1/2848 1385/1/2452 1413/1/2849
f 1413/1/2849 1402/1/2452 1386/1/2848
s 1053
f 1402/1/2451 1413/1/2451 1414/1/2451
f 1414/1/2451 1397/1/2451 1402/1/2451
s 1054
f 1404/1/2450 1398/1/2450 1397/1/2450
f 1397/1/2450 1414/1/2450 1404/1/2450
s 845
f 1415/1/2850 1416/1/2851 1417/1/2852
f 1417/1/2852 1418/1/2853 1415/1/2850
s 846
f 1419/1/2854 1420/1/2855 1416/1/2856
f 1416/1/2856 1415/1/2857 1419/1/2854
s 845
f 1416/1/2851 1421/1/2858 1422/1/2859
f 1422/1/2859 1417/1/2852 1416/1/2851
s 846
f 1416/1/2856 1420/1/2855 1423/1/2860
f 1423/1/2860 1421/1/2861 1416/1/2856
s 1055
f 1418/1/2477 1424/1/2477 1425/1/2477
f 1425/1/2477 1426/1/2862 1418/1/2477
s 845
f 1418/1/2853 1426/1/2863 1427/1/2864
f 1427/1/2864 1415/1/2850 1418/1/2853
s 846
f 1419/1/2854 1415/1/2857 1427/1/2865
f 1427/1/2865 1428/1/2866 1419/1/2854
s 1056
f 1429/1/2471 1419/1/2471 1428/1/2472
f 1428/1/2472 1430/1/2472 1429/1/2471
s 1057
f 1420/1/2867 1419/1/2868 1429/1/2869
f 1429/1/2869 1431/1/2870 1420/1/2867
s 1058
f 1432/1/2871 1423/1/2484 1420/1/2871
f 1420/1/2871 1431/1/2872 1432/1/2871
s 1059
f 1410/1/2873 1408/1/2874 1423/1/2875
f 1423/1/2875 1432/1/2483 1410/1/2873
s 846
f 1407/1/2844 1421/1/2861 1423/1/2860
f 1423/1/2860 1408/1/2845 1407/1/2844
s 845
f 1407/1/2843 1406/1/2842 1422/1/2859
f 1422/1/2859 1421/1/2858 1407/1/2843
s 1060
f 1406/1/2482 1405/1/2482 1433/1/2482
f 1433/1/2482 1422/1/2482 1406/1/2482
s 1061
f 1422/1/2876 1433/1/2480 1434/1/2480
f 1434/1/2480 1417/1/2480 1422/1/2876
s 1062
f 1424/1/2877 1418/1/2877 1417/1/2877
f 1417/1/2877 1434/1/2877 1424/1/2877
s 845
f 1435/1/2878 1436/1/2879 1437/1/2880
f 1437/1/2880 1438/1/2881 1435/1/2878
s 846
f 1439/1/2882 1440/1/2883 1436/1/2884
f 1436/1/2884 1435/1/2885 1439/1/2882
s 845
f 1436/1/2879 1441/1/2886 1442/1/2887
f 1442/1/2887 1437/1/2880 1436/1/2879
s 846
f 1436/1/2884 1440/1/2883 1443/1/2888
f 1443/1/2888 1441/1/2889 1436/1/2884
s 1063
f 1438/1/2890 1444/1/2891 1445/1/2892
f 1445/1/2892 1446/1/2505 1438/1/2890
s 845
f 1438/1/2881 1446/1/2893 1447/1/2894
f 1447/1/2894 1435/1/2878 1438/1/2881
s 846
f 1439/1/2882 1435/1/2885 1447/1/2895
f 1447/1/2895 1448/1/2896 1439/1/2882
s 1064
f 1449/1/2897 1439/1/2897 1448/1/2897
f 1448/1/2897 1450/1/2897 1449/1/2897
s 1065
f 1440/1/2514 1439/1/2514 1449/1/2514
f 1449/1/2514 1451/1/2514 1440/1/2514
s 1066
f 1452/1/2898 1443/1/2513 1440/1/2898
f 1440/1/2898 1451/1/2898 1452/1/2898
s 1067
f 1430/1/2511 1428/1/2511 1443/1/2511
f 1443/1/2511 1452/1/2511 1430/1/2511
s 846
f 1427/1/2865 1441/1/2889 1443/1/2888
f 1443/1/2888 1428/1/2866 1427/1/2865
s 845
f 1427/1/2864 1426/1/2863 1442/1/2887
f 1442/1/2887 1441/1/2886 1427/1/2864
s 1068
f 1426/1/2510 1425/1/2510 1453/1/2510
f 1453/1/2510 1442/1/2510 1426/1/2510
s 1069
f 1442/1/2508 1453/1/2508 1454/1/2508
f 1454/1/2508 1437/1/2508 1442/1/2508
s 1070
f 1444/1/2506 1438/1/2506 1437/1/2506
f 1437/1/2506 1454/1/2506 1444/1/2506
s 845
f 1455/1/2899 1456/1/2900 1457/1/2901
f 1457/1/2901 1458/1/2902 1455/1/2899
s 846
f 1459/1/2903 1460/1/2904 1456/1/2905
f 1456/1/2905 1455/1/2906 1459/1/2903
s 845
f 1456/1/2900 1461/1/2907 1462/1/2908
f 1462/1/2908 1457/1/2901 1456/1/2900
s 846
f 1456/1/2905 1460/1/2904 1463/1/2909
f 1463/1/2909 1461/1/2910 1456/1/2905
s 1071
f 1458/1/2532 1464/1/2911 1465/1/2912
f 1465/1/2912 1466/1/2912 1458/1/2532
s 845
f 1458/1/2902 1466/1/2913 1467/1/2914
f 1467/1/2914 1455/1/2899 1458/1/2902
s 846
f 1459/1/2903 1455/1/2906 1467/1/2915
f 1467/1/2915 1468/1/2916 1459/1/2903
s 1072
f 1469/1/2527 1459/1/2527 1468/1/2527
f 1468/1/2527 1470/1/2527 1469/1/2527
s 1073
f 1460/1/2542 1459/1/2917 1469/1/2917
f 1469/1/2917 1471/1/2542 1460/1/2542
s 1074
f 1472/1/2918 1463/1/2918 1460/1/2918
f 1460/1/2918 1471/1/2918 1472/1/2918
s 1075
f 1450/1/2539 1448/1/2539 1463/1/2919
f 1463/1/2919 1472/1/2539 1450/1/2539
s 846
f 1447/1/2895 1461/1/2910 1463/1/2909
f 1463/1/2909 1448/1/2896 1447/1/2895
s 845
f 1447/1/2894 1446/1/2893 1462/1/2908
f 1462/1/2908 1461/1/2907 1447/1/2894
s 1076
f 1446/1/2538 1445/1/2538 1473/1/2538
f 1473/1/2538 1462/1/2538 1446/1/2538
s 1077
f 1462/1/2536 1473/1/2536 1474/1/2536
f 1474/1/2536 1457/1/2536 1462/1/2536
s 1078
f 1464/1/2533 1458/1/2533 1457/1/2533
f 1457/1/2533 1474/1/2533 1464/1/2533
s 845
f 1475/1/2920 1476/1/2921 1477/1/2922
f 1477/1/2922 1478/1/2923 1475/1/2920
s 846
f 1479/1/2924 1480/1/2925 1476/1/2926
f 1476/1/2926 1475/1/2927 1479/1/2924
s 845
f 1476/1/2921 1481/1/2928 1482/1/2929
f 1482/1/2929 1477/1/2922 1476/1/2921
s 846
f 1476/1/2926 1480/1/2925 1483/1/2930
f 1483/1/2930 1481/1/2931 1476/1/2926
s 1079
f 1478/1/2932 1484/1/2933 1485/1/2560
f 1485/1/2560 1486/1/2560 1478/1/2932
s 845
f 1478/1/2923 1486/1/2934 1487/1/2935
f 1487/1/2935 1475/1/2920 1478/1/2923
s 846
f 1479/1/2924 1475/1/2927 1487/1/2936
f 1487/1/2936 1488/1/2937 1479/1/2924
s 1080
f 1489/1/2555 1479/1/2555 1488/1/2555
f 1488/1/2555 1490/1/2555 1489/1/2555
s 1081
f 1480/1/2574 1479/1/2574 1489/1/2574
f 1489/1/2574 1491/1/2574 1480/1/2574
s 1082
f 1492/1/2938 1483/1/2939 1480/1/2571
f 1480/1/2571 1491/1/2571 1492/1/2938
s 1083
f 1470/1/2569 1468/1/2940 1483/1/2941
f 1483/1/2941 1492/1/2569 1470/1/2569
s 846
f 1467/1/2915 1481/1/2931 1483/1/2930
f 1483/1/2930 1468/1/2916 1467/1/2915
s 845
f 1467/1/2914 1466/1/2913 1482/1/2929
f 1482/1/2929 1481/1/2928 1467/1/2914
s 1084
f 1466/1/2942 1465/1/2568 1493/1/2942
f 1493/1/2942 1482/1/2943 1466/1/2942
s 1085
f 1482/1/2944 1493/1/2566 1494/1/2945
f 1494/1/2945 1477/1/2946 1482/1/2944
s 1086
f 1484/1/2947 1478/1/2563 1477/1/2947
f 1477/1/2947 1494/1/2948 1484/1/2947
s 845
f 1495/1/2949 1496/1/2950 1497/1/2951
f 1497/1/2951 1498/1/2952 1495/1/2949
s 846
f 1499/1/2953 1500/1/2954 1496/1/2955
f 1496/1/2955 1495/1/2956 1499/1/2953
s 845
f 1496/1/2950 1501/1/2957 1502/1/2958
f 1502/1/2958 1497/1/2951 1496/1/2950
s 846
f 1496/1/2955 1500/1/2954 1503/1/2959
f 1503/1/2959 1501/1/2960 1496/1/2955
s 1087
f 1498/1/2593 1504/1/2593 1505/1/2593
f 1505/1/2593 1506/1/2593 1498/1/2593
s 845
f 1498/1/2952 1506/1/2961 1507/1/2962
f 1507/1/2962 1495/1/2949 1498/1/2952
s 846
f 1499/1/2953 1495/1/2956 1507/1/2963
f 1507/1/2963 1508/1/2964 1499/1/2953
s 1088
f 1509/1/2588 1499/1/2588 1508/1/2588
f 1508/1/2588 1510/1/2587 1509/1/2588
s 1089
f 1500/1/2965 1499/1/2600 1509/1/2600
f 1509/1/2600 1511/1/2600 1500/1/2965
s 1090
f 1512/1/2966 1503/1/2966 1500/1/2967
f 1500/1/2967 1511/1/2966 1512/1/2966
s 1091
f 1490/1/2968 1488/1/2597 1503/1/2969
f 1503/1/2969 1512/1/2970 1490/1/2968
s 846
f 1487/1/2936 1501/1/2960 1503/1/2959
f 1503/1/2959 1488/1/2937 1487/1/2936
s 845
f 1487/1/2935 1486/1/2934 1502/1/2958
f 1502/1/2958 1501/1/2957 1487/1/2935
s 1092
f 1486/1/2596 1485/1/2596 1513/1/2596
f 1513/1/2596 1502/1/2596 1486/1/2596
s 1093
f 1502/1/2595 1513/1/2971 1514/1/2595
f 1514/1/2595 1497/1/2595 1502/1/2595
s 1094
f 1504/1/2972 1498/1/2972 1497/1/2972
f 1497/1/2972 1514/1/2972 1504/1/2972
s 845
f 1515/1/2973 1516/1/2974 1517/1/2975
f 1517/1/2975 1518/1/2976 1515/1/2973
s 846
f 1519/1/2977 1520/1/2978 1516/1/2979
f 1516/1/2979 1515/1/2980 1519/1/2977
s 845
f 1516/1/2974 1521/1/2981 1522/1/2982
f 1522/1/2982 1517/1/2975 1516/1/2974
s 846
f 1516/1/2979 1520/1/2978 1523/1/2983
f 1523/1/2983 1521/1/2984 1516/1/2979
s 1095
f 1518/1/2619 1524/1/2619 913/1/2619
f 913/1/2619 911/1/2619 1518/1/2619
s 845
f 1515/1/2973 1518/1/2976 911/1/2192
f 911/1/2192 910/1/2191 1515/1/2973
s 846
f 1515/1/2980 910/1/2190 908/1/2189
f 908/1/2189 1519/1/2977 1515/1/2980
s 1096
f 908/1/2985 909/1/2986 1525/1/2987
f 1525/1/2987 1519/1/2988 908/1/2985
s 1097
f 1520/1/2989 1519/1/2626 1525/1/2626
f 1525/1/2626 1526/1/2626 1520/1/2989
s 1098
f 1527/1/2625 1523/1/2625 1520/1/2990
f 1520/1/2990 1526/1/2625 1527/1/2625
s 1099
f 1510/1/2991 1508/1/2992 1523/1/2993
f 1523/1/2993 1527/1/2994 1510/1/2991
s 846
f 1507/1/2963 1521/1/2984 1523/1/2983
f 1523/1/2983 1508/1/2964 1507/1/2963
s 845
f 1507/1/2962 1506/1/2961 1522/1/2982
f 1522/1/2982 1521/1/2981 1507/1/2962
s 1100
f 1506/1/2623 1505/1/2623 1528/1/2623
f 1528/1/2623 1522/1/2623 1506/1/2623
s 1101
f 1522/1/2621 1528/1/2995 1529/1/2995
f 1529/1/2995 1517/1/2621 1522/1/2621
s 1102
f 1524/1/2996 1518/1/2997 1517/1/2996
f 1517/1/2996 1529/1/2620 1524/1/2996
s 835
f 1530/1/2998 1531/1/2999 1532/1/3000
f 1532/1/3000 1533/1/3001 1530/1/2998
f 1534/1/3002 1535/1/3003 1531/1/2999
f 1531/1/2999 1530/1/2998 1534/1/3002
s 836
f 1531/1/3004 1536/1/3005 1537/1/3006
f 1537/1/3006 1532/1/3007 1531/1/3004
f 1531/1/3004 1535/1/3008 1538/1/3009
f 1538/1/3009 1536/1/3005 1531/1/3004
s 1103
f 1539/1/3010 1533/1/3011 1540/1/3010
f 1540/1/3010 1541/1/3010 1539/1/3010
s 1104
f 1542/1/3012 1530/1/3013 1533/1/3014
f 1533/1/3014 1539/1/3015 1542/1/3012
s 1105
f 1530/1/3016 1542/1/3016 1543/1/3016
f 1543/1/3016 1534/1/3016 1530/1/3016
s 1106
f 874/1/3017 1534/1/3017 1543/1/3017
f 1543/1/3017 875/1/3017 874/1/3017
s 835
f 874/1/2165 889/1/2166 1535/1/3003
f 1535/1/3003 1534/1/3002 874/1/2165
s 836
f 888/1/2163 1538/1/3009 1535/1/3008
f 1535/1/3008 889/1/2164 888/1/2163
s 1107
f 1538/1/3018 888/1/3019 887/1/3018
f 887/1/3018 1544/1/3020 1538/1/3018
s 1108
f 1544/1/3021 1545/1/3021 1536/1/3021
f 1536/1/3021 1538/1/3021 1544/1/3021
s 1109
f 1536/1/3022 1545/1/3023 1546/1/3022
f 1546/1/3022 1537/1/3022 1536/1/3022
s 1110
f 1546/1/3024 1547/1/3025 1548/1/3024
f 1548/1/3024 1537/1/3026 1546/1/3024
s 836
f 1537/1/3006 1548/1/3027 1549/1/3028
f 1549/1/3028 1532/1/3007 1537/1/3006
s 835
f 1533/1/3001 1532/1/3000 1549/1/3029
f 1549/1/3029 1540/1/3030 1533/1/3001
f 1550/1/3031 1551/1/3032 1552/1/3033
f 1552/1/3033 1553/1/3034 1550/1/3031
f 1554/1/3035 1555/1/3036 1551/1/3032
f 1551/1/3032 1550/1/3031 1554/1/3035
s 836
f 1551/1/3037 1556/1/3038 1557/1/3039
f 1557/1/3039 1552/1/3040 1551/1/3037
f 1551/1/3037 1555/1/3041 1558/1/3042
f 1558/1/3042 1556/1/3038 1551/1/3037
s 1111
f 1559/1/3043 1560/1/3043 1561/1/3043
f 1561/1/3043 1553/1/3043 1559/1/3043
s 1112
f 1561/1/3044 1562/1/3044 1550/1/3044
f 1550/1/3044 1553/1/3045 1561/1/3044
s 1113
f 1550/1/3046 1562/1/3047 1563/1/3047
f 1563/1/3047 1554/1/3046 1550/1/3046
s 1114
f 1540/1/3048 1554/1/3048 1563/1/3048
f 1563/1/3048 1541/1/3048 1540/1/3048
s 835
f 1554/1/3035 1540/1/3030 1549/1/3029
f 1549/1/3029 1555/1/3036 1554/1/3035
s 836
f 1548/1/3027 1558/1/3042 1555/1/3041
f 1555/1/3041 1549/1/3028 1548/1/3027
s 1115
f 1558/1/3049 1548/1/3049 1547/1/3049
f 1547/1/3049 1564/1/3049 1558/1/3049
s 1116
f 1564/1/3050 1565/1/3050 1556/1/3050
f 1556/1/3050 1558/1/3050 1564/1/3050
s 1117
f 1566/1/3051 1557/1/3051 1556/1/3052
f 1556/1/3052 1565/1/3051 1566/1/3051
s 1118
f 1566/1/3053 1567/1/3053 1568/1/3053
f 1568/1/3053 1557/1/3053 1566/1/3053
s 836
f 1552/1/3040 1557/1/3039 1568/1/3054
f 1568/1/3054 1569/1/3055 1552/1/3040
s 835
f 1569/1/3056 1559/1/3057 1553/1/3034
f 1553/1/3034 1552/1/3033 1569/1/3056
f 1570/1/3058 1571/1/3059 1572/1/3060
f 1572/1/3060 1573/1/3061 1570/1/3058
f 1574/1/3062 1575/1/3063 1571/1/3059
f 1571/1/3059 1570/1/3058 1574/1/3062
s 836
f 1571/1/3064 1576/1/3065 1577/1/3066
f 1577/1/3066 1572/1/3067 1571/1/3064
f 1571/1/3064 1575/1/3068 1578/1/3069
f 1578/1/3069 1576/1/3065 1571/1/3064
s 1119
f 1579/1/3070 1580/1/3070 1581/1/3070
f 1581/1/3070 1573/1/3070 1579/1/3070
s 1120
f 1570/1/3071 1573/1/3071 1581/1/3071
f 1581/1/3071 1582/1/3071 1570/1/3071
s 1121
f 1570/1/3072 1582/1/3072 1583/1/3072
f 1583/1/3072 1574/1/3072 1570/1/3072
s 1122
f 1559/1/3073 1574/1/3073 1583/1/3074
f 1583/1/3074 1560/1/3075 1559/1/3073
s 835
f 1574/1/3062 1559/1/3057 1569/1/3056
f 1569/1/3056 1575/1/3063 1574/1/3062
s 836
f 1568/1/3054 1578/1/3069 1575/1/3068
f 1575/1/3068 1569/1/3055 1568/1/3054
s 1123
f 1578/1/3076 1568/1/3076 1567/1/3076
f 1567/1/3076 1584/1/3076 1578/1/3076
s 1124
f 1584/1/3077 1585/1/3078 1576/1/3078
f 1576/1/3078 1578/1/3079 1584/1/3077
s 1125
f 1585/1/3080 1586/1/3080 1577/1/3080
f 1577/1/3080 1576/1/3081 1585/1/3080
s 1126
f 1586/1/3082 1587/1/3083 1588/1/3082
f 1588/1/3082 1577/1/3084 1586/1/3082
s 836
f 1577/1/3066 1588/1/3085 1589/1/3086
f 1589/1/3086 1572/1/3067 1577/1/3066
s 835
f 1572/1/3060 1589/1/3087 1579/1/3088
f 1579/1/3088 1573/1/3061 1572/1/3060
f 1590/1/3089 1591/1/3090 1592/1/3091
f 1592/1/3091 1593/1/3092 1590/1/3089
f 1594/1/3093 1595/1/3094 1591/1/3090
f 1591/1/3090 1590/1/3089 1594/1/3093
s 836
f 1591/1/3095 1596/1/3096 1597/1/3097
f 1597/1/3097 1592/1/3098 1591/1/3095
f 1591/1/3095 1595/1/3099 1598/1/3100
f 1598/1/3100 1596/1/3096 1591/1/3095
s 1127
f 1599/1/3101 1600/1/3101 1601/1/3101
f 1601/1/3101 1593/1/3101 1599/1/3101
s 1128
f 1590/1/3102 1593/1/3103 1601/1/3102
f 1601/1/3102 1602/1/3103 1590/1/3102
s 1129
f 1590/1/3104 1602/1/3104 1603/1/3104
f 1603/1/3104 1594/1/3105 1590/1/3104
s 1130
f 1579/1/3106 1594/1/3106 1603/1/3106
f 1603/1/3106 1580/1/3107 1579/1/3106
s 835
f 1594/1/3093 1579/1/3088 1589/1/3087
f 1589/1/3087 1595/1/3094 1594/1/3093
s 836
f 1595/1/3099 1589/1/3086 1588/1/3085
f 1588/1/3085 1598/1/3100 1595/1/3099
s 1131
f 1598/1/3108 1588/1/3109 1587/1/3110
f 1587/1/3110 1604/1/3111 1598/1/3108
s 1132
f 1604/1/3112 1605/1/3113 1596/1/3112
f 1596/1/3112 1598/1/3112 1604/1/3112
s 1133
f 1605/1/3114 1606/1/3114 1597/1/3114
f 1597/1/3114 1596/1/3114 1605/1/3114
s 1134
f 1606/1/3115 1607/1/3116 1608/1/3115
f 1608/1/3115 1597/1/3117 1606/1/3115
s 836
f 1592/1/3098 1597/1/3097 1608/1/3118
f 1608/1/3118 1609/1/3119 1592/1/3098
s 835
f 1592/1/3091 1609/1/3120 1599/1/3121
f 1599/1/3121 1593/1/3092 1592/1/3091
f 1610/1/3122 1611/1/3123 1612/1/3124
f 1612/1/3124 1613/1/3125 1610/1/3122
f 1614/1/3126 1615/1/3127 1611/1/3123
f 1611/1/3123 1610/1/3122 1614/1/3126
s 836
f 1611/1/3128 1616/1/3129 1617/1/3130
f 1617/1/3130 1612/1/3131 1611/1/3128
f 1611/1/3128 1615/1/3132 1618/1/3133
f 1618/1/3133 1616/1/3129 1611/1/3128
s 1135
f 1619/1/3134 1620/1/3135 1621/1/3136
f 1621/1/3136 1613/1/3135 1619/1/3134
s 1136
f 1610/1/3137 1613/1/3137 1621/1/3137
f 1621/1/3137 1622/1/3137 1610/1/3137
s 1137
f 1610/1/3138 1622/1/3139 1623/1/3140
f 1623/1/3140 1614/1/3138 1610/1/3138
s 1138
f 1599/1/3141 1614/1/3142 1623/1/3141
f 1623/1/3141 1600/1/3142 1599/1/3141
s 835
f 1614/1/3126 1599/1/3121 1609/1/3120
f 1609/1/3120 1615/1/3127 1614/1/3126
s 836
f 1608/1/3118 1618/1/3133 1615/1/3132
f 1615/1/3132 1609/1/3119 1608/1/3118
s 1139
f 1618/1/3143 1608/1/3143 1607/1/3143
f 1607/1/3143 1624/1/3144 1618/1/3143
s 1140
f 1624/1/3145 1625/1/3146 1616/1/3145
f 1616/1/3145 1618/1/3145 1624/1/3145
s 1141
f 1625/1/3147 1626/1/3147 1617/1/3147
f 1617/1/3147 1616/1/3147 1625/1/3147
s 1142
f 1626/1/3148 1627/1/3149 1628/1/3149
f 1628/1/3149 1617/1/3149 1626/1/3148
s 836
f 1612/1/3131 1617/1/3130 1628/1/3150
f 1628/1/3150 1629/1/3151 1612/1/3131
s 835
f 1612/1/3124 1629/1/3152 1619/1/3153
f 1619/1/3153 1613/1/3125 1612/1/3124
f 1630/1/3154 1631/1/3155 1632/1/3156
f 1632/1/3156 1633/1/3157 1630/1/3154
f 1634/1/3158 1635/1/3159 1631/1/3155
f 1631/1/3155 1630/1/3154 1634/1/3158
s 836
f 1631/1/3160 1636/1/3161 1637/1/3162
f 1637/1/3162 1632/1/3163 1631/1/3160
f 1631/1/3160 1635/1/3164 1638/1/3165
f 1638/1/3165 1636/1/3161 1631/1/3160
s 1143
f 1639/1/3166 1640/1/3167 1641/1/3168
f 1641/1/3168 1633/1/3169 1639/1/3166
s 1144
f 1630/1/3170 1633/1/3170 1641/1/3170
f 1641/1/3170 1642/1/3170 1630/1/3170
s 1145
f 1630/1/3171 1642/1/3171 1643/1/3172
f 1643/1/3172 1634/1/3171 1630/1/3171
s 1146
f 1619/1/3173 1634/1/3174 1643/1/3173
f 1643/1/3173 1620/1/3175 1619/1/3173
s 835
f 1634/1/3158 1619/1/3153 1629/1/3152
f 1629/1/3152 1635/1/3159 1634/1/3158
s 836
f 1628/1/3150 1638/1/3165 1635/1/3164
f 1635/1/3164 1629/1/3151 1628/1/3150
s 1147
f 1638/1/3176 1628/1/3176 1627/1/3176
f 1627/1/3176 1644/1/3176 1638/1/3176
s 1148
f 1644/1/3177 1645/1/3177 1636/1/3177
f 1636/1/3177 1638/1/3177 1644/1/3177
s 1149
f 1645/1/3178 1646/1/3178 1637/1/3179
f 1637/1/3179 1636/1/3179 1645/1/3178
s 1150
f 1646/1/3180 1647/1/3181 1648/1/3182
f 1648/1/3182 1637/1/3183 1646/1/3180
s 836
f 1632/1/3163 1637/1/3162 1648/1/3184
f 1648/1/3184 1649/1/3185 1632/1/3163
s 835
f 1632/1/3156 1649/1/3186 1639/1/3187
f 1639/1/3187 1633/1/3157 1632/1/3156
f 1650/1/3188 1651/1/3189 1652/1/3190
f 1652/1/3190 1653/1/3191 1650/1/3188
f 1654/1/3192 1655/1/3193 1651/1/3189
f 1651/1/3189 1650/1/3188 1654/1/3192
s 836
f 1651/1/3194 1656/1/3195 1657/1/3196
f 1657/1/3196 1652/1/3197 1651/1/3194
f 1651/1/3194 1655/1/3198 1658/1/3199
f 1658/1/3199 1656/1/3195 1651/1/3194
s 1151
f 1659/1/3200 1660/1/3200 1661/1/3200
f 1661/1/3200 1653/1/3200 1659/1/3200
s 1152
f 1650/1/3201 1653/1/3201 1661/1/3201
f 1661/1/3201 1662/1/3201 1650/1/3201
s 1153
f 1650/1/3202 1662/1/3202 1663/1/3202
f 1663/1/3202 1654/1/3202 1650/1/3202
s 1154
f 1639/1/3203 1654/1/3203 1663/1/3203
f 1663/1/3203 1640/1/3203 1639/1/3203
s 835
f 1654/1/3192 1639/1/3187 1649/1/3186
f 1649/1/3186 1655/1/3193 1654/1/3192
s 836
f 1648/1/3184 1658/1/3199 1655/1/3198
f 1655/1/3198 1649/1/3185 1648/1/3184
s 1155
f 1658/1/3204 1648/1/3205 1647/1/3204
f 1647/1/3204 1664/1/3206 1658/1/3204
s 1156
f 1664/1/3207 1665/1/3207 1656/1/3207
f 1656/1/3207 1658/1/3207 1664/1/3207
s 1157
f 1665/1/3208 1666/1/3208 1657/1/3208
f 1657/1/3208 1656/1/3208 1665/1/3208
s 1158
f 1666/1/3209 1667/1/3209 1668/1/3209
f 1668/1/3209 1657/1/3209 1666/1/3209
s 836
f 1652/1/3197 1657/1/3196 1668/1/3210
f 1668/1/3210 1669/1/3211 1652/1/3197
s 835
f 1652/1/3190 1669/1/3212 1659/1/3213
f 1659/1/3213 1653/1/3191 1652/1/3190
f 1670/1/3214 1671/1/3215 1672/1/3216
f 1672/1/3216 1673/1/3217 1670/1/3214
f 1674/1/3218 1675/1/3219 1671/1/3215
f 1671/1/3215 1670/1/3214 1674/1/3218
s 836
f 1671/1/3220 1676/1/3221 1677/1/3222
f 1677/1/3222 1672/1/3223 1671/1/3220
f 1671/1/3220 1675/1/3224 1678/1/3225
f 1678/1/3225 1676/1/3221 1671/1/3220
s 1159
f 1679/1/3226 1680/1/3227 1681/1/3226
f 1681/1/3226 1673/1/3228 1679/1/3226
s 1160
f 1670/1/3229 1673/1/3229 1681/1/3229
f 1681/1/3229 1682/1/3229 1670/1/3229
s 1161
f 1670/1/3230 1682/1/3230 1683/1/3230
f 1683/1/3230 1674/1/3230 1670/1/3230
s 1162
f 1659/1/3231 1674/1/3231 1683/1/3231
f 1683/1/3231 1660/1/3231 1659/1/3231
s 835
f 1674/1/3218 1659/1/3213 1669/1/3212
f 1669/1/3212 1675/1/3219 1674/1/3218
s 836
f 1668/1/3210 1678/1/3225 1675/1/3224
f 1675/1/3224 1669/1/3211 1668/1/3210
s 1163
f 1684/1/3232 1678/1/3233 1668/1/3234
f 1668/1/3234 1667/1/3235 1684/1/3232
s 1164
f 1684/1/3236 1685/1/3236 1676/1/3236
f 1676/1/3236 1678/1/3236 1684/1/3236
s 1165
f 1685/1/3237 1686/1/3237 1677/1/3237
f 1677/1/3237 1676/1/3237 1685/1/3237
s 1166
f 1686/1/3238 1687/1/3239 1688/1/3240
f 1688/1/3240 1677/1/3241 1686/1/3238
s 836
f 1672/1/3223 1677/1/3222 1688/1/3242
f 1688/1/3242 1689/1/3243 1672/1/3223
s 835
f 1672/1/3216 1689/1/3244 1679/1/3245
f 1679/1/3245 1673/1/3217 1672/1/3216
f 1690/1/3246 1691/1/3247 1692/1/3248
f 1692/1/3248 1693/1/3249 1690/1/3246
f 1694/1/3250 1695/1/3251 1691/1/3247
f 1691/1/3247 1690/1/3246 1694/1/3250
s 836
f 1691/1/3252 1696/1/3253 1697/1/3254
f 1697/1/3254 1692/1/3255 1691/1/3252
f 1691/1/3252 1695/1/3256 1698/1/3257
f 1698/1/3257 1696/1/3253 1691/1/3252
s 1167
f 1699/1/3258 1700/1/3259 1701/1/3258
f 1701/1/3258 1693/1/3260 1699/1/3258
s 1168
f 1690/1/3261 1693/1/3261 1701/1/3262
f 1701/1/3262 1702/1/3261 1690/1/3261
s 1169
f 1690/1/3263 1702/1/3263 1703/1/3263
f 1703/1/3263 1694/1/3263 1690/1/3263
s 1170
f 1679/1/3264 1694/1/3265 1703/1/3266
f 1703/1/3266 1680/1/3266 1679/1/3264
s 835
f 1694/1/3250 1679/1/3245 1689/1/3244
f 1689/1/3244 1695/1/3251 1694/1/3250
s 836
f 1688/1/3242 1698/1/3257 1695/1/3256
f 1695/1/3256 1689/1/3243 1688/1/3242
s 1171
f 1698/1/3267 1688/1/3268 1687/1/3269
f 1687/1/3269 1704/1/3268 1698/1/3267
s 1172
f 1704/1/3270 1705/1/3271 1696/1/3270
f 1696/1/3270 1698/1/3272 1704/1/3270
s 1173
f 1705/1/3273 1706/1/3273 1697/1/3273
f 1697/1/3273 1696/1/3273 1705/1/3273
s 1174
f 1706/1/3274 1707/1/3274 1708/1/3274
f 1708/1/3274 1697/1/3274 1706/1/3274
s 836
f 1692/1/3255 1697/1/3254 1708/1/3275
f 1708/1/3275 1709/1/3276 1692/1/3255
s 835
f 1692/1/3248 1709/1/3277 1699/1/3278
f 1699/1/3278 1693/1/3249 1692/1/3248
f 1710/1/3279 1711/1/3280 1712/1/3281
f 1712/1/3281 1713/1/3282 1710/1/3279
f 1714/1/3283 1715/1/3284 1711/1/3280
f 1711/1/3280 1710/1/3279 1714/1/3283
s 836
f 1711/1/3285 1716/1/3286 1717/1/3287
f 1717/1/3287 1712/1/3288 1711/1/3285
f 1711/1/3285 1715/1/3289 1718/1/3290
f 1718/1/3290 1716/1/3286 1711/1/3285
s 1175
f 1719/1/3291 1720/1/3291 1721/1/3292
f 1721/1/3292 1713/1/3291 1719/1/3291
s 1176
f 1710/1/3293 1713/1/3293 1721/1/3294
f 1721/1/3294 1722/1/3293 1710/1/3293
s 1177
f 1710/1/3295 1722/1/3295 1723/1/3296
f 1723/1/3296 1714/1/3297 1710/1/3295
s 1178
f 1699/1/3298 1714/1/3298 1723/1/3298
f 1723/1/3298 1700/1/3298 1699/1/3298
s 835
f 1714/1/3283 1699/1/3278 1709/1/3277
f 1709/1/3277 1715/1/3284 1714/1/3283
s 836
f 1708/1/3275 1718/1/3290 1715/1/3289
f 1715/1/3289 1709/1/3276 1708/1/3275
s 1179
f 1718/1/3299 1708/1/3299 1707/1/3299
f 1707/1/3299 1724/1/3299 1718/1/3299
s 1180
f 1724/1/3300 1725/1/3301 1716/1/3300
f 1716/1/3300 1718/1/3300 1724/1/3300
s 1181
f 1725/1/3302 1726/1/3303 1717/1/3304
f 1717/1/3304 1716/1/3302 1725/1/3302
s 1182
f 1726/1/3305 1727/1/3306 1728/1/3306
f 1728/1/3306 1717/1/3306 1726/1/3305
s 836
f 1712/1/3288 1717/1/3287 1728/1/3307
f 1728/1/3307 1729/1/3308 1712/1/3288
s 835
f 1712/1/3281 1729/1/3309 1719/1/3310
f 1719/1/3310 1713/1/3282 1712/1/3281
f 1730/1/3311 1731/1/3312 1732/1/3313
f 1732/1/3313 1733/1/3314 1730/1/3311
f 1734/1/3315 1735/1/3316 1731/1/3312
f 1731/1/3312 1730/1/3311 1734/1/3315
s 836
f 1731/1/3317 1736/1/3318 1737/1/3319
f 1737/1/3319 1732/1/3320 1731/1/3317
f 1731/1/3317 1735/1/3321 1738/1/3322
f 1738/1/3322 1736/1/3318 1731/1/3317
s 1183
f 1739/1/3323 1740/1/3323 1741/1/3323
f 1741/1/3323 1733/1/3323 1739/1/3323
s 1184
f 1730/1/3324 1733/1/3325 1741/1/3325
f 1741/1/3325 1742/1/3325 1730/1/3324
s 1185
f 1730/1/3326 1742/1/3327 1743/1/3328
f 1743/1/3328 1734/1/3327 1730/1/3326
s 1186
f 1719/1/3329 1734/1/3329 1743/1/3329
f 1743/1/3329 1720/1/3329 1719/1/3329
s 835
f 1734/1/3315 1719/1/3310 1729/1/3309
f 1729/1/3309 1735/1/3316 1734/1/3315
s 836
f 1728/1/3307 1738/1/3322 1735/1/3321
f 1735/1/3321 1729/1/3308 1728/1/3307
s 1187
f 1738/1/3330 1728/1/3330 1727/1/3330
f 1727/1/3330 1744/1/3330 1738/1/3330
s 1188
f 1744/1/3331 1745/1/3331 1736/1/3331
f 1736/1/3331 1738/1/3331 1744/1/3331
s 1189
f 1745/1/3332 1746/1/3332 1737/1/3332
f 1737/1/3332 1736/1/3332 1745/1/3332
s 1190
f 1746/1/3333 1747/1/3333 1748/1/3333
f 1748/1/3333 1737/1/3333 1746/1/3333
s 836
f 1732/1/3320 1737/1/3319 1748/1/3334
f 1748/1/3334 1749/1/3335 1732/1/3320
s 835
f 1732/1/3313 1749/1/3336 1739/1/3337
f 1739/1/3337 1733/1/3314 1732/1/3313
f 1750/1/3338 1751/1/3339 1752/1/3340
f 1752/1/3340 1753/1/3341 1750/1/3338
f 1754/1/3342 1755/1/3343 1751/1/3339
f 1751/1/3339 1750/1/3338 1754/1/3342
s 836
f 1751/1/3344 1756/1/3345 1757/1/3346
f 1757/1/3346 1752/1/3347 1751/1/3344
f 1751/1/3344 1755/1/3348 1758/1/3349
f 1758/1/3349 1756/1/3345 1751/1/3344
s 1191
f 1759/1/3350 1760/1/3350 1761/1/3350
f 1761/1/3350 1753/1/3351 1759/1/3350
s 1192
f 1750/1/3352 1753/1/3352 1761/1/3352
f 1761/1/3352 1762/1/3352 1750/1/3352
s 1193
f 1750/1/3353 1762/1/3353 1763/1/3353
f 1763/1/3353 1754/1/3353 1750/1/3353
s 1194
f 1739/1/3354 1754/1/3354 1763/1/3354
f 1763/1/3354 1740/1/3354 1739/1/3354
s 835
f 1754/1/3342 1739/1/3337 1749/1/3336
f 1749/1/3336 1755/1/3343 1754/1/3342
s 836
f 1748/1/3334 1758/1/3349 1755/1/3348
f 1755/1/3348 1749/1/3335 1748/1/3334
s 1195
f 1758/1/3355 1748/1/3356 1747/1/3356
f 1747/1/3356 1764/1/3356 1758/1/3355
s 1196
f 1764/1/3357 1765/1/3358 1756/1/3359
f 1756/1/3359 1758/1/3360 1764/1/3357
s 1197
f 1765/1/3361 1766/1/3362 1757/1/3362
f 1757/1/3362 1756/1/3362 1765/1/3361
s 1198
f 1766/1/3363 1767/1/3363 1768/1/3363
f 1768/1/3363 1757/1/3363 1766/1/3363
s 836
f 1752/1/3347 1757/1/3346 1768/1/3364
f 1768/1/3364 1769/1/3365 1752/1/3347
s 835
f 1752/1/3340 1769/1/3366 1759/1/3367
f 1759/1/3367 1753/1/3341 1752/1/3340
f 1770/1/3368 1771/1/3369 1772/1/3370
f 1772/1/3370 1773/1/3371 1770/1/3368
f 1774/1/3372 1775/1/3373 1771/1/3369
f 1771/1/3369 1770/1/3368 1774/1/3372
s 836
f 1771/1/3374 1776/1/3375 1777/1/3376
f 1777/1/3376 1772/1/3377 1771/1/3374
f 1771/1/3374 1775/1/3378 1778/1/3379
f 1778/1/3379 1776/1/3375 1771/1/3374
s 1199
f 1779/1/3380 1780/1/3380 1781/1/3380
f 1781/1/3380 1773/1/3380 1779/1/3380
s 1200
f 1770/1/3381 1773/1/3382 1781/1/3381
f 1781/1/3381 1782/1/3381 1770/1/3381
s 1201
f 1770/1/3383 1782/1/3383 1783/1/3383
f 1783/1/3383 1774/1/3384 1770/1/3383
s 1202
f 1759/1/3385 1774/1/3385 1783/1/3385
f 1783/1/3385 1760/1/3385 1759/1/3385
s 835
f 1774/1/3372 1759/1/3367 1769/1/3366
f 1769/1/3366 1775/1/3373 1774/1/3372
s 836
f 1768/1/3364 1778/1/3379 1775/1/3378
f 1775/1/3378 1769/1/3365 1768/1/3364
s 1203
f 1778/1/3386 1768/1/3386 1767/1/3386
f 1767/1/3386 1784/1/3386 1778/1/3386
s 1204
f 1784/1/3387 1785/1/3387 1776/1/3387
f 1776/1/3387 1778/1/3387 1784/1/3387
s 1205
f 1785/1/3388 1786/1/3388 1777/1/3388
f 1777/1/3388 1776/1/3388 1785/1/3388
s 1206
f 1786/1/3389 1787/1/3390 1788/1/3390
f 1788/1/3390 1777/1/3390 1786/1/3389
s 836
f 1772/1/3377 1777/1/3376 1788/1/3391
f 1788/1/3391 1789/1/3392 1772/1/3377
s 835
f 1772/1/3370 1789/1/3393 1779/1/3394
f 1779/1/3394 1773/1/3371 1772/1/3370
f 1790/1/3395 1791/1/3396 1792/1/3397
f 1792/1/3397 1793/1/3398 1790/1/3395
f 1794/1/3399 1795/1/3400 1791/1/3396
f 1791/1/3396 1790/1/3395 1794/1/3399
s 836
f 1791/1/3401 1796/1/3402 1797/1/3403
f 1797/1/3403 1792/1/3404 1791/1/3401
f 1791/1/3401 1795/1/3405 1798/1/3406
f 1798/1/3406 1796/1/3402 1791/1/3401
s 1207
f 1799/1/3407 1800/1/3407 1801/1/3407
f 1801/1/3407 1793/1/3407 1799/1/3407
s 1208
f 1790/1/3408 1793/1/3408 1801/1/3409
f 1801/1/3409 1802/1/3410 1790/1/3408
s 1209
f 1790/1/3411 1802/1/3411 1803/1/3412
f 1803/1/3412 1794/1/3411 1790/1/3411
s 1210
f 1779/1/3413 1794/1/3414 1803/1/3413
f 1803/1/3413 1780/1/3413 1779/1/3413
s 835
f 1794/1/3399 1779/1/3394 1789/1/3393
f 1789/1/3393 1795/1/3400 1794/1/3399
s 836
f 1788/1/3391 1798/1/3406 1795/1/3405
f 1795/1/3405 1789/1/3392 1788/1/3391
s 1211
f 1798/1/3415 1788/1/3416 1787/1/3417
f 1787/1/3417 1804/1/3416 1798/1/3415
s 1212
f 1804/1/3418 1805/1/3419 1796/1/3418
f 1796/1/3418 1798/1/3418 1804/1/3418
s 1213
f 1805/1/3420 1806/1/3420 1797/1/3420
f 1797/1/3420 1796/1/3420 1805/1/3420
s 1214
f 1806/1/3421 1807/1/3421 1808/1/3421
f 1808/1/3421 1797/1/3421 1806/1/3421
s 836
f 1792/1/3404 1797/1/3403 1808/1/3422
f 1808/1/3422 1809/1/3423 1792/1/3404
s 835
f 1792/1/3397 1809/1/3424 1799/1/3425
f 1799/1/3425 1793/1/3398 1792/1/3397
f 1810/1/3426 1811/1/3427 1812/1/3428
f 1812/1/3428 1813/1/3429 1810/1/3426
f 1814/1/3430 1815/1/3431 1811/1/3427
f 1811/1/3427 1810/1/3426 1814/1/3430
s 836
f 1811/1/3432 1816/1/3433 1817/1/3434
f 1817/1/3434 1812/1/3435 1811/1/3432
f 1811/1/3432 1815/1/3436 1818/1/3437
f 1818/1/3437 1816/1/3433 1811/1/3432
s 1215
f 1819/1/3438 1820/1/3438 1821/1/3438
f 1821/1/3438 1813/1/3438 1819/1/3438
s 1216
f 1810/1/3439 1813/1/3439 1821/1/3439
f 1821/1/3439 1822/1/3439 1810/1/3439
s 1217
f 1810/1/3440 1822/1/3441 1823/1/3441
f 1823/1/3441 1814/1/3442 1810/1/3440
s 1218
f 1799/1/3443 1814/1/3444 1823/1/3444
f 1823/1/3444 1800/1/3443 1799/1/3443
s 835
f 1814/1/3430 1799/1/3425 1809/1/3424
f 1809/1/3424 1815/1/3431 1814/1/3430
s 836
f 1808/1/3422 1818/1/3437 1815/1/3436
f 1815/1/3436 1809/1/3423 1808/1/3422
s 1219
f 1818/1/3445 1808/1/3446 1807/1/3447
f 1807/1/3447 1824/1/3448 1818/1/3445
s 1220
f 1824/1/3449 1825/1/3450 1816/1/3449
f 1816/1/3449 1818/1/3449 1824/1/3449
s 1221
f 1825/1/3451 1826/1/3451 1817/1/3451
f 1817/1/3451 1816/1/3451 1825/1/3451
s 1222
f 1826/1/3452 1827/1/3453 1828/1/3452
f 1828/1/3452 1817/1/3452 1826/1/3452
s 836
f 1812/1/3435 1817/1/3434 1828/1/3454
f 1828/1/3454 1829/1/3455 1812/1/3435
s 835
f 1812/1/3428 1829/1/3456 1819/1/3457
f 1819/1/3457 1813/1/3429 1812/1/3428
f 1830/1/3458 1831/1/3459 1832/1/3460
f 1832/1/3460 1833/1/3461 1830/1/3458
f 1834/1/3462 1835/1/3463 1831/1/3459
f 1831/1/3459 1830/1/3458 1834/1/3462
s 836
f 1831/1/3464 1836/1/3465 1837/1/3466
f 1837/1/3466 1832/1/3467 1831/1/3464
f 1831/1/3464 1835/1/3468 1838/1/3469
f 1838/1/3469 1836/1/3465 1831/1/3464
s 1223
f 1839/1/3470 1840/1/3470 1841/1/3470
f 1841/1/3470 1833/1/3470 1839/1/3470
s 1224
f 1830/1/2157 1833/1/3471 1841/1/3472
f 1841/1/3472 1842/1/3471 1830/1/2157
s 1225
f 1830/1/2156 1842/1/2156 1843/1/3473
f 1843/1/3473 1834/1/2156 1830/1/2156
s 1226
f 1819/1/2153 1834/1/2153 1843/1/2153
f 1843/1/2153 1820/1/2153 1819/1/2153
s 835
f 1834/1/3462 1819/1/3457 1829/1/3456
f 1829/1/3456 1835/1/3463 1834/1/3462
s 836
f 1828/1/3454 1838/1/3469 1835/1/3468
f 1835/1/3468 1829/1/3455 1828/1/3454
s 1227
f 1838/1/3474 1828/1/3475 1827/1/3474
f 1827/1/3474 1844/1/2148 1838/1/3474
s 1228
f 1844/1/2147 1845/1/2147 1836/1/2147
f 1836/1/2147 1838/1/2147 1844/1/2147
s 1229
f 1845/1/3476 1846/1/2146 1837/1/2146
f 1837/1/2146 1836/1/2146 1845/1/3476
s 1230
f 1846/1/2145 1847/1/2145 1848/1/2145
f 1848/1/2145 1837/1/2145 1846/1/2145
s 836
f 1832/1/3467 1837/1/3466 1848/1/3477
f 1848/1/3477 1849/1/3478 1832/1/3467
s 835
f 1832/1/3460 1849/1/3479 1839/1/3480
f 1839/1/3480 1833/1/3461 1832/1/3460
f 1850/1/3481 1851/1/3482 1852/1/3483
f 1852/1/3483 1853/1/3484 1850/1/3481
f 1854/1/3485 1855/1/3486 1851/1/3482
f 1851/1/3482 1850/1/3481 1854/1/3485
s 836
f 1851/1/3487 1856/1/3488 1857/1/3489
f 1857/1/3489 1852/1/3490 1851/1/3487
f 1851/1/3487 1855/1/3491 1858/1/3492
f 1858/1/3492 1856/1/3488 1851/1/3487
s 1231
f 1859/1/3026 1860/1/3026 1861/1/3493
f 1861/1/3493 1853/1/3026 1859/1/3026
s 1232
f 1850/1/3023 1853/1/3022 1861/1/3022
f 1861/1/3022 1862/1/3023 1850/1/3023
s 1233
f 1850/1/3021 1862/1/3021 1863/1/3021
f 1863/1/3021 1854/1/3021 1850/1/3021
s 1234
f 1839/1/3494 1854/1/3494 1863/1/3494
f 1863/1/3494 1840/1/3494 1839/1/3494
s 835
f 1854/1/3485 1839/1/3480 1849/1/3479
f 1849/1/3479 1855/1/3486 1854/1/3485
s 836
f 1848/1/3477 1858/1/3492 1855/1/3491
f 1855/1/3491 1849/1/3478 1848/1/3477
s 1235
f 1858/1/3017 1848/1/3017 1847/1/3017
f 1847/1/3017 1864/1/3495 1858/1/3017
s 1236
f 1864/1/3496 1865/1/3496 1856/1/3496
f 1856/1/3496 1858/1/3496 1864/1/3496
s 1237
f 1865/1/3013 1866/1/3013 1857/1/3013
f 1857/1/3013 1856/1/3013 1865/1/3013
s 1238
f 1866/1/3010 1867/1/3010 1868/1/3010
f 1868/1/3010 1857/1/3010 1866/1/3010
s 836
f 1852/1/3490 1857/1/3489 1868/1/3497
f 1868/1/3497 1869/1/3498 1852/1/3490
s 835
f 1852/1/3483 1869/1/3499 1859/1/3500
f 1859/1/3500 1853/1/3484 1852/1/3483
f 1870/1/3501 1871/1/3502 1872/1/3503
f 1872/1/3503 1873/1/3504 1870/1/3501
f 1874/1/3505 1875/1/3506 1871/1/3502
f 1871/1/3502 1870/1/3501 1874/1/3505
s 836
f 1871/1/3507 1876/1/3508 1877/1/3509
f 1877/1/3509 1872/1/3510 1871/1/3507
f 1871/1/3507 1875/1/3511 1878/1/3512
f 1878/1/3512 1876/1/3508 1871/1/3507
s 1239
f 1879/1/3513 1880/1/3514 1881/1/3515
f 1881/1/3515 1873/1/3053 1879/1/3513
s 1240
f 1870/1/3516 1873/1/3051 1881/1/3051
f 1881/1/3051 1882/1/3051 1870/1/3516
s 1241
f 1870/1/3050 1882/1/3050 1883/1/3050
f 1883/1/3050 1874/1/3050 1870/1/3050
s 1242
f 1859/1/3049 1874/1/3049 1883/1/3049
f 1883/1/3049 1860/1/3049 1859/1/3049
s 835
f 1874/1/3505 1859/1/3500 1869/1/3499
f 1869/1/3499 1875/1/3506 1874/1/3505
s 836
f 1868/1/3497 1878/1/3512 1875/1/3511
f 1875/1/3511 1869/1/3498 1868/1/3497
s 1243
f 1878/1/3048 1868/1/3048 1867/1/3048
f 1867/1/3048 1884/1/3048 1878/1/3048
s 1244
f 1884/1/3046 1885/1/3046 1876/1/3046
f 1876/1/3046 1878/1/3046 1884/1/3046
s 1245
f 1885/1/3045 1886/1/3045 1877/1/3044
f 1877/1/3044 1876/1/3044 1885/1/3045
s 1246
f 1886/1/3043 1887/1/3043 1888/1/3043
f 1888/1/3043 1877/1/3043 1886/1/3043
s 836
f 1872/1/3510 1877/1/3509 1888/1/3517
f 1888/1/3517 1889/1/3518 1872/1/3510
s 835
f 1872/1/3503 1889/1/3519 1879/1/3520
f 1879/1/3520 1873/1/3504 1872/1/3503
f 1890/1/3521 1891/1/3522 1892/1/3523
f 1892/1/3523 1893/1/3524 1890/1/3521
f 1894/1/3525 1895/1/3526 1891/1/3522
f 1891/1/3522 1890/1/3521 1894/1/3525
s 836
f 1891/1/3527 1896/1/3528 1897/1/3529
f 1897/1/3529 1892/1/3530 1891/1/3527
f 1891/1/3527 1895/1/3531 1898/1/3532
f 1898/1/3532 1896/1/3528 1891/1/3527
s 1247
f 1899/1/3083 1900/1/3083 1901/1/3083
f 1901/1/3083 1893/1/3083 1899/1/3083
s 1248
f 1890/1/3533 1893/1/3534 1901/1/3534
f 1901/1/3534 1902/1/3533 1890/1/3533
s 1249
f 1890/1/3078 1902/1/3078 1903/1/3078
f 1903/1/3078 1894/1/3078 1890/1/3078
s 1250
f 1879/1/3076 1894/1/3076 1903/1/3535
f 1903/1/3535 1880/1/3536 1879/1/3076
s 835
f 1894/1/3525 1879/1/3520 1889/1/3519
f 1889/1/3519 1895/1/3526 1894/1/3525
s 836
f 1888/1/3517 1898/1/3532 1895/1/3531
f 1895/1/3531 1889/1/3518 1888/1/3517
s 1251
f 1898/1/3075 1888/1/3075 1887/1/3075
f 1887/1/3075 1904/1/3075 1898/1/3075
s 1252
f 1904/1/3072 1905/1/3072 1896/1/3072
f 1896/1/3072 1898/1/3072 1904/1/3072
s 1253
f 1905/1/3071 1906/1/3071 1897/1/3071
f 1897/1/3071 1896/1/3071 1905/1/3071
s 1254
f 1906/1/3070 1907/1/3070 1908/1/3070
f 1908/1/3070 1897/1/3070 1906/1/3070
s 836
f 1892/1/3530 1897/1/3529 1908/1/3537
f 1908/1/3537 1909/1/3538 1892/1/3530
s 835
f 1892/1/3523 1909/1/3539 1899/1/3540
f 1899/1/3540 1893/1/3524 1892/1/3523
f 1910/1/3541 1911/1/3542 1912/1/3543
f 1912/1/3543 1913/1/3544 1910/1/3541
f 1914/1/3545 1915/1/3546 1911/1/3542
f 1911/1/3542 1910/1/3541 1914/1/3545
s 836
f 1911/1/3547 1916/1/3548 1917/1/3549
f 1917/1/3549 1912/1/3550 1911/1/3547
f 1911/1/3547 1915/1/3551 1918/1/3552
f 1918/1/3552 1916/1/3548 1911/1/3547
s 1255
f 1919/1/3117 1920/1/3117 1921/1/3117
f 1921/1/3117 1913/1/3117 1919/1/3117
s 1256
f 1910/1/3553 1913/1/3114 1921/1/3114
f 1921/1/3114 1922/1/3114 1910/1/3553
s 1257
f 1910/1/3113 1922/1/3113 1923/1/3113
f 1923/1/3113 1914/1/3113 1910/1/3113
s 1258
f 1899/1/3554 1914/1/3555 1923/1/3555
f 1923/1/3555 1900/1/3555 1899/1/3554
s 835
f 1914/1/3545 1899/1/3540 1909/1/3539
f 1909/1/3539 1915/1/3546 1914/1/3545
s 836
f 1908/1/3537 1918/1/3552 1915/1/3551
f 1915/1/3551 1909/1/3538 1908/1/3537
s 1259
f 1918/1/3107 1908/1/3107 1907/1/3107
f 1907/1/3107 1924/1/3107 1918/1/3107
s 1260
f 1924/1/3104 1925/1/3104 1916/1/3104
f 1916/1/3104 1918/1/3104 1924/1/3104
s 1261
f 1925/1/3103 1926/1/3103 1917/1/3103
f 1917/1/3103 1916/1/3103 1925/1/3103
s 1262
f 1926/1/3101 1927/1/3101 1928/1/3101
f 1928/1/3101 1917/1/3101 1926/1/3101
s 836
f 1912/1/3550 1917/1/3549 1928/1/3556
f 1928/1/3556 1929/1/3557 1912/1/3550
s 835
f 1912/1/3543 1929/1/3558 1919/1/3559
f 1919/1/3559 1913/1/3544 1912/1/3543
f 1930/1/3560 1931/1/3561 1932/1/3562
f 1932/1/3562 1933/1/3563 1930/1/3560
f 1934/1/3564 1935/1/3565 1931/1/3561
f 1931/1/3561 1930/1/3560 1934/1/3564
s 836
f 1931/1/3566 1936/1/3567 1937/1/3568
f 1937/1/3568 1932/1/3569 1931/1/3566
f 1931/1/3566 1935/1/3570 1938/1/3571
f 1938/1/3571 1936/1/3567 1931/1/3566
s 1263
f 1939/1/3149 1940/1/3149 1941/1/3149
f 1941/1/3149 1933/1/3149 1939/1/3149
s 1264
f 1930/1/3147 1933/1/3147 1941/1/3147
f 1941/1/3147 1942/1/3147 1930/1/3147
s 1265
f 1930/1/3145 1942/1/3572 1943/1/3572
f 1943/1/3572 1934/1/3572 1930/1/3145
s 1266
f 1919/1/3573 1934/1/3574 1943/1/3575
f 1943/1/3575 1920/1/3573 1919/1/3573
s 835
f 1934/1/3564 1919/1/3559 1929/1/3558
f 1929/1/3558 1935/1/3565 1934/1/3564
s 836
f 1928/1/3556 1938/1/3571 1935/1/3570
f 1935/1/3570 1929/1/3557 1928/1/3556
s 1267
f 1938/1/3141 1928/1/3142 1927/1/3576
f 1927/1/3576 1944/1/3142 1938/1/3141
s 1268
f 1944/1/3138 1945/1/3138 1936/1/3138
f 1936/1/3138 1938/1/3138 1944/1/3138
s 1269
f 1945/1/3137 1946/1/3137 1937/1/3137
f 1937/1/3137 1936/1/3137 1945/1/3137
s 1270
f 1946/1/3577 1947/1/3578 1948/1/3577
f 1948/1/3577 1937/1/3577 1946/1/3577
s 836
f 1932/1/3569 1937/1/3568 1948/1/3579
f 1948/1/3579 1949/1/3580 1932/1/3569
s 835
f 1932/1/3562 1949/1/3581 1939/1/3582
f 1939/1/3582 1933/1/3563 1932/1/3562
f 1950/1/3583 1951/1/3584 1952/1/3585
f 1952/1/3585 1953/1/3586 1950/1/3583
f 1954/1/3587 1955/1/3588 1951/1/3584
f 1951/1/3584 1950/1/3583 1954/1/3587
s 836
f 1951/1/3589 1956/1/3590 1957/1/3591
f 1957/1/3591 1952/1/3592 1951/1/3589
f 1951/1/3589 1955/1/3593 1958/1/3594
f 1958/1/3594 1956/1/3590 1951/1/3589
s 1271
f 1959/1/3595 1960/1/3595 1961/1/3181
f 1961/1/3181 1953/1/3181 1959/1/3595
s 1272
f 1950/1/3178 1953/1/3179 1961/1/3178
f 1961/1/3178 1962/1/3178 1950/1/3178
s 1273
f 1950/1/3596 1962/1/3177 1963/1/3596
f 1963/1/3596 1954/1/3177 1950/1/3596
s 1274
f 1939/1/3176 1954/1/3176 1963/1/3176
f 1963/1/3176 1940/1/3176 1939/1/3176
s 835
f 1954/1/3587 1939/1/3582 1949/1/3581
f 1949/1/3581 1955/1/3588 1954/1/3587
s 836
f 1948/1/3579 1958/1/3594 1955/1/3593
f 1955/1/3593 1949/1/3580 1948/1/3579
s 1275
f 1958/1/3175 1948/1/3175 1947/1/3175
f 1947/1/3175 1964/1/3175 1958/1/3175
s 1276
f 1964/1/3172 1965/1/3171 1956/1/3171
f 1956/1/3171 1958/1/3171 1964/1/3172
s 1277
f 1965/1/3170 1966/1/3170 1957/1/3597
f 1957/1/3597 1956/1/3170 1965/1/3170
s 1278
f 1966/1/3167 1967/1/3167 1968/1/3167
f 1968/1/3167 1957/1/3167 1966/1/3167
s 836
f 1952/1/3592 1957/1/3591 1968/1/3598
f 1968/1/3598 1969/1/3599 1952/1/3592
s 835
f 1952/1/3585 1969/1/3600 1959/1/3601
f 1959/1/3601 1953/1/3586 1952/1/3585
f 1970/1/3602 1971/1/3603 1972/1/3604
f 1972/1/3604 1973/1/3605 1970/1/3602
f 1974/1/3606 1975/1/3607 1971/1/3603
f 1971/1/3603 1970/1/3602 1974/1/3606
s 836
f 1971/1/3608 1976/1/3609 1977/1/3610
f 1977/1/3610 1972/1/3611 1971/1/3608
f 1971/1/3608 1975/1/3612 1978/1/3613
f 1978/1/3613 1976/1/3609 1971/1/3608
s 1279
f 1979/1/3614 1980/1/3209 1981/1/3209
f 1981/1/3209 1973/1/3209 1979/1/3614
s 1280
f 1970/1/3208 1973/1/3208 1981/1/3208
f 1981/1/3208 1982/1/3208 1970/1/3208
s 1281
f 1970/1/3207 1982/1/3207 1983/1/3207
f 1983/1/3207 1974/1/3207 1970/1/3207
s 1282
f 1959/1/3615 1974/1/3615 1983/1/3615
f 1983/1/3615 1960/1/3615 1959/1/3615
s 835
f 1974/1/3606 1959/1/3601 1969/1/3600
f 1969/1/3600 1975/1/3607 1974/1/3606
s 836
f 1968/1/3598 1978/1/3613 1975/1/3612
f 1975/1/3612 1969/1/3599 1968/1/3598
s 1283
f 1978/1/3203 1968/1/3203 1967/1/3203
f 1967/1/3203 1984/1/3203 1978/1/3203
s 1284
f 1984/1/3202 1985/1/3202 1976/1/3202
f 1976/1/3202 1978/1/3202 1984/1/3202
s 1285
f 1985/1/3201 1986/1/3201 1977/1/3201
f 1977/1/3201 1976/1/3201 1985/1/3201
s 1286
f 1986/1/3200 1987/1/3200 1988/1/3200
f 1988/1/3200 1977/1/3200 1986/1/3200
s 836
f 1972/1/3611 1977/1/3610 1988/1/3616
f 1988/1/3616 1989/1/3617 1972/1/3611
s 835
f 1972/1/3604 1989/1/3618 1979/1/3619
f 1979/1/3619 1973/1/3605 1972/1/3604
f 1990/1/3620 1991/1/3621 1992/1/3622
f 1992/1/3622 1993/1/3623 1990/1/3620
f 1994/1/3624 1995/1/3625 1991/1/3621
f 1991/1/3621 1990/1/3620 1994/1/3624
s 836
f 1991/1/3626 1996/1/3627 1997/1/3628
f 1997/1/3628 1992/1/3629 1991/1/3626
f 1991/1/3626 1995/1/3630 1998/1/3631
f 1998/1/3631 1996/1/3627 1991/1/3626
s 1287
f 1999/1/3239 2000/1/3239 2001/1/3632
f 2001/1/3632 1993/1/3632 1999/1/3239
s 1288
f 1990/1/3237 1993/1/3633 2001/1/3634
f 2001/1/3634 2002/1/3634 1990/1/3237
s 1289
f 1990/1/3236 2002/1/3236 2003/1/3236
f 2003/1/3236 1994/1/3236 1990/1/3236
s 1290
f 1979/1/3234 1994/1/3234 2003/1/3234
f 2003/1/3234 1980/1/3234 1979/1/3234
s 835
f 1994/1/3624 1979/1/3619 1989/1/3618
f 1989/1/3618 1995/1/3625 1994/1/3624
s 836
f 1988/1/3616 1998/1/3631 1995/1/3630
f 1995/1/3630 1989/1/3617 1988/1/3616
s 1291
f 1998/1/3231 1988/1/3231 1987/1/3231
f 1987/1/3231 2004/1/3231 1998/1/3231
s 1292
f 2004/1/3230 2005/1/3230 1996/1/3230
f 1996/1/3230 1998/1/3230 2004/1/3230
s 1293
f 2005/1/3229 2006/1/3229 1997/1/3229
f 1997/1/3229 1996/1/3229 2005/1/3229
s 1294
f 2006/1/3635 2007/1/3635 2008/1/3635
f 2008/1/3635 1997/1/3635 2006/1/3635
s 836
f 1992/1/3629 1997/1/3628 2008/1/3636
f 2008/1/3636 2009/1/3637 1992/1/3629
s 835
f 1992/1/3622 2009/1/3638 1999/1/3639
f 1999/1/3639 1993/1/3623 1992/1/3622
f 2010/1/3640 2011/1/3641 2012/1/3642
f 2012/1/3642 2013/1/3643 2010/1/3640
f 2014/1/3644 2015/1/3645 2011/1/3641
f 2011/1/3641 2010/1/3640 2014/1/3644
s 836
f 2011/1/3646 2016/1/3647 2017/1/3648
f 2017/1/3648 2012/1/3649 2011/1/3646
f 2011/1/3646 2015/1/3650 2018/1/3651
f 2018/1/3651 2016/1/3647 2011/1/3646
s 1295
f 2019/1/3274 2020/1/3274 2021/1/3274
f 2021/1/3274 2013/1/3274 2019/1/3274
s 1296
f 2010/1/3273 2013/1/3652 2021/1/3652
f 2021/1/3652 2022/1/3273 2010/1/3273
s 1297
f 2010/1/3270 2022/1/3270 2023/1/3270
f 2023/1/3270 2014/1/3270 2010/1/3270
s 1298
f 1999/1/3268 2014/1/3268 2023/1/3268
f 2023/1/3268 2000/1/3268 1999/1/3268
s 835
f 2014/1/3644 1999/1/3639 2009/1/3638
f 2009/1/3638 2015/1/3645 2014/1/3644
s 836
f 2008/1/3636 2018/1/3651 2015/1/3650
f 2015/1/3650 2009/1/3637 2008/1/3636
s 1299
f 2018/1/3266 2008/1/3266 2007/1/3266
f 2007/1/3266 2024/1/3266 2018/1/3266
s 1300
f 2024/1/3653 2025/1/3263 2016/1/3263
f 2016/1/3263 2018/1/3263 2024/1/3653
s 1301
f 2025/1/3261 2026/1/3261 2017/1/3261
f 2017/1/3261 2016/1/3261 2025/1/3261
s 1302
f 2026/1/3259 2027/1/3259 2028/1/3259
f 2028/1/3259 2017/1/3259 2026/1/3259
s 836
f 2012/1/3649 2017/1/3648 2028/1/3654
f 2028/1/3654 2029/1/3655 2012/1/3649
s 835
f 2012/1/3642 2029/1/3656 2019/1/3657
f 2019/1/3657 2013/1/3643 2012/1/3642
f 2030/1/3658 2031/1/3659 2032/1/3660
f 2032/1/3660 2033/1/3661 2030/1/3658
f 2034/1/3662 2035/1/3663 2031/1/3659
f 2031/1/3659 2030/1/3658 2034/1/3662
s 836
f 2031/1/3664 2036/1/3665 2037/1/3666
f 2037/1/3666 2032/1/3667 2031/1/3664
f 2031/1/3664 2035/1/3668 2038/1/3669
f 2038/1/3669 2036/1/3665 2031/1/3664
s 1303
f 2039/1/3670 2040/1/3671 2041/1/3672
f 2041/1/3672 2033/1/3306 2039/1/3670
s 1304
f 2030/1/3673 2033/1/3302 2041/1/3674
f 2041/1/3674 2042/1/3673 2030/1/3673
s 1305
f 2030/1/3300 2042/1/3675 2043/1/3300
f 2043/1/3300 2034/1/3300 2030/1/3300
s 1306
f 2019/1/3299 2034/1/3299 2043/1/3299
f 2043/1/3299 2020/1/3299 2019/1/3299
s 835
f 2034/1/3662 2019/1/3657 2029/1/3656
f 2029/1/3656 2035/1/3663 2034/1/3662
s 836
f 2028/1/3654 2038/1/3669 2035/1/3668
f 2035/1/3668 2029/1/3655 2028/1/3654
s 1307
f 2038/1/3676 2028/1/3677 2027/1/3676
f 2027/1/3676 2044/1/3677 2038/1/3676
s 1308
f 2044/1/3295 2045/1/3295 2036/1/3295
f 2036/1/3295 2038/1/3295 2044/1/3295
s 1309
f 2045/1/3294 2046/1/3294 2037/1/3293
f 2037/1/3293 2036/1/3294 2045/1/3294
s 1310
f 2046/1/3292 2047/1/3291 2048/1/3291
f 2048/1/3291 2037/1/3292 2046/1/3292
s 836
f 2032/1/3667 2037/1/3666 2048/1/3678
f 2048/1/3678 2049/1/3679 2032/1/3667
s 835
f 2032/1/3660 2049/1/3680 2039/1/3681
f 2039/1/3681 2033/1/3661 2032/1/3660
f 2050/1/3682 2051/1/3683 2052/1/3684
f 2052/1/3684 2053/1/3685 2050/1/3682
f 2054/1/3686 2055/1/3687 2051/1/3683
f 2051/1/3683 2050/1/3682 2054/1/3686
s 836
f 2051/1/3688 2056/1/3689 2057/1/3690
f 2057/1/3690 2052/1/3691 2051/1/3688
f 2051/1/3688 2055/1/3692 2058/1/3693
f 2058/1/3693 2056/1/3689 2051/1/3688
s 1311
f 2059/1/3333 2060/1/3333 2061/1/3694
f 2061/1/3694 2053/1/3333 2059/1/3333
s 1312
f 2050/1/3332 2053/1/3332 2061/1/3332
f 2061/1/3332 2062/1/3332 2050/1/3332
s 1313
f 2050/1/3695 2062/1/3331 2063/1/3331
f 2063/1/3331 2054/1/3331 2050/1/3695
s 1314
f 2039/1/3330 2054/1/3330 2063/1/3330
f 2063/1/3330 2040/1/3330 2039/1/3330
s 835
f 2054/1/3686 2039/1/3681 2049/1/3680
f 2049/1/3680 2055/1/3687 2054/1/3686
s 836
f 2048/1/3678 2058/1/3693 2055/1/3692
f 2055/1/3692 2049/1/3679 2048/1/3678
s 1315
f 2058/1/3329 2048/1/3329 2047/1/3329
f 2047/1/3329 2064/1/3329 2058/1/3329
s 1316
f 2064/1/3696 2065/1/3327 2056/1/3327
f 2056/1/3327 2058/1/3327 2064/1/3696
s 1317
f 2065/1/3325 2066/1/3325 2057/1/3325
f 2057/1/3325 2056/1/3325 2065/1/3325
s 1318
f 2066/1/3697 2067/1/3697 2068/1/3697
f 2068/1/3697 2057/1/3697 2066/1/3697
s 836
f 2052/1/3691 2057/1/3690 2068/1/3698
f 2068/1/3698 2069/1/3699 2052/1/3691
s 835
f 2052/1/3684 2069/1/3700 2059/1/3701
f 2059/1/3701 2053/1/3685 2052/1/3684
f 2070/1/3702 2071/1/3703 2072/1/3704
f 2072/1/3704 2073/1/3705 2070/1/3702
f 2074/1/3706 2075/1/3707 2071/1/3703
f 2071/1/3703 2070/1/3702 2074/1/3706
s 836
f 2071/1/3708 2076/1/3709 2077/1/3710
f 2077/1/3710 2072/1/3711 2071/1/3708
f 2071/1/3708 2075/1/3712 2078/1/3713
f 2078/1/3713 2076/1/3709 2071/1/3708
s 1319
f 2079/1/3714 2080/1/3363 2081/1/3363
f 2081/1/3363 2073/1/3363 2079/1/3714
s 1320
f 2070/1/3362 2073/1/3362 2081/1/3362
f 2081/1/3362 2082/1/3362 2070/1/3362
s 1321
f 2070/1/3715 2082/1/3715 2083/1/3715
f 2083/1/3715 2074/1/3715 2070/1/3715
s 1322
f 2059/1/3356 2074/1/3356 2083/1/3356
f 2083/1/3356 2060/1/3356 2059/1/3356
s 835
f 2074/1/3706 2059/1/3701 2069/1/3700
f 2069/1/3700 2075/1/3707 2074/1/3706
s 836
f 2068/1/3698 2078/1/3713 2075/1/3712
f 2075/1/3712 2069/1/3699 2068/1/3698
s 1323
f 2078/1/3354 2068/1/3354 2067/1/3354
f 2067/1/3354 2084/1/3354 2078/1/3354
s 1324
f 2084/1/3353 2085/1/3353 2076/1/3353
f 2076/1/3353 2078/1/3353 2084/1/3353
s 1325
f 2085/1/3352 2086/1/3352 2077/1/3352
f 2077/1/3352 2076/1/3352 2085/1/3352
s 1326
f 2086/1/3716 2087/1/3716 2088/1/3716
f 2088/1/3716 2077/1/3716 2086/1/3716
s 836
f 2072/1/3711 2077/1/3710 2088/1/3717
f 2088/1/3717 2089/1/3718 2072/1/3711
s 835
f 2072/1/3704 2089/1/3719 2079/1/3720
f 2079/1/3720 2073/1/3705 2072/1/3704
f 2090/1/3721 2091/1/3722 2092/1/3723
f 2092/1/3723 2093/1/3724 2090/1/3721
f 2094/1/3725 2095/1/3726 2091/1/3722
f 2091/1/3722 2090/1/3721 2094/1/3725
s 836
f 2091/1/3727 2096/1/3728 2097/1/3729
f 2097/1/3729 2092/1/3730 2091/1/3727
f 2091/1/3727 2095/1/3731 2098/1/3732
f 2098/1/3732 2096/1/3728 2091/1/3727
s 1327
f 2099/1/3390 2100/1/3390 2101/1/3390
f 2101/1/3390 2093/1/3390 2099/1/3390
s 1328
f 2090/1/3388 2093/1/3388 2101/1/3388
f 2101/1/3388 2102/1/3388 2090/1/3388
s 1329
f 2090/1/3387 2102/1/3387 2103/1/3387
f 2103/1/3387 2094/1/3387 2090/1/3387
s 1330
f 2079/1/3386 2094/1/3386 2103/1/3386
f 2103/1/3386 2080/1/3733 2079/1/3386
s 835
f 2094/1/3725 2079/1/3720 2089/1/3719
f 2089/1/3719 2095/1/3726 2094/1/3725
s 836
f 2088/1/3717 2098/1/3732 2095/1/3731
f 2095/1/3731 2089/1/3718 2088/1/3717
s 1331
f 2098/1/3734 2088/1/3734 2087/1/3734
f 2087/1/3734 2104/1/3385 2098/1/3734
s 1332
f 2104/1/3383 2105/1/3383 2096/1/3384
f 2096/1/3384 2098/1/3383 2104/1/3383
s 1333
f 2105/1/3735 2106/1/3736 2097/1/3735
f 2097/1/3735 2096/1/3381 2105/1/3735
s 1334
f 2106/1/3380 2107/1/3380 2108/1/3380
f 2108/1/3380 2097/1/3380 2106/1/3380
s 836
f 2092/1/3730 2097/1/3729 2108/1/3737
f 2108/1/3737 2109/1/3738 2092/1/3730
s 835
f 2092/1/3723 2109/1/3739 2099/1/3740
f 2099/1/3740 2093/1/3724 2092/1/3723
f 2110/1/3741 2111/1/3742 2112/1/3743
f 2112/1/3743 2113/1/3744 2110/1/3741
f 2114/1/3745 2115/1/3746 2111/1/3742
f 2111/1/3742 2110/1/3741 2114/1/3745
s 836
f 2111/1/3747 2116/1/3748 2117/1/3749
f 2117/1/3749 2112/1/3750 2111/1/3747
f 2111/1/3747 2115/1/3751 2118/1/3752
f 2118/1/3752 2116/1/3748 2111/1/3747
s 1335
f 2119/1/3421 2120/1/3753 2121/1/3421
f 2121/1/3421 2113/1/3754 2119/1/3421
s 1336
f 2110/1/3420 2113/1/3420 2121/1/3420
f 2121/1/3420 2122/1/3420 2110/1/3420
s 1337
f 2110/1/3419 2122/1/3419 2123/1/3755
f 2123/1/3755 2114/1/3418 2110/1/3419
s 1338
f 2099/1/3416 2114/1/3416 2123/1/3756
f 2123/1/3756 2100/1/3416 2099/1/3416
s 835
f 2114/1/3745 2099/1/3740 2109/1/3739
f 2109/1/3739 2115/1/3746 2114/1/3745
s 836
f 2108/1/3737 2118/1/3752 2115/1/3751
f 2115/1/3751 2109/1/3738 2108/1/3737
s 1339
f 2118/1/3413 2108/1/3757 2107/1/3413
f 2107/1/3413 2124/1/3413 2118/1/3413
s 1340
f 2124/1/3758 2125/1/3411 2116/1/3758
f 2116/1/3758 2118/1/3758 2124/1/3758
s 1341
f 2125/1/3410 2126/1/3759 2117/1/3410
f 2117/1/3410 2116/1/3410 2125/1/3410
s 1342
f 2126/1/3407 2127/1/3407 2128/1/3407
f 2128/1/3407 2117/1/3407 2126/1/3407
s 836
f 2112/1/3750 2117/1/3749 2128/1/3760
f 2128/1/3760 2129/1/3761 2112/1/3750
s 835
f 2112/1/3743 2129/1/3762 2119/1/3763
f 2119/1/3763 2113/1/3744 2112/1/3743
f 2130/1/3764 2131/1/3765 2132/1/3766
f 2132/1/3766 2133/1/3767 2130/1/3764
f 2134/1/3768 2135/1/3769 2131/1/3765
f 2131/1/3765 2130/1/3764 2134/1/3768
s 836
f 2131/1/3770 2136/1/3771 2137/1/3772
f 2137/1/3772 2132/1/3773 2131/1/3770
f 2131/1/3770 2135/1/3774 2138/1/3775
f 2138/1/3775 2136/1/3771 2131/1/3770
s 1343
f 880/1/3452 879/1/3452 2139/1/3452
f 2139/1/3452 2133/1/3452 880/1/3452
s 1344
f 2130/1/3451 2133/1/3451 2139/1/3451
f 2139/1/3451 2140/1/3451 2130/1/3451
s 1345
f 2130/1/3449 2140/1/3776 2141/1/3776
f 2141/1/3776 2134/1/3449 2130/1/3449
s 1346
f 2119/1/3777 2134/1/3778 2141/1/3778
f 2141/1/3778 2120/1/3777 2119/1/3777
s 835
f 2134/1/3768 2119/1/3763 2129/1/3762
f 2129/1/3762 2135/1/3769 2134/1/3768
s 836
f 2128/1/3760 2138/1/3775 2135/1/3774
f 2135/1/3774 2129/1/3761 2128/1/3760
s 1347
f 2138/1/3443 2128/1/3443 2127/1/3443
f 2127/1/3443 2142/1/3779 2138/1/3443
s 1348
f 2142/1/3442 2143/1/3441 2136/1/3441
f 2136/1/3441 2138/1/3441 2142/1/3442
s 1349
f 2143/1/3439 2144/1/3439 2137/1/3780
f 2137/1/3780 2136/1/3781 2143/1/3439
s 1350
f 882/1/3438 2137/1/3438 2144/1/3438
f 2144/1/3438 884/1/3438 882/1/3438
s 836
f 2137/1/3772 882/1/2152 881/1/2151
f 881/1/2151 2132/1/3773 2137/1/3772
s 835
f 2132/1/3766 881/1/2149 880/1/2150
f 880/1/2150 2133/1/3767 2132/1/3766
s 1351
f 2145/1/3782 2146/1/3782 2147/1/3782
f 2147/1/3782 2148/1/3782 2145/1/3782
s 1352
f 2149/1/3783 2150/1/3783 2146/1/3783
f 2146/1/3783 2145/1/3783 2149/1/3783
s 1353
f 2146/1/3784 2151/1/3785 2152/1/3784
f 2152/1/3784 2147/1/3785 2146/1/3784
s 1354
f 2153/1/3786 2151/1/3787 2146/1/3786
f 2146/1/3786 2150/1/3786 2153/1/3786
s 1355
f 2154/1/3788 1390/1/3789 1412/1/3788
f 1412/1/3788 2148/1/3788 2154/1/3788
s 1356
f 2148/1/3790 1412/1/3790 1411/1/3790
f 1411/1/3790 2145/1/3790 2148/1/3790
s 1357
f 2149/1/3791 2145/1/3791 1411/1/3791
f 1411/1/3791 1409/1/3791 2149/1/3791
s 1358
f 2149/1/3792 1409/1/3792 1410/1/3792
f 1410/1/3792 2155/1/3792 2149/1/3792
s 1359
f 2149/1/3793 2155/1/3793 2156/1/3793
f 2156/1/3793 2150/1/3793 2149/1/3793
s 1360
f 2157/1/3794 2153/1/3795 2150/1/3795
f 2150/1/3795 2156/1/3795 2157/1/3794
s 1361
f 2153/1/3796 2157/1/3796 2027/1/3797
f 2027/1/3797 2026/1/3796 2153/1/3796
s 1362
f 2153/1/3798 2026/1/3798 2025/1/3798
f 2025/1/3798 2151/1/3798 2153/1/3798
s 1363
f 2025/1/3799 2024/1/3800 2152/1/3800
f 2152/1/3800 2151/1/3800 2025/1/3799
s 1364
f 2024/1/3801 2007/1/3801 2158/1/3801
f 2158/1/3801 2152/1/3801 2024/1/3801
s 1365
f 2147/1/3802 2152/1/3803 2158/1/3803
f 2158/1/3803 2159/1/3803 2147/1/3802
s 1366
f 2147/1/3804 2159/1/3804 2154/1/3804
f 2154/1/3804 2148/1/3804 2147/1/3804
s 1367
f 2160/1/3805 2161/1/3805 2162/1/3805
f 2162/1/3805 2163/1/3805 2160/1/3805
s 1368
f 2164/1/3806 2165/1/3806 2161/1/3806
f 2161/1/3806 2160/1/3807 2164/1/3806
s 1369
f 2161/1/3808 2166/1/3809 2167/1/3808
f 2167/1/3808 2162/1/3808 2161/1/3808
s 1370
f 2165/1/3810 2168/1/3811 2166/1/3810
f 2166/1/3810 2161/1/3812 2165/1/3810
s 1371
f 913/1/3813 1524/1/3814 2163/1/3815
f 2163/1/3815 2169/1/3816 913/1/3813
s 1372
f 1529/1/3817 2160/1/3817 2163/1/3817
f 2163/1/3817 1524/1/3817 1529/1/3817
s 1373
f 1529/1/3818 1528/1/3818 2164/1/3818
f 2164/1/3818 2160/1/3818 1529/1/3818
s 1374
f 1528/1/3819 1505/1/3820 2170/1/3819
f 2170/1/3819 2164/1/3819 1528/1/3819
s 1375
f 2164/1/3821 2170/1/3822 2171/1/3822
f 2171/1/3822 2165/1/3822 2164/1/3821
s 1376
f 2172/1/3823 2168/1/3823 2165/1/3823
f 2165/1/3823 2171/1/3824 2172/1/3823
s 1377
f 2168/1/3825 2172/1/3825 2120/1/3825
f 2120/1/3825 2141/1/3825 2168/1/3825
s 1378
f 2168/1/3826 2141/1/3826 2140/1/3826
f 2140/1/3826 2166/1/3827 2168/1/3826
s 1379
f 2166/1/3828 2140/1/3828 2139/1/3829
f 2139/1/3829 2167/1/3830 2166/1/3828
s 1380
f 2139/1/3831 879/1/3832 2173/1/3833
f 2173/1/3833 2167/1/3834 2139/1/3831
s 1381
f 2167/1/3835 2173/1/3835 2174/1/3835
f 2174/1/3835 2162/1/3835 2167/1/3835
s 1382
f 2162/1/3836 2174/1/3836 2169/1/3836
f 2169/1/3836 2163/1/3837 2162/1/3836
s 1383
f 2175/1/3838 2176/1/3839 2177/1/3838
f 2177/1/3838 2178/1/3838 2175/1/3838
s 1384
f 2179/1/3840 2180/1/3841 2176/1/3840
f 2176/1/3840 2175/1/3842 2179/1/3840
s 1385
f 2176/1/3843 2181/1/3843 2182/1/3843
f 2182/1/3843 2177/1/3843 2176/1/3843
s 1386
f 2176/1/3844 2180/1/3845 2183/1/3845
f 2183/1/3845 2181/1/3845 2176/1/3844
s 1387
f 2178/1/3846 2184/1/3847 1005/1/3847
f 1005/1/3847 1004/1/3847 2178/1/3846
s 1388
f 2178/1/3848 1004/1/3848 1014/1/3848
f 1014/1/3848 2175/1/3848 2178/1/3848
s 1389
f 2179/1/3849 2175/1/3849 1014/1/3849
f 1014/1/3849 1013/1/3849 2179/1/3849
s 1390
f 1013/1/3850 985/1/3850 2185/1/3850
f 2185/1/3850 2179/1/3850 1013/1/3850
s 1391
f 2179/1/3851 2185/1/3852 2186/1/3851
f 2186/1/3851 2180/1/3852 2179/1/3851
s 1392
f 2187/1/3853 2183/1/3854 2180/1/3853
f 2180/1/3853 2186/1/3855 2187/1/3853
s 1393
f 1600/1/3856 1623/1/3857 2183/1/3857
f 2183/1/3857 2187/1/3857 1600/1/3856
s 1394
f 2183/1/3858 1623/1/3858 1622/1/3858
f 1622/1/3858 2181/1/3858 2183/1/3858
s 1395
f 1622/1/3859 1621/1/3860 2182/1/3860
f 2182/1/3860 2181/1/3860 1622/1/3859
s 1396
f 1621/1/3861 1620/1/3862 2188/1/3862
f 2188/1/3862 2182/1/3862 1621/1/3861
s 1397
f 2189/1/3863 2177/1/3863 2182/1/3863
f 2182/1/3863 2188/1/3863 2189/1/3863
s 1398
f 2177/1/3864 2189/1/3864 2184/1/3864
f 2184/1/3864 2178/1/3864 2177/1/3864
s 1399
f 2190/1/3865 2191/1/3865 2192/1/3865
f 2192/1/3865 2193/1/3865 2190/1/3865
s 1400
f 2194/1/3866 2195/1/3867 2191/1/3866
f 2191/1/3866 2190/1/3866 2194/1/3866
s 1401
f 2191/1/3868 2196/1/3869 2197/1/3868
f 2197/1/3868 2192/1/3868 2191/1/3868
s 1402
f 2198/1/3870 2196/1/3870 2191/1/3870
f 2191/1/3870 2195/1/3870 2198/1/3870
s 1403
f 2193/1/3871 2155/1/3871 1410/1/3871
f 1410/1/3871 1432/1/3871 2193/1/3871
s 1404
f 2193/1/3872 1432/1/3872 1431/1/3872
f 1431/1/3872 2190/1/3872 2193/1/3872
s 1405
f 2194/1/3873 2190/1/3873 1431/1/3873
f 1431/1/3873 1429/1/3873 2194/1/3873
s 1406
f 2199/1/3874 2194/1/3875 1429/1/3876
f 1429/1/3876 1430/1/3875 2199/1/3874
s 1407
f 2199/1/3877 2200/1/3877 2195/1/3878
f 2195/1/3878 2194/1/3877 2199/1/3877
s 1408
f 2201/1/3879 2198/1/3880 2195/1/3881
f 2195/1/3881 2200/1/3882 2201/1/3879
s 1409
f 2198/1/3883 2201/1/3884 2047/1/3883
f 2047/1/3883 2046/1/3885 2198/1/3883
s 1410
f 2198/1/3886 2046/1/3887 2045/1/3888
f 2045/1/3888 2196/1/3889 2198/1/3886
s 1411
f 2045/1/3890 2044/1/3890 2197/1/3890
f 2197/1/3890 2196/1/3891 2045/1/3890
s 1412
f 2027/1/3892 2157/1/3892 2197/1/3893
f 2197/1/3893 2044/1/3894 2027/1/3892
s 1413
f 2192/1/3895 2197/1/3895 2157/1/3896
f 2157/1/3896 2156/1/3895 2192/1/3895
s 1414
f 2193/1/3897 2192/1/3897 2156/1/3897
f 2156/1/3897 2155/1/3897 2193/1/3897
s 1415
f 2202/1/3898 2203/1/3898 2204/1/3898
f 2204/1/3898 2205/1/3898 2202/1/3898
s 1416
f 2206/1/3899 2207/1/3900 2203/1/3899
f 2203/1/3899 2202/1/3899 2206/1/3899
s 1417
f 2203/1/3901 2208/1/3902 2209/1/3901
f 2209/1/3901 2204/1/3901 2203/1/3901
s 1418
f 2207/1/3903 2210/1/3903 2208/1/3904
f 2208/1/3904 2203/1/3905 2207/1/3903
s 1419
f 2211/1/3906 909/1/3906 907/1/3906
f 907/1/3906 2205/1/3906 2211/1/3906
s 1420
f 906/1/3907 2202/1/3907 2205/1/3907
f 2205/1/3907 907/1/3907 906/1/3907
s 1421
f 905/1/3908 2206/1/3909 2202/1/3908
f 2202/1/3908 906/1/3910 905/1/3908
s 1422
f 2212/1/3911 2206/1/3912 905/1/3911
f 905/1/3911 904/1/3911 2212/1/3911
s 1423
f 2212/1/3913 2213/1/3913 2207/1/3913
f 2207/1/3913 2206/1/3913 2212/1/3913
s 1424
f 2214/1/3914 2210/1/3915 2207/1/3916
f 2207/1/3916 2213/1/3916 2214/1/3914
s 1425
f 2214/1/3917 887/1/3917 886/1/3917
f 886/1/3917 2210/1/3917 2214/1/3917
s 1426
f 2208/1/3918 2210/1/3918 886/1/3918
f 886/1/3918 885/1/3918 2208/1/3918
s 1427
f 2209/1/3919 2208/1/3920 885/1/3921
f 885/1/3921 883/1/3919 2209/1/3919
s 1428
f 883/1/3922 884/1/3923 2215/1/3923
f 2215/1/3923 2209/1/3923 883/1/3922
s 1429
f 2204/1/3924 2209/1/3924 2215/1/3924
f 2215/1/3924 2216/1/3924 2204/1/3924
s 1430
f 2216/1/3925 2211/1/3926 2205/1/3926
f 2205/1/3926 2204/1/3926 2216/1/3925
s 1431
f 2217/1/3927 2218/1/3927 2219/1/3927
f 2219/1/3927 2220/1/3927 2217/1/3927
s 1432
f 2221/1/3928 2222/1/3929 2218/1/3930
f 2218/1/3930 2217/1/3931 2221/1/3928
s 1433
f 2218/1/3932 2223/1/3933 2224/1/3933
f 2224/1/3933 2219/1/3933 2218/1/3932
s 1434
f 2222/1/3934 2225/1/3935 2223/1/3934
f 2223/1/3934 2218/1/3936 2222/1/3934
s 1435
f 2226/1/3937 1025/1/3938 1024/1/3937
f 1024/1/3937 2220/1/3937 2226/1/3937
s 1436
f 1034/1/3939 2217/1/3940 2220/1/3940
f 2220/1/3940 1024/1/3940 1034/1/3939
s 1437
f 1034/1/3941 1033/1/3941 2221/1/3941
f 2221/1/3941 2217/1/3941 1034/1/3941
s 1438
f 2184/1/3942 2221/1/3942 1033/1/3942
f 1033/1/3942 1005/1/3942 2184/1/3942
s 1439
f 2222/1/3943 2221/1/3943 2184/1/3943
f 2184/1/3943 2189/1/3943 2222/1/3943
s 1440
f 2222/1/3944 2189/1/3944 2188/1/3944
f 2188/1/3944 2225/1/3945 2222/1/3944
s 1441
f 1620/1/3946 1643/1/3947 2225/1/3948
f 2225/1/3948 2188/1/3949 1620/1/3946
s 1442
f 2225/1/3950 1643/1/3951 1642/1/3950
f 1642/1/3950 2223/1/3952 2225/1/3950
s 1443
f 2223/1/3953 1642/1/3954 1641/1/3953
f 1641/1/3953 2224/1/3955 2223/1/3953
s 1444
f 1640/1/3956 2227/1/3956 2224/1/3956
f 2224/1/3956 1641/1/3956 1640/1/3956
s 1445
f 2228/1/3957 2219/1/3958 2224/1/3958
f 2224/1/3958 2227/1/3957 2228/1/3957
s 1446
f 2228/1/3959 2226/1/3959 2220/1/3959
f 2220/1/3959 2219/1/3959 2228/1/3959
s 1447
f 2229/1/3960 2230/1/3961 2231/1/3962
f 2231/1/3962 2232/1/3961 2229/1/3960
s 1448
f 2233/1/3963 2234/1/3963 2230/1/3963
f 2230/1/3963 2229/1/3963 2233/1/3963
s 1449
f 2230/1/3964 2235/1/3964 2236/1/3964
f 2236/1/3964 2231/1/3964 2230/1/3964
s 1450
f 2237/1/3965 2235/1/3965 2230/1/3965
f 2230/1/3965 2234/1/3966 2237/1/3965
s 1451
f 2199/1/3967 1430/1/3967 1452/1/3967
f 1452/1/3967 2232/1/3967 2199/1/3967
s 1452
f 2232/1/3968 1452/1/3968 1451/1/3968
f 1451/1/3968 2229/1/3968 2232/1/3968
s 1453
f 2233/1/3969 2229/1/3969 1451/1/3969
f 1451/1/3969 1449/1/3969 2233/1/3969
s 1454
f 2238/1/3970 2233/1/3970 1449/1/3970
f 1449/1/3970 1450/1/3971 2238/1/3970
s 1455
f 2238/1/3972 2239/1/3972 2234/1/3973
f 2234/1/3973 2233/1/3973 2238/1/3972
s 1456
f 2239/1/3974 2240/1/3974 2237/1/3975
f 2237/1/3975 2234/1/3974 2239/1/3974
s 1457
f 2237/1/3976 2240/1/3977 2067/1/3978
f 2067/1/3978 2066/1/3976 2237/1/3976
s 1458
f 2237/1/3979 2066/1/3979 2065/1/3979
f 2065/1/3979 2235/1/3979 2237/1/3979
s 1459
f 2065/1/3980 2064/1/3981 2236/1/3981
f 2236/1/3981 2235/1/3981 2065/1/3980
s 1460
f 2064/1/3982 2047/1/3983 2201/1/3983
f 2201/1/3983 2236/1/3983 2064/1/3982
s 1461
f 2201/1/3984 2200/1/3984 2231/1/3984
f 2231/1/3984 2236/1/3984 2201/1/3984
s 1462
f 2199/1/3985 2232/1/3986 2231/1/3986
f 2231/1/3986 2200/1/3985 2199/1/3985
s 1463
f 2241/1/3987 2242/1/3987 2243/1/3987
f 2243/1/3987 2244/1/3987 2241/1/3987
s 1464
f 2245/1/3988 2246/1/3989 2242/1/3990
f 2242/1/3990 2241/1/3989 2245/1/3988
s 1465
f 2242/1/3991 2247/1/3992 2248/1/3992
f 2248/1/3992 2243/1/3992 2242/1/3991
s 1466
f 2246/1/3993 2249/1/3993 2247/1/3994
f 2247/1/3994 2242/1/3994 2246/1/3993
s 1467
f 2212/1/3995 904/1/3996 932/1/3996
f 932/1/3996 2244/1/3996 2212/1/3995
s 1468
f 931/1/3997 2241/1/3997 2244/1/3997
f 2244/1/3997 932/1/3997 931/1/3997
s 1469
f 930/1/3998 2245/1/3998 2241/1/3998
f 2241/1/3998 931/1/3998 930/1/3998
s 1470
f 930/1/3999 929/1/4000 2250/1/3999
f 2250/1/3999 2245/1/4001 930/1/3999
s 1471
f 2250/1/4002 2251/1/4002 2246/1/4003
f 2246/1/4003 2245/1/4002 2250/1/4002
s 1472
f 2252/1/4004 2249/1/4004 2246/1/4004
f 2246/1/4004 2251/1/4004 2252/1/4004
s 1473
f 2249/1/4005 2252/1/4006 1547/1/4007
f 1547/1/4007 1546/1/4008 2249/1/4005
s 1474
f 2247/1/4009 2249/1/4010 1546/1/4009
f 1546/1/4009 1545/1/4009 2247/1/4009
s 1475
f 2248/1/4011 2247/1/4011 1545/1/4012
f 1545/1/4012 1544/1/4011 2248/1/4011
s 1476
f 1544/1/4013 887/1/4013 2214/1/4013
f 2214/1/4013 2248/1/4013 1544/1/4013
s 1477
f 2213/1/4014 2243/1/4014 2248/1/4014
f 2248/1/4014 2214/1/4014 2213/1/4014
s 1478
f 2244/1/4015 2243/1/4015 2213/1/4015
f 2213/1/4015 2212/1/4015 2244/1/4015
s 1479
f 2253/1/4016 2254/1/4017 2255/1/4017
f 2255/1/4017 2256/1/4017 2253/1/4016
s 1480
f 2257/1/4018 2258/1/4019 2254/1/4020
f 2254/1/4020 2253/1/4020 2257/1/4018
s 1481
f 2254/1/4021 2259/1/4021 2260/1/4022
f 2260/1/4022 2255/1/4023 2254/1/4021
s 1482
f 2258/1/4024 2261/1/4024 2259/1/4024
f 2259/1/4024 2254/1/4024 2258/1/4024
s 1483
f 2256/1/4025 2262/1/4025 1045/1/4025
f 1045/1/4025 1044/1/4025 2256/1/4025
s 1484
f 1054/1/4026 2253/1/4026 2256/1/4026
f 2256/1/4026 1044/1/4026 1054/1/4026
s 1485
f 1054/1/4027 1053/1/4027 2257/1/4027
f 2257/1/4027 2253/1/4027 1054/1/4027
s 1486
f 1025/1/4028 2226/1/4029 2257/1/4029
f 2257/1/4029 1053/1/4029 1025/1/4028
s 1487
f 2226/1/4030 2228/1/4030 2258/1/4030
f 2258/1/4030 2257/1/4030 2226/1/4030
s 1488
f 2261/1/4031 2258/1/4031 2228/1/4031
f 2228/1/4031 2227/1/4031 2261/1/4031
s 1489
f 2261/1/4032 2227/1/4032 1640/1/4032
f 1640/1/4032 1663/1/4032 2261/1/4032
s 1490
f 2261/1/4033 1663/1/4034 1662/1/4034
f 1662/1/4034 2259/1/4033 2261/1/4033
s 1491
f 2259/1/4035 1662/1/4036 1661/1/4035
f 1661/1/4035 2260/1/4037 2259/1/4035
s 1492
f 1661/1/4038 1660/1/4038 2263/1/4038
f 2263/1/4038 2260/1/4038 1661/1/4038
s 1493
f 2255/1/4039 2260/1/4040 2263/1/4040
f 2263/1/4040 2264/1/4040 2255/1/4039
s 1494
f 2264/1/4041 2262/1/4042 2256/1/4043
f 2256/1/4043 2255/1/4042 2264/1/4041
s 1495
f 2265/1/4044 2266/1/4044 2267/1/4044
f 2267/1/4044 2268/1/4044 2265/1/4044
s 1496
f 2269/1/4045 2270/1/4046 2266/1/4047
f 2266/1/4047 2265/1/4048 2269/1/4045
s 1497
f 2266/1/4049 2271/1/4049 2272/1/4049
f 2272/1/4049 2267/1/4049 2266/1/4049
s 1498
f 2273/1/4050 2271/1/4050 2266/1/4050
f 2266/1/4050 2270/1/4050 2273/1/4050
s 1499
f 2238/1/4051 1450/1/4051 1472/1/4051
f 1472/1/4051 2268/1/4052 2238/1/4051
s 1500
f 2268/1/4053 1472/1/4053 1471/1/4054
f 1471/1/4054 2265/1/4053 2268/1/4053
s 1501
f 2269/1/4055 2265/1/4056 1471/1/4057
f 1471/1/4057 1469/1/4055 2269/1/4055
s 1502
f 2274/1/4058 2269/1/4058 1469/1/4058
f 1469/1/4058 1470/1/4058 2274/1/4058
s 1503
f 2274/1/4059 2275/1/4060 2270/1/4060
f 2270/1/4060 2269/1/4060 2274/1/4059
s 1504
f 2273/1/4061 2270/1/4061 2275/1/4062
f 2275/1/4062 2276/1/4061 2273/1/4061
s 1505
f 2273/1/4063 2276/1/4063 2087/1/4063
f 2087/1/4063 2086/1/4063 2273/1/4063
s 1506
f 2273/1/4064 2086/1/4064 2085/1/4064
f 2085/1/4064 2271/1/4064 2273/1/4064
s 1507
f 2085/1/4065 2084/1/4065 2272/1/4065
f 2272/1/4065 2271/1/4065 2085/1/4065
s 1508
f 2067/1/4066 2240/1/4066 2272/1/4066
f 2272/1/4066 2084/1/4066 2067/1/4066
s 1509
f 2239/1/4067 2267/1/4068 2272/1/4068
f 2272/1/4068 2240/1/4068 2239/1/4067
s 1510
f 2268/1/4069 2267/1/4070 2239/1/4070
f 2239/1/4070 2238/1/4070 2268/1/4069
s 1511
f 2277/1/4071 2278/1/4072 2279/1/4071
f 2279/1/4071 2280/1/4073 2277/1/4071
s 1512
f 2281/1/4074 2282/1/4074 2278/1/4074
f 2278/1/4074 2277/1/4074 2281/1/4074
s 1513
f 2278/1/4075 2283/1/4076 2284/1/4075
f 2284/1/4075 2279/1/4077 2278/1/4075
s 1514
f 2282/1/4078 2285/1/4078 2283/1/4078
f 2283/1/4078 2278/1/4079 2282/1/4078
s 1515
f 2250/1/4080 929/1/4080 952/1/4080
f 952/1/4080 2280/1/4081 2250/1/4080
s 1516
f 2280/1/4082 952/1/4082 951/1/4082
f 951/1/4082 2277/1/4082 2280/1/4082
s 1517
f 950/1/4083 2281/1/4084 2277/1/4083
f 2277/1/4083 951/1/4083 950/1/4083
s 1518
f 950/1/4085 949/1/4085 2286/1/4085
f 2286/1/4085 2281/1/4085 950/1/4085
s 1519
f 2286/1/4086 2287/1/4086 2282/1/4086
f 2282/1/4086 2281/1/4086 2286/1/4086
s 1520
f 2285/1/4087 2282/1/4088 2287/1/4089
f 2287/1/4089 2288/1/4088 2285/1/4087
s 1521
f 2285/1/4090 2288/1/4090 1567/1/4090
f 1567/1/4090 1566/1/4091 2285/1/4090
s 1522
f 2283/1/4092 2285/1/4093 1566/1/4092
f 1566/1/4092 1565/1/4092 2283/1/4092
s 1523
f 1565/1/4094 1564/1/4094 2284/1/4094
f 2284/1/4094 2283/1/4094 1565/1/4094
s 1524
f 1564/1/4095 1547/1/4095 2252/1/4096
f 2252/1/4096 2284/1/4096 1564/1/4095
s 1525
f 2251/1/4097 2279/1/4097 2284/1/4097
f 2284/1/4097 2252/1/4097 2251/1/4097
s 1526
f 2279/1/4098 2251/1/4099 2250/1/4099
f 2250/1/4099 2280/1/4099 2279/1/4098
s 1527
f 2289/1/4100 2290/1/4100 2291/1/4100
f 2291/1/4100 2292/1/4100 2289/1/4100
s 1528
f 2293/1/4101 2294/1/4101 2290/1/4101
f 2290/1/4101 2289/1/4101 2293/1/4101
s 1529
f 2290/1/4102 2295/1/4102 2296/1/4102
f 2296/1/4102 2291/1/4102 2290/1/4102
s 1530
f 2294/1/4103 2297/1/4103 2295/1/4103
f 2295/1/4103 2290/1/4103 2294/1/4103
s 1531
f 1065/1/4104 1064/1/4105 2292/1/4104
f 2292/1/4104 2298/1/4106 1065/1/4104
s 1532
f 1074/1/4107 2289/1/4107 2292/1/4108
f 2292/1/4108 1064/1/4107 1074/1/4107
s 1533
f 1074/1/4109 1073/1/4109 2293/1/4110
f 2293/1/4110 2289/1/4109 1074/1/4109
s 1534
f 2293/1/4111 1073/1/4111 1045/1/4111
f 1045/1/4111 2262/1/4111 2293/1/4111
s 1535
f 2294/1/4112 2293/1/4113 2262/1/4113
f 2262/1/4113 2264/1/4113 2294/1/4112
s 1536
f 2263/1/4114 2297/1/4115 2294/1/4115
f 2294/1/4115 2264/1/4115 2263/1/4114
s 1537
f 1683/1/4116 2297/1/4117 2263/1/4117
f 2263/1/4117 1660/1/4116 1683/1/4116
s 1538
f 2297/1/4118 1683/1/4119 1682/1/4120
f 1682/1/4120 2295/1/4118 2297/1/4118
s 1539
f 2295/1/4121 1682/1/4122 1681/1/4121
f 1681/1/4121 2296/1/4121 2295/1/4121
s 1540
f 1681/1/4123 1680/1/4124 2299/1/4124
f 2299/1/4124 2296/1/4125 1681/1/4123
s 1541
f 2291/1/4126 2296/1/4126 2299/1/4127
f 2299/1/4127 2300/1/4128 2291/1/4126
s 1542
f 2300/1/4129 2298/1/4129 2292/1/4129
f 2292/1/4129 2291/1/4129 2300/1/4129
s 1543
f 2301/1/4130 2302/1/4130 2303/1/4130
f 2303/1/4130 2304/1/4131 2301/1/4130
s 1544
f 2305/1/4132 2306/1/4132 2302/1/4132
f 2302/1/4132 2301/1/4133 2305/1/4132
s 1545
f 2302/1/4134 2307/1/4134 2308/1/4134
f 2308/1/4134 2303/1/4134 2302/1/4134
s 1546
f 2309/1/4135 2307/1/4135 2302/1/4135
f 2302/1/4135 2306/1/4135 2309/1/4135
s 1547
f 2274/1/4136 1470/1/4137 1492/1/4138
f 1492/1/4138 2304/1/4139 2274/1/4136
s 1548
f 2304/1/4140 1492/1/4140 1491/1/4141
f 1491/1/4141 2301/1/4141 2304/1/4140
s 1549
f 2305/1/4142 2301/1/4143 1491/1/4143
f 1491/1/4143 1489/1/4144 2305/1/4142
s 1550
f 2310/1/4145 2305/1/4146 1489/1/4147
f 1489/1/4147 1490/1/4148 2310/1/4145
s 1551
f 2310/1/4149 2311/1/4149 2306/1/4149
f 2306/1/4149 2305/1/4149 2310/1/4149
s 1552
f 2309/1/4150 2306/1/4150 2311/1/4150
f 2311/1/4150 2312/1/4150 2309/1/4150
s 1553
f 2309/1/4151 2312/1/4151 2107/1/4151
f 2107/1/4151 2106/1/4151 2309/1/4151
s 1554
f 2309/1/4152 2106/1/4153 2105/1/4152
f 2105/1/4152 2307/1/4154 2309/1/4152
s 1555
f 2105/1/4155 2104/1/4155 2308/1/4155
f 2308/1/4155 2307/1/4155 2105/1/4155
s 1556
f 2104/1/4156 2087/1/4156 2276/1/4156
f 2276/1/4156 2308/1/4156 2104/1/4156
s 1557
f 2303/1/4157 2308/1/4157 2276/1/4157
f 2276/1/4157 2275/1/4157 2303/1/4157
s 1558
f 2304/1/4158 2303/1/4159 2275/1/4160
f 2275/1/4160 2274/1/4158 2304/1/4158
s 1559
f 2313/1/4161 2314/1/4161 2315/1/4162
f 2315/1/4162 2316/1/4161 2313/1/4161
s 1560
f 2317/1/4163 2318/1/4163 2314/1/4163
f 2314/1/4163 2313/1/4163 2317/1/4163
s 1561
f 2314/1/4164 2319/1/4164 2320/1/4164
f 2320/1/4164 2315/1/4164 2314/1/4164
s 1562
f 2318/1/4165 2321/1/4165 2319/1/4165
f 2319/1/4165 2314/1/4165 2318/1/4165
s 1563
f 2316/1/4166 2286/1/4166 949/1/4167
f 949/1/4167 972/1/4166 2316/1/4166
s 1564
f 971/1/4168 2313/1/4169 2316/1/4169
f 2316/1/4169 972/1/4168 971/1/4168
s 1565
f 969/1/4170 2317/1/4170 2313/1/4170
f 2313/1/4170 971/1/4170 969/1/4170
s 1566
f 2322/1/4171 2317/1/4172 969/1/4172
f 969/1/4172 970/1/4172 2322/1/4171
s 1567
f 2322/1/4173 2323/1/4174 2318/1/4173
f 2318/1/4173 2317/1/4173 2322/1/4173
s 1568
f 2321/1/4175 2318/1/4175 2323/1/4175
f 2323/1/4175 2324/1/4175 2321/1/4175
s 1569
f 2321/1/4176 2324/1/4177 1587/1/4176
f 1587/1/4176 1586/1/4176 2321/1/4176
s 1570
f 2319/1/4178 2321/1/4178 1586/1/4178
f 1586/1/4178 1585/1/4178 2319/1/4178
s 1571
f 2320/1/4179 2319/1/4180 1585/1/4181
f 1585/1/4181 1584/1/4180 2320/1/4179
s 1572
f 1584/1/4182 1567/1/4183 2288/1/4184
f 2288/1/4184 2320/1/4185 1584/1/4182
s 1573
f 2287/1/4186 2315/1/4187 2320/1/4187
f 2320/1/4187 2288/1/4188 2287/1/4186
s 1574
f 2316/1/4189 2315/1/4190 2287/1/4190
f 2287/1/4190 2286/1/4190 2316/1/4189
s 1575
f 2325/1/4191 2326/1/3783 2327/1/4192
f 2327/1/4192 2328/1/3783 2325/1/4191
s 1576
f 2329/1/3782 2330/1/3782 2326/1/3782
f 2326/1/3782 2325/1/3782 2329/1/3782
s 1577
f 2326/1/4193 2331/1/4193 2332/1/4193
f 2332/1/4193 2327/1/3787 2326/1/4193
s 1578
f 2330/1/3784 2333/1/3784 2331/1/3784
f 2331/1/3784 2326/1/3784 2330/1/3784
s 1579
f 2328/1/3792 2334/1/3792 1085/1/3792
f 1085/1/3792 1084/1/3792 2328/1/3792
s 1580
f 1094/1/3791 2325/1/3791 2328/1/3791
f 2328/1/3791 1084/1/3791 1094/1/3791
s 1581
f 1094/1/3790 1093/1/3790 2329/1/3790
f 2329/1/3790 2325/1/3790 1094/1/3790
s 1582
f 2298/1/3788 2329/1/3788 1093/1/3788
f 1093/1/3788 1065/1/4194 2298/1/3788
s 1583
f 2330/1/3804 2329/1/3804 2298/1/3804
f 2298/1/3804 2300/1/3804 2330/1/3804
s 1584
f 2299/1/3803 2333/1/3803 2330/1/3803
f 2330/1/3803 2300/1/3803 2299/1/3803
s 1585
f 1703/1/3801 2333/1/3801 2299/1/3801
f 2299/1/3801 1680/1/3801 1703/1/3801
s 1586
f 2333/1/4195 1703/1/4195 1702/1/4196
f 1702/1/4196 2331/1/3800 2333/1/4195
s 1587
f 2331/1/3798 1702/1/3798 1701/1/3798
f 1701/1/3798 2332/1/3798 2331/1/3798
s 1588
f 1701/1/4197 1700/1/3796 2335/1/4198
f 2335/1/4198 2332/1/3796 1701/1/4197
s 1589
f 2327/1/3795 2332/1/4199 2335/1/3795
f 2335/1/3795 2336/1/3795 2327/1/3795
s 1590
f 2336/1/3793 2334/1/3793 2328/1/3793
f 2328/1/3793 2327/1/3793 2336/1/3793
s 1591
f 2337/1/4200 2338/1/4201 2339/1/4200
f 2339/1/4200 2340/1/4200 2337/1/4200
s 1592
f 2341/1/4202 2342/1/4203 2338/1/4203
f 2338/1/4203 2337/1/4203 2341/1/4202
s 1593
f 2338/1/4204 2343/1/4204 2344/1/4204
f 2344/1/4204 2339/1/4204 2338/1/4204
s 1594
f 2345/1/4205 2343/1/4206 2338/1/4206
f 2338/1/4206 2342/1/4206 2345/1/4205
s 1595
f 2310/1/4207 1490/1/4207 1512/1/4207
f 1512/1/4207 2340/1/4207 2310/1/4207
s 1596
f 2340/1/4208 1512/1/4209 1511/1/4210
f 1511/1/4210 2337/1/4209 2340/1/4208
s 1597
f 2341/1/4211 2337/1/4211 1511/1/4211
f 1511/1/4211 1509/1/4211 2341/1/4211
s 1598
f 2346/1/4212 2341/1/4212 1509/1/4212
f 1509/1/4212 1510/1/4213 2346/1/4212
s 1599
f 2346/1/4214 2347/1/4214 2342/1/4214
f 2342/1/4214 2341/1/4214 2346/1/4214
s 1600
f 2345/1/4215 2342/1/4215 2347/1/4215
f 2347/1/4215 2348/1/4215 2345/1/4215
s 1601
f 2345/1/4216 2348/1/4216 2127/1/4216
f 2127/1/4216 2126/1/4216 2345/1/4216
s 1602
f 2345/1/4217 2126/1/4217 2125/1/4217
f 2125/1/4217 2343/1/4217 2345/1/4217
s 1603
f 2125/1/4218 2124/1/4219 2344/1/4220
f 2344/1/4220 2343/1/4218 2125/1/4218
s 1604
f 2124/1/4221 2107/1/4222 2312/1/4223
f 2312/1/4223 2344/1/4224 2124/1/4221
s 1605
f 2339/1/4225 2344/1/4225 2312/1/4225
f 2312/1/4225 2311/1/4225 2339/1/4225
s 1606
f 2340/1/4226 2339/1/4226 2311/1/4226
f 2311/1/4226 2310/1/4226 2340/1/4226
s 1607
f 2349/1/4227 2350/1/4227 2351/1/4228
f 2351/1/4228 2352/1/4229 2349/1/4227
s 1608
f 2353/1/4230 2354/1/4230 2350/1/4230
f 2350/1/4230 2349/1/4230 2353/1/4230
s 1609
f 2350/1/4231 2355/1/4232 2356/1/4231
f 2356/1/4231 2351/1/4231 2350/1/4231
s 1610
f 2354/1/4233 2357/1/4233 2355/1/4233
f 2355/1/4233 2350/1/4233 2354/1/4233
s 1611
f 2322/1/4234 970/1/4234 992/1/4235
f 992/1/4235 2352/1/4234 2322/1/4234
s 1612
f 991/1/4236 2349/1/4237 2352/1/4236
f 2352/1/4236 992/1/4236 991/1/4236
s 1613
f 990/1/4238 2353/1/4239 2349/1/4240
f 2349/1/4240 991/1/4240 990/1/4238
s 1614
f 2358/1/4241 2353/1/4241 990/1/4242
f 990/1/4242 989/1/4241 2358/1/4241
s 1615
f 2358/1/4243 2359/1/4243 2354/1/4244
f 2354/1/4244 2353/1/4243 2358/1/4243
s 1616
f 2357/1/4245 2354/1/4246 2359/1/4246
f 2359/1/4246 2360/1/4246 2357/1/4245
s 1617
f 2357/1/4247 2360/1/4248 1607/1/4248
f 1607/1/4248 1606/1/4247 2357/1/4247
s 1618
f 2355/1/4249 2357/1/4249 1606/1/4249
f 1606/1/4249 1605/1/4249 2355/1/4249
s 1619
f 2356/1/4250 2355/1/4250 1605/1/4250
f 1605/1/4250 1604/1/4250 2356/1/4250
s 1620
f 1604/1/4251 1587/1/4252 2324/1/4251
f 2324/1/4251 2356/1/4253 1604/1/4251
s 1621
f 2323/1/4254 2351/1/4255 2356/1/4254
f 2356/1/4254 2324/1/4254 2323/1/4254
s 1622
f 2352/1/4256 2351/1/4257 2323/1/4258
f 2323/1/4258 2322/1/4258 2352/1/4256
s 1623
f 2361/1/4259 2362/1/3866 2363/1/4260
f 2363/1/4260 2364/1/4261 2361/1/4259
s 1624
f 2365/1/4262 2366/1/4263 2362/1/4264
f 2362/1/4264 2361/1/4265 2365/1/4262
s 1625
f 2362/1/4266 2367/1/4267 2368/1/3870
f 2368/1/3870 2363/1/3870 2362/1/4266
s 1626
f 2366/1/3868 2369/1/3869 2367/1/3868
f 2367/1/3868 2362/1/3868 2366/1/3868
s 1627
f 2364/1/3875 2370/1/3875 1105/1/3875
f 1105/1/3875 1104/1/3875 2364/1/3875
s 1628
f 1114/1/3873 2361/1/4268 2364/1/4269
f 2364/1/4269 1104/1/3873 1114/1/3873
s 1629
f 1114/1/3872 1113/1/3872 2365/1/3872
f 2365/1/3872 2361/1/3872 1114/1/3872
s 1630
f 2334/1/3871 2365/1/3871 1113/1/3871
f 1113/1/3871 1085/1/3871 2334/1/3871
s 1631
f 2366/1/3897 2365/1/3897 2334/1/4270
f 2334/1/4270 2336/1/3897 2366/1/3897
s 1632
f 2335/1/3895 2369/1/3895 2366/1/3895
f 2366/1/3895 2336/1/3895 2335/1/3895
s 1633
f 1723/1/4271 2369/1/4271 2335/1/4271
f 2335/1/4271 1700/1/3893 1723/1/4271
s 1634
f 2369/1/4272 1723/1/4272 1722/1/4272
f 1722/1/4272 2367/1/3890 2369/1/4272
s 1635
f 2367/1/3889 1722/1/3889 1721/1/3889
f 1721/1/3889 2368/1/3889 2367/1/3889
s 1636
f 1721/1/3885 1720/1/3885 2371/1/3885
f 2371/1/3885 2368/1/3885 1721/1/3885
s 1637
f 2363/1/4273 2368/1/4273 2371/1/4273
f 2371/1/4273 2372/1/4273 2363/1/4273
s 1638
f 2372/1/3877 2370/1/3877 2364/1/3877
f 2364/1/3877 2363/1/3877 2372/1/3877
s 1639
f 2373/1/4274 2374/1/4275 2375/1/4274
f 2375/1/4274 2376/1/4276 2373/1/4274
s 1640
f 2377/1/4277 2378/1/4277 2374/1/4277
f 2374/1/4277 2373/1/4278 2377/1/4277
s 1641
f 2374/1/4279 2379/1/4279 2380/1/4280
f 2380/1/4280 2375/1/4280 2374/1/4279
s 1642
f 2381/1/4281 2379/1/4281 2374/1/4282
f 2374/1/4282 2378/1/4281 2381/1/4281
s 1643
f 2346/1/4283 1510/1/4284 1527/1/4285
f 1527/1/4285 2376/1/4284 2346/1/4283
s 1644
f 2376/1/4286 1527/1/4287 1526/1/4288
f 1526/1/4288 2373/1/4289 2376/1/4286
s 1645
f 2377/1/4290 2373/1/4290 1526/1/4290
f 1526/1/4290 1525/1/4290 2377/1/4290
s 1646
f 2211/1/4291 2377/1/4291 1525/1/4291
f 1525/1/4291 909/1/4291 2211/1/4291
s 1647
f 2216/1/4292 2378/1/4292 2377/1/4292
f 2377/1/4292 2211/1/4292 2216/1/4292
s 1648
f 2215/1/4293 2381/1/4294 2378/1/4293
f 2378/1/4293 2216/1/4293 2215/1/4293
s 1649
f 2381/1/4295 2215/1/4295 884/1/4295
f 884/1/4295 2144/1/4295 2381/1/4295
s 1650
f 2381/1/4296 2144/1/4296 2143/1/4296
f 2143/1/4296 2379/1/4296 2381/1/4296
s 1651
f 2143/1/4297 2142/1/4298 2380/1/4297
f 2380/1/4297 2379/1/4297 2143/1/4297
s 1652
f 2142/1/4299 2127/1/4299 2348/1/4299
f 2348/1/4299 2380/1/4299 2142/1/4299
s 1653
f 2375/1/4300 2380/1/4301 2348/1/4301
f 2348/1/4301 2347/1/4301 2375/1/4300
s 1654
f 2376/1/4302 2375/1/4302 2347/1/4302
f 2347/1/4302 2346/1/4302 2376/1/4302
s 1655
f 2382/1/4303 2383/1/4303 2384/1/4303
f 2384/1/4303 2385/1/4303 2382/1/4303
s 1656
f 2386/1/4304 2387/1/4305 2383/1/4304
f 2383/1/4304 2382/1/4304 2386/1/4304
s 1657
f 2383/1/4306 2388/1/4306 2389/1/4306
f 2389/1/4306 2384/1/4306 2383/1/4306
s 1658
f 2387/1/4307 2390/1/4307 2388/1/4308
f 2388/1/4308 2383/1/4307 2387/1/4307
s 1659
f 2358/1/4309 989/1/4309 1012/1/4309
f 1012/1/4309 2385/1/4310 2358/1/4309
s 1660
f 1011/1/4311 2382/1/4312 2385/1/4311
f 2385/1/4311 1012/1/4311 1011/1/4311
s 1661
f 1010/1/4313 2386/1/4313 2382/1/4313
f 2382/1/4313 1011/1/4314 1010/1/4313
s 1662
f 1010/1/4315 1009/1/4316 2391/1/4317
f 2391/1/4317 2386/1/4318 1010/1/4315
s 1663
f 2391/1/4319 2392/1/4319 2387/1/4319
f 2387/1/4319 2386/1/4319 2391/1/4319
s 1664
f 2387/1/4320 2392/1/4321 2393/1/4321
f 2393/1/4321 2390/1/4321 2387/1/4320
s 1665
f 1627/1/4322 1626/1/4323 2390/1/4322
f 2390/1/4322 2393/1/4324 1627/1/4322
s 1666
f 2388/1/4325 2390/1/4325 1626/1/4325
f 1626/1/4325 1625/1/4325 2388/1/4325
s 1667
f 2389/1/4326 2388/1/4327 1625/1/4327
f 1625/1/4327 1624/1/4328 2389/1/4326
s 1668
f 1624/1/4329 1607/1/4329 2360/1/4329
f 2360/1/4329 2389/1/4329 1624/1/4329
s 1669
f 2359/1/4330 2384/1/4330 2389/1/4330
f 2389/1/4330 2360/1/4330 2359/1/4330
s 1670
f 2385/1/4331 2384/1/4332 2359/1/4331
f 2359/1/4331 2358/1/4331 2385/1/4331
s 1671
f 2394/1/4333 2395/1/4333 2396/1/4333
f 2396/1/4333 2397/1/4333 2394/1/4333
s 1672
f 2398/1/3961 2399/1/3961 2395/1/3961
f 2395/1/3961 2394/1/3961 2398/1/3961
s 1673
f 2395/1/3966 2400/1/3966 2401/1/3965
f 2401/1/3965 2396/1/3966 2395/1/3966
s 1674
f 2399/1/3964 2402/1/3964 2400/1/3964
f 2400/1/3964 2395/1/3964 2399/1/3964
s 1675
f 2397/1/3970 2403/1/3970 1125/1/3970
f 1125/1/3970 1124/1/3970 2397/1/3970
s 1676
f 1134/1/3969 2394/1/3969 2397/1/3969
f 2397/1/3969 1124/1/3969 1134/1/3969
s 1677
f 1134/1/3968 1133/1/3968 2398/1/3968
f 2398/1/3968 2394/1/3968 1134/1/3968
s 1678
f 2370/1/3967 2398/1/3967 1133/1/3967
f 1133/1/3967 1105/1/3967 2370/1/3967
s 1679
f 2399/1/3986 2398/1/3986 2370/1/4334
f 2370/1/4334 2372/1/3985 2399/1/3986
s 1680
f 2371/1/3984 2402/1/3984 2399/1/3984
f 2399/1/3984 2372/1/3984 2371/1/3984
s 1681
f 1743/1/3983 2402/1/3983 2371/1/3983
f 2371/1/3983 1720/1/3983 1743/1/3983
s 1682
f 2402/1/4335 1743/1/3981 1742/1/3981
f 1742/1/3981 2400/1/3981 2402/1/4335
s 1683
f 2400/1/4336 1742/1/3979 1741/1/4336
f 1741/1/4336 2401/1/4337 2400/1/4336
s 1684
f 2401/1/3976 1741/1/3976 1740/1/3976
f 1740/1/3976 2404/1/3976 2401/1/3976
s 1685
f 2401/1/4338 2404/1/3974 2405/1/4339
f 2405/1/4339 2396/1/3974 2401/1/4338
s 1686
f 2396/1/3973 2405/1/3973 2403/1/3973
f 2403/1/3973 2397/1/3972 2396/1/3973
s 1687
f 2406/1/4340 2407/1/4341 2408/1/4340
f 2408/1/4340 2409/1/4340 2406/1/4340
s 1688
f 2410/1/4342 2411/1/4343 2407/1/4343
f 2407/1/4343 2406/1/4342 2410/1/4342
s 1689
f 2407/1/4344 2412/1/4344 2413/1/4344
f 2413/1/4344 2408/1/4344 2407/1/4344
s 1690
f 2414/1/4345 2412/1/4345 2407/1/4345
f 2407/1/4345 2411/1/4345 2414/1/4345
s 1691
f 2391/1/4346 1009/1/4346 1032/1/4346
f 1032/1/4346 2409/1/4346 2391/1/4346
s 1692
f 2409/1/4347 1032/1/4347 1031/1/4347
f 1031/1/4347 2406/1/4348 2409/1/4347
s 1693
f 2410/1/4349 2406/1/4350 1031/1/4350
f 1031/1/4350 1030/1/4350 2410/1/4349
s 1694
f 2415/1/4351 2410/1/4351 1030/1/4351
f 1030/1/4351 1029/1/4351 2415/1/4351
s 1695
f 2415/1/4352 2416/1/4352 2411/1/4352
f 2411/1/4352 2410/1/4352 2415/1/4352
s 1696
f 2414/1/4353 2411/1/4353 2416/1/4354
f 2416/1/4354 2417/1/4354 2414/1/4353
s 1697
f 1647/1/4355 1646/1/4355 2414/1/4355
f 2414/1/4355 2417/1/4355 1647/1/4355
s 1698
f 2414/1/4356 1646/1/4357 1645/1/4358
f 1645/1/4358 2412/1/4357 2414/1/4356
s 1699
f 1645/1/4359 1644/1/4359 2413/1/4359
f 2413/1/4359 2412/1/4359 1645/1/4359
s 1700
f 1644/1/4360 1627/1/4361 2393/1/4360
f 2393/1/4360 2413/1/4362 1644/1/4360
s 1701
f 2408/1/4363 2413/1/4363 2393/1/4363
f 2393/1/4363 2392/1/4363 2408/1/4363
s 1702
f 2409/1/4364 2408/1/4364 2392/1/4364
f 2392/1/4364 2391/1/4364 2409/1/4364
s 1703
f 2418/1/4048 2419/1/4048 2420/1/4048
f 2420/1/4048 2421/1/4048 2418/1/4048
s 1704
f 2422/1/4044 2423/1/4044 2419/1/4044
f 2419/1/4044 2418/1/4044 2422/1/4044
s 1705
f 2419/1/4050 2424/1/4050 2425/1/4050
f 2425/1/4050 2420/1/4050 2419/1/4050
s 1706
f 2423/1/4049 2426/1/4049 2424/1/4049
f 2424/1/4049 2419/1/4049 2423/1/4049
s 1707
f 2421/1/4058 2427/1/4058 1145/1/4058
f 1145/1/4058 1144/1/4058 2421/1/4058
s 1708
f 1154/1/4056 2418/1/4056 2421/1/4056
f 2421/1/4056 1144/1/4056 1154/1/4056
s 1709
f 1154/1/4053 1153/1/4053 2422/1/4053
f 2422/1/4053 2418/1/4053 1154/1/4053
s 1710
f 1153/1/4365 1125/1/4366 2403/1/4365
f 2403/1/4365 2422/1/4051 1153/1/4365
s 1711
f 2423/1/4070 2422/1/4070 2403/1/4070
f 2403/1/4070 2405/1/4070 2423/1/4070
s 1712
f 2404/1/4068 2426/1/4068 2423/1/4068
f 2423/1/4068 2405/1/4068 2404/1/4068
s 1713
f 2404/1/4066 1740/1/4066 1763/1/4066
f 1763/1/4066 2426/1/4066 2404/1/4066
s 1714
f 2426/1/4065 1763/1/4065 1762/1/4065
f 1762/1/4065 2424/1/4065 2426/1/4065
s 1715
f 2424/1/4064 1762/1/4064 1761/1/4064
f 1761/1/4064 2425/1/4064 2424/1/4064
s 1716
f 2425/1/4063 1761/1/4063 1760/1/4063
f 1760/1/4063 2428/1/4063 2425/1/4063
s 1717
f 2429/1/4061 2420/1/4061 2425/1/4061
f 2425/1/4061 2428/1/4061 2429/1/4061
s 1718
f 2420/1/4060 2429/1/4060 2427/1/4060
f 2427/1/4060 2421/1/4060 2420/1/4060
s 1719
f 2430/1/4367 2431/1/4368 2432/1/4368
f 2432/1/4368 2433/1/4368 2430/1/4367
s 1720
f 2434/1/4369 2435/1/4370 2431/1/4369
f 2431/1/4369 2430/1/4369 2434/1/4369
s 1721
f 2431/1/4371 2436/1/4371 2437/1/4372
f 2437/1/4372 2432/1/4371 2431/1/4371
s 1722
f 2438/1/4373 2436/1/4374 2431/1/4374
f 2431/1/4374 2435/1/4374 2438/1/4373
s 1723
f 2415/1/4375 1029/1/4376 1052/1/4377
f 1052/1/4377 2433/1/4375 2415/1/4375
s 1724
f 2433/1/4378 1052/1/4378 1051/1/4379
f 1051/1/4379 2430/1/4378 2433/1/4378
s 1725
f 2434/1/4380 2430/1/4380 1051/1/4380
f 1051/1/4380 1049/1/4381 2434/1/4380
s 1726
f 2434/1/4382 1049/1/4382 1050/1/4382
f 1050/1/4382 2439/1/4382 2434/1/4382
s 1727
f 2439/1/4383 2440/1/4383 2435/1/4384
f 2435/1/4384 2434/1/4383 2439/1/4383
s 1728
f 2438/1/4385 2435/1/4385 2440/1/4385
f 2440/1/4385 2441/1/4385 2438/1/4385
s 1729
f 1667/1/4386 1666/1/4387 2438/1/4388
f 2438/1/4388 2441/1/4389 1667/1/4386
s 1730
f 2438/1/4390 1666/1/4391 1665/1/4391
f 1665/1/4391 2436/1/4392 2438/1/4390
s 1731
f 1665/1/4393 1664/1/4393 2437/1/4393
f 2437/1/4393 2436/1/4393 1665/1/4393
s 1732
f 1664/1/4394 1647/1/4394 2417/1/4394
f 2417/1/4394 2437/1/4394 1664/1/4394
s 1733
f 2416/1/4395 2432/1/4396 2437/1/4396
f 2437/1/4396 2417/1/4397 2416/1/4395
s 1734
f 2432/1/4398 2416/1/4399 2415/1/4399
f 2415/1/4399 2433/1/4399 2432/1/4398
s 1735
f 2442/1/4132 2443/1/4132 2444/1/4132
f 2444/1/4132 2445/1/4132 2442/1/4132
s 1736
f 2446/1/4131 2447/1/4131 2443/1/4400
f 2443/1/4400 2442/1/4131 2446/1/4131
s 1737
f 2443/1/4135 2448/1/4135 2449/1/4135
f 2449/1/4135 2444/1/4135 2443/1/4135
s 1738
f 2447/1/4134 2450/1/4134 2448/1/4134
f 2448/1/4134 2443/1/4134 2447/1/4134
s 1739
f 2445/1/4401 2451/1/4148 1165/1/4148
f 1165/1/4148 1164/1/4148 2445/1/4401
s 1740
f 1174/1/4402 2442/1/4402 2445/1/4403
f 2445/1/4403 1164/1/4143 1174/1/4402
s 1741
f 1174/1/4140 1173/1/4140 2446/1/4140
f 2446/1/4140 2442/1/4140 1174/1/4140
s 1742
f 1173/1/4139 1145/1/4139 2427/1/4139
f 2427/1/4139 2446/1/4139 1173/1/4139
s 1743
f 2447/1/4159 2446/1/4159 2427/1/4159
f 2427/1/4159 2429/1/4159 2447/1/4159
s 1744
f 2428/1/4157 2450/1/4157 2447/1/4157
f 2447/1/4157 2429/1/4157 2428/1/4157
s 1745
f 2428/1/4404 1760/1/4156 1783/1/4405
f 1783/1/4405 2450/1/4156 2428/1/4404
s 1746
f 2450/1/4406 1783/1/4407 1782/1/4406
f 1782/1/4406 2448/1/4408 2450/1/4406
s 1747
f 2448/1/4154 1782/1/4154 1781/1/4409
f 1781/1/4409 2449/1/4154 2448/1/4154
s 1748
f 2449/1/4151 1781/1/4410 1780/1/4411
f 1780/1/4411 2452/1/4151 2449/1/4151
s 1749
f 2453/1/4150 2444/1/4150 2449/1/4150
f 2449/1/4150 2452/1/4150 2453/1/4150
s 1750
f 2444/1/4149 2453/1/4149 2451/1/4412
f 2451/1/4412 2445/1/4413 2444/1/4149
s 1751
f 2454/1/4414 2455/1/4414 2456/1/4414
f 2456/1/4414 2457/1/4414 2454/1/4414
s 1752
f 2458/1/4415 2459/1/4415 2455/1/4416
f 2455/1/4416 2454/1/4415 2458/1/4415
s 1753
f 2455/1/4417 2460/1/4417 2461/1/4417
f 2461/1/4417 2456/1/4417 2455/1/4417
s 1754
f 2462/1/4418 2460/1/4419 2455/1/4419
f 2455/1/4419 2459/1/4419 2462/1/4418
s 1755
f 2439/1/4420 1050/1/4420 1072/1/4420
f 1072/1/4420 2457/1/4420 2439/1/4420
s 1756
f 2457/1/4421 1072/1/4421 1071/1/4422
f 1071/1/4422 2454/1/4423 2457/1/4421
s 1757
f 2458/1/4424 2454/1/4424 1071/1/4424
f 1071/1/4424 1069/1/4424 2458/1/4424
s 1758
f 2458/1/4425 1069/1/4425 1070/1/4425
f 1070/1/4425 2463/1/4425 2458/1/4425
s 1759
f 2463/1/4426 2464/1/4427 2459/1/4428
f 2459/1/4428 2458/1/4428 2463/1/4426
s 1760
f 2462/1/4429 2459/1/4430 2464/1/4430
f 2464/1/4430 2465/1/4430 2462/1/4429
s 1761
f 1687/1/4431 1686/1/4431 2462/1/4431
f 2462/1/4431 2465/1/4431 1687/1/4431
s 1762
f 2462/1/4432 1686/1/4433 1685/1/4432
f 1685/1/4432 2460/1/4432 2462/1/4432
s 1763
f 1685/1/4434 1684/1/4435 2461/1/4436
f 2461/1/4436 2460/1/4437 1685/1/4434
s 1764
f 1684/1/4438 1667/1/4439 2441/1/4440
f 2441/1/4440 2461/1/4440 1684/1/4438
s 1765
f 2440/1/4441 2456/1/4441 2461/1/4441
f 2461/1/4441 2441/1/4441 2440/1/4441
s 1766
f 2439/1/4442 2457/1/4442 2456/1/4442
f 2456/1/4442 2440/1/4442 2439/1/4442
s 1767
f 2466/1/4202 2467/1/4203 2468/1/4443
f 2468/1/4443 2469/1/4203 2466/1/4202
s 1768
f 2470/1/4201 2471/1/4444 2467/1/4445
f 2467/1/4445 2466/1/4201 2470/1/4201
s 1769
f 2467/1/4206 2472/1/4206 2473/1/4446
f 2473/1/4446 2468/1/4206 2467/1/4206
s 1770
f 2471/1/4204 2474/1/4204 2472/1/4204
f 2472/1/4204 2467/1/4204 2471/1/4204
s 1771
f 2469/1/4212 2475/1/4212 1185/1/4212
f 1185/1/4212 1184/1/4212 2469/1/4212
s 1772
f 1194/1/4447 2466/1/4211 2469/1/4211
f 2469/1/4211 1184/1/4211 1194/1/4447
s 1773
f 1194/1/4208 1193/1/4208 2470/1/4209
f 2470/1/4209 2466/1/4209 1194/1/4208
s 1774
f 1193/1/4207 1165/1/4207 2451/1/4207
f 2451/1/4207 2470/1/4207 1193/1/4207
s 1775
f 2471/1/4226 2470/1/4448 2451/1/4226
f 2451/1/4226 2453/1/4226 2471/1/4226
s 1776
f 2452/1/4225 2474/1/4225 2471/1/4225
f 2471/1/4225 2453/1/4225 2452/1/4225
s 1777
f 2452/1/4223 1780/1/4449 1803/1/4223
f 1803/1/4223 2474/1/4449 2452/1/4223
s 1778
f 2474/1/4450 1803/1/4450 1802/1/4450
f 1802/1/4450 2472/1/4450 2474/1/4450
s 1779
f 2472/1/4217 1802/1/4217 1801/1/4217
f 1801/1/4217 2473/1/4217 2472/1/4217
s 1780
f 2473/1/4216 1801/1/4216 1800/1/4216
f 1800/1/4216 2476/1/4216 2473/1/4216
s 1781
f 2473/1/4215 2476/1/4215 2477/1/4215
f 2477/1/4215 2468/1/4215 2473/1/4215
s 1782
f 2468/1/4214 2477/1/4214 2475/1/4214
f 2475/1/4214 2469/1/4214 2468/1/4214
s 1783
f 2478/1/4451 2479/1/4451 2480/1/4452
f 2480/1/4452 2481/1/4451 2478/1/4451
s 1784
f 2482/1/4453 2483/1/4453 2479/1/4453
f 2479/1/4453 2478/1/4454 2482/1/4453
s 1785
f 2479/1/4455 2484/1/4455 2485/1/4455
f 2485/1/4455 2480/1/4455 2479/1/4455
s 1786
f 2486/1/4456 2484/1/4457 2479/1/4456
f 2479/1/4456 2483/1/4456 2486/1/4456
s 1787
f 2463/1/4458 1070/1/4459 1092/1/4459
f 1092/1/4459 2481/1/4459 2463/1/4458
s 1788
f 2481/1/4460 1092/1/4460 1091/1/4460
f 1091/1/4460 2478/1/4460 2481/1/4460
s 1789
f 2482/1/4461 2478/1/4461 1091/1/4461
f 1091/1/4461 1089/1/4461 2482/1/4461
s 1790
f 2482/1/4462 1089/1/4462 1090/1/4462
f 1090/1/4462 2487/1/4462 2482/1/4462
s 1791
f 2487/1/4463 2488/1/4463 2483/1/4463
f 2483/1/4463 2482/1/4463 2487/1/4463
s 1792
f 2486/1/4464 2483/1/4464 2488/1/4464
f 2488/1/4464 2489/1/4464 2486/1/4464
s 1793
f 1707/1/4465 1706/1/4465 2486/1/4465
f 2486/1/4465 2489/1/4465 1707/1/4465
s 1794
f 2486/1/4466 1706/1/4466 1705/1/4467
f 1705/1/4467 2484/1/4467 2486/1/4466
s 1795
f 1705/1/4468 1704/1/4469 2485/1/4469
f 2485/1/4469 2484/1/4469 1705/1/4468
s 1796
f 1704/1/4470 1687/1/4471 2465/1/4471
f 2465/1/4471 2485/1/4470 1704/1/4470
s 1797
f 2464/1/4472 2480/1/4473 2485/1/4472
f 2485/1/4472 2465/1/4472 2464/1/4472
s 1798
f 2480/1/4474 2464/1/4474 2463/1/4474
f 2463/1/4474 2481/1/4474 2480/1/4474
s 1799
f 2490/1/4277 2491/1/4277 2492/1/4277
f 2492/1/4277 2493/1/4277 2490/1/4277
s 1800
f 2494/1/4275 2495/1/4475 2491/1/4275
f 2491/1/4275 2490/1/4275 2494/1/4275
s 1801
f 2491/1/4281 2496/1/4281 2497/1/4281
f 2497/1/4281 2492/1/4281 2491/1/4281
s 1802
f 2495/1/4476 2498/1/4477 2496/1/4279
f 2496/1/4279 2491/1/4279 2495/1/4476
s 1803
f 2493/1/4291 2499/1/4291 1205/1/4291
f 1205/1/4291 1204/1/4291 2493/1/4291
s 1804
f 1214/1/4478 2490/1/4290 2493/1/4290
f 2493/1/4290 1204/1/4290 1214/1/4478
s 1805
f 1214/1/4289 1213/1/4289 2494/1/4289
f 2494/1/4289 2490/1/4289 1214/1/4289
s 1806
f 1213/1/4479 1185/1/4284 2475/1/4479
f 2475/1/4479 2494/1/4480 1213/1/4479
s 1807
f 2495/1/4302 2494/1/4302 2475/1/4302
f 2475/1/4302 2477/1/4302 2495/1/4302
s 1808
f 2476/1/4300 2498/1/4301 2495/1/4301
f 2495/1/4301 2477/1/4301 2476/1/4300
s 1809
f 2476/1/4481 1800/1/4482 1823/1/4481
f 1823/1/4481 2498/1/4483 2476/1/4481
s 1810
f 2498/1/4298 1823/1/4297 1822/1/4297
f 1822/1/4297 2496/1/4297 2498/1/4298
s 1811
f 2496/1/4484 1822/1/4296 1821/1/4296
f 1821/1/4296 2497/1/4296 2496/1/4484
s 1812
f 2497/1/4295 1821/1/4295 1820/1/4295
f 1820/1/4295 2500/1/4295 2497/1/4295
s 1813
f 2501/1/4293 2492/1/4293 2497/1/4293
f 2497/1/4293 2500/1/4293 2501/1/4293
s 1814
f 2492/1/4292 2501/1/4292 2499/1/4485
f 2499/1/4485 2493/1/4292 2492/1/4292
s 1815
f 2502/1/4486 2503/1/4486 2504/1/4486
f 2504/1/4486 2505/1/4487 2502/1/4486
s 1816
f 2506/1/4488 2507/1/4488 2503/1/4489
f 2503/1/4489 2502/1/4488 2506/1/4488
s 1817
f 2503/1/4490 2508/1/4491 2509/1/4492
f 2509/1/4492 2504/1/4491 2503/1/4490
s 1818
f 2510/1/4493 2508/1/4494 2503/1/4493
f 2503/1/4493 2507/1/4495 2510/1/4493
s 1819
f 2487/1/4496 1090/1/4497 1112/1/4496
f 1112/1/4496 2505/1/4496 2487/1/4496
s 1820
f 2505/1/4498 1112/1/4499 1111/1/4500
f 1111/1/4500 2502/1/4498 2505/1/4498
s 1821
f 2506/1/4501 2502/1/4501 1111/1/4501
f 1111/1/4501 1109/1/4501 2506/1/4501
s 1822
f 2506/1/4502 1109/1/4503 1110/1/4502
f 1110/1/4502 2511/1/4504 2506/1/4502
s 1823
f 2511/1/4505 2512/1/4505 2507/1/4505
f 2507/1/4505 2506/1/4505 2511/1/4505
s 1824
f 2510/1/4506 2507/1/4506 2512/1/4506
f 2512/1/4506 2513/1/4506 2510/1/4506
s 1825
f 1727/1/4507 1726/1/4508 2510/1/4507
f 2510/1/4507 2513/1/4507 1727/1/4507
s 1826
f 2510/1/4509 1726/1/4509 1725/1/4509
f 1725/1/4509 2508/1/4509 2510/1/4509
s 1827
f 1725/1/4510 1724/1/4510 2509/1/4510
f 2509/1/4510 2508/1/4510 1725/1/4510
s 1828
f 1724/1/4511 1707/1/4511 2489/1/4512
f 2489/1/4512 2509/1/4511 1724/1/4511
s 1829
f 2488/1/4513 2504/1/4513 2509/1/4513
f 2509/1/4513 2489/1/4513 2488/1/4513
s 1830
f 2504/1/4514 2488/1/4514 2487/1/4514
f 2487/1/4514 2505/1/4514 2504/1/4514
s 1831
f 2514/1/3899 2515/1/3899 2516/1/3899
f 2516/1/3899 2517/1/3899 2514/1/3899
s 1832
f 2518/1/3898 2519/1/3898 2515/1/3898
f 2515/1/3898 2514/1/3898 2518/1/3898
s 1833
f 2515/1/3904 2520/1/3905 2521/1/3904
f 2521/1/3904 2516/1/3903 2515/1/3904
s 1834
f 2519/1/3901 2522/1/3901 2520/1/3901
f 2520/1/3901 2515/1/3901 2519/1/3901
s 1835
f 2517/1/3911 2523/1/3911 1225/1/3911
f 1225/1/3911 1224/1/3911 2517/1/3911
s 1836
f 1234/1/4515 2514/1/4515 2517/1/4515
f 2517/1/4515 1224/1/4515 1234/1/4515
s 1837
f 1234/1/3907 1233/1/3907 2518/1/3907
f 2518/1/3907 2514/1/3907 1234/1/3907
s 1838
f 1233/1/3906 1205/1/3906 2499/1/3906
f 2499/1/3906 2518/1/3906 1233/1/3906
s 1839
f 2519/1/3925 2518/1/3925 2499/1/3925
f 2499/1/3925 2501/1/3925 2519/1/3925
s 1840
f 2500/1/3924 2522/1/3924 2519/1/3924
f 2519/1/3924 2501/1/3924 2500/1/3924
s 1841
f 2500/1/3923 1820/1/3923 1843/1/3923
f 1843/1/3923 2522/1/3923 2500/1/3923
s 1842
f 2522/1/3919 1843/1/3919 1842/1/3919
f 1842/1/3919 2520/1/3919 2522/1/3919
s 1843
f 2520/1/4516 1842/1/4517 1841/1/4518
f 1841/1/4518 2521/1/4517 2520/1/4516
s 1844
f 2521/1/4519 1841/1/3917 1840/1/4519
f 1840/1/4519 2524/1/4520 2521/1/4519
s 1845
f 2525/1/3915 2516/1/3915 2521/1/3914
f 2521/1/3914 2524/1/3916 2525/1/3915
s 1846
f 2516/1/3913 2525/1/3913 2523/1/3913
f 2523/1/3913 2517/1/3913 2516/1/3913
s 1847
f 2526/1/4521 2527/1/4521 2528/1/4522
f 2528/1/4522 2529/1/4523 2526/1/4521
s 1848
f 2530/1/4524 2531/1/4524 2527/1/4524
f 2527/1/4524 2526/1/4525 2530/1/4524
s 1849
f 2527/1/4526 2532/1/4526 2533/1/4526
f 2533/1/4526 2528/1/4526 2527/1/4526
s 1850
f 2534/1/4527 2532/1/4528 2527/1/4528
f 2527/1/4528 2531/1/4527 2534/1/4527
s 1851
f 2511/1/4529 1110/1/4529 1132/1/4529
f 1132/1/4529 2529/1/4529 2511/1/4529
s 1852
f 2529/1/4530 1132/1/4530 1131/1/4530
f 1131/1/4530 2526/1/4530 2529/1/4530
s 1853
f 2530/1/4531 2526/1/4531 1131/1/4531
f 1131/1/4531 1129/1/4531 2530/1/4531
s 1854
f 2530/1/4532 1129/1/4533 1130/1/4534
f 1130/1/4534 2535/1/4534 2530/1/4532
s 1855
f 2535/1/4535 2536/1/4535 2531/1/4536
f 2531/1/4536 2530/1/4535 2535/1/4535
s 1856
f 2534/1/4537 2531/1/4538 2536/1/4538
f 2536/1/4538 2537/1/4537 2534/1/4537
s 1857
f 1747/1/4539 1746/1/4540 2534/1/4540
f 2534/1/4540 2537/1/4541 1747/1/4539
s 1858
f 2534/1/4542 1746/1/4542 1745/1/4542
f 1745/1/4542 2532/1/4543 2534/1/4542
s 1859
f 1745/1/4544 1744/1/4545 2533/1/4544
f 2533/1/4544 2532/1/4544 1745/1/4544
s 1860
f 1744/1/4546 1727/1/4546 2513/1/4546
f 2513/1/4546 2533/1/4547 1744/1/4546
s 1861
f 2512/1/4548 2528/1/4548 2533/1/4549
f 2533/1/4549 2513/1/4548 2512/1/4548
s 1862
f 2511/1/4550 2529/1/4550 2528/1/4550
f 2528/1/4550 2512/1/4550 2511/1/4550
s 1863
f 2538/1/3989 2539/1/3989 2540/1/3989
f 2540/1/3989 2541/1/3989 2538/1/3989
s 1864
f 2542/1/4551 2543/1/3987 2539/1/4552
f 2539/1/4552 2538/1/3987 2542/1/4551
s 1865
f 2539/1/3994 2544/1/3994 2545/1/3994
f 2545/1/3994 2540/1/3994 2539/1/3994
s 1866
f 2543/1/3992 2546/1/4553 2544/1/4554
f 2544/1/4554 2539/1/3992 2543/1/3992
s 1867
f 2541/1/4001 2547/1/4555 1245/1/4556
f 1245/1/4556 1244/1/4557 2541/1/4001
s 1868
f 1254/1/3998 2538/1/3998 2541/1/3998
f 2541/1/3998 1244/1/3998 1254/1/3998
s 1869
f 1254/1/3997 1253/1/3997 2542/1/3997
f 2542/1/3997 2538/1/3997 1254/1/3997
s 1870
f 1253/1/3996 1225/1/3996 2523/1/3996
f 2523/1/3996 2542/1/3996 1253/1/3996
s 1871
f 2543/1/4015 2542/1/4015 2523/1/4015
f 2523/1/4015 2525/1/4558 2543/1/4015
s 1872
f 2524/1/4559 2546/1/4560 2543/1/4559
f 2543/1/4559 2525/1/4014 2524/1/4559
s 1873
f 2524/1/4013 1840/1/4561 1863/1/4013
f 1863/1/4013 2546/1/4013 2524/1/4013
s 1874
f 2546/1/4011 1863/1/4011 1862/1/4011
f 1862/1/4011 2544/1/4011 2546/1/4011
s 1875
f 2544/1/4009 1862/1/4009 1861/1/4009
f 1861/1/4009 2545/1/4009 2544/1/4009
s 1876
f 2545/1/4006 1861/1/4006 1860/1/4006
f 1860/1/4006 2548/1/4006 2545/1/4006
s 1877
f 2549/1/4562 2540/1/4004 2545/1/4004
f 2545/1/4004 2548/1/4004 2549/1/4562
s 1878
f 2540/1/4002 2549/1/4002 2547/1/4002
f 2547/1/4002 2541/1/4002 2540/1/4002
s 1879
f 2550/1/4563 2551/1/4563 2552/1/4564
f 2552/1/4564 2553/1/4564 2550/1/4563
s 1880
f 2554/1/4565 2555/1/4565 2551/1/4565
f 2551/1/4565 2550/1/4565 2554/1/4565
s 1881
f 2551/1/4566 2556/1/4567 2557/1/4566
f 2557/1/4566 2552/1/4568 2551/1/4566
s 1882
f 2558/1/4569 2556/1/4570 2551/1/4569
f 2551/1/4569 2555/1/4569 2558/1/4569
s 1883
f 2535/1/4571 1130/1/4572 1152/1/4572
f 1152/1/4572 2553/1/4572 2535/1/4571
s 1884
f 2553/1/4573 1152/1/4573 1151/1/4573
f 1151/1/4573 2550/1/4573 2553/1/4573
s 1885
f 2554/1/4574 2550/1/4575 1151/1/4575
f 1151/1/4575 1149/1/4575 2554/1/4574
s 1886
f 2554/1/4576 1149/1/4576 1150/1/4576
f 1150/1/4576 2559/1/4576 2554/1/4576
s 1887
f 2559/1/4577 2560/1/4577 2555/1/4577
f 2555/1/4577 2554/1/4577 2559/1/4577
s 1888
f 2558/1/4578 2555/1/4579 2560/1/4578
f 2560/1/4578 2561/1/4580 2558/1/4578
s 1889
f 1767/1/4581 1766/1/4581 2558/1/4581
f 2558/1/4581 2561/1/4581 1767/1/4581
s 1890
f 2558/1/4582 1766/1/4582 1765/1/4582
f 1765/1/4582 2556/1/4582 2558/1/4582
s 1891
f 1765/1/4583 1764/1/4584 2557/1/4584
f 2557/1/4584 2556/1/4584 1765/1/4583
s 1892
f 1764/1/4585 1747/1/4586 2537/1/4585
f 2537/1/4585 2557/1/4587 1764/1/4585
s 1893
f 2536/1/4588 2552/1/4588 2557/1/4588
f 2557/1/4588 2537/1/4588 2536/1/4588
s 1894
f 2535/1/4589 2553/1/4589 2552/1/4589
f 2552/1/4589 2536/1/4589 2535/1/4589
s 1895
f 2562/1/4074 2563/1/4074 2564/1/4074
f 2564/1/4074 2565/1/4074 2562/1/4074
s 1896
f 2566/1/4590 2567/1/4590 2563/1/4590
f 2563/1/4590 2562/1/4590 2566/1/4590
s 1897
f 2563/1/4078 2568/1/4078 2569/1/4078
f 2569/1/4078 2564/1/4078 2563/1/4078
s 1898
f 2567/1/4077 2570/1/4077 2568/1/4077
f 2568/1/4077 2563/1/4077 2567/1/4077
s 1899
f 2565/1/4591 2571/1/4085 1265/1/4591
f 1265/1/4591 1264/1/4591 2565/1/4591
s 1900
f 1274/1/4592 2562/1/4593 2565/1/4593
f 2565/1/4593 1264/1/4593 1274/1/4592
s 1901
f 1274/1/4082 1273/1/4594 2566/1/4595
f 2566/1/4595 2562/1/4082 1274/1/4082
s 1902
f 1273/1/4080 1245/1/4596 2547/1/4080
f 2547/1/4080 2566/1/4080 1273/1/4080
s 1903
f 2567/1/4099 2566/1/4098 2547/1/4099
f 2547/1/4099 2549/1/4099 2567/1/4099
s 1904
f 2548/1/4097 2570/1/4097 2567/1/4097
f 2567/1/4097 2549/1/4097 2548/1/4097
s 1905
f 2548/1/4597 1860/1/4598 1883/1/4096
f 1883/1/4096 2570/1/4096 2548/1/4597
s 1906
f 2570/1/4094 1883/1/4094 1882/1/4094
f 1882/1/4094 2568/1/4094 2570/1/4094
s 1907
f 2568/1/4093 1882/1/4093 1881/1/4092
f 1881/1/4092 2569/1/4093 2568/1/4093
s 1908
f 2569/1/4091 1881/1/4091 1880/1/4599
f 1880/1/4599 2572/1/4091 2569/1/4091
s 1909
f 2573/1/4600 2564/1/4088 2569/1/4088
f 2569/1/4088 2572/1/4088 2573/1/4600
s 1910
f 2564/1/4601 2573/1/4086 2571/1/4086
f 2571/1/4086 2565/1/4086 2564/1/4601
s 1911
f 2574/1/4602 2575/1/4602 2576/1/4602
f 2576/1/4602 2577/1/4602 2574/1/4602
s 1912
f 2578/1/4603 2579/1/4604 2575/1/4603
f 2575/1/4603 2574/1/4605 2578/1/4603
s 1913
f 2575/1/4606 2580/1/4606 2581/1/4606
f 2581/1/4606 2576/1/4607 2575/1/4606
s 1914
f 2582/1/4608 2580/1/4609 2575/1/4608
f 2575/1/4608 2579/1/4610 2582/1/4608
s 1915
f 2559/1/4611 1150/1/4612 1172/1/4611
f 1172/1/4611 2577/1/4611 2559/1/4611
s 1916
f 2577/1/4613 1172/1/4614 1171/1/4613
f 1171/1/4613 2574/1/4615 2577/1/4613
s 1917
f 2578/1/4616 2574/1/4617 1171/1/4616
f 1171/1/4616 1169/1/4616 2578/1/4616
s 1918
f 2578/1/4618 1169/1/4619 1170/1/4618
f 1170/1/4618 2583/1/4620 2578/1/4618
s 1919
f 2583/1/4621 2584/1/4621 2579/1/4621
f 2579/1/4621 2578/1/4621 2583/1/4621
s 1920
f 2582/1/4622 2579/1/4622 2584/1/4622
f 2584/1/4622 2585/1/4622 2582/1/4622
s 1921
f 1787/1/4623 1786/1/4624 2582/1/4624
f 2582/1/4624 2585/1/4624 1787/1/4623
s 1922
f 2582/1/4625 1786/1/4625 1785/1/4625
f 1785/1/4625 2580/1/4625 2582/1/4625
s 1923
f 1785/1/4626 1784/1/4627 2581/1/4628
f 2581/1/4628 2580/1/4627 1785/1/4626
s 1924
f 1784/1/4629 1767/1/4629 2561/1/4630
f 2561/1/4630 2581/1/4629 1784/1/4629
s 1925
f 2560/1/4631 2576/1/4632 2581/1/4633
f 2581/1/4633 2561/1/4632 2560/1/4631
s 1926
f 2576/1/4634 2560/1/4635 2559/1/4635
f 2559/1/4635 2577/1/4635 2576/1/4634
s 1927
f 2586/1/4163 2587/1/4163 2588/1/4163
f 2588/1/4163 2589/1/4163 2586/1/4163
s 1928
f 2590/1/4636 2591/1/4161 2587/1/4161
f 2587/1/4161 2586/1/4161 2590/1/4636
s 1929
f 2587/1/4165 2592/1/4165 2593/1/4165
f 2593/1/4165 2588/1/4165 2587/1/4165
s 1930
f 2591/1/4164 2594/1/4164 2592/1/4164
f 2592/1/4164 2587/1/4164 2591/1/4164
s 1931
f 2589/1/4637 2595/1/4172 1285/1/4638
f 1285/1/4638 1284/1/4639 2589/1/4637
s 1932
f 1294/1/4170 2586/1/4170 2589/1/4170
f 2589/1/4170 1284/1/4170 1294/1/4170
s 1933
f 1294/1/4168 1293/1/4168 2590/1/4168
f 2590/1/4168 2586/1/4168 1294/1/4168
s 1934
f 1293/1/4640 1265/1/4167 2571/1/4166
f 2571/1/4166 2590/1/4166 1293/1/4640
s 1935
f 2591/1/4641 2590/1/4190 2571/1/4642
f 2571/1/4642 2573/1/4190 2591/1/4641
s 1936
f 2572/1/4187 2594/1/4187 2591/1/4187
f 2591/1/4187 2573/1/4187 2572/1/4187
s 1937
f 2572/1/4183 1880/1/4183 1903/1/4183
f 1903/1/4183 2594/1/4183 2572/1/4183
s 1938
f 2594/1/4643 1903/1/4644 1902/1/4181
f 1902/1/4181 2592/1/4180 2594/1/4643
s 1939
f 2592/1/4178 1902/1/4178 1901/1/4178
f 1901/1/4178 2593/1/4178 2592/1/4178
s 1940
f 2593/1/4645 1901/1/4645 1900/1/4646
f 1900/1/4646 2596/1/4647 2593/1/4645
s 1941
f 2597/1/4175 2588/1/4175 2593/1/4175
f 2593/1/4175 2596/1/4175 2597/1/4175
s 1942
f 2588/1/4173 2597/1/4173 2595/1/4173
f 2595/1/4173 2589/1/4173 2588/1/4173
s 1943
f 2598/1/4648 2599/1/4649 2600/1/4650
f 2600/1/4650 2601/1/4649 2598/1/4648
s 1944
f 2602/1/4651 2603/1/4652 2599/1/4652
f 2599/1/4652 2598/1/4652 2602/1/4651
s 1945
f 2599/1/4653 2604/1/4654 2605/1/4653
f 2605/1/4653 2600/1/4655 2599/1/4653
s 1946
f 2606/1/4656 2604/1/4656 2599/1/4657
f 2599/1/4657 2603/1/4656 2606/1/4656
s 1947
f 2583/1/4658 1170/1/4659 1192/1/4658
f 1192/1/4658 2601/1/4660 2583/1/4658
s 1948
f 2601/1/4661 1192/1/4661 1191/1/4661
f 1191/1/4661 2598/1/4661 2601/1/4661
s 1949
f 2602/1/4662 2598/1/4662 1191/1/4662
f 1191/1/4662 1189/1/4662 2602/1/4662
s 1950
f 2602/1/4663 1189/1/4663 1190/1/4663
f 1190/1/4663 2607/1/4663 2602/1/4663
s 1951
f 2607/1/4664 2608/1/4664 2603/1/4664
f 2603/1/4664 2602/1/4664 2607/1/4664
s 1952
f 2606/1/4665 2603/1/4665 2608/1/4665
f 2608/1/4665 2609/1/4665 2606/1/4665
s 1953
f 1807/1/4666 1806/1/4667 2606/1/4666
f 2606/1/4666 2609/1/4668 1807/1/4666
s 1954
f 2606/1/4669 1806/1/4669 1805/1/4669
f 1805/1/4669 2604/1/4669 2606/1/4669
s 1955
f 1805/1/4670 1804/1/4670 2605/1/4670
f 2605/1/4670 2604/1/4670 1805/1/4670
s 1956
f 1804/1/4671 1787/1/4671 2585/1/4672
f 2585/1/4672 2605/1/4671 1804/1/4671
s 1957
f 2584/1/4673 2600/1/4673 2605/1/4673
f 2605/1/4673 2585/1/4674 2584/1/4673
s 1958
f 2600/1/4675 2584/1/4675 2583/1/4675
f 2583/1/4675 2601/1/4675 2600/1/4675
s 1959
f 2610/1/4230 2611/1/4230 2612/1/4676
f 2612/1/4676 2613/1/4230 2610/1/4230
s 1960
f 2614/1/4677 2615/1/4677 2611/1/4677
f 2611/1/4677 2610/1/4678 2614/1/4677
s 1961
f 2611/1/4233 2616/1/4233 2617/1/4679
f 2617/1/4679 2612/1/4233 2611/1/4233
s 1962
f 2615/1/4232 2618/1/4232 2616/1/4232
f 2616/1/4232 2611/1/4231 2615/1/4232
s 1963
f 2613/1/4241 2619/1/4680 1305/1/4681
f 1305/1/4681 1304/1/4241 2613/1/4241
s 1964
f 1314/1/4240 2610/1/4682 2613/1/4240
f 2613/1/4240 1304/1/4240 1314/1/4240
s 1965
f 1314/1/4237 1313/1/4237 2614/1/4683
f 2614/1/4683 2610/1/4237 1314/1/4237
s 1966
f 1313/1/4684 1285/1/4684 2595/1/4684
f 2595/1/4684 2614/1/4685 1313/1/4684
s 1967
f 2615/1/4256 2614/1/4257 2595/1/4257
f 2595/1/4257 2597/1/4257 2615/1/4256
s 1968
f 2596/1/4254 2618/1/4255 2615/1/4254
f 2615/1/4254 2597/1/4255 2596/1/4254
s 1969
f 2596/1/4686 1900/1/4687 1923/1/4688
f 1923/1/4688 2618/1/4689 2596/1/4686
s 1970
f 2618/1/4250 1923/1/4690 1922/1/4250
f 1922/1/4250 2616/1/4250 2618/1/4250
s 1971
f 2616/1/4249 1922/1/4249 1921/1/4249
f 1921/1/4249 2617/1/4249 2616/1/4249
s 1972
f 2617/1/4248 1921/1/4247 1920/1/4248
f 1920/1/4248 2620/1/4248 2617/1/4248
s 1973
f 2621/1/4691 2612/1/4692 2617/1/4692
f 2617/1/4692 2620/1/4692 2621/1/4691
s 1974
f 2612/1/4243 2621/1/4243 2619/1/4693
f 2619/1/4693 2613/1/4243 2612/1/4243
s 1975
f 2622/1/4694 2623/1/4694 2624/1/4694
f 2624/1/4694 2625/1/4695 2622/1/4694
s 1976
f 2626/1/3805 2627/1/3805 2623/1/3805
f 2623/1/3805 2622/1/3805 2626/1/3805
s 1977
f 2623/1/3812 2628/1/4696 2629/1/3812
f 2629/1/3812 2624/1/3810 2623/1/3812
s 1978
f 2630/1/4697 2628/1/3809 2623/1/3808
f 2623/1/3808 2627/1/3808 2630/1/4697
s 1979
f 2607/1/3820 1190/1/3820 1212/1/3820
f 1212/1/3820 2625/1/3820 2607/1/3820
s 1980
f 2625/1/3818 1212/1/3818 1211/1/3818
f 1211/1/3818 2622/1/3818 2625/1/3818
s 1981
f 2626/1/3817 2622/1/4698 1211/1/3817
f 1211/1/3817 1209/1/3817 2626/1/3817
s 1982
f 2626/1/3816 1209/1/3816 1210/1/3816
f 1210/1/3816 2631/1/3816 2626/1/3816
s 1983
f 2631/1/3836 2632/1/3836 2627/1/3836
f 2627/1/3836 2626/1/3836 2631/1/3836
s 1984
f 2630/1/3835 2627/1/3835 2632/1/3835
f 2632/1/3835 2633/1/3835 2630/1/3835
s 1985
f 1827/1/4699 1826/1/4699 2630/1/4699
f 2630/1/4699 2633/1/4699 1827/1/4699
s 1986
f 2630/1/3828 1826/1/3828 1825/1/3828
f 1825/1/3828 2628/1/3828 2630/1/3828
s 1987
f 1825/1/4700 1824/1/4700 2629/1/4700
f 2629/1/4700 2628/1/4701 1825/1/4700
s 1988
f 1824/1/4702 1807/1/3825 2609/1/4703
f 2609/1/4703 2629/1/4704 1824/1/4702
s 1989
f 2608/1/4705 2624/1/4705 2629/1/4705
f 2629/1/4705 2609/1/4705 2608/1/4705
s 1990
f 2607/1/3822 2625/1/3822 2624/1/3822
f 2624/1/3822 2608/1/3822 2607/1/3822
s 1991
f 2634/1/4304 2635/1/4304 2636/1/4706
f 2636/1/4706 2637/1/4305 2634/1/4304
s 1992
f 2638/1/4707 2639/1/4707 2635/1/4708
f 2635/1/4708 2634/1/4708 2638/1/4707
s 1993
f 2635/1/4307 2640/1/4307 2641/1/4307
f 2641/1/4307 2636/1/4307 2635/1/4307
s 1994
f 2639/1/4306 2642/1/4306 2640/1/4306
f 2640/1/4306 2635/1/4709 2639/1/4306
s 1995
f 2637/1/4710 2643/1/4316 1325/1/4710
f 1325/1/4710 1324/1/4711 2637/1/4710
s 1996
f 1334/1/4314 2634/1/4314 2637/1/4314
f 2637/1/4314 1324/1/4314 1334/1/4314
s 1997
f 1334/1/4311 1333/1/4311 2638/1/4311
f 2638/1/4311 2634/1/4311 1334/1/4311
s 1998
f 1333/1/4712 1305/1/4713 2619/1/4309
f 2619/1/4309 2638/1/4714 1333/1/4712
s 1999
f 2639/1/4331 2638/1/4715 2619/1/4715
f 2619/1/4715 2621/1/4331 2639/1/4331
s 2000
f 2620/1/4330 2642/1/4330 2639/1/4330
f 2639/1/4330 2621/1/4330 2620/1/4330
s 2001
f 2620/1/4329 1920/1/4329 1943/1/4329
f 1943/1/4329 2642/1/4329 2620/1/4329
s 2002
f 2642/1/4327 1943/1/4327 1942/1/4327
f 1942/1/4327 2640/1/4327 2642/1/4327
s 2003
f 2640/1/4325 1942/1/4325 1941/1/4325
f 1941/1/4325 2641/1/4325 2640/1/4325
s 2004
f 2641/1/4323 1941/1/4323 1940/1/4323
f 1940/1/4323 2644/1/4323 2641/1/4323
s 2005
f 2645/1/4321 2636/1/4321 2641/1/4321
f 2641/1/4321 2644/1/4321 2645/1/4321
s 2006
f 2636/1/4319 2645/1/4319 2643/1/4319
f 2643/1/4319 2637/1/4319 2636/1/4319
s 2007
f 2646/1/4716 2647/1/4717 2648/1/4716
f 2648/1/4716 2649/1/4718 2646/1/4716
s 2008
f 2650/1/4719 2651/1/4719 2647/1/4719
f 2647/1/4719 2646/1/4719 2650/1/4719
s 2009
f 2647/1/4720 2652/1/4720 2653/1/4720
f 2653/1/4720 2648/1/4720 2647/1/4720
s 2010
f 2654/1/4721 2652/1/4721 2647/1/4721
f 2647/1/4721 2651/1/4722 2654/1/4721
s 2011
f 2631/1/4723 1210/1/4724 1232/1/4724
f 1232/1/4724 2649/1/4724 2631/1/4723
s 2012
f 2649/1/4725 1232/1/4725 1231/1/4726
f 1231/1/4726 2646/1/4725 2649/1/4725
s 2013
f 2650/1/4727 2646/1/4728 1231/1/4729
f 1231/1/4729 1229/1/4729 2650/1/4727
s 2014
f 2650/1/4730 1229/1/4730 1230/1/4730
f 1230/1/4730 2655/1/4730 2650/1/4730
s 2015
f 2655/1/4731 2656/1/4731 2651/1/4731
f 2651/1/4731 2650/1/4731 2655/1/4731
s 2016
f 2654/1/4732 2651/1/4732 2656/1/4732
f 2656/1/4732 2657/1/4733 2654/1/4732
s 2017
f 1847/1/4734 1846/1/4734 2654/1/4735
f 2654/1/4735 2657/1/4736 1847/1/4734
s 2018
f 2654/1/4737 1846/1/4737 1845/1/4737
f 1845/1/4737 2652/1/4737 2654/1/4737
s 2019
f 1845/1/4738 1844/1/4738 2653/1/4738
f 2653/1/4738 2652/1/4738 1845/1/4738
s 2020
f 1844/1/4739 1827/1/4739 2633/1/4739
f 2633/1/4739 2653/1/4739 1844/1/4739
s 2021
f 2632/1/4740 2648/1/4741 2653/1/4741
f 2653/1/4741 2633/1/4741 2632/1/4740
s 2022
f 2631/1/4742 2649/1/4742 2648/1/4742
f 2648/1/4742 2632/1/4742 2631/1/4742
s 2023
f 2658/1/4343 2659/1/4343 2660/1/4343
f 2660/1/4343 2661/1/4343 2658/1/4343
s 2024
f 2662/1/4340 2663/1/4340 2659/1/4340
f 2659/1/4340 2658/1/4743 2662/1/4340
s 2025
f 2659/1/4345 2664/1/4345 2665/1/4345
f 2665/1/4345 2660/1/4345 2659/1/4345
s 2026
f 2663/1/4344 2666/1/4344 2664/1/4344
f 2664/1/4344 2659/1/4344 2663/1/4344
s 2027
f 2661/1/4744 2667/1/4745 1345/1/4351
f 1345/1/4351 1344/1/4351 2661/1/4744
s 2028
f 1354/1/4350 2658/1/4350 2661/1/4350
f 2661/1/4350 1344/1/4350 1354/1/4350
s 2029
f 1354/1/4347 1353/1/4347 2662/1/4347
f 2662/1/4347 2658/1/4347 1354/1/4347
s 2030
f 1353/1/4346 1325/1/4346 2643/1/4346
f 2643/1/4346 2662/1/4346 1353/1/4346
s 2031
f 2663/1/4364 2662/1/4364 2643/1/4364
f 2643/1/4364 2645/1/4364 2663/1/4364
s 2032
f 2644/1/4363 2666/1/4363 2663/1/4363
f 2663/1/4363 2645/1/4363 2644/1/4363
s 2033
f 2644/1/4360 1940/1/4360 1963/1/4746
f 1963/1/4746 2666/1/4360 2644/1/4360
s 2034
f 2666/1/4747 1963/1/4748 1962/1/4748
f 1962/1/4748 2664/1/4747 2666/1/4747
s 2035
f 2664/1/4357 1962/1/4357 1961/1/4357
f 1961/1/4357 2665/1/4357 2664/1/4357
s 2036
f 2665/1/4355 1961/1/4355 1960/1/4355
f 1960/1/4355 2668/1/4355 2665/1/4355
s 2037
f 2665/1/4749 2668/1/4750 2669/1/4749
f 2669/1/4749 2660/1/4354 2665/1/4749
s 2038
f 2660/1/4751 2669/1/4752 2667/1/4751
f 2667/1/4751 2661/1/4352 2660/1/4751
s 2039
f 2670/1/4753 2671/1/4753 2672/1/4753
f 2672/1/4753 2673/1/4753 2670/1/4753
s 2040
f 2674/1/4754 2675/1/4754 2671/1/4754
f 2671/1/4754 2670/1/4754 2674/1/4754
s 2041
f 2671/1/4755 2676/1/4755 2677/1/4756
f 2677/1/4756 2672/1/4755 2671/1/4755
s 2042
f 2678/1/4757 2676/1/4757 2671/1/4757
f 2671/1/4757 2675/1/4757 2678/1/4757
s 2043
f 2655/1/4758 1230/1/4758 1252/1/4758
f 1252/1/4758 2673/1/4758 2655/1/4758
s 2044
f 2673/1/4759 1252/1/4759 1251/1/4759
f 1251/1/4759 2670/1/4760 2673/1/4759
s 2045
f 2674/1/4761 2670/1/4762 1251/1/4763
f 1251/1/4763 1249/1/4762 2674/1/4761
s 2046
f 2674/1/4764 1249/1/4765 1250/1/4764
f 1250/1/4764 2679/1/4764 2674/1/4764
s 2047
f 2679/1/4766 2680/1/4766 2675/1/4767
f 2675/1/4767 2674/1/4766 2679/1/4766
s 2048
f 2678/1/4768 2675/1/4768 2680/1/4769
f 2680/1/4769 2681/1/4768 2678/1/4768
s 2049
f 1867/1/4770 1866/1/4770 2678/1/4771
f 2678/1/4771 2681/1/4770 1867/1/4770
s 2050
f 2678/1/4772 1866/1/4773 1865/1/4772
f 1865/1/4772 2676/1/4774 2678/1/4772
s 2051
f 1865/1/4775 1864/1/4775 2677/1/4775
f 2677/1/4775 2676/1/4775 1865/1/4775
s 2052
f 1864/1/4776 1847/1/4776 2657/1/4776
f 2657/1/4776 2677/1/4776 1864/1/4776
s 2053
f 2656/1/4777 2672/1/4777 2677/1/4777
f 2677/1/4777 2657/1/4777 2656/1/4777
s 2054
f 2672/1/4778 2656/1/4778 2655/1/4778
f 2655/1/4778 2673/1/4778 2672/1/4778
s 2055
f 2682/1/4779 2683/1/4370 2684/1/4369
f 2684/1/4369 2685/1/4369 2682/1/4779
s 2056
f 2686/1/4368 2687/1/4368 2683/1/4368
f 2683/1/4368 2682/1/4368 2686/1/4368
s 2057
f 2683/1/4780 2688/1/4374 2689/1/4374
f 2689/1/4374 2684/1/4374 2683/1/4780
s 2058
f 2687/1/4781 2690/1/4371 2688/1/4781
f 2688/1/4781 2683/1/4781 2687/1/4781
s 2059
f 2685/1/4382 2691/1/4382 1365/1/4382
f 1365/1/4382 1364/1/4382 2685/1/4382
s 2060
f 1374/1/4381 2682/1/4380 2685/1/4380
f 2685/1/4380 1364/1/4380 1374/1/4381
s 2061
f 1374/1/4782 1373/1/4783 2686/1/4782
f 2686/1/4782 2682/1/4378 1374/1/4782
s 2062
f 1373/1/4784 1345/1/4375 2667/1/4785
f 2667/1/4785 2686/1/4786 1373/1/4784
s 2063
f 2687/1/4399 2686/1/4399 2667/1/4399
f 2667/1/4399 2669/1/4399 2687/1/4399
s 2064
f 2668/1/4396 2690/1/4787 2687/1/4396
f 2687/1/4396 2669/1/4396 2668/1/4396
s 2065
f 2668/1/4394 1960/1/4394 1983/1/4394
f 1983/1/4394 2690/1/4394 2668/1/4394
s 2066
f 2690/1/4393 1983/1/4393 1982/1/4393
f 1982/1/4393 2688/1/4393 2690/1/4393
s 2067
f 2688/1/4391 1982/1/4391 1981/1/4788
f 1981/1/4788 2689/1/4391 2688/1/4391
s 2068
f 2689/1/4789 1981/1/4789 1980/1/4789
f 1980/1/4789 2692/1/4789 2689/1/4789
s 2069
f 2689/1/4790 2692/1/4385 2693/1/4385
f 2693/1/4385 2684/1/4385 2689/1/4790
s 2070
f 2684/1/4383 2693/1/4383 2691/1/4383
f 2691/1/4383 2685/1/4383 2684/1/4383
s 2071
f 2694/1/4791 2695/1/4792 2696/1/4791
f 2696/1/4791 2697/1/4793 2694/1/4791
s 2072
f 2698/1/4794 2699/1/4795 2695/1/4796
f 2695/1/4796 2694/1/4797 2698/1/4794
s 2073
f 2695/1/4798 2700/1/4798 2701/1/4798
f 2701/1/4798 2696/1/4798 2695/1/4798
s 2074
f 2702/1/4799 2700/1/4800 2695/1/4799
f 2695/1/4799 2699/1/4801 2702/1/4799
s 2075
f 2679/1/4802 1250/1/4803 1272/1/4802
f 1272/1/4802 2697/1/4802 2679/1/4802
s 2076
f 2697/1/4804 1272/1/4804 1271/1/4804
f 1271/1/4804 2694/1/4804 2697/1/4804
s 2077
f 2698/1/4805 2694/1/4805 1271/1/4805
f 1271/1/4805 1269/1/4805 2698/1/4805
s 2078
f 2698/1/4806 1269/1/4807 1270/1/4806
f 1270/1/4806 2703/1/4808 2698/1/4806
s 2079
f 2703/1/4809 2704/1/4809 2699/1/4810
f 2699/1/4810 2698/1/4811 2703/1/4809
s 2080
f 2702/1/4812 2699/1/4812 2704/1/4812
f 2704/1/4812 2705/1/4812 2702/1/4812
s 2081
f 1887/1/4813 1886/1/4813 2702/1/4813
f 2702/1/4813 2705/1/4813 1887/1/4813
s 2082
f 2702/1/4814 1886/1/4815 1885/1/4814
f 1885/1/4814 2700/1/4816 2702/1/4814
s 2083
f 1885/1/4817 1884/1/4818 2701/1/4817
f 2701/1/4817 2700/1/4817 1885/1/4817
s 2084
f 1884/1/4819 1867/1/4819 2681/1/4819
f 2681/1/4819 2701/1/4819 1884/1/4819
s 2085
f 2680/1/4820 2696/1/4820 2701/1/4820
f 2701/1/4820 2681/1/4820 2680/1/4820
s 2086
f 2679/1/4821 2697/1/4821 2696/1/4821
f 2696/1/4821 2680/1/4821 2679/1/4821
s 2087
f 2706/1/4415 2707/1/4415 2708/1/4415
f 2708/1/4415 2709/1/4415 2706/1/4415
s 2088
f 2710/1/4414 2711/1/4414 2707/1/4414
f 2707/1/4414 2706/1/4414 2710/1/4414
s 2089
f 2707/1/4419 2712/1/4419 2713/1/4419
f 2713/1/4419 2708/1/4419 2707/1/4419
s 2090
f 2711/1/4417 2714/1/4417 2712/1/4822
f 2712/1/4822 2707/1/4417 2711/1/4417
s 2091
f 2709/1/4823 2715/1/4425 1385/1/4823
f 1385/1/4823 1384/1/4824 2709/1/4823
s 2092
f 1394/1/4825 2706/1/4424 2709/1/4826
f 2709/1/4826 1384/1/4827 1394/1/4825
s 2093
f 1394/1/4422 1393/1/4422 2710/1/4422
f 2710/1/4422 2706/1/4422 1394/1/4422
s 2094
f 1393/1/4420 1365/1/4420 2691/1/4420
f 2691/1/4420 2710/1/4420 1393/1/4420
s 2095
f 2711/1/4442 2710/1/4442 2691/1/4442
f 2691/1/4442 2693/1/4442 2711/1/4442
s 2096
f 2692/1/4441 2714/1/4441 2711/1/4441
f 2711/1/4441 2693/1/4441 2692/1/4441
s 2097
f 2692/1/4438 1980/1/4438 2003/1/4438
f 2003/1/4438 2714/1/4438 2692/1/4438
s 2098
f 2714/1/4435 2003/1/4435 2002/1/4828
f 2002/1/4828 2712/1/4435 2714/1/4435
s 2099
f 2712/1/4433 2002/1/4433 2001/1/4433
f 2001/1/4433 2713/1/4433 2712/1/4433
s 2100
f 2713/1/4829 2001/1/4431 2000/1/4830
f 2000/1/4830 2716/1/4831 2713/1/4829
s 2101
f 2717/1/4430 2708/1/4430 2713/1/4430
f 2713/1/4430 2716/1/4430 2717/1/4430
s 2102
f 2708/1/4426 2717/1/4428 2715/1/4426
f 2715/1/4426 2709/1/4428 2708/1/4426
s 2103
f 2718/1/4832 2719/1/4833 2720/1/4832
f 2720/1/4832 2721/1/4834 2718/1/4832
s 2104
f 2722/1/4835 2723/1/4835 2719/1/4835
f 2719/1/4835 2718/1/4835 2722/1/4835
s 2105
f 2719/1/4836 2724/1/4836 2725/1/4836
f 2725/1/4836 2720/1/4836 2719/1/4836
s 2106
f 2726/1/4837 2724/1/4837 2719/1/4837
f 2719/1/4837 2723/1/4837 2726/1/4837
s 2107
f 2703/1/4838 1270/1/4838 1292/1/4838
f 1292/1/4838 2721/1/4838 2703/1/4838
s 2108
f 2721/1/4839 1292/1/4839 1291/1/4839
f 1291/1/4839 2718/1/4839 2721/1/4839
s 2109
f 2722/1/4840 2718/1/4840 1291/1/4841
f 1291/1/4841 1289/1/4840 2722/1/4840
s 2110
f 2722/1/4842 1289/1/4842 1290/1/4842
f 1290/1/4842 2727/1/4842 2722/1/4842
s 2111
f 2727/1/4843 2728/1/4843 2723/1/4843
f 2723/1/4843 2722/1/4843 2727/1/4843
s 2112
f 2726/1/4844 2723/1/4844 2728/1/4844
f 2728/1/4844 2729/1/4844 2726/1/4844
s 2113
f 1907/1/4845 1906/1/4845 2726/1/4845
f 2726/1/4845 2729/1/4845 1907/1/4845
s 2114
f 2726/1/4846 1906/1/4846 1905/1/4846
f 1905/1/4846 2724/1/4846 2726/1/4846
s 2115
f 1905/1/4847 1904/1/4847 2725/1/4848
f 2725/1/4848 2724/1/4847 1905/1/4847
s 2116
f 1904/1/4849 1887/1/4849 2705/1/4850
f 2705/1/4850 2725/1/4849 1904/1/4849
s 2117
f 2704/1/4851 2720/1/4852 2725/1/4852
f 2725/1/4852 2705/1/4852 2704/1/4851
s 2118
f 2703/1/4853 2721/1/4853 2720/1/4853
f 2720/1/4853 2704/1/4853 2703/1/4853
s 2119
f 2730/1/4854 2731/1/4854 2732/1/4854
f 2732/1/4854 2733/1/4454 2730/1/4854
s 2120
f 2734/1/4451 2735/1/4451 2731/1/4451
f 2731/1/4451 2730/1/4451 2734/1/4451
s 2121
f 2731/1/4855 2736/1/4856 2737/1/4855
f 2737/1/4855 2732/1/4456 2731/1/4855
s 2122
f 2735/1/4857 2738/1/4858 2736/1/4857
f 2736/1/4857 2731/1/4455 2735/1/4857
s 2123
f 2733/1/4462 2739/1/4462 1405/1/4462
f 1405/1/4462 1404/1/4462 2733/1/4462
s 2124
f 1414/1/4461 2730/1/4461 2733/1/4461
f 2733/1/4461 1404/1/4461 1414/1/4461
s 2125
f 1414/1/4859 1413/1/4460 2734/1/4859
f 2734/1/4859 2730/1/4859 1414/1/4859
s 2126
f 1413/1/4459 1385/1/4459 2715/1/4459
f 2715/1/4459 2734/1/4459 1413/1/4459
s 2127
f 2735/1/4474 2734/1/4474 2715/1/4474
f 2715/1/4474 2717/1/4474 2735/1/4474
s 2128
f 2716/1/4472 2738/1/4472 2735/1/4472
f 2735/1/4472 2717/1/4472 2716/1/4472
s 2129
f 2716/1/4860 2000/1/4470 2023/1/4470
f 2023/1/4470 2738/1/4470 2716/1/4860
s 2130
f 2738/1/4469 2023/1/4469 2022/1/4469
f 2022/1/4469 2736/1/4469 2738/1/4469
s 2131
f 2736/1/4861 2022/1/4861 2021/1/4862
f 2021/1/4862 2737/1/4861 2736/1/4861
s 2132
f 2737/1/4465 2021/1/4465 2020/1/4465
f 2020/1/4465 2740/1/4465 2737/1/4465
s 2133
f 2741/1/4464 2732/1/4464 2737/1/4464
f 2737/1/4464 2740/1/4464 2741/1/4464
s 2134
f 2732/1/4463 2741/1/4463 2739/1/4463
f 2739/1/4463 2733/1/4463 2732/1/4463
s 2135
f 2742/1/4863 2743/1/4864 2744/1/4864
f 2744/1/4864 2745/1/4864 2742/1/4863
s 2136
f 2746/1/4865 2747/1/4865 2743/1/4865
f 2743/1/4865 2742/1/4865 2746/1/4865
s 2137
f 2743/1/4866 2748/1/4867 2749/1/4866
f 2749/1/4866 2744/1/4868 2743/1/4866
s 2138
f 2750/1/4869 2748/1/4869 2743/1/4869
f 2743/1/4869 2747/1/4869 2750/1/4869
s 2139
f 2727/1/4870 1290/1/4871 1312/1/4870
f 1312/1/4870 2745/1/4870 2727/1/4870
s 2140
f 2745/1/4872 1312/1/4873 1311/1/4872
f 1311/1/4872 2742/1/4874 2745/1/4872
s 2141
f 2746/1/4875 2742/1/4875 1311/1/4875
f 1311/1/4875 1309/1/4875 2746/1/4875
s 2142
f 2746/1/4876 1309/1/4876 1310/1/4877
f 1310/1/4877 2751/1/4876 2746/1/4876
s 2143
f 2751/1/4878 2752/1/4878 2747/1/4879
f 2747/1/4879 2746/1/4878 2751/1/4878
s 2144
f 2750/1/4880 2747/1/4880 2752/1/4880
f 2752/1/4880 2753/1/4880 2750/1/4880
s 2145
f 1927/1/4881 1926/1/4882 2750/1/4882
f 2750/1/4882 2753/1/4883 1927/1/4881
s 2146
f 2750/1/4884 1926/1/4884 1925/1/4884
f 1925/1/4884 2748/1/4884 2750/1/4884
s 2147
f 1925/1/4885 1924/1/4886 2749/1/4887
f 2749/1/4887 2748/1/4888 1925/1/4885
s 2148
f 1924/1/4889 1907/1/4889 2729/1/4889
f 2729/1/4889 2749/1/4890 1924/1/4889
s 2149
f 2728/1/4891 2744/1/4892 2749/1/4891
f 2749/1/4891 2729/1/4891 2728/1/4891
s 2150
f 2744/1/4893 2728/1/4893 2727/1/4893
f 2727/1/4893 2745/1/4893 2744/1/4893
s 2151
f 2754/1/4488 2755/1/4894 2756/1/4488
f 2756/1/4488 2757/1/4488 2754/1/4488
s 2152
f 2758/1/4895 2759/1/4896 2755/1/4486
f 2755/1/4486 2754/1/4487 2758/1/4895
s 2153
f 2755/1/4897 2760/1/4897 2761/1/4897
f 2761/1/4897 2756/1/4897 2755/1/4897
s 2154
f 2759/1/4898 2762/1/4898 2760/1/4898
f 2760/1/4898 2755/1/4899 2759/1/4898
s 2155
f 2757/1/4504 2763/1/4504 1425/1/4504
f 1425/1/4504 1424/1/4504 2757/1/4504
s 2156
f 1434/1/4501 2754/1/4501 2757/1/4501
f 2757/1/4501 1424/1/4501 1434/1/4501
s 2157
f 1434/1/4498 1433/1/4498 2758/1/4498
f 2758/1/4498 2754/1/4498 1434/1/4498
s 2158
f 1433/1/4496 1405/1/4496 2739/1/4900
f 2739/1/4900 2758/1/4901 1433/1/4496
s 2159
f 2759/1/4514 2758/1/4514 2739/1/4514
f 2739/1/4514 2741/1/4902 2759/1/4514
s 2160
f 2740/1/4513 2762/1/4903 2759/1/4513
f 2759/1/4513 2741/1/4513 2740/1/4513
s 2161
f 2740/1/4511 2020/1/4511 2043/1/4512
f 2043/1/4512 2762/1/4511 2740/1/4511
s 2162
f 2762/1/4510 2043/1/4510 2042/1/4510
f 2042/1/4510 2760/1/4510 2762/1/4510
s 2163
f 2760/1/4509 2042/1/4509 2041/1/4509
f 2041/1/4509 2761/1/4509 2760/1/4509
s 2164
f 2761/1/4507 2041/1/4507 2040/1/4507
f 2040/1/4507 2764/1/4507 2761/1/4507
s 2165
f 2761/1/4904 2764/1/4506 2765/1/4904
f 2765/1/4904 2756/1/4506 2761/1/4904
s 2166
f 2756/1/4905 2765/1/4505 2763/1/4906
f 2763/1/4906 2757/1/4907 2756/1/4905
s 2167
f 2766/1/4719 2767/1/4719 2768/1/4719
f 2768/1/4719 2769/1/4719 2766/1/4719
s 2168
f 2770/1/4718 2771/1/4718 2767/1/4718
f 2767/1/4718 2766/1/4908 2770/1/4718
s 2169
f 2767/1/4721 2772/1/4909 2773/1/4909
f 2773/1/4909 2768/1/4910 2767/1/4721
s 2170
f 2767/1/4720 2771/1/4720 2774/1/4720
f 2774/1/4720 2772/1/4720 2767/1/4720
s 2171
f 2769/1/4911 2775/1/4912 901/1/4913
f 901/1/4913 900/1/4730 2769/1/4911
s 2172
f 2769/1/4914 900/1/4728 914/1/4914
f 914/1/4914 2766/1/4914 2769/1/4914
s 2173
f 912/1/4725 2770/1/4725 2766/1/4725
f 2766/1/4725 914/1/4725 912/1/4725
s 2174
f 2169/1/4723 2770/1/4915 912/1/4723
f 912/1/4723 913/1/4724 2169/1/4723
s 2175
f 2770/1/4742 2169/1/4742 2174/1/4742
f 2174/1/4742 2771/1/4742 2770/1/4742
s 2176
f 2771/1/4741 2174/1/4741 2173/1/4741
f 2173/1/4741 2774/1/4741 2771/1/4741
s 2177
f 879/1/4916 878/1/4739 2774/1/4739
f 2774/1/4739 2173/1/4739 879/1/4916
s 2178
f 2774/1/4917 878/1/4738 877/1/4738
f 877/1/4738 2772/1/4738 2774/1/4917
s 2179
f 2773/1/4737 2772/1/4737 877/1/4737
f 877/1/4737 876/1/4737 2773/1/4737
s 2180
f 876/1/4735 875/1/4735 2776/1/4735
f 2776/1/4735 2773/1/4735 876/1/4735
s 2181
f 2768/1/4732 2773/1/4732 2776/1/4732
f 2776/1/4732 2777/1/4732 2768/1/4732
s 2182
f 2768/1/4731 2777/1/4731 2775/1/4731
f 2775/1/4731 2769/1/4731 2768/1/4731
s 2183
f 2778/1/3842 2779/1/3842 2780/1/3842
f 2780/1/3842 2781/1/3842 2778/1/3842
s 2184
f 2782/1/4918 2783/1/4918 2779/1/4918
f 2779/1/4918 2778/1/4918 2782/1/4918
s 2185
f 2779/1/3844 2784/1/3844 2785/1/3844
f 2785/1/3844 2780/1/3844 2779/1/3844
s 2186
f 2786/1/3843 2784/1/4919 2779/1/3843
f 2779/1/3843 2783/1/3843 2786/1/3843
s 2187
f 2751/1/3850 1310/1/3850 1332/1/3850
f 1332/1/3850 2781/1/3850 2751/1/3850
s 2188
f 2781/1/3849 1332/1/3849 1331/1/3849
f 1331/1/3849 2778/1/3849 2781/1/3849
s 2189
f 2782/1/3848 2778/1/3848 1331/1/3848
f 1331/1/3848 1329/1/3848 2782/1/3848
s 2190
f 2787/1/4920 2782/1/3847 1329/1/4920
f 1329/1/4920 1330/1/4920 2787/1/4920
s 2191
f 2787/1/3864 2788/1/3864 2783/1/3864
f 2783/1/3864 2782/1/3864 2787/1/3864
s 2192
f 2786/1/3863 2783/1/3863 2788/1/3863
f 2788/1/3863 2789/1/3863 2786/1/3863
s 2193
f 2786/1/3862 2789/1/3862 1947/1/4921
f 1947/1/4921 1946/1/4922 2786/1/3862
s 2194
f 2786/1/3860 1946/1/3860 1945/1/3860
f 1945/1/3860 2784/1/3860 2786/1/3860
s 2195
f 1945/1/3858 1944/1/3858 2785/1/3858
f 2785/1/3858 2784/1/3858 1945/1/3858
s 2196
f 1944/1/4923 1927/1/4924 2753/1/4925
f 2753/1/4925 2785/1/4926 1944/1/4923
s 2197
f 2753/1/4927 2752/1/3854 2780/1/4927
f 2780/1/4927 2785/1/4927 2753/1/4927
s 2198
f 2751/1/3852 2781/1/3852 2780/1/3852
f 2780/1/3852 2752/1/3852 2751/1/3852
s 2199
f 2790/1/4525 2791/1/4928 2792/1/4929
f 2792/1/4929 2793/1/4525 2790/1/4525
s 2200
f 2794/1/4521 2795/1/4521 2791/1/4521
f 2791/1/4521 2790/1/4521 2794/1/4521
s 2201
f 2791/1/4528 2796/1/4930 2797/1/4527
f 2797/1/4527 2792/1/4527 2791/1/4528
s 2202
f 2795/1/4526 2798/1/4526 2796/1/4526
f 2796/1/4526 2791/1/4526 2795/1/4526
s 2203
f 2793/1/4931 2799/1/4533 1445/1/4533
f 1445/1/4533 1444/1/4932 2793/1/4931
s 2204
f 1454/1/4531 2790/1/4531 2793/1/4531
f 2793/1/4531 1444/1/4531 1454/1/4531
s 2205
f 1454/1/4530 1453/1/4530 2794/1/4530
f 2794/1/4530 2790/1/4530 1454/1/4530
s 2206
f 1453/1/4529 1425/1/4529 2763/1/4529
f 2763/1/4529 2794/1/4529 1453/1/4529
s 2207
f 2795/1/4550 2794/1/4550 2763/1/4550
f 2763/1/4550 2765/1/4550 2795/1/4550
s 2208
f 2764/1/4548 2798/1/4548 2795/1/4548
f 2795/1/4548 2765/1/4548 2764/1/4548
s 2209
f 2764/1/4547 2040/1/4547 2063/1/4547
f 2063/1/4547 2798/1/4547 2764/1/4547
s 2210
f 2798/1/4544 2063/1/4544 2062/1/4544
f 2062/1/4544 2796/1/4544 2798/1/4544
s 2211
f 2796/1/4542 2062/1/4543 2061/1/4933
f 2061/1/4933 2797/1/4934 2796/1/4542
s 2212
f 2061/1/4935 2060/1/4540 2800/1/4936
f 2800/1/4936 2797/1/4937 2061/1/4935
s 2213
f 2792/1/4538 2797/1/4538 2800/1/4538
f 2800/1/4538 2801/1/4538 2792/1/4538
s 2214
f 2793/1/4535 2792/1/4938 2801/1/4535
f 2801/1/4535 2799/1/4535 2793/1/4535
s 2215
f 2802/1/4754 2803/1/4754 2804/1/4754
f 2804/1/4754 2805/1/4939 2802/1/4754
s 2216
f 2806/1/4753 2807/1/4753 2803/1/4940
f 2803/1/4940 2802/1/4753 2806/1/4753
s 2217
f 2803/1/4941 2808/1/4757 2809/1/4757
f 2809/1/4757 2804/1/4757 2803/1/4941
s 2218
f 2803/1/4755 2807/1/4755 2810/1/4942
f 2810/1/4942 2808/1/4755 2803/1/4755
s 2219
f 925/1/4764 924/1/4764 2805/1/4764
f 2805/1/4764 2811/1/4764 925/1/4764
s 2220
f 2805/1/4762 924/1/4762 934/1/4762
f 934/1/4762 2802/1/4762 2805/1/4762
s 2221
f 934/1/4759 933/1/4759 2806/1/4759
f 2806/1/4759 2802/1/4759 934/1/4759
s 2222
f 2806/1/4758 933/1/4943 901/1/4758
f 901/1/4758 2775/1/4758 2806/1/4758
s 2223
f 2777/1/4778 2807/1/4778 2806/1/4778
f 2806/1/4778 2775/1/4778 2777/1/4778
s 2224
f 2776/1/4944 2810/1/4777 2807/1/4944
f 2807/1/4944 2777/1/4945 2776/1/4944
s 2225
f 875/1/4946 1543/1/4946 2810/1/4946
f 2810/1/4946 2776/1/4776 875/1/4946
s 2226
f 2810/1/4775 1543/1/4775 1542/1/4775
f 1542/1/4775 2808/1/4775 2810/1/4775
s 2227
f 2809/1/4774 2808/1/4774 1542/1/4774
f 1542/1/4774 1539/1/4774 2809/1/4774
s 2228
f 1539/1/4770 1541/1/4770 2812/1/4770
f 2812/1/4770 2809/1/4770 1539/1/4770
s 2229
f 2804/1/4947 2809/1/4948 2812/1/4947
f 2812/1/4947 2813/1/4768 2804/1/4947
s 2230
f 2804/1/4766 2813/1/4766 2811/1/4766
f 2811/1/4766 2805/1/4949 2804/1/4766
s 2231
f 2814/1/4950 2815/1/4950 2816/1/4950
f 2816/1/4950 2817/1/4950 2814/1/4950
s 2232
f 2818/1/3927 2819/1/3927 2815/1/3927
f 2815/1/3927 2814/1/3927 2818/1/3927
s 2233
f 2815/1/4951 2820/1/4951 2821/1/4951
f 2821/1/4951 2816/1/4951 2815/1/4951
s 2234
f 2822/1/3933 2820/1/4952 2815/1/4953
f 2815/1/4953 2819/1/3933 2822/1/3933
s 2235
f 2787/1/4954 1330/1/3942 1352/1/3942
f 1352/1/3942 2817/1/3942 2787/1/4954
s 2236
f 2817/1/3941 1352/1/3941 1351/1/3941
f 1351/1/3941 2814/1/3941 2817/1/3941
s 2237
f 2818/1/3940 2814/1/3940 1351/1/3940
f 1351/1/3940 1349/1/3940 2818/1/3940
s 2238
f 2823/1/3937 2818/1/3937 1349/1/3937
f 1349/1/3937 1350/1/4955 2823/1/3937
s 2239
f 2823/1/3959 2824/1/3959 2819/1/4956
f 2819/1/4956 2818/1/3959 2823/1/3959
s 2240
f 2822/1/3957 2819/1/3958 2824/1/3957
f 2824/1/3957 2825/1/3957 2822/1/3957
s 2241
f 2822/1/3956 2825/1/3956 1967/1/3956
f 1967/1/3956 1966/1/3956 2822/1/3956
s 2242
f 2822/1/3954 1966/1/3954 1965/1/4957
f 1965/1/4957 2820/1/3954 2822/1/3954
s 2243
f 1965/1/3951 1964/1/3951 2821/1/3951
f 2821/1/3951 2820/1/3951 1965/1/3951
s 2244
f 1964/1/3947 1947/1/3947 2789/1/3947
f 2789/1/3947 2821/1/3947 1964/1/3947
s 2245
f 2816/1/3944 2821/1/3944 2789/1/3944
f 2789/1/3944 2788/1/3944 2816/1/3944
s 2246
f 2817/1/4958 2816/1/3943 2788/1/3943
f 2788/1/3943 2787/1/3943 2817/1/4958
s 2247
f 2826/1/4565 2827/1/4565 2828/1/4959
f 2828/1/4959 2829/1/4565 2826/1/4565
s 2248
f 2830/1/4563 2831/1/4563 2827/1/4563
f 2827/1/4563 2826/1/4563 2830/1/4563
s 2249
f 2827/1/4960 2832/1/4569 2833/1/4569
f 2833/1/4569 2828/1/4569 2827/1/4960
s 2250
f 2831/1/4566 2834/1/4566 2832/1/4566
f 2832/1/4566 2827/1/4566 2831/1/4566
s 2251
f 2829/1/4576 2835/1/4576 1465/1/4576
f 1465/1/4576 1464/1/4576 2829/1/4576
s 2252
f 1474/1/4574 2826/1/4575 2829/1/4574
f 2829/1/4574 1464/1/4574 1474/1/4574
s 2253
f 1474/1/4573 1473/1/4573 2830/1/4573
f 2830/1/4573 2826/1/4573 1474/1/4573
s 2254
f 1473/1/4961 1445/1/4572 2799/1/4961
f 2799/1/4961 2830/1/4962 1473/1/4961
s 2255
f 2830/1/4589 2799/1/4589 2801/1/4589
f 2801/1/4589 2831/1/4589 2830/1/4589
s 2256
f 2800/1/4588 2834/1/4588 2831/1/4588
f 2831/1/4588 2801/1/4588 2800/1/4588
s 2257
f 2083/1/4963 2834/1/4964 2800/1/4963
f 2800/1/4963 2060/1/4963 2083/1/4963
s 2258
f 2834/1/4584 2083/1/4584 2082/1/4584
f 2082/1/4584 2832/1/4584 2834/1/4584
s 2259
f 2832/1/4965 2082/1/4966 2081/1/4967
f 2081/1/4967 2833/1/4968 2832/1/4965
s 2260
f 2081/1/4581 2080/1/4581 2836/1/4581
f 2836/1/4581 2833/1/4581 2081/1/4581
s 2261
f 2828/1/4580 2833/1/4580 2836/1/4580
f 2836/1/4580 2837/1/4580 2828/1/4580
s 2262
f 2829/1/4577 2828/1/4577 2837/1/4577
f 2837/1/4577 2835/1/4577 2829/1/4577
s 2263
f 2838/1/4795 2839/1/4795 2840/1/4969
f 2840/1/4969 2841/1/4795 2838/1/4795
s 2264
f 2842/1/4793 2843/1/4793 2839/1/4793
f 2839/1/4793 2838/1/4793 2842/1/4793
s 2265
f 2839/1/4970 2844/1/4970 2845/1/4970
f 2845/1/4970 2840/1/4970 2839/1/4970
s 2266
f 2839/1/4798 2843/1/4798 2846/1/4798
f 2846/1/4798 2844/1/4798 2839/1/4798
s 2267
f 2841/1/4807 2847/1/4807 945/1/4807
f 945/1/4807 944/1/4807 2841/1/4807
s 2268
f 2841/1/4805 944/1/4805 954/1/4971
f 954/1/4971 2838/1/4805 2841/1/4805
s 2269
f 2838/1/4804 954/1/4804 953/1/4804
f 953/1/4804 2842/1/4804 2838/1/4804
s 2270
f 953/1/4802 925/1/4802 2811/1/4972
f 2811/1/4972 2842/1/4802 953/1/4802
s 2271
f 2813/1/4821 2843/1/4821 2842/1/4821
f 2842/1/4821 2811/1/4821 2813/1/4821
s 2272
f 2812/1/4973 2846/1/4820 2843/1/4820
f 2843/1/4820 2813/1/4820 2812/1/4973
s 2273
f 1563/1/4819 2846/1/4819 2812/1/4819
f 2812/1/4819 1541/1/4819 1563/1/4819
s 2274
f 2846/1/4818 1563/1/4818 1562/1/4818
f 1562/1/4818 2844/1/4818 2846/1/4818
s 2275
f 2845/1/4814 2844/1/4814 1562/1/4814
f 1562/1/4814 1561/1/4814 2845/1/4814
s 2276
f 1561/1/4813 1560/1/4813 2848/1/4813
f 2848/1/4813 2845/1/4813 1561/1/4813
s 2277
f 2840/1/4812 2845/1/4812 2848/1/4812
f 2848/1/4812 2849/1/4812 2840/1/4812
s 2278
f 2840/1/4809 2849/1/4809 2847/1/4809
f 2847/1/4809 2841/1/4809 2840/1/4809
s 2279
f 2850/1/4974 2851/1/4020 2852/1/4020
f 2852/1/4020 2853/1/4020 2850/1/4974
s 2280
f 2854/1/4017 2855/1/4017 2851/1/4975
f 2851/1/4975 2850/1/4017 2854/1/4017
s 2281
f 2851/1/4024 2856/1/4024 2857/1/4024
f 2857/1/4024 2852/1/4976 2851/1/4024
s 2282
f 2858/1/4021 2856/1/4023 2851/1/4023
f 2851/1/4023 2855/1/4023 2858/1/4021
s 2283
f 2823/1/4977 1350/1/4977 1372/1/4029
f 1372/1/4029 2853/1/4029 2823/1/4977
s 2284
f 2853/1/4027 1372/1/4027 1371/1/4027
f 1371/1/4027 2850/1/4027 2853/1/4027
s 2285
f 2854/1/4026 2850/1/4026 1371/1/4026
f 1371/1/4026 1369/1/4026 2854/1/4026
s 2286
f 2859/1/4025 2854/1/4025 1369/1/4025
f 1369/1/4025 1370/1/4978 2859/1/4025
s 2287
f 2859/1/4041 2860/1/4042 2855/1/4041
f 2855/1/4041 2854/1/4041 2859/1/4041
s 2288
f 2858/1/4040 2855/1/4040 2860/1/4979
f 2860/1/4979 2861/1/4040 2858/1/4040
s 2289
f 2858/1/4038 2861/1/4038 1987/1/4038
f 1987/1/4038 1986/1/4038 2858/1/4038
s 2290
f 2858/1/4036 1986/1/4035 1985/1/4036
f 1985/1/4036 2856/1/4035 2858/1/4036
s 2291
f 1985/1/4980 1984/1/4033 2857/1/4033
f 2857/1/4033 2856/1/4033 1985/1/4980
s 2292
f 1984/1/4032 1967/1/4032 2825/1/4032
f 2825/1/4032 2857/1/4032 1984/1/4032
s 2293
f 2852/1/4981 2857/1/4982 2825/1/4981
f 2825/1/4981 2824/1/4981 2852/1/4981
s 2294
f 2853/1/4030 2852/1/4030 2824/1/4030
f 2824/1/4030 2823/1/4030 2853/1/4030
s 2295
f 2862/1/4604 2863/1/4604 2864/1/4604
f 2864/1/4604 2865/1/4983 2862/1/4604
s 2296
f 2866/1/4602 2867/1/4602 2863/1/4602
f 2863/1/4602 2862/1/4602 2866/1/4602
s 2297
f 2863/1/4984 2868/1/4608 2869/1/4984
f 2869/1/4984 2864/1/4984 2863/1/4984
s 2298
f 2867/1/4606 2870/1/4606 2868/1/4606
f 2868/1/4606 2863/1/4606 2867/1/4606
s 2299
f 2865/1/4985 2871/1/4618 1485/1/4620
f 1485/1/4620 1484/1/4618 2865/1/4985
s 2300
f 1494/1/4616 2862/1/4616 2865/1/4616
f 2865/1/4616 1484/1/4616 1494/1/4616
s 2301
f 1494/1/4615 1493/1/4615 2866/1/4615
f 2866/1/4615 2862/1/4615 1494/1/4615
s 2302
f 1493/1/4612 1465/1/4612 2835/1/4612
f 2835/1/4612 2866/1/4612 1493/1/4612
s 2303
f 2866/1/4635 2835/1/4635 2837/1/4635
f 2837/1/4635 2867/1/4635 2866/1/4635
s 2304
f 2836/1/4632 2870/1/4632 2867/1/4632
f 2867/1/4632 2837/1/4632 2836/1/4632
s 2305
f 2103/1/4629 2870/1/4629 2836/1/4629
f 2836/1/4629 2080/1/4629 2103/1/4629
s 2306
f 2870/1/4627 2103/1/4627 2102/1/4627
f 2102/1/4627 2868/1/4627 2870/1/4627
s 2307
f 2868/1/4986 2102/1/4987 2101/1/4987
f 2101/1/4987 2869/1/4625 2868/1/4986
s 2308
f 2101/1/4988 2100/1/4624 2872/1/4623
f 2872/1/4623 2869/1/4624 2101/1/4988
s 2309
f 2864/1/4989 2869/1/4622 2872/1/4989
f 2872/1/4989 2873/1/4622 2864/1/4989
s 2310
f 2865/1/4990 2864/1/4621 2873/1/4621
f 2873/1/4621 2871/1/4621 2865/1/4990
s 2311
f 2874/1/4835 2875/1/4835 2876/1/4835
f 2876/1/4835 2877/1/4835 2874/1/4835
s 2312
f 2878/1/4833 2879/1/4833 2875/1/4833
f 2875/1/4833 2874/1/4833 2878/1/4833
s 2313
f 2875/1/4837 2880/1/4837 2881/1/4837
f 2881/1/4837 2876/1/4837 2875/1/4837
s 2314
f 2875/1/4836 2879/1/4836 2882/1/4836
f 2882/1/4836 2880/1/4836 2875/1/4836
s 2315
f 2877/1/4991 2883/1/4992 965/1/4991
f 965/1/4991 964/1/4991 2877/1/4991
s 2316
f 2877/1/4840 964/1/4840 974/1/4840
f 974/1/4840 2874/1/4840 2877/1/4840
s 2317
f 2878/1/4839 2874/1/4839 974/1/4839
f 974/1/4839 973/1/4839 2878/1/4839
s 2318
f 973/1/4838 945/1/4838 2847/1/4838
f 2847/1/4838 2878/1/4838 973/1/4838
s 2319
f 2849/1/4993 2879/1/4994 2878/1/4994
f 2878/1/4994 2847/1/4994 2849/1/4993
s 2320
f 2848/1/4852 2882/1/4852 2879/1/4852
f 2879/1/4852 2849/1/4852 2848/1/4852
s 2321
f 1583/1/4849 2882/1/4849 2848/1/4849
f 2848/1/4849 1560/1/4849 1583/1/4849
s 2322
f 2882/1/4847 1583/1/4847 1582/1/4847
f 1582/1/4847 2880/1/4847 2882/1/4847
s 2323
f 1582/1/4846 1581/1/4846 2881/1/4846
f 2881/1/4846 2880/1/4846 1582/1/4846
s 2324
f 1581/1/4845 1580/1/4845 2884/1/4845
f 2884/1/4845 2881/1/4845 1581/1/4845
s 2325
f 2876/1/4844 2881/1/4844 2884/1/4995
f 2884/1/4995 2885/1/4995 2876/1/4844
s 2326
f 2876/1/4843 2885/1/4843 2883/1/4843
f 2883/1/4843 2877/1/4843 2876/1/4843
s 2327
f 2886/1/4996 2887/1/4101 2888/1/4101
f 2888/1/4101 2889/1/4101 2886/1/4996
s 2328
f 2890/1/4100 2891/1/4100 2887/1/4100
f 2887/1/4100 2886/1/4100 2890/1/4100
s 2329
f 2887/1/4997 2892/1/4997 2893/1/4997
f 2893/1/4997 2888/1/4997 2887/1/4997
s 2330
f 2894/1/4102 2892/1/4102 2887/1/4998
f 2887/1/4998 2891/1/4102 2894/1/4102
s 2331
f 2859/1/4111 1370/1/4111 1392/1/4111
f 1392/1/4111 2889/1/4111 2859/1/4111
s 2332
f 2889/1/4999 1392/1/4999 1391/1/4999
f 1391/1/4999 2886/1/4109 2889/1/4999
s 2333
f 2890/1/4107 2886/1/4107 1391/1/4107
f 1391/1/4107 1389/1/4107 2890/1/4107
s 2334
f 1389/1/4105 1390/1/4105 2154/1/4105
f 2154/1/4105 2890/1/4105 1389/1/4105
s 2335
f 2159/1/4129 2891/1/4129 2890/1/4129
f 2890/1/4129 2154/1/4129 2159/1/4129
s 2336
f 2894/1/4128 2891/1/4128 2159/1/4128
f 2159/1/4128 2158/1/4128 2894/1/4128
s 2337
f 2894/1/5000 2158/1/4124 2007/1/4124
f 2007/1/4124 2006/1/4124 2894/1/5000
s 2338
f 2894/1/4122 2006/1/5001 2005/1/5002
f 2005/1/5002 2892/1/5003 2894/1/4122
s 2339
f 2005/1/4120 2004/1/4120 2893/1/4119
f 2893/1/4119 2892/1/4120 2005/1/4120
s 2340
f 2004/1/4117 1987/1/4117 2861/1/4117
f 2861/1/4117 2893/1/4117 2004/1/4117
s 2341
f 2888/1/4115 2893/1/5004 2861/1/5005
f 2861/1/5005 2860/1/4115 2888/1/4115
s 2342
f 2889/1/4113 2888/1/4113 2860/1/4113
f 2860/1/4113 2859/1/4113 2889/1/4113
s 2343
f 2895/1/4652 2896/1/4652 2897/1/5006
f 2897/1/5006 2898/1/4652 2895/1/4652
s 2344
f 2899/1/4649 2900/1/4649 2896/1/4649
f 2896/1/4649 2895/1/4649 2899/1/4649
s 2345
f 2896/1/4656 2901/1/4656 2902/1/4656
f 2902/1/4656 2897/1/5007 2896/1/4656
s 2346
f 2900/1/5008 2903/1/5008 2901/1/5009
f 2901/1/5009 2896/1/5009 2900/1/5008
s 2347
f 2898/1/5010 2170/1/5011 1505/1/5012
f 1505/1/5012 1504/1/4663 2898/1/5010
s 2348
f 1514/1/4662 2895/1/4662 2898/1/4662
f 2898/1/4662 1504/1/4662 1514/1/4662
s 2349
f 1514/1/5013 1513/1/4661 2899/1/4661
f 2899/1/4661 2895/1/4661 1514/1/5013
s 2350
f 1513/1/4660 1485/1/4660 2871/1/4660
f 2871/1/4660 2899/1/4660 1513/1/4660
s 2351
f 2899/1/4675 2871/1/4675 2873/1/4675
f 2873/1/4675 2900/1/4675 2899/1/4675
s 2352
f 2872/1/4674 2903/1/4674 2900/1/4674
f 2900/1/4674 2873/1/4674 2872/1/4674
s 2353
f 2123/1/4671 2903/1/4671 2872/1/4671
f 2872/1/4671 2100/1/4671 2123/1/4671
s 2354
f 2903/1/4670 2123/1/4670 2122/1/4670
f 2122/1/4670 2901/1/4670 2903/1/4670
s 2355
f 2901/1/5014 2122/1/5015 2121/1/5016
f 2121/1/5016 2902/1/5017 2901/1/5014
s 2356
f 2121/1/4666 2120/1/5018 2172/1/4666
f 2172/1/4666 2902/1/4666 2121/1/4666
s 2357
f 2902/1/5019 2172/1/4665 2171/1/4665
f 2171/1/4665 2897/1/5020 2902/1/5019
s 2358
f 2898/1/4664 2897/1/4664 2171/1/4664
f 2171/1/4664 2170/1/4664 2898/1/4664
s 2359
f 2904/1/4865 2905/1/4865 2906/1/5021
f 2906/1/5021 2907/1/4865 2904/1/4865
s 2360
f 2908/1/4864 2909/1/4864 2905/1/4864
f 2905/1/4864 2904/1/4864 2908/1/4864
s 2361
f 2905/1/4869 2910/1/4869 2911/1/4869
f 2911/1/4869 2906/1/4869 2905/1/4869
s 2362
f 2905/1/5022 2909/1/4866 2912/1/4866
f 2912/1/4866 2910/1/5023 2905/1/5022
s 2363
f 2907/1/4877 2185/1/5024 985/1/4877
f 985/1/4877 984/1/5025 2907/1/4877
s 2364
f 2907/1/4875 984/1/4875 994/1/4875
f 994/1/4875 2904/1/4875 2907/1/4875
s 2365
f 2908/1/4874 2904/1/5026 994/1/4874
f 994/1/4874 993/1/4874 2908/1/4874
s 2366
f 993/1/5027 965/1/4870 2883/1/5028
f 2883/1/5028 2908/1/4870 993/1/5027
s 2367
f 2885/1/5029 2909/1/4893 2908/1/5029
f 2908/1/5029 2883/1/5030 2885/1/5029
s 2368
f 2884/1/5031 2912/1/5032 2909/1/4892
f 2909/1/4892 2885/1/4892 2884/1/5031
s 2369
f 1603/1/4889 2912/1/4889 2884/1/4889
f 2884/1/4889 1580/1/4889 1603/1/4889
s 2370
f 2912/1/5033 1603/1/5034 1602/1/5033
f 1602/1/5033 2910/1/5033 2912/1/5033
s 2371
f 1602/1/5035 1601/1/4884 2911/1/5036
f 2911/1/5036 2910/1/4884 1602/1/5035
s 2372
f 1601/1/4882 1600/1/4882 2187/1/4882
f 2187/1/4882 2911/1/4882 1601/1/4882
s 2373
f 2187/1/4880 2186/1/4880 2906/1/4880
f 2906/1/4880 2911/1/4880 2187/1/4880
s 2374
f 2907/1/4878 2906/1/4878 2186/1/4878
f 2186/1/4878 2185/1/4878 2907/1/4878
s 2375
f 2913/1/5037 2914/1/5037 2915/1/5037
f 2915/1/5037 2916/1/5037 2917/1/5037
f 2913/1/5037 2915/1/5037 2917/1/5037
f 2917/1/5037 2918/1/5037 2919/1/5037
f 2919/1/5037 2920/1/5037 2921/1/5037
f 2917/1/5037 2919/1/5037 2921/1/5037
f 2913/1/5037 2917/1/5037 2921/1/5037
f 2921/1/5037 2922/1/5037 2923/1/5037
f 2923/1/5037 2924/1/5037 2925/1/5037
f 2921/1/5037 2923/1/5037 2925/1/5037
f 2925/1/5037 2926/1/5037 2927/1/5037
f 2927/1/5037 2928/1/5037 2929/1/5037
f 2925/1/5037 2927/1/5037 2929/1/5037
f 2921/1/5037 2925/1/5037 2929/1/5037
f 2929/1/5037 2930/1/5037 2931/1/5037
f 2931/1/5037 2932/1/5037 2933/1/5037
f 2929/1/5037 2931/1/5037 2933/1/5037
f 2933/1/5037 2934/1/5037 2935/1/5037
f 2935/1/5037 2936/1/5037 2937/1/5037
f 2933/1/5037 2935/1/5037 2937/1/5037
f 2929/1/5037 2933/1/5037 2937/1/5037
f 2921/1/5037 2929/1/5037 2937/1/5037
f 2913/1/5037 2921/1/5037 2937/1/5037
f 2938/1/5037 2939/1/5037 2940/1/5037
f 2937/1/5037 2938/1/5037 2940/1/5037
f 2937/1/5037 2940/1/5037 2941/1/5037
f 2913/1/5037 2937/1/5037 2941/1/5037
f 2942/1/5037 2913/1/5037 2941/1/5037
f 2942/1/5037 2941/1/5037 2943/1/5037
f 2942/1/5037 2943/1/5037 2944/1/5037
s 2376
f 2945/1/5038 2946/1/5038 2947/1/5038
f 2947/1/5038 2948/1/5038 2945/1/5038
s 2377
f 2949/1/5039 2937/1/5039 2936/1/5040
f 2936/1/5040 2950/1/5041 2949/1/5039
s 2378
f 2922/1/5042 2951/1/5043 2952/1/5042
f 2952/1/5042 2923/1/5044 2922/1/5042
s 2379
f 2936/1/5045 2935/1/5045 2953/1/5045
f 2953/1/5045 2950/1/5046 2936/1/5045
s 2380
f 2921/1/5047 2954/1/5048 2951/1/5047
f 2951/1/5047 2922/1/5047 2921/1/5047
s 2381
f 2934/1/5049 2955/1/5050 2953/1/5051
f 2953/1/5051 2935/1/5052 2934/1/5049
s 2382
f 2920/1/5053 2956/1/5054 2954/1/5055
f 2954/1/5055 2921/1/5053 2920/1/5053
s 2383
f 2933/1/5056 2957/1/5057 2955/1/5058
f 2955/1/5058 2934/1/5059 2933/1/5056
s 2384
f 2919/1/5060 2958/1/5060 2956/1/5060
f 2956/1/5060 2920/1/5061 2919/1/5060
s 2385
f 2932/1/5062 2959/1/5062 2957/1/5062
f 2957/1/5062 2933/1/5062 2932/1/5062
s 2386
f 2918/1/5063 2960/1/5064 2958/1/5063
f 2958/1/5063 2919/1/5065 2918/1/5063
s 2387
f 2931/1/5066 2961/1/5067 2959/1/5066
f 2959/1/5066 2932/1/5068 2931/1/5066
s 2388
f 2962/1/5069 2913/1/5070 2942/1/5069
f 2942/1/5069 2963/1/5070 2962/1/5069
s 2389
f 2917/1/5071 2964/1/5071 2960/1/5072
f 2960/1/5072 2918/1/5072 2917/1/5071
s 2390
f 2930/1/5073 2965/1/5074 2961/1/5075
f 2961/1/5075 2931/1/5076 2930/1/5073
s 2391
f 2963/1/5077 2942/1/5078 2944/1/5079
f 2944/1/5079 2966/1/5080 2963/1/5077
s 2392
f 2916/1/5081 2967/1/5081 2964/1/5081
f 2964/1/5081 2917/1/5082 2916/1/5081
s 2393
f 2929/1/5083 2968/1/5084 2965/1/5083
f 2965/1/5083 2930/1/5084 2929/1/5083
s 2394
f 2966/1/5085 2944/1/5086 2943/1/5086
f 2943/1/5086 2948/1/5087 2966/1/5085
s 2395
f 2915/1/5088 2969/1/5089 2967/1/5090
f 2967/1/5090 2916/1/5091 2915/1/5088
s 2396
f 2928/1/5092 2970/1/5093 2968/1/5092
f 2968/1/5092 2929/1/5092 2928/1/5092
s 2397
f 2943/1/5094 2941/1/5095 2945/1/5096
f 2945/1/5096 2948/1/5097 2943/1/5094
s 2398
f 2914/1/5098 2971/1/5099 2969/1/5099
f 2969/1/5099 2915/1/5100 2914/1/5098
s 2399
f 2927/1/5101 2972/1/5101 2970/1/5102
f 2970/1/5102 2928/1/5101 2927/1/5101
s 2400
f 2940/1/5103 2973/1/5104 2945/1/5105
f 2945/1/5105 2941/1/5103 2940/1/5103
s 2401
f 2914/1/5106 2913/1/5107 2962/1/5106
f 2962/1/5106 2971/1/5108 2914/1/5106
s 2402
f 2926/1/5109 2974/1/5110 2972/1/5111
f 2972/1/5111 2927/1/5112 2926/1/5109
s 2403
f 2975/1/5113 2973/1/5114 2940/1/5115
f 2940/1/5115 2939/1/5116 2975/1/5113
s 2404
f 2925/1/5117 2976/1/5118 2974/1/5117
f 2974/1/5117 2926/1/5119 2925/1/5117
s 2405
f 2938/1/5120 2977/1/5121 2975/1/5122
f 2975/1/5122 2939/1/5120 2938/1/5120
s 2406
f 2924/1/5123 2978/1/5124 2976/1/5125
f 2976/1/5125 2925/1/5126 2924/1/5123
s 2407
f 2949/1/5127 2977/1/5128 2938/1/5128
f 2938/1/5128 2937/1/5129 2949/1/5127
s 2408
f 2923/1/5130 2952/1/5131 2978/1/5130
f 2978/1/5130 2924/1/5130 2923/1/5130
s 2409
f 2979/1/5132 2980/1/5132 2947/1/5132
f 2947/1/5132 2946/1/5132 2981/1/5132
f 2979/1/5132 2947/1/5132 2981/1/5132
f 2981/1/5132 2982/1/5132 2983/1/5132
f 2981/1/5132 2983/1/5132 2984/1/5132
f 2979/1/5132 2981/1/5132 2984/1/5132
f 2979/1/5132 2984/1/5132 2985/1/5132
f 2985/1/5132 2986/1/5132 2987/1/5132
f 2987/1/5132 2988/1/5132 2989/1/5132
f 2985/1/5132 2987/1/5132 2989/1/5132
f 2989/1/5132 2990/1/5132 2991/1/5132
f 2991/1/5132 2992/1/5132 2993/1/5132
f 2989/1/5132 2991/1/5132 2993/1/5132
f 2985/1/5132 2989/1/5132 2993/1/5132
f 2993/1/5132 2994/1/5132 2995/1/5132
f 2995/1/5132 2996/1/5132 2997/1/5132
f 2993/1/5132 2995/1/5132 2997/1/5132
f 2997/1/5132 2998/1/5132 2999/1/5132
f 2999/1/5132 3000/1/5132 3001/1/5132
f 2997/1/5132 2999/1/5132 3001/1/5132
f 2993/1/5132 2997/1/5132 3001/1/5132
f 2985/1/5132 2993/1/5132 3001/1/5132
f 3001/1/5132 3002/1/5132 3003/1/5132
f 3003/1/5132 3004/1/5132 3005/1/5132
f 3001/1/5132 3003/1/5132 3005/1/5132
f 3005/1/5132 3006/1/5132 3007/1/5132
f 3005/1/5132 3007/1/5132 3008/1/5132
f 3001/1/5132 3005/1/5132 3008/1/5132
f 2985/1/5132 3001/1/5132 3008/1/5132
f 2979/1/5132 2985/1/5132 3008/1/5132
s 2410
f 2971/1/5133 3007/1/5133 3006/1/5134
f 3006/1/5134 2969/1/5135 2971/1/5133
s 2411
f 2972/1/5136 2994/1/5137 2993/1/5138
f 2993/1/5138 2970/1/5138 2972/1/5136
s 2412
f 2973/1/5139 2981/1/5139 2946/1/5139
f 2946/1/5139 2945/1/5139 2973/1/5139
s 2413
f 2971/1/5140 2962/1/5140 3008/1/5140
f 3008/1/5140 3007/1/5140 2971/1/5140
s 2414
f 2974/1/5141 2995/1/5141 2994/1/5141
f 2994/1/5141 2972/1/5141 2974/1/5141
s 2415
f 2975/1/5142 2982/1/5142 2981/1/5142
f 2981/1/5142 2973/1/5142 2975/1/5142
s 2416
f 2976/1/5143 2996/1/5143 2995/1/5143
f 2995/1/5143 2974/1/5143 2976/1/5143
s 2417
f 2977/1/5144 2983/1/5145 2982/1/5144
f 2982/1/5144 2975/1/5145 2977/1/5144
s 2418
f 2978/1/5146 2997/1/5147 2996/1/5146
f 2996/1/5146 2976/1/5146 2978/1/5146
s 2419
f 2949/1/5148 2984/1/5148 2983/1/5148
f 2983/1/5148 2977/1/5149 2949/1/5148
s 2420
f 2952/1/5150 2998/1/5150 2997/1/5150
f 2997/1/5150 2978/1/5150 2952/1/5150
s 2421
f 2950/1/5151 2985/1/5152 2984/1/5151
f 2984/1/5151 2949/1/5153 2950/1/5151
s 2422
f 2951/1/5154 2999/1/5154 2998/1/5154
f 2998/1/5154 2952/1/5155 2951/1/5154
s 2423
f 2953/1/5156 2986/1/5157 2985/1/5156
f 2985/1/5156 2950/1/5157 2953/1/5156
s 2424
f 2954/1/5158 3000/1/5158 2999/1/5158
f 2999/1/5158 2951/1/5159 2954/1/5158
s 2425
f 2955/1/5160 2987/1/5160 2986/1/5160
f 2986/1/5160 2953/1/5160 2955/1/5160
s 2426
f 2956/1/5161 3001/1/5161 3000/1/5161
f 3000/1/5161 2954/1/5162 2956/1/5161
s 2427
f 2957/1/5163 2988/1/5163 2987/1/5163
f 2987/1/5163 2955/1/5164 2957/1/5163
s 2428
f 2958/1/5165 3002/1/5165 3001/1/5165
f 3001/1/5165 2956/1/5166 2958/1/5165
s 2429
f 2959/1/5167 2989/1/5167 2988/1/5167
f 2988/1/5167 2957/1/5167 2959/1/5167
s 2430
f 2960/1/5168 3003/1/5168 3002/1/5168
f 3002/1/5168 2958/1/5168 2960/1/5168
s 2431
f 2961/1/5169 2990/1/5169 2989/1/5169
f 2989/1/5169 2959/1/5169 2961/1/5169
s 2432
f 2963/1/5170 2979/1/5170 3008/1/5170
f 3008/1/5170 2962/1/5170 2963/1/5170
s 2433
f 2964/1/5171 3004/1/5171 3003/1/5171
f 3003/1/5171 2960/1/5171 2964/1/5171
s 2434
f 2965/1/5172 2991/1/5173 2990/1/5173
f 2990/1/5173 2961/1/5173 2965/1/5172
s 2435
f 2966/1/5174 2980/1/5175 2979/1/5175
f 2979/1/5175 2963/1/5174 2966/1/5174
s 2436
f 2967/1/5176 3005/1/5176 3004/1/5176
f 3004/1/5176 2964/1/5176 2967/1/5176
s 2437
f 2968/1/5177 2992/1/5177 2991/1/5177
f 2991/1/5177 2965/1/5177 2968/1/5177
s 2438
f 2948/1/5178 2947/1/5179 2980/1/5178
f 2980/1/5178 2966/1/5180 2948/1/5178
s 2439
f 2969/1/5181 3006/1/5182 3005/1/5181
f 3005/1/5181 2967/1/5182 2969/1/5181
s 2440
f 2970/1/5183 2993/1/5183 2992/1/5183
f 2992/1/5183 2968/1/5183 2970/1/5183
s 2441
f 3009/1/5037 3010/1/5037 3011/1/5037
f 3011/1/5037 3012/1/5037 3013/1/5037
f 3009/1/5037 3011/1/5037 3013/1/5037
f 3013/1/5037 3014/1/5037 3015/1/5037
f 3015/1/5037 3016/1/5037 3017/1/5037
f 3013/1/5037 3015/1/5037 3017/1/5037
f 3009/1/5037 3013/1/5037 3017/1/5037
f 3017/1/5037 3018/1/5037 3019/1/5037
f 3019/1/5037 3020/1/5037 3021/1/5037
f 3017/1/5037 3019/1/5037 3021/1/5037
f 3021/1/5037 3022/1/5037 3023/1/5037
f 3023/1/5037 3024/1/5037 3025/1/5037
f 3021/1/5037 3023/1/5037 3025/1/5037
f 3017/1/5037 3021/1/5037 3025/1/5037
f 3025/1/5037 3026/1/5037 3027/1/5037
f 3027/1/5037 3028/1/5037 3029/1/5037
f 3025/1/5037 3027/1/5037 3029/1/5037
f 3029/1/5037 3030/1/5037 3031/1/5037
f 3031/1/5037 3032/1/5037 3033/1/5037
f 3029/1/5037 3031/1/5037 3033/1/5037
f 3025/1/5037 3029/1/5037 3033/1/5037
f 3017/1/5037 3025/1/5037 3033/1/5037
f 3009/1/5037 3017/1/5037 3033/1/5037
f 3034/1/5037 3035/1/5037 3036/1/5037
f 3033/1/5037 3034/1/5037 3036/1/5037
f 3033/1/5037 3036/1/5037 3037/1/5037
f 3009/1/5037 3033/1/5037 3037/1/5037
f 3038/1/5037 3009/1/5037 3037/1/5037
f 3038/1/5037 3037/1/5037 3039/1/5037
f 3038/1/5037 3039/1/5037 3040/1/5037
s 2442
f 3041/1/5132 3042/1/5132 3043/1/5132
f 3043/1/5132 3044/1/5132 3045/1/5132
f 3041/1/5132 3043/1/5132 3045/1/5132
f 3045/1/5132 3046/1/5132 3047/1/5132
f 3047/1/5132 3048/1/5132 3049/1/5132
f 3045/1/5132 3047/1/5132 3049/1/5132
f 3041/1/5132 3045/1/5132 3049/1/5132
f 3049/1/5132 3050/1/5132 3051/1/5132
f 3051/1/5132 3052/1/5132 3053/1/5132
f 3049/1/5132 3051/1/5132 3053/1/5132
f 3053/1/5132 3054/1/5132 3055/1/5132
f 3055/1/5132 3056/1/5132 3057/1/5132
f 3053/1/5132 3055/1/5132 3057/1/5132
f 3049/1/5132 3053/1/5132 3057/1/5132
f 3041/1/5132 3049/1/5132 3057/1/5132
f 3057/1/5132 3058/1/5132 3059/1/5132
f 3059/1/5132 3060/1/5132 3061/1/5132
f 3057/1/5132 3059/1/5132 3061/1/5132
f 3061/1/5132 3062/1/5132 3063/1/5132
f 3063/1/5132 3064/1/5132 3065/1/5132
f 3061/1/5132 3063/1/5132 3065/1/5132
f 3057/1/5132 3061/1/5132 3065/1/5132
f 3065/1/5132 3066/1/5132 3067/1/5132
f 3067/1/5132 3068/1/5132 3069/1/5132
f 3065/1/5132 3067/1/5132 3069/1/5132
f 3069/1/5132 3070/1/5132 3071/1/5132
f 3069/1/5132 3071/1/5132 3072/1/5132
f 3065/1/5132 3069/1/5132 3072/1/5132
f 3057/1/5132 3065/1/5132 3072/1/5132
f 3041/1/5132 3057/1/5132 3072/1/5132
s 2443
f 3034/1/5184 3047/1/5185 3046/1/5186
f 3046/1/5186 3035/1/5187 3034/1/5184
s 2444
f 3020/1/5188 3061/1/5189 3060/1/5189
f 3060/1/5189 3021/1/5190 3020/1/5188
s 2445
f 3048/1/5191 3047/1/5192 3034/1/5192
f 3034/1/5192 3033/1/5193 3048/1/5191
s 2446
f 3019/1/5194 3062/1/5195 3061/1/5196
f 3061/1/5196 3020/1/5197 3019/1/5194
s 2447
f 3048/1/5198 3033/1/5199 3032/1/5200
f 3032/1/5200 3049/1/5201 3048/1/5198
s 2448
f 3018/1/5202 3063/1/5203 3062/1/5204
f 3062/1/5204 3019/1/5204 3018/1/5202
s 2449
f 3032/1/5205 3031/1/5206 3050/1/5207
f 3050/1/5207 3049/1/5208 3032/1/5205
s 2450
f 3017/1/5209 3064/1/5210 3063/1/5209
f 3063/1/5209 3018/1/5209 3017/1/5209
s 2451
f 3030/1/5211 3051/1/5211 3050/1/5212
f 3050/1/5212 3031/1/5213 3030/1/5211
s 2452
f 3016/1/5214 3065/1/5215 3064/1/5215
f 3064/1/5215 3017/1/5215 3016/1/5214
s 2453
f 3029/1/5216 3052/1/5216 3051/1/5217
f 3051/1/5217 3030/1/5216 3029/1/5216
s 2454
f 3015/1/5218 3066/1/5219 3065/1/5220
f 3065/1/5220 3016/1/5220 3015/1/5218
s 2455
f 3028/1/5221 3053/1/5222 3052/1/5223
f 3052/1/5223 3029/1/5224 3028/1/5221
s 2456
f 3014/1/5225 3067/1/5226 3066/1/5225
f 3066/1/5225 3015/1/5227 3014/1/5225
s 2457
f 3027/1/5228 3054/1/5229 3053/1/5230
f 3053/1/5230 3028/1/5231 3027/1/5228
s 2458
f 3072/1/5232 3009/1/5233 3038/1/5234
f 3038/1/5234 3041/1/5233 3072/1/5232
s 2459
f 3013/1/5235 3068/1/5236 3067/1/5237
f 3067/1/5237 3014/1/5238 3013/1/5235
s 2460
f 3026/1/5239 3055/1/5240 3054/1/5241
f 3054/1/5241 3027/1/5239 3026/1/5239
s 2461
f 3041/1/5242 3038/1/5243 3040/1/5244
f 3040/1/5244 3042/1/5243 3041/1/5242
s 2462
f 3012/1/5245 3069/1/5245 3068/1/5246
f 3068/1/5246 3013/1/5247 3012/1/5245
s 2463
f 3025/1/5248 3056/1/5249 3055/1/5250
f 3055/1/5250 3026/1/5249 3025/1/5248
s 2464
f 3042/1/5251 3040/1/5251 3039/1/5251
f 3039/1/5251 3043/1/5251 3042/1/5251
s 2465
f 3011/1/5252 3070/1/5253 3069/1/5254
f 3069/1/5254 3012/1/5255 3011/1/5252
s 2466
f 3024/1/5256 3057/1/5257 3056/1/5256
f 3056/1/5256 3025/1/5257 3024/1/5256
s 2467
f 3039/1/5258 3037/1/5259 3044/1/5260
f 3044/1/5260 3043/1/5260 3039/1/5258
s 2468
f 3010/1/5261 3071/1/5262 3070/1/5263
f 3070/1/5263 3011/1/5264 3010/1/5261
s 2469
f 3023/1/5265 3058/1/5266 3057/1/5267
f 3057/1/5267 3024/1/5268 3023/1/5265
s 2470
f 3036/1/5269 3045/1/5269 3044/1/5270
f 3044/1/5270 3037/1/5271 3036/1/5269
s 2471
f 3010/1/5272 3009/1/5273 3072/1/5274
f 3072/1/5274 3071/1/5272 3010/1/5272
s 2472
f 3022/1/5275 3059/1/5276 3058/1/5276
f 3058/1/5276 3023/1/5277 3022/1/5275
s 2473
f 3046/1/5278 3045/1/5279 3036/1/5280
f 3036/1/5280 3035/1/5279 3046/1/5278
s 2474
f 3021/1/5281 3060/1/5282 3059/1/5283
f 3059/1/5283 3022/1/5284 3021/1/5281
s 2475
f 3073/1/5037 3074/1/5037 3075/1/5037
f 3075/1/5037 3076/1/5037 3077/1/5037
f 3073/1/5037 3075/1/5037 3077/1/5037
f 3077/1/5037 3078/1/5037 3079/1/5037
f 3079/1/5037 3080/1/5037 3081/1/5037
f 3077/1/5037 3079/1/5037 3081/1/5037
f 3073/1/5037 3077/1/5037 3081/1/5037
f 3081/1/5037 3082/1/5037 3083/1/5037
f 3083/1/5037 3084/1/5037 3085/1/5037
f 3081/1/5037 3083/1/5037 3085/1/5037
f 3085/1/5037 3086/1/5037 3087/1/5037
f 3087/1/5037 3088/1/5037 3089/1/5037
f 3085/1/5037 3087/1/5037 3089/1/5037
f 3081/1/5037 3085/1/5037 3089/1/5037
f 3089/1/5037 3090/1/5037 3091/1/5037
f 3091/1/5037 3092/1/5037 3093/1/5037
f 3089/1/5037 3091/1/5037 3093/1/5037
f 3093/1/5037 3094/1/5037 3095/1/5037
f 3095/1/5037 3096/1/5037 3097/1/5037
f 3093/1/5037 3095/1/5037 3097/1/5037
f 3089/1/5037 3093/1/5037 3097/1/5037
f 3081/1/5037 3089/1/5037 3097/1/5037
f 3073/1/5037 3081/1/5037 3097/1/5037
f 3098/1/5037 3099/1/5037 3100/1/5037
f 3097/1/5037 3098/1/5037 3100/1/5037
f 3097/1/5037 3100/1/5037 3101/1/5037
f 3073/1/5037 3097/1/5037 3101/1/5037
f 3102/1/5037 3073/1/5037 3101/1/5037
f 3102/1/5037 3101/1/5037 3103/1/5037
f 3102/1/5037 3103/1/5037 3104/1/5037
s 2476
f 3105/1/5285 3106/1/5285 3107/1/5285
f 3107/1/5285 3108/1/5286 3105/1/5285
s 2477
f 3075/1/5287 3109/1/5288 3110/1/5289
f 3110/1/5289 3076/1/5290 3075/1/5287
s 2478
f 3088/1/5291 3111/1/5292 3112/1/5291
f 3112/1/5291 3089/1/5293 3088/1/5291
s 2479
f 3103/1/5294 3101/1/5295 3113/1/5295
f 3113/1/5295 3114/1/5296 3103/1/5294
s 2480
f 3074/1/5297 3115/1/5297 3109/1/5297
f 3109/1/5297 3075/1/5297 3074/1/5297
s 2481
f 3087/1/5298 3116/1/5299 3111/1/5299
f 3111/1/5299 3088/1/5300 3087/1/5298
s 2482
f 3100/1/5301 3117/1/5302 3113/1/5303
f 3113/1/5303 3101/1/5304 3100/1/5301
s 2483
f 3074/1/5305 3073/1/5306 3118/1/5305
f 3118/1/5305 3115/1/5307 3074/1/5305
s 2484
f 3086/1/5308 3119/1/5309 3116/1/5308
f 3116/1/5308 3087/1/5310 3086/1/5308
s 2485
f 3120/1/5311 3117/1/5312 3100/1/5312
f 3100/1/5312 3099/1/5313 3120/1/5311
s 2486
f 3085/1/5314 3121/1/5315 3119/1/5315
f 3119/1/5315 3086/1/5315 3085/1/5314
s 2487
f 3098/1/5316 3122/1/5317 3120/1/5316
f 3120/1/5316 3099/1/5318 3098/1/5316
s 2488
f 3084/1/5319 3123/1/5320 3121/1/5321
f 3121/1/5321 3085/1/5322 3084/1/5319
s 2489
f 3124/1/5323 3122/1/5324 3098/1/5325
f 3098/1/5325 3097/1/5323 3124/1/5323
s 2490
f 3083/1/5326 3125/1/5327 3123/1/5328
f 3123/1/5328 3084/1/5329 3083/1/5326
s 2491
f 3124/1/5330 3097/1/5331 3096/1/5331
f 3096/1/5331 3126/1/5331 3124/1/5330
s 2492
f 3082/1/5332 3127/1/5333 3125/1/5332
f 3125/1/5332 3083/1/5334 3082/1/5332
s 2493
f 3096/1/5335 3095/1/5336 3128/1/5337
f 3128/1/5337 3126/1/5338 3096/1/5335
s 2494
f 3081/1/5339 3108/1/5340 3127/1/5341
f 3127/1/5341 3082/1/5342 3081/1/5339
s 2495
f 3094/1/5343 3129/1/5344 3128/1/5344
f 3128/1/5344 3095/1/5344 3094/1/5343
s 2496
f 3080/1/5345 3105/1/5345 3108/1/5346
f 3108/1/5346 3081/1/5347 3080/1/5345
s 2497
f 3093/1/5348 3130/1/5349 3129/1/5350
f 3129/1/5350 3094/1/5351 3093/1/5348
s 2498
f 3079/1/5352 3131/1/5353 3105/1/5354
f 3105/1/5354 3080/1/5352 3079/1/5352
s 2499
f 3092/1/5355 3132/1/5356 3130/1/5356
f 3130/1/5356 3093/1/5355 3092/1/5355
s 2500
f 3078/1/5357 3133/1/5358 3131/1/5359
f 3131/1/5359 3079/1/5359 3078/1/5357
s 2501
f 3091/1/5360 3134/1/5361 3132/1/5360
f 3132/1/5360 3092/1/5362 3091/1/5360
s 2502
f 3118/1/5363 3073/1/5364 3102/1/5365
f 3102/1/5365 3135/1/5366 3118/1/5363
s 2503
f 3077/1/5367 3136/1/5368 3133/1/5368
f 3133/1/5368 3078/1/5369 3077/1/5367
s 2504
f 3090/1/5370 3137/1/5370 3134/1/5370
f 3134/1/5370 3091/1/5371 3090/1/5370
s 2505
f 3135/1/5372 3102/1/5373 3104/1/5374
f 3104/1/5374 3138/1/5374 3135/1/5372
s 2506
f 3076/1/5375 3110/1/5376 3136/1/5377
f 3136/1/5377 3077/1/5378 3076/1/5375
s 2507
f 3089/1/5379 3112/1/5380 3137/1/5381
f 3137/1/5381 3090/1/5379 3089/1/5379
s 2508
f 3138/1/5382 3104/1/5383 3103/1/5384
f 3103/1/5384 3114/1/5385 3138/1/5382
s 2509
f 3139/1/5132 3140/1/5132 3141/1/5132
f 3141/1/5132 3142/1/5132 3143/1/5132
f 3139/1/5132 3141/1/5132 3143/1/5132
f 3143/1/5132 3144/1/5132 3145/1/5132
f 3143/1/5132 3145/1/5132 3146/1/5132
f 3139/1/5132 3143/1/5132 3146/1/5132
f 3139/1/5132 3146/1/5132 3147/1/5132
f 3147/1/5132 3148/1/5132 3149/1/5132
f 3149/1/5132 3150/1/5132 3151/1/5132
f 3147/1/5132 3149/1/5132 3151/1/5132
f 3151/1/5132 3152/1/5132 3153/1/5132
f 3153/1/5132 3154/1/5132 3155/1/5132
f 3151/1/5132 3153/1/5132 3155/1/5132
f 3147/1/5132 3151/1/5132 3155/1/5132
f 3155/1/5132 3156/1/5132 3157/1/5132
f 3157/1/5132 3158/1/5132 3159/1/5132
f 3155/1/5132 3157/1/5132 3159/1/5132
f 3159/1/5132 3160/1/5132 3161/1/5132
f 3161/1/5132 3107/1/5132 3106/1/5132
f 3159/1/5132 3161/1/5132 3106/1/5132
f 3155/1/5132 3159/1/5132 3106/1/5132
f 3147/1/5132 3155/1/5132 3106/1/5132
f 3106/1/5132 3162/1/5132 3163/1/5132
f 3163/1/5132 3164/1/5132 3165/1/5132
f 3106/1/5132 3163/1/5132 3165/1/5132
f 3165/1/5132 3166/1/5132 3167/1/5132
f 3165/1/5132 3167/1/5132 3168/1/5132
f 3106/1/5132 3165/1/5132 3168/1/5132
f 3147/1/5132 3106/1/5132 3168/1/5132
f 3139/1/5132 3147/1/5132 3168/1/5132
s 2510
f 3130/1/5163 3150/1/5163 3149/1/5163
f 3149/1/5163 3129/1/5163 3130/1/5163
s 2511
f 3131/1/5166 3162/1/5166 3106/1/5166
f 3106/1/5166 3105/1/5166 3131/1/5166
s 2512
f 3132/1/5167 3151/1/5167 3150/1/5167
f 3150/1/5167 3130/1/5167 3132/1/5167
s 2513
f 3133/1/5386 3163/1/5386 3162/1/5386
f 3162/1/5386 3131/1/5386 3133/1/5386
s 2514
f 3134/1/5387 3152/1/5387 3151/1/5387
f 3151/1/5387 3132/1/5387 3134/1/5387
s 2515
f 3135/1/5388 3139/1/5388 3168/1/5388
f 3168/1/5388 3118/1/5388 3135/1/5388
s 2516
f 3136/1/5171 3164/1/5171 3163/1/5171
f 3163/1/5171 3133/1/5171 3136/1/5171
s 2517
f 3137/1/5389 3153/1/5389 3152/1/5389
f 3152/1/5389 3134/1/5389 3137/1/5389
s 2518
f 3138/1/5175 3140/1/5175 3139/1/5175
f 3139/1/5175 3135/1/5175 3138/1/5175
s 2519
f 3110/1/5390 3165/1/5390 3164/1/5390
f 3164/1/5390 3136/1/5390 3110/1/5390
s 2520
f 3112/1/5391 3154/1/5391 3153/1/5391
f 3153/1/5391 3137/1/5391 3112/1/5391
s 2521
f 3114/1/5392 3141/1/5392 3140/1/5180
f 3140/1/5180 3138/1/5392 3114/1/5392
s 2522
f 3109/1/5181 3166/1/5393 3165/1/5181
f 3165/1/5181 3110/1/5394 3109/1/5181
s 2523
f 3111/1/5395 3155/1/5395 3154/1/5395
f 3154/1/5395 3112/1/5395 3111/1/5395
s 2524
f 3113/1/5396 3142/1/5397 3141/1/5396
f 3141/1/5396 3114/1/5397 3113/1/5396
s 2525
f 3115/1/5135 3167/1/5135 3166/1/5135
f 3166/1/5135 3109/1/5135 3115/1/5135
s 2526
f 3116/1/5137 3156/1/5137 3155/1/5137
f 3155/1/5137 3111/1/5137 3116/1/5137
s 2527
f 3117/1/5139 3143/1/5139 3142/1/5139
f 3142/1/5139 3113/1/5139 3117/1/5139
s 2528
f 3115/1/5398 3118/1/5398 3168/1/5398
f 3168/1/5398 3167/1/5399 3115/1/5398
s 2529
f 3119/1/5400 3157/1/5400 3156/1/5400
f 3156/1/5400 3116/1/5400 3119/1/5400
s 2530
f 3120/1/5401 3144/1/5401 3143/1/5401
f 3143/1/5401 3117/1/5401 3120/1/5401
s 2531
f 3121/1/5143 3158/1/5143 3157/1/5143
f 3157/1/5143 3119/1/5143 3121/1/5143
s 2532
f 3122/1/5145 3145/1/5145 3144/1/5145
f 3144/1/5145 3120/1/5145 3122/1/5145
s 2533
f 3123/1/5146 3159/1/5146 3158/1/5146
f 3158/1/5146 3121/1/5146 3123/1/5146
s 2534
f 3124/1/5402 3146/1/5402 3145/1/5402
f 3145/1/5402 3122/1/5402 3124/1/5402
s 2535
f 3125/1/5403 3160/1/5403 3159/1/5403
f 3159/1/5403 3123/1/5403 3125/1/5403
s 2536
f 3126/1/5153 3147/1/5153 3146/1/5153
f 3146/1/5153 3124/1/5153 3126/1/5153
s 2537
f 3127/1/5404 3161/1/5404 3160/1/5404
f 3160/1/5404 3125/1/5404 3127/1/5404
s 2538
f 3128/1/5156 3148/1/5156 3147/1/5156
f 3147/1/5156 3126/1/5156 3128/1/5156
s 2539
f 3108/1/5158 3107/1/5158 3161/1/5158
f 3161/1/5158 3127/1/5158 3108/1/5158
s 2540
f 3129/1/5405 3149/1/5405 3148/1/5405
f 3148/1/5405 3128/1/5405 3129/1/5405
s 2541
f 3169/2/5406 3170/3/5406 3171/4/5406
f 3171/4/5406 3172/5/5406 3169/2/5406
s 2542
f 3170/3/5407 3173/6/5408 3174/7/5408
f 3174/7/5408 3171/4/5408 3170/3/5407
s 2543
f 3173/6/5409 3175/8/5409 3176/9/5409
f 3176/9/5409 3174/7/5409 3173/6/5409
s 2544
f 3175/8/5410 3177/10/5410 3178/11/5410
f 3178/11/5410 3176/9/5410 3175/8/5410
s 2545
f 3179/12/5411 3180/13/5411 3178/11/5411
f 3178/11/5411 3177/10/5411 3179/12/5411
s 2546
f 3181/14/5412 3180/13/5412 3179/12/5412
f 3179/12/5412 3182/15/5412 3181/14/5412
s 2547
f 3183/16/5413 3181/14/5413 3182/15/5413
f 3182/15/5413 3184/17/5413 3183/16/5413
s 2548
f 3185/18/5414 3186/19/5414 3183/16/5414
f 3183/16/5414 3184/17/5414 3185/18/5414
s 2549
f 3187/20/5415 3186/19/5415 3185/18/5415
f 3185/18/5415 3188/21/5416 3187/20/5415
s 2550
f 3189/22/5417 3187/20/5418 3188/21/5419
f 3188/21/5419 3190/23/5417 3189/22/5417
s 2551
f 3191/24/5420 3189/22/5420 3190/23/5420
f 3190/23/5420 3192/25/5420 3191/24/5420
s 2552
f 3193/26/5421 3194/27/5421 3191/24/5421
f 3191/24/5421 3192/25/5421 3193/26/5421
s 2553
f 3195/28/5422 3194/27/5423 3193/26/5424
f 3193/26/5424 3196/29/5422 3195/28/5422
s 2554
f 3197/30/5425 3195/28/5425 3196/29/5425
f 3196/29/5425 3198/31/5425 3197/30/5425
s 2555
f 3199/32/5426 3197/30/5426 3198/31/5426
f 3198/31/5426 3200/33/5426 3199/32/5426
s 2556
f 3201/34/5427 3199/32/5427 3200/33/5427
f 3200/33/5427 3202/35/5427 3201/34/5427
s 2557
f 3203/36/5428 3201/34/5428 3202/35/5428
f 3202/35/5428 3204/37/5428 3203/36/5428
s 2558
f 3205/38/5429 3203/36/5429 3204/37/5429
f 3204/37/5429 3206/39/5429 3205/38/5429
s 2559
f 3207/40/5430 3205/38/5430 3206/39/5430
f 3206/39/5430 3208/41/5430 3207/40/5430
s 2560
f 3209/42/5431 3210/43/5431 3207/40/5431
f 3207/40/5431 3208/41/5431 3209/42/5431
s 2561
f 3209/42/5432 3211/44/5432 3212/45/5432
f 3212/45/5432 3210/43/5432 3209/42/5432
s 2562
f 3213/46/5433 3212/45/5433 3211/44/5433
f 3211/44/5433 3214/47/5433 3213/46/5433
s 2563
f 3215/48/5434 3213/46/5434 3214/47/5434
f 3214/47/5434 3216/49/5434 3215/48/5434
s 2564
f 3217/50/5435 3218/51/5435 3215/48/5435
f 3215/48/5435 3216/49/5435 3217/50/5435
s 2565
f 3219/52/5436 3220/53/5436 3218/51/5436
f 3218/51/5436 3217/50/5436 3219/52/5436
s 2566
f 3221/54/5437 3220/53/5437 3219/52/5437
f 3219/52/5437 3222/55/5437 3221/54/5437
s 2567
f 3223/56/5438 3224/57/5438 3221/54/5438
f 3221/54/5438 3222/55/5438 3223/56/5438
s 2568
f 3225/58/5439 3224/57/5439 3223/56/5439
f 3223/56/5439 3226/59/5439 3225/58/5439
s 2569
f 3227/60/5440 3225/58/5440 3226/59/5441
f 3226/59/5441 3228/61/5440 3227/60/5440
s 2570
f 3229/62/5442 3230/63/5442 3227/60/5442
f 3227/60/5442 3228/61/5442 3229/62/5442
s 2571
f 3185/18/5443 3231/18/5443 3232/21/5443
f 3232/21/5443 3188/21/5443 3185/18/5443
s 2572
f 3233/64/5444 3234/65/5444 3230/63/5444
f 3230/63/5444 3229/62/5444 3233/64/5444
s 2573
f 3234/65/5445 3233/64/5446 3169/66/5445
f 3169/66/5445 3172/67/5446 3234/65/5445
s 2574
f 3171/68/5037 3174/69/5037 3176/70/5447
f 3171/68/5037 3176/70/5447 3178/71/5037
f 3178/71/5037 3180/72/5448 3181/73/5037
f 3181/73/5037 3183/74/5447 3186/75/5037
f 3186/75/5037 3187/76/5037 3189/77/5037
f 3181/73/5037 3186/75/5037 3189/77/5037
f 3178/71/5037 3181/73/5037 3189/77/5037
f 3189/77/5037 3191/78/5037 3194/79/5037
f 3194/79/5037 3195/80/5037 3197/81/5037
f 3189/77/5037 3194/79/5037 3197/81/5037
f 3197/81/5037 3199/82/5037 3201/83/5449
f 3201/83/5449 3203/84/5037 3205/85/5037
f 3197/81/5037 3201/83/5449 3205/85/5037
f 3205/85/5037 3207/86/5037 3210/87/5447
f 3210/87/5447 3212/88/5450 3213/89/5037
f 3205/85/5037 3210/87/5447 3213/89/5037
f 3213/89/5037 3215/90/5449 3218/91/5037
f 3218/91/5037 3220/92/5037 3221/93/5037
f 3213/89/5037 3218/91/5037 3221/93/5037
f 3205/85/5037 3213/89/5037 3221/93/5037
f 3197/81/5037 3205/85/5037 3221/93/5037
f 3189/77/5037 3197/81/5037 3221/93/5037
f 3178/71/5037 3189/77/5037 3221/93/5037
f 3221/93/5037 3224/94/5037 3225/95/5037
f 3225/95/5037 3227/96/5037 3230/97/5037
f 3221/93/5037 3225/95/5037 3230/97/5037
f 3178/71/5037 3221/93/5037 3230/97/5037
f 3171/68/5037 3178/71/5037 3230/97/5037
f 3172/98/5451 3171/68/5037 3230/97/5037
f 3172/98/5451 3230/97/5037 3234/99/5452
s 2575
f 3235/8/5453 3236/8/5453 3237/10/5453
f 3237/10/5453 3238/10/5453 3235/8/5453
s 2576
f 3239/39/5454 3206/39/5455 3204/37/5456
f 3204/37/5456 3240/37/5454 3239/39/5454
s 2577
f 3241/56/5457 3223/56/5457 3222/55/5457
f 3222/55/5457 3242/55/5457 3241/56/5457
s 2578
f 3243/12/5458 3179/12/5458 3177/10/5458
f 3177/10/5458 3238/10/5458 3243/12/5458
s 2579
f 3244/31/5459 3198/31/5459 3196/29/5459
f 3196/29/5459 3245/29/5459 3244/31/5459
s 2580
f 3246/49/5460 3216/49/5460 3214/47/5460
f 3214/47/5460 3247/47/5460 3246/49/5460
s 2581
f 3170/3/5461 3169/2/5461 3248/2/5461
f 3248/2/5461 3249/3/5461 3170/3/5461
s 2582
f 3233/64/5462 3250/64/5463 3248/66/5464
f 3248/66/5464 3169/66/5465 3233/64/5462
s 2583
f 3251/23/5466 3190/23/5466 3188/21/5466
f 3188/21/5466 3232/21/5466 3251/23/5466
s 2584
f 3252/41/5467 3208/41/5468 3206/39/5467
f 3206/39/5467 3239/39/5467 3252/41/5467
s 2585
f 3241/56/5469 3253/59/5469 3226/59/5469
f 3226/59/5469 3223/56/5469 3241/56/5469
s 2586
f 3254/15/5470 3182/15/5470 3179/12/5470
f 3179/12/5470 3243/12/5470 3254/15/5470
s 2587
f 3255/33/5471 3200/33/5472 3198/31/5472
f 3198/31/5472 3244/31/5473 3255/33/5471
s 2588
f 3256/50/5474 3217/50/5474 3216/49/5474
f 3216/49/5474 3246/49/5474 3256/50/5474
s 2589
f 3249/3/5475 3257/6/5475 3173/6/5475
f 3173/6/5475 3170/3/5475 3249/3/5475
s 2590
f 3258/25/5476 3192/25/5476 3190/23/5476
f 3190/23/5476 3251/23/5476 3258/25/5476
s 2591
f 3252/41/5477 3259/42/5477 3209/42/5478
f 3209/42/5478 3208/41/5479 3252/41/5477
s 2592
f 3228/61/5480 3226/59/5481 3253/59/5482
f 3253/59/5482 3260/61/5482 3228/61/5480
s 2593
f 3261/17/5483 3184/17/5483 3182/15/5483
f 3182/15/5483 3254/15/5483 3261/17/5483
s 2594
f 3262/35/5484 3202/35/5484 3200/33/5484
f 3200/33/5484 3255/33/5484 3262/35/5484
s 2595
f 3263/52/5485 3219/52/5485 3217/50/5485
f 3217/50/5485 3256/50/5485 3263/52/5485
s 2596
f 3235/8/5486 3175/8/5487 3173/6/5487
f 3173/6/5487 3257/6/5486 3235/8/5486
s 2597
f 3264/26/5488 3193/26/5488 3192/25/5488
f 3192/25/5488 3258/25/5489 3264/26/5488
s 2598
f 3265/44/5490 3211/44/5491 3209/42/5490
f 3209/42/5490 3259/42/5490 3265/44/5490
s 2599
f 3229/62/5492 3228/61/5492 3260/61/5493
f 3260/61/5493 3266/62/5493 3229/62/5492
s 2600
f 3184/17/5494 3261/17/5494 3231/18/5494
f 3231/18/5494 3185/18/5494 3184/17/5494
s 2601
f 3240/37/5495 3204/37/5495 3202/35/5495
f 3202/35/5495 3262/35/5495 3240/37/5495
s 2602
f 3242/55/5496 3222/55/5496 3219/52/5496
f 3219/52/5496 3263/52/5496 3242/55/5496
s 2603
f 3177/10/5497 3175/8/5497 3235/8/5498
f 3235/8/5498 3238/10/5499 3177/10/5497
s 2604
f 3245/29/5500 3196/29/5500 3193/26/5500
f 3193/26/5500 3264/26/5500 3245/29/5500
s 2605
f 3247/47/5501 3214/47/5501 3211/44/5501
f 3211/44/5501 3265/44/5501 3247/47/5501
s 2606
f 3233/64/5502 3229/62/5502 3266/62/5503
f 3266/62/5503 3250/64/5502 3233/64/5502
s 2607
f 3267/100/5504 3268/101/5505 3269/102/5506
f 3269/102/5506 3270/103/5504 3271/104/5504
f 3267/100/5504 3269/102/5506 3271/104/5504
f 3271/104/5504 3272/105/5507 3273/106/5508
f 3273/106/5508 3274/107/5504 3275/108/5504
f 3271/104/5504 3273/106/5508 3275/108/5504
f 3275/108/5504 3276/109/5508 3277/110/5509
f 3277/110/5509 3278/111/5510 3279/112/5504
f 3275/108/5504 3277/110/5509 3279/112/5504
f 3271/104/5504 3275/108/5504 3279/112/5504
f 3279/112/5504 3280/113/5511 3281/114/5504
f 3281/114/5504 3282/115/5512 3283/116/5504
f 3279/112/5504 3281/114/5504 3283/116/5504
f 3283/116/5504 3284/117/5513 3285/118/5504
f 3285/118/5504 3286/119/5507 3287/120/5514
f 3283/116/5504 3285/118/5504 3287/120/5514
f 3279/112/5504 3283/116/5504 3287/120/5514
f 3271/104/5504 3279/112/5504 3287/120/5514
f 3287/120/5514 3288/121/5507 3289/122/5504
f 3289/122/5504 3290/123/5515 3291/124/5508
f 3287/120/5514 3289/122/5504 3291/124/5508
f 3287/120/5514 3291/124/5508 3292/125/5504
f 3271/104/5504 3287/120/5514 3292/125/5504
f 3292/125/5504 3293/126/5516 3294/127/5504
f 3294/127/5504 3295/128/5506 3237/129/5504
f 3292/125/5504 3294/127/5504 3237/129/5504
f 3271/104/5504 3292/125/5504 3237/129/5504
f 3267/100/5504 3271/104/5504 3237/129/5504
f 3267/100/5504 3237/129/5504 3236/130/5504
f 3267/100/5504 3236/130/5504 3296/131/5517
s 2608
f 3266/62/5518 3270/62/5519 3269/64/5520
f 3269/64/5520 3250/64/5521 3266/62/5518
s 2609
f 3240/37/5522 3283/37/5522 3282/39/5523
f 3282/39/5523 3239/39/5522 3240/37/5522
s 2610
f 3238/10/5524 3237/10/5525 3295/12/5524
f 3295/12/5524 3243/12/5524 3238/10/5524
s 2611
f 3250/64/5526 3269/64/5527 3268/66/5528
f 3268/66/5528 3248/66/5526 3250/64/5526
s 2612
f 3239/39/5529 3282/39/5529 3281/41/5529
f 3281/41/5529 3252/41/5529 3239/39/5529
s 2613
f 3243/12/5530 3295/12/5530 3294/15/5530
f 3294/15/5530 3254/15/5530 3243/12/5530
s 2614
f 3252/41/5531 3281/41/5532 3280/42/5532
f 3280/42/5532 3259/42/5532 3252/41/5531
s 2615
f 3254/15/5533 3294/15/5533 3293/17/5533
f 3293/17/5533 3261/17/5533 3254/15/5533
s 2616
f 3259/42/5534 3280/42/5535 3279/44/5536
f 3279/44/5536 3265/44/5537 3259/42/5534
s 2617
f 3231/18/5538 3261/17/5539 3293/17/5540
f 3293/17/5540 3292/18/5540 3231/18/5538
s 2618
f 3265/44/5541 3279/44/5542 3278/47/5542
f 3278/47/5542 3247/47/5543 3265/44/5541
s 2619
f 3231/18/5544 3292/18/5545 3291/21/5545
f 3291/21/5545 3232/21/5544 3231/18/5544
s 2620
f 3247/47/5546 3278/47/5547 3277/49/5547
f 3277/49/5547 3246/49/5546 3247/47/5546
s 2621
f 3232/21/5548 3291/21/5548 3290/23/5548
f 3290/23/5548 3251/23/5548 3232/21/5548
s 2622
f 3246/49/5549 3277/49/5550 3276/50/5550
f 3276/50/5550 3256/50/5549 3246/49/5549
s 2623
f 3251/23/5551 3290/23/5551 3289/25/5551
f 3289/25/5551 3258/25/5551 3251/23/5551
s 2624
f 3256/50/5552 3276/50/5553 3275/52/5552
f 3275/52/5552 3263/52/5552 3256/50/5552
s 2625
f 3258/25/5554 3289/25/5554 3288/26/5555
f 3288/26/5555 3264/26/5554 3258/25/5554
s 2626
f 3263/52/5556 3275/52/5556 3274/55/5556
f 3274/55/5556 3242/55/5556 3263/52/5556
s 2627
f 3264/26/5557 3288/26/5558 3287/29/5559
f 3287/29/5559 3245/29/5560 3264/26/5557
s 2628
f 3242/55/5561 3274/55/5562 3273/56/5562
f 3273/56/5562 3241/56/5561 3242/55/5561
s 2629
f 3245/29/5563 3287/29/5564 3286/31/5564
f 3286/31/5564 3244/31/5563 3245/29/5563
s 2630
f 3248/2/5565 3268/2/5566 3267/3/5567
f 3267/3/5567 3249/3/5565 3248/2/5565
s 2631
f 3241/56/5568 3273/56/5569 3272/59/5570
f 3272/59/5570 3253/59/5568 3241/56/5568
s 2632
f 3244/31/5571 3286/31/5572 3285/33/5572
f 3285/33/5572 3255/33/5573 3244/31/5571
s 2633
f 3249/3/5574 3267/3/5575 3296/6/5575
f 3296/6/5575 3257/6/5574 3249/3/5574
s 2634
f 3253/59/5576 3272/59/5576 3271/61/5576
f 3271/61/5576 3260/61/5576 3253/59/5576
s 2635
f 3255/33/5577 3285/33/5577 3284/35/5577
f 3284/35/5577 3262/35/5577 3255/33/5577
s 2636
f 3257/6/5578 3296/6/5579 3236/8/5579
f 3236/8/5579 3235/8/5578 3257/6/5578
s 2637
f 3260/61/5580 3271/61/5581 3270/62/5580
f 3270/62/5580 3266/62/5580 3260/61/5580
s 2638
f 3262/35/5582 3284/35/5583 3283/37/5584
f 3283/37/5584 3240/37/5582 3262/35/5582
s 2639
f 3297/3/5585 3298/4/5586 3299/5/5586
f 3299/5/5586 3300/2/5585 3297/3/5585
s 2640
f 3301/7/5587 3298/4/5587 3297/3/5587
f 3297/3/5587 3302/6/5588 3301/7/5587
s 2641
f 3303/8/5589 3304/9/5589 3301/7/5589
f 3301/7/5589 3302/6/5589 3303/8/5589
s 2642
f 3305/11/5590 3304/9/5590 3303/8/5590
f 3303/8/5590 3306/10/5590 3305/11/5590
s 2643
f 3307/12/5591 3308/13/5591 3305/11/5591
f 3305/11/5591 3306/10/5591 3307/12/5591
s 2644
f 3309/14/5592 3308/13/5592 3307/12/5592
f 3307/12/5592 3310/15/5592 3309/14/5592
s 2645
f 3311/16/5593 3309/14/5593 3310/15/5593
f 3310/15/5593 3312/17/5593 3311/16/5593
s 2646
f 3313/18/5594 3314/19/5594 3311/16/5594
f 3311/16/5594 3312/17/5594 3313/18/5594
s 2647
f 3315/20/5595 3314/19/5595 3313/18/5595
f 3313/18/5595 3316/21/5595 3315/20/5595
s 2648
f 3317/23/5596 3318/22/5596 3315/20/5597
f 3315/20/5597 3316/21/5596 3317/23/5596
s 2649
f 3319/25/5598 3320/24/5598 3318/22/5598
f 3318/22/5598 3317/23/5598 3319/25/5598
s 2650
f 3321/27/5599 3320/24/5599 3319/25/5600
f 3319/25/5600 3322/26/5600 3321/27/5599
s 2651
f 3323/29/5601 3324/28/5601 3321/27/5601
f 3321/27/5601 3322/26/5601 3323/29/5601
s 2652
f 3325/31/5602 3326/30/5602 3324/28/5602
f 3324/28/5602 3323/29/5602 3325/31/5602
s 2653
f 3327/32/5603 3326/30/5603 3325/31/5603
f 3325/31/5603 3328/33/5603 3327/32/5603
s 2654
f 3328/33/5604 3329/35/5604 3330/34/5605
f 3330/34/5605 3327/32/5604 3328/33/5604
s 2655
f 3331/37/5606 3332/36/5606 3330/34/5606
f 3330/34/5606 3329/35/5606 3331/37/5606
s 2656
f 3333/38/5607 3332/36/5608 3331/37/5608
f 3331/37/5608 3334/39/5608 3333/38/5607
s 2657
f 3335/40/5609 3333/38/5609 3334/39/5609
f 3334/39/5609 3336/41/5609 3335/40/5609
s 2658
f 3337/42/5610 3338/43/5610 3335/40/5610
f 3335/40/5610 3336/41/5610 3337/42/5610
s 2659
f 3339/45/5611 3338/43/5611 3337/42/5611
f 3337/42/5611 3340/44/5611 3339/45/5611
s 2660
f 3341/47/5612 3342/46/5612 3339/45/5612
f 3339/45/5612 3340/44/5612 3341/47/5612
s 2661
f 3343/49/5613 3344/48/5614 3342/46/5613
f 3342/46/5613 3341/47/5614 3343/49/5613
s 2662
f 3345/51/5615 3344/48/5616 3343/49/5616
f 3343/49/5616 3346/50/5616 3345/51/5615
s 2663
f 3347/53/5617 3345/51/5617 3346/50/5617
f 3346/50/5617 3348/52/5617 3347/53/5617
s 2664
f 3349/55/5618 3350/54/5619 3347/53/5618
f 3347/53/5618 3348/52/5619 3349/55/5618
s 2665
f 3351/57/5620 3350/54/5620 3349/55/5620
f 3349/55/5620 3352/56/5620 3351/57/5620
s 2666
f 3353/59/5621 3354/58/5621 3351/57/5621
f 3351/57/5621 3352/56/5621 3353/59/5621
s 2667
f 3355/61/5622 3356/60/5622 3354/58/5622
f 3354/58/5622 3353/59/5622 3355/61/5622
s 2668
f 3357/63/5623 3356/60/5623 3355/61/5623
f 3355/61/5623 3358/62/5623 3357/63/5623
s 2669
f 3359/21/5624 3316/21/5624 3313/18/5624
f 3313/18/5624 3360/18/5624 3359/21/5624
s 2670
f 3361/64/5625 3362/65/5625 3357/63/5625
f 3357/63/5625 3358/62/5625 3361/64/5625
s 2671
f 3361/64/5626 3300/66/5626 3299/67/5626
f 3299/67/5626 3362/65/5626 3361/64/5626
s 2672
f 3299/98/5037 3298/68/5447 3301/69/5037
f 3301/69/5037 3304/70/5449 3305/71/5037
f 3299/98/5037 3301/69/5037 3305/71/5037
f 3308/72/5037 3309/73/5447 3311/74/5037
f 3305/71/5037 3308/72/5037 3311/74/5037
f 3305/71/5037 3311/74/5037 3314/75/5037
f 3314/75/5037 3315/76/5448 3318/77/5037
f 3305/71/5037 3314/75/5037 3318/77/5037
f 3305/71/5037 3318/77/5037 3320/78/5037
f 3320/78/5037 3321/79/5037 3324/80/5037
f 3305/71/5037 3320/78/5037 3324/80/5037
f 3305/71/5037 3324/80/5037 3326/81/5037
f 3326/81/5037 3327/82/5450 3330/83/5037
f 3305/71/5037 3326/81/5037 3330/83/5037
f 3305/71/5037 3330/83/5037 3332/84/5037
f 3332/84/5037 3333/85/5447 3335/86/5037
f 3305/71/5037 3332/84/5037 3335/86/5037
f 3305/71/5037 3335/86/5037 3338/87/5037
f 3338/87/5037 3339/88/5037 3342/89/5037
f 3305/71/5037 3338/87/5037 3342/89/5037
f 3305/71/5037 3342/89/5037 3344/90/5037
f 3344/90/5037 3345/91/5037 3347/92/5037
f 3305/71/5037 3344/90/5037 3347/92/5037
f 3305/71/5037 3347/92/5037 3350/93/5037
f 3350/93/5037 3351/94/5627 3354/95/5037
f 3305/71/5037 3350/93/5037 3354/95/5037
f 3305/71/5037 3354/95/5037 3356/96/5037
f 3299/98/5037 3305/71/5037 3356/96/5037
f 3299/98/5037 3356/96/5037 3357/97/5449
f 3299/98/5037 3357/97/5449 3362/99/5627
s 2673
f 3363/10/5628 3364/8/5628 3365/8/5629
f 3365/8/5629 3366/10/5629 3363/10/5628
s 2674
f 3367/39/5630 3334/39/5630 3331/37/5630
f 3331/37/5630 3368/37/5630 3367/39/5630
s 2675
f 3369/56/5631 3352/56/5631 3349/55/5631
f 3349/55/5631 3370/55/5631 3369/56/5631
s 2676
f 3306/10/5632 3363/10/5632 3371/12/5632
f 3371/12/5632 3307/12/5632 3306/10/5632
s 2677
f 3323/29/5633 3372/29/5633 3373/31/5634
f 3373/31/5634 3325/31/5633 3323/29/5633
s 2678
f 3343/49/5635 3341/47/5635 3374/47/5635
f 3374/47/5635 3375/49/5635 3343/49/5635
s 2679
f 3300/2/5636 3376/2/5636 3377/3/5636
f 3377/3/5636 3297/3/5636 3300/2/5636
s 2680
f 3300/66/5637 3361/64/5637 3378/64/5637
f 3378/64/5637 3376/66/5637 3300/66/5637
s 2681
f 3359/21/5638 3379/23/5638 3317/23/5638
f 3317/23/5638 3316/21/5638 3359/21/5638
s 2682
f 3367/39/5639 3380/41/5639 3336/41/5640
f 3336/41/5640 3334/39/5639 3367/39/5639
s 2683
f 3369/56/5641 3381/59/5641 3353/59/5641
f 3353/59/5641 3352/56/5641 3369/56/5641
s 2684
f 3382/15/5642 3310/15/5643 3307/12/5643
f 3307/12/5643 3371/12/5642 3382/15/5642
s 2685
f 3383/33/5644 3328/33/5644 3325/31/5645
f 3325/31/5645 3373/31/5644 3383/33/5644
s 2686
f 3384/50/5646 3346/50/5646 3343/49/5646
f 3343/49/5646 3375/49/5646 3384/50/5646
s 2687
f 3385/6/5647 3302/6/5647 3297/3/5647
f 3297/3/5647 3377/3/5647 3385/6/5647
s 2688
f 3317/23/5648 3379/23/5648 3386/25/5648
f 3386/25/5648 3319/25/5648 3317/23/5648
s 2689
f 3337/42/5649 3336/41/5649 3380/41/5650
f 3380/41/5650 3387/42/5650 3337/42/5649
s 2690
f 3355/61/5651 3353/59/5652 3381/59/5653
f 3381/59/5653 3388/61/5651 3355/61/5651
s 2691
f 3382/15/5654 3389/17/5654 3312/17/5654
f 3312/17/5654 3310/15/5654 3382/15/5654
s 2692
f 3383/33/5655 3390/35/5655 3329/35/5655
f 3329/35/5655 3328/33/5655 3383/33/5655
s 2693
f 3384/50/5656 3391/52/5656 3348/52/5656
f 3348/52/5656 3346/50/5656 3384/50/5656
s 2694
f 3302/6/5657 3385/6/5658 3364/8/5657
f 3364/8/5657 3303/8/5657 3302/6/5657
s 2695
f 3392/26/5659 3322/26/5659 3319/25/5659
f 3319/25/5659 3386/25/5659 3392/26/5659
s 2696
f 3393/44/5660 3340/44/5661 3337/42/5661
f 3337/42/5661 3387/42/5660 3393/44/5660
s 2697
f 3394/62/5662 3358/62/5662 3355/61/5662
f 3355/61/5662 3388/61/5662 3394/62/5662
s 2698
f 3312/17/5663 3389/17/5663 3360/18/5663
f 3360/18/5663 3313/18/5663 3312/17/5663
s 2699
f 3329/35/5664 3390/35/5665 3368/37/5665
f 3368/37/5665 3331/37/5664 3329/35/5664
s 2700
f 3349/55/5666 3348/52/5666 3391/52/5666
f 3391/52/5666 3370/55/5666 3349/55/5666
s 2701
f 3363/10/5667 3306/10/5667 3303/8/5667
f 3303/8/5667 3364/8/5667 3363/10/5667
s 2702
f 3392/26/5668 3372/29/5668 3323/29/5668
f 3323/29/5668 3322/26/5668 3392/26/5668
s 2703
f 3393/44/5669 3374/47/5669 3341/47/5669
f 3341/47/5669 3340/44/5669 3393/44/5669
s 2704
f 3394/62/5670 3378/64/5670 3361/64/5671
f 3361/64/5671 3358/62/5672 3394/62/5670
s 2705
f 3395/102/5673 3396/103/5674 3397/104/5675
f 3395/102/5673 3397/104/5675 3398/105/5673
f 3398/105/5673 3399/106/5676 3400/107/5677
f 3395/102/5673 3398/105/5673 3400/107/5677
f 3395/102/5673 3400/107/5677 3401/108/5673
f 3401/108/5673 3402/109/5678 3403/110/5673
f 3395/102/5673 3401/108/5673 3403/110/5673
f 3395/102/5673 3403/110/5673 3404/111/5673
f 3404/111/5673 3405/112/5679 3406/113/5673
f 3395/102/5673 3404/111/5673 3406/113/5673
f 3395/102/5673 3406/113/5673 3407/114/5673
f 3407/114/5673 3408/115/5680 3409/116/5673
f 3395/102/5673 3407/114/5673 3409/116/5673
f 3395/102/5673 3409/116/5673 3410/117/5673
f 3410/117/5673 3411/118/5681 3412/119/5673
f 3395/102/5673 3410/117/5673 3412/119/5673
f 3395/102/5673 3412/119/5673 3413/120/5681
f 3413/120/5681 3414/121/5682 3415/122/5673
f 3395/102/5673 3413/120/5681 3415/122/5673
f 3395/102/5673 3415/122/5673 3416/123/5673
f 3416/123/5673 3417/124/5675 3418/125/5673
f 3395/102/5673 3416/123/5673 3418/125/5673
f 3418/125/5673 3419/126/5683 3420/127/5681
f 3418/125/5673 3420/127/5681 3421/128/5673
f 3395/102/5673 3418/125/5673 3421/128/5673
f 3395/102/5673 3421/128/5673 3366/129/5673
f 3366/129/5673 3365/130/5684 3422/131/5673
f 3395/102/5673 3366/129/5673 3422/131/5673
f 3423/101/5673 3395/102/5673 3422/131/5673
f 3424/100/5674 3423/101/5673 3422/131/5673
s 2706
f 3378/64/5685 3394/62/5685 3396/62/5686
f 3396/62/5686 3395/64/5686 3378/64/5685
s 2707
f 3409/37/5687 3408/39/5687 3367/39/5688
f 3367/39/5688 3368/37/5688 3409/37/5687
s 2708
f 3371/12/5689 3363/10/5689 3366/10/5689
f 3366/10/5689 3421/12/5689 3371/12/5689
s 2709
f 3376/66/5690 3378/64/5690 3395/64/5690
f 3395/64/5690 3423/66/5690 3376/66/5690
s 2710
f 3380/41/5691 3367/39/5691 3408/39/5691
f 3408/39/5691 3407/41/5691 3380/41/5691
s 2711
f 3420/15/5692 3382/15/5693 3371/12/5693
f 3371/12/5693 3421/12/5692 3420/15/5692
s 2712
f 3387/42/5694 3380/41/5695 3407/41/5695
f 3407/41/5695 3406/42/5695 3387/42/5694
s 2713
f 3389/17/5696 3382/15/5696 3420/15/5696
f 3420/15/5696 3419/17/5696 3389/17/5696
s 2714
f 3406/42/5697 3405/44/5697 3393/44/5698
f 3393/44/5698 3387/42/5698 3406/42/5697
s 2715
f 3360/18/5699 3389/17/5699 3419/17/5700
f 3419/17/5700 3418/18/5699 3360/18/5699
s 2716
f 3374/47/5701 3393/44/5702 3405/44/5703
f 3405/44/5703 3404/47/5703 3374/47/5701
s 2717
f 3418/18/5704 3417/21/5704 3359/21/5704
f 3359/21/5704 3360/18/5704 3418/18/5704
s 2718
f 3375/49/5705 3374/47/5705 3404/47/5705
f 3404/47/5705 3403/49/5705 3375/49/5705
s 2719
f 3379/23/5706 3359/21/5706 3417/21/5706
f 3417/21/5706 3416/23/5706 3379/23/5706
s 2720
f 3403/49/5707 3402/50/5708 3384/50/5707
f 3384/50/5707 3375/49/5707 3403/49/5707
s 2721
f 3386/25/5709 3379/23/5710 3416/23/5710
f 3416/23/5710 3415/25/5710 3386/25/5709
s 2722
f 3391/52/5711 3384/50/5711 3402/50/5712
f 3402/50/5712 3401/52/5712 3391/52/5711
s 2723
f 3415/25/5713 3414/26/5714 3392/26/5715
f 3392/26/5715 3386/25/5715 3415/25/5713
s 2724
f 3370/55/5716 3391/52/5717 3401/52/5717
f 3401/52/5717 3400/55/5717 3370/55/5716
s 2725
f 3372/29/5718 3392/26/5718 3414/26/5718
f 3414/26/5718 3413/29/5718 3372/29/5718
s 2726
f 3400/55/5719 3399/56/5719 3369/56/5719
f 3369/56/5719 3370/55/5719 3400/55/5719
s 2727
f 3373/31/5720 3372/29/5720 3413/29/5721
f 3413/29/5721 3412/31/5722 3373/31/5720
s 2728
f 3376/2/5723 3423/2/5723 3424/3/5723
f 3424/3/5723 3377/3/5723 3376/2/5723
s 2729
f 3381/59/5724 3369/56/5725 3399/56/5726
f 3399/56/5726 3398/59/5727 3381/59/5724
s 2730
f 3412/31/5728 3411/33/5728 3383/33/5728
f 3383/33/5728 3373/31/5728 3412/31/5728
s 2731
f 3422/6/5729 3385/6/5729 3377/3/5729
f 3377/3/5729 3424/3/5729 3422/6/5729
s 2732
f 3388/61/5730 3381/59/5731 3398/59/5730
f 3398/59/5730 3397/61/5730 3388/61/5730
s 2733
f 3390/35/5732 3383/33/5732 3411/33/5732
f 3411/33/5732 3410/35/5733 3390/35/5732
s 2734
f 3365/8/5734 3364/8/5735 3385/6/5736
f 3385/6/5736 3422/6/5734 3365/8/5734
s 2735
f 3397/61/5737 3396/62/5737 3394/62/5738
f 3394/62/5738 3388/61/5738 3397/61/5737
s 2736
f 3368/37/5739 3390/35/5740 3410/35/5740
f 3410/35/5740 3409/37/5741 3368/37/5739
s 2737
f 3425/3/5742 3426/4/5742 3427/5/5742
f 3427/5/5742 3428/2/5742 3425/3/5742
s 2738
f 3429/7/5743 3426/4/5743 3425/3/5743
f 3425/3/5743 3430/6/5743 3429/7/5743
s 2739
f 3431/8/5744 3432/9/5745 3429/7/5744
f 3429/7/5744 3430/6/5745 3431/8/5744
s 2740
f 3433/10/5746 3434/11/5747 3432/9/5746
f 3432/9/5746 3431/8/5748 3433/10/5746
s 2741
f 3435/13/5749 3434/11/5749 3433/10/5749
f 3433/10/5749 3436/12/5749 3435/13/5749
s 2742
f 3437/15/5750 3438/14/5750 3435/13/5750
f 3435/13/5750 3436/12/5750 3437/15/5750
s 2743
f 3439/17/5751 3440/16/5751 3438/14/5751
f 3438/14/5751 3437/15/5751 3439/17/5751
s 2744
f 3441/19/5752 3440/16/5752 3439/17/5752
f 3439/17/5752 3442/18/5752 3441/19/5752
s 2745
f 3443/21/5753 3444/20/5753 3441/19/5753
f 3441/19/5753 3442/18/5753 3443/21/5753
s 2746
f 3445/23/5754 3446/22/5754 3444/20/5754
f 3444/20/5754 3443/21/5754 3445/23/5754
s 2747
f 3447/24/5755 3446/22/5755 3445/23/5755
f 3445/23/5755 3448/25/5755 3447/24/5755
s 2748
f 3449/26/5756 3450/27/5756 3447/24/5756
f 3447/24/5756 3448/25/5756 3449/26/5756
s 2749
f 3451/29/5757 3452/28/5757 3450/27/5757
f 3450/27/5757 3449/26/5757 3451/29/5757
s 2750
f 3453/30/5758 3452/28/5759 3451/29/5760
f 3451/29/5760 3454/31/5761 3453/30/5758
s 2751
f 3455/32/5762 3453/30/5762 3454/31/5762
f 3454/31/5762 3456/33/5762 3455/32/5762
s 2752
f 3457/35/5763 3458/34/5763 3455/32/5763
f 3455/32/5763 3456/33/5763 3457/35/5763
s 2753
f 3459/36/5764 3458/34/5764 3457/35/5764
f 3457/35/5764 3460/37/5764 3459/36/5764
s 2754
f 3461/38/5765 3459/36/5765 3460/37/5765
f 3460/37/5765 3462/39/5765 3461/38/5765
s 2755
f 3463/41/5766 3464/40/5766 3461/38/5766
f 3461/38/5766 3462/39/5766 3463/41/5766
s 2756
f 3465/43/5767 3464/40/5767 3463/41/5767
f 3463/41/5767 3466/42/5767 3465/43/5767
s 2757
f 3467/44/5768 3468/45/5768 3465/43/5768
f 3465/43/5768 3466/42/5768 3467/44/5768
s 2758
f 3469/47/5769 3470/46/5769 3468/45/5769
f 3468/45/5769 3467/44/5769 3469/47/5769
s 2759
f 3471/48/5770 3470/46/5770 3469/47/5770
f 3469/47/5770 3472/49/5770 3471/48/5770
s 2760
f 3473/51/5771 3471/48/5771 3472/49/5771
f 3472/49/5771 3474/50/5771 3473/51/5771
s 2761
f 3475/52/5772 3476/53/5772 3473/51/5772
f 3473/51/5772 3474/50/5772 3475/52/5772
s 2762
f 3477/54/5773 3476/53/5773 3475/52/5773
f 3475/52/5773 3478/55/5773 3477/54/5773
s 2763
f 3479/56/5774 3480/57/5774 3477/54/5774
f 3477/54/5774 3478/55/5774 3479/56/5774
s 2764
f 3481/59/5775 3482/58/5775 3480/57/5775
f 3480/57/5775 3479/56/5775 3481/59/5775
s 2765
f 3483/60/5776 3482/58/5776 3481/59/5776
f 3481/59/5776 3484/61/5776 3483/60/5776
s 2766
f 3485/62/5777 3486/63/5778 3483/60/5778
f 3483/60/5778 3484/61/5778 3485/62/5777
s 2767
f 3442/18/5779 3487/18/5779 3488/21/5779
f 3488/21/5779 3443/21/5779 3442/18/5779
s 2768
f 3489/64/5780 3490/65/5780 3486/63/5780
f 3486/63/5780 3485/62/5780 3489/64/5780
s 2769
f 3489/64/5781 3428/66/5781 3427/67/5781
f 3427/67/5781 3490/65/5781 3489/64/5781
s 2770
f 3426/68/5037 3429/69/5037 3432/70/5037
f 3427/98/5037 3426/68/5037 3432/70/5037
f 3427/98/5037 3432/70/5037 3434/71/5037
f 3434/71/5037 3435/72/5447 3438/73/5449
f 3427/98/5037 3434/71/5037 3438/73/5449
f 3427/98/5037 3438/73/5449 3440/74/5037
f 3440/74/5037 3441/75/5037 3444/76/5037
f 3427/98/5037 3440/74/5037 3444/76/5037
f 3427/98/5037 3444/76/5037 3446/77/5037
f 3446/77/5037 3447/78/5037 3450/79/5037
f 3427/98/5037 3446/77/5037 3450/79/5037
f 3427/98/5037 3450/79/5037 3452/80/5037
f 3452/80/5037 3453/81/5037 3455/82/5037
f 3427/98/5037 3452/80/5037 3455/82/5037
f 3427/98/5037 3455/82/5037 3458/83/5037
f 3458/83/5037 3459/84/5037 3461/85/5037
f 3427/98/5037 3458/83/5037 3461/85/5037
f 3427/98/5037 3461/85/5037 3464/86/5037
f 3464/86/5037 3465/87/5037 3468/88/5037
f 3427/98/5037 3464/86/5037 3468/88/5037
f 3427/98/5037 3468/88/5037 3470/89/5037
f 3470/89/5037 3471/90/5037 3473/91/5037
f 3427/98/5037 3470/89/5037 3473/91/5037
f 3427/98/5037 3473/91/5037 3476/92/5037
f 3476/92/5037 3477/93/5037 3480/94/5037
f 3427/98/5037 3476/92/5037 3480/94/5037
f 3427/98/5037 3480/94/5037 3482/95/5037
f 3482/95/5037 3483/96/5450 3486/97/5447
f 3427/98/5037 3482/95/5037 3486/97/5447
f 3427/98/5037 3486/97/5447 3490/99/5037
s 2771
f 3491/8/5782 3492/8/5782 3493/10/5782
f 3493/10/5782 3494/10/5782 3491/8/5782
s 2772
f 3495/39/5783 3462/39/5784 3460/37/5784
f 3460/37/5784 3496/37/5783 3495/39/5783
s 2773
f 3497/56/5785 3479/56/5786 3478/55/5785
f 3478/55/5785 3498/55/5785 3497/56/5785
s 2774
f 3433/10/5787 3494/10/5787 3499/12/5787
f 3499/12/5787 3436/12/5787 3433/10/5787
s 2775
f 3454/31/5788 3451/29/5788 3500/29/5789
f 3500/29/5789 3501/31/5789 3454/31/5788
s 2776
f 3472/49/5790 3469/47/5790 3502/47/5790
f 3502/47/5790 3503/49/5790 3472/49/5790
s 2777
f 3504/3/5791 3425/3/5791 3428/2/5791
f 3428/2/5791 3505/2/5791 3504/3/5791
s 2778
f 3506/64/5792 3505/66/5792 3428/66/5793
f 3428/66/5793 3489/64/5793 3506/64/5792
s 2779
f 3443/21/5794 3488/21/5794 3507/23/5794
f 3507/23/5794 3445/23/5794 3443/21/5794
s 2780
f 3508/41/5795 3463/41/5795 3462/39/5795
f 3462/39/5795 3495/39/5795 3508/41/5795
s 2781
f 3509/59/5796 3481/59/5796 3479/56/5796
f 3479/56/5796 3497/56/5797 3509/59/5796
s 2782
f 3436/12/5798 3499/12/5798 3510/15/5798
f 3510/15/5798 3437/15/5798 3436/12/5798
s 2783
f 3511/33/5799 3456/33/5800 3454/31/5800
f 3454/31/5800 3501/31/5799 3511/33/5799
s 2784
f 3512/50/5801 3474/50/5801 3472/49/5801
f 3472/49/5801 3503/49/5801 3512/50/5801
s 2785
f 3425/3/5802 3504/3/5802 3513/6/5802
f 3513/6/5802 3430/6/5802 3425/3/5802
s 2786
f 3507/23/5803 3514/25/5803 3448/25/5803
f 3448/25/5803 3445/23/5803 3507/23/5803
s 2787
f 3466/42/5804 3463/41/5804 3508/41/5804
f 3508/41/5804 3515/42/5804 3466/42/5804
s 2788
f 3484/61/5805 3481/59/5806 3509/59/5807
f 3509/59/5807 3516/61/5807 3484/61/5805
s 2789
f 3437/15/5808 3510/15/5808 3517/17/5808
f 3517/17/5808 3439/17/5808 3437/15/5808
s 2790
f 3518/35/5809 3457/35/5809 3456/33/5809
f 3456/33/5809 3511/33/5809 3518/35/5809
s 2791
f 3519/52/5810 3475/52/5810 3474/50/5810
f 3474/50/5810 3512/50/5810 3519/52/5810
s 2792
f 3430/6/5811 3513/6/5812 3491/8/5812
f 3491/8/5812 3431/8/5811 3430/6/5811
s 2793
f 3514/25/5813 3520/26/5813 3449/26/5814
f 3449/26/5814 3448/25/5815 3514/25/5813
s 2794
f 3521/44/5816 3467/44/5816 3466/42/5816
f 3466/42/5816 3515/42/5816 3521/44/5816
s 2795
f 3522/62/5817 3485/62/5818 3484/61/5818
f 3484/61/5818 3516/61/5818 3522/62/5817
s 2796
f 3439/17/5819 3517/17/5819 3487/18/5819
f 3487/18/5819 3442/18/5819 3439/17/5819
s 2797
f 3460/37/5820 3457/35/5821 3518/35/5822
f 3518/35/5822 3496/37/5820 3460/37/5820
s 2798
f 3478/55/5823 3475/52/5823 3519/52/5823
f 3519/52/5823 3498/55/5823 3478/55/5823
s 2799
f 3431/8/5824 3491/8/5824 3494/10/5824
f 3494/10/5824 3433/10/5824 3431/8/5824
s 2800
f 3451/29/5825 3449/26/5825 3520/26/5825
f 3520/26/5825 3500/29/5825 3451/29/5825
s 2801
f 3502/47/5826 3469/47/5826 3467/44/5826
f 3467/44/5826 3521/44/5827 3502/47/5826
s 2802
f 3506/64/5828 3489/64/5829 3485/62/5829
f 3485/62/5829 3522/62/5829 3506/64/5828
s 2803
f 3523/100/5830 3524/101/5831 3525/102/5830
f 3525/102/5830 3526/103/5832 3527/104/5830
f 3523/100/5830 3525/102/5830 3527/104/5830
f 3528/105/5832 3529/106/5833 3530/107/5834
f 3527/104/5830 3528/105/5832 3530/107/5834
f 3523/100/5830 3527/104/5830 3530/107/5834
f 3531/108/5835 3532/109/5834 3533/110/5830
f 3530/107/5834 3531/108/5835 3533/110/5830
f 3534/111/5836 3535/112/5834 3536/113/5830
f 3533/110/5830 3534/111/5836 3536/113/5830
f 3530/107/5834 3533/110/5830 3536/113/5830
f 3523/100/5830 3530/107/5834 3536/113/5830
f 3537/114/5837 3538/115/5838 3539/116/5830
f 3536/113/5830 3537/114/5837 3539/116/5830
f 3540/117/5839 3541/118/5830 3542/119/5830
f 3539/116/5830 3540/117/5839 3542/119/5830
f 3536/113/5830 3539/116/5830 3542/119/5830
f 3543/120/5839 3544/121/5840 3545/122/5830
f 3542/119/5830 3543/120/5839 3545/122/5830
f 3546/123/5840 3547/124/5841 3548/125/5830
f 3545/122/5830 3546/123/5840 3548/125/5830
f 3542/119/5830 3545/122/5830 3548/125/5830
f 3536/113/5830 3542/119/5830 3548/125/5830
f 3523/100/5830 3536/113/5830 3548/125/5830
f 3549/126/5842 3550/127/5834 3551/128/5830
f 3548/125/5830 3549/126/5842 3551/128/5830
f 3493/129/5843 3492/130/5844 3552/131/5845
f 3551/128/5830 3493/129/5843 3552/131/5845
f 3548/125/5830 3551/128/5830 3552/131/5845
f 3523/100/5830 3548/125/5830 3552/131/5845
s 2804
f 3522/62/5846 3526/62/5847 3525/64/5847
f 3525/64/5847 3506/64/5847 3522/62/5846
s 2805
f 3495/39/5848 3496/37/5849 3539/37/5849
f 3539/37/5849 3538/39/5849 3495/39/5848
s 2806
f 3551/12/5850 3499/12/5850 3494/10/5850
f 3494/10/5850 3493/10/5850 3551/12/5850
s 2807
f 3525/64/5851 3524/66/5851 3505/66/5851
f 3505/66/5851 3506/64/5851 3525/64/5851
s 2808
f 3495/39/5852 3538/39/5853 3537/41/5852
f 3537/41/5852 3508/41/5852 3495/39/5852
s 2809
f 3510/15/5854 3499/12/5854 3551/12/5854
f 3551/12/5854 3550/15/5854 3510/15/5854
s 2810
f 3536/42/5855 3515/42/5856 3508/41/5855
f 3508/41/5855 3537/41/5855 3536/42/5855
s 2811
f 3510/15/5857 3550/15/5857 3549/17/5857
f 3549/17/5857 3517/17/5857 3510/15/5857
s 2812
f 3521/44/5858 3515/42/5858 3536/42/5858
f 3536/42/5858 3535/44/5858 3521/44/5858
s 2813
f 3548/18/5859 3487/18/5859 3517/17/5859
f 3517/17/5859 3549/17/5860 3548/18/5859
s 2814
f 3521/44/5861 3535/44/5862 3534/47/5862
f 3534/47/5862 3502/47/5861 3521/44/5861
s 2815
f 3488/21/5863 3487/18/5863 3548/18/5864
f 3548/18/5864 3547/21/5864 3488/21/5863
s 2816
f 3533/49/5865 3503/49/5866 3502/47/5866
f 3502/47/5866 3534/47/5866 3533/49/5865
s 2817
f 3488/21/5867 3547/21/5868 3546/23/5868
f 3546/23/5868 3507/23/5867 3488/21/5867
s 2818
f 3512/50/5869 3503/49/5869 3533/49/5870
f 3533/49/5870 3532/50/5870 3512/50/5869
s 2819
f 3507/23/5871 3546/23/5872 3545/25/5872
f 3545/25/5872 3514/25/5871 3507/23/5871
s 2820
f 3512/50/5873 3532/50/5874 3531/52/5874
f 3531/52/5874 3519/52/5873 3512/50/5873
s 2821
f 3545/25/5875 3544/26/5875 3520/26/5875
f 3520/26/5875 3514/25/5875 3545/25/5875
s 2822
f 3530/55/5876 3498/55/5877 3519/52/5878
f 3519/52/5878 3531/52/5876 3530/55/5876
s 2823
f 3543/29/5879 3500/29/5879 3520/26/5879
f 3520/26/5879 3544/26/5879 3543/29/5879
s 2824
f 3497/56/5880 3498/55/5881 3530/55/5880
f 3530/55/5880 3529/56/5880 3497/56/5880
s 2825
f 3542/31/5882 3501/31/5883 3500/29/5883
f 3500/29/5883 3543/29/5882 3542/31/5882
s 2826
f 3504/3/5884 3505/2/5884 3524/2/5884
f 3524/2/5884 3523/3/5884 3504/3/5884
s 2827
f 3497/56/5885 3529/56/5886 3528/59/5886
f 3528/59/5886 3509/59/5885 3497/56/5885
s 2828
f 3511/33/5887 3501/31/5887 3542/31/5887
f 3542/31/5887 3541/33/5887 3511/33/5887
s 2829
f 3552/6/5888 3513/6/5888 3504/3/5888
f 3504/3/5888 3523/3/5888 3552/6/5888
s 2830
f 3527/61/5889 3516/61/5890 3509/59/5891
f 3509/59/5891 3528/59/5889 3527/61/5889
s 2831
f 3511/33/5892 3541/33/5892 3540/35/5892
f 3540/35/5892 3518/35/5892 3511/33/5892
s 2832
f 3491/8/5893 3513/6/5893 3552/6/5893
f 3552/6/5893 3492/8/5893 3491/8/5893
s 2833
f 3522/62/5894 3516/61/5895 3527/61/5896
f 3527/61/5896 3526/62/5896 3522/62/5894
s 2834
f 3539/37/5897 3496/37/5897 3518/35/5897
f 3518/35/5897 3540/35/5898 3539/37/5897
