# Blender 4.5.3 LTS
# www.blender.org
mtllib pata_derecha_delanteraobj.mtl
g pata_derecha_delantera_Mesh
v -0.911791 -1.955775 0.284019
v -0.915691 -1.955775 0.285519
v -0.915691 -2.030175 0.285519
v -0.911791 -2.030175 0.284019
v -0.919791 -1.955775 0.286219
v -0.919791 -2.030175 0.286219
v -0.923991 -1.955775 0.286119
v -0.923991 -2.030175 0.286119
v -0.928091 -1.955775 0.285219
v -0.928091 -2.030175 0.285219
v -0.931891 -1.955775 0.283419
v -0.931891 -2.030175 0.283419
v -0.935291 -2.030175 0.281019
v -0.935291 -1.955775 0.281019
v -0.938191 -2.030175 0.278019
v -0.938191 -1.955775 0.278019
v -0.940391 -1.955775 0.274419
v -0.940391 -2.030175 0.274419
v -0.941891 -2.030175 0.270519
v -0.941891 -1.955775 0.270519
v -0.942591 -2.030175 0.266419
v -0.942591 -1.955775 0.266419
v -0.942491 -2.030175 0.262219
v -0.942491 -1.955775 0.262219
v -0.941491 -1.955775 0.258119
v -0.941491 -2.030175 0.258119
v -0.939791 -2.030175 0.254319
v -0.939791 -1.955775 0.254319
v -0.937391 -2.030175 0.250919
v -0.937391 -1.955775 0.250919
v -0.934291 -2.030175 0.248019
v -0.934291 -1.955775 0.248019
v -0.930791 -2.030175 0.245819
v -0.930791 -1.955775 0.245819
v -0.926891 -2.030175 0.244319
v -0.926891 -1.955775 0.244319
v -0.922791 -2.030175 0.243619
v -0.922791 -1.955775 0.243619
v -0.918591 -2.030175 0.243719
v -0.918591 -1.955775 0.243719
v -0.914491 -1.955775 0.244719
v -0.914491 -2.030175 0.244719
v -0.910691 -1.955775 0.246419
v -0.910691 -2.030175 0.246419
v -0.907291 -2.030175 0.248819
v -0.907291 -1.955775 0.248819
v -0.904391 -2.030175 0.251919
v -0.904391 -1.955775 0.251919
v -0.902191 -1.955775 0.255419
v -0.902191 -2.030175 0.255419
v -0.900691 -1.955775 0.259319
v -0.900691 -2.030175 0.259319
v -0.899991 -2.030175 0.263519
v -0.899991 -1.955775 0.263519
v -0.900091 -1.955775 0.267619
v -0.900091 -2.030175 0.267619
v -0.901091 -2.030175 0.271719
v -0.901091 -1.955775 0.271719
v -0.902791 -2.030175 0.275519
v -0.902791 -1.955775 0.275519
v -0.905191 -1.955775 0.278919
v -0.905191 -2.030175 0.278919
v -0.931891 -1.937375 0.270219
v -0.932991 -1.937575 0.267519
v -0.908291 -1.955775 0.281819
v -0.908291 -2.030175 0.281819
v -0.921691 -1.941375 0.278919
v -0.907291 -1.930575 0.271719
v -0.907391 -1.928575 0.269719
v -0.924091 -1.940075 0.278019
v -0.923291 -1.949775 0.250719
v -0.925691 -1.948075 0.250919
v -0.908791 -1.953775 0.267919
v -0.908991 -1.954575 0.265119
v -0.926391 -1.938875 0.276619
v -0.931391 -1.942875 0.254719
v -0.932591 -1.941375 0.256819
v -0.912191 -1.955075 0.257219
v -0.913991 -1.954575 0.255019
v -0.914691 -1.946275 0.278219
v -0.916891 -1.944575 0.278919
v -0.912791 -1.948075 0.276919
v -0.933591 -1.938075 0.264719
v -0.920891 -1.951275 0.251019
v -0.909191 -1.952575 0.270619
v -0.928591 -1.938075 0.274819
v -0.929791 -1.944575 0.253019
v -0.910691 -1.955275 0.259719
v -0.919291 -1.942875 0.279219
v -0.933691 -1.938875 0.261919
v -0.918491 -1.952575 0.251819
v -0.909891 -1.951275 0.273019
v -0.930391 -1.937575 0.272719
v -0.927891 -1.946275 0.251719
v -0.909591 -1.955075 0.262419
v -0.933391 -1.940075 0.259319
v -0.916191 -1.953775 0.253219
v -0.911191 -1.949775 0.275119
v -0.908291 -1.935475 0.274719
v -0.909191 -1.938175 0.275419
v -0.910391 -1.940775 0.275719
v -0.911691 -1.943275 0.275419
v -0.913291 -1.945675 0.274719
v -0.914891 -1.947675 0.273419
v -0.916491 -1.949375 0.271719
v -0.918191 -1.950675 0.269719
v -0.919691 -1.951375 0.267319
v -0.921091 -1.951675 0.264819
v -0.922291 -1.951375 0.262219
v -0.923191 -1.950675 0.259519
v -0.923791 -1.949375 0.257019
v -0.924191 -1.947675 0.254719
v -0.924191 -1.945675 0.252619
v -0.923891 -1.943275 0.250919
v -0.923291 -1.940775 0.249719
v -0.922291 -1.938175 0.248919
v -0.921191 -1.935475 0.248719
v -0.919791 -1.932975 0.248919
v -0.918291 -1.930575 0.249719
v -0.916691 -1.928575 0.250919
v -0.914991 -1.926875 0.252619
v -0.913391 -1.925575 0.254719
v -0.911791 -1.924875 0.257019
v -0.910391 -1.924575 0.259519
v -0.909291 -1.924875 0.262219
v -0.908291 -1.925575 0.264819
v -0.907691 -1.926875 0.267319
v -0.907691 -1.932975 0.273419
v -0.953091 -1.955775 -0.174081
v -0.953091 -2.030175 -0.174081
v -0.950191 -2.030175 -0.171081
v -0.950191 -1.955775 -0.171081
v -0.955391 -2.030175 -0.177581
v -0.955391 -1.955775 -0.177581
v -0.956991 -1.955775 -0.181381
v -0.956991 -2.030175 -0.181381
v -0.957691 -2.030175 -0.185581
v -0.957691 -1.955775 -0.185581
v -0.957691 -1.955775 -0.189681
v -0.957691 -2.030175 -0.189681
v -0.956791 -2.030175 -0.193781
v -0.956791 -1.955775 -0.193781
v -0.955191 -2.030175 -0.197681
v -0.955191 -1.955775 -0.197681
v -0.952791 -1.955775 -0.201081
v -0.952791 -2.030175 -0.201081
v -0.949791 -2.030175 -0.204081
v -0.949791 -1.955775 -0.204081
v -0.946291 -1.955775 -0.206281
v -0.946291 -2.030175 -0.206281
v -0.942391 -1.955775 -0.207881
v -0.942391 -2.030175 -0.207881
v -0.938291 -2.030175 -0.208681
v -0.938291 -1.955775 -0.208681
v -0.934091 -1.955775 -0.208581
v -0.934091 -2.030175 -0.208581
v -0.929991 -1.955775 -0.207781
v -0.929991 -2.030175 -0.207781
v -0.926191 -2.030175 -0.206081
v -0.926191 -1.955775 -0.206081
v -0.922691 -1.955775 -0.203781
v -0.922691 -2.030175 -0.203781
v -0.919791 -1.955775 -0.200781
v -0.919791 -2.030175 -0.200781
v -0.917491 -2.030175 -0.197281
v -0.917491 -1.955775 -0.197281
v -0.915991 -2.030175 -0.193381
v -0.915991 -1.955775 -0.193381
v -0.915191 -1.955775 -0.189281
v -0.915191 -2.030175 -0.189281
v -0.915191 -2.030175 -0.185081
v -0.915191 -1.955775 -0.185081
v -0.916091 -1.955775 -0.180981
v -0.916091 -2.030175 -0.180981
v -0.917791 -1.955775 -0.177081
v -0.917791 -2.030175 -0.177081
v -0.920091 -2.030175 -0.173681
v -0.920091 -1.955775 -0.173681
v -0.923091 -2.030175 -0.170781
v -0.923091 -1.955775 -0.170781
v -0.926591 -1.955775 -0.168481
v -0.926591 -2.030175 -0.168481
v -0.930491 -2.030175 -0.166881
v -0.930491 -1.955775 -0.166881
v -0.934591 -1.955775 -0.166081
v -0.934591 -2.030175 -0.166081
v -0.938791 -1.955775 -0.166181
v -0.938791 -2.030175 -0.166181
v -0.942891 -2.030175 -0.167081
v -0.942891 -1.955775 -0.167081
v -0.943491 -1.937575 -0.197081
v -0.945491 -1.937375 -0.194981
v -0.946691 -1.955775 -0.168681
v -0.946691 -2.030175 -0.168681
v -0.949591 -1.940075 -0.184781
v -0.949391 -1.941375 -0.182181
v -0.937091 -1.930575 -0.171881
v -0.935191 -1.928575 -0.172681
v -0.924191 -1.949775 -0.194981
v -0.925391 -1.948075 -0.196981
v -0.934191 -1.953775 -0.174781
v -0.931691 -1.954575 -0.176081
v -0.949291 -1.938875 -0.187381
v -0.933591 -1.941375 -0.201081
v -0.931091 -1.942875 -0.200781
v -0.924491 -1.954575 -0.184681
v -0.925691 -1.955075 -0.182181
v -0.945991 -1.946275 -0.176081
v -0.947591 -1.944575 -0.177781
v -0.943991 -1.948075 -0.174781
v -0.941191 -1.938075 -0.198781
v -0.923491 -1.951275 -0.192581
v -0.936791 -1.952575 -0.173981
v -0.948491 -1.938075 -0.190081
v -0.928891 -1.944575 -0.199981
v -0.927391 -1.955275 -0.179781
v -0.948691 -1.942875 -0.179781
v -0.938691 -1.938875 -0.199981
v -0.923291 -1.952575 -0.190081
v -0.939291 -1.951275 -0.173781
v -0.947191 -1.937575 -0.192581
v -0.926991 -1.946275 -0.198681
v -0.929391 -1.955075 -0.177781
v -0.936091 -1.940075 -0.200781
v -0.923691 -1.953775 -0.187381
v -0.941791 -1.949775 -0.173981
v -0.941991 -1.940775 -0.173081
v -0.942291 -1.943275 -0.174381
v -0.942191 -1.945675 -0.176081
v -0.941691 -1.947675 -0.178081
v -0.940791 -1.949375 -0.180281
v -0.939591 -1.950675 -0.182581
v -0.938091 -1.951375 -0.184981
v -0.936291 -1.951675 -0.187281
v -0.934291 -1.951375 -0.189381
v -0.932291 -1.950675 -0.191281
v -0.930191 -1.949375 -0.192881
v -0.928191 -1.947675 -0.194181
v -0.926391 -1.945675 -0.194981
v -0.924691 -1.943275 -0.195381
v -0.923291 -1.940775 -0.195281
v -0.922191 -1.938175 -0.194781
v -0.921491 -1.935475 -0.193781
v -0.921191 -1.932975 -0.192481
v -0.921291 -1.930575 -0.190681
v -0.921791 -1.928575 -0.188781
v -0.922691 -1.926875 -0.186581
v -0.923891 -1.925575 -0.184281
v -0.925391 -1.924875 -0.181881
v -0.927191 -1.924575 -0.179581
v -0.929091 -1.924875 -0.177481
v -0.931191 -1.925575 -0.175581
v -0.933191 -1.926875 -0.173981
v -0.938791 -1.932975 -0.171481
v -0.941191 -1.938175 -0.172081
v -0.940191 -1.935475 -0.171581
v -0.984791 -1.955775 0.064219
v -0.984791 -2.030175 0.064219
v -0.980591 -2.030175 0.064419
v -0.980591 -1.955775 0.064419
v -0.988791 -2.030175 0.063119
v -0.988791 -1.955775 0.063119
v -0.992591 -1.955775 0.061319
v -0.992591 -2.030175 0.061319
v -0.995891 -1.955775 0.058819
v -0.995891 -2.030175 0.058819
v -0.998691 -2.030175 0.055619
v -0.998691 -1.955775 0.055619
v -1.000791 -1.955775 0.052019
v -1.000791 -2.030175 0.052019
v -1.002191 -1.955775 0.048119
v -1.002191 -2.030175 0.048119
v -1.002691 -2.030175 0.043919
v -1.002691 -1.955775 0.043919
v -1.002491 -1.955775 0.039719
v -1.002491 -2.030175 0.039719
v -1.001391 -1.955775 0.035719
v -1.001391 -2.030175 0.035719
v -0.999591 -2.030175 0.031919
v -0.999591 -1.955775 0.031919
v -0.996991 -1.955775 0.028619
v -0.996991 -2.030175 0.028619
v -0.993891 -1.955775 0.025819
v -0.993891 -2.030175 0.025819
v -0.990291 -2.030175 0.023719
v -0.990291 -1.955775 0.023719
v -0.986291 -2.030175 0.022319
v -0.986291 -1.955775 0.022319
v -0.982191 -1.955775 0.021819
v -0.982191 -2.030175 0.021819
v -0.977991 -2.030175 0.022019
v -0.977991 -1.955775 0.022019
v -0.973991 -2.030175 0.023119
v -0.973991 -1.955775 0.023119
v -0.970191 -1.955775 0.024919
v -0.970191 -2.030175 0.024919
v -0.966891 -2.030175 0.027419
v -0.966891 -1.955775 0.027419
v -0.964091 -1.955775 0.030619
v -0.964091 -2.030175 0.030619
v -0.961991 -1.955775 0.034219
v -0.961991 -2.030175 0.034219
v -0.960591 -2.030175 0.038119
v -0.960591 -1.955775 0.038119
v -0.960091 -2.030175 0.042319
v -0.960091 -1.955775 0.042319
v -0.960291 -1.955775 0.046519
v -0.960291 -2.030175 0.046519
v -0.961391 -2.030175 0.050519
v -0.961391 -1.955775 0.050519
v -0.963191 -1.955775 0.054319
v -0.963191 -2.030175 0.054319
v -0.965691 -1.955775 0.057619
v -0.965691 -2.030175 0.057619
v -0.968891 -2.030175 0.060419
v -0.968891 -1.955775 0.060419
v -0.972491 -1.955775 0.062519
v -0.972491 -2.030175 0.062519
v -0.993191 -1.937375 0.043519
v -0.993091 -1.937575 0.040719
v -0.976391 -1.955775 0.063919
v -0.976391 -2.030175 0.063919
v -0.987491 -1.941375 0.055619
v -0.971491 -1.930575 0.055019
v -0.970591 -1.928575 0.053219
v -0.989291 -1.940075 0.053919
v -0.977391 -1.949775 0.029319
v -0.979591 -1.948075 0.028519
v -0.971291 -1.953775 0.050919
v -0.970291 -1.954575 0.048319
v -0.990891 -1.938875 0.051719
v -0.988391 -1.941375 0.031119
v -0.986391 -1.942875 0.029619
v -0.970691 -1.954575 0.037019
v -0.969891 -1.955075 0.039819
v -0.983091 -1.944575 0.057719
v -0.980791 -1.946275 0.057919
v -0.978491 -1.948075 0.057519
v -0.992491 -1.938075 0.037919
v -0.975291 -1.951275 0.030619
v -0.972591 -1.952575 0.053219
v -0.992091 -1.938075 0.049219
v -0.984191 -1.944575 0.028719
v -0.969591 -1.955275 0.042719
v -0.985391 -1.942875 0.056919
v -0.991491 -1.938875 0.035319
v -0.973391 -1.952575 0.032319
v -0.974391 -1.951275 0.055119
v -0.992891 -1.937575 0.046419
v -0.981991 -1.946275 0.028319
v -0.969691 -1.955075 0.045519
v -0.990091 -1.940075 0.033019
v -0.971891 -1.953775 0.034519
v -0.976391 -1.949775 0.056619
v -0.973491 -1.935475 0.057319
v -0.974691 -1.938175 0.057619
v -0.975791 -1.940775 0.057419
v -0.976991 -1.943275 0.056619
v -0.978091 -1.945675 0.055319
v -0.978991 -1.947675 0.053519
v -0.979791 -1.949375 0.051319
v -0.980491 -1.950675 0.048719
v -0.980891 -1.951375 0.046019
v -0.981191 -1.951675 0.043119
v -0.981191 -1.951375 0.040219
v -0.980891 -1.950675 0.037419
v -0.980491 -1.949375 0.034819
v -0.979791 -1.947675 0.032619
v -0.978991 -1.945675 0.030719
v -0.977991 -1.943275 0.029319
v -0.976891 -1.940775 0.028419
v -0.975791 -1.938175 0.028119
v -0.974591 -1.935475 0.028319
v -0.973491 -1.932975 0.029119
v -0.972391 -1.930575 0.030419
v -0.971391 -1.928575 0.032319
v -0.970591 -1.926875 0.034519
v -0.969991 -1.925575 0.037019
v -0.969491 -1.924875 0.039819
v -0.969291 -1.924575 0.042619
v -0.969291 -1.924875 0.045519
v -0.969491 -1.925575 0.048319
v -0.969991 -1.926875 0.050919
v -0.972391 -1.932975 0.056419
v 0.086809 0.064125 0.430119
v 0.084209 0.062725 0.417819
v 0.065509 0.070725 0.420319
v 0.067509 0.072425 0.432719
v 0.046709 0.078725 0.421819
v 0.048109 0.080625 0.434219
v 0.067709 0.069725 0.445020
v 0.087609 0.061225 0.442419
v 0.047809 0.078225 0.446619
v 0.102809 0.054725 0.414319
v 0.098209 0.049025 0.404219
v 0.080109 0.056825 0.407620
v 0.061809 0.064625 0.410019
v 0.043409 0.072425 0.411519
v 0.025009 0.080225 0.412019
v 0.027809 0.086725 0.422319
v 0.028709 0.088925 0.434719
v 0.027809 0.086725 0.447219
v 0.045509 0.071525 0.456919
v 0.025009 0.080225 0.457519
v 0.065909 0.062825 0.455319
v 0.086209 0.054125 0.452619
v 0.106409 0.045525 0.448819
v 0.107309 0.052825 0.438719
v 0.106009 0.056025 0.426519
v 0.059709 0.000625 0.430119
v 0.040409 0.008825 0.432719
v 0.040209 0.011425 0.420319
v 0.059009 0.003425 0.417819
v 0.062309 0.002025 0.442419
v 0.042509 0.010525 0.445020
v 0.021009 0.017125 0.434219
v 0.021409 0.019525 0.421819
v 0.022509 0.019025 0.446619
v 0.077609 -0.004475 0.414319
v 0.060409 0.010525 0.407620
v 0.078509 0.002825 0.404219
v 0.078909 -0.007575 0.426519
v 0.082009 -0.006375 0.438719
v 0.086709 -0.000675 0.448819
v 0.066509 0.007925 0.452619
v 0.046209 0.016625 0.455319
v 0.025809 0.025325 0.456919
v 0.002509 0.027525 0.447219
v 0.005309 0.034025 0.457519
v 0.001609 0.025325 0.434719
v 0.002509 0.027525 0.422319
v 0.023709 0.026225 0.411519
v 0.005309 0.034025 0.412019
v 0.042109 0.018325 0.410019
v 0.135109 -0.031575 0.409619
v 0.116609 -0.023675 0.416220
v 0.114209 -0.020075 0.404319
v 0.132109 -0.027775 0.397919
v 0.139909 -0.030975 0.421319
v 0.120909 -0.022875 0.428119
v 0.097909 -0.015675 0.421819
v 0.096009 -0.012375 0.409819
v 0.101609 -0.014675 0.433919
v 0.131709 -0.019875 0.388219
v 0.148909 -0.027175 0.381019
v 0.149809 -0.035275 0.390519
v 0.153209 -0.039275 0.402019
v 0.158509 -0.038975 0.413419
v 0.164909 -0.033975 0.423019
v 0.145809 -0.025875 0.431019
v 0.126409 -0.017575 0.438019
v 0.106609 -0.009175 0.443919
v 0.096509 -0.004875 0.399819
v 0.114209 -0.012375 0.394419
v 0.205309 -0.061475 0.373519
v 0.188409 -0.054275 0.383920
v 0.183909 -0.049775 0.372919
v 0.200309 -0.056775 0.362819
v 0.212109 -0.061775 0.384119
v 0.194709 -0.054375 0.394919
v 0.171009 -0.046875 0.393419
v 0.167009 -0.042575 0.382219
v 0.176809 -0.046775 0.404619
v 0.198209 -0.048275 0.354019
v 0.213809 -0.054875 0.343319
v 0.216309 -0.063575 0.351819
v 0.221709 -0.068475 0.362219
v 0.229009 -0.069075 0.372519
v 0.237009 -0.064775 0.381119
v 0.219709 -0.057375 0.393019
v 0.201909 -0.049775 0.403919
v 0.183609 -0.041975 0.413919
v 0.165709 -0.034375 0.372819
v 0.182209 -0.041375 0.363819
v 0.267709 -0.088075 0.323219
v 0.252909 -0.081775 0.337019
v 0.246609 -0.076575 0.327419
v 0.260909 -0.082675 0.314019
v 0.276309 -0.089175 0.332419
v 0.261109 -0.082775 0.346619
v 0.237609 -0.075275 0.350019
v 0.231709 -0.070175 0.340019
v 0.245309 -0.075975 0.360019
v 0.257309 -0.073375 0.306319
v 0.270709 -0.079075 0.292519
v 0.274609 -0.088475 0.299819
v 0.281809 -0.094075 0.308619
v 0.290809 -0.095375 0.317419
v 0.285409 -0.085375 0.340019
v 0.300209 -0.091675 0.324719
v 0.269909 -0.078775 0.354619
v 0.253809 -0.071875 0.368219
v 0.228809 -0.061275 0.331719
v 0.243409 -0.067475 0.319419
v 0.319809 -0.110275 0.260619
v 0.307909 -0.105175 0.277319
v 0.299909 -0.099275 0.269419
v 0.311609 -0.104275 0.253219
v 0.329909 -0.112075 0.268019
v 0.317609 -0.106775 0.285219
v 0.295209 -0.099775 0.293319
v 0.287609 -0.093975 0.284919
v 0.304609 -0.101275 0.301619
v 0.306709 -0.094475 0.247119
v 0.317309 -0.098975 0.230719
v 0.322409 -0.108875 0.236419
v 0.331009 -0.115075 0.243319
v 0.341509 -0.116975 0.250219
v 0.352109 -0.113875 0.256019
v 0.340309 -0.108775 0.274219
v 0.327709 -0.103475 0.291719
v 0.314409 -0.097775 0.308619
v 0.283409 -0.084575 0.278019
v 0.295409 -0.089675 0.262919
v 0.359809 -0.127375 0.188219
v 0.351009 -0.123575 0.207119
v 0.341809 -0.117175 0.201219
v 0.350309 -0.120775 0.182919
v 0.371009 -0.129575 0.193519
v 0.362009 -0.125775 0.212919
v 0.341409 -0.119575 0.225519
v 0.332509 -0.113175 0.219119
v 0.352209 -0.121575 0.231919
v 0.344509 -0.110575 0.178519
v 0.352009 -0.113775 0.160219
v 0.358009 -0.124075 0.164119
v 0.367609 -0.130675 0.168919
v 0.379109 -0.133075 0.173619
v 0.390709 -0.130275 0.177619
v 0.382409 -0.126775 0.197919
v 0.373209 -0.122775 0.217819
v 0.363109 -0.118475 0.237219
v 0.327209 -0.103175 0.213819
v 0.336309 -0.107075 0.196419
v 0.385909 -0.138475 0.108719
v 0.380709 -0.136275 0.129119
v 0.370709 -0.129475 0.125519
v 0.375809 -0.131575 0.105719
v 0.397909 -0.141075 0.111719
v 0.392609 -0.138775 0.132719
v 0.374609 -0.133675 0.149119
v 0.364809 -0.126975 0.145019
v 0.386309 -0.136075 0.153319
v 0.369309 -0.121175 0.103219
v 0.373409 -0.122875 0.083619
v 0.379909 -0.133375 0.085619
v 0.390209 -0.140275 0.088119
v 0.402309 -0.142975 0.090519
v 0.414409 -0.140375 0.092519
v 0.409909 -0.138475 0.114219
v 0.404409 -0.136175 0.135719
v 0.398009 -0.133375 0.156819
v 0.358609 -0.116575 0.141519
v 0.364409 -0.119075 0.122519
v 0.397309 -0.143375 0.025219
v 0.395909 -0.142775 0.046319
v 0.385409 -0.135775 0.045019
v 0.386809 -0.136275 0.024619
v 0.409709 -0.146075 0.025819
v 0.408209 -0.145475 0.047519
v 0.393509 -0.141775 0.067219
v 0.383109 -0.134775 0.065419
v 0.405709 -0.144375 0.069119
v 0.380109 -0.125775 0.024119
v 0.380609 -0.125975 0.004019
v 0.387309 -0.136475 0.004019
v 0.397809 -0.143575 0.004019
v 0.410209 -0.146275 0.004019
v 0.421909 -0.143575 0.026319
v 0.422409 -0.143775 0.004019
v 0.420409 -0.142975 0.048519
v 0.417909 -0.141875 0.070619
v 0.376509 -0.124275 0.063919
v 0.378809 -0.125175 0.044019
v 0.393509 -0.141775 -0.059181
v 0.395909 -0.142775 -0.038181
v 0.385409 -0.135775 -0.036981
v 0.383109 -0.134775 -0.057281
v 0.405709 -0.144375 -0.060981
v 0.408209 -0.145475 -0.039381
v 0.397309 -0.143375 -0.017081
v 0.386809 -0.136275 -0.016481
v 0.409709 -0.146075 -0.017681
v 0.376509 -0.124275 -0.055781
v 0.373409 -0.122875 -0.075581
v 0.379909 -0.133375 -0.077581
v 0.390209 -0.140275 -0.079981
v 0.402309 -0.142975 -0.082381
v 0.417909 -0.141875 -0.062481
v 0.414409 -0.140375 -0.084381
v 0.420409 -0.142975 -0.040381
v 0.421909 -0.143575 -0.018181
v 0.380109 -0.125775 -0.015981
v 0.378809 -0.125175 -0.035881
v 0.374609 -0.133675 -0.141081
v 0.380709 -0.136275 -0.120981
v 0.370709 -0.129475 -0.117381
v 0.364809 -0.126975 -0.136881
v 0.386309 -0.136075 -0.145281
v 0.392609 -0.138775 -0.124581
v 0.385909 -0.138475 -0.100581
v 0.375809 -0.131575 -0.097581
v 0.397909 -0.141075 -0.103581
v 0.358609 -0.116575 -0.133381
v 0.352009 -0.113775 -0.152081
v 0.358009 -0.124075 -0.155981
v 0.367609 -0.130675 -0.160781
v 0.379109 -0.133075 -0.165481
v 0.398009 -0.133375 -0.148681
v 0.390709 -0.130275 -0.169481
v 0.404409 -0.136175 -0.127581
v 0.409909 -0.138475 -0.106081
v 0.369309 -0.121175 -0.095081
v 0.364409 -0.119075 -0.114381
v 0.341409 -0.119575 -0.217381
v 0.351009 -0.123575 -0.198981
v 0.341809 -0.117175 -0.193081
v 0.332509 -0.113175 -0.210981
v 0.352209 -0.121575 -0.223781
v 0.362009 -0.125775 -0.204881
v 0.359809 -0.127375 -0.180081
v 0.350309 -0.120775 -0.174781
v 0.371009 -0.129575 -0.185381
v 0.327209 -0.103175 -0.205681
v 0.317309 -0.098975 -0.222581
v 0.322409 -0.108875 -0.228281
v 0.331009 -0.115075 -0.235281
v 0.341509 -0.116975 -0.242181
v 0.363109 -0.118475 -0.229081
v 0.352109 -0.113875 -0.247881
v 0.373209 -0.122775 -0.209681
v 0.382409 -0.126775 -0.189781
v 0.344509 -0.110575 -0.170381
v 0.336309 -0.107075 -0.188281
v 0.295209 -0.099775 -0.285181
v 0.307909 -0.105175 -0.269181
v 0.299909 -0.099275 -0.261281
v 0.287609 -0.093975 -0.276881
v 0.304609 -0.101275 -0.293581
v 0.317609 -0.106775 -0.277081
v 0.319809 -0.110275 -0.252481
v 0.311609 -0.104275 -0.245081
v 0.329909 -0.112075 -0.259881
v 0.283409 -0.084575 -0.269881
v 0.270709 -0.079075 -0.284381
v 0.274609 -0.088475 -0.291681
v 0.281809 -0.094075 -0.300481
v 0.290809 -0.095375 -0.309281
v 0.314409 -0.097775 -0.300481
v 0.300209 -0.091675 -0.316581
v 0.327709 -0.103475 -0.283581
v 0.340309 -0.108775 -0.266081
v 0.306709 -0.094475 -0.238981
v 0.295409 -0.089675 -0.254781
v 0.237609 -0.075275 -0.341881
v 0.252909 -0.081775 -0.328881
v 0.246609 -0.076575 -0.319281
v 0.231709 -0.070175 -0.331881
v 0.245309 -0.075975 -0.351881
v 0.261109 -0.082775 -0.338481
v 0.267709 -0.088075 -0.315081
v 0.260909 -0.082675 -0.305881
v 0.276309 -0.089175 -0.324281
v 0.228809 -0.061275 -0.323581
v 0.213809 -0.054875 -0.335181
v 0.216309 -0.063575 -0.343681
v 0.221709 -0.068475 -0.354081
v 0.229009 -0.069075 -0.364381
v 0.253809 -0.071875 -0.360181
v 0.237009 -0.064775 -0.372981
v 0.269909 -0.078775 -0.346481
v 0.285409 -0.085375 -0.331881
v 0.257309 -0.073375 -0.298181
v 0.243409 -0.067475 -0.311281
v 0.171009 -0.046875 -0.385281
v 0.188409 -0.054275 -0.375781
v 0.183909 -0.049775 -0.364781
v 0.167009 -0.042575 -0.374081
v 0.176809 -0.046775 -0.396581
v 0.194709 -0.054375 -0.386781
v 0.205309 -0.061475 -0.365381
v 0.200309 -0.056775 -0.354681
v 0.212109 -0.061775 -0.376081
v 0.165709 -0.034375 -0.364781
v 0.148909 -0.027175 -0.372881
v 0.149809 -0.035275 -0.382381
v 0.153209 -0.039275 -0.393881
v 0.158509 -0.038975 -0.405381
v 0.183609 -0.041975 -0.405881
v 0.164909 -0.033975 -0.414881
v 0.201909 -0.049775 -0.395881
v 0.219709 -0.057375 -0.384881
v 0.198209 -0.048275 -0.345881
v 0.182209 -0.041375 -0.355781
v 0.097909 -0.015675 -0.413781
v 0.116609 -0.023675 -0.408081
v 0.114209 -0.020075 -0.396181
v 0.096009 -0.012375 -0.401681
v 0.101609 -0.014675 -0.425781
v 0.120909 -0.022875 -0.419981
v 0.135109 -0.031575 -0.401481
v 0.132109 -0.027775 -0.389781
v 0.139909 -0.030975 -0.413181
v 0.096509 -0.004875 -0.391681
v 0.078509 0.002825 -0.396081
v 0.077609 -0.004475 -0.406181
v 0.078909 -0.007575 -0.418381
v 0.082009 -0.006375 -0.430581
v 0.106609 -0.009175 -0.435781
v 0.086709 -0.000675 -0.440681
v 0.126409 -0.017575 -0.429881
v 0.145809 -0.025875 -0.422881
v 0.131709 -0.019875 -0.380081
v 0.114209 -0.012375 -0.386381
v 0.021009 0.017125 -0.426081
v 0.040409 0.008825 -0.424581
v 0.040209 0.011425 -0.412181
v 0.021409 0.019525 -0.413681
v 0.022509 0.019025 -0.438581
v 0.042509 0.010525 -0.436981
v 0.059709 0.000625 -0.421981
v 0.059009 0.003425 -0.409681
v 0.062309 0.002025 -0.434281
v 0.023709 0.026225 -0.403381
v 0.005309 0.034025 -0.403881
v 0.002509 0.027525 -0.414181
v 0.001609 0.025325 -0.426681
v 0.002509 0.027525 -0.439081
v 0.025809 0.025325 -0.448881
v 0.005309 0.034025 -0.449381
v 0.046209 0.016625 -0.447181
v 0.066509 0.007925 -0.444481
v 0.060409 0.010525 -0.399481
v 0.042109 0.018325 -0.401981
v -0.056491 0.050125 -0.421981
v -0.037191 0.041925 -0.424581
v -0.035191 0.043625 -0.412181
v -0.053891 0.051625 -0.409681
v -0.057291 0.053025 -0.434281
v -0.037391 0.044525 -0.436981
v -0.017791 0.033625 -0.426081
v -0.016391 0.035625 -0.413681
v -0.017491 0.036025 -0.438581
v -0.049791 0.057525 -0.399481
v -0.067891 0.065225 -0.396081
v -0.072491 0.059525 -0.406181
v -0.075691 0.058325 -0.418381
v -0.076991 0.061425 -0.430581
v -0.055891 0.060125 -0.444481
v -0.076091 0.068725 -0.440681
v -0.035591 0.051425 -0.447181
v -0.015191 0.042725 -0.448881
v -0.013091 0.041925 -0.403381
v -0.031491 0.049725 -0.401981
v -0.131891 0.082325 -0.401481
v -0.113391 0.074425 -0.408081
v -0.109191 0.075125 -0.396181
v -0.127091 0.082825 -0.389781
v -0.134791 0.086125 -0.413181
v -0.115791 0.078025 -0.419981
v -0.094691 0.066425 -0.413781
v -0.090991 0.067425 -0.401681
v -0.096491 0.069725 -0.425781
v -0.121091 0.087925 -0.380081
v -0.138291 0.095225 -0.372881
v -0.144691 0.090325 -0.382381
v -0.149991 0.090025 -0.393881
v -0.153491 0.094025 -0.405381
v -0.135191 0.093925 -0.422881
v -0.154291 0.102125 -0.414881
v -0.115791 0.085625 -0.429881
v -0.096091 0.077225 -0.435781
v -0.085891 0.072925 -0.391681
v -0.103591 0.080525 -0.386381
v -0.202091 0.112225 -0.365381
v -0.185191 0.105025 -0.375781
v -0.178891 0.104825 -0.364781
v -0.195291 0.111825 -0.354681
v -0.206991 0.116925 -0.376081
v -0.189591 0.109425 -0.386781
v -0.167791 0.097625 -0.385281
v -0.161991 0.097625 -0.374081
v -0.171791 0.101825 -0.396581
v -0.187591 0.116325 -0.345881
v -0.203191 0.122925 -0.335181
v -0.211191 0.118625 -0.343681
v -0.218491 0.119225 -0.354081
v -0.223891 0.124125 -0.364381
v -0.209091 0.125425 -0.384881
v -0.226391 0.132825 -0.372981
v -0.191291 0.117825 -0.395881
v -0.172991 0.110025 -0.405881
v -0.155191 0.102425 -0.364781
v -0.171591 0.109425 -0.355781
v -0.264491 0.138825 -0.315081
v -0.249691 0.132525 -0.328881
v -0.241591 0.131625 -0.319281
v -0.255891 0.137725 -0.305881
v -0.271191 0.144225 -0.324281
v -0.256091 0.137825 -0.338481
v -0.234391 0.126025 -0.341881
v -0.226691 0.125225 -0.331881
v -0.240291 0.131025 -0.351881
v -0.246691 0.141525 -0.298181
v -0.260091 0.147225 -0.284381
v -0.269491 0.143525 -0.291681
v -0.278591 0.144825 -0.300481
v -0.285691 0.150425 -0.309281
v -0.274791 0.153425 -0.331881
v -0.289591 0.159825 -0.316581
v -0.259291 0.146825 -0.346481
v -0.243191 0.140025 -0.360181
v -0.218291 0.129325 -0.323581
v -0.232791 0.135525 -0.311281
v -0.316591 0.161025 -0.252481
v -0.304691 0.155925 -0.269181
v -0.294891 0.154325 -0.261281
v -0.306491 0.159325 -0.245081
v -0.324891 0.167125 -0.259881
v -0.312591 0.161925 -0.277081
v -0.291991 0.150525 -0.285181
v -0.282591 0.149125 -0.276881
v -0.299491 0.156325 -0.293581
v -0.296091 0.162525 -0.238981
v -0.306691 0.167125 -0.222581
v -0.317391 0.163925 -0.228281
v -0.327791 0.165825 -0.235281
v -0.336391 0.172025 -0.242181
v -0.329691 0.176925 -0.266081
v -0.341491 0.181925 -0.247881
v -0.317091 0.171525 -0.283581
v -0.303791 0.165825 -0.300481
v -0.272791 0.152625 -0.269881
v -0.284791 0.157725 -0.254781
v -0.356591 0.178025 -0.180081
v -0.347791 0.174325 -0.198981
v -0.336791 0.172225 -0.193081
v -0.345291 0.175825 -0.174781
v -0.365991 0.184625 -0.185381
v -0.356991 0.180825 -0.204881
v -0.338191 0.170225 -0.217381
v -0.327491 0.168225 -0.210981
v -0.347091 0.176625 -0.223781
v -0.333991 0.178725 -0.170381
v -0.341391 0.181825 -0.152081
v -0.352991 0.179125 -0.155981
v -0.364391 0.181425 -0.160781
v -0.374091 0.188125 -0.165481
v -0.371791 0.194825 -0.189781
v -0.380091 0.198325 -0.169481
v -0.362591 0.190925 -0.209681
v -0.352491 0.186625 -0.229081
v -0.316591 0.171325 -0.205681
v -0.325691 0.175125 -0.188281
v -0.382691 0.189225 -0.100581
v -0.377491 0.187025 -0.120981
v -0.365691 0.184525 -0.117381
v -0.370691 0.186625 -0.097581
v -0.392891 0.196125 -0.103581
v -0.387591 0.193825 -0.124581
v -0.371391 0.184425 -0.141081
v -0.359691 0.182025 -0.136881
v -0.381291 0.191225 -0.145281
v -0.358691 0.189225 -0.095081
v -0.362791 0.190925 -0.075581
v -0.374791 0.188425 -0.077581
v -0.386991 0.191025 -0.079981
v -0.397291 0.198025 -0.082381
v -0.399291 0.206525 -0.106081
v -0.403791 0.208425 -0.084381
v -0.393891 0.204225 -0.127581
v -0.387391 0.201525 -0.148681
v -0.348091 0.184725 -0.133381
v -0.353791 0.187125 -0.114381
v -0.394091 0.194125 -0.017081
v -0.392691 0.193525 -0.038181
v -0.380391 0.190825 -0.036981
v -0.381791 0.191425 -0.016481
v -0.404591 0.201125 -0.017681
v -0.403091 0.200525 -0.039381
v -0.390291 0.192425 -0.059181
v -0.378091 0.189825 -0.057281
v -0.400691 0.199425 -0.060981
v -0.369491 0.193825 -0.015981
v -0.369991 0.194025 0.004019
v -0.382191 0.191625 0.004019
v -0.394591 0.194325 0.004019
v -0.405091 0.201325 0.004019
v -0.411291 0.211625 -0.018181
v -0.411791 0.211925 0.004019
v -0.409791 0.211025 -0.040381
v -0.407291 0.209925 -0.062481
v -0.365891 0.192325 -0.055781
v -0.368191 0.193225 -0.035881
v -0.390291 0.192425 0.067219
v -0.392691 0.193525 0.046319
v -0.380391 0.190825 0.045019
v -0.378091 0.189825 0.065419
v -0.400691 0.199425 0.069119
v -0.403091 0.200525 0.047519
v -0.394091 0.194125 0.025219
v -0.381791 0.191425 0.024619
v -0.404591 0.201125 0.025819
v -0.365891 0.192325 0.063919
v -0.362791 0.190925 0.083619
v -0.374791 0.188425 0.085619
v -0.386991 0.191025 0.088119
v -0.397291 0.198025 0.090519
v -0.407291 0.209925 0.070619
v -0.403791 0.208425 0.092519
v -0.409791 0.211025 0.048519
v -0.411291 0.211625 0.026319
v -0.369491 0.193825 0.024119
v -0.368191 0.193225 0.044019
v -0.371391 0.184425 0.149119
v -0.377491 0.187025 0.129119
v -0.365691 0.184525 0.125519
v -0.359691 0.182025 0.145019
v -0.381291 0.191225 0.153319
v -0.387591 0.193825 0.132719
v -0.382691 0.189225 0.108719
v -0.370691 0.186625 0.105719
v -0.392891 0.196125 0.111719
v -0.348091 0.184725 0.141519
v -0.341391 0.181825 0.160219
v -0.352991 0.179125 0.164119
v -0.364391 0.181425 0.168919
v -0.374091 0.188125 0.173619
v -0.387391 0.201525 0.156819
v -0.380091 0.198325 0.177619
v -0.393891 0.204225 0.135719
v -0.399291 0.206525 0.114219
v -0.358691 0.189225 0.103219
v -0.353791 0.187125 0.122519
v -0.338191 0.170225 0.225519
v -0.347791 0.174325 0.207119
v -0.336791 0.172225 0.201219
v -0.327491 0.168225 0.219119
v -0.347091 0.176625 0.231919
v -0.356991 0.180825 0.212919
v -0.356591 0.178025 0.188219
v -0.345291 0.175825 0.182919
v -0.365991 0.184625 0.193519
v -0.316591 0.171325 0.213819
v -0.306691 0.167125 0.230719
v -0.317391 0.163925 0.236419
v -0.327791 0.165825 0.243319
v -0.336391 0.172025 0.250219
v -0.352491 0.186625 0.237219
v -0.341491 0.181925 0.256019
v -0.362591 0.190925 0.217819
v -0.371791 0.194825 0.197919
v -0.333991 0.178725 0.178519
v -0.325691 0.175125 0.196419
v -0.291991 0.150525 0.293319
v -0.304691 0.155925 0.277319
v -0.294891 0.154325 0.269419
v -0.282591 0.149125 0.284919
v -0.299491 0.156325 0.301619
v -0.312591 0.161925 0.285219
v -0.316591 0.161025 0.260619
v -0.306491 0.159325 0.253219
v -0.324891 0.167125 0.268019
v -0.272791 0.152625 0.278019
v -0.260091 0.147225 0.292519
v -0.269491 0.143525 0.299819
v -0.278591 0.144825 0.308619
v -0.285691 0.150425 0.317419
v -0.303791 0.165825 0.308619
v -0.289591 0.159825 0.324719
v -0.317091 0.171525 0.291719
v -0.329691 0.176925 0.274219
v -0.296091 0.162525 0.247119
v -0.284791 0.157725 0.262919
v -0.234391 0.126025 0.350019
v -0.249691 0.132525 0.337019
v -0.241591 0.131625 0.327419
v -0.226691 0.125225 0.340019
v -0.240291 0.131025 0.360019
v -0.256091 0.137825 0.346619
v -0.264491 0.138825 0.323219
v -0.255891 0.137725 0.314019
v -0.271191 0.144225 0.332419
v -0.218291 0.129325 0.331719
v -0.203191 0.122925 0.343319
v -0.211191 0.118625 0.351819
v -0.218491 0.119225 0.362219
v -0.223891 0.124125 0.372519
v -0.243191 0.140025 0.368219
v -0.226391 0.132825 0.381119
v -0.259291 0.146825 0.354619
v -0.274791 0.153425 0.340019
v -0.246691 0.141525 0.306319
v -0.232791 0.135525 0.319419
v -0.167791 0.097625 0.393419
v -0.185191 0.105025 0.383920
v -0.178891 0.104825 0.372919
v -0.161991 0.097625 0.382219
v -0.171791 0.101825 0.404619
v -0.189591 0.109425 0.394919
v -0.202091 0.112225 0.373519
v -0.195291 0.111825 0.362819
v -0.206991 0.116925 0.384119
v -0.155191 0.102425 0.372819
v -0.138291 0.095225 0.381019
v -0.144691 0.090325 0.390519
v -0.149991 0.090025 0.402019
v -0.153491 0.094025 0.413419
v -0.172991 0.110025 0.413919
v -0.154291 0.102125 0.423019
v -0.191291 0.117825 0.403919
v -0.209091 0.125425 0.393019
v -0.187591 0.116325 0.354019
v -0.171591 0.109425 0.363819
v -0.094691 0.066425 0.421819
v -0.113391 0.074425 0.416220
v -0.109191 0.075125 0.404319
v -0.090991 0.067425 0.409819
v -0.096491 0.069725 0.433919
v -0.115791 0.078025 0.428119
v -0.131891 0.082325 0.409619
v -0.127091 0.082825 0.397919
v -0.134791 0.086125 0.421319
v -0.085891 0.072925 0.399819
v -0.067891 0.065225 0.404219
v -0.072491 0.059525 0.414319
v -0.075691 0.058325 0.426519
v -0.076991 0.061425 0.438719
v -0.096091 0.077225 0.443919
v -0.076091 0.068725 0.448819
v -0.115791 0.085625 0.438019
v -0.135191 0.093925 0.431019
v -0.121091 0.087925 0.388219
v -0.103591 0.080525 0.394419
v -0.017791 0.033625 0.434219
v -0.037191 0.041925 0.432719
v -0.035191 0.043625 0.420319
v -0.016391 0.035625 0.421819
v -0.017491 0.036025 0.446619
v -0.037391 0.044525 0.445020
v -0.056491 0.050125 0.430119
v -0.053891 0.051625 0.417819
v -0.057291 0.053025 0.442419
v -0.013091 0.041925 0.411519
v -0.015191 0.042725 0.456919
v -0.035591 0.051425 0.455319
v -0.055891 0.060125 0.452619
v -0.049791 0.057525 0.407620
v -0.031491 0.049725 0.410019
v 0.139509 0.039125 0.404319
v 0.143709 0.039925 0.416220
v 0.162209 0.032025 0.409619
v 0.157409 0.031525 0.397919
v 0.121309 0.046925 0.409819
v 0.125009 0.047925 0.421819
v 0.146109 0.036325 0.428119
v 0.165109 0.028225 0.421319
v 0.126809 0.044525 0.433919
v 0.151409 0.026325 0.388219
v 0.175009 0.024025 0.390519
v 0.168609 0.019025 0.381019
v 0.133909 0.033825 0.394419
v 0.116209 0.041425 0.399819
v 0.126409 0.037025 0.443919
v 0.146109 0.028625 0.438019
v 0.165509 0.020325 0.431019
v 0.184609 0.012225 0.423019
v 0.183809 0.020225 0.413419
v 0.180309 0.024325 0.402019
v 0.209209 0.009425 0.372919
v 0.215509 0.009325 0.383920
v 0.232409 0.002125 0.373519
v 0.225609 0.002425 0.362819
v 0.192309 0.016625 0.382219
v 0.198109 0.016725 0.393419
v 0.219909 0.004825 0.394919
v 0.237309 -0.002575 0.384119
v 0.202109 0.012425 0.404619
v 0.241509 -0.004375 0.351819
v 0.233509 -0.008675 0.343319
v 0.217909 -0.001975 0.354019
v 0.201909 0.004825 0.363819
v 0.185509 0.011825 0.372819
v 0.203309 0.004225 0.413919
v 0.221609 -0.003575 0.403919
v 0.239409 -0.011175 0.393019
v 0.256709 -0.018575 0.381119
v 0.254209 -0.009775 0.372519
v 0.248809 -0.004875 0.362219
v 0.271909 -0.017275 0.327419
v 0.280009 -0.018275 0.337019
v 0.294809 -0.024475 0.323219
v 0.286209 -0.023375 0.314019
v 0.257009 -0.010975 0.340019
v 0.264709 -0.011675 0.350019
v 0.286409 -0.023475 0.346619
v 0.301509 -0.029975 0.332419
v 0.270609 -0.016775 0.360019
v 0.299809 -0.029275 0.299819
v 0.290409 -0.032875 0.292519
v 0.277009 -0.027175 0.306319
v 0.263109 -0.021275 0.319419
v 0.248609 -0.015075 0.331719
v 0.273509 -0.025675 0.368219
v 0.289609 -0.032575 0.354619
v 0.305109 -0.039175 0.340019
v 0.319909 -0.045475 0.324719
v 0.316009 -0.036175 0.317419
v 0.308909 -0.030475 0.308619
v 0.325209 -0.040075 0.269419
v 0.335009 -0.041675 0.277319
v 0.346909 -0.046775 0.260619
v 0.336809 -0.044975 0.253219
v 0.312909 -0.034775 0.284919
v 0.322309 -0.036275 0.293319
v 0.342909 -0.047575 0.285219
v 0.355209 -0.052875 0.268019
v 0.329809 -0.041975 0.301619
v 0.347709 -0.049675 0.236419
v 0.337009 -0.052775 0.230719
v 0.326409 -0.048275 0.247119
v 0.315109 -0.043375 0.262919
v 0.303109 -0.038275 0.278019
v 0.334109 -0.051475 0.308619
v 0.347409 -0.057175 0.291719
v 0.360009 -0.062575 0.274219
v 0.371809 -0.067575 0.256019
v 0.366709 -0.057775 0.250219
v 0.358109 -0.051475 0.243319
v 0.367109 -0.057875 0.201219
v 0.378109 -0.060075 0.207119
v 0.386909 -0.063775 0.188219
v 0.375609 -0.061575 0.182919
v 0.357809 -0.053975 0.219119
v 0.368509 -0.055975 0.225519
v 0.387309 -0.066475 0.212919
v 0.396309 -0.070375 0.193519
v 0.377409 -0.062275 0.231919
v 0.383309 -0.064775 0.164119
v 0.371709 -0.067575 0.160219
v 0.364309 -0.064375 0.178519
v 0.356009 -0.060875 0.196419
v 0.346909 -0.056975 0.213819
v 0.382809 -0.072275 0.237219
v 0.392909 -0.076575 0.217819
v 0.402109 -0.080475 0.197919
v 0.410409 -0.084075 0.177619
v 0.404409 -0.073775 0.173619
v 0.394709 -0.067175 0.168919
v 0.396009 -0.070175 0.125519
v 0.407809 -0.072675 0.129119
v 0.413009 -0.074975 0.108719
v 0.401009 -0.072375 0.105719
v 0.390009 -0.067675 0.145019
v 0.401709 -0.070075 0.149119
v 0.417909 -0.079575 0.132719
v 0.423209 -0.081875 0.111719
v 0.411609 -0.076875 0.153319
v 0.405109 -0.074175 0.085619
v 0.393109 -0.076675 0.083619
v 0.389009 -0.074975 0.103219
v 0.384109 -0.072875 0.122519
v 0.378409 -0.070375 0.141519
v 0.417709 -0.087175 0.156819
v 0.424209 -0.089875 0.135719
v 0.429609 -0.092275 0.114219
v 0.434109 -0.094175 0.092519
v 0.427609 -0.083675 0.090519
v 0.417309 -0.076775 0.088119
v 0.410709 -0.076475 0.045019
v 0.423009 -0.079175 0.046319
v 0.424409 -0.079775 0.025219
v 0.412109 -0.077075 0.024619
v 0.408409 -0.075475 0.065419
v 0.420609 -0.078175 0.067219
v 0.433509 -0.086175 0.047519
v 0.434909 -0.086875 0.025819
v 0.431009 -0.085175 0.069119
v 0.412509 -0.077275 0.004019
v 0.400309 -0.079775 0.004019
v 0.399809 -0.079575 0.024119
v 0.398509 -0.078975 0.044019
v 0.396209 -0.077975 0.063919
v 0.437609 -0.095675 0.070619
v 0.440109 -0.096675 0.048519
v 0.441609 -0.097375 0.026319
v 0.442109 -0.097575 0.004019
v 0.435409 -0.087075 0.004019
v 0.424909 -0.079975 0.004019
v 0.410709 -0.076475 -0.036981
v 0.423009 -0.079175 -0.038181
v 0.420609 -0.078175 -0.059181
v 0.408409 -0.075475 -0.057281
v 0.412109 -0.077075 -0.016481
v 0.424409 -0.079775 -0.017081
v 0.433509 -0.086175 -0.039381
v 0.431009 -0.085175 -0.060981
v 0.434909 -0.086875 -0.017681
v 0.405109 -0.074175 -0.077581
v 0.393109 -0.076675 -0.075581
v 0.396209 -0.077975 -0.055781
v 0.398509 -0.078975 -0.035881
v 0.399809 -0.079575 -0.015981
v 0.441609 -0.097375 -0.018181
v 0.440109 -0.096675 -0.040381
v 0.437609 -0.095675 -0.062481
v 0.434109 -0.094175 -0.084381
v 0.427609 -0.083675 -0.082381
v 0.417309 -0.076775 -0.079981
v 0.396009 -0.070175 -0.117381
v 0.407809 -0.072675 -0.120981
v 0.401709 -0.070075 -0.141081
v 0.390009 -0.067675 -0.136881
v 0.401009 -0.072375 -0.097581
v 0.413009 -0.074975 -0.100581
v 0.417909 -0.079575 -0.124581
v 0.411609 -0.076875 -0.145281
v 0.423209 -0.081875 -0.103581
v 0.383309 -0.064775 -0.155981
v 0.371709 -0.067575 -0.152081
v 0.378409 -0.070375 -0.133381
v 0.384109 -0.072875 -0.114381
v 0.389009 -0.074975 -0.095081
v 0.429609 -0.092275 -0.106081
v 0.424209 -0.089875 -0.127581
v 0.417709 -0.087175 -0.148681
v 0.410409 -0.084075 -0.169481
v 0.404409 -0.073775 -0.165481
v 0.394709 -0.067175 -0.160781
v 0.367109 -0.057875 -0.193081
v 0.378109 -0.060075 -0.198981
v 0.368509 -0.055975 -0.217381
v 0.357809 -0.053975 -0.210981
v 0.375609 -0.061575 -0.174781
v 0.386909 -0.063775 -0.180081
v 0.387309 -0.066475 -0.204881
v 0.377409 -0.062275 -0.223781
v 0.396309 -0.070375 -0.185381
v 0.347709 -0.049675 -0.228281
v 0.337009 -0.052775 -0.222581
v 0.346909 -0.056975 -0.205681
v 0.356009 -0.060875 -0.188281
v 0.364309 -0.064375 -0.170381
v 0.402109 -0.080475 -0.189781
v 0.392909 -0.076575 -0.209681
v 0.382809 -0.072275 -0.229081
v 0.371809 -0.067575 -0.247881
v 0.366709 -0.057775 -0.242181
v 0.358109 -0.051475 -0.235181
v 0.325209 -0.040075 -0.261281
v 0.335009 -0.041675 -0.269181
v 0.322309 -0.036275 -0.285181
v 0.312909 -0.034775 -0.276881
v 0.336809 -0.044975 -0.245081
v 0.346909 -0.046775 -0.252481
v 0.342909 -0.047575 -0.277081
v 0.329809 -0.041975 -0.293581
v 0.355209 -0.052875 -0.259881
v 0.299809 -0.029275 -0.291681
v 0.290409 -0.032875 -0.284381
v 0.303109 -0.038275 -0.269881
v 0.315109 -0.043375 -0.254781
v 0.326409 -0.048275 -0.238981
v 0.360009 -0.062575 -0.266081
v 0.347409 -0.057175 -0.283581
v 0.334109 -0.051475 -0.300481
v 0.319909 -0.045475 -0.316581
v 0.316009 -0.036175 -0.309281
v 0.308909 -0.030475 -0.300481
v 0.271909 -0.017275 -0.319281
v 0.280009 -0.018275 -0.328881
v 0.264709 -0.011675 -0.341881
v 0.257009 -0.010975 -0.331881
v 0.286209 -0.023375 -0.305881
v 0.294809 -0.024475 -0.315081
v 0.286409 -0.023475 -0.338481
v 0.270609 -0.016775 -0.351881
v 0.301509 -0.029975 -0.324281
v 0.241509 -0.004375 -0.343681
v 0.233509 -0.008675 -0.335181
v 0.248609 -0.015075 -0.323581
v 0.263109 -0.021275 -0.311281
v 0.277009 -0.027175 -0.298181
v 0.305109 -0.039175 -0.331881
v 0.289609 -0.032575 -0.346481
v 0.273509 -0.025675 -0.360181
v 0.256709 -0.018575 -0.372981
v 0.254209 -0.009775 -0.364381
v 0.248809 -0.004875 -0.354081
v 0.209209 0.009425 -0.364781
v 0.215509 0.009325 -0.375781
v 0.198109 0.016725 -0.385281
v 0.192309 0.016625 -0.374081
v 0.225609 0.002425 -0.354681
v 0.232409 0.002125 -0.365381
v 0.219909 0.004825 -0.386781
v 0.202109 0.012425 -0.396581
v 0.237309 -0.002575 -0.376081
v 0.175009 0.024025 -0.382381
v 0.168609 0.019025 -0.372881
v 0.185509 0.011825 -0.364781
v 0.201909 0.004825 -0.355781
v 0.217909 -0.001975 -0.345881
v 0.239409 -0.011175 -0.384881
v 0.221609 -0.003575 -0.395881
v 0.203309 0.004225 -0.405881
v 0.184609 0.012225 -0.414881
v 0.183809 0.020225 -0.405381
v 0.180309 0.024325 -0.393881
v 0.139509 0.039125 -0.396181
v 0.143709 0.039925 -0.408081
v 0.125009 0.047925 -0.413781
v 0.121309 0.046925 -0.401681
v 0.157409 0.031525 -0.389781
v 0.162209 0.032025 -0.401481
v 0.146109 0.036325 -0.419981
v 0.126809 0.044525 -0.425781
v 0.165109 0.028225 -0.413181
v 0.102809 0.054725 -0.406181
v 0.098209 0.049025 -0.396081
v 0.116209 0.041425 -0.391681
v 0.133909 0.033825 -0.386381
v 0.151409 0.026325 -0.380081
v 0.165509 0.020325 -0.422881
v 0.146109 0.028625 -0.429881
v 0.126409 0.037025 -0.435781
v 0.106409 0.045525 -0.440681
v 0.107309 0.052825 -0.430581
v 0.106009 0.056025 -0.418381
v 0.065509 0.070725 -0.412181
v 0.067509 0.072425 -0.424581
v 0.048109 0.080625 -0.426081
v 0.046709 0.078725 -0.413681
v 0.084209 0.062725 -0.409681
v 0.086809 0.064125 -0.421981
v 0.067709 0.069725 -0.436981
v 0.047809 0.078225 -0.438581
v 0.087609 0.061225 -0.434281
v 0.027809 0.086725 -0.414181
v 0.025009 0.080225 -0.403881
v 0.043409 0.072425 -0.403381
v 0.061809 0.064625 -0.401981
v 0.080109 0.056825 -0.399481
v 0.086209 0.054125 -0.444481
v 0.065909 0.062825 -0.447181
v 0.045509 0.071525 -0.448881
v 0.025009 0.080225 -0.449381
v 0.027809 0.086725 -0.439081
v 0.028709 0.088925 -0.426681
v -0.009891 0.102825 -0.412181
v -0.010091 0.105525 -0.424581
v -0.029391 0.113725 -0.421981
v -0.028691 0.110825 -0.409681
v 0.008909 0.094825 -0.413681
v 0.009309 0.097225 -0.426081
v -0.012191 0.103825 -0.436981
v -0.031991 0.112225 -0.434281
v 0.007809 0.095325 -0.438581
v -0.047291 0.118825 -0.406181
v -0.048191 0.111525 -0.396081
v -0.030091 0.103725 -0.399481
v -0.011791 0.095925 -0.401981
v 0.006609 0.088125 -0.403381
v 0.004509 0.089025 -0.448881
v -0.015891 0.097725 -0.447181
v -0.036191 0.106325 -0.444481
v -0.056391 0.114925 -0.440681
v -0.051691 0.120725 -0.430581
v -0.048591 0.121925 -0.418381
v -0.083891 0.134425 -0.396181
v -0.086291 0.137925 -0.408081
v -0.104791 0.145825 -0.401481
v -0.101791 0.142025 -0.389781
v -0.065691 0.126625 -0.401681
v -0.067591 0.130025 -0.413781
v -0.090591 0.137225 -0.419981
v -0.109491 0.145325 -0.413181
v -0.071291 0.129025 -0.425781
v -0.119491 0.149525 -0.382381
v -0.118591 0.141525 -0.372881
v -0.101391 0.134125 -0.380081
v -0.083891 0.126725 -0.386381
v -0.066191 0.119125 -0.391681
v -0.076291 0.123525 -0.435781
v -0.096091 0.131925 -0.429881
v -0.115491 0.140225 -0.422881
v -0.134591 0.148325 -0.414881
v -0.128191 0.153325 -0.405381
v -0.122891 0.153625 -0.393881
v -0.153591 0.164125 -0.364781
v -0.158091 0.168525 -0.375781
v -0.174991 0.175825 -0.365381
v -0.169991 0.171125 -0.354681
v -0.136691 0.156925 -0.374081
v -0.140691 0.161125 -0.385281
v -0.164391 0.168725 -0.386781
v -0.181791 0.176125 -0.376081
v -0.146491 0.161125 -0.396581
v -0.185991 0.177925 -0.343681
v -0.183491 0.169125 -0.335181
v -0.167891 0.162525 -0.345881
v -0.151891 0.155725 -0.355781
v -0.135391 0.148725 -0.364781
v -0.153291 0.156325 -0.405881
v -0.171591 0.164125 -0.395881
v -0.189391 0.171725 -0.384881
v -0.206691 0.179025 -0.372981
v -0.198691 0.183325 -0.364381
v -0.191391 0.182825 -0.354081
v -0.216291 0.190825 -0.319281
v -0.222591 0.196125 -0.328881
v -0.237391 0.202425 -0.315081
v -0.230591 0.196925 -0.305881
v -0.201391 0.184525 -0.331881
v -0.207291 0.189525 -0.341881
v -0.230791 0.197025 -0.338481
v -0.245991 0.203525 -0.324281
v -0.214991 0.190325 -0.351881
v -0.244291 0.202725 -0.291681
v -0.240391 0.193425 -0.284381
v -0.226991 0.187725 -0.298181
v -0.213091 0.181825 -0.311281
v -0.198491 0.175625 -0.323581
v -0.223491 0.186225 -0.360181
v -0.239591 0.193125 -0.346481
v -0.255091 0.199725 -0.331881
v -0.269891 0.206025 -0.316581
v -0.260491 0.209625 -0.309281
v -0.251491 0.208425 -0.300481
v -0.269591 0.213625 -0.261281
v -0.277591 0.219525 -0.269181
v -0.289491 0.224625 -0.252481
v -0.281291 0.218525 -0.245081
v -0.257291 0.208325 -0.276881
v -0.264891 0.214125 -0.285181
v -0.287291 0.221125 -0.277081
v -0.299591 0.226325 -0.259881
v -0.274291 0.215525 -0.293581
v -0.292091 0.223125 -0.228281
v -0.286991 0.213325 -0.222581
v -0.276391 0.208825 -0.238981
v -0.265091 0.203925 -0.254781
v -0.253091 0.198825 -0.269881
v -0.284091 0.212025 -0.300481
v -0.297391 0.217725 -0.283581
v -0.309991 0.223125 -0.266081
v -0.321791 0.228125 -0.247881
v -0.311191 0.231325 -0.242181
v -0.300691 0.229425 -0.235281
v -0.311491 0.231425 -0.193081
v -0.320691 0.237925 -0.198981
v -0.329491 0.241625 -0.180081
v -0.319991 0.235025 -0.174781
v -0.302191 0.227525 -0.210981
v -0.311091 0.233825 -0.217381
v -0.331691 0.240025 -0.204881
v -0.340691 0.243925 -0.185381
v -0.321891 0.235825 -0.223781
v -0.327691 0.238325 -0.155981
v -0.321691 0.228125 -0.152081
v -0.314191 0.224925 -0.170381
v -0.305991 0.221425 -0.188281
v -0.296891 0.217525 -0.205681
v -0.332791 0.232825 -0.229081
v -0.342891 0.237125 -0.209681
v -0.352091 0.241025 -0.189781
v -0.360391 0.244625 -0.169481
v -0.348791 0.247325 -0.165481
v -0.337291 0.245025 -0.160781
v -0.340391 0.243725 -0.117381
v -0.350391 0.250625 -0.120981
v -0.355591 0.252825 -0.100581
v -0.345491 0.245925 -0.097581
v -0.334491 0.241225 -0.136881
v -0.344291 0.248025 -0.141081
v -0.362291 0.253125 -0.124581
v -0.367591 0.255325 -0.103581
v -0.355991 0.250425 -0.145281
v -0.349591 0.247625 -0.077581
v -0.343091 0.237225 -0.075581
v -0.338991 0.235525 -0.095081
v -0.334091 0.233425 -0.114381
v -0.328291 0.230925 -0.133381
v -0.367691 0.247725 -0.148681
v -0.374091 0.250425 -0.127581
v -0.379591 0.252825 -0.106081
v -0.384091 0.254725 -0.084381
v -0.371991 0.257225 -0.082381
v -0.359891 0.254625 -0.079981
v -0.355091 0.250025 -0.036981
v -0.365591 0.257025 -0.038181
v -0.366991 0.257625 -0.017081
v -0.356491 0.250625 -0.016481
v -0.352791 0.249025 -0.057281
v -0.363191 0.256025 -0.059181
v -0.377891 0.259725 -0.039381
v -0.379391 0.260325 -0.017681
v -0.375391 0.258725 -0.060981
v -0.356991 0.250825 0.004019
v -0.350291 0.240325 0.004019
v -0.349791 0.240125 -0.015981
v -0.348491 0.239525 -0.035881
v -0.346191 0.238525 -0.055781
v -0.387591 0.256225 -0.062481
v -0.390091 0.257225 -0.040381
v -0.391591 0.257925 -0.018181
v -0.392091 0.258125 0.004019
v -0.379891 0.260525 0.004019
v -0.367491 0.257825 0.004019
v -0.355091 0.250025 0.045019
v -0.365591 0.257025 0.046319
v -0.363191 0.256025 0.067219
v -0.352791 0.249025 0.065419
v -0.356491 0.250625 0.024619
v -0.366991 0.257625 0.025219
v -0.377891 0.259725 0.047519
v -0.375391 0.258725 0.069119
v -0.379391 0.260325 0.025819
v -0.349591 0.247625 0.085619
v -0.343091 0.237225 0.083619
v -0.346191 0.238525 0.063919
v -0.348491 0.239525 0.044019
v -0.349791 0.240125 0.024119
v -0.391591 0.257925 0.026319
v -0.390091 0.257225 0.048519
v -0.387591 0.256225 0.070619
v -0.384091 0.254725 0.092519
v -0.371991 0.257225 0.090519
v -0.359891 0.254625 0.088119
v -0.340391 0.243725 0.125519
v -0.350391 0.250625 0.129119
v -0.344291 0.248025 0.149119
v -0.334491 0.241225 0.145019
v -0.345491 0.245925 0.105719
v -0.355591 0.252825 0.108719
v -0.362291 0.253125 0.132719
v -0.355991 0.250425 0.153319
v -0.367591 0.255325 0.111719
v -0.327691 0.238325 0.164119
v -0.321691 0.228125 0.160219
v -0.328291 0.230925 0.141519
v -0.334091 0.233425 0.122519
v -0.338991 0.235525 0.103219
v -0.379591 0.252825 0.114219
v -0.374091 0.250425 0.135719
v -0.367691 0.247725 0.156819
v -0.360391 0.244625 0.177619
v -0.348791 0.247325 0.173619
v -0.337291 0.245025 0.168919
v -0.311491 0.231425 0.201219
v -0.320691 0.237925 0.207119
v -0.311091 0.233825 0.225519
v -0.302191 0.227525 0.219119
v -0.319991 0.235025 0.182919
v -0.329491 0.241625 0.188219
v -0.331691 0.240025 0.212919
v -0.321891 0.235825 0.231919
v -0.340691 0.243925 0.193519
v -0.292091 0.223125 0.236419
v -0.286991 0.213325 0.230719
v -0.296891 0.217525 0.213819
v -0.305991 0.221425 0.196419
v -0.314191 0.224925 0.178519
v -0.352091 0.241025 0.197919
v -0.342891 0.237125 0.217819
v -0.332791 0.232825 0.237219
v -0.321791 0.228125 0.256019
v -0.311191 0.231325 0.250219
v -0.300691 0.229425 0.243319
v -0.269591 0.213625 0.269419
v -0.277591 0.219525 0.277319
v -0.264891 0.214125 0.293319
v -0.257291 0.208325 0.284919
v -0.281291 0.218525 0.253219
v -0.289491 0.224625 0.260619
v -0.287291 0.221125 0.285219
v -0.274291 0.215525 0.301619
v -0.299591 0.226325 0.268019
v -0.244291 0.202725 0.299819
v -0.240391 0.193425 0.292519
v -0.253091 0.198825 0.278019
v -0.265091 0.203925 0.262919
v -0.276391 0.208825 0.247119
v -0.309991 0.223125 0.274219
v -0.297391 0.217725 0.291719
v -0.284091 0.212025 0.308619
v -0.269891 0.206025 0.324719
v -0.260491 0.209625 0.317419
v -0.251491 0.208425 0.308619
v -0.216291 0.190825 0.327419
v -0.222591 0.196125 0.337019
v -0.207291 0.189525 0.350019
v -0.201391 0.184525 0.340019
v -0.230591 0.196925 0.314019
v -0.237391 0.202425 0.323219
v -0.230791 0.197025 0.346619
v -0.214991 0.190325 0.360019
v -0.245991 0.203525 0.332419
v -0.185991 0.177925 0.351819
v -0.183491 0.169125 0.343319
v -0.198491 0.175625 0.331719
v -0.213091 0.181825 0.319419
v -0.226991 0.187725 0.306319
v -0.255091 0.199725 0.340020
v -0.239591 0.193125 0.354619
v -0.223491 0.186225 0.368219
v -0.206691 0.179025 0.381119
v -0.198691 0.183325 0.372519
v -0.191391 0.182825 0.362219
v -0.153591 0.164125 0.372919
v -0.158091 0.168525 0.383920
v -0.140691 0.161125 0.393419
v -0.136691 0.156925 0.382219
v -0.169991 0.171125 0.362819
v -0.174991 0.175825 0.373519
v -0.164391 0.168725 0.394919
v -0.146491 0.161125 0.404619
v -0.181791 0.176125 0.384119
v -0.119491 0.149525 0.390519
v -0.118591 0.141525 0.381019
v -0.135391 0.148725 0.372819
v -0.151891 0.155725 0.363819
v -0.167891 0.162525 0.354019
v -0.189391 0.171725 0.393019
v -0.171591 0.164125 0.403919
v -0.153291 0.156325 0.413919
v -0.134591 0.148325 0.423019
v -0.128191 0.153325 0.413419
v -0.122891 0.153625 0.402019
v -0.083891 0.134425 0.404319
v -0.086291 0.137925 0.416220
v -0.067591 0.130025 0.421819
v -0.065691 0.126625 0.409819
v -0.101791 0.142025 0.397919
v -0.104791 0.145825 0.409619
v -0.090591 0.137225 0.428119
v -0.071291 0.129025 0.433919
v -0.109491 0.145325 0.421319
v -0.047291 0.118825 0.414319
v -0.048191 0.111525 0.404219
v -0.066191 0.119125 0.399819
v -0.083891 0.126725 0.394419
v -0.101391 0.134125 0.388219
v -0.115491 0.140225 0.431019
v -0.096091 0.131925 0.438019
v -0.076291 0.123525 0.443919
v -0.056391 0.114925 0.448819
v -0.051691 0.120725 0.438719
v -0.048591 0.121925 0.426519
v -0.009891 0.102825 0.420319
v -0.010091 0.105525 0.432719
v 0.009309 0.097225 0.434219
v 0.008909 0.094825 0.421819
v -0.028691 0.110825 0.417819
v -0.029391 0.113725 0.430119
v -0.012191 0.103825 0.445020
v 0.007809 0.095325 0.446619
v -0.031991 0.112225 0.442419
v 0.006609 0.088125 0.411519
v -0.011791 0.095925 0.410019
v -0.030091 0.103725 0.407620
v -0.036191 0.106325 0.452619
v -0.015891 0.097725 0.455319
v 0.004509 0.089025 0.456919
v -0.394991 0.217125 0.137519
v -0.391491 0.230525 0.138119
v -0.397091 0.232925 0.116319
v -0.400591 0.219425 0.115819
v -0.388491 0.214325 0.159019
v -0.384991 0.227725 0.159719
v -0.384191 0.242425 0.137519
v -0.389791 0.244725 0.115819
v -0.377691 0.239625 0.159019
v -0.405091 0.221425 0.093719
v -0.380991 0.211125 0.180019
v -0.377491 0.224525 0.180819
v -0.370291 0.236425 0.180019
v -0.394291 0.246725 0.093719
v -0.401591 0.234825 0.094219
v -0.026391 0.059925 0.403719
v -0.020891 0.072525 0.401619
v -0.002891 0.064825 0.403019
v -0.008391 0.052225 0.405119
v -0.044391 0.067625 0.401319
v -0.038791 0.080125 0.399219
v -0.015691 0.085225 0.403719
v 0.002409 0.077525 0.405119
v -0.033691 0.092925 0.401319
v 0.009809 0.044525 0.405619
v -0.062291 0.075225 0.397919
v -0.056491 0.087725 0.395819
v -0.051491 0.100525 0.397919
v 0.020509 0.069825 0.405619
v 0.015209 0.057125 0.403519
v 0.335509 -0.094375 0.193319
v 0.339209 -0.080975 0.192319
v 0.347309 -0.084475 0.174819
v 0.343709 -0.097875 0.175719
v 0.326609 -0.090575 0.210519
v 0.330309 -0.077275 0.209419
v 0.346309 -0.069075 0.193319
v 0.354509 -0.072575 0.175719
v 0.337409 -0.065275 0.210519
v 0.351009 -0.100975 0.157719
v 0.316909 -0.086475 0.227119
v 0.320709 -0.073075 0.226019
v 0.327709 -0.061175 0.227119
v 0.361809 -0.075675 0.157719
v 0.354609 -0.087575 0.156919
v -0.363291 0.203525 0.220819
v -0.359591 0.216925 0.221819
v -0.368991 0.220925 0.201619
v -0.372591 0.207525 0.200619
v -0.353091 0.199225 0.240419
v -0.349291 0.212525 0.241519
v -0.352491 0.228825 0.220819
v -0.361791 0.232825 0.200619
v -0.342291 0.224525 0.240419
v -0.341891 0.194425 0.259519
v -0.338191 0.207825 0.260719
v -0.331191 0.219725 0.259519
v 0.051209 0.026825 0.461719
v 0.056809 0.039425 0.463819
v 0.036009 0.048225 0.465519
v 0.030509 0.035625 0.463319
v 0.071809 0.018025 0.458919
v 0.077509 0.030525 0.461019
v 0.062009 0.052125 0.461719
v 0.041309 0.060925 0.463319
v 0.082609 0.043325 0.458919
v 0.009809 0.044525 0.463919
v 0.092309 0.009325 0.455020
v 0.098109 0.021825 0.457119
v 0.103109 0.034625 0.455020
v 0.020509 0.069825 0.463919
v 0.015209 0.057125 0.466019
v 0.363309 -0.106175 0.120619
v 0.366809 -0.092775 0.120019
v 0.371609 -0.094775 0.101119
v 0.368109 -0.108275 0.101619
v 0.357609 -0.103775 0.139319
v 0.361109 -0.090375 0.138619
v 0.374009 -0.080975 0.120619
v 0.378909 -0.082975 0.101619
v 0.368309 -0.078475 0.139319
v 0.372109 -0.109975 0.082419
v 0.382809 -0.084675 0.082419
v 0.375509 -0.096475 0.082019
v -0.317191 0.183925 0.295819
v -0.313291 0.197225 0.297119
v -0.326191 0.202725 0.279219
v -0.329991 0.189325 0.278019
v -0.303691 0.178125 0.312819
v -0.299691 0.191425 0.314319
v -0.306391 0.209225 0.295819
v -0.319191 0.214625 0.278019
v -0.292891 0.203425 0.312819
v -0.289291 0.172025 0.329219
v -0.285291 0.185225 0.330719
v -0.278591 0.197325 0.329219
v 0.132509 -0.007875 0.444119
v 0.138509 0.004525 0.446119
v 0.118409 0.013125 0.452219
v 0.112509 0.000725 0.450119
v 0.152309 -0.016275 0.437019
v 0.158309 -0.003875 0.439019
v 0.143309 0.017425 0.444119
v 0.123309 0.025925 0.450119
v 0.163009 0.009025 0.437019
v 0.171609 -0.024475 0.428919
v 0.177809 -0.012175 0.430819
v 0.182409 0.000825 0.428919
v 0.377409 -0.112275 0.043419
v 0.380809 -0.098775 0.043219
v 0.382109 -0.099375 0.023619
v 0.378709 -0.112775 0.023719
v 0.375209 -0.111275 0.063019
v 0.378609 -0.097775 0.062619
v 0.388209 -0.086975 0.043419
v 0.389509 -0.087475 0.023719
v 0.385909 -0.085975 0.063019
v 0.379209 -0.112975 0.004019
v 0.389909 -0.087675 0.004019
v 0.382609 -0.099475 0.004019
v -0.258591 0.158925 0.359520
v -0.254391 0.172125 0.361119
v -0.270191 0.178825 0.346319
v -0.274291 0.165625 0.344819
v -0.242191 0.151925 0.373419
v -0.237991 0.165125 0.375119
v -0.247791 0.184225 0.359520
v -0.263491 0.190925 0.344819
v -0.231391 0.177225 0.373419
v -0.225191 0.144725 0.386419
v -0.220891 0.157825 0.388219
v -0.214491 0.170025 0.386419
v 0.209209 -0.040475 0.409619
v 0.215509 -0.028275 0.411519
v 0.196809 -0.020275 0.421719
v 0.190609 -0.032575 0.419719
v 0.227209 -0.048175 0.398519
v 0.233609 -0.035975 0.400319
v 0.219909 -0.015275 0.409619
v 0.201409 -0.007275 0.419719
v 0.238009 -0.022975 0.398519
v 0.244809 -0.055675 0.386419
v 0.251209 -0.043475 0.388219
v 0.255509 -0.030375 0.386419
v 0.377409 -0.112275 -0.035281
v 0.380809 -0.098775 -0.035081
v 0.378609 -0.097775 -0.054581
v 0.375209 -0.111275 -0.054881
v 0.378709 -0.112775 -0.015681
v 0.382109 -0.099375 -0.015581
v 0.388209 -0.086975 -0.035281
v 0.385909 -0.085975 -0.054881
v 0.389509 -0.087475 -0.015681
v 0.372109 -0.109975 -0.074281
v 0.382809 -0.084675 -0.074281
v 0.375509 -0.096475 -0.073881
v -0.189591 0.129525 0.409619
v -0.185191 0.142525 0.411519
v -0.203291 0.150325 0.400319
v -0.207691 0.137225 0.398519
v -0.171091 0.121625 0.419719
v -0.166491 0.134625 0.421719
v -0.178891 0.154825 0.409619
v -0.196891 0.162525 0.398519
v -0.160291 0.146925 0.419719
v -0.152091 0.113525 0.428919
v -0.147491 0.126525 0.430819
v -0.141291 0.138825 0.428919
v 0.278109 -0.069875 0.359520
v 0.284709 -0.057775 0.361119
v 0.268309 -0.050775 0.375119
v 0.261709 -0.062975 0.373419
v 0.293809 -0.076575 0.344819
v 0.300509 -0.064575 0.346319
v 0.288909 -0.044575 0.359520
v 0.272509 -0.037675 0.373419
v 0.304609 -0.051275 0.344819
v 0.308909 -0.082975 0.329219
v 0.315609 -0.070975 0.330719
v 0.319609 -0.057775 0.329219
v 0.363309 -0.106175 -0.112481
v 0.366809 -0.092775 -0.111881
v 0.361109 -0.090375 -0.130481
v 0.357609 -0.103775 -0.131181
v 0.368109 -0.108275 -0.093481
v 0.371609 -0.094775 -0.092981
v 0.374009 -0.080975 -0.112481
v 0.368309 -0.078475 -0.131181
v 0.378909 -0.082975 -0.093481
v 0.351009 -0.100975 -0.149581
v 0.361809 -0.075675 -0.149581
v 0.354609 -0.087575 -0.148781
v -0.112991 0.096825 0.444119
v -0.108191 0.109725 0.446119
v -0.127991 0.118225 0.439019
v -0.132691 0.105225 0.437019
v -0.092991 0.088325 0.450119
v -0.088091 0.101225 0.452219
v -0.102191 0.122125 0.444119
v -0.121991 0.130525 0.437019
v -0.082191 0.113625 0.450119
v -0.072791 0.079725 0.455020
v -0.067791 0.092525 0.457119
v -0.061991 0.105025 0.455020
v 0.336709 -0.094875 0.295819
v 0.343609 -0.082875 0.297119
v 0.330009 -0.077075 0.314319
v 0.323209 -0.089075 0.312819
v 0.349509 -0.100375 0.278019
v 0.356509 -0.088375 0.279219
v 0.347509 -0.069575 0.295819
v 0.334009 -0.063875 0.312819
v 0.360309 -0.075075 0.278019
v 0.361509 -0.105475 0.259519
v 0.368509 -0.093475 0.260719
v 0.372209 -0.080175 0.259519
v 0.335509 -0.094375 -0.185281
v 0.339209 -0.080975 -0.184281
v 0.330309 -0.077275 -0.201281
v 0.326609 -0.090575 -0.202381
v 0.343709 -0.097875 -0.167681
v 0.347309 -0.084475 -0.166681
v 0.346309 -0.069075 -0.185281
v 0.337409 -0.065275 -0.202381
v 0.354509 -0.072575 -0.167681
v 0.316909 -0.086475 -0.219081
v 0.327709 -0.061175 -0.219081
v 0.320709 -0.073075 -0.217881
v -0.031691 0.062225 0.461719
v -0.026491 0.074925 0.463819
v -0.047191 0.083725 0.461019
v -0.052291 0.070925 0.458919
v -0.010991 0.053325 0.463319
v -0.005691 0.066025 0.465519
v -0.020891 0.087425 0.461719
v -0.041491 0.096225 0.458919
v -0.000191 0.078625 0.463319
v 0.382809 -0.114575 0.220819
v 0.389909 -0.102675 0.221819
v 0.379609 -0.098275 0.241519
v 0.372609 -0.110175 0.240419
v 0.392109 -0.118575 0.200619
v 0.399309 -0.106675 0.201619
v 0.393609 -0.089275 0.220819
v 0.383409 -0.084875 0.240419
v 0.402909 -0.093275 0.200619
v 0.400609 -0.122075 0.180019
v 0.407809 -0.110275 0.180819
v 0.411309 -0.096875 0.180019
v 0.295309 -0.077275 -0.250681
v 0.299209 -0.063975 -0.249381
v 0.287409 -0.058975 -0.264181
v 0.283509 -0.072175 -0.265581
v 0.306509 -0.081975 -0.235181
v 0.310309 -0.068675 -0.233881
v 0.306109 -0.051975 -0.250681
v 0.294209 -0.046875 -0.265581
v 0.317209 -0.056675 -0.235181
v 0.271009 -0.066875 -0.279881
v 0.281709 -0.041575 -0.279881
v 0.275009 -0.053675 -0.278381
v 0.414509 -0.128075 0.137519
v 0.421809 -0.116275 0.138119
v 0.415309 -0.113475 0.159719
v 0.408009 -0.125275 0.159019
v 0.420109 -0.130475 0.115819
v 0.427409 -0.118575 0.116319
v 0.425309 -0.102775 0.137519
v 0.418809 -0.099975 0.159019
v 0.430909 -0.105175 0.115819
v 0.424609 -0.132375 0.093719
v 0.431909 -0.120575 0.094219
v 0.435409 -0.107075 0.093719
v 0.244109 -0.055375 -0.306381
v 0.248309 -0.042275 -0.304681
v 0.234009 -0.036175 -0.316781
v 0.229809 -0.049275 -0.318481
v 0.257809 -0.061275 -0.293481
v 0.261909 -0.048075 -0.291881
v 0.254909 -0.030075 -0.306381
v 0.240609 -0.024075 -0.318481
v 0.268609 -0.035975 -0.293481
v 0.215009 -0.042975 -0.329881
v 0.225809 -0.017675 -0.329881
v 0.219309 -0.029875 -0.328081
v 0.430709 -0.134975 0.049119
v 0.438109 -0.123175 0.049319
v 0.435509 -0.122075 0.071819
v 0.428209 -0.133875 0.071519
v 0.432209 -0.135675 0.026619
v 0.439609 -0.123775 0.026719
v 0.441509 -0.109675 0.049119
v 0.439009 -0.108575 0.071519
v 0.443009 -0.110375 0.026619
v 0.432809 -0.135875 0.004019
v 0.440109 -0.124075 0.004019
v 0.443509 -0.110575 0.004019
v 0.183909 -0.029775 -0.350081
v 0.188409 -0.016675 -0.348181
v 0.172309 -0.009875 -0.357081
v 0.167709 -0.022875 -0.358981
v 0.199709 -0.036475 -0.340381
v 0.204109 -0.023375 -0.338581
v 0.194709 -0.004475 -0.350081
v 0.178509 0.002425 -0.358981
v 0.210509 -0.011175 -0.340381
v 0.151109 -0.015775 -0.366981
v 0.161909 0.009525 -0.366981
v 0.155809 -0.002775 -0.364981
v 0.430709 -0.134975 -0.040981
v 0.438109 -0.123175 -0.041181
v 0.439609 -0.123775 -0.018581
v 0.432209 -0.135675 -0.018481
v 0.428209 -0.133875 -0.063381
v 0.435509 -0.122075 -0.063681
v 0.441509 -0.109675 -0.040981
v 0.443009 -0.110375 -0.018481
v 0.439009 -0.108575 -0.063381
v 0.424609 -0.132375 -0.085681
v 0.431909 -0.120575 -0.086081
v 0.435409 -0.107075 -0.085681
v 0.117009 -0.001175 -0.380181
v 0.121809 0.011625 -0.378181
v 0.104409 0.019125 -0.383381
v 0.099509 0.006225 -0.385481
v 0.134209 -0.008575 -0.374081
v 0.138909 0.004325 -0.372081
v 0.127809 0.024025 -0.380181
v 0.110309 0.031525 -0.385481
v 0.145009 0.016725 -0.374081
v 0.081809 0.013825 -0.389781
v 0.092609 0.039025 -0.389781
v 0.086809 0.026625 -0.387681
v 0.414509 -0.128075 -0.129381
v 0.421809 -0.116275 -0.130081
v 0.427409 -0.118575 -0.108181
v 0.420109 -0.130475 -0.107681
v 0.408009 -0.125275 -0.150881
v 0.415309 -0.113475 -0.151581
v 0.425309 -0.102775 -0.129381
v 0.430909 -0.105175 -0.107681
v 0.418809 -0.099975 -0.150881
v 0.400609 -0.122075 -0.171881
v 0.407809 -0.110275 -0.172681
v 0.411309 -0.096875 -0.171881
v 0.046009 0.029025 -0.395581
v 0.051209 0.041825 -0.393481
v 0.033209 0.049425 -0.394881
v 0.027909 0.036825 -0.397081
v 0.064009 0.021425 -0.393181
v 0.069109 0.034125 -0.391081
v 0.056709 0.054325 -0.395581
v 0.038709 0.062025 -0.397081
v 0.074709 0.046725 -0.393181
v 0.009809 0.044525 -0.397481
v 0.020509 0.069825 -0.397481
v 0.015209 0.057125 -0.395381
v 0.382809 -0.114575 -0.212681
v 0.389909 -0.102675 -0.213681
v 0.399309 -0.106675 -0.193481
v 0.392109 -0.118575 -0.192581
v 0.372609 -0.110175 -0.232381
v 0.379609 -0.098275 -0.233481
v 0.393609 -0.089275 -0.212681
v 0.402909 -0.093275 -0.192581
v 0.383409 -0.084875 -0.232381
v 0.361509 -0.105475 -0.251381
v 0.368509 -0.093475 -0.252581
v 0.372209 -0.080175 -0.251381
v -0.026391 0.059925 -0.395581
v -0.020891 0.072525 -0.393481
v -0.038791 0.080125 -0.391081
v -0.044391 0.067625 -0.393181
v -0.008391 0.052225 -0.397081
v -0.002891 0.064825 -0.394881
v -0.015691 0.085225 -0.395581
v -0.033691 0.092925 -0.393181
v 0.002409 0.077525 -0.397081
v -0.062291 0.075225 -0.389781
v -0.051491 0.100525 -0.389781
v -0.056491 0.087725 -0.387681
v 0.336709 -0.094875 -0.287681
v 0.343609 -0.082875 -0.288981
v 0.356509 -0.088375 -0.271181
v 0.349509 -0.100375 -0.269881
v 0.323209 -0.089075 -0.304781
v 0.330009 -0.077075 -0.306181
v 0.347509 -0.069575 -0.287681
v 0.360309 -0.075075 -0.269881
v 0.334009 -0.063875 -0.304781
v 0.308909 -0.082975 -0.321081
v 0.315609 -0.070975 -0.322581
v 0.319609 -0.057775 -0.321081
v -0.097491 0.090225 -0.380181
v -0.091491 0.102625 -0.378181
v -0.108591 0.109925 -0.372081
v -0.114691 0.097525 -0.374081
v -0.079991 0.082825 -0.385481
v -0.074091 0.095225 -0.383381
v -0.086691 0.115525 -0.380181
v -0.103891 0.122825 -0.374081
v -0.069191 0.108025 -0.385481
v -0.131591 0.104825 -0.366981
v -0.120791 0.130025 -0.366981
v -0.125491 0.117125 -0.364981
v 0.278109 -0.069875 -0.351381
v 0.284709 -0.057775 -0.353081
v 0.300509 -0.064575 -0.338281
v 0.293809 -0.076575 -0.336681
v 0.261709 -0.062975 -0.365281
v 0.268309 -0.050775 -0.366981
v 0.288909 -0.044575 -0.351381
v 0.304609 -0.051275 -0.336681
v 0.272509 -0.037675 -0.365281
v 0.244809 -0.055675 -0.378281
v 0.251209 -0.043475 -0.380081
v 0.255509 -0.030375 -0.378281
v -0.164391 0.118725 -0.350081
v -0.158091 0.131025 -0.348181
v -0.173791 0.137725 -0.338581
v -0.180191 0.125525 -0.340381
v -0.148191 0.111825 -0.358981
v -0.141991 0.124125 -0.357081
v -0.153591 0.144025 -0.350081
v -0.169391 0.150725 -0.340381
v -0.137391 0.137125 -0.358981
v -0.195491 0.132025 -0.329881
v -0.184691 0.157325 -0.329881
v -0.188991 0.144225 -0.328081
v 0.209209 -0.040475 -0.401481
v 0.215509 -0.028275 -0.403381
v 0.233609 -0.035975 -0.392181
v 0.227209 -0.048175 -0.390381
v 0.190609 -0.032575 -0.411581
v 0.196809 -0.020275 -0.413581
v 0.219909 -0.015275 -0.401481
v 0.238009 -0.022975 -0.390381
v 0.201409 -0.007275 -0.411581
v 0.171609 -0.024475 -0.420781
v 0.177809 -0.012175 -0.422781
v 0.182409 0.000825 -0.420781
v -0.224591 0.144425 -0.306381
v -0.217991 0.156525 -0.304681
v -0.231591 0.162325 -0.291881
v -0.238291 0.150325 -0.293481
v -0.210291 0.138325 -0.318481
v -0.203691 0.150525 -0.316781
v -0.213791 0.169725 -0.306381
v -0.227491 0.175525 -0.293481
v -0.199491 0.163625 -0.318481
v -0.251391 0.155925 -0.279881
v -0.240691 0.181125 -0.279881
v -0.244691 0.167925 -0.278381
v 0.132509 -0.007875 -0.435981
v 0.138509 0.004525 -0.437981
v 0.158309 -0.003875 -0.430881
v 0.152309 -0.016275 -0.428881
v 0.112509 0.000725 -0.441981
v 0.118409 0.013125 -0.444081
v 0.143309 0.017425 -0.435981
v 0.163009 0.009025 -0.428881
v 0.123309 0.025925 -0.441981
v 0.092309 0.009325 -0.446981
v 0.098109 0.021825 -0.449081
v 0.103109 0.034625 -0.446981
v -0.275791 0.166225 -0.250681
v -0.268891 0.178225 -0.249381
v -0.279991 0.183025 -0.233881
v -0.286891 0.171025 -0.235181
v -0.263891 0.161225 -0.265581
v -0.257091 0.173225 -0.264181
v -0.264991 0.191525 -0.250681
v -0.276191 0.196325 -0.235181
v -0.253191 0.186525 -0.265581
v -0.297391 0.175425 -0.219081
v -0.286591 0.200725 -0.219081
v -0.290391 0.187425 -0.217881
v 0.051209 0.026825 -0.453581
v 0.056809 0.039425 -0.455681
v 0.077509 0.030525 -0.452881
v 0.071809 0.018025 -0.450781
v 0.030509 0.035625 -0.455181
v 0.036009 0.048225 -0.457381
v 0.062009 0.052125 -0.453581
v 0.082609 0.043325 -0.450781
v 0.041309 0.060925 -0.455181
v 0.009809 0.044525 -0.455781
v 0.015209 0.057125 -0.457881
v 0.020509 0.069825 -0.455781
v -0.315991 0.183425 -0.185281
v -0.308891 0.195325 -0.184281
v -0.316991 0.198825 -0.166681
v -0.324191 0.186925 -0.167681
v -0.307091 0.179625 -0.202381
v -0.299991 0.191525 -0.201281
v -0.305191 0.208725 -0.185281
v -0.313391 0.212125 -0.167681
v -0.296291 0.204925 -0.202381
v -0.331491 0.190025 -0.149581
v -0.320691 0.215325 -0.149581
v -0.324291 0.201925 -0.148781
v -0.031691 0.062225 -0.453581
v -0.026491 0.074925 -0.455681
v -0.005691 0.066025 -0.457381
v -0.010991 0.053325 -0.455181
v -0.052291 0.070925 -0.450781
v -0.047191 0.083725 -0.452881
v -0.020891 0.087425 -0.453581
v -0.000191 0.078625 -0.455181
v -0.041491 0.096225 -0.450781
v -0.072791 0.079725 -0.446981
v -0.067791 0.092525 -0.449081
v -0.061991 0.105025 -0.446981
v -0.343691 0.195225 -0.112481
v -0.336491 0.207025 -0.111881
v -0.341291 0.209125 -0.092981
v -0.348591 0.197325 -0.093481
v -0.337991 0.192825 -0.131181
v -0.330791 0.204625 -0.130481
v -0.332991 0.220525 -0.112481
v -0.337791 0.222625 -0.093481
v -0.327291 0.218125 -0.131181
v -0.352491 0.199025 -0.074281
v -0.341791 0.224225 -0.074281
v -0.345191 0.210825 -0.073881
v -0.112991 0.096825 -0.435981
v -0.108191 0.109725 -0.437981
v -0.088091 0.101225 -0.444081
v -0.092991 0.088325 -0.441981
v -0.132691 0.105225 -0.428881
v -0.127991 0.118225 -0.430881
v -0.102191 0.122125 -0.435981
v -0.082191 0.113625 -0.441981
v -0.121991 0.130525 -0.428881
v -0.152091 0.113525 -0.420781
v -0.147491 0.126525 -0.422781
v -0.141291 0.138825 -0.420781
v -0.357891 0.201225 -0.035281
v -0.350491 0.213025 -0.035081
v -0.351791 0.213625 -0.015581
v -0.359191 0.201825 -0.015681
v -0.355591 0.200325 -0.054881
v -0.348291 0.212125 -0.054581
v -0.347091 0.226525 -0.035281
v -0.348391 0.227125 -0.015681
v -0.344891 0.225625 -0.054881
v -0.359591 0.202025 0.004019
v -0.348891 0.227325 0.004019
v -0.352291 0.213825 0.004019
v -0.189591 0.129525 -0.401481
v -0.185191 0.142525 -0.403381
v -0.166491 0.134625 -0.413581
v -0.171091 0.121625 -0.411581
v -0.207691 0.137225 -0.390381
v -0.203291 0.150325 -0.392181
v -0.178891 0.154825 -0.401481
v -0.160291 0.146925 -0.411581
v -0.196891 0.162525 -0.390381
v -0.225191 0.144725 -0.378281
v -0.220891 0.157825 -0.380081
v -0.214491 0.170025 -0.378281
v -0.357891 0.201225 0.043419
v -0.350491 0.213025 0.043219
v -0.348291 0.212125 0.062619
v -0.355591 0.200325 0.063019
v -0.359191 0.201825 0.023719
v -0.351791 0.213625 0.023619
v -0.347091 0.226525 0.043419
v -0.344891 0.225625 0.063019
v -0.348391 0.227125 0.023719
v -0.352491 0.199025 0.082419
v -0.341791 0.224225 0.082419
v -0.345191 0.210825 0.082019
v -0.258591 0.158925 -0.351381
v -0.254391 0.172125 -0.353081
v -0.237991 0.165125 -0.366981
v -0.242191 0.151925 -0.365281
v -0.274291 0.165625 -0.336681
v -0.270191 0.178825 -0.338281
v -0.247791 0.184225 -0.351381
v -0.231391 0.177225 -0.365281
v -0.263491 0.190925 -0.336681
v -0.289291 0.172025 -0.321081
v -0.285291 0.185225 -0.322581
v -0.278591 0.197325 -0.321081
v -0.343691 0.195225 0.120619
v -0.336491 0.207025 0.120019
v -0.330791 0.204625 0.138619
v -0.337991 0.192825 0.139319
v -0.348591 0.197325 0.101619
v -0.341291 0.209125 0.101119
v -0.332991 0.220525 0.120619
v -0.327291 0.218125 0.139319
v -0.337791 0.222625 0.101619
v -0.331491 0.190025 0.157719
v -0.320691 0.215325 0.157719
v -0.324291 0.201925 0.156919
v -0.317191 0.183925 -0.287681
v -0.313291 0.197225 -0.288981
v -0.299691 0.191425 -0.306181
v -0.303691 0.178125 -0.304781
v -0.329991 0.189325 -0.269881
v -0.326191 0.202725 -0.271181
v -0.306391 0.209225 -0.287681
v -0.292891 0.203425 -0.304781
v -0.319191 0.214625 -0.269881
v -0.341891 0.194425 -0.251381
v -0.338191 0.207825 -0.252581
v -0.331191 0.219725 -0.251381
v -0.315991 0.183425 0.193319
v -0.308891 0.195325 0.192319
v -0.299991 0.191525 0.209419
v -0.307091 0.179625 0.210519
v -0.324191 0.186925 0.175719
v -0.316991 0.198825 0.174819
v -0.305191 0.208725 0.193319
v -0.296291 0.204925 0.210519
v -0.313391 0.212125 0.175719
v -0.297391 0.175425 0.227119
v -0.286591 0.200725 0.227119
v -0.290391 0.187425 0.226019
v 0.046009 0.029025 0.403719
v 0.051209 0.041825 0.401619
v 0.069109 0.034125 0.399219
v 0.064009 0.021425 0.401319
v 0.027909 0.036825 0.405119
v 0.033209 0.049425 0.403019
v 0.056709 0.054325 0.403719
v 0.074709 0.046725 0.401319
v 0.038709 0.062025 0.405119
v 0.081809 0.013825 0.397919
v 0.092609 0.039025 0.397919
v 0.086809 0.026625 0.395819
v -0.363291 0.203525 -0.212681
v -0.359591 0.216925 -0.213681
v -0.349291 0.212525 -0.233481
v -0.353091 0.199225 -0.232381
v -0.372591 0.207525 -0.192581
v -0.368991 0.220925 -0.193481
v -0.352491 0.228825 -0.212681
v -0.342291 0.224525 -0.232381
v -0.361791 0.232825 -0.192581
v -0.380991 0.211125 -0.171881
v -0.377491 0.224525 -0.172681
v -0.370291 0.236425 -0.171881
v -0.275791 0.166225 0.258819
v -0.268891 0.178225 0.257419
v -0.257091 0.173225 0.272319
v -0.263891 0.161225 0.273719
v -0.286891 0.171025 0.243319
v -0.279991 0.183025 0.242019
v -0.264991 0.191525 0.258819
v -0.253191 0.186525 0.273719
v -0.276191 0.196325 0.243319
v -0.251391 0.155925 0.288019
v -0.240691 0.181125 0.288019
v -0.244691 0.167925 0.286519
v 0.117009 -0.001175 0.388319
v 0.121809 0.011625 0.386319
v 0.138909 0.004325 0.380119
v 0.134209 -0.008575 0.382119
v 0.099509 0.006225 0.393619
v 0.104409 0.019125 0.391519
v 0.127809 0.024025 0.388319
v 0.145009 0.016725 0.382119
v 0.110309 0.031525 0.393619
v 0.151109 -0.015775 0.375019
v 0.161909 0.009525 0.375019
v 0.155809 -0.002775 0.373119
v -0.394991 0.217125 -0.129381
v -0.391491 0.230525 -0.130081
v -0.384991 0.227725 -0.151581
v -0.388491 0.214325 -0.150881
v -0.400591 0.219425 -0.107681
v -0.397091 0.232925 -0.108181
v -0.384191 0.242425 -0.129381
v -0.377691 0.239625 -0.150881
v -0.389791 0.244725 -0.107681
v -0.405091 0.221425 -0.085681
v -0.401591 0.234825 -0.086081
v -0.394291 0.246725 -0.085681
v -0.224591 0.144425 0.314519
v -0.217991 0.156525 0.312819
v -0.203691 0.150525 0.324919
v -0.210291 0.138325 0.326619
v -0.238291 0.150325 0.301619
v -0.231591 0.162325 0.300019
v -0.213791 0.169725 0.314519
v -0.199491 0.163625 0.326619
v -0.227491 0.175525 0.301619
v -0.195491 0.132025 0.337919
v -0.184691 0.157325 0.337919
v -0.188991 0.144225 0.336219
v 0.183909 -0.029775 0.358219
v 0.188409 -0.016675 0.356319
v 0.204109 -0.023375 0.346719
v 0.199709 -0.036475 0.348519
v 0.167709 -0.022875 0.367119
v 0.172309 -0.009875 0.365119
v 0.194709 -0.004475 0.358219
v 0.210509 -0.011175 0.348519
v 0.178509 0.002425 0.367119
v 0.215009 -0.042975 0.337919
v 0.225809 -0.017675 0.337919
v 0.219309 -0.029875 0.336219
v -0.411191 0.224025 -0.040981
v -0.407791 0.237425 -0.041181
v -0.405191 0.236425 -0.063681
v -0.408691 0.222925 -0.063381
v -0.412691 0.224625 -0.018481
v -0.409291 0.238125 -0.018581
v -0.400391 0.249325 -0.040981
v -0.397891 0.248225 -0.063381
v -0.401891 0.249925 -0.018481
v -0.413191 0.224825 0.004019
v -0.409791 0.238325 0.004019
v -0.402491 0.250125 0.004019
v -0.164391 0.118725 0.358219
v -0.158091 0.131025 0.356319
v -0.141991 0.124125 0.365119
v -0.148191 0.111825 0.367119
v -0.180191 0.125525 0.348519
v -0.173791 0.137725 0.346719
v -0.153591 0.144025 0.358219
v -0.137391 0.137125 0.367119
v -0.169391 0.150725 0.348519
v -0.131591 0.104825 0.375019
v -0.120791 0.130025 0.375019
v -0.125491 0.117125 0.373119
v 0.244109 -0.055375 0.314519
v 0.248309 -0.042275 0.312819
v 0.261909 -0.048075 0.300019
v 0.257809 -0.061275 0.301619
v 0.229809 -0.049275 0.326619
v 0.234009 -0.036175 0.324919
v 0.254909 -0.030075 0.314519
v 0.268609 -0.035975 0.301619
v 0.240609 -0.024075 0.326619
v 0.271009 -0.066875 0.288019
v 0.281709 -0.041575 0.288019
v 0.275009 -0.053675 0.286519
v -0.411191 0.224025 0.049119
v -0.407791 0.237425 0.049319
v -0.409291 0.238125 0.026719
v -0.412691 0.224625 0.026619
v -0.408691 0.222925 0.071519
v -0.405191 0.236425 0.071819
v -0.400391 0.249325 0.049119
v -0.401891 0.249925 0.026619
v -0.397891 0.248225 0.071519
v -0.097491 0.090225 0.388319
v -0.091491 0.102625 0.386319
v -0.074091 0.095225 0.391519
v -0.079991 0.082825 0.393619
v -0.114691 0.097525 0.382119
v -0.108591 0.109925 0.380119
v -0.086691 0.115525 0.388319
v -0.069191 0.108025 0.393619
v -0.103891 0.122825 0.382119
v 0.295309 -0.077275 0.258819
v 0.299209 -0.063975 0.257419
v 0.310309 -0.068675 0.242019
v 0.306509 -0.081975 0.243319
v 0.283509 -0.072175 0.273719
v 0.287409 -0.058975 0.272319
v 0.306109 -0.051975 0.258819
v 0.317209 -0.056675 0.243319
v 0.294209 -0.046875 0.273719
v 0.022409 0.047625 0.412919
v -0.049491 0.078425 0.405219
v -0.118591 0.107925 0.382419
v -0.182291 0.135225 0.345419
v -0.238191 0.159125 0.295519
v -0.283991 0.178725 0.234819
v -0.318091 0.193325 0.165519
v -0.338991 0.202225 0.090319
v -0.346091 0.205325 0.012119
v -0.338991 0.202225 -0.066081
v -0.318091 0.193325 -0.141281
v -0.283991 0.178725 -0.210581
v -0.238191 0.159125 -0.271381
v -0.182291 0.135225 -0.321181
v -0.118591 0.107925 -0.358281
v -0.049491 0.078425 -0.381081
v 0.022409 0.047625 -0.388781
v 0.094309 0.016825 -0.381081
v 0.163509 -0.012675 -0.358281
v 0.227209 -0.039975 -0.321181
v 0.283009 -0.063875 -0.271381
v 0.328909 -0.083475 -0.210581
v 0.362909 -0.098075 -0.141281
v 0.383909 -0.106975 -0.066081
v 0.391009 -0.110075 0.012119
v 0.383909 -0.106975 0.090319
v 0.362909 -0.098075 0.165519
v 0.328909 -0.083475 0.234819
v 0.283009 -0.063875 0.295519
v 0.094309 0.016825 0.405219
v 0.227209 -0.039975 0.345419
v 0.163509 -0.012675 0.382419
v 0.332209 -0.227875 -0.066081
v 0.285609 -0.247075 -0.059081
v 0.292009 -0.249875 0.012119
v 0.339209 -0.230975 0.012119
v 0.111709 -0.133575 -0.358281
v 0.175509 -0.160875 -0.321181
v -0.029291 -0.073275 0.412919
v 0.042609 -0.103975 0.405219
v -0.289891 0.038225 0.295519
v -0.335691 0.057825 0.234819
v 0.042609 -0.103975 -0.381081
v 0.111709 -0.133575 0.382419
v -0.234091 0.014325 0.345419
v -0.029291 -0.073275 -0.388781
v 0.175509 -0.160875 0.345419
v -0.170291 -0.012875 0.382419
v -0.101191 -0.042475 -0.381081
v 0.231309 -0.184775 0.295519
v -0.101191 -0.042475 0.405219
v -0.170291 -0.012875 -0.358281
v 0.277109 -0.204375 0.234819
v -0.234091 0.014325 -0.321181
v 0.311209 -0.218975 0.165519
v -0.289891 0.038225 -0.271381
v 0.332209 -0.227875 0.090319
v -0.335691 0.057825 -0.210581
v -0.369791 0.072425 -0.141281
v -0.390791 0.081425 -0.066081
v 0.311209 -0.218975 -0.141281
v -0.397791 0.084425 0.012119
v 0.277109 -0.204375 -0.210581
v -0.390791 0.081425 0.090319
v 0.231309 -0.184775 -0.271381
v -0.369791 0.072425 0.165519
v 0.193809 -0.207775 -0.245981
v 0.205409 -0.233875 -0.266881
v 0.250509 -0.253175 -0.207081
v 0.235509 -0.225675 -0.190681
v -0.372491 0.034425 -0.059081
v -0.353391 0.026325 -0.127581
v 0.266509 -0.238975 -0.127581
v -0.378891 0.037225 0.012119
v -0.372491 0.034425 0.083219
v -0.353391 0.026325 0.151719
v 0.142909 -0.186075 -0.291281
v -0.322391 0.013025 0.214819
v 0.084909 -0.161275 -0.325081
v 0.022009 -0.134375 0.370019
v -0.043391 -0.106375 0.377019
v -0.280691 -0.004875 0.270119
v 0.022009 -0.134375 -0.345781
v 0.084909 -0.161275 0.349219
v -0.229791 -0.026575 0.315519
v -0.043391 -0.106375 -0.352781
v 0.142909 -0.186075 0.315519
v -0.171791 -0.051375 0.349219
v -0.108891 -0.078275 -0.345781
v 0.193809 -0.207775 0.270119
v -0.108891 -0.078275 0.370019
v -0.171791 -0.051375 -0.325081
v 0.235509 -0.225675 0.214819
v -0.229791 -0.026575 -0.291281
v 0.266509 -0.238975 0.151719
v -0.280691 -0.004875 -0.245981
v 0.285609 -0.247075 0.083219
v -0.322391 0.013025 -0.190681
v 0.087709 -0.183475 -0.352381
v 0.019709 -0.154375 -0.374781
v -0.039891 -0.293775 -0.374781
v 0.028109 -0.322875 -0.352381
v -0.386091 0.019225 0.163019
v -0.406791 0.028025 0.089019
v 0.150409 -0.210375 -0.315881
v -0.352591 0.004825 0.231219
v 0.019709 -0.154375 0.398919
v -0.051091 -0.124175 0.406519
v -0.307491 -0.014475 0.291019
v 0.087709 -0.183475 0.376519
v -0.252591 -0.037975 0.340019
v -0.051091 -0.124175 -0.382381
v 0.150409 -0.210375 0.340019
v -0.189891 -0.064775 0.376519
v -0.121791 -0.093875 -0.374781
v 0.205409 -0.233875 0.291019
v -0.121791 -0.093875 0.398919
v -0.189891 -0.064775 -0.352381
v 0.250509 -0.253175 0.231219
v -0.252591 -0.037975 -0.315881
v 0.284009 -0.267475 0.163019
v -0.307491 -0.014475 -0.266881
v 0.304609 -0.276275 0.089019
v -0.352591 0.004825 -0.207081
v 0.311609 -0.279275 0.012119
v -0.386091 0.019225 -0.138881
v 0.304609 -0.276275 -0.064881
v -0.406791 0.028025 -0.064881
v 0.284009 -0.267475 -0.138881
v -0.413691 0.031025 0.012119
v -0.249491 -0.204175 -0.352381
v -0.250991 -0.248875 -0.313381
v -0.190291 -0.274875 -0.333381
v -0.181491 -0.233275 -0.374781
v 0.028109 -0.322875 0.376519
v -0.039891 -0.293775 0.398919
v -0.312191 -0.177275 0.340019
v -0.367091 -0.153775 0.291019
v -0.110691 -0.263475 -0.382381
v 0.090809 -0.349675 0.340019
v -0.249491 -0.204175 0.376519
v 0.145709 -0.373275 0.291019
v -0.181491 -0.233275 0.398919
v 0.190809 -0.392575 0.231219
v -0.110691 -0.263475 0.406519
v -0.312191 -0.177275 -0.315881
v 0.224409 -0.406875 0.163019
v -0.367091 -0.153775 -0.266881
v 0.245009 -0.415675 0.089019
v -0.412191 -0.134475 -0.207081
v 0.252009 -0.418675 0.012119
v -0.445791 -0.120175 -0.138881
v 0.245009 -0.415675 -0.064881
v -0.466391 -0.111375 -0.064881
v 0.224409 -0.406875 -0.138881
v -0.473391 -0.108375 0.012119
v 0.190809 -0.392575 -0.207081
v -0.466391 -0.111375 0.089019
v 0.145709 -0.373275 -0.266881
v -0.445791 -0.120175 0.163019
v 0.090809 -0.349675 -0.315881
v -0.412191 -0.134475 0.231219
v -0.396391 -0.186675 -0.183581
v -0.447191 -0.218375 -0.206481
v -0.402191 -0.237575 -0.266081
v -0.356091 -0.203875 -0.236981
v 0.142209 -0.417075 0.207819
v 0.101909 -0.399875 0.261119
v -0.190291 -0.274875 0.357619
v -0.127091 -0.301875 0.364319
v -0.306991 -0.224875 -0.280781
v 0.172109 -0.429875 0.146919
v 0.190509 -0.437775 0.080819
v 0.196809 -0.440375 0.012119
v -0.426291 -0.173875 -0.122681
v 0.190509 -0.437775 -0.056681
v -0.444691 -0.165975 -0.056681
v 0.172109 -0.429875 -0.122681
v -0.450991 -0.163275 0.012119
v 0.142209 -0.417075 -0.183581
v -0.444691 -0.165975 0.080819
v 0.101909 -0.399875 -0.236981
v -0.426291 -0.173875 0.146919
v 0.052809 -0.378875 -0.280781
v -0.396391 -0.186675 0.207819
v -0.003191 -0.354875 -0.313381
v -0.063891 -0.328875 0.357619
v -0.356091 -0.203875 0.261119
v -0.063891 -0.328875 -0.333381
v -0.003191 -0.354875 0.337519
v -0.306991 -0.224875 0.305019
v -0.127091 -0.301875 -0.340181
v 0.052809 -0.378875 0.305019
v -0.250991 -0.248875 0.337519
v -0.567091 -0.329975 0.012119
v -0.560091 -0.332975 -0.064681
v -0.501191 -0.195275 -0.064681
v -0.508091 -0.192275 0.012119
v 0.208309 -0.498775 0.088819
v 0.215309 -0.501775 0.012119
v -0.480591 -0.204075 -0.138481
v 0.208309 -0.498775 -0.064681
v 0.187809 -0.489975 -0.138481
v 0.154309 -0.475675 -0.206481
v -0.501191 -0.195275 0.088819
v 0.109309 -0.456475 -0.266081
v -0.480591 -0.204075 0.162619
v 0.054509 -0.432975 -0.315081
v -0.447191 -0.218375 0.230619
v -0.007991 -0.406275 -0.351381
v -0.075891 -0.377175 0.397919
v -0.146391 -0.347075 0.405519
v -0.402191 -0.237575 0.290319
v -0.075891 -0.377175 -0.373781
v -0.007991 -0.406275 0.375519
v -0.347391 -0.261075 0.339219
v -0.146391 -0.347075 -0.381381
v 0.054509 -0.432975 0.339219
v -0.284891 -0.287775 0.375519
v -0.216991 -0.316875 -0.373781
v 0.109309 -0.456475 0.290319
v -0.216991 -0.316875 0.397919
v -0.284891 -0.287775 -0.351381
v 0.154309 -0.475675 0.230619
v -0.347391 -0.261075 -0.315081
v 0.187809 -0.489975 0.162619
v -0.506091 -0.356075 0.230619
v -0.490091 -0.435975 0.200019
v -0.519391 -0.425275 0.141519
v -0.539491 -0.341775 0.162619
v 0.095409 -0.613375 -0.206481
v 0.128809 -0.627675 -0.138481
v -0.560091 -0.332975 0.088819
v 0.050409 -0.594175 -0.266081
v -0.004391 -0.570675 -0.315081
v -0.066891 -0.543975 -0.351381
v -0.134791 -0.514975 0.397919
v -0.205291 -0.484775 0.405519
v -0.461091 -0.375275 0.290319
v -0.134791 -0.514975 -0.373781
v -0.066891 -0.543975 0.375519
v -0.406291 -0.398775 0.339219
v -0.205291 -0.484775 -0.381381
v -0.004391 -0.570675 0.339219
v -0.343791 -0.425475 0.375519
v -0.275891 -0.454575 -0.373781
v 0.050409 -0.594175 0.290319
v -0.275891 -0.454575 0.397919
v -0.343791 -0.425475 -0.351381
v 0.095409 -0.613375 0.230619
v -0.406291 -0.398775 -0.315081
v 0.128809 -0.627675 0.162619
v -0.461091 -0.375275 -0.266081
v 0.149409 -0.636475 0.088819
v -0.506091 -0.356075 -0.206481
v 0.156409 -0.639475 0.012119
v -0.539491 -0.341775 -0.138481
v 0.149409 -0.636475 -0.064681
v -0.598791 -0.440075 -0.063881
v -0.577991 -0.447775 -0.136981
v -0.519391 -0.425275 -0.117381
v -0.537491 -0.418675 -0.053881
v -0.104391 -0.577475 -0.300481
v -0.049391 -0.597575 -0.269281
v -0.163991 -0.555575 0.343919
v -0.225891 -0.532875 0.350419
v -0.450591 -0.450475 0.251319
v -0.163991 -0.555575 -0.319781
v -0.104391 -0.577475 0.324719
v -0.402391 -0.468175 0.293419
v -0.225891 -0.532875 -0.326281
v -0.049391 -0.597575 0.293419
v -0.347491 -0.488275 0.324719
v -0.287891 -0.510175 -0.319781
v -0.001291 -0.615175 0.251319
v -0.287891 -0.510175 0.343919
v -0.347491 -0.488275 -0.300481
v 0.038209 -0.629675 0.200019
v -0.402391 -0.468175 -0.269281
v 0.067609 -0.640475 0.141519
v -0.450591 -0.450475 -0.227181
v 0.085609 -0.647075 0.078119
v -0.490091 -0.435975 -0.175881
v 0.091709 -0.649275 0.012119
v 0.085609 -0.647075 -0.053881
v 0.067609 -0.640475 -0.117381
v -0.543591 -0.416375 0.012119
v 0.038209 -0.629675 -0.175881
v -0.537491 -0.418675 0.078119
v -0.001291 -0.615175 -0.227181
v -0.577991 -0.447775 0.161119
v -0.626291 -0.579675 0.161119
v -0.647091 -0.571975 0.088019
v -0.598791 -0.440075 0.088019
v 0.097709 -0.695475 -0.136981
v 0.118509 -0.703075 -0.063881
v -0.605791 -0.437475 0.012119
v 0.063909 -0.683075 -0.204281
v 0.018409 -0.666375 -0.263281
v -0.036991 -0.646075 -0.311781
v -0.544191 -0.460075 0.228419
v -0.100191 -0.622875 -0.347781
v -0.168791 -0.597775 0.394119
v -0.240091 -0.571575 0.401519
v -0.498691 -0.476775 0.287519
v -0.168791 -0.597775 -0.369881
v -0.100191 -0.622875 0.371919
v -0.443291 -0.497075 0.335919
v -0.240091 -0.571575 -0.377381
v -0.036991 -0.646075 0.335919
v -0.380091 -0.520275 0.371919
v -0.311491 -0.545475 -0.369881
v 0.018409 -0.666375 0.287519
v -0.311491 -0.545475 0.394119
v -0.380091 -0.520275 -0.347781
v 0.063909 -0.683075 0.228419
v -0.443291 -0.497075 -0.311781
v 0.097709 -0.695475 0.161119
v -0.498691 -0.476775 -0.263281
v 0.118509 -0.703075 0.088019
v -0.544191 -0.460075 -0.204281
v 0.125609 -0.705675 0.012119
v -0.534691 -0.691175 0.247919
v -0.547091 -0.608675 0.287519
v -0.491691 -0.629075 0.335919
v -0.486291 -0.705775 0.289319
v -0.085291 -0.777975 -0.311781
v -0.029891 -0.798275 -0.263281
v -0.592491 -0.592075 0.228419
v -0.148591 -0.754775 -0.347781
v -0.217191 -0.729675 0.394119
v -0.288491 -0.703475 0.401519
v -0.217191 -0.729675 -0.369881
v -0.148591 -0.754775 0.371919
v -0.288491 -0.703475 -0.377381
v -0.085291 -0.777975 0.335919
v -0.428391 -0.652175 0.371919
v -0.359791 -0.677375 -0.369881
v -0.029891 -0.798275 0.287519
v -0.359791 -0.677375 0.394119
v -0.428391 -0.652175 -0.347781
v 0.015609 -0.814975 0.228419
v -0.491691 -0.629075 -0.311781
v 0.049409 -0.827375 0.161119
v -0.547091 -0.608675 -0.263281
v 0.070209 -0.834975 0.088019
v -0.592491 -0.592075 -0.204281
v 0.077209 -0.837575 0.012119
v -0.626291 -0.579675 -0.136981
v 0.070209 -0.834975 -0.063881
v -0.647091 -0.571975 -0.063881
v 0.049409 -0.827375 -0.136981
v -0.654191 -0.569475 0.012119
v 0.015609 -0.814975 -0.204281
v -0.320291 -0.797075 0.389219
v -0.390791 -0.775775 0.382019
v -0.371191 -0.740475 0.339119
v -0.308891 -0.759275 0.345519
v -0.308891 -0.759275 -0.321381
v -0.246591 -0.777975 -0.314981
v -0.131491 -0.812675 0.289319
v -0.186691 -0.796075 0.320119
v -0.431091 -0.722375 0.320119
v -0.371191 -0.740475 -0.314981
v -0.083191 -0.827275 0.247919
v -0.431091 -0.722375 -0.295981
v -0.043491 -0.839275 0.197319
v -0.486291 -0.705775 -0.265181
v -0.013991 -0.848175 0.139719
v -0.534691 -0.691175 -0.223681
v 0.004209 -0.853575 0.077119
v -0.574391 -0.679275 -0.173181
v 0.010409 -0.855475 0.012119
v -0.603891 -0.670375 -0.115481
v 0.004209 -0.853575 -0.052981
v -0.622091 -0.664875 -0.052981
v -0.013991 -0.848175 -0.115481
v -0.628191 -0.662975 0.012119
v -0.043491 -0.839275 -0.173181
v -0.622091 -0.664875 0.077119
v -0.083191 -0.827275 -0.223681
v -0.603891 -0.670375 0.139719
v -0.131491 -0.812675 -0.265181
v -0.574391 -0.679275 0.197319
v -0.186691 -0.796075 -0.295981
v -0.246591 -0.777975 0.339119
v -0.653891 -0.696475 -0.132281
v -0.691191 -0.820175 -0.132281
v -0.657791 -0.830275 -0.197481
v -0.620591 -0.706575 -0.197481
v -0.520891 -0.736575 -0.301481
v -0.458491 -0.755375 -0.336381
v -0.020091 -0.887575 0.221619
v 0.013309 -0.897575 0.156419
v -0.575691 -0.720075 -0.254581
v 0.033809 -0.903775 0.085619
v 0.040809 -0.905875 0.012119
v 0.033809 -0.903775 -0.061481
v -0.674491 -0.690275 -0.061481
v 0.013309 -0.897575 -0.132281
v -0.681391 -0.688175 0.012119
v -0.020091 -0.887575 -0.197481
v -0.674491 -0.690275 0.085619
v -0.064991 -0.873975 -0.254581
v -0.653891 -0.696475 0.156419
v -0.119691 -0.857475 -0.301481
v -0.620591 -0.706575 0.221619
v -0.182091 -0.838675 -0.336381
v -0.249891 -0.818275 0.382019
v -0.575691 -0.720075 0.278719
v -0.249891 -0.818275 -0.357781
v -0.182091 -0.838675 0.360519
v -0.520891 -0.736575 0.325619
v -0.320291 -0.797075 -0.365081
v -0.119691 -0.857475 0.325619
v -0.458491 -0.755375 0.360519
v -0.390791 -0.775775 -0.357781
v -0.064991 -0.873975 0.278719
v -0.679791 -0.899575 0.012119
v -0.718691 -0.811875 0.012119
v -0.711791 -0.813975 0.085619
v -0.673891 -0.900875 0.073619
v -0.003391 -1.027475 -0.061481
v 0.003509 -1.029575 0.012119
v -0.711791 -0.813975 -0.061481
v -0.023991 -1.021275 -0.132281
v -0.057391 -1.011175 -0.197481
v -0.102291 -0.997675 -0.254581
v -0.691191 -0.820175 0.156419
v -0.156991 -0.981175 -0.301481
v -0.657791 -0.830275 0.221619
v -0.219391 -0.962375 -0.336381
v -0.357591 -0.920775 0.389219
v -0.287191 -0.941975 0.382019
v -0.612891 -0.843775 0.278719
v -0.287191 -0.941975 -0.357781
v -0.219391 -0.962375 0.360519
v -0.558191 -0.860275 0.325619
v -0.357591 -0.920775 -0.365081
v -0.156991 -0.981175 0.325619
v -0.495791 -0.879075 0.360519
v -0.427991 -0.899475 -0.357781
v -0.102291 -0.997675 0.278719
v -0.427991 -0.899475 0.382019
v -0.495791 -0.879075 -0.336381
v -0.057391 -1.011175 0.221619
v -0.558191 -0.860275 -0.301481
v -0.023991 -1.021275 0.156419
v -0.612891 -0.843775 -0.254581
v -0.003391 -1.027475 0.085619
v -0.371291 -0.966075 0.327719
v -0.311091 -0.979075 0.321619
v -0.314091 -1.038675 0.369719
v -0.383691 -1.023675 0.376719
v -0.153091 -1.013175 -0.211081
v -0.114691 -1.021375 -0.163281
v -0.656291 -0.904675 0.132819
v -0.199891 -1.003075 -0.250381
v -0.627791 -0.910775 0.187419
v -0.253191 -0.991575 -0.279481
v -0.589391 -0.919075 0.235219
v -0.311091 -0.979075 -0.297481
v -0.253191 -0.991575 0.303619
v -0.542691 -0.929175 0.274519
v -0.371291 -0.966075 -0.303481
v -0.199891 -1.003075 0.274519
v -0.489291 -0.940675 0.303619
v -0.431491 -0.953175 -0.297481
v -0.153091 -1.013175 0.235219
v -0.431491 -0.953175 0.321619
v -0.489291 -0.940675 -0.279481
v -0.114691 -1.021375 0.187419
v -0.542691 -0.929175 -0.250381
v -0.086191 -1.027575 0.132819
v -0.589391 -0.919075 -0.211081
v -0.068691 -1.031375 0.073619
v -0.627791 -0.910775 -0.163281
v -0.062791 -1.032575 0.012119
v -0.656291 -0.904675 -0.108681
v -0.068691 -1.031375 -0.049481
v -0.673891 -0.900875 -0.049481
v -0.086191 -1.027575 -0.108681
v -0.131591 -1.077975 0.269919
v -0.158791 -1.203975 0.269919
v -0.212791 -1.192375 0.315319
v -0.185591 -1.066375 0.315319
v -0.635791 -0.969275 0.269919
v -0.680091 -0.959775 0.214719
v -0.314091 -1.038675 -0.345581
v -0.247291 -1.053075 -0.324881
v -0.247291 -1.053075 0.349019
v -0.581691 -0.980975 0.315319
v -0.383691 -1.023675 -0.352581
v -0.520091 -0.994275 0.349019
v -0.453191 -1.008675 -0.345581
v -0.453191 -1.008675 0.369719
v -0.520091 -0.994275 -0.324881
v -0.087291 -1.087575 0.214719
v -0.581691 -0.980975 -0.291181
v -0.054291 -1.094675 0.151619
v -0.635791 -0.969275 -0.245781
v -0.033991 -1.099075 0.083219
v -0.680091 -0.959775 -0.190481
v -0.027191 -1.100575 0.012119
v -0.712991 -0.952675 -0.127481
v -0.033991 -1.099075 -0.059081
v -0.733291 -0.948275 -0.059081
v -0.054291 -1.094675 -0.127481
v -0.740191 -0.946775 0.012119
v -0.087291 -1.087575 -0.190481
v -0.733291 -0.948275 0.083219
v -0.131591 -1.077975 -0.245781
v -0.712991 -0.952675 0.151619
v -0.185591 -1.066375 -0.291181
v -0.120991 -1.226675 0.071719
v -0.138091 -1.223675 0.129019
v -0.081491 -1.220675 0.151619
v -0.061191 -1.224975 0.083219
v -0.480391 -1.134675 0.369719
v -0.547291 -1.120175 0.349019
v -0.547291 -1.120175 -0.324881
v -0.480391 -1.134675 -0.345581
v -0.114391 -1.213575 0.214719
v -0.410791 -1.149675 0.376719
v -0.608891 -1.106875 -0.291181
v -0.662891 -1.095275 -0.245781
v -0.707291 -1.085675 -0.190481
v -0.054291 -1.226475 0.012119
v -0.740191 -1.078575 -0.127481
v -0.061191 -1.224975 -0.059081
v -0.760491 -1.074275 -0.059081
v -0.081491 -1.220675 -0.127481
v -0.767291 -1.072775 0.012119
v -0.114391 -1.213575 -0.190481
v -0.760491 -1.074275 0.083219
v -0.158791 -1.203975 -0.245781
v -0.740191 -1.078575 0.151619
v -0.212791 -1.192375 -0.291181
v -0.707291 -1.085675 0.214719
v -0.274391 -1.179075 -0.324881
v -0.341291 -1.164575 0.369719
v -0.662891 -1.095275 0.269919
v -0.341291 -1.164575 -0.345581
v -0.274391 -1.179075 0.349019
v -0.608891 -1.106875 0.315319
v -0.410791 -1.149675 -0.352581
v -0.138091 -1.223675 -0.104881
v -0.098191 -1.264575 -0.124081
v -0.078291 -1.268075 -0.057381
v -0.120991 -1.226675 -0.047581
v -0.666791 -1.131975 -0.157781
v -0.629391 -1.138475 -0.204081
v -0.115191 -1.227675 0.012119
v -0.694691 -1.127175 -0.104881
v -0.711791 -1.124175 -0.047581
v -0.717591 -1.123175 0.012119
v -0.165991 -1.218875 -0.157781
v -0.711791 -1.124175 0.071719
v -0.203391 -1.212375 -0.204081
v -0.694691 -1.127175 0.129019
v -0.249091 -1.204475 -0.242081
v -0.666791 -1.131975 0.181919
v -0.301091 -1.195375 -0.270381
v -0.357591 -1.185575 0.311919
v -0.416391 -1.175375 0.317719
v -0.629391 -1.138475 0.228219
v -0.357591 -1.185575 -0.287781
v -0.301091 -1.195375 0.294519
v -0.583691 -1.146375 0.266219
v -0.416391 -1.175375 -0.293581
v -0.249091 -1.204475 0.266219
v -0.531691 -1.155475 0.294519
v -0.475191 -1.165275 -0.287781
v -0.203391 -1.212375 0.228219
v -0.475191 -1.165275 0.311919
v -0.531691 -1.155475 -0.270381
v -0.165991 -1.218875 0.181919
v -0.583691 -1.146375 -0.242081
v -0.227391 -1.242175 -0.283781
v -0.248991 -1.367175 -0.283781
v -0.195891 -1.376375 -0.239481
v -0.174191 -1.251475 -0.239481
v -0.772691 -1.147675 0.012119
v -0.765991 -1.148775 -0.057381
v -0.130591 -1.258975 -0.185581
v -0.765991 -1.148775 0.081519
v -0.745991 -1.152275 0.148219
v -0.713591 -1.157875 0.209719
v -0.287991 -1.231675 -0.316681
v -0.353691 -1.220275 0.361019
v -0.422091 -1.208475 0.367919
v -0.669991 -1.165475 0.263719
v -0.353691 -1.220275 -0.336881
v -0.287991 -1.231675 0.340819
v -0.616891 -1.174675 0.307919
v -0.422091 -1.208475 -0.343781
v -0.227391 -1.242175 0.307919
v -0.556291 -1.185175 0.340819
v -0.490491 -1.196575 -0.336881
v -0.174191 -1.251475 0.263719
v -0.490491 -1.196575 0.361019
v -0.556291 -1.185175 -0.316681
v -0.130591 -1.258975 0.209719
v -0.616891 -1.174675 -0.283781
v -0.098191 -1.264575 0.148219
v -0.669991 -1.165475 -0.239481
v -0.078291 -1.268075 0.081519
v -0.713591 -1.157875 -0.185581
v -0.071491 -1.269275 0.012119
v -0.745991 -1.152275 -0.124081
v -0.443791 -1.333375 -0.343781
v -0.452191 -1.382075 -0.297981
v -0.391891 -1.385575 -0.291981
v -0.375391 -1.345175 -0.336881
v -0.735291 -1.282775 0.209719
v -0.767691 -1.277175 0.148219
v -0.309591 -1.356575 -0.316681
v -0.375391 -1.345175 0.361019
v -0.443791 -1.333375 0.367919
v -0.691691 -1.290375 0.263719
v -0.309591 -1.356575 0.340819
v -0.638591 -1.299575 0.307919
v -0.248991 -1.367175 0.307919
v -0.577891 -1.310075 0.340819
v -0.512191 -1.321475 -0.336881
v -0.195891 -1.376375 0.263719
v -0.512191 -1.321475 0.361019
v -0.577891 -1.310075 -0.316681
v -0.152291 -1.383875 0.209719
v -0.638591 -1.299575 -0.283781
v -0.119891 -1.389475 0.148219
v -0.691691 -1.290375 -0.239481
v -0.099891 -1.392975 0.081519
v -0.735291 -1.282775 -0.185581
v -0.093191 -1.394175 0.012119
v -0.767691 -1.277175 -0.124081
v -0.099891 -1.392975 -0.057381
v -0.787591 -1.273775 -0.057381
v -0.119891 -1.389475 -0.124081
v -0.794391 -1.272575 0.012119
v -0.152291 -1.383875 -0.185581
v -0.787591 -1.273775 0.081519
v -0.624191 -1.372375 -0.245681
v -0.648291 -1.394675 -0.279781
v -0.587691 -1.398075 -0.312181
v -0.570691 -1.375375 -0.274381
v -0.280291 -1.391875 0.269919
v -0.333791 -1.388875 0.298519
v -0.570691 -1.375375 0.298519
v -0.624191 -1.372375 0.269919
v -0.512591 -1.378675 -0.291981
v -0.233391 -1.394575 0.231319
v -0.512591 -1.378675 0.316219
v -0.194891 -1.396775 0.184319
v -0.452191 -1.382075 0.322119
v -0.166291 -1.398375 0.130719
v -0.671091 -1.369675 -0.207181
v -0.148591 -1.399375 0.072519
v -0.709591 -1.367475 -0.160181
v -0.142691 -1.399775 0.012119
v -0.738191 -1.365875 -0.106581
v -0.148591 -1.399375 -0.048381
v -0.755791 -1.364875 -0.048381
v -0.166291 -1.398375 -0.106581
v -0.761791 -1.364475 0.012119
v -0.194891 -1.396775 -0.160181
v -0.755791 -1.364875 0.072519
v -0.233391 -1.394575 -0.207181
v -0.738191 -1.365875 0.130719
v -0.280291 -1.391875 -0.245681
v -0.709591 -1.367475 0.184319
v -0.333791 -1.388875 -0.274381
v -0.391891 -1.385575 0.316219
v -0.671091 -1.369675 0.231319
v -0.777391 -1.387275 -0.122281
v -0.784391 -1.510275 -0.122281
v -0.751991 -1.512175 -0.182981
v -0.744991 -1.389175 -0.182981
v -0.162191 -1.422375 0.207119
v -0.129791 -1.424175 0.146419
v -0.701391 -1.391675 -0.236181
v -0.109891 -1.425275 0.080519
v -0.103091 -1.425675 0.012119
v -0.109891 -1.425275 -0.056381
v -0.797291 -1.386175 -0.056381
v -0.129791 -1.424175 -0.122281
v -0.803991 -1.385775 0.012119
v -0.162191 -1.422375 -0.182981
v -0.797291 -1.386175 0.080519
v -0.205791 -1.419875 -0.236181
v -0.777391 -1.387275 0.146419
v -0.258891 -1.416875 -0.279781
v -0.744991 -1.389175 0.207119
v -0.319491 -1.413375 -0.312181
v -0.385191 -1.409675 0.356319
v -0.453591 -1.405775 0.363119
v -0.701391 -1.391675 0.260319
v -0.385191 -1.409675 -0.332181
v -0.319491 -1.413375 0.336419
v -0.648291 -1.394675 0.303919
v -0.453591 -1.405775 -0.338981
v -0.258891 -1.416875 0.303919
v -0.587691 -1.398075 0.336419
v -0.521991 -1.401875 -0.332181
v -0.205791 -1.419875 0.260319
v -0.521991 -1.401875 0.356319
v -0.804291 -1.509175 0.080519
v -0.768791 -1.564175 0.073019
v -0.774791 -1.564175 0.012119
v -0.811091 -1.508775 0.012119
v -0.116891 -1.548275 -0.056381
v -0.110091 -1.548675 0.012119
v -0.804291 -1.509175 -0.056381
v -0.136791 -1.547175 -0.122281
v -0.169191 -1.545375 -0.182981
v -0.212791 -1.542875 -0.236181
v -0.784391 -1.510275 0.146419
v -0.265891 -1.539875 -0.279781
v -0.751991 -1.512175 0.207119
v -0.326491 -1.536375 -0.312181
v -0.460591 -1.528775 0.363119
v -0.392191 -1.532675 0.356319
v -0.708391 -1.514675 0.260319
v -0.392191 -1.532675 -0.332181
v -0.326491 -1.536375 0.336419
v -0.655291 -1.517675 0.303919
v -0.460591 -1.528775 -0.338981
v -0.265891 -1.539875 0.303919
v -0.594691 -1.521075 0.336419
v -0.528991 -1.524875 -0.332181
v -0.212791 -1.542875 0.260319
v -0.528991 -1.524875 0.356319
v -0.594691 -1.521075 -0.312181
v -0.169191 -1.545375 0.207119
v -0.655291 -1.517675 -0.279781
v -0.136791 -1.547175 0.146419
v -0.708391 -1.514675 -0.236181
v -0.116891 -1.548275 0.080519
v -0.654191 -1.598075 -0.274481
v -0.594591 -1.598275 -0.306281
v -0.582091 -1.564675 -0.276281
v -0.636091 -1.564575 -0.247481
v -0.241891 -1.565575 -0.208681
v -0.203091 -1.565675 -0.161381
v -0.750991 -1.564275 0.131519
v -0.289191 -1.565375 -0.247481
v -0.722191 -1.564275 0.185519
v -0.343191 -1.565275 -0.276281
v -0.401791 -1.565175 0.318219
v -0.462691 -1.564975 0.324219
v -0.683391 -1.564375 0.232819
v -0.401791 -1.565175 -0.294081
v -0.343191 -1.565275 0.300519
v -0.636091 -1.564575 0.271619
v -0.462691 -1.564975 -0.300081
v -0.289191 -1.565375 0.271619
v -0.582091 -1.564675 0.300519
v -0.523591 -1.564775 -0.294081
v -0.241891 -1.565575 0.232819
v -0.523591 -1.564775 0.318219
v -0.203091 -1.565675 0.185519
v -0.174291 -1.565675 0.131519
v -0.683391 -1.564375 -0.208681
v -0.156491 -1.565775 0.073019
v -0.722191 -1.564275 -0.161381
v -0.150491 -1.565775 0.012119
v -0.750991 -1.564275 -0.107381
v -0.156491 -1.565775 -0.048781
v -0.768791 -1.564175 -0.048781
v -0.174291 -1.565675 -0.107381
v -0.749291 -1.597875 -0.179381
v -0.781091 -1.597775 -0.119781
v -0.781391 -1.663375 -0.119781
v -0.749591 -1.663475 -0.179381
v -0.144291 -1.599375 0.143919
v -0.176191 -1.599275 0.203519
v -0.706391 -1.597975 -0.231581
v -0.124691 -1.599475 0.079319
v -0.118091 -1.599475 0.012119
v -0.124691 -1.599475 -0.055181
v -0.800691 -1.597675 -0.055181
v -0.144291 -1.599375 -0.119781
v -0.807391 -1.597675 0.012119
v -0.176191 -1.599275 -0.179381
v -0.800691 -1.597675 0.079319
v -0.219091 -1.599175 -0.231581
v -0.781091 -1.597775 0.143919
v -0.271291 -1.599075 -0.274481
v -0.749291 -1.597875 0.203519
v -0.330891 -1.598875 -0.306281
v -0.395491 -1.598775 0.350119
v -0.462691 -1.598575 0.356719
v -0.706391 -1.597975 0.255719
v -0.395491 -1.598775 -0.325881
v -0.330891 -1.598875 0.330519
v -0.654191 -1.598075 0.298619
v -0.462691 -1.598575 -0.332581
v -0.271291 -1.599075 0.298619
v -0.594591 -1.598275 0.330519
v -0.529991 -1.598375 -0.325881
v -0.219091 -1.599175 0.255719
v -0.529991 -1.598375 0.350119
v -0.395791 -1.664375 0.350119
v -0.331091 -1.664575 0.330519
v -0.271591 -1.664675 0.298619
v -0.219291 -1.664875 0.255719
v -0.176491 -1.664975 0.203519
v -0.144591 -1.665075 0.143919
v -0.124991 -1.665075 0.079319
v -0.118391 -1.665075 0.012119
v -0.124991 -1.665075 -0.055181
v -0.144591 -1.665075 -0.119781
v -0.176491 -1.664975 -0.179381
v -0.219291 -1.664875 -0.231581
v -0.271591 -1.664675 -0.274481
v -0.331091 -1.664575 -0.306281
v -0.395791 -1.664375 -0.325881
v -0.462991 -1.664275 -0.332581
v -0.530291 -1.664075 -0.325881
v -0.594891 -1.663875 -0.306281
v -0.654491 -1.663775 -0.274481
v -0.706691 -1.663575 -0.231581
v -0.800991 -1.663375 -0.055181
v -0.807691 -1.663375 0.012119
v -0.800991 -1.663375 0.079319
v -0.781391 -1.663375 0.143919
v -0.749591 -1.663475 0.203519
v -0.706691 -1.663575 0.255719
v -0.654491 -1.663775 0.298619
v -0.594891 -1.663875 0.330519
v -0.530291 -1.664075 0.350119
v -0.462991 -1.664275 0.356719
v -0.464291 -1.906675 0.497919
v -0.557791 -1.906675 0.488719
v -0.647691 -1.906675 0.461419
v -0.730591 -1.906675 0.417119
v -0.803191 -1.906675 0.357519
v -0.862891 -1.906675 0.284919
v -0.907091 -1.906675 0.202019
v -0.934391 -1.906675 0.112119
v -0.943591 -1.906675 0.018619
v -0.934391 -1.906675 -0.074981
v -0.907091 -1.906675 -0.164881
v -0.862891 -1.906675 -0.247681
v -0.803191 -1.906675 -0.320381
v -0.730591 -1.906675 -0.379981
v -0.647691 -1.906675 -0.424281
v -0.557791 -1.906675 -0.451581
v -0.464291 -1.906675 -0.460781
v -0.370791 -1.906675 -0.451581
v -0.280891 -1.906675 -0.424281
v -0.197991 -1.906675 -0.379981
v -0.125391 -1.906675 -0.320381
v -0.065691 -1.906675 -0.247681
v -0.021391 -1.906675 -0.164881
v 0.005809 -1.906675 -0.074981
v 0.015009 -1.906675 0.018619
v 0.005809 -1.906675 0.112119
v -0.021391 -1.906675 0.202019
v -0.065691 -1.906675 0.284919
v -0.125391 -1.906675 0.357519
v -0.370791 -1.906675 0.488719
v -0.197991 -1.906675 0.417119
v -0.280891 -1.906675 0.461419
v -0.969291 -1.928075 0.119019
v -0.969291 -2.028875 0.119019
v -0.979191 -2.028875 0.018619
v -0.979191 -1.928075 0.018619
v -0.661291 -1.928075 0.494219
v -0.750291 -1.928075 0.446719
v -0.564691 -1.928075 -0.486381
v -0.464291 -1.928075 -0.496281
v -0.100191 -1.928075 0.382619
v -0.178291 -1.928075 0.446719
v -0.564691 -1.928075 0.523519
v -0.661291 -1.928075 -0.457081
v -0.036191 -1.928075 0.304619
v -0.464291 -1.928075 0.533419
v -0.750291 -1.928075 -0.409481
v 0.011409 -1.928075 0.215619
v -0.828391 -1.928075 -0.345481
v 0.040709 -1.928075 0.119019
v -0.892391 -1.928075 -0.267481
v 0.050609 -1.928075 0.018619
v -0.939991 -1.928075 -0.178481
v 0.040709 -1.928075 -0.081881
v -0.969291 -1.928075 -0.081881
v 0.011409 -1.928075 -0.178481
v -0.036191 -1.928075 -0.267481
v -0.100191 -1.928075 -0.345481
v -0.939991 -1.928075 0.215619
v -0.178291 -1.928075 -0.409481
v -0.892391 -1.928075 0.304619
v -0.267291 -1.928075 -0.457081
v -0.363891 -1.928075 0.523519
v -0.828391 -1.928075 0.382619
v -0.363891 -1.928075 -0.486381
v -0.267291 -1.928075 0.494219
v -0.363891 -2.028875 0.523519
v -0.267291 -2.028875 0.494219
v -0.178291 -2.028875 0.446719
v -0.100191 -2.028875 0.382619
v -0.036191 -2.028875 0.304619
v 0.011409 -2.028875 0.215619
v 0.040709 -2.028875 0.119019
v 0.050609 -2.028875 0.018619
v 0.040709 -2.028875 -0.081881
v 0.011409 -2.028875 -0.178481
v -0.036191 -2.028875 -0.267481
v -0.100191 -2.028875 -0.345481
v -0.178291 -2.028875 -0.409481
v -0.267291 -2.028875 -0.457081
v -0.363891 -2.028875 -0.486381
v -0.464291 -2.028875 -0.496281
v -0.564691 -2.028875 -0.486381
v -0.661291 -2.028875 -0.457081
v -0.750291 -2.028875 -0.409481
v -0.828391 -2.028875 -0.345481
v -0.892391 -2.028875 -0.267481
v -0.939991 -2.028875 -0.178481
v -0.969291 -2.028875 -0.081881
v -0.939991 -2.028875 0.215619
v -0.892391 -2.028875 0.304619
v -0.828391 -2.028875 0.382619
v -0.750291 -2.028875 0.446719
v -0.661291 -2.028875 0.494219
v -0.564691 -2.028875 0.523519
v -0.464291 -2.028875 0.533419
v -0.463091 -1.728775 0.396319
v -0.536691 -1.728775 0.389019
v -0.607491 -1.728775 0.367619
v -0.672691 -1.728775 0.332719
v -0.729891 -1.728775 0.285819
v -0.776791 -1.728775 0.228619
v -0.811691 -1.728775 0.163319
v -0.833191 -1.728775 0.092519
v -0.840391 -1.728775 0.018919
v -0.833191 -1.728775 -0.054681
v -0.811691 -1.728775 -0.125481
v -0.776791 -1.728775 -0.190681
v -0.729891 -1.728775 -0.247881
v -0.672691 -1.728775 -0.294881
v -0.607491 -1.728775 -0.329681
v -0.536691 -1.728775 -0.351181
v -0.463091 -1.728775 -0.358381
v -0.389391 -1.728775 -0.351181
v -0.318591 -1.728775 -0.329681
v -0.253391 -1.728775 -0.294881
v -0.196191 -1.728775 -0.247881
v -0.149291 -1.728775 -0.190681
v -0.114391 -1.728775 -0.125481
v -0.092891 -1.728775 -0.054681
v -0.085691 -1.728775 0.018919
v -0.092891 -1.728775 0.092519
v -0.114391 -1.728775 0.163319
v -0.149291 -1.728775 0.228619
v -0.196191 -1.728775 0.285819
v -0.389391 -1.728775 0.389019
v -0.253391 -1.728775 0.332719
v -0.318591 -1.728775 0.367619
v -0.369991 -1.907975 0.486619
v -0.280591 -1.907975 0.459519
v -0.198091 -1.907975 0.415419
v -0.125891 -1.907975 0.356119
v -0.066591 -1.907975 0.283919
v -0.022491 -1.907975 0.201419
v 0.004609 -1.907975 0.112019
v 0.013809 -1.907975 0.018919
v 0.004609 -1.907975 -0.074081
v -0.022491 -1.907975 -0.163581
v -0.066591 -1.907975 -0.245981
v -0.125891 -1.907975 -0.318281
v -0.198091 -1.907975 -0.377581
v -0.280591 -1.907975 -0.421581
v -0.369991 -1.907975 -0.448781
v -0.463091 -1.907975 -0.457881
v -0.556091 -1.907975 -0.448781
v -0.645491 -1.907975 -0.421581
v -0.727991 -1.907975 -0.377581
v -0.800191 -1.907975 -0.318281
v -0.859591 -1.907975 -0.245981
v -0.903591 -1.907975 -0.163581
v -0.930791 -1.907975 -0.074081
v -0.939891 -1.907975 0.018919
v -0.930791 -1.907975 0.112019
v -0.903591 -1.907975 0.201419
v -0.859591 -1.907975 0.283919
v -0.800191 -1.907975 0.356119
v -0.727991 -1.907975 0.415419
v -0.645491 -1.907975 0.459519
v -0.556091 -1.907975 0.486619
v -0.463091 -1.907975 0.495819
v -0.463691 -1.664175 0.378819
v -0.533491 -1.664175 0.371919
v -0.600691 -1.664175 0.351519
v -0.662591 -1.664175 0.318419
v -0.716891 -1.664175 0.273919
v -0.761491 -1.664175 0.219619
v -0.794591 -1.664175 0.157719
v -0.814891 -1.664175 0.090519
v -0.821791 -1.664175 0.020619
v -0.814891 -1.664175 -0.049281
v -0.794591 -1.664175 -0.116481
v -0.761491 -1.664175 -0.178381
v -0.716891 -1.664175 -0.232681
v -0.662591 -1.664175 -0.277181
v -0.600691 -1.664175 -0.310281
v -0.533491 -1.664175 -0.330681
v -0.463691 -1.664175 -0.337581
v -0.393791 -1.664175 -0.330681
v -0.326591 -1.664175 -0.310281
v -0.264691 -1.664175 -0.277181
v -0.210391 -1.664175 -0.232681
v -0.165891 -1.664175 -0.178381
v -0.132791 -1.664175 -0.116481
v -0.112391 -1.664175 -0.049281
v -0.105491 -1.664175 0.020619
v -0.112391 -1.664175 0.090519
v -0.132791 -1.664175 0.157719
v -0.165891 -1.664175 0.219619
v -0.210391 -1.664175 0.273919
v -0.393791 -1.664175 0.371919
v -0.264691 -1.664175 0.318419
v -0.326591 -1.664175 0.351519
v -0.195891 -1.695075 0.288319
v -0.195891 -1.729875 0.288319
v -0.253291 -1.729875 0.335419
v -0.253291 -1.695075 0.335419
v -0.084991 -1.695075 0.020619
v -0.092291 -1.695075 -0.053281
v -0.834991 -1.695075 -0.053281
v -0.813491 -1.695075 -0.124281
v -0.113791 -1.695075 -0.124281
v -0.842291 -1.695075 0.020619
v -0.148791 -1.695075 -0.189781
v -0.834991 -1.695075 0.094519
v -0.195891 -1.695075 -0.247181
v -0.813491 -1.695075 0.165519
v -0.253291 -1.695075 -0.294181
v -0.778491 -1.695075 0.231019
v -0.318791 -1.695075 -0.329181
v -0.463691 -1.695075 0.399319
v -0.389791 -1.695075 0.392019
v -0.731391 -1.695075 0.288319
v -0.389791 -1.695075 -0.350781
v -0.318791 -1.695075 0.370419
v -0.673991 -1.695075 0.335419
v -0.463691 -1.695075 -0.358081
v -0.608591 -1.695075 0.370419
v -0.537491 -1.695075 -0.350781
v -0.537491 -1.695075 0.392019
v -0.608591 -1.695075 -0.329181
v -0.148791 -1.695075 0.231019
v -0.673991 -1.695075 -0.294181
v -0.113791 -1.695075 0.165519
v -0.731391 -1.695075 -0.247181
v -0.092291 -1.695075 0.094519
v -0.778491 -1.695075 -0.189781
v -0.389791 -1.729875 0.392019
v -0.318791 -1.729875 0.370419
v -0.148791 -1.729875 0.231019
v -0.113791 -1.729875 0.165519
v -0.092291 -1.729875 0.094519
v -0.084991 -1.729875 0.020619
v -0.092291 -1.729875 -0.053281
v -0.113791 -1.729875 -0.124281
v -0.148791 -1.729875 -0.189781
v -0.195891 -1.729875 -0.247181
v -0.253291 -1.729875 -0.294181
v -0.318791 -1.729875 -0.329181
v -0.389791 -1.729875 -0.350781
v -0.463691 -1.729875 -0.358081
v -0.537491 -1.729875 -0.350781
v -0.608591 -1.729875 -0.329181
v -0.673991 -1.729875 -0.294181
v -0.731391 -1.729875 -0.247181
v -0.778491 -1.729875 -0.189781
v -0.813491 -1.729875 -0.124281
v -0.834991 -1.729875 -0.053281
v -0.842291 -1.729875 0.020619
v -0.834991 -1.729875 0.094519
v -0.813491 -1.729875 0.165519
v -0.778491 -1.729875 0.231019
v -0.731391 -1.729875 0.288319
v -0.673991 -1.729875 0.335419
v -0.608591 -1.729875 0.370419
v -0.537491 -1.729875 0.392019
v -0.463691 -1.729875 0.399319
vn 0.3549 -0.0000 0.9349
vn 0.3550 -0.0000 0.9349
vn 0.1657 -0.0000 0.9862
vn -0.0299 -0.0000 0.9996
vn -0.2243 -0.0000 0.9745
vn -0.4102 -0.0000 0.9120
vn -0.4101 -0.0000 0.9120
vn -0.5801 -0.0000 0.8146
vn -0.5801 -0.0000 0.8145
vn -0.7279 -0.0000 0.6857
vn -0.8477 -0.0000 0.5305
vn -0.9349 -0.0000 0.3549
vn -0.9862 -0.0000 0.1657
vn -0.9996 -0.0000 -0.0299
vn -0.9745 -0.0000 -0.2243
vn -0.9121 -0.0000 -0.4101
vn -0.9120 -0.0000 -0.4101
vn -0.9121 -0.0000 -0.4100
vn -0.8145 -0.0000 -0.5801
vn -0.6857 -0.0000 -0.7279
vn -0.5305 -0.0000 -0.8477
vn -0.3549 -0.0000 -0.9349
vn -0.3550 -0.0000 -0.9349
vn -0.1657 -0.0000 -0.9862
vn -0.1658 -0.0000 -0.9862
vn 0.0299 -0.0000 -0.9996
vn 0.2243 -0.0000 -0.9745
vn 0.4101 -0.0000 -0.9120
vn 0.4101 -0.0000 -0.9121
vn 0.5801 -0.0000 -0.8145
vn 0.7279 -0.0000 -0.6857
vn 0.8477 -0.0000 -0.5305
vn 0.9349 -0.0000 -0.3549
vn 0.9349 -0.0000 -0.3550
vn 0.9862 -0.0000 -0.1657
vn 0.9862 -0.0000 -0.1655
vn 0.9862 -0.0000 -0.1656
vn 0.9996 -0.0000 0.0299
vn 0.9745 -0.0000 0.2243
vn 0.9121 -0.0000 0.4101
vn 0.9120 -0.0000 0.4101
vn 0.8145 -0.0000 0.5801
vn -0.8312 0.4607 0.3113
vn 0.6857 -0.0000 0.7279
vn 0.5306 -0.0000 0.8476
vn 0.5307 -0.0000 0.8476
vn 0.5305 -0.0000 0.8477
vn -0.0000 -1.0000 -0.0000
vn -0.0000 -1.0000 0.0003
vn -0.0000 -1.0000 -0.0002
vn -0.0000 -1.0000 0.0001
vn -0.0000 -1.0000 -0.0001
vn -0.0000 -1.0000 -0.0005
vn -0.0000 -1.0000 -0.0003
vn -0.0579 0.6232 0.7799
vn 0.0799 0.7021 -0.7075
vn 0.0799 0.7021 -0.7076
vn 0.0799 0.7022 -0.7075
vn 0.1629 0.9797 -0.1167
vn 0.1629 0.9797 -0.1166
vn -0.3330 0.4516 0.8277
vn -0.3331 0.4516 0.8277
vn -0.3329 0.4516 0.8278
vn -0.6770 0.4608 -0.5739
vn -0.6771 0.4608 -0.5738
vn -0.6770 0.4608 -0.5738
vn 0.1181 0.9930 -0.0099
vn 0.1180 0.9930 -0.0100
vn 0.4226 0.5301 0.7351
vn 0.5558 0.6037 0.5715
vn 0.5559 0.6037 0.5714
vn -0.8785 0.4584 0.1349
vn -0.8784 0.4584 0.1349
vn 0.2242 0.8074 -0.5457
vn 0.2240 0.8075 -0.5457
vn 0.2241 0.8075 -0.5457
vn 0.2940 0.9504 -0.1015
vn 0.2940 0.9504 -0.1014
vn -0.4980 0.4548 0.7383
vn -0.5216 0.4843 -0.7025
vn -0.5216 0.4843 -0.7024
vn 0.0647 0.9978 -0.0115
vn 0.0647 0.9978 -0.0116
vn 0.2446 0.4843 0.8400
vn 0.2447 0.4843 0.8400
vn -0.8892 0.4548 -0.0493
vn 0.2814 0.8946 -0.3473
vn 0.2814 0.8945 -0.3473
vn 0.2813 0.8945 -0.3473
vn 0.4467 0.8946 -0.0144
vn -0.6383 0.4584 0.6184
vn -0.3304 0.5301 -0.7809
vn 0.0482 0.9978 -0.0446
vn 0.0482 0.9978 -0.0445
vn 0.0483 0.9978 -0.0446
vn 0.0482 0.4608 0.8862
vn -0.8607 0.4517 -0.2348
vn -0.8607 0.4517 -0.2349
vn 0.2585 0.9504 -0.1730
vn 0.2584 0.9504 -0.1730
vn 0.2586 0.9504 -0.1730
vn 0.5702 0.8075 0.1511
vn 0.5708 0.8070 0.1517
vn 0.5703 0.8075 0.1510
vn -0.7503 0.4606 0.4742
vn -0.7503 0.4607 0.4742
vn -0.1194 0.6037 -0.7882
vn -0.1196 0.6037 -0.7882
vn -0.1195 0.6037 -0.7882
vn 0.0792 0.9930 -0.0881
vn 0.0792 0.9930 -0.0880
vn 0.0791 0.9930 -0.0881
vn -0.1484 0.4521 0.8795
vn -0.7905 0.4521 -0.4132
vn 0.1914 0.9797 -0.0593
vn 0.1914 0.9797 -0.0594
vn 0.6121 0.7021 0.3639
vn 0.6121 0.7021 0.3638
vn 0.6122 0.7021 0.3638
vn 0.8203 -0.4014 -0.4074
vn 0.8202 -0.4015 -0.4075
vn 0.8203 -0.4014 -0.4073
vn 0.8202 -0.4012 -0.4079
vn 0.8203 -0.4018 -0.4071
vn 0.8202 -0.4015 -0.4074
vn 0.8204 -0.4012 -0.4073
vn 0.8205 -0.4010 -0.4074
vn 0.8202 -0.4017 -0.4074
vn 0.8205 -0.4009 -0.4075
vn 0.8201 -0.4019 -0.4073
vn 0.8202 -0.4012 -0.4078
vn 0.8201 -0.4014 -0.4078
vn 0.8204 -0.4007 -0.4080
vn 0.8203 -0.4015 -0.4074
vn 0.8201 -0.4021 -0.4072
vn 0.8203 -0.4014 -0.4075
vn 0.8207 -0.4007 -0.4073
vn 0.8201 -0.4016 -0.4076
vn 0.8202 -0.4015 -0.4076
vn 0.8204 -0.4013 -0.4073
vn 0.9366 -0.1054 0.3341
vn 0.9366 -0.1054 0.3342
vn 0.9366 -0.1054 0.3343
vn 0.9366 -0.1055 0.3341
vn 0.2997 -0.1056 -0.9482
vn 0.2997 -0.1054 -0.9482
vn -0.1543 0.7313 0.6643
vn -0.1544 0.7314 0.6642
vn -0.1544 0.7313 0.6643
vn 0.5748 -0.0878 0.8136
vn 0.5751 -0.0880 0.8134
vn 0.8931 0.3342 -0.3010
vn 0.8931 0.3342 -0.3011
vn 0.8932 0.3341 -0.3010
vn -0.2405 0.8072 0.5390
vn -0.2406 0.8072 0.5390
vn 0.7743 0.6269 0.0856
vn 0.7744 0.6269 0.0857
vn 0.7742 0.6271 0.0856
vn -0.3184 0.8550 0.4093
vn -0.3184 0.8550 0.4094
vn -0.3185 0.8550 0.4093
vn 0.6106 0.7776 0.1501
vn -0.3901 0.8780 0.2774
vn -0.3901 0.8780 0.2772
vn 0.4801 0.8702 0.1103
vn 0.4802 0.8701 0.1105
vn 0.4802 0.8702 0.1105
vn -0.4567 0.8780 0.1432
vn 0.3773 0.9256 0.0288
vn 0.3774 0.9256 0.0288
vn 0.3773 0.9256 0.0287
vn -0.5186 0.8550 0.0065
vn -0.5186 0.8550 0.0064
vn 0.2976 0.9518 -0.0750
vn 0.2976 0.9517 -0.0748
vn 0.2975 0.9518 -0.0750
vn -0.5748 0.8072 -0.1341
vn -0.5748 0.8072 -0.1342
vn -0.5749 0.8072 -0.1341
vn 0.2395 0.9518 -0.1917
vn 0.2394 0.9518 -0.1919
vn -0.6226 0.7314 -0.2783
vn -0.6226 0.7314 -0.2784
vn 0.2052 0.9256 -0.3181
vn -0.6564 0.6232 -0.4251
vn -0.6564 0.6232 -0.4252
vn 0.2022 0.8702 -0.4493
vn 0.2021 0.8702 -0.4493
vn -0.6664 0.4793 -0.5711
vn -0.6664 0.4794 -0.5711
vn 0.3422 0.0998 0.9343
vn 0.3423 0.0999 0.9343
vn 0.3422 0.0999 0.9343
vn 0.2494 0.7775 -0.5773
vn 0.2494 0.7775 -0.5774
vn -0.6363 0.3009 -0.7104
vn -0.6363 0.3010 -0.7103
vn 0.1816 0.3010 0.9362
vn 0.1817 0.3009 0.9362
vn 0.1816 0.3009 0.9362
vn 0.3997 0.6270 -0.6687
vn 0.3996 0.6269 -0.6688
vn -0.5377 0.0998 -0.8372
vn -0.5379 0.1001 -0.8370
vn -0.5379 0.1000 -0.8371
vn 0.0525 0.4793 0.8761
vn 0.7795 0.3342 -0.5298
vn 0.7795 0.3343 -0.5297
vn 0.7796 0.3342 -0.5297
vn 0.7796 0.3343 -0.5297
vn -0.3010 -0.0878 -0.9496
vn -0.3008 -0.0879 -0.9496
vn -0.7148 -0.0000 0.6993
vn -0.7148 -0.0000 0.6994
vn -0.8375 -0.0000 0.5465
vn -0.8374 -0.0000 0.5466
vn -0.9280 -0.0000 0.3726
vn -0.9828 -0.0000 0.1844
vn -0.9999 -0.0000 -0.0109
vn -0.9786 -0.0000 -0.2058
vn -0.9197 -0.0000 -0.3926
vn -0.8253 -0.0000 -0.5646
vn -0.8254 -0.0000 -0.5646
vn -0.6993 -0.0000 -0.7148
vn -0.5465 -0.0000 -0.8375
vn -0.3726 -0.0000 -0.9280
vn -0.1844 -0.0000 -0.9828
vn 0.0109 -0.0000 -0.9999
vn 0.2058 -0.0000 -0.9786
vn 0.3927 -0.0000 -0.9197
vn 0.5646 -0.0000 -0.8254
vn 0.7148 -0.0000 -0.6994
vn 0.8375 -0.0000 -0.5465
vn 0.9280 -0.0000 -0.3726
vn 0.9828 -0.0000 -0.1844
vn 0.9999 -0.0000 0.0109
vn 0.9786 -0.0000 0.2058
vn 0.9196 -0.0000 0.3928
vn 0.8254 -0.0000 0.5646
vn 0.6993 -0.0000 0.7148
vn 0.5465 -0.0000 0.8375
vn 0.3726 -0.0000 0.9280
vn 0.1844 -0.0000 0.9829
vn -0.0109 -0.0000 0.9999
vn -0.2058 -0.0000 0.9786
vn -0.6179 0.4607 -0.6372
vn -0.6179 0.4606 -0.6372
vn -0.3928 -0.0000 0.9196
vn -0.5646 -0.0000 0.8254
vn -0.5645 -0.0000 0.8254
vn -0.0000 -1.0000 0.0002
vn -0.0000 -1.0000 0.0005
vn -0.7379 0.6232 0.2591
vn 0.6804 0.7021 -0.2099
vn 0.1720 0.9797 0.1027
vn 0.1721 0.9797 0.1026
vn -0.8918 0.4517 0.0260
vn 0.2550 0.4607 -0.8501
vn 0.0563 0.9930 0.1041
vn 0.0563 0.9930 0.1042
vn 0.0562 0.9930 0.1043
vn -0.5046 0.5300 0.6815
vn -0.5046 0.5300 0.6816
vn -0.5047 0.5300 0.6815
vn -0.3013 0.6037 0.7381
vn -0.3012 0.6037 0.7381
vn -0.4751 0.4584 -0.7511
vn 0.5897 0.8075 -0.0128
vn 0.5897 0.8075 -0.0129
vn 0.5897 0.8075 -0.0130
vn 0.2105 0.9504 0.2289
vn 0.2105 0.9504 0.2288
vn -0.8759 0.4548 -0.1609
vn -0.8759 0.4548 -0.1610
vn 0.4350 0.4843 -0.7591
vn 0.0364 0.9978 0.0547
vn -0.6720 0.4843 0.5603
vn -0.6720 0.4843 0.5602
vn -0.3106 0.4548 -0.8347
vn 0.4308 0.8946 0.1188
vn 0.4308 0.8946 0.1189
vn 0.1919 0.8946 0.4036
vn 0.1918 0.8946 0.4036
vn -0.8222 0.4583 -0.3376
vn -0.8222 0.4583 -0.3375
vn -0.8222 0.4584 -0.3375
vn 0.5835 0.5300 -0.6153
vn 0.5835 0.5301 -0.6153
vn 0.0602 0.9978 0.0264
vn 0.0602 0.9978 0.0263
vn -0.7929 0.4608 0.3987
vn -0.7929 0.4608 0.3988
vn -0.1292 0.4517 -0.8828
vn 0.2619 0.9504 0.1677
vn 0.2619 0.9504 0.1676
vn 0.0898 0.8075 0.5830
vn 0.0897 0.8075 0.5830
vn -0.7348 0.4606 -0.4978
vn -0.7349 0.4607 -0.4977
vn -0.7348 0.4606 -0.4979
vn 0.6745 0.6037 -0.4249
vn 0.6746 0.6037 -0.4248
vn 0.1124 0.9930 0.0374
vn 0.1125 0.9930 0.0374
vn -0.8654 0.4521 0.2160
vn 0.0624 0.4521 -0.8898
vn 0.1309 0.9797 0.1517
vn 0.1309 0.9797 0.1518
vn -0.0885 0.7021 0.7065
vn -0.0886 0.7021 0.7065
vn 0.7016 -0.4014 0.5887
vn 0.7018 -0.4010 0.5888
vn 0.7017 -0.4013 0.5887
vn 0.7016 -0.4010 0.5890
vn 0.7017 -0.4014 0.5887
vn 0.7021 -0.4002 0.5890
vn 0.7017 -0.4013 0.5888
vn 0.7018 -0.4014 0.5885
vn 0.7016 -0.4015 0.5887
vn 0.7014 -0.4012 0.5891
vn 0.7015 -0.4015 0.5888
vn 0.7016 -0.4014 0.5888
vn 0.7016 -0.4017 0.5885
vn 0.7014 -0.4017 0.5888
vn 0.7018 -0.4015 0.5885
vn 0.7018 -0.4013 0.5886
vn 0.0686 -0.1055 0.9921
vn 0.0686 -0.1054 0.9921
vn 0.9889 -0.1054 -0.1047
vn 0.9889 -0.1055 -0.1047
vn 0.9889 -0.1055 -0.1048
vn -0.6706 0.7313 0.1242
vn -0.6706 0.7314 0.1242
vn -0.5156 -0.0878 0.8523
vn -0.5157 -0.0878 0.8523
vn -0.5157 -0.0879 0.8522
vn -0.5157 -0.0879 0.8523
vn 0.6332 0.3342 0.6981
vn 0.6333 0.3342 0.6980
vn 0.6333 0.3341 0.6980
vn -0.5902 0.8072 -0.0047
vn 0.2314 0.6270 0.7439
vn 0.2313 0.6270 0.7439
vn 0.2313 0.6269 0.7440
vn 0.2313 0.6268 0.7440
vn -0.5025 0.8550 -0.1281
vn -0.5025 0.8551 -0.1281
vn -0.5025 0.8550 -0.1280
vn 0.1068 0.7775 0.6198
vn 0.1068 0.7775 0.6197
vn -0.4103 0.8780 -0.2465
vn -0.4102 0.8781 -0.2464
vn 0.0909 0.8702 0.4843
vn 0.0908 0.8702 0.4843
vn -0.3140 0.8780 -0.3612
vn -0.3139 0.8780 -0.3614
vn 0.1247 0.9256 0.3573
vn -0.2133 0.8550 -0.4727
vn -0.2134 0.8550 -0.4726
vn 0.1876 0.9518 0.2427
vn 0.1877 0.9518 0.2427
vn 0.1878 0.9518 0.2427
vn -0.1070 0.8072 -0.5805
vn -0.1071 0.8072 -0.5805
vn -0.1072 0.8073 -0.5804
vn -0.1071 0.8073 -0.5804
vn 0.2717 0.9517 0.1428
vn 0.2718 0.9517 0.1427
vn 0.0059 0.7314 -0.6819
vn 0.0058 0.7314 -0.6819
vn 0.0060 0.7314 -0.6820
vn 0.3735 0.9256 0.0608
vn 0.3736 0.9256 0.0607
vn 0.1270 0.6232 -0.7717
vn 0.1271 0.6232 -0.7717
vn 0.4927 0.8702 0.0055
vn 0.4926 0.8702 0.0055
vn 0.2568 0.4793 -0.8392
vn 0.2568 0.4794 -0.8392
vn 0.2567 0.4794 -0.8392
vn -0.7193 0.0998 0.6875
vn -0.7192 0.0999 0.6876
vn -0.7193 0.0999 0.6875
vn 0.6288 0.7775 -0.0024
vn 0.6289 0.7775 -0.0024
vn 0.6288 0.7776 -0.0025
vn 0.3964 0.3009 -0.8673
vn 0.3964 0.3010 -0.8673
vn -0.7853 0.3010 0.5410
vn 0.7728 0.6270 0.0987
vn 0.7728 0.6269 0.0987
vn 0.7726 0.6273 0.0981
vn 0.7729 0.6269 0.0985
vn 0.5522 0.0998 -0.8277
vn 0.5521 0.0998 -0.8278
vn -0.7819 0.4793 0.3986
vn 0.7974 0.3343 0.5024
vn 0.7974 0.3343 0.5023
vn 0.7498 -0.0878 -0.6558
vn 0.7498 -0.0878 -0.6559
vn 0.7495 -0.0877 -0.6561
vn -0.0602 -0.0000 0.9982
vn -0.2538 -0.0000 0.9673
vn -0.4376 -0.0000 0.8992
vn -0.6046 -0.0000 0.7966
vn -0.6043 -0.0000 0.7968
vn -0.6045 -0.0000 0.7966
vn -0.6047 -0.0000 0.7964
vn -0.7484 -0.0000 0.6632
vn -0.8634 -0.0000 0.5045
vn -0.9452 -0.0000 0.3264
vn -0.9907 -0.0000 0.1357
vn -0.9982 -0.0000 -0.0602
vn -0.9673 -0.0000 -0.2537
vn -0.8992 -0.0000 -0.4376
vn -0.7965 -0.0000 -0.6046
vn -0.6633 -0.0000 -0.7484
vn -0.5045 -0.0000 -0.8634
vn -0.3264 -0.0000 -0.9452
vn -0.3265 -0.0000 -0.9452
vn -0.1357 -0.0000 -0.9908
vn 0.0602 -0.0000 -0.9982
vn 0.2538 -0.0000 -0.9673
vn 0.4376 -0.0000 -0.8992
vn 0.6046 -0.0000 -0.7966
vn 0.6043 -0.0000 -0.7967
vn 0.6046 -0.0000 -0.7965
vn 0.6047 -0.0000 -0.7964
vn 0.7484 -0.0000 -0.6633
vn 0.7484 -0.0000 -0.6632
vn 0.8634 -0.0000 -0.5044
vn 0.8634 -0.0000 -0.5045
vn 0.9452 -0.0000 -0.3264
vn 0.9907 -0.0000 -0.1357
vn 0.9982 -0.0000 0.0602
vn 0.9673 -0.0000 0.2538
vn 0.8992 -0.0000 0.4376
vn 0.7966 -0.0000 0.6046
vn 0.7968 -0.0000 0.6042
vn 0.7965 -0.0000 0.6046
vn 0.6633 -0.0000 0.7484
vn 0.5044 -0.0000 0.8635
vn 0.5045 -0.0000 0.8634
vn 0.5042 -0.0000 0.8636
vn -0.8857 0.4606 -0.0575
vn -0.8857 0.4606 -0.0574
vn 0.3264 -0.0000 0.9452
vn 0.1357 -0.0000 0.9907
vn -0.3730 0.6232 0.6874
vn -0.3730 0.6231 0.6874
vn 0.3634 0.7020 -0.6124
vn 0.3634 0.7021 -0.6124
vn 0.1964 0.9797 -0.0395
vn 0.1964 0.9797 -0.0394
vn -0.6435 0.4517 0.6180
vn -0.6434 0.4517 0.6180
vn -0.3818 0.4608 -0.8012
vn 0.1117 0.9930 0.0393
vn 0.1117 0.9930 0.0395
vn 0.1117 0.9930 0.0396
vn 0.0836 0.5301 0.8438
vn 0.2723 0.6037 0.7493
vn 0.2724 0.6037 0.7493
vn -0.8564 0.4584 -0.2376
vn 0.4284 0.8075 -0.4054
vn 0.4284 0.8075 -0.4055
vn 0.3097 0.9504 0.0282
vn 0.3097 0.9504 0.0283
vn 0.3097 0.9504 0.0281
vn -0.7572 0.4548 0.4688
vn -0.1872 0.4843 -0.8547
vn -0.1872 0.4843 -0.8546
vn 0.0637 0.9978 0.0160
vn 0.0637 0.9978 0.0161
vn -0.1219 0.4843 0.8664
vn -0.7906 0.4548 -0.4100
vn 0.3991 0.8946 -0.2011
vn 0.3991 0.8946 -0.2012
vn 0.4131 0.8946 0.1703
vn 0.4132 0.8946 0.1703
vn -0.8359 0.4584 0.3018
vn 0.0194 0.5301 -0.8477
vn 0.0623 0.9978 -0.0209
vn 0.0623 0.9978 -0.0208
vn -0.3199 0.4608 0.8279
vn -0.3198 0.4608 0.8279
vn -0.6884 0.4517 -0.5675
vn 0.3067 0.9504 -0.0516
vn 0.3066 0.9504 -0.0517
vn 0.3068 0.9504 -0.0516
vn 0.4579 0.8075 0.3718
vn 0.4579 0.8075 0.3719
vn -0.8788 0.4606 0.1244
vn -0.8788 0.4606 0.1243
vn 0.2147 0.6037 -0.7678
vn 0.2146 0.6037 -0.7678
vn 0.2147 0.6037 -0.7677
vn 0.1084 0.9930 -0.0477
vn 0.1084 0.9930 -0.0476
vn 0.1085 0.9930 -0.0477
vn -0.4964 0.4521 0.7411
vn -0.5511 0.4521 -0.7013
vn -0.5512 0.4521 -0.7013
vn -0.5511 0.4521 -0.7014
vn 0.1989 0.9797 0.0244
vn 0.1989 0.9797 0.0245
vn 0.4088 0.7022 0.5830
vn 0.4087 0.7021 0.5831
vn 0.4087 0.7022 0.5831
vn 0.9152 -0.4014 -0.0348
vn 0.9152 -0.4015 -0.0343
vn 0.9152 -0.4014 -0.0349
vn 0.9152 -0.4016 -0.0347
vn 0.9153 -0.4011 -0.0351
vn 0.9151 -0.4017 -0.0348
vn 0.9155 -0.4007 -0.0348
vn 0.9152 -0.4015 -0.0348
vn 0.9153 -0.4012 -0.0349
vn 0.9153 -0.4013 -0.0349
vn 0.9153 -0.4013 -0.0351
vn 0.9152 -0.4015 -0.0347
vn 0.9151 -0.4016 -0.0349
vn 0.9153 -0.4012 -0.0350
vn 0.9153 -0.4014 -0.0348
vn 0.9152 -0.4016 -0.0348
vn 0.9154 -0.4011 -0.0349
vn 0.9154 -0.4009 -0.0349
vn 0.9153 -0.4013 -0.0347
vn 0.9151 -0.4017 -0.0351
vn 0.9153 -0.4013 -0.0348
vn 0.7168 -0.1056 0.6892
vn 0.7169 -0.1056 0.6892
vn 0.6626 -0.1055 -0.7415
vn -0.4136 0.7314 0.5422
vn -0.4136 0.7313 0.5423
vn 0.1901 -0.0877 0.9778
vn 0.1901 -0.0878 0.9778
vn 0.9380 0.3342 0.0922
vn 0.9380 0.3342 0.0921
vn -0.4406 0.8072 0.3928
vn 0.6709 0.6269 0.3960
vn 0.6710 0.6269 0.3959
vn -0.4584 0.8550 0.2424
vn 0.4952 0.7775 0.3876
vn 0.4952 0.7775 0.3877
vn -0.4695 0.8780 0.0928
vn -0.4695 0.8780 0.0929
vn 0.3925 0.8702 0.2978
vn 0.3926 0.8702 0.2979
vn -0.4752 0.8780 -0.0570
vn -0.4752 0.8780 -0.0569
vn 0.3323 0.9256 0.1811
vn 0.3323 0.9256 0.1812
vn -0.4755 0.8550 -0.2071
vn -0.4755 0.8550 -0.2070
vn 0.3021 0.9518 0.0538
vn 0.3021 0.9518 0.0537
vn 0.3021 0.9518 0.0540
vn -0.4691 0.8072 -0.3582
vn 0.2971 0.9518 -0.0765
vn 0.2971 0.9518 -0.0768
vn 0.2971 0.9518 -0.0767
vn -0.4535 0.7314 -0.5094
vn -0.4535 0.7313 -0.5094
vn 0.3176 0.9256 -0.2057
vn 0.3176 0.9256 -0.2058
vn -0.4239 0.6231 -0.6573
vn -0.4240 0.6232 -0.6571
vn -0.4240 0.6232 -0.6572
vn -0.4240 0.6231 -0.6572
vn 0.3687 0.8703 -0.3266
vn 0.3687 0.8702 -0.3268
vn -0.3731 0.4795 -0.7943
vn -0.3731 0.4794 -0.7943
vn -0.0715 0.0998 0.9924
vn 0.4644 0.7775 -0.4240
vn -0.2885 0.3010 -0.9090
vn -0.2885 0.3010 -0.9089
vn -0.2886 0.3010 -0.9089
vn -0.2188 0.3010 0.9282
vn -0.2189 0.3010 0.9282
vn 0.6390 0.6269 -0.4457
vn 0.6390 0.6269 -0.4458
vn 0.6391 0.6269 -0.4457
vn -0.1465 0.0998 -0.9842
vn -0.3118 0.4793 0.8204
vn -0.3118 0.4794 0.8204
vn -0.3118 0.4794 0.8203
vn 0.9283 0.3342 -0.1631
vn 0.9283 0.3341 -0.1630
vn 0.1154 -0.0878 -0.9894
vn 0.3579 0.9150 -0.1860
vn 0.3590 0.9147 -0.1856
vn 0.3652 0.9122 -0.1860
vn 0.3706 0.9095 -0.1881
vn 0.3774 0.9067 -0.1884
vn 0.3769 0.9070 -0.1879
vn 0.4020 0.8972 0.1828
vn 0.4020 0.8970 0.1836
vn 0.4069 0.8947 0.1840
vn 0.4133 0.8924 0.1808
vn 0.3966 0.8986 0.1877
vn 0.3950 0.8992 0.1881
vn 0.2344 0.7964 -0.5575
vn 0.2597 0.7856 -0.5616
vn 0.2597 0.7856 -0.5615
vn 0.2851 0.7748 -0.5643
vn 0.2850 0.7748 -0.5643
vn 0.3107 0.7639 -0.5657
vn 0.3107 0.7639 -0.5656
vn 0.3106 0.7639 -0.5657
vn 0.3818 0.9056 -0.1847
vn 0.3885 0.9028 -0.1847
vn 0.3820 0.9051 0.1869
vn 0.3826 0.9053 0.1845
vn 0.3361 0.7530 0.5657
vn 0.3363 0.7528 0.5659
vn 0.3362 0.7530 0.5657
vn 0.3617 0.7421 0.5643
vn 0.3871 0.7313 0.5616
vn 0.4122 0.7205 0.5577
vn 0.4124 0.7205 0.5575
vn 0.4123 0.7205 0.5576
vn 0.4120 0.7204 0.5580
vn 0.4189 0.8899 0.1807
vn 0.4190 0.8898 0.1811
vn 0.3529 0.9180 -0.1810
vn 0.3526 0.9180 -0.1815
vn -0.4110 -0.8924 -0.1862
vn -0.3997 -0.8974 -0.1871
vn -0.4037 -0.8956 -0.1870
vn -0.4110 -0.8924 -0.1860
vn -0.3622 -0.9133 0.1865
vn -0.3684 -0.9115 0.1831
vn -0.3678 -0.9119 0.1823
vn -0.3580 -0.9151 0.1857
vn -0.3914 -0.9018 -0.1831
vn -0.3977 -0.8986 -0.1856
vn -0.3726 -0.9090 0.1870
vn -0.3804 -0.9056 0.1875
vn -0.4124 -0.7205 -0.5575
vn -0.4125 -0.7205 -0.5575
vn -0.4125 -0.7204 -0.5575
vn -0.4158 -0.8906 -0.1844
vn -0.4211 -0.8880 -0.1848
vn -0.3541 -0.9168 0.1845
vn -0.3490 -0.9188 0.1844
vn -0.2343 -0.7966 0.5572
vn -0.2344 -0.7964 0.5575
vn -0.2343 -0.7966 0.5573
vn -0.2597 -0.7856 0.5616
vn -0.2849 -0.7750 0.5640
vn -0.2850 -0.7748 0.5643
vn -0.2851 -0.7748 0.5642
vn -0.2851 -0.7748 0.5643
vn -0.3106 -0.7639 0.5657
vn -0.3886 -0.9022 0.1870
vn -0.3882 -0.9029 0.1843
vn -0.3866 -0.9038 -0.1836
vn -0.3864 -0.9039 -0.1835
vn -0.3361 -0.7530 -0.5657
vn -0.3362 -0.7530 -0.5657
vn -0.3617 -0.7421 -0.5643
vn -0.3871 -0.7313 -0.5616
vn -0.3870 -0.7313 -0.5616
vn -0.4437 -0.8783 -0.1781
vn -0.4306 -0.8846 -0.1792
vn -0.4386 -0.8812 -0.1765
vn -0.4434 -0.8785 -0.1776
vn -0.3282 -0.9285 0.1737
vn -0.3364 -0.9250 0.1766
vn -0.3363 -0.9251 0.1764
vn -0.3282 -0.9285 0.1739
vn -0.4269 -0.8857 -0.1825
vn -0.4269 -0.8856 -0.1831
vn -0.3462 -0.9211 0.1779
vn -0.3426 -0.9226 0.1771
vn -0.5107 -0.6786 -0.5278
vn -0.5107 -0.6786 -0.5279
vn -0.4497 -0.8757 -0.1759
vn -0.4545 -0.8743 -0.1704
vn -0.3202 -0.9321 0.1692
vn -0.3187 -0.9327 0.1692
vn -0.1361 -0.8383 0.5279
vn -0.1601 -0.8281 0.5373
vn -0.1845 -0.8177 0.5453
vn -0.2092 -0.8071 0.5521
vn -0.2093 -0.8071 0.5521
vn -0.2091 -0.8071 0.5522
vn -0.4375 -0.7098 -0.5521
vn -0.4374 -0.7098 -0.5521
vn -0.4623 -0.6992 -0.5453
vn -0.4622 -0.6993 -0.5453
vn -0.4867 -0.6888 -0.5373
vn -0.4867 -0.6888 -0.5372
vn -0.4866 -0.6888 -0.5373
vn -0.4742 -0.8666 -0.1556
vn -0.4623 -0.8714 -0.1643
vn -0.4693 -0.8682 -0.1613
vn -0.4769 -0.8642 -0.1607
vn -0.2982 -0.9415 0.1570
vn -0.3073 -0.9376 0.1628
vn -0.3070 -0.9378 0.1624
vn -0.2984 -0.9413 0.1578
vn -0.4579 -0.8734 -0.1659
vn -0.4581 -0.8734 -0.1653
vn -0.3141 -0.9348 0.1657
vn -0.3140 -0.9349 0.1656
vn -0.6018 -0.6397 -0.4781
vn -0.4773 -0.8649 -0.1556
vn -0.4814 -0.8634 -0.1513
vn -0.2873 -0.9450 0.1560
vn -0.2885 -0.9447 0.1562
vn -0.0449 -0.8772 0.4781
vn -0.0449 -0.8771 0.4781
vn -0.0450 -0.8772 0.4781
vn -0.0668 -0.8678 0.4924
vn -0.0893 -0.8582 0.5055
vn -0.0893 -0.8582 0.5054
vn -0.1124 -0.8484 0.5173
vn -0.1125 -0.8484 0.5173
vn -0.1123 -0.8484 0.5173
vn -0.5343 -0.6685 -0.5173
vn -0.5574 -0.6587 -0.5054
vn -0.5799 -0.6491 -0.4923
vn -0.4999 -0.8546 -0.1406
vn -0.4928 -0.8576 -0.1473
vn -0.4965 -0.8560 -0.1441
vn -0.5027 -0.8534 -0.1376
vn -0.2701 -0.9523 0.1417
vn -0.2757 -0.9502 0.1453
vn -0.2753 -0.9502 0.1460
vn -0.2738 -0.9521 0.1361
vn -0.4856 -0.8617 -0.1471
vn -0.4843 -0.8622 -0.1488
vn -0.2822 -0.9469 0.1538
vn -0.2856 -0.9470 0.1474
vn -0.6823 -0.6054 -0.4099
vn -0.6822 -0.6054 -0.4100
vn -0.6823 -0.6054 -0.4098
vn -0.5084 -0.8509 -0.1322
vn -0.5084 -0.8509 -0.1326
vn -0.2654 -0.9546 0.1354
vn -0.2610 -0.9565 0.1307
vn 0.0355 -0.9115 0.4098
vn 0.0166 -0.9034 0.4285
vn -0.0031 -0.8950 0.4461
vn -0.0237 -0.8862 0.4626
vn -0.0237 -0.8863 0.4626
vn -0.6231 -0.6307 -0.4626
vn -0.6436 -0.6219 -0.4461
vn -0.6436 -0.6218 -0.4463
vn -0.6634 -0.6134 -0.4285
vn -0.6634 -0.6135 -0.4284
vn -0.6634 -0.6135 -0.4285
vn -0.5225 -0.8450 -0.1138
vn -0.5172 -0.8473 -0.1205
vn -0.5195 -0.8463 -0.1179
vn -0.5255 -0.8436 -0.1102
vn -0.2455 -0.9629 0.1118
vn -0.2501 -0.9608 0.1199
vn -0.2506 -0.9606 0.1198
vn -0.2460 -0.9628 0.1117
vn -0.5151 -0.8479 -0.1259
vn -0.5141 -0.8483 -0.1266
vn -0.2556 -0.9587 0.1246
vn -0.2587 -0.9574 0.1280
vn -0.7489 -0.5771 -0.3257
vn -0.7489 -0.5772 -0.3257
vn -0.7489 -0.5770 -0.3258
vn -0.5298 -0.8416 -0.1050
vn -0.5291 -0.8419 -0.1062
vn -0.2411 -0.9653 0.1002
vn -0.2445 -0.9645 0.0996
vn 0.1022 -0.9399 0.3258
vn 0.0869 -0.9334 0.3482
vn 0.0868 -0.9334 0.3481
vn 0.0708 -0.9265 0.3696
vn 0.0536 -0.9192 0.3901
vn 0.0536 -0.9192 0.3902
vn -0.7004 -0.5977 -0.3901
vn -0.7003 -0.5978 -0.3901
vn -0.7003 -0.5978 -0.3900
vn -0.7176 -0.5902 -0.3698
vn -0.7175 -0.5904 -0.3696
vn -0.7337 -0.5835 -0.3482
vn -0.7336 -0.5835 -0.3483
vn -0.7337 -0.5835 -0.3481
vn -0.5408 -0.8371 -0.0826
vn -0.5365 -0.8390 -0.0903
vn -0.5382 -0.8383 -0.0870
vn -0.5426 -0.8364 -0.0774
vn -0.2273 -0.9708 0.0771
vn -0.2329 -0.9684 0.0888
vn -0.2324 -0.9685 0.0896
vn -0.2328 -0.9694 0.0779
vn -0.5308 -0.8423 -0.0939
vn -0.5316 -0.8420 -0.0917
vn -0.2414 -0.9659 0.0933
vn -0.2410 -0.9659 0.0948
vn -0.7992 -0.5556 -0.2293
vn -0.7992 -0.5555 -0.2294
vn -0.5454 -0.8351 -0.0722
vn -0.5456 -0.8349 -0.0723
vn -0.2249 -0.9716 0.0730
vn -0.2254 -0.9716 0.0722
vn 0.1526 -0.9613 0.2293
vn 0.1527 -0.9613 0.2292
vn 0.1525 -0.9613 0.2293
vn 0.1415 -0.9567 0.2545
vn 0.1415 -0.9567 0.2544
vn 0.1295 -0.9515 0.2789
vn 0.1164 -0.9460 0.3027
vn -0.7631 -0.5709 -0.3027
vn -0.7763 -0.5654 -0.2789
vn -0.7763 -0.5653 -0.2789
vn -0.7883 -0.5602 -0.2544
vn -0.5493 -0.8344 -0.0456
vn -0.5501 -0.8331 -0.0579
vn -0.5505 -0.8333 -0.0504
vn -0.5514 -0.8332 -0.0420
vn -0.2170 -0.9751 0.0459
vn -0.2221 -0.9737 0.0507
vn -0.2215 -0.9739 0.0502
vn -0.2173 -0.9750 0.0465
vn -0.5489 -0.8334 -0.0642
vn -0.5490 -0.8334 -0.0638
vn -0.2279 -0.9717 0.0624
vn -0.2267 -0.9720 0.0613
vn -0.8312 -0.5420 -0.1240
vn -0.8312 -0.5419 -0.1240
vn -0.8312 -0.5419 -0.1239
vn -0.5545 -0.8313 -0.0376
vn -0.5546 -0.8312 -0.0384
vn -0.2156 -0.9758 0.0366
vn -0.2161 -0.9757 0.0367
vn 0.1845 -0.9750 0.1240
vn 0.1845 -0.9750 0.1242
vn 0.1783 -0.9723 0.1509
vn 0.1782 -0.9724 0.1508
vn 0.1708 -0.9692 0.1775
vn 0.1708 -0.9692 0.1773
vn 0.1622 -0.9655 0.2036
vn -0.8091 -0.5513 -0.2036
vn -0.8090 -0.5514 -0.2036
vn -0.8090 -0.5514 -0.2035
vn -0.8176 -0.5477 -0.1775
vn -0.8177 -0.5476 -0.1775
vn -0.8250 -0.5445 -0.1509
vn -0.8250 -0.5446 -0.1509
vn -0.8251 -0.5445 -0.1509
vn -0.5544 -0.8322 -0.0105
vn -0.5571 -0.8302 -0.0211
vn -0.5577 -0.8299 -0.0154
vn -0.5557 -0.8314 -0.0066
vn -0.2173 -0.9760 0.0111
vn -0.2115 -0.9772 0.0179
vn -0.2149 -0.9765 0.0183
vn -0.2177 -0.9760 0.0098
vn -0.5540 -0.8320 -0.0305
vn -0.5560 -0.8306 -0.0300
vn -0.2179 -0.9757 0.0245
vn -0.2177 -0.9757 0.0262
vn -0.8437 -0.5366 -0.0139
vn -0.8436 -0.5367 -0.0139
vn -0.8437 -0.5367 -0.0139
vn -0.5549 -0.8319 -0.0000
vn -0.2175 -0.9761 0.0001
vn -0.2174 -0.9761 -0.0000
vn 0.1970 -0.9803 0.0139
vn 0.1957 -0.9798 0.0416
vn 0.1932 -0.9787 0.0693
vn 0.1895 -0.9771 0.0967
vn -0.8362 -0.5398 -0.0967
vn -0.8362 -0.5398 -0.0966
vn -0.8400 -0.5382 -0.0692
vn -0.8425 -0.5371 -0.0416
vn -0.5573 -0.8299 0.0281
vn -0.5569 -0.8304 0.0152
vn -0.5575 -0.8299 0.0192
vn -0.5546 -0.8316 0.0309
vn -0.2180 -0.9756 -0.0248
vn -0.2115 -0.9772 -0.0180
vn -0.2149 -0.9765 -0.0182
vn -0.2176 -0.9757 -0.0262
vn -0.5547 -0.8320 0.0090
vn -0.5545 -0.8321 0.0083
vn -0.2173 -0.9760 -0.0112
vn -0.2177 -0.9760 -0.0097
vn -0.8362 -0.5398 0.0967
vn -0.5545 -0.8313 0.0377
vn -0.5546 -0.8312 0.0386
vn -0.2156 -0.9758 -0.0366
vn -0.2161 -0.9757 -0.0367
vn 0.1895 -0.9771 -0.0967
vn 0.1932 -0.9787 -0.0692
vn 0.1957 -0.9798 -0.0417
vn 0.1970 -0.9803 -0.0139
vn -0.8437 -0.5366 0.0139
vn -0.8425 -0.5371 0.0416
vn -0.8400 -0.5382 0.0692
vn -0.8401 -0.5381 0.0690
vn -0.5491 -0.8336 0.0605
vn -0.5505 -0.8333 0.0505
vn -0.5514 -0.8324 0.0557
vn -0.5472 -0.8344 0.0661
vn -0.2279 -0.9717 -0.0623
vn -0.2223 -0.9737 -0.0507
vn -0.2217 -0.9738 -0.0500
vn -0.2267 -0.9720 -0.0613
vn -0.5499 -0.8340 0.0440
vn -0.5498 -0.8342 0.0428
vn -0.2170 -0.9751 -0.0459
vn -0.2173 -0.9750 -0.0465
vn -0.8091 -0.5513 0.2036
vn -0.8090 -0.5514 0.2036
vn -0.5454 -0.8351 0.0722
vn -0.5455 -0.8350 0.0723
vn -0.2248 -0.9717 -0.0729
vn -0.2254 -0.9716 -0.0722
vn 0.1622 -0.9655 -0.2036
vn 0.1709 -0.9692 -0.1775
vn 0.1709 -0.9692 -0.1774
vn 0.1782 -0.9724 -0.1508
vn 0.1783 -0.9723 -0.1509
vn 0.1845 -0.9750 -0.1240
vn -0.8312 -0.5419 0.1240
vn -0.8250 -0.5446 0.1509
vn -0.8177 -0.5475 0.1775
vn -0.8177 -0.5476 0.1775
vn -0.8178 -0.5475 0.1775
vn -0.8177 -0.5477 0.1775
vn -0.5311 -0.8423 0.0921
vn -0.5382 -0.8384 0.0863
vn -0.5370 -0.8388 0.0898
vn -0.5300 -0.8423 0.0980
vn -0.2420 -0.9657 -0.0940
vn -0.2330 -0.9684 -0.0887
vn -0.2325 -0.9685 -0.0894
vn -0.2410 -0.9659 -0.0950
vn -0.5420 -0.8364 0.0814
vn -0.5420 -0.8365 0.0807
vn -0.2267 -0.9708 -0.0782
vn -0.2328 -0.9694 -0.0779
vn -0.7631 -0.5710 0.3027
vn -0.5295 -0.8418 0.1048
vn -0.5292 -0.8419 0.1057
vn -0.2410 -0.9653 -0.1003
vn -0.2439 -0.9647 -0.0994
vn 0.1164 -0.9459 -0.3027
vn 0.1164 -0.9460 -0.3027
vn 0.1295 -0.9515 -0.2789
vn 0.1295 -0.9516 -0.2789
vn 0.1415 -0.9567 -0.2544
vn 0.1525 -0.9613 -0.2294
vn 0.1525 -0.9613 -0.2293
vn -0.7992 -0.5556 0.2293
vn -0.7992 -0.5555 0.2294
vn -0.7883 -0.5602 0.2544
vn -0.7763 -0.5654 0.2789
vn -0.5158 -0.8477 0.1240
vn -0.5197 -0.8462 0.1175
vn -0.5175 -0.8472 0.1205
vn -0.5102 -0.8504 0.1283
vn -0.2571 -0.9580 -0.1268
vn -0.2506 -0.9605 -0.1206
vn -0.2509 -0.9606 -0.1200
vn -0.2572 -0.9581 -0.1264
vn -0.5239 -0.8443 0.1129
vn -0.5240 -0.8442 0.1126
vn -0.2454 -0.9630 -0.1117
vn -0.2459 -0.9628 -0.1116
vn -0.7004 -0.5977 0.3901
vn -0.7004 -0.5977 0.3902
vn -0.5084 -0.8509 0.1320
vn -0.5085 -0.8508 0.1324
vn -0.2617 -0.9559 -0.1332
vn -0.2614 -0.9561 -0.1325
vn 0.0536 -0.9192 -0.3901
vn 0.0536 -0.9192 -0.3902
vn 0.0708 -0.9265 -0.3696
vn 0.0869 -0.9334 -0.3481
vn 0.1022 -0.9399 -0.3258
vn -0.7489 -0.5770 0.3258
vn -0.7338 -0.5835 0.3481
vn -0.7337 -0.5835 0.3481
vn -0.7175 -0.5904 0.3696
vn -0.7176 -0.5903 0.3696
vn -0.4892 -0.8600 0.1452
vn -0.4967 -0.8560 0.1434
vn -0.4927 -0.8576 0.1473
vn -0.4844 -0.8617 0.1509
vn -0.2818 -0.9471 -0.1536
vn -0.2757 -0.9502 -0.1453
vn -0.2753 -0.9502 -0.1460
vn -0.2855 -0.9470 -0.1474
vn -0.5016 -0.8539 0.1392
vn -0.5017 -0.8537 0.1392
vn -0.2701 -0.9523 -0.1416
vn -0.2739 -0.9520 -0.1363
vn -0.6231 -0.6307 0.4626
vn -0.4790 -0.8645 0.1526
vn -0.4785 -0.8647 0.1526
vn -0.2875 -0.9449 -0.1564
vn -0.2886 -0.9446 -0.1563
vn -0.0236 -0.8862 -0.4627
vn -0.0236 -0.8862 -0.4626
vn -0.0030 -0.8950 -0.4461
vn -0.0031 -0.8950 -0.4461
vn 0.0166 -0.9034 -0.4285
vn 0.0355 -0.9115 -0.4098
vn -0.6823 -0.6054 0.4098
vn -0.6633 -0.6135 0.4285
vn -0.6633 -0.6136 0.4285
vn -0.6436 -0.6219 0.4461
vn -0.6436 -0.6219 0.4462
vn -0.4602 -0.8723 0.1653
vn -0.4693 -0.8681 0.1617
vn -0.4623 -0.8713 0.1645
vn -0.4555 -0.8743 0.1678
vn -0.3160 -0.9339 -0.1670
vn -0.3073 -0.9376 -0.1627
vn -0.3072 -0.9377 -0.1625
vn -0.3164 -0.9335 -0.1689
vn -0.4754 -0.8646 0.1630
vn -0.4736 -0.8669 0.1555
vn -0.2979 -0.9417 -0.1564
vn -0.2987 -0.9413 -0.1573
vn -0.5343 -0.6685 0.5173
vn -0.5343 -0.6683 0.5176
vn -0.4537 -0.8745 0.1718
vn -0.4540 -0.8742 0.1720
vn -0.3190 -0.9326 -0.1688
vn -0.3170 -0.9329 -0.1708
vn -0.1124 -0.8484 -0.5172
vn -0.1124 -0.8484 -0.5173
vn -0.0893 -0.8583 -0.5054
vn -0.0893 -0.8582 -0.5054
vn -0.0894 -0.8583 -0.5054
vn -0.0899 -0.8584 -0.5050
vn -0.0668 -0.8678 -0.4924
vn -0.0668 -0.8679 -0.4922
vn -0.0450 -0.8771 -0.4781
vn -0.0449 -0.8772 -0.4781
vn -0.0452 -0.8771 -0.4782
vn -0.6018 -0.6397 0.4781
vn -0.6018 -0.6397 0.4782
vn -0.5799 -0.6491 0.4923
vn -0.5574 -0.6586 0.5055
vn -0.5574 -0.6587 0.5053
vn -0.5574 -0.6587 0.5054
vn -0.4291 -0.8848 0.1815
vn -0.4338 -0.8838 0.1753
vn -0.4318 -0.8840 0.1793
vn -0.4257 -0.8863 0.1825
vn -0.3453 -0.9215 -0.1779
vn -0.3364 -0.9250 -0.1765
vn -0.3363 -0.9251 -0.1764
vn -0.3441 -0.9219 -0.1778
vn -0.4437 -0.8784 0.1775
vn -0.4439 -0.8782 0.1780
vn -0.3281 -0.9286 -0.1735
vn -0.3282 -0.9285 -0.1739
vn -0.4375 -0.7097 0.5522
vn -0.4374 -0.7098 0.5521
vn -0.4375 -0.7098 0.5521
vn -0.4177 -0.8894 0.1859
vn -0.4187 -0.8890 0.1853
vn -0.3520 -0.9174 -0.1854
vn -0.3523 -0.9174 -0.1850
vn -0.2093 -0.8071 -0.5521
vn -0.2092 -0.8071 -0.5520
vn -0.1845 -0.8177 -0.5453
vn -0.1601 -0.8281 -0.5373
vn -0.1601 -0.8280 -0.5373
vn -0.1601 -0.8281 -0.5372
vn -0.1361 -0.8383 -0.5279
vn -0.1361 -0.8384 -0.5279
vn -0.5107 -0.6786 0.5279
vn -0.4866 -0.6888 0.5373
vn -0.4866 -0.6889 0.5373
vn -0.4622 -0.6993 0.5453
vn -0.3980 -0.8984 0.1854
vn -0.4043 -0.8954 0.1867
vn -0.3998 -0.8973 0.1872
vn -0.3902 -0.9019 0.1852
vn -0.3786 -0.9062 -0.1885
vn -0.3684 -0.9116 -0.1824
vn -0.3655 -0.9126 -0.1831
vn -0.3774 -0.9067 -0.1883
vn -0.4107 -0.8926 0.1861
vn -0.4109 -0.8925 0.1862
vn -0.3595 -0.9143 -0.1866
vn -0.3600 -0.9142 -0.1862
vn -0.3361 -0.7530 0.5657
vn -0.3362 -0.7530 0.5657
vn -0.3870 -0.9038 0.1826
vn -0.3869 -0.9038 0.1831
vn -0.3886 -0.9026 -0.1853
vn -0.3867 -0.9037 -0.1838
vn -0.3106 -0.7639 -0.5656
vn -0.3106 -0.7639 -0.5657
vn -0.3107 -0.7640 -0.5656
vn -0.2851 -0.7748 -0.5643
vn -0.2597 -0.7856 -0.5616
vn -0.2599 -0.7855 -0.5616
vn -0.2598 -0.7856 -0.5616
vn -0.2344 -0.7964 -0.5575
vn -0.2344 -0.7964 -0.5576
vn -0.4124 -0.7205 0.5575
vn -0.3871 -0.7312 0.5616
vn -0.3872 -0.7312 0.5616
vn -0.3871 -0.7313 0.5616
vn -0.3617 -0.7421 0.5643
vn -0.3628 -0.9138 0.1824
vn -0.3723 -0.9093 0.1860
vn -0.3640 -0.9128 0.1852
vn -0.3581 -0.9158 0.1822
vn -0.4109 -0.8922 -0.1876
vn -0.4018 -0.8964 -0.1873
vn -0.4019 -0.8963 -0.1876
vn -0.4136 -0.8913 -0.1861
vn -0.3763 -0.9081 0.1837
vn -0.3759 -0.9083 0.1834
vn -0.3931 -0.9000 -0.1884
vn -0.3931 -0.9001 -0.1880
vn -0.2344 -0.7964 0.5576
vn -0.3558 -0.9164 0.1833
vn -0.3530 -0.9184 0.1788
vn -0.4195 -0.8885 -0.1861
vn -0.4196 -0.8885 -0.1859
vn -0.4123 -0.7205 -0.5576
vn -0.4125 -0.7205 -0.5574
vn -0.3871 -0.7312 -0.5616
vn -0.3617 -0.7421 -0.5644
vn -0.3360 -0.7530 -0.5657
vn -0.3105 -0.7639 0.5657
vn -0.2596 -0.7856 0.5617
vn -0.3289 -0.9273 0.1785
vn -0.3370 -0.9241 0.1803
vn -0.3334 -0.9256 0.1792
vn -0.3242 -0.9298 0.1745
vn -0.4465 -0.8776 -0.1748
vn -0.4325 -0.8841 -0.1770
vn -0.4321 -0.8842 -0.1775
vn -0.4439 -0.8795 -0.1713
vn -0.3425 -0.9227 0.1771
vn -0.3430 -0.9210 0.1846
vn -0.4248 -0.8865 -0.1834
vn -0.4256 -0.8860 -0.1838
vn -0.1361 -0.8383 0.5280
vn -0.3222 -0.9306 0.1735
vn -0.3205 -0.9310 0.1748
vn -0.4521 -0.8750 -0.1735
vn -0.4520 -0.8750 -0.1733
vn -0.4374 -0.7099 -0.5520
vn -0.4379 -0.7096 -0.5519
vn -0.4374 -0.7099 -0.5521
vn -0.1845 -0.8176 0.5454
vn -0.1601 -0.8280 0.5373
vn -0.2980 -0.9407 0.1619
vn -0.3055 -0.9376 0.1662
vn -0.3025 -0.9389 0.1645
vn -0.2949 -0.9421 0.1598
vn -0.4719 -0.8674 -0.1578
vn -0.4656 -0.8692 -0.1665
vn -0.4658 -0.8690 -0.1669
vn -0.4725 -0.8671 -0.1577
vn -0.3114 -0.9350 0.1696
vn -0.3115 -0.9349 0.1699
vn -0.4592 -0.8719 -0.1698
vn -0.4592 -0.8720 -0.1696
vn -0.2890 -0.9445 0.1562
vn -0.4806 -0.8637 -0.1519
vn -0.4806 -0.8636 -0.1527
vn -0.5800 -0.6491 -0.4922
vn -0.5573 -0.6588 -0.5054
vn -0.5343 -0.6685 -0.5174
vn -0.0893 -0.8583 0.5054
vn -0.0668 -0.8678 0.4923
vn -0.0668 -0.8679 0.4923
vn -0.2738 -0.9515 0.1402
vn -0.2786 -0.9489 0.1480
vn -0.2743 -0.9512 0.1412
vn -0.2680 -0.9540 0.1342
vn -0.5033 -0.8534 -0.1355
vn -0.4909 -0.8590 -0.1458
vn -0.4953 -0.8562 -0.1471
vn -0.5036 -0.8529 -0.1374
vn -0.2824 -0.9474 0.1508
vn -0.2821 -0.9474 0.1510
vn -0.4886 -0.8593 -0.1514
vn -0.4881 -0.8597 -0.1509
vn 0.0357 -0.9115 0.4098
vn -0.2638 -0.9561 0.1277
vn -0.2667 -0.9551 0.1290
vn -0.5042 -0.8538 -0.1297
vn -0.5040 -0.8538 -0.1302
vn -0.6824 -0.6054 -0.4096
vn -0.6825 -0.6054 -0.4095
vn -0.6824 -0.6054 -0.4097
vn -0.6632 -0.6136 -0.4285
vn -0.6632 -0.6136 -0.4286
vn -0.6632 -0.6135 -0.4286
vn -0.6633 -0.6135 -0.4286
vn -0.6437 -0.6219 -0.4460
vn -0.6436 -0.6220 -0.4460
vn -0.0032 -0.8950 0.4461
vn -0.0033 -0.8950 0.4461
vn 0.0165 -0.9034 0.4285
vn 0.0164 -0.9034 0.4284
vn -0.2504 -0.9618 0.1108
vn -0.2559 -0.9592 0.1202
vn -0.2531 -0.9607 0.1141
vn -0.2472 -0.9629 0.1078
vn -0.5194 -0.8472 -0.1119
vn -0.5167 -0.8481 -0.1169
vn -0.5164 -0.8484 -0.1166
vn -0.5217 -0.8455 -0.1142
vn -0.2601 -0.9576 0.1239
vn -0.2606 -0.9575 0.1237
vn -0.5109 -0.8508 -0.1232
vn -0.5111 -0.8507 -0.1230
vn 0.1021 -0.9399 0.3258
vn -0.2415 -0.9646 0.1057
vn -0.2419 -0.9644 0.1069
vn -0.5298 -0.8415 -0.1060
vn -0.5293 -0.8419 -0.1056
vn -0.7176 -0.5904 -0.3695
vn -0.7004 -0.5977 -0.3902
vn 0.0708 -0.9265 0.3695
vn 0.0869 -0.9334 0.3481
vn -0.2329 -0.9692 0.0805
vn -0.2372 -0.9673 0.0898
vn -0.2349 -0.9684 0.0844
vn -0.2309 -0.9700 0.0767
vn -0.5375 -0.8395 -0.0792
vn -0.5374 -0.8391 -0.0845
vn -0.5360 -0.8400 -0.0846
vn -0.5380 -0.8393 -0.0790
vn -0.2420 -0.9654 0.0968
vn -0.2425 -0.9654 0.0960
vn -0.5303 -0.8427 -0.0935
vn -0.5307 -0.8423 -0.0940
vn -0.2282 -0.9712 0.0682
vn -0.2284 -0.9711 0.0687
vn -0.5421 -0.8370 -0.0741
vn -0.5431 -0.8363 -0.0746
vn -0.7994 -0.5555 -0.2288
vn -0.7993 -0.5555 -0.2293
vn -0.7991 -0.5557 -0.2293
vn -0.7762 -0.5654 -0.2789
vn -0.7632 -0.5709 -0.3027
vn -0.7631 -0.5709 -0.3029
vn 0.1164 -0.9459 0.3027
vn 0.1295 -0.9516 0.2789
vn 0.1293 -0.9516 0.2789
vn -0.2187 -0.9746 0.0483
vn -0.2220 -0.9733 0.0579
vn -0.2183 -0.9744 0.0535
vn -0.2163 -0.9753 0.0438
vn -0.5545 -0.8310 -0.0452
vn -0.5505 -0.8331 -0.0543
vn -0.5510 -0.8328 -0.0544
vn -0.5537 -0.8316 -0.0433
vn -0.2267 -0.9720 0.0612
vn -0.2272 -0.9719 0.0613
vn -0.5497 -0.8330 -0.0627
vn -0.5440 -0.8365 -0.0656
vn 0.1845 -0.9750 0.1241
vn 0.1844 -0.9750 0.1240
vn -0.2194 -0.9750 0.0346
vn -0.2202 -0.9748 0.0348
vn -0.5512 -0.8337 -0.0347
vn -0.5514 -0.8335 -0.0354
vn -0.8313 -0.5418 -0.1241
vn -0.8315 -0.5415 -0.1240
vn -0.8313 -0.5417 -0.1241
vn -0.8250 -0.5446 -0.1508
vn -0.8250 -0.5446 -0.1507
vn 0.1623 -0.9655 0.2036
vn 0.1709 -0.9692 0.1775
vn -0.2138 -0.9768 0.0135
vn -0.2135 -0.9767 0.0230
vn -0.2134 -0.9769 0.0146
vn -0.2141 -0.9768 0.0046
vn -0.5588 -0.8292 -0.0085
vn -0.5534 -0.8327 -0.0198
vn -0.5544 -0.8320 -0.0214
vn -0.5586 -0.8294 -0.0091
vn -0.2180 -0.9756 0.0258
vn -0.5527 -0.8328 -0.0296
vn -0.5537 -0.8321 -0.0304
vn -0.2175 -0.9761 -0.0000
vn -0.2178 -0.9760 0.0001
vn -0.5589 -0.8292 -0.0000
vn -0.8363 -0.5396 -0.0967
vn -0.8364 -0.5395 -0.0967
vn 0.1932 -0.9787 0.0692
vn 0.1957 -0.9798 0.0417
vn -0.2171 -0.9758 -0.0244
vn -0.2140 -0.9767 -0.0149
vn -0.2113 -0.9772 -0.0200
vn -0.2181 -0.9755 -0.0292
vn -0.5529 -0.8327 0.0300
vn -0.5534 -0.8327 0.0200
vn -0.5545 -0.8319 0.0215
vn -0.5544 -0.8317 0.0306
vn -0.2108 -0.9775 -0.0112
vn -0.2101 -0.9776 -0.0086
vn -0.5589 -0.8292 0.0086
vn -0.5586 -0.8294 0.0091
vn -0.2195 -0.9750 -0.0345
vn -0.2203 -0.9748 -0.0347
vn -0.5512 -0.8337 0.0348
vn -0.5514 -0.8335 0.0354
vn -0.8362 -0.5399 0.0969
vn -0.8362 -0.5397 0.0970
vn -0.8362 -0.5398 0.0968
vn -0.8437 -0.5366 0.0140
vn -0.2253 -0.9725 -0.0592
vn -0.2184 -0.9745 -0.0520
vn -0.2221 -0.9733 -0.0578
vn -0.2265 -0.9718 -0.0651
vn -0.5497 -0.8330 0.0625
vn -0.5505 -0.8330 0.0543
vn -0.5509 -0.8328 0.0543
vn -0.5434 -0.8370 0.0643
vn -0.2168 -0.9751 -0.0469
vn -0.5545 -0.8310 0.0452
vn -0.5537 -0.8316 0.0432
vn 0.1623 -0.9655 -0.2036
vn -0.2282 -0.9712 -0.0682
vn -0.2285 -0.9711 -0.0688
vn -0.5422 -0.8370 0.0740
vn -0.5431 -0.8364 0.0745
vn -0.8176 -0.5477 0.1775
vn -0.8250 -0.5446 0.1508
vn -0.8312 -0.5420 0.1240
vn -0.8312 -0.5420 0.1241
vn -0.8312 -0.5419 0.1241
vn 0.1843 -0.9750 -0.1243
vn 0.1845 -0.9750 -0.1242
vn -0.2377 -0.9670 -0.0915
vn -0.2351 -0.9683 -0.0845
vn -0.2374 -0.9673 -0.0897
vn -0.2410 -0.9654 -0.0995
vn -0.5305 -0.8425 0.0934
vn -0.5361 -0.8399 0.0845
vn -0.5356 -0.8402 0.0850
vn -0.5309 -0.8422 0.0939
vn -0.2322 -0.9695 -0.0785
vn -0.2325 -0.9694 -0.0784
vn -0.5376 -0.8395 0.0790
vn -0.5380 -0.8392 0.0790
vn -0.2418 -0.9645 -0.1062
vn -0.2437 -0.9639 -0.1072
vn -0.5296 -0.8416 0.1062
vn -0.5292 -0.8419 0.1056
vn -0.7630 -0.5712 0.3027
vn -0.7631 -0.5711 0.3027
vn -0.7630 -0.5711 0.3029
vn -0.7762 -0.5655 0.2788
vn -0.7762 -0.5654 0.2789
vn -0.7762 -0.5656 0.2787
vn -0.7884 -0.5602 0.2544
vn -0.7884 -0.5602 0.2543
vn -0.7884 -0.5601 0.2544
vn -0.7992 -0.5557 0.2292
vn -0.7991 -0.5556 0.2295
vn -0.2589 -0.9582 -0.1219
vn -0.2518 -0.9610 -0.1145
vn -0.2567 -0.9591 -0.1193
vn -0.2613 -0.9570 -0.1263
vn -0.5110 -0.8507 0.1234
vn -0.5168 -0.8481 0.1168
vn -0.5165 -0.8483 0.1166
vn -0.5112 -0.8506 0.1234
vn -0.2492 -0.9623 -0.1092
vn -0.2496 -0.9622 -0.1087
vn -0.5199 -0.8468 0.1128
vn -0.5217 -0.8455 0.1140
vn 0.0540 -0.9194 -0.3897
vn 0.0536 -0.9192 -0.3900
vn -0.2662 -0.9554 -0.1279
vn -0.2672 -0.9549 -0.1295
vn -0.5041 -0.8538 0.1301
vn -0.5038 -0.8539 0.1308
vn 0.1020 -0.9400 -0.3257
vn -0.2809 -0.9481 -0.1493
vn -0.2743 -0.9514 -0.1400
vn -0.2790 -0.9489 -0.1475
vn -0.2836 -0.9469 -0.1516
vn -0.4886 -0.8593 0.1514
vn -0.4909 -0.8590 0.1457
vn -0.4952 -0.8562 0.1471
vn -0.4882 -0.8596 0.1509
vn -0.2740 -0.9520 -0.1364
vn -0.2741 -0.9519 -0.1367
vn -0.5032 -0.8535 0.1354
vn -0.5037 -0.8529 0.1374
vn -0.0237 -0.8862 -0.4626
vn -0.0237 -0.8863 -0.4626
vn -0.0237 -0.8862 -0.4627
vn -0.2890 -0.9445 -0.1563
vn -0.2891 -0.9445 -0.1562
vn -0.4807 -0.8636 0.1521
vn -0.4807 -0.8635 0.1528
vn -0.6231 -0.6308 0.4625
vn -0.6634 -0.6135 0.4284
vn -0.6636 -0.6134 0.4283
vn 0.0355 -0.9115 -0.4097
vn -0.3100 -0.9357 -0.1687
vn -0.3025 -0.9389 -0.1645
vn -0.3055 -0.9376 -0.1662
vn -0.3133 -0.9343 -0.1703
vn -0.4594 -0.8718 0.1701
vn -0.4656 -0.8692 0.1664
vn -0.4655 -0.8691 0.1671
vn -0.4593 -0.8719 0.1699
vn -0.2963 -0.9414 -0.1612
vn -0.2963 -0.9414 -0.1611
vn -0.4722 -0.8672 0.1579
vn -0.4727 -0.8669 0.1581
vn -0.3223 -0.9306 -0.1736
vn -0.3205 -0.9309 -0.1749
vn -0.4524 -0.8747 0.1738
vn -0.4524 -0.8748 0.1735
vn -0.5343 -0.6685 0.5174
vn -0.5799 -0.6491 0.4924
vn -0.0670 -0.8678 -0.4924
vn -0.0668 -0.8679 -0.4923
vn -0.0671 -0.8677 -0.4925
vn -0.3416 -0.9230 -0.1771
vn -0.3331 -0.9258 -0.1785
vn -0.3363 -0.9243 -0.1804
vn -0.3469 -0.9204 -0.1805
vn -0.4260 -0.8859 0.1835
vn -0.4325 -0.8841 0.1770
vn -0.4319 -0.8842 0.1779
vn -0.4266 -0.8857 0.1833
vn -0.3263 -0.9282 -0.1786
vn -0.3257 -0.9286 -0.1777
vn -0.4464 -0.8778 0.1737
vn -0.4439 -0.8795 0.1713
vn -0.2094 -0.8071 -0.5520
vn -0.2095 -0.8071 -0.5519
vn -0.3559 -0.9164 -0.1833
vn -0.3535 -0.9181 -0.1792
vn -0.4190 -0.8887 0.1860
vn -0.4196 -0.8885 0.1859
vn -0.4374 -0.7098 0.5522
vn -0.4374 -0.7099 0.5520
vn -0.4370 -0.7100 0.5521
vn -0.5107 -0.6787 0.5277
vn -0.5107 -0.6786 0.5278
vn -0.1844 -0.8177 -0.5453
vn -0.3761 -0.9083 -0.1834
vn -0.3649 -0.9125 -0.1850
vn -0.3727 -0.9088 -0.1876
vn -0.3767 -0.9080 -0.1835
vn -0.3964 -0.8987 0.1878
vn -0.4018 -0.8962 0.1880
vn -0.4019 -0.8961 0.1882
vn -0.3907 -0.9012 0.1878
vn -0.3609 -0.9147 -0.1820
vn -0.3612 -0.9147 -0.1814
vn -0.4116 -0.8919 0.1876
vn -0.4136 -0.8912 0.1862
vn -0.3363 -0.7528 0.5659
vn -0.3361 -0.7529 0.5659
vn -0.3362 -0.7529 0.5657
vn -0.3365 -0.7530 0.5654
vn -0.3617 -0.7421 0.5644
vn -0.4122 -0.7206 0.5575
vn -0.4120 -0.7207 0.5576
vn 0.3331 0.9263 -0.1759
vn 0.3382 0.9244 -0.1763
vn 0.3310 0.9269 -0.1771
vn 0.3234 0.9297 -0.1763
vn 0.3428 0.9225 -0.1777
vn 0.3466 0.9206 -0.1797
vn 0.4349 0.8833 0.1750
vn 0.4362 0.8827 0.1748
vn 0.4420 0.8804 0.1721
vn 0.4437 0.8797 0.1712
vn 0.4249 0.8872 0.1798
vn 0.4286 0.8857 0.1786
vn 0.1361 0.8383 -0.5279
vn 0.1602 0.8281 -0.5373
vn 0.1601 0.8281 -0.5372
vn 0.1601 0.8281 -0.5373
vn 0.1845 0.8177 -0.5453
vn 0.2093 0.8071 -0.5521
vn 0.4375 0.7098 0.5521
vn 0.4375 0.7098 0.5520
vn 0.4374 0.7098 0.5521
vn 0.4622 0.6993 0.5453
vn 0.4866 0.6888 0.5373
vn 0.4866 0.6888 0.5374
vn 0.5106 0.6787 0.5279
vn 0.5107 0.6786 0.5279
vn 0.4519 0.8758 0.1696
vn 0.4483 0.8773 0.1715
vn 0.3161 0.9333 -0.1706
vn 0.3164 0.9331 -0.1710
vn 0.3032 0.9393 -0.1608
vn 0.3082 0.9370 -0.1646
vn 0.3006 0.9404 -0.1593
vn 0.2960 0.9422 -0.1567
vn 0.3138 0.9350 -0.1652
vn 0.3139 0.9349 -0.1656
vn 0.4655 0.8700 0.1624
vn 0.4713 0.8675 0.1593
vn 0.4745 0.8661 0.1573
vn 0.4560 0.8741 0.1674
vn 0.4603 0.8722 0.1656
vn 0.0448 0.8773 -0.4779
vn 0.0449 0.8772 -0.4781
vn 0.0447 0.8773 -0.4778
vn 0.0671 0.8677 -0.4925
vn 0.0670 0.8677 -0.4925
vn 0.0894 0.8582 -0.5054
vn 0.0890 0.8583 -0.5053
vn 0.0893 0.8583 -0.5054
vn 0.1125 0.8484 -0.5173
vn 0.1123 0.8485 -0.5172
vn 0.1124 0.8484 -0.5173
vn 0.5343 0.6685 0.5173
vn 0.5574 0.6587 0.5054
vn 0.5801 0.6490 0.4922
vn 0.5800 0.6491 0.4922
vn 0.5799 0.6491 0.4923
vn 0.6017 0.6398 0.4781
vn 0.6019 0.6397 0.4781
vn 0.6019 0.6395 0.4782
vn 0.6018 0.6398 0.4781
vn 0.4793 0.8642 0.1529
vn 0.4792 0.8643 0.1532
vn 0.2914 0.9444 -0.1524
vn 0.2914 0.9444 -0.1526
vn 0.2750 0.9506 -0.1441
vn 0.2777 0.9495 -0.1461
vn 0.2712 0.9531 -0.1341
vn 0.2690 0.9536 -0.1355
vn 0.2819 0.9482 -0.1464
vn 0.2830 0.9478 -0.1470
vn 0.4951 0.8565 0.1458
vn 0.4945 0.8570 0.1451
vn 0.4997 0.8554 0.1363
vn 0.5000 0.8552 0.1366
vn 0.4845 0.8617 0.1507
vn 0.4910 0.8588 0.1464
vn -0.0355 0.9115 -0.4098
vn -0.0166 0.9034 -0.4285
vn -0.0164 0.9034 -0.4284
vn -0.0166 0.9034 -0.4284
vn 0.0031 0.8950 -0.4460
vn 0.0031 0.8950 -0.4461
vn 0.0237 0.8862 -0.4626
vn 0.0237 0.8862 -0.4627
vn 0.6231 0.6307 0.4626
vn 0.6436 0.6219 0.4460
vn 0.6436 0.6219 0.4461
vn 0.6633 0.6135 0.4285
vn 0.6825 0.6053 0.4097
vn 0.6822 0.6055 0.4097
vn 0.6824 0.6054 0.4096
vn 0.6825 0.6054 0.4095
vn 0.5068 0.8523 0.1296
vn 0.5047 0.8531 0.1324
vn 0.2642 0.9558 -0.1294
vn 0.2663 0.9548 -0.1323
vn 0.2505 0.9612 -0.1152
vn 0.2546 0.9592 -0.1228
vn 0.2458 0.9626 -0.1137
vn 0.2461 0.9628 -0.1120
vn 0.2554 0.9587 -0.1254
vn 0.2568 0.9583 -0.1256
vn 0.5185 0.8465 0.1208
vn 0.5183 0.8466 0.1208
vn 0.5211 0.8458 0.1143
vn 0.5244 0.8448 0.1065
vn 0.5117 0.8494 0.1293
vn 0.5147 0.8484 0.1236
vn -0.1021 0.9399 -0.3259
vn -0.0869 0.9334 -0.3481
vn -0.0870 0.9334 -0.3481
vn -0.0708 0.9265 -0.3696
vn -0.0536 0.9192 -0.3902
vn 0.7004 0.5977 0.3902
vn 0.7175 0.5904 0.3696
vn 0.7337 0.5835 0.3481
vn 0.7338 0.5835 0.3480
vn 0.7489 0.5770 0.3258
vn 0.5263 0.8442 0.1013
vn 0.5265 0.8440 0.1023
vn 0.2434 0.9646 -0.1012
vn 0.2453 0.9638 -0.1045
vn 0.2320 0.9688 -0.0874
vn 0.2344 0.9679 -0.0904
vn 0.2329 0.9695 -0.0763
vn 0.2323 0.9695 -0.0787
vn 0.2385 0.9668 -0.0919
vn 0.2377 0.9669 -0.0928
vn 0.5378 0.8384 0.0888
vn 0.5375 0.8386 0.0887
vn 0.5368 0.8399 0.0802
vn 0.5412 0.8374 0.0760
vn 0.5326 0.8406 0.0989
vn 0.5343 0.8400 0.0943
vn -0.1526 0.9613 -0.2293
vn -0.1525 0.9613 -0.2293
vn -0.1415 0.9567 -0.2544
vn -0.1295 0.9515 -0.2789
vn -0.1295 0.9516 -0.2788
vn -0.1164 0.9460 -0.3027
vn -0.1164 0.9459 -0.3027
vn 0.7631 0.5710 0.3027
vn 0.7630 0.5711 0.3027
vn 0.7762 0.5655 0.2788
vn 0.7762 0.5656 0.2787
vn 0.7762 0.5655 0.2789
vn 0.7883 0.5602 0.2544
vn 0.7992 0.5556 0.2293
vn 0.7992 0.5558 0.2289
vn 0.5452 0.8352 0.0720
vn 0.5446 0.8356 0.0718
vn 0.2252 0.9718 -0.0697
vn 0.2262 0.9713 -0.0734
vn 0.2194 0.9743 -0.0511
vn 0.2190 0.9740 -0.0577
vn 0.2171 0.9752 -0.0439
vn 0.2174 0.9751 -0.0444
vn 0.2256 0.9720 -0.0656
vn 0.2263 0.9720 -0.0635
vn 0.5477 0.8347 0.0571
vn 0.5470 0.8352 0.0561
vn 0.5518 0.8325 0.0497
vn 0.5540 0.8315 0.0425
vn 0.5468 0.8346 0.0669
vn 0.5476 0.8348 0.0580
vn -0.1845 0.9750 -0.1240
vn -0.1845 0.9750 -0.1241
vn -0.1783 0.9723 -0.1509
vn -0.1708 0.9692 -0.1775
vn -0.1709 0.9692 -0.1775
vn -0.1623 0.9655 -0.2036
vn 0.8090 0.5514 0.2036
vn 0.8176 0.5477 0.1776
vn 0.8176 0.5477 0.1775
vn 0.8250 0.5446 0.1509
vn 0.8312 0.5419 0.1241
vn 0.8312 0.5419 0.1240
vn 0.5555 0.8307 0.0361
vn 0.5552 0.8310 0.0363
vn 0.2203 0.9748 -0.0357
vn 0.2185 0.9750 -0.0395
vn 0.2132 0.9769 -0.0146
vn 0.2133 0.9768 -0.0216
vn 0.2108 0.9775 -0.0071
vn 0.2115 0.9774 -0.0066
vn 0.2138 0.9765 -0.0287
vn 0.2140 0.9764 -0.0280
vn 0.5583 0.8294 0.0195
vn 0.5576 0.8299 0.0191
vn 0.5550 0.8318 0.0118
vn 0.5551 0.8317 0.0069
vn 0.5550 0.8313 0.0316
vn 0.5562 0.8307 0.0231
vn -0.1970 0.9803 -0.0139
vn -0.1971 0.9803 -0.0139
vn -0.1958 0.9798 -0.0417
vn -0.1957 0.9798 -0.0417
vn -0.1932 0.9787 -0.0692
vn -0.1895 0.9771 -0.0967
vn 0.8363 0.5396 0.0967
vn 0.8363 0.5398 0.0967
vn 0.8364 0.5395 0.0967
vn 0.8400 0.5382 0.0692
vn 0.8425 0.5371 0.0416
vn 0.8437 0.5367 0.0139
vn 0.8436 0.5367 0.0139
vn 0.5549 0.8319 -0.0000
vn 0.2161 0.9764 0.0037
vn 0.2153 0.9765 -0.0039
vn 0.2133 0.9767 0.0217
vn 0.2127 0.9770 0.0146
vn 0.2140 0.9764 0.0288
vn 0.2144 0.9763 0.0283
vn 0.2102 0.9776 0.0091
vn 0.2109 0.9774 0.0111
vn 0.5583 0.8294 -0.0195
vn 0.5576 0.8299 -0.0191
vn 0.5560 0.8309 -0.0230
vn 0.5548 0.8314 -0.0317
vn 0.5552 0.8317 -0.0069
vn 0.5550 0.8318 -0.0118
vn -0.1895 0.9771 0.0967
vn -0.1932 0.9787 0.0692
vn -0.1957 0.9798 0.0417
vn -0.1958 0.9798 0.0417
vn -0.1970 0.9803 0.0139
vn 0.8437 0.5366 -0.0139
vn 0.8425 0.5371 -0.0416
vn 0.8400 0.5382 -0.0693
vn 0.8400 0.5382 -0.0692
vn 0.8362 0.5399 -0.0967
vn 0.8362 0.5398 -0.0967
vn 0.5555 0.8307 -0.0360
vn 0.5551 0.8310 -0.0362
vn 0.2200 0.9747 0.0393
vn 0.2182 0.9754 0.0323
vn 0.2199 0.9738 0.0584
vn 0.2198 0.9742 0.0511
vn 0.2250 0.9721 0.0663
vn 0.2270 0.9719 0.0622
vn 0.2170 0.9752 0.0439
vn 0.2170 0.9751 0.0448
vn 0.5477 0.8348 -0.0568
vn 0.5470 0.8353 -0.0560
vn 0.5476 0.8348 -0.0580
vn 0.5471 0.8344 -0.0668
vn 0.5539 0.8315 -0.0425
vn 0.5516 0.8326 -0.0497
vn -0.1623 0.9655 0.2036
vn -0.1626 0.9655 0.2036
vn -0.1709 0.9692 0.1775
vn -0.1783 0.9723 0.1509
vn -0.1844 0.9750 0.1241
vn -0.1845 0.9750 0.1241
vn -0.1845 0.9750 0.1242
vn -0.1845 0.9750 0.1240
vn 0.8312 0.5419 -0.1241
vn 0.8312 0.5419 -0.1240
vn 0.8250 0.5446 -0.1508
vn 0.8250 0.5446 -0.1509
vn 0.8176 0.5478 -0.1776
vn 0.8176 0.5477 -0.1775
vn 0.8090 0.5513 -0.2036
vn 0.8091 0.5514 -0.2035
vn 0.8090 0.5514 -0.2036
vn 0.5452 0.8352 -0.0719
vn 0.5446 0.8356 -0.0718
vn 0.2270 0.9711 0.0738
vn 0.2254 0.9717 0.0707
vn 0.2335 0.9682 0.0899
vn 0.2320 0.9689 0.0862
vn 0.2421 0.9654 0.0969
vn 0.2404 0.9657 0.0980
vn 0.2322 0.9697 0.0759
vn 0.2322 0.9695 0.0785
vn 0.5378 0.8384 -0.0887
vn 0.5374 0.8387 -0.0886
vn 0.5342 0.8400 -0.0943
vn 0.5325 0.8406 -0.0988
vn 0.5412 0.8374 -0.0760
vn 0.5367 0.8399 -0.0804
vn -0.1164 0.9460 0.3027
vn -0.1163 0.9460 0.3027
vn -0.1295 0.9515 0.2789
vn -0.1295 0.9516 0.2788
vn -0.1295 0.9516 0.2789
vn -0.1295 0.9515 0.2790
vn -0.1415 0.9567 0.2544
vn -0.1525 0.9613 0.2293
vn 0.7992 0.5557 -0.2293
vn 0.7992 0.5556 -0.2294
vn 0.7992 0.5556 -0.2293
vn 0.7883 0.5602 -0.2544
vn 0.7883 0.5603 -0.2545
vn 0.7762 0.5654 -0.2789
vn 0.7762 0.5655 -0.2788
vn 0.7762 0.5655 -0.2789
vn 0.7763 0.5654 -0.2789
vn 0.7631 0.5710 -0.3027
vn 0.5264 0.8442 -0.1009
vn 0.5264 0.8441 -0.1021
vn 0.2451 0.9639 0.1036
vn 0.2426 0.9649 0.1009
vn 0.2551 0.9593 0.1212
vn 0.2494 0.9616 0.1145
vn 0.2549 0.9587 0.1263
vn 0.2570 0.9581 0.1267
vn 0.2467 0.9624 0.1139
vn 0.2467 0.9625 0.1125
vn 0.5184 0.8466 -0.1207
vn 0.5181 0.8468 -0.1208
vn 0.5146 0.8485 -0.1238
vn 0.5124 0.8491 -0.1285
vn 0.5248 0.8445 -0.1067
vn 0.5212 0.8457 -0.1144
vn -0.0536 0.9192 0.3902
vn -0.0707 0.9265 0.3696
vn -0.0869 0.9334 0.3481
vn -0.1020 0.9399 0.3258
vn -0.1022 0.9399 0.3259
vn 0.7489 0.5771 -0.3258
vn 0.7489 0.5770 -0.3258
vn 0.7337 0.5835 -0.3481
vn 0.7338 0.5834 -0.3481
vn 0.7175 0.5904 -0.3696
vn 0.7004 0.5977 -0.3902
vn 0.5055 0.8529 -0.1306
vn 0.5057 0.8527 -0.1310
vn 0.2658 0.9550 0.1317
vn 0.2635 0.9559 0.1294
vn 0.2770 0.9497 0.1461
vn 0.2745 0.9508 0.1435
vn 0.2857 0.9471 0.1462
vn 0.2860 0.9466 0.1486
vn 0.2736 0.9518 0.1388
vn 0.2725 0.9520 0.1393
vn 0.4951 0.8565 -0.1458
vn 0.4945 0.8570 -0.1451
vn 0.4912 0.8586 -0.1466
vn 0.4845 0.8617 -0.1508
vn 0.5013 0.8546 -0.1358
vn 0.4981 0.8561 -0.1379
vn 0.0237 0.8862 0.4627
vn 0.0237 0.8862 0.4626
vn 0.0238 0.8862 0.4627
vn 0.0240 0.8862 0.4627
vn 0.0031 0.8950 0.4461
vn -0.0166 0.9034 0.4285
vn -0.0166 0.9034 0.4284
vn -0.0165 0.9034 0.4285
vn -0.0355 0.9115 0.4098
vn 0.6822 0.6055 -0.4098
vn 0.6823 0.6055 -0.4097
vn 0.6823 0.6054 -0.4098
vn 0.6822 0.6055 -0.4099
vn 0.6634 0.6135 -0.4285
vn 0.6634 0.6134 -0.4285
vn 0.6436 0.6218 -0.4462
vn 0.6436 0.6219 -0.4461
vn 0.6231 0.6307 -0.4626
vn 0.6230 0.6307 -0.4626
vn 0.4792 0.8643 -0.1530
vn 0.4792 0.8643 -0.1531
vn 0.2931 0.9435 0.1544
vn 0.2890 0.9452 0.1520
vn 0.3082 0.9370 0.1643
vn 0.3031 0.9393 0.1608
vn 0.3136 0.9351 0.1650
vn 0.3129 0.9353 0.1651
vn 0.2986 0.9413 0.1572
vn 0.2987 0.9413 0.1573
vn 0.4654 0.8701 -0.1622
vn 0.4654 0.8700 -0.1624
vn 0.4608 0.8720 -0.1654
vn 0.4552 0.8745 -0.1676
vn 0.4745 0.8661 -0.1570
vn 0.4710 0.8677 -0.1593
vn 0.1124 0.8484 0.5173
vn 0.1124 0.8484 0.5172
vn 0.0893 0.8582 0.5055
vn 0.0893 0.8582 0.5054
vn 0.0669 0.8678 0.4924
vn 0.0668 0.8678 0.4923
vn 0.0670 0.8677 0.4925
vn 0.0448 0.8773 0.4779
vn 0.0447 0.8773 0.4778
vn 0.0448 0.8772 0.4779
vn 0.0449 0.8771 0.4781
vn 0.6018 0.6397 -0.4781
vn 0.5799 0.6490 -0.4924
vn 0.5799 0.6491 -0.4923
vn 0.5575 0.6587 -0.5054
vn 0.5574 0.6587 -0.5055
vn 0.5574 0.6587 -0.5054
vn 0.5343 0.6685 -0.5173
vn 0.5344 0.6685 -0.5173
vn 0.5343 0.6685 -0.5172
vn 0.4501 0.8768 -0.1693
vn 0.4502 0.8767 -0.1696
vn 0.3234 0.9302 0.1739
vn 0.3163 0.9333 0.1700
vn 0.3389 0.9240 0.1773
vn 0.3335 0.9263 0.1754
vn 0.3451 0.9215 0.1781
vn 0.3469 0.9205 0.1796
vn 0.3287 0.9273 0.1792
vn 0.3263 0.9283 0.1786
vn 0.4347 0.8834 -0.1752
vn 0.4363 0.8826 -0.1749
vn 0.4284 0.8857 -0.1788
vn 0.4250 0.8871 -0.1799
vn 0.4463 0.8781 -0.1724
vn 0.4392 0.8809 -0.1762
vn 0.2093 0.8071 0.5521
vn 0.1846 0.8177 0.5453
vn 0.1847 0.8177 0.5453
vn 0.1845 0.8177 0.5453
vn 0.1601 0.8281 0.5373
vn 0.1361 0.8383 0.5279
vn 0.1361 0.8383 0.5280
vn 0.5107 0.6785 -0.5281
vn 0.5106 0.6784 -0.5283
vn 0.4867 0.6888 -0.5373
vn 0.4866 0.6888 -0.5374
vn 0.4622 0.6993 -0.5453
vn 0.4374 0.7098 -0.5521
vn 0.4375 0.7098 -0.5521
vn 0.4374 0.7099 -0.5520
vn 0.4190 0.8898 -0.1809
vn 0.4191 0.8897 -0.1811
vn 0.3540 0.9175 0.1815
vn 0.3504 0.9189 0.1810
vn 0.3715 0.9094 0.1871
vn 0.3652 0.9120 0.1870
vn 0.3775 0.9067 0.1881
vn 0.3773 0.9069 0.1877
vn 0.3586 0.9146 0.1870
vn 0.3600 0.9142 0.1862
vn 0.4014 0.8976 -0.1823
vn 0.4017 0.8973 -0.1832
vn 0.3965 0.8988 -0.1869
vn 0.3927 0.9002 -0.1883
vn 0.4138 0.8922 -0.1811
vn 0.4069 0.8947 -0.1845
vn 0.3106 0.7639 0.5657
vn 0.2851 0.7748 0.5643
vn 0.2595 0.7856 0.5617
vn 0.2597 0.7856 0.5616
vn 0.2344 0.7964 0.5575
vn 0.4122 0.7206 -0.5576
vn 0.4120 0.7207 -0.5576
vn 0.4124 0.7205 -0.5575
vn 0.3872 0.7312 -0.5616
vn 0.3871 0.7313 -0.5616
vn 0.3617 0.7421 -0.5643
vn 0.3361 0.7530 -0.5657
vn 0.3362 0.7530 -0.5657
vn 0.3361 0.7531 -0.5657
vn 0.3822 0.9053 -0.1853
vn 0.3843 0.9047 -0.1838
vn 0.3884 0.9032 0.1829
vn 0.3814 0.9054 0.1864
vn 0.4045 0.8959 0.1836
vn 0.4002 0.8979 0.1834
vn 0.4098 0.8939 0.1816
vn 0.4096 0.8939 0.1821
vn 0.3921 0.9014 0.1835
vn 0.3915 0.9016 0.1841
vn 0.3706 0.9106 -0.1830
vn 0.3704 0.9106 -0.1834
vn 0.3622 0.9141 -0.1823
vn 0.3578 0.9158 -0.1823
vn 0.3773 0.9067 -0.1886
vn 0.3739 0.9085 -0.1866
vn 0.4123 0.7205 0.5575
vn 0.4123 0.7206 0.5575
vn 0.3872 0.7312 0.5616
vn 0.3871 0.7312 0.5616
vn 0.3616 0.7421 0.5643
vn 0.3615 0.7423 0.5642
vn 0.2596 0.7856 -0.5616
vn 0.3493 0.9186 -0.1849
vn 0.3509 0.9180 -0.1849
vn 0.4225 0.8878 0.1826
vn 0.4147 0.8911 0.1845
vn 0.4369 0.8815 0.1790
vn 0.4335 0.8830 0.1802
vn 0.4444 0.8781 0.1777
vn 0.4445 0.8782 0.1766
vn 0.4302 0.8844 0.1810
vn 0.4286 0.8858 0.1781
vn 0.3351 0.9246 -0.1812
vn 0.3345 0.9249 -0.1807
vn 0.3283 0.9277 -0.1777
vn 0.3248 0.9294 -0.1755
vn 0.3467 0.9204 -0.1808
vn 0.3447 0.9216 -0.1787
vn 0.5107 0.6786 0.5280
vn 0.4866 0.6889 0.5373
vn 0.4622 0.6992 0.5454
vn 0.4374 0.7098 0.5522
vn 0.4373 0.7098 0.5522
vn 0.3184 0.9317 -0.1746
vn 0.3211 0.9306 -0.1758
vn 0.4516 0.8759 0.1699
vn 0.4486 0.8771 0.1720
vn 0.4679 0.8683 0.1648
vn 0.4648 0.8697 0.1661
vn 0.4732 0.8657 0.1633
vn 0.4768 0.8642 0.1606
vn 0.4601 0.8715 0.1700
vn 0.4598 0.8717 0.1693
vn 0.3037 0.9382 -0.1658
vn 0.3041 0.9381 -0.1656
vn 0.3014 0.9402 -0.1590
vn 0.2956 0.9423 -0.1573
vn 0.3132 0.9343 -0.1702
vn 0.3101 0.9356 -0.1686
vn 0.6018 0.6397 0.4781
vn 0.6018 0.6397 0.4782
vn 0.5799 0.6491 0.4924
vn 0.5574 0.6588 0.5052
vn 0.5574 0.6586 0.5055
vn 0.1124 0.8483 -0.5174
vn 0.0895 0.8583 -0.5053
vn 0.0899 0.8584 -0.5050
vn 0.0894 0.8583 -0.5054
vn 0.0893 0.8582 -0.5055
vn 0.0668 0.8678 -0.4924
vn 0.0668 0.8677 -0.4925
vn 0.0449 0.8772 -0.4780
vn 0.0448 0.8772 -0.4781
vn 0.2925 0.9439 -0.1532
vn 0.2918 0.9441 -0.1537
vn 0.4831 0.8624 0.1513
vn 0.4773 0.8649 0.1555
vn 0.4951 0.8572 0.1413
vn 0.4912 0.8591 0.1437
vn 0.4994 0.8556 0.1358
vn 0.4995 0.8556 0.1355
vn 0.4887 0.8592 0.1515
vn 0.4881 0.8596 0.1508
vn 0.2778 0.9503 -0.1403
vn 0.2786 0.9498 -0.1420
vn 0.2732 0.9517 -0.1399
vn 0.2710 0.9532 -0.1344
vn 0.2833 0.9470 -0.1518
vn 0.2809 0.9481 -0.1490
vn 0.6823 0.6054 0.4098
vn 0.2658 0.9551 -0.1306
vn 0.2655 0.9552 -0.1307
vn 0.5068 0.8524 0.1288
vn 0.5040 0.8535 0.1323
vn 0.5198 0.8461 0.1180
vn 0.5172 0.8474 0.1206
vn 0.5217 0.8462 0.1085
vn 0.5222 0.8458 0.1091
vn 0.5122 0.8491 0.1290
vn 0.5153 0.8482 0.1228
vn 0.2570 0.9593 -0.1172
vn 0.2505 0.9606 -0.1205
vn 0.2505 0.9618 -0.1108
vn 0.2473 0.9629 -0.1079
vn 0.2612 0.9571 -0.1255
vn 0.2577 0.9585 -0.1217
vn 0.7002 0.5978 0.3903
vn 0.7004 0.5978 0.3900
vn -0.0536 0.9192 -0.3900
vn -0.0536 0.9192 -0.3901
vn -0.0537 0.9193 -0.3900
vn -0.0706 0.9264 -0.3697
vn -0.0706 0.9264 -0.3698
vn -0.0704 0.9264 -0.3699
vn -0.1021 0.9399 -0.3258
vn 0.2458 0.9640 -0.1014
vn 0.2468 0.9637 -0.1018
vn 0.5270 0.8439 0.1005
vn 0.5257 0.8442 0.1049
vn 0.5380 0.8387 0.0847
vn 0.5388 0.8378 0.0880
vn 0.5432 0.8357 0.0809
vn 0.5425 0.8362 0.0802
vn 0.5345 0.8396 0.0970
vn 0.5338 0.8401 0.0965
vn 0.2355 0.9682 -0.0843
vn 0.2355 0.9681 -0.0853
vn 0.2303 0.9696 -0.0823
vn 0.2283 0.9704 -0.0789
vn 0.2411 0.9656 -0.0978
vn 0.2397 0.9664 -0.0928
vn 0.7992 0.5557 0.2293
vn 0.7884 0.5601 0.2544
vn 0.7763 0.5653 0.2789
vn 0.7632 0.5709 0.3028
vn 0.7631 0.5709 0.3027
vn 0.7632 0.5708 0.3027
vn 0.7632 0.5709 0.3027
vn -0.1163 0.9460 -0.3027
vn -0.1295 0.9516 -0.2789
vn -0.1414 0.9567 -0.2545
vn -0.1525 0.9613 -0.2294
vn 0.2289 0.9710 -0.0688
vn 0.2284 0.9711 -0.0696
vn 0.5425 0.8372 0.0692
vn 0.5415 0.8375 0.0735
vn 0.5487 0.8344 0.0517
vn 0.5476 0.8349 0.0554
vn 0.5498 0.8341 0.0442
vn 0.5498 0.8341 0.0443
vn 0.5451 0.8360 0.0621
vn 0.5451 0.8360 0.0622
vn 0.2244 0.9729 -0.0550
vn 0.2236 0.9730 -0.0567
vn 0.2213 0.9741 -0.0470
vn 0.2203 0.9745 -0.0428
vn 0.2270 0.9718 -0.0643
vn 0.2243 0.9727 -0.0592
vn 0.8312 0.5420 0.1240
vn 0.8249 0.5447 0.1509
vn 0.8176 0.5478 0.1775
vn 0.8090 0.5515 0.2036
vn -0.1622 0.9655 -0.2036
vn 0.2210 0.9747 -0.0345
vn 0.2201 0.9747 -0.0388
vn 0.5523 0.8329 0.0332
vn 0.5514 0.8334 0.0384
vn 0.5577 0.8299 0.0163
vn 0.5570 0.8302 0.0212
vn 0.5586 0.8294 0.0090
vn 0.5586 0.8294 0.0088
vn 0.5547 0.8316 0.0273
vn 0.5555 0.8312 0.0235
vn 0.2133 0.9768 -0.0207
vn 0.2137 0.9767 -0.0208
vn 0.2154 0.9764 -0.0130
vn 0.2162 0.9763 -0.0055
vn 0.2144 0.9763 -0.0298
vn 0.2140 0.9765 -0.0252
vn 0.8437 0.5366 0.0139
vn 0.8437 0.5366 0.0138
vn 0.8399 0.5382 0.0693
vn 0.8399 0.5382 0.0692
vn 0.8399 0.5384 0.0694
vn 0.8362 0.5399 0.0965
vn 0.8362 0.5398 0.0968
vn 0.8362 0.5399 0.0966
vn 0.8362 0.5400 0.0964
vn -0.1894 0.9771 -0.0967
vn -0.1892 0.9772 -0.0968
vn -0.1953 0.9799 -0.0418
vn 0.2175 0.9761 -0.0000
vn 0.2174 0.9761 -0.0000
vn 0.5582 0.8297 -0.0028
vn 0.5582 0.8297 0.0029
vn 0.5573 0.8301 -0.0209
vn 0.5574 0.8301 -0.0158
vn 0.5540 0.8319 -0.0312
vn 0.5539 0.8321 -0.0306
vn 0.5586 0.8294 -0.0090
vn 0.5586 0.8294 -0.0091
vn 0.2132 0.9768 0.0207
vn 0.2137 0.9767 0.0208
vn 0.2141 0.9765 0.0252
vn 0.2145 0.9763 0.0297
vn 0.2160 0.9764 0.0054
vn 0.2153 0.9765 0.0131
vn 0.8362 0.5399 -0.0966
vn 0.8361 0.5400 -0.0965
vn 0.8362 0.5398 -0.0966
vn 0.8425 0.5371 -0.0415
vn 0.8437 0.5367 -0.0140
vn 0.8436 0.5367 -0.0139
vn 0.8437 0.5366 -0.0140
vn -0.1957 0.9798 0.0416
vn -0.1894 0.9771 0.0967
vn -0.1895 0.9771 0.0968
vn 0.2212 0.9746 0.0349
vn 0.2199 0.9747 0.0389
vn 0.5512 0.8335 -0.0379
vn 0.5524 0.8329 -0.0331
vn 0.5476 0.8349 -0.0555
vn 0.5486 0.8345 -0.0517
vn 0.5452 0.8360 -0.0621
vn 0.5453 0.8359 -0.0620
vn 0.5499 0.8341 -0.0442
vn 0.5499 0.8340 -0.0440
vn 0.2245 0.9729 0.0548
vn 0.2237 0.9730 0.0567
vn 0.2243 0.9727 0.0591
vn 0.2270 0.9718 0.0643
vn 0.2204 0.9745 0.0428
vn 0.2213 0.9741 0.0470
vn 0.8090 0.5515 -0.2036
vn 0.8176 0.5478 -0.1775
vn 0.8312 0.5420 -0.1240
vn -0.1709 0.9692 0.1774
vn -0.1622 0.9655 0.2036
vn 0.2291 0.9710 0.0689
vn 0.2285 0.9710 0.0697
vn 0.5415 0.8375 -0.0735
vn 0.5429 0.8370 -0.0686
vn 0.5362 0.8390 -0.0926
vn 0.5383 0.8385 -0.0842
vn 0.5343 0.8396 -0.0974
vn 0.5335 0.8402 -0.0970
vn 0.5424 0.8361 -0.0823
vn 0.5420 0.8364 -0.0815
vn 0.2360 0.9680 0.0849
vn 0.2356 0.9681 0.0858
vn 0.2396 0.9664 0.0928
vn 0.2412 0.9656 0.0977
vn 0.2283 0.9704 0.0789
vn 0.2303 0.9696 0.0823
vn 0.7763 0.5653 -0.2789
vn 0.7883 0.5603 -0.2544
vn -0.1163 0.9460 0.3026
vn 0.2458 0.9640 0.1015
vn 0.2468 0.9637 0.1020
vn 0.5257 0.8443 -0.1041
vn 0.5276 0.8435 -0.1004
vn 0.5179 0.8470 -0.1202
vn 0.5199 0.8461 -0.1171
vn 0.5119 0.8494 -0.1282
vn 0.5115 0.8498 -0.1275
vn 0.5208 0.8466 -0.1096
vn 0.5212 0.8463 -0.1104
vn 0.2559 0.9598 0.1153
vn 0.2500 0.9608 0.1199
vn 0.2581 0.9584 0.1220
vn 0.2610 0.9571 0.1256
vn 0.2473 0.9629 0.1079
vn 0.2506 0.9617 0.1109
vn 0.7004 0.5977 -0.3901
vn -0.1022 0.9399 0.3258
vn -0.0865 0.9334 0.3483
vn -0.0708 0.9265 0.3696
vn -0.0536 0.9192 0.3901
vn 0.2658 0.9551 0.1306
vn 0.2655 0.9552 0.1307
vn 0.5042 0.8535 -0.1317
vn 0.5072 0.8522 -0.1287
vn 0.4911 0.8590 -0.1446
vn 0.4941 0.8578 -0.1415
vn 0.4889 0.8591 -0.1515
vn 0.4883 0.8596 -0.1507
vn 0.4995 0.8556 -0.1359
vn 0.4994 0.8557 -0.1356
vn 0.2778 0.9503 0.1403
vn 0.2786 0.9498 0.1420
vn 0.2809 0.9481 0.1490
vn 0.2833 0.9469 0.1518
vn 0.2710 0.9532 0.1344
vn 0.2732 0.9517 0.1399
vn 0.6633 0.6135 -0.4285
vn 0.6823 0.6055 -0.4098
vn 0.6822 0.6056 -0.4098
vn -0.0356 0.9115 0.4097
vn -0.0355 0.9115 0.4097
vn -0.0356 0.9115 0.4098
vn -0.0166 0.9034 0.4286
vn 0.0031 0.8950 0.4460
vn 0.0237 0.8863 0.4626
vn 0.2923 0.9440 0.1531
vn 0.2918 0.9441 0.1537
vn 0.4786 0.8646 -0.1530
vn 0.4831 0.8622 -0.1524
vn 0.4651 0.8695 -0.1662
vn 0.4681 0.8682 -0.1646
vn 0.4593 0.8717 -0.1707
vn 0.4586 0.8722 -0.1701
vn 0.4721 0.8664 -0.1626
vn 0.4713 0.8671 -0.1615
vn 0.3037 0.9382 0.1659
vn 0.3041 0.9381 0.1656
vn 0.3100 0.9356 0.1687
vn 0.3133 0.9342 0.1704
vn 0.2958 0.9422 0.1574
vn 0.3003 0.9406 0.1585
vn 0.5797 0.6492 -0.4923
vn 0.5798 0.6491 -0.4923
vn 0.0449 0.8772 0.4780
vn 0.0449 0.8771 0.4782
vn 0.0668 0.8678 0.4924
vn 0.0668 0.8678 0.4925
vn 0.0668 0.8677 0.4925
vn 0.1123 0.8485 0.5172
vn 0.3184 0.9316 0.1754
vn 0.3220 0.9315 0.1692
vn 0.4492 0.8769 -0.1710
vn 0.4526 0.8753 -0.1700
vn 0.4341 0.8827 -0.1803
vn 0.4372 0.8815 -0.1785
vn 0.4287 0.8859 -0.1772
vn 0.4266 0.8867 -0.1782
vn 0.4430 0.8787 -0.1782
vn 0.4425 0.8790 -0.1774
vn 0.3349 0.9247 0.1810
vn 0.3344 0.9249 0.1807
vn 0.3456 0.9209 0.1804
vn 0.3468 0.9203 0.1814
vn 0.3247 0.9294 0.1755
vn 0.3285 0.9276 0.1777
vn 0.4373 0.7098 -0.5521
vn 0.4375 0.7098 -0.5520
vn 0.4866 0.6888 -0.5373
vn 0.5107 0.6786 -0.5280
vn 0.5107 0.6786 -0.5279
vn 0.1361 0.8384 0.5278
vn 0.3501 0.9182 0.1856
vn 0.3512 0.9178 0.1850
vn 0.4153 0.8909 -0.1837
vn 0.4218 0.8875 -0.1855
vn 0.4000 0.8979 -0.1835
vn 0.4043 0.8961 -0.1833
vn 0.3929 0.9012 -0.1831
vn 0.3926 0.9014 -0.1828
vn 0.4102 0.8938 -0.1815
vn 0.4106 0.8935 -0.1817
vn 0.3696 0.9110 0.1829
vn 0.3695 0.9110 0.1834
vn 0.3737 0.9087 0.1861
vn 0.3745 0.9080 0.1876
vn 0.3578 0.9158 0.1823
vn 0.3621 0.9141 0.1824
vn 0.4125 0.7205 -0.5575
vn 0.2344 0.7963 0.5576
vn 0.2344 0.7962 0.5578
vn 0.2596 0.7857 0.5615
vn 0.2596 0.7858 0.5614
vn 0.3106 0.7638 0.5657
vn -0.9362 0.2326 0.2637
vn -0.9361 0.2326 0.2637
vn -0.9362 0.2326 0.2636
vn -0.9233 0.2271 0.3099
vn -0.9232 0.2271 0.3099
vn -0.9233 0.2271 0.3098
vn -0.8160 0.5145 0.2636
vn -0.8030 0.5090 0.3099
vn -0.8030 0.5090 0.3100
vn -0.8030 0.5090 0.3098
vn -0.9746 -0.1166 0.1911
vn -0.9651 -0.1207 0.2326
vn -0.9536 -0.1255 0.2735
vn -0.9404 -0.1312 0.3138
vn -0.9082 0.2207 0.3556
vn -0.7883 0.5021 0.3556
vn -0.7880 0.5026 0.3556
vn -0.7880 0.5027 0.3554
vn -0.7880 0.5025 0.3556
vn -0.5564 0.7694 0.3138
vn -0.5697 0.7750 0.2735
vn -0.5811 0.7799 0.2326
vn -0.5906 0.7840 0.1911
vn -0.8268 0.5191 0.2166
vn -0.9470 0.2372 0.2166
vn 0.0068 -0.1695 -0.9855
vn 0.0511 -0.1884 -0.9808
vn 0.0512 -0.1883 -0.9808
vn 0.1270 0.1124 -0.9855
vn 0.1713 0.0934 -0.9808
vn 0.1714 0.0936 -0.9807
vn 0.1713 0.0935 -0.9808
vn -0.1723 -0.4587 -0.8717
vn -0.1330 -0.4755 -0.8696
vn -0.1330 -0.4756 -0.8696
vn -0.0938 -0.4921 -0.8655
vn -0.0938 -0.4922 -0.8654
vn -0.0549 -0.5088 -0.8592
vn -0.0550 -0.5089 -0.8591
vn -0.0549 -0.5088 -0.8591
vn -0.0549 -0.5087 -0.8592
vn 0.0953 -0.2072 -0.9736
vn 0.0953 -0.2072 -0.9737
vn 0.2155 0.0747 -0.9736
vn 0.3291 0.3918 -0.8592
vn 0.3292 0.3918 -0.8592
vn 0.2902 0.4084 -0.8654
vn 0.2510 0.4251 -0.8697
vn 0.2510 0.4251 -0.8696
vn 0.2118 0.4420 -0.8717
vn 0.2117 0.4419 -0.8717
vn 0.2119 0.4420 -0.8716
vn 0.2122 0.4421 -0.8715
vn 0.0824 0.1314 -0.9879
vn -0.0377 -0.1505 -0.9879
vn -0.8720 0.2054 -0.4444
vn -0.8720 0.2054 -0.4443
vn -0.8720 0.2053 -0.4444
vn -0.8510 0.1963 -0.4871
vn -0.7518 0.4872 -0.4444
vn -0.7518 0.4871 -0.4444
vn -0.7308 0.4782 -0.4871
vn -0.9253 -0.1376 -0.3535
vn -0.9253 -0.1376 -0.3534
vn -0.9085 -0.1448 -0.3921
vn -0.8899 -0.1527 -0.4298
vn -0.8697 -0.1614 -0.4665
vn -0.8697 -0.1613 -0.4665
vn -0.8281 0.1865 -0.5286
vn -0.8281 0.1866 -0.5286
vn -0.7079 0.4683 -0.5287
vn -0.7079 0.4682 -0.5288
vn -0.7079 0.4684 -0.5287
vn -0.7079 0.4684 -0.5286
vn -0.4856 0.7392 -0.4667
vn -0.4857 0.7393 -0.4665
vn -0.4856 0.7393 -0.4665
vn -0.5059 0.7479 -0.4298
vn -0.5245 0.7557 -0.3921
vn -0.5245 0.7558 -0.3921
vn -0.5413 0.7630 -0.3534
vn -0.7709 0.4953 -0.4005
vn -0.8911 0.2134 -0.4005
vn -0.8911 0.2135 -0.4005
vn -0.8718 0.2052 0.4448
vn -0.8720 0.2053 0.4443
vn -0.8721 0.2053 0.4443
vn -0.8510 0.1963 0.4870
vn -0.8511 0.1963 0.4870
vn -0.7519 0.4872 0.4443
vn -0.7519 0.4871 0.4443
vn -0.7518 0.4872 0.4443
vn -0.7308 0.4782 0.4871
vn -0.7308 0.4782 0.4870
vn -0.9253 -0.1377 0.3534
vn -0.9253 -0.1377 0.3533
vn -0.9084 -0.1448 0.3921
vn -0.9085 -0.1448 0.3921
vn -0.9085 -0.1447 0.3921
vn -0.8899 -0.1527 0.4298
vn -0.8899 -0.1526 0.4298
vn -0.8899 -0.1524 0.4298
vn -0.8697 -0.1613 0.4665
vn -0.8281 0.1865 0.5286
vn -0.7079 0.4684 0.5286
vn -0.7079 0.4685 0.5286
vn -0.4857 0.7392 0.4666
vn -0.5059 0.7479 0.4298
vn -0.5245 0.7558 0.3921
vn -0.5413 0.7629 0.3534
vn -0.7709 0.4953 0.4005
vn -0.8911 0.2134 0.4005
vn -0.8911 0.2133 0.4005
vn 0.0068 -0.1695 0.9855
vn 0.0512 -0.1884 0.9808
vn 0.0511 -0.1884 0.9808
vn 0.1270 0.1124 0.9855
vn 0.1713 0.0935 0.9808
vn 0.1713 0.0934 0.9808
vn -0.1723 -0.4587 0.8717
vn -0.1330 -0.4755 0.8696
vn -0.0938 -0.4923 0.8654
vn -0.0938 -0.4921 0.8655
vn -0.0549 -0.5088 0.8591
vn 0.0953 -0.2072 0.9737
vn 0.0953 -0.2072 0.9736
vn 0.2154 0.0747 0.9737
vn 0.2155 0.0747 0.9736
vn 0.2156 0.0748 0.9736
vn 0.3290 0.3919 0.8592
vn 0.3291 0.3919 0.8591
vn 0.3290 0.3918 0.8592
vn 0.3290 0.3920 0.8591
vn 0.2902 0.4085 0.8654
vn 0.2901 0.4084 0.8655
vn 0.2902 0.4084 0.8655
vn 0.2901 0.4084 0.8654
vn 0.2510 0.4251 0.8696
vn 0.2117 0.4419 0.8717
vn 0.0824 0.1314 0.9879
vn 0.0823 0.1315 0.9879
vn -0.0377 -0.1506 0.9879
vn -0.0376 -0.1505 0.9879
vn -0.0377 -0.1505 0.9879
vn -0.9362 0.2326 -0.2637
vn -0.9362 0.2326 -0.2636
vn -0.9361 0.2326 -0.2637
vn -0.9232 0.2271 -0.3100
vn -0.9232 0.2271 -0.3099
vn -0.8160 0.5145 -0.2636
vn -0.8030 0.5090 -0.3100
vn -0.9746 -0.1166 -0.1911
vn -0.9651 -0.1207 -0.2326
vn -0.9536 -0.1256 -0.2735
vn -0.9404 -0.1312 -0.3138
vn -0.9082 0.2207 -0.3556
vn -0.7880 0.5026 -0.3556
vn -0.5564 0.7694 -0.3138
vn -0.5697 0.7750 -0.2735
vn -0.5814 0.7798 -0.2323
vn -0.5815 0.7796 -0.2325
vn -0.5813 0.7799 -0.2322
vn -0.5811 0.7799 -0.2325
vn -0.5906 0.7840 -0.1911
vn -0.5906 0.7839 -0.1915
vn -0.8268 0.5191 -0.2166
vn -0.8268 0.5191 -0.2165
vn -0.9470 0.2372 -0.2166
vn -0.9470 0.2372 -0.2165
vn -0.7767 0.1645 0.6080
vn -0.7767 0.1646 0.6080
vn -0.7484 0.1527 0.6454
vn -0.7484 0.1526 0.6454
vn -0.6565 0.4465 0.6080
vn -0.6565 0.4465 0.6079
vn -0.6282 0.4345 0.6454
vn -0.6282 0.4344 0.6455
vn -0.6282 0.4344 0.6454
vn -0.8477 -0.1708 0.5022
vn -0.8478 -0.1707 0.5021
vn -0.8243 -0.1807 0.5365
vn -0.7994 -0.1913 0.5695
vn -0.7729 -0.2026 0.6013
vn -0.7184 0.1398 0.6814
vn -0.7183 0.1398 0.6815
vn -0.7185 0.1398 0.6814
vn -0.5983 0.4217 0.6814
vn -0.3890 0.6979 0.6013
vn -0.3890 0.6980 0.6013
vn -0.4155 0.7093 0.5695
vn -0.4154 0.7093 0.5695
vn -0.4153 0.7094 0.5695
vn -0.4403 0.7199 0.5365
vn -0.4403 0.7199 0.5366
vn -0.4638 0.7299 0.5021
vn -0.4640 0.7298 0.5021
vn -0.6830 0.4580 0.5690
vn -0.8033 0.1759 0.5690
vn 0.1823 -0.2443 0.9524
vn 0.1824 -0.2443 0.9524
vn 0.2250 -0.2624 0.9383
vn 0.2250 -0.2625 0.9383
vn 0.3026 0.0375 0.9524
vn 0.3453 0.0194 0.9383
vn 0.3454 0.0194 0.9383
vn 0.3452 0.0193 0.9383
vn 0.3452 0.0194 0.9383
vn -0.0162 -0.5252 0.8508
vn 0.0220 -0.5415 0.8404
vn 0.0219 -0.5415 0.8404
vn 0.0598 -0.5578 0.8278
vn 0.0597 -0.5577 0.8279
vn 0.0597 -0.5578 0.8278
vn 0.0966 -0.5733 0.8136
vn 0.0966 -0.5733 0.8137
vn 0.0967 -0.5733 0.8136
vn 0.2670 -0.2804 0.9220
vn 0.3872 0.0014 0.9220
vn 0.3872 0.0015 0.9220
vn 0.4806 0.3272 0.8136
vn 0.4807 0.3272 0.8136
vn 0.4436 0.3430 0.8280
vn 0.4436 0.3429 0.8280
vn 0.4060 0.3591 0.8404
vn 0.3678 0.3754 0.8508
vn 0.2593 0.0560 0.9642
vn 0.1391 -0.2259 0.9642
vn 0.1392 -0.2259 0.9642
vn -0.9666 0.2456 -0.0727
vn -0.9623 0.2437 -0.1209
vn -0.8464 0.5275 -0.0727
vn -0.8465 0.5275 -0.0727
vn -0.8421 0.5256 -0.1209
vn -0.9939 -0.1084 -0.0214
vn -0.9939 -0.1084 -0.0213
vn -0.9919 -0.1093 -0.0641
vn -0.9919 -0.1092 -0.0642
vn -0.9881 -0.1108 -0.1067
vn -0.9881 -0.1109 -0.1067
vn -0.9823 -0.1132 -0.1491
vn -0.9823 -0.1129 -0.1494
vn -0.9823 -0.1133 -0.1490
vn -0.9557 0.2409 -0.1689
vn -0.8357 0.5227 -0.1686
vn -0.8356 0.5228 -0.1689
vn -0.5983 0.7873 -0.1490
vn -0.5983 0.7873 -0.1489
vn -0.6041 0.7897 -0.1068
vn -0.6041 0.7897 -0.1067
vn -0.6080 0.7914 -0.0642
vn -0.6080 0.7913 -0.0642
vn -0.6098 0.7922 -0.0214
vn -0.6099 0.7922 -0.0214
vn -0.8486 0.5284 -0.0243
vn -0.8486 0.5285 -0.0243
vn -0.9688 0.2465 -0.0243
vn -0.9688 0.2465 -0.0244
vn -0.6538 0.1122 0.7483
vn -0.6194 0.0975 0.7790
vn -0.5336 0.3941 0.7483
vn -0.4992 0.3794 0.7790
vn -0.7452 -0.2145 0.6314
vn -0.7453 -0.2145 0.6313
vn -0.7451 -0.2145 0.6315
vn -0.7159 -0.2269 0.6603
vn -0.7159 -0.2270 0.6602
vn -0.7157 -0.2267 0.6605
vn -0.6855 -0.2399 0.6874
vn -0.6854 -0.2400 0.6875
vn -0.6540 -0.2533 0.7128
vn -0.6539 -0.2534 0.7129
vn -0.5835 0.0822 0.8079
vn -0.5836 0.0821 0.8079
vn -0.4634 0.3642 0.8078
vn -0.4634 0.3642 0.8079
vn -0.4634 0.3641 0.8079
vn -0.2699 0.6472 0.7129
vn -0.2699 0.6473 0.7129
vn -0.3015 0.6607 0.6874
vn -0.3319 0.6737 0.6603
vn -0.3319 0.6737 0.6602
vn -0.3611 0.6861 0.6316
vn -0.5667 0.4082 0.7157
vn -0.6869 0.1263 0.7157
vn 0.3486 -0.3152 0.8827
vn 0.3879 -0.3320 0.8598
vn 0.4688 -0.0333 0.8827
vn 0.5080 -0.0502 0.8599
vn 0.5081 -0.0501 0.8598
vn 0.1331 -0.5889 0.7972
vn 0.1687 -0.6041 0.7789
vn 0.2034 -0.6189 0.7587
vn 0.2035 -0.6189 0.7587
vn 0.2370 -0.6333 0.7368
vn 0.2371 -0.6333 0.7367
vn 0.4262 -0.3483 0.8349
vn 0.5464 -0.0664 0.8349
vn 0.6211 0.2674 0.7367
vn 0.6211 0.2673 0.7367
vn 0.6211 0.2673 0.7368
vn 0.5873 0.2817 0.7587
vn 0.5527 0.2965 0.7789
vn 0.5527 0.2965 0.7788
vn 0.5171 0.3117 0.7972
vn 0.4285 -0.0160 0.9034
vn 0.4285 -0.0161 0.9034
vn 0.3083 -0.2980 0.9034
vn 0.3083 -0.2981 0.9034
vn -0.9623 0.2436 0.1209
vn -0.9623 0.2437 0.1209
vn -0.9666 0.2456 0.0727
vn -0.8421 0.5256 0.1209
vn -0.8465 0.5275 0.0727
vn -0.8464 0.5275 0.0727
vn -0.9823 -0.1133 0.1490
vn -0.9823 -0.1132 0.1490
vn -0.9881 -0.1109 0.1067
vn -0.9919 -0.1093 0.0642
vn -0.9919 -0.1092 0.0642
vn -0.9939 -0.1084 0.0214
vn -0.9688 0.2465 0.0243
vn -0.8486 0.5284 0.0243
vn -0.6099 0.7922 0.0214
vn -0.6080 0.7913 0.0642
vn -0.6080 0.7914 0.0642
vn -0.6041 0.7897 0.1067
vn -0.5983 0.7873 0.1490
vn -0.5983 0.7873 0.1489
vn -0.8356 0.5227 0.1689
vn -0.8355 0.5229 0.1689
vn -0.8356 0.5227 0.1690
vn -0.8355 0.5228 0.1690
vn -0.9557 0.2409 0.1689
vn -0.5081 0.0501 0.8598
vn -0.5080 0.0501 0.8599
vn -0.5081 0.0501 0.8599
vn -0.4688 0.0333 0.8827
vn -0.3880 0.3320 0.8598
vn -0.3879 0.3320 0.8598
vn -0.3880 0.3319 0.8598
vn -0.3486 0.3152 0.8827
vn -0.6212 -0.2672 0.7367
vn -0.6211 -0.2673 0.7367
vn -0.5873 -0.2817 0.7587
vn -0.5527 -0.2965 0.7789
vn -0.5527 -0.2966 0.7788
vn -0.5171 -0.3117 0.7971
vn -0.5171 -0.3117 0.7972
vn -0.4285 0.0161 0.9034
vn -0.3083 0.2980 0.9034
vn -0.3084 0.2980 0.9034
vn -0.1331 0.5889 0.7972
vn -0.1332 0.5889 0.7972
vn -0.1687 0.6041 0.7789
vn -0.1687 0.6040 0.7789
vn -0.2034 0.6189 0.7587
vn -0.2371 0.6333 0.7367
vn -0.2370 0.6333 0.7367
vn -0.2366 0.6334 0.7368
vn -0.4262 0.3483 0.8349
vn -0.5464 0.0665 0.8349
vn -0.5464 0.0664 0.8349
vn -0.5465 0.0664 0.8348
vn 0.4992 -0.3794 0.7790
vn 0.5336 -0.3941 0.7483
vn 0.6194 -0.0975 0.7790
vn 0.6538 -0.1122 0.7483
vn 0.2699 -0.6472 0.7129
vn 0.2699 -0.6472 0.7130
vn 0.3016 -0.6607 0.6874
vn 0.3015 -0.6607 0.6874
vn 0.3317 -0.6741 0.6600
vn 0.3319 -0.6737 0.6603
vn 0.3611 -0.6861 0.6316
vn 0.5667 -0.4081 0.7157
vn 0.5667 -0.4082 0.7157
vn 0.6869 -0.1263 0.7157
vn 0.7451 0.2145 0.6316
vn 0.7451 0.2145 0.6315
vn 0.7160 0.2269 0.6602
vn 0.7159 0.2269 0.6603
vn 0.6855 0.2399 0.6874
vn 0.6855 0.2400 0.6874
vn 0.6540 0.2534 0.7128
vn 0.6542 0.2538 0.7125
vn 0.6539 0.2534 0.7129
vn 0.5834 -0.0822 0.8080
vn 0.5833 -0.0823 0.8081
vn 0.5834 -0.0823 0.8080
vn 0.5835 -0.0823 0.8079
vn 0.4634 -0.3641 0.8079
vn 0.4634 -0.3640 0.8079
vn -0.9233 0.2270 0.3099
vn -0.8162 0.5142 0.2635
vn -0.9746 -0.1166 0.1912
vn -0.5812 0.7799 0.2323
vn -0.5810 0.7800 0.2324
vn -0.5810 0.7800 0.2325
vn -0.5812 0.7798 0.2324
vn -0.5699 0.7750 0.2733
vn -0.3453 -0.0194 0.9383
vn -0.3452 -0.0194 0.9383
vn -0.3452 -0.0195 0.9383
vn -0.3454 -0.0194 0.9383
vn -0.3026 -0.0376 0.9524
vn -0.3026 -0.0375 0.9524
vn -0.2250 0.2624 0.9383
vn -0.2250 0.2625 0.9383
vn -0.1824 0.2443 0.9524
vn -0.4807 -0.3274 0.8135
vn -0.4806 -0.3272 0.8136
vn -0.4436 -0.3429 0.8280
vn -0.4436 -0.3430 0.8280
vn -0.4060 -0.3591 0.8404
vn -0.3678 -0.3753 0.8508
vn -0.2593 -0.0560 0.9642
vn -0.1391 0.2259 0.9642
vn 0.0162 0.5252 0.8508
vn 0.0162 0.5254 0.8507
vn 0.0162 0.5253 0.8508
vn -0.0220 0.5415 0.8404
vn -0.0596 0.5576 0.8280
vn -0.0966 0.5734 0.8136
vn -0.0966 0.5733 0.8136
vn -0.0966 0.5734 0.8135
vn -0.0967 0.5734 0.8136
vn -0.2669 0.2804 0.9220
vn -0.2668 0.2802 0.9221
vn -0.2670 0.2803 0.9220
vn -0.2670 0.2804 0.9220
vn -0.3872 -0.0014 0.9220
vn -0.3873 -0.0015 0.9220
vn -0.3872 -0.0015 0.9220
vn 0.6282 -0.4344 0.6454
vn 0.6282 -0.4344 0.6455
vn 0.6565 -0.4465 0.6080
vn 0.7485 -0.1525 0.6454
vn 0.7484 -0.1525 0.6454
vn 0.7485 -0.1525 0.6453
vn 0.7767 -0.1646 0.6080
vn 0.3890 -0.6980 0.6012
vn 0.4154 -0.7093 0.5695
vn 0.4403 -0.7199 0.5365
vn 0.4406 -0.7197 0.5366
vn 0.4638 -0.7299 0.5021
vn 0.6831 -0.4578 0.5691
vn 0.8034 -0.1760 0.5689
vn 0.8033 -0.1759 0.5690
vn 0.8477 0.1707 0.5022
vn 0.8478 0.1707 0.5021
vn 0.8243 0.1807 0.5365
vn 0.7994 0.1913 0.5696
vn 0.7994 0.1913 0.5695
vn 0.7730 0.2026 0.6012
vn 0.7184 -0.1398 0.6814
vn 0.7185 -0.1398 0.6814
vn 0.7183 -0.1398 0.6815
vn 0.5982 -0.4218 0.6813
vn 0.5982 -0.4217 0.6814
vn 0.5983 -0.4217 0.6814
vn -0.8510 0.1962 0.4872
vn -0.8510 0.1963 0.4871
vn -0.8509 0.1963 0.4872
vn -0.8509 0.1962 0.4874
vn -0.8721 0.2052 0.4443
vn -0.8720 0.2052 0.4444
vn -0.7309 0.4781 0.4871
vn -0.7518 0.4871 0.4443
vn -0.9253 -0.1376 0.3534
vn -0.5413 0.7630 0.3534
vn -0.5245 0.7557 0.3922
vn -0.4858 0.7392 0.4665
vn -0.4857 0.7392 0.4665
vn -0.7080 0.4684 0.5286
vn -0.1712 -0.0935 0.9808
vn -0.1713 -0.0934 0.9808
vn -0.1713 -0.0935 0.9808
vn -0.1712 -0.0936 0.9808
vn -0.1270 -0.1124 0.9855
vn -0.1270 -0.1123 0.9855
vn -0.0510 0.1884 0.9808
vn -0.0509 0.1884 0.9808
vn -0.0511 0.1884 0.9808
vn -0.0512 0.1884 0.9808
vn -0.0068 0.1695 0.9855
vn -0.3291 -0.3919 0.8592
vn -0.3290 -0.3919 0.8592
vn -0.2901 -0.4082 0.8656
vn -0.2900 -0.4082 0.8656
vn -0.2511 -0.4251 0.8696
vn -0.2510 -0.4251 0.8697
vn -0.2510 -0.4251 0.8696
vn -0.2118 -0.4418 0.8717
vn -0.2118 -0.4419 0.8717
vn -0.2117 -0.4419 0.8717
vn -0.0825 -0.1315 0.9879
vn -0.0824 -0.1314 0.9879
vn 0.0377 0.1505 0.9879
vn 0.1723 0.4587 0.8717
vn 0.1722 0.4587 0.8717
vn 0.1330 0.4755 0.8696
vn 0.0938 0.4922 0.8654
vn 0.0937 0.4922 0.8654
vn 0.0549 0.5087 0.8592
vn 0.0549 0.5086 0.8593
vn -0.0953 0.2072 0.9736
vn -0.0954 0.2073 0.9736
vn -0.2154 -0.0747 0.9737
vn -0.2154 -0.0749 0.9737
vn -0.2155 -0.0747 0.9736
vn 0.7309 -0.4782 0.4870
vn 0.7308 -0.4782 0.4870
vn 0.7309 -0.4781 0.4870
vn 0.7519 -0.4871 0.4443
vn 0.7518 -0.4871 0.4443
vn 0.7518 -0.4871 0.4444
vn 0.8510 -0.1963 0.4870
vn 0.8720 -0.2053 0.4443
vn 0.8719 -0.2053 0.4445
vn 0.4858 -0.7392 0.4665
vn 0.4857 -0.7392 0.4665
vn 0.5058 -0.7479 0.4299
vn 0.5059 -0.7479 0.4298
vn 0.5245 -0.7558 0.3921
vn 0.5245 -0.7557 0.3921
vn 0.5413 -0.7630 0.3534
vn 0.7709 -0.4953 0.4005
vn 0.8911 -0.2134 0.4005
vn 0.9253 0.1376 0.3534
vn 0.9085 0.1448 0.3921
vn 0.8899 0.1527 0.4298
vn 0.8899 0.1526 0.4298
vn 0.8697 0.1613 0.4665
vn 0.8281 -0.1864 0.5287
vn 0.8281 -0.1865 0.5286
vn 0.8281 -0.1866 0.5286
vn 0.7080 -0.4684 0.5286
vn 0.7079 -0.4684 0.5286
vn -0.7484 0.1525 0.6455
vn -0.7484 0.1525 0.6454
vn -0.7483 0.1524 0.6456
vn -0.7766 0.1647 0.6081
vn -0.7730 -0.2025 0.6013
vn -0.7728 -0.2026 0.6014
vn -0.7994 -0.1914 0.5695
vn -0.7994 -0.1913 0.5696
vn -0.8478 -0.1708 0.5021
vn -0.8033 0.1758 0.5690
vn -0.8031 0.1756 0.5693
vn -0.6831 0.4578 0.5690
vn -0.6831 0.4579 0.5690
vn -0.4639 0.7299 0.5021
vn -0.3890 0.6980 0.6012
vn -0.5983 0.4216 0.6814
vn 0.8031 -0.5090 0.3099
vn 0.8160 -0.5144 0.2636
vn 0.8160 -0.5145 0.2636
vn 0.9232 -0.2271 0.3099
vn 0.9362 -0.2326 0.2636
vn 0.5564 -0.7694 0.3138
vn 0.5697 -0.7750 0.2735
vn 0.5698 -0.7749 0.2735
vn 0.5811 -0.7799 0.2326
vn 0.5906 -0.7840 0.1911
vn 0.8268 -0.5191 0.2166
vn 0.9470 -0.2372 0.2166
vn 0.9470 -0.2372 0.2165
vn 0.9746 0.1166 0.1911
vn 0.9651 0.1207 0.2326
vn 0.9536 0.1256 0.2735
vn 0.9403 0.1313 0.3139
vn 0.9404 0.1312 0.3138
vn 0.9082 -0.2207 0.3556
vn 0.7880 -0.5026 0.3556
vn 0.7880 -0.5027 0.3556
vn -0.4991 0.3795 0.7790
vn -0.7160 -0.2269 0.6602
vn -0.7161 -0.2269 0.6601
vn -0.7160 -0.2269 0.6603
vn -0.7451 -0.2145 0.6316
vn -0.7450 -0.2145 0.6316
vn -0.3611 0.6861 0.6315
vn -0.3610 0.6861 0.6316
vn -0.3015 0.6608 0.6873
vn -0.3015 0.6608 0.6874
vn -0.3016 0.6607 0.6874
vn -0.2700 0.6473 0.7128
vn -0.5836 0.0822 0.8079
vn 0.8421 -0.5256 0.1209
vn 0.8420 -0.5257 0.1209
vn 0.8464 -0.5275 0.0727
vn 0.8465 -0.5275 0.0727
vn 0.9623 -0.2436 0.1209
vn 0.9623 -0.2437 0.1209
vn 0.9666 -0.2456 0.0727
vn 0.5984 -0.7872 0.1491
vn 0.5983 -0.7873 0.1490
vn 0.5983 -0.7873 0.1491
vn 0.6042 -0.7897 0.1068
vn 0.6041 -0.7897 0.1068
vn 0.6041 -0.7897 0.1067
vn 0.6079 -0.7914 0.0642
vn 0.6080 -0.7914 0.0642
vn 0.6099 -0.7922 0.0214
vn 0.8486 -0.5284 0.0243
vn 0.9688 -0.2465 0.0243
vn 0.9939 0.1084 0.0214
vn 0.9939 0.1085 0.0214
vn 0.9920 0.1092 0.0641
vn 0.9920 0.1090 0.0641
vn 0.9920 0.1091 0.0642
vn 0.9881 0.1109 0.1067
vn 0.9823 0.1133 0.1490
vn 0.9557 -0.2410 0.1689
vn 0.9557 -0.2409 0.1689
vn 0.8356 -0.5228 0.1690
vn 0.8356 -0.5228 0.1689
vn 0.8355 -0.5228 0.1690
vn 0.8355 -0.5228 0.1689
vn -0.5172 -0.3117 0.7971
vn -0.5173 -0.3117 0.7970
vn -0.5527 -0.2965 0.7788
vn -0.5873 -0.2818 0.7587
vn -0.5874 -0.2817 0.7587
vn -0.5463 0.0665 0.8349
vn -0.5468 0.0664 0.8347
vn -0.4262 0.3481 0.8350
vn -0.2035 0.6188 0.7587
vn -0.2034 0.6188 0.7587
vn -0.1687 0.6041 0.7788
vn -0.1687 0.6042 0.7788
vn -0.1330 0.5889 0.7972
vn -0.1329 0.5888 0.7973
vn 0.8464 -0.5275 -0.0727
vn 0.8464 -0.5276 -0.0727
vn 0.8421 -0.5256 -0.1209
vn 0.9667 -0.2456 -0.0727
vn 0.9666 -0.2456 -0.0727
vn 0.9623 -0.2437 -0.1209
vn 0.9623 -0.2436 -0.1209
vn 0.6099 -0.7922 -0.0214
vn 0.6080 -0.7913 -0.0642
vn 0.6081 -0.7913 -0.0642
vn 0.6079 -0.7914 -0.0642
vn 0.6042 -0.7896 -0.1068
vn 0.6042 -0.7896 -0.1067
vn 0.6041 -0.7897 -0.1068
vn 0.5983 -0.7873 -0.1490
vn 0.5983 -0.7873 -0.1489
vn 0.8356 -0.5227 -0.1691
vn 0.8355 -0.5228 -0.1690
vn 0.8355 -0.5228 -0.1689
vn 0.9557 -0.2409 -0.1689
vn 0.9557 -0.2410 -0.1689
vn 0.9823 0.1133 -0.1490
vn 0.9881 0.1110 -0.1067
vn 0.9881 0.1109 -0.1067
vn 0.9919 0.1092 -0.0641
vn 0.9919 0.1092 -0.0642
vn 0.9920 0.1091 -0.0640
vn 0.9939 0.1084 -0.0214
vn 0.9939 0.1083 -0.0214
vn 0.9689 -0.2464 -0.0243
vn 0.9689 -0.2463 -0.0244
vn 0.9689 -0.2464 -0.0244
vn 0.9688 -0.2465 -0.0243
vn 0.8486 -0.5284 -0.0243
vn -0.3027 -0.0377 0.9524
vn -0.1825 0.2443 0.9524
vn -0.3679 -0.3752 0.8508
vn -0.3678 -0.3752 0.8509
vn -0.3680 -0.3753 0.8507
vn -0.3685 -0.3754 0.8505
vn -0.4059 -0.3591 0.8404
vn -0.4059 -0.3592 0.8404
vn -0.4436 -0.3431 0.8279
vn -0.4806 -0.3274 0.8135
vn -0.4806 -0.3273 0.8136
vn -0.4807 -0.3272 0.8135
vn -0.0965 0.5734 0.8136
vn -0.0595 0.5574 0.8281
vn -0.0594 0.5572 0.8282
vn -0.2593 -0.0561 0.9642
vn -0.2593 -0.0562 0.9642
vn 0.8160 -0.5145 -0.2636
vn 0.8030 -0.5090 -0.3099
vn 0.9362 -0.2326 -0.2636
vn 0.9362 -0.2326 -0.2635
vn 0.9361 -0.2328 -0.2636
vn 0.9232 -0.2271 -0.3099
vn 0.5906 -0.7840 -0.1911
vn 0.5811 -0.7799 -0.2326
vn 0.5811 -0.7799 -0.2327
vn 0.5697 -0.7750 -0.2736
vn 0.5697 -0.7750 -0.2735
vn 0.5564 -0.7694 -0.3138
vn 0.7880 -0.5026 -0.3556
vn 0.9082 -0.2207 -0.3556
vn 0.9404 0.1312 -0.3138
vn 0.9536 0.1256 -0.2735
vn 0.9651 0.1207 -0.2326
vn 0.9746 0.1166 -0.1911
vn 0.9470 -0.2372 -0.2166
vn 0.9470 -0.2373 -0.2165
vn 0.8268 -0.5191 -0.2165
vn 0.8269 -0.5191 -0.2164
vn 0.8268 -0.5191 -0.2166
vn -0.1270 -0.1125 0.9855
vn -0.1712 -0.0934 0.9808
vn -0.0511 0.1883 0.9808
vn -0.2902 -0.4084 0.8654
vn -0.2902 -0.4085 0.8654
vn -0.3291 -0.3918 0.8592
vn -0.3292 -0.3914 0.8593
vn -0.2155 -0.0747 0.9737
vn -0.0953 0.2071 0.9737
vn 0.0549 0.5088 0.8591
vn 0.0938 0.4921 0.8655
vn 0.7518 -0.4872 -0.4443
vn 0.7518 -0.4871 -0.4443
vn 0.7308 -0.4782 -0.4871
vn 0.8720 -0.2053 -0.4443
vn 0.8720 -0.2053 -0.4444
vn 0.8510 -0.1963 -0.4871
vn 0.8510 -0.1962 -0.4871
vn 0.5413 -0.7630 -0.3534
vn 0.5412 -0.7630 -0.3534
vn 0.5245 -0.7558 -0.3921
vn 0.5245 -0.7558 -0.3920
vn 0.5245 -0.7557 -0.3921
vn 0.5059 -0.7480 -0.4297
vn 0.5058 -0.7481 -0.4296
vn 0.5059 -0.7479 -0.4298
vn 0.4858 -0.7392 -0.4665
vn 0.4857 -0.7392 -0.4665
vn 0.7080 -0.4684 -0.5286
vn 0.7080 -0.4683 -0.5286
vn 0.7079 -0.4684 -0.5286
vn 0.8281 -0.1866 -0.5286
vn 0.8281 -0.1865 -0.5286
vn 0.8697 0.1613 -0.4665
vn 0.8697 0.1614 -0.4665
vn 0.8899 0.1527 -0.4298
vn 0.9084 0.1448 -0.3921
vn 0.9085 0.1448 -0.3921
vn 0.9084 0.1449 -0.3921
vn 0.9084 0.1450 -0.3921
vn 0.9253 0.1376 -0.3534
vn 0.8911 -0.2134 -0.4005
vn 0.8911 -0.2133 -0.4005
vn 0.7709 -0.4953 -0.4005
vn 0.0511 -0.1883 0.9808
vn 0.0510 -0.1883 0.9808
vn 0.0068 -0.1696 0.9855
vn 0.1712 0.0934 0.9808
vn 0.1269 0.1124 0.9855
vn 0.1268 0.1124 0.9855
vn -0.0549 -0.5087 0.8592
vn -0.0548 -0.5088 0.8591
vn -0.1330 -0.4756 0.8695
vn 0.2901 0.4083 0.8655
vn 0.2902 0.4084 0.8654
vn 0.2900 0.4082 0.8656
vn 0.3291 0.3918 0.8592
vn 0.6565 -0.4465 -0.6080
vn 0.6283 -0.4344 -0.6454
vn 0.6282 -0.4344 -0.6455
vn 0.7767 -0.1646 -0.6080
vn 0.7484 -0.1525 -0.6454
vn 0.4638 -0.7299 -0.5021
vn 0.4404 -0.7199 -0.5365
vn 0.4404 -0.7198 -0.5366
vn 0.4155 -0.7093 -0.5695
vn 0.4154 -0.7093 -0.5695
vn 0.3890 -0.6980 -0.6012
vn 0.3889 -0.6981 -0.6012
vn 0.5983 -0.4217 -0.6814
vn 0.7185 -0.1398 -0.6814
vn 0.7184 -0.1398 -0.6814
vn 0.7730 0.2026 -0.6012
vn 0.7994 0.1913 -0.5696
vn 0.8243 0.1807 -0.5365
vn 0.8478 0.1707 -0.5021
vn 0.8033 -0.1759 -0.5690
vn 0.6831 -0.4578 -0.5690
vn 0.6831 -0.4579 -0.5689
vn 0.2250 -0.2624 0.9384
vn 0.3027 0.0377 0.9524
vn 0.3026 0.0376 0.9524
vn 0.3025 0.0376 0.9524
vn 0.0967 -0.5734 0.8136
vn 0.0967 -0.5734 0.8135
vn 0.0968 -0.5734 0.8136
vn 0.0972 -0.5733 0.8136
vn 0.0596 -0.5576 0.8280
vn -0.0162 -0.5253 0.8508
vn 0.1391 -0.2258 0.9642
vn 0.1391 -0.2257 0.9642
vn 0.2594 0.0561 0.9642
vn 0.2594 0.0560 0.9642
vn 0.2595 0.0563 0.9641
vn 0.3678 0.3753 0.8508
vn 0.3678 0.3752 0.8508
vn 0.3677 0.3754 0.8508
vn 0.3873 0.0015 0.9220
vn 0.3871 0.0015 0.9220
vn 0.3875 0.0015 0.9219
vn 0.2670 -0.2805 0.9220
vn 0.2671 -0.2805 0.9219
vn 0.5336 -0.3941 -0.7483
vn 0.4990 -0.3796 -0.7790
vn 0.4992 -0.3794 -0.7790
vn 0.6538 -0.1122 -0.7483
vn 0.6538 -0.1121 -0.7483
vn 0.6192 -0.0971 -0.7792
vn 0.6194 -0.0973 -0.7790
vn 0.6194 -0.0975 -0.7790
vn 0.6190 -0.0973 -0.7793
vn 0.3611 -0.6861 -0.6316
vn 0.3319 -0.6737 -0.6603
vn 0.3015 -0.6607 -0.6874
vn 0.3016 -0.6607 -0.6874
vn 0.2699 -0.6472 -0.7129
vn 0.2697 -0.6474 -0.7129
vn 0.2698 -0.6472 -0.7130
vn 0.2698 -0.6471 -0.7131
vn 0.4634 -0.3641 -0.8079
vn 0.5836 -0.0822 -0.8079
vn 0.5837 -0.0823 -0.8078
vn 0.5835 -0.0822 -0.8079
vn 0.6539 0.2535 -0.7128
vn 0.6539 0.2534 -0.7129
vn 0.6540 0.2535 -0.7128
vn 0.6540 0.2536 -0.7127
vn 0.6855 0.2399 -0.6874
vn 0.7159 0.2269 -0.6603
vn 0.7159 0.2270 -0.6603
vn 0.7451 0.2145 -0.6315
vn 0.7450 0.2144 -0.6316
vn 0.7451 0.2145 -0.6316
vn 0.6869 -0.1263 -0.7157
vn 0.5667 -0.4082 -0.7157
vn 0.3487 -0.3152 0.8827
vn 0.3488 -0.3152 0.8826
vn 0.5081 -0.0501 0.8599
vn 0.2371 -0.6332 0.7367
vn 0.2371 -0.6332 0.7368
vn 0.2034 -0.6188 0.7588
vn 0.1687 -0.6041 0.7788
vn 0.5171 0.3116 0.7972
vn 0.5526 0.2965 0.7789
vn 0.5874 0.2818 0.7586
vn 0.5874 0.2817 0.7587
vn 0.5872 0.2816 0.7588
vn 0.5872 0.2817 0.7588
vn 0.5461 -0.0663 0.8351
vn 0.5464 -0.0666 0.8349
vn 0.5464 -0.0665 0.8349
vn 0.4262 -0.3481 0.8350
vn 0.4262 -0.3484 0.8348
vn 0.3880 -0.3320 -0.8598
vn 0.3879 -0.3320 -0.8598
vn 0.3880 -0.3319 -0.8598
vn 0.3485 -0.3152 -0.8827
vn 0.5081 -0.0501 -0.8598
vn 0.4688 -0.0333 -0.8827
vn 0.2372 -0.6332 -0.7367
vn 0.2371 -0.6331 -0.7369
vn 0.2371 -0.6332 -0.7368
vn 0.2374 -0.6332 -0.7367
vn 0.2033 -0.6189 -0.7587
vn 0.2032 -0.6188 -0.7588
vn 0.1687 -0.6041 -0.7789
vn 0.1331 -0.5889 -0.7972
vn 0.1331 -0.5888 -0.7972
vn 0.1330 -0.5889 -0.7972
vn 0.3083 -0.2980 -0.9034
vn 0.4285 -0.0161 -0.9034
vn 0.5172 0.3116 -0.7971
vn 0.5171 0.3117 -0.7972
vn 0.5171 0.3116 -0.7972
vn 0.5527 0.2965 -0.7789
vn 0.5873 0.2817 -0.7588
vn 0.5874 0.2817 -0.7587
vn 0.5873 0.2817 -0.7587
vn 0.6211 0.2675 -0.7367
vn 0.6211 0.2677 -0.7366
vn 0.6211 0.2673 -0.7367
vn 0.5464 -0.0664 -0.8349
vn 0.5464 -0.0665 -0.8349
vn 0.4262 -0.3483 -0.8349
vn 0.4993 -0.3793 0.7790
vn 0.3610 -0.6862 0.6315
vn 0.5835 -0.0822 0.8079
vn 0.7159 0.2268 0.6603
vn 0.7450 0.2145 0.6316
vn 0.6870 -0.1263 0.7156
vn 0.6871 -0.1263 0.7155
vn 0.5666 -0.4082 0.7158
vn 0.2250 -0.2625 -0.9383
vn 0.1824 -0.2443 -0.9524
vn 0.1824 -0.2444 -0.9524
vn 0.3452 0.0193 -0.9383
vn 0.3452 0.0192 -0.9383
vn 0.3452 0.0194 -0.9383
vn 0.3453 0.0193 -0.9383
vn 0.3026 0.0376 -0.9524
vn 0.0966 -0.5733 -0.8137
vn 0.0966 -0.5733 -0.8136
vn 0.0967 -0.5733 -0.8136
vn 0.0596 -0.5576 -0.8280
vn 0.0594 -0.5574 -0.8281
vn 0.0220 -0.5415 -0.8404
vn 0.0220 -0.5414 -0.8405
vn -0.0162 -0.5252 -0.8508
vn 0.1391 -0.2259 -0.9642
vn 0.2593 0.0560 -0.9642
vn 0.3678 0.3754 -0.8508
vn 0.4060 0.3591 -0.8404
vn 0.4436 0.3430 -0.8280
vn 0.4436 0.3429 -0.8280
vn 0.4806 0.3272 -0.8136
vn 0.4805 0.3272 -0.8136
vn 0.3872 0.0015 -0.9220
vn 0.2671 -0.2804 -0.9220
vn 0.2670 -0.2804 -0.9220
vn 0.7484 -0.1525 0.6455
vn 0.4638 -0.7299 0.5022
vn 0.4636 -0.7301 0.5020
vn 0.4637 -0.7299 0.5021
vn 0.4404 -0.7199 0.5364
vn 0.5983 -0.4216 0.6814
vn 0.7185 -0.1398 0.6813
vn 0.7729 0.2026 0.6013
vn 0.8033 -0.1760 0.5689
vn 0.8033 -0.1756 0.5691
vn 0.6831 -0.4578 0.5690
vn 0.0511 -0.1883 -0.9808
vn 0.0510 -0.1884 -0.9808
vn 0.0067 -0.1695 -0.9855
vn -0.0550 -0.5088 -0.8591
vn -0.1723 -0.4588 -0.8717
vn -0.1724 -0.4589 -0.8716
vn 0.0823 0.1314 -0.9879
vn 0.2118 0.4418 -0.8717
vn 0.2511 0.4251 -0.8696
vn 0.2902 0.4085 -0.8654
vn 0.2903 0.4085 -0.8654
vn 0.2156 0.0747 -0.9736
vn 0.7518 -0.4872 0.4443
vn 0.7308 -0.4782 0.4871
vn 0.7307 -0.4782 0.4872
vn 0.8720 -0.2053 0.4444
vn 0.8721 -0.2052 0.4443
vn 0.8720 -0.2052 0.4443
vn 0.8510 -0.1964 0.4871
vn 0.8509 -0.1965 0.4873
vn 0.8509 -0.1964 0.4872
vn 0.8510 -0.1963 0.4871
vn 0.5061 -0.7479 0.4296
vn 0.5060 -0.7478 0.4298
vn 0.5063 -0.7476 0.4298
vn 0.7080 -0.4684 0.5285
vn 0.8281 -0.1865 0.5287
vn 0.8697 0.1612 0.4664
vn 0.8899 0.1528 0.4298
vn 0.9085 0.1448 0.3920
vn 0.9253 0.1375 0.3534
vn 0.7709 -0.4953 0.4004
vn -0.1270 -0.1124 -0.9855
vn -0.1713 -0.0935 -0.9808
vn -0.0068 0.1695 -0.9855
vn -0.0512 0.1884 -0.9808
vn -0.0511 0.1884 -0.9808
vn -0.2117 -0.4419 -0.8717
vn -0.2510 -0.4251 -0.8696
vn -0.2510 -0.4251 -0.8697
vn -0.2901 -0.4082 -0.8656
vn -0.2900 -0.4082 -0.8656
vn -0.2902 -0.4085 -0.8654
vn -0.3290 -0.3918 -0.8592
vn -0.3291 -0.3918 -0.8592
vn -0.2155 -0.0747 -0.9736
vn -0.0953 0.2072 -0.9736
vn -0.0954 0.2072 -0.9736
vn 0.0549 0.5087 -0.8592
vn 0.0939 0.4922 -0.8654
vn 0.0938 0.4922 -0.8654
vn 0.0937 0.4922 -0.8654
vn 0.1330 0.4755 -0.8696
vn 0.1723 0.4587 -0.8717
vn 0.0375 0.1506 -0.9879
vn 0.0377 0.1505 -0.9879
vn -0.0824 -0.1314 -0.9879
vn 0.8030 -0.5090 0.3099
vn 0.9361 -0.2327 0.2636
vn 0.9362 -0.2327 0.2635
vn 0.9361 -0.2329 0.2636
vn 0.5811 -0.7799 0.2327
vn 0.9536 0.1255 0.2735
vn 0.9651 0.1206 0.2326
vn 0.9470 -0.2371 0.2166
vn -0.3026 -0.0376 -0.9524
vn -0.3451 -0.0194 -0.9384
vn -0.3449 -0.0197 -0.9384
vn -0.3451 -0.0195 -0.9384
vn -0.3452 -0.0192 -0.9383
vn -0.1823 0.2443 -0.9524
vn -0.1824 0.2443 -0.9524
vn -0.2249 0.2623 -0.9384
vn -0.2250 0.2624 -0.9384
vn -0.2250 0.2623 -0.9384
vn -0.2248 0.2623 -0.9384
vn -0.3678 -0.3753 -0.8508
vn -0.3678 -0.3752 -0.8509
vn -0.4060 -0.3591 -0.8404
vn -0.4436 -0.3430 -0.8280
vn -0.4806 -0.3272 -0.8136
vn -0.4806 -0.3271 -0.8136
vn -0.4804 -0.3275 -0.8136
vn -0.4806 -0.3273 -0.8136
vn -0.3872 -0.0015 -0.9220
vn -0.2670 0.2804 -0.9220
vn -0.0967 0.5734 -0.8136
vn -0.0967 0.5734 -0.8135
vn -0.0596 0.5575 -0.8280
vn -0.0596 0.5576 -0.8280
vn -0.0220 0.5415 -0.8404
vn 0.0162 0.5252 -0.8508
vn -0.1391 0.2259 -0.9642
vn -0.1391 0.2258 -0.9642
vn -0.2593 -0.0560 -0.9642
vn 0.6100 -0.7921 0.0215
vn 0.6099 -0.7922 0.0216
vn 0.6080 -0.7913 0.0642
vn 0.6042 -0.7897 0.1067
vn 0.6041 -0.7897 0.1066
vn 0.5984 -0.7872 0.1489
vn 0.5984 -0.7872 0.1490
vn 0.5985 -0.7873 0.1484
vn 0.8355 -0.5229 0.1689
vn 0.8356 -0.5227 0.1690
vn 0.9881 0.1108 0.1067
vn 0.9919 0.1092 0.0641
vn 0.9919 0.1092 0.0642
vn 0.8487 -0.5283 0.0243
vn -0.4688 0.0333 -0.8827
vn -0.4688 0.0332 -0.8827
vn -0.5082 0.0502 -0.8598
vn -0.5081 0.0502 -0.8598
vn -0.5081 0.0501 -0.8598
vn -0.3485 0.3152 -0.8827
vn -0.3486 0.3152 -0.8827
vn -0.3880 0.3320 -0.8598
vn -0.3883 0.3317 -0.8598
vn -0.3879 0.3320 -0.8598
vn -0.5170 -0.3117 -0.7972
vn -0.5169 -0.3119 -0.7972
vn -0.5171 -0.3117 -0.7972
vn -0.5527 -0.2965 -0.7789
vn -0.5877 -0.2817 -0.7585
vn -0.5873 -0.2817 -0.7587
vn -0.5874 -0.2817 -0.7587
vn -0.6211 -0.2673 -0.7367
vn -0.6211 -0.2673 -0.7368
vn -0.5463 0.0664 -0.8349
vn -0.5464 0.0663 -0.8349
vn -0.5464 0.0664 -0.8349
vn -0.4262 0.3483 -0.8349
vn -0.2371 0.6333 -0.7367
vn -0.2034 0.6189 -0.7587
vn -0.2034 0.6190 -0.7586
vn -0.2034 0.6188 -0.7587
vn -0.2033 0.6189 -0.7587
vn -0.1687 0.6041 -0.7789
vn -0.1687 0.6040 -0.7789
vn -0.1331 0.5889 -0.7972
vn -0.3083 0.2980 -0.9034
vn -0.4285 0.0161 -0.9034
vn 0.8421 -0.5257 -0.1209
vn 0.8465 -0.5275 -0.0727
vn 0.6042 -0.7897 -0.1066
vn 0.6042 -0.7897 -0.1067
vn 0.6041 -0.7897 -0.1065
vn 0.8487 -0.5284 -0.0243
vn 0.8357 -0.5227 -0.1686
vn 0.8355 -0.5228 -0.1691
vn -0.6194 0.0975 -0.7790
vn -0.6538 0.1122 -0.7483
vn -0.6539 0.1122 -0.7482
vn -0.6538 0.1121 -0.7483
vn -0.6538 0.1124 -0.7483
vn -0.4992 0.3794 -0.7790
vn -0.5336 0.3941 -0.7483
vn -0.5336 0.3940 -0.7483
vn -0.5336 0.3940 -0.7484
vn -0.6539 -0.2534 -0.7129
vn -0.6855 -0.2399 -0.6874
vn -0.7159 -0.2269 -0.6603
vn -0.7159 -0.2270 -0.6602
vn -0.7451 -0.2145 -0.6315
vn -0.7452 -0.2145 -0.6314
vn -0.6869 0.1263 -0.7157
vn -0.5667 0.4082 -0.7157
vn -0.5667 0.4082 -0.7156
vn -0.3611 0.6861 -0.6316
vn -0.3319 0.6737 -0.6602
vn -0.3319 0.6737 -0.6603
vn -0.3015 0.6607 -0.6874
vn -0.2699 0.6473 -0.7129
vn -0.2699 0.6472 -0.7129
vn -0.4634 0.3641 -0.8079
vn -0.5835 0.0822 -0.8079
vn -0.5835 0.0821 -0.8079
vn -0.5835 0.0823 -0.8079
vn 0.8031 -0.5089 -0.3099
vn 0.8031 -0.5090 -0.3099
vn 0.9361 -0.2326 -0.2637
vn 0.9362 -0.2325 -0.2636
vn 0.5698 -0.7750 -0.2735
vn 0.5700 -0.7749 -0.2732
vn 0.8268 -0.5191 -0.2167
vn 0.8268 -0.5191 -0.2168
vn 0.9536 0.1255 -0.2735
vn 0.9082 -0.2207 -0.3557
vn 0.7881 -0.5025 -0.3555
vn -0.7484 0.1525 -0.6454
vn -0.7767 0.1646 -0.6080
vn -0.7766 0.1646 -0.6080
vn -0.6283 0.4344 -0.6454
vn -0.6282 0.4344 -0.6454
vn -0.6565 0.4465 -0.6080
vn -0.7730 -0.2026 -0.6012
vn -0.7994 -0.1913 -0.5695
vn -0.7995 -0.1913 -0.5695
vn -0.7994 -0.1913 -0.5696
vn -0.8243 -0.1807 -0.5365
vn -0.8478 -0.1707 -0.5021
vn -0.8033 0.1759 -0.5690
vn -0.6831 0.4578 -0.5690
vn -0.4639 0.7299 -0.5021
vn -0.4638 0.7299 -0.5021
vn -0.4639 0.7298 -0.5021
vn -0.4403 0.7199 -0.5365
vn -0.4154 0.7093 -0.5695
vn -0.4154 0.7093 -0.5694
vn -0.3889 0.6980 -0.6013
vn -0.3890 0.6980 -0.6012
vn -0.3890 0.6980 -0.6013
vn -0.5983 0.4217 -0.6814
vn -0.7184 0.1398 -0.6814
vn -0.7183 0.1398 -0.6815
vn -0.7185 0.1398 -0.6814
vn 0.7308 -0.4782 -0.4870
vn 0.7519 -0.4871 -0.4443
vn 0.7518 -0.4872 -0.4444
vn 0.8510 -0.1963 -0.4870
vn 0.8720 -0.2054 -0.4444
vn 0.8720 -0.2055 -0.4443
vn 0.4857 -0.7393 -0.4665
vn 0.5244 -0.7558 -0.3921
vn 0.7709 -0.4953 -0.4004
vn 0.8911 -0.2135 -0.4005
vn 0.8281 -0.1865 -0.5287
vn 0.7079 -0.4684 -0.5287
vn -0.1714 -0.0935 -0.9808
vn -0.1714 -0.0935 -0.9807
vn -0.0512 0.1884 -0.9807
vn -0.0512 0.1885 -0.9807
vn -0.3291 -0.3917 -0.8592
vn -0.2902 -0.4084 -0.8654
vn -0.2510 -0.4252 -0.8696
vn -0.2507 -0.4256 -0.8695
vn -0.2119 -0.4420 -0.8716
vn -0.2122 -0.4421 -0.8715
vn -0.2115 -0.4418 -0.8718
vn 0.1723 0.4588 -0.8717
vn 0.0938 0.4921 -0.8655
vn 0.0938 0.4921 -0.8654
vn 0.0550 0.5087 -0.8592
vn -0.2155 -0.0747 -0.9737
vn -0.8510 0.1963 -0.4870
vn -0.8720 0.2052 -0.4443
vn -0.8721 0.2052 -0.4443
vn -0.7308 0.4782 -0.4870
vn -0.7519 0.4871 -0.4443
vn -0.7519 0.4872 -0.4443
vn -0.8899 -0.1528 -0.4298
vn -0.9084 -0.1448 -0.3921
vn -0.9253 -0.1375 -0.3534
vn -0.8911 0.2134 -0.4004
vn -0.7709 0.4953 -0.4006
vn -0.7709 0.4952 -0.4005
vn -0.5413 0.7629 -0.3535
vn -0.5413 0.7629 -0.3534
vn -0.4857 0.7392 -0.4665
vn -0.8281 0.1864 -0.5287
vn 0.6282 -0.4344 -0.6454
vn 0.7484 -0.1526 -0.6454
vn 0.7485 -0.1526 -0.6454
vn 0.4403 -0.7200 -0.5365
vn 0.4403 -0.7199 -0.5365
vn 0.4404 -0.7199 -0.5364
vn 0.4638 -0.7299 -0.5022
vn 0.4638 -0.7300 -0.5021
vn 0.6831 -0.4578 -0.5691
vn 0.8479 0.1705 -0.5019
vn 0.8478 0.1707 -0.5020
vn 0.8243 0.1806 -0.5365
vn 0.7994 0.1914 -0.5695
vn 0.7994 0.1913 -0.5695
vn 0.7730 0.2025 -0.6012
vn 0.7186 -0.1398 -0.6813
vn 0.7184 -0.1398 -0.6815
vn 0.5982 -0.4217 -0.6814
vn -0.3453 -0.0194 -0.9383
vn -0.3452 -0.0194 -0.9383
vn -0.3454 -0.0194 -0.9383
vn -0.3026 -0.0374 -0.9524
vn -0.2250 0.2625 -0.9383
vn -0.1825 0.2443 -0.9524
vn -0.4439 -0.3431 -0.8278
vn -0.4060 -0.3590 -0.8404
vn -0.4060 -0.3591 -0.8403
vn -0.3680 -0.3753 -0.8507
vn -0.3678 -0.3752 -0.8508
vn 0.0161 0.5253 -0.8508
vn 0.0161 0.5252 -0.8508
vn 0.0162 0.5253 -0.8508
vn -0.0221 0.5415 -0.8404
vn -0.0592 0.5573 -0.8282
vn -0.0966 0.5734 -0.8136
vn -0.2672 0.2804 -0.9219
vn -0.3873 -0.0015 -0.9220
vn -0.3879 -0.0016 -0.9217
vn -0.9232 0.2270 -0.3100
vn -0.9361 0.2326 -0.2638
vn -0.8030 0.5090 -0.3099
vn -0.8031 0.5090 -0.3099
vn -0.9404 -0.1311 -0.3138
vn -0.9536 -0.1255 -0.2735
vn -0.9746 -0.1167 -0.1911
vn -0.9746 -0.1166 -0.1912
vn -0.5907 0.7839 -0.1912
vn -0.5811 0.7799 -0.2326
vn -0.7880 0.5027 -0.3555
vn -0.7881 0.5024 -0.3556
vn 0.4991 -0.3795 -0.7790
vn 0.4991 -0.3794 -0.7791
vn 0.3611 -0.6861 -0.6315
vn 0.5666 -0.4081 -0.7158
vn 0.7450 0.2145 -0.6316
vn 0.7450 0.2145 -0.6317
vn 0.7159 0.2268 -0.6603
vn 0.4633 -0.3641 -0.8079
vn 0.4633 -0.3641 -0.8080
vn -0.4689 0.0333 -0.8826
vn -0.6210 -0.2673 -0.7368
vn -0.5873 -0.2817 -0.7588
vn -0.5527 -0.2965 -0.7788
vn -0.5170 -0.3116 -0.7972
vn -0.5171 -0.3117 -0.7971
vn -0.2371 0.6332 -0.7367
vn -0.9622 0.2439 -0.1211
vn -0.9623 0.2438 -0.1209
vn -0.9667 0.2456 -0.0727
vn -0.8421 0.5256 -0.1207
vn -0.8421 0.5255 -0.1208
vn -0.8421 0.5255 -0.1209
vn -0.9823 -0.1132 -0.1492
vn -0.9920 -0.1091 -0.0640
vn -0.9920 -0.1092 -0.0640
vn -0.9939 -0.1083 -0.0214
vn -0.6079 0.7914 -0.0642
vn -0.6041 0.7897 -0.1066
vn -0.6041 0.7897 -0.1065
vn -0.5983 0.7872 -0.1492
vn -0.8355 0.5228 -0.1689
vn 0.3486 -0.3151 -0.8827
vn 0.3484 -0.3150 -0.8829
vn 0.3485 -0.3151 -0.8827
vn 0.3486 -0.3152 -0.8827
vn 0.4689 -0.0333 -0.8826
vn 0.5081 -0.0501 -0.8599
vn 0.2371 -0.6332 -0.7367
vn 0.6212 0.2673 -0.7367
vn -0.4991 0.3795 -0.7790
vn -0.7451 -0.2145 -0.6316
vn -0.7450 -0.2145 -0.6316
vn -0.7449 -0.2145 -0.6317
vn -0.7160 -0.2269 -0.6603
vn -0.6539 -0.2533 -0.7129
vn -0.5834 0.0822 -0.8080
vn -0.4633 0.3641 -0.8079
vn -0.3016 0.6607 -0.6874
vn -0.3015 0.6608 -0.6873
vn -0.9666 0.2457 0.0727
vn -0.9623 0.2437 0.1207
vn -0.9623 0.2436 0.1208
vn -0.8422 0.5255 0.1208
vn -0.8421 0.5255 0.1208
vn -0.9939 -0.1084 0.0213
vn -0.9939 -0.1083 0.0213
vn -0.9939 -0.1086 0.0214
vn -0.9920 -0.1092 0.0641
vn -0.9823 -0.1135 0.1490
vn -0.9823 -0.1134 0.1490
vn -0.9558 0.2409 0.1689
vn -0.8355 0.5228 0.1689
vn -0.5983 0.7873 0.1491
vn -0.6041 0.7897 0.1066
vn -0.6041 0.7897 0.1065
vn -0.6079 0.7914 0.0641
vn -0.6079 0.7914 0.0642
vn -0.6099 0.7922 0.0213
vn -0.6100 0.7921 0.0214
vn -0.8487 0.5284 0.0243
vn 0.1824 -0.2441 -0.9524
vn 0.3026 0.0375 -0.9524
vn 0.3453 0.0194 -0.9383
vn 0.3455 0.0194 -0.9382
vn -0.0162 -0.5253 -0.8508
vn 0.0221 -0.5415 -0.8404
vn 0.0967 -0.5734 -0.8136
vn 0.3873 0.0015 -0.9220
vn 0.4435 0.3430 -0.8280
vn 0.3677 0.3754 -0.8508
vn 0.3677 0.3755 -0.8508
vn -0.7485 0.1525 -0.6454
vn -0.7484 0.1525 -0.6455
vn -0.6565 0.4465 -0.6079
vn -0.7994 -0.1914 -0.5695
vn -0.7729 -0.2026 -0.6013
vn -0.7728 -0.2027 -0.6014
vn -0.7729 -0.2028 -0.6013
vn -0.7185 0.1398 -0.6813
vn -0.5982 0.4217 -0.6814
vn -0.3890 0.6981 -0.6012
vn -0.4404 0.7199 -0.5364
vn -0.4402 0.7200 -0.5365
vn -0.4638 0.7300 -0.5021
vn -0.8033 0.1760 -0.5690
vn -0.3934 -0.9194 -0.0000
vn -0.3933 -0.9194 -0.0001
vn -0.3933 -0.9194 -0.0000
vn -0.3934 -0.9194 -0.0001
vn -0.3931 -0.9195 -0.0002
vn -0.3930 -0.9195 -0.0000
vn -0.3931 -0.9195 0.0002
vn -0.3934 -0.9194 0.0001
vn -0.3933 -0.9194 0.0001
vn -0.3932 -0.9194 -0.0002
vn -0.3932 -0.9194 -0.0000
vn -0.3932 -0.9195 0.0001
vn -0.3710 0.9260 0.0698
vn -0.3712 0.9259 0.0695
vn -0.3711 0.9260 0.0696
vn -0.3708 0.9261 0.0699
vn -0.4334 0.1853 0.8819
vn -0.4334 0.1857 0.8819
vn -0.4335 0.1853 0.8819
vn -0.4335 0.1854 0.8818
vn -0.0901 0.0385 -0.9952
vn -0.0901 0.0386 -0.9952
vn 0.7107 -0.3039 -0.6344
vn -0.2667 0.1142 0.9570
vn -0.2668 0.1142 0.9570
vn -0.2666 0.1142 0.9570
vn -0.2667 0.1142 -0.9570
vn -0.2672 0.1143 -0.9568
vn -0.2670 0.1142 -0.9569
vn -0.2670 0.1141 -0.9569
vn 0.5835 -0.2497 -0.7728
vn 0.5833 -0.2495 -0.7730
vn 0.5833 -0.2496 -0.7729
vn -0.0901 0.0385 0.9952
vn -0.4335 0.1854 -0.8819
vn -0.4336 0.1854 -0.8818
vn -0.4334 0.1854 -0.8819
vn 0.4334 -0.1854 -0.8819
vn 0.4332 -0.1854 -0.8820
vn 0.4335 -0.1854 -0.8819
vn 0.4336 -0.1854 -0.8818
vn 0.0901 -0.0385 0.9952
vn -0.5832 0.2495 -0.7730
vn -0.5833 0.2495 -0.7730
vn -0.5832 0.2495 -0.7731
vn 0.2669 -0.1142 -0.9569
vn 0.2669 -0.1141 -0.9570
vn 0.2670 -0.1143 -0.9569
vn 0.2669 -0.1142 0.9569
vn 0.2668 -0.1142 0.9570
vn 0.2670 -0.1142 0.9569
vn -0.7105 0.3041 -0.6346
vn -0.7105 0.3044 -0.6344
vn -0.7107 0.3043 -0.6343
vn -0.7105 0.3040 -0.6346
vn 0.0901 -0.0385 -0.9952
vn 0.4336 -0.1855 0.8818
vn 0.4334 -0.1853 0.8819
vn 0.4334 -0.1854 0.8819
vn 0.4336 -0.1856 0.8818
vn -0.8106 0.3471 -0.4716
vn -0.8109 0.3469 -0.4713
vn -0.8108 0.3470 -0.4713
vn -0.8108 0.3469 -0.4714
vn 0.5832 -0.2495 0.7730
vn 0.5834 -0.2497 0.7728
vn 0.5833 -0.2495 0.7730
vn -0.8799 0.3763 -0.2902
vn 0.7107 -0.3041 0.6344
vn 0.7109 -0.3041 0.6342
vn 0.7106 -0.3041 0.6344
vn -0.9150 0.3915 -0.0978
vn -0.9150 0.3914 -0.0980
vn -0.9148 0.3917 -0.0982
vn -0.9148 0.3917 -0.0983
vn 0.8107 -0.3468 0.4716
vn 0.8106 -0.3466 0.4719
vn 0.8108 -0.3469 0.4715
vn -0.9151 0.3912 0.0980
vn -0.9150 0.3914 0.0980
vn -0.9150 0.3915 0.0980
vn -0.9151 0.3913 0.0974
vn 0.8798 -0.3764 0.2903
vn 0.8797 -0.3768 0.2902
vn -0.8799 0.3763 0.2902
vn 0.9149 -0.3916 0.0980
vn 0.9150 -0.3914 0.0980
vn 0.9150 -0.3915 0.0980
vn 0.9148 -0.3917 0.0982
vn -0.8108 0.3470 0.4713
vn -0.8108 0.3469 0.4715
vn -0.8108 0.3469 0.4714
vn -0.8111 0.3468 0.4710
vn 0.9149 -0.3916 -0.0980
vn 0.9150 -0.3914 -0.0980
vn 0.9150 -0.3914 -0.0979
vn 0.9150 -0.3914 -0.0978
vn -0.7107 0.3043 0.6342
vn -0.7109 0.3041 0.6342
vn -0.7110 0.3042 0.6340
vn -0.7107 0.3041 0.6344
vn 0.8798 -0.3765 -0.2901
vn 0.8798 -0.3766 -0.2899
vn 0.8798 -0.3766 -0.2902
vn 0.8798 -0.3764 -0.2903
vn -0.5832 0.2494 0.7731
vn 0.8108 -0.3469 -0.4714
vn 0.8108 -0.3469 -0.4715
vn 0.8108 -0.3469 -0.4713
vn 0.8109 -0.3470 -0.4713
vn -0.7197 -0.6002 0.3491
vn -0.7199 -0.5997 0.3494
vn -0.7197 -0.6002 0.3490
vn -0.7196 -0.6004 0.3490
vn 0.9011 0.3816 0.2061
vn 0.9011 0.3815 0.2061
vn 0.9011 0.3817 0.2060
vn 0.9010 0.3817 0.2059
vn -0.3463 0.9153 0.2056
vn -0.3463 0.9153 0.2058
vn -0.3464 0.9153 0.2055
vn -0.3464 0.9154 0.2051
vn 0.9261 0.3709 0.0694
vn 0.9261 0.3709 0.0695
vn 0.9261 0.3709 0.0698
vn -0.2974 0.8943 0.3343
vn -0.2974 0.8944 0.3342
vn -0.2975 0.8941 0.3347
vn 0.9261 0.3709 -0.0695
vn 0.9261 0.3709 -0.0694
vn 0.9261 0.3709 -0.0698
vn -0.2261 0.8641 0.4497
vn -0.2266 0.8640 0.4497
vn -0.2264 0.8640 0.4497
vn 0.9010 0.3818 -0.2058
vn 0.9010 0.3819 -0.2059
vn 0.9011 0.3817 -0.2058
vn -0.1359 0.8254 0.5480
vn -0.1356 0.8255 0.5479
vn -0.1360 0.8253 0.5480
vn -0.1361 0.8253 0.5480
vn 0.8522 0.4026 -0.3341
vn 0.8525 0.4022 -0.3340
vn 0.8521 0.4028 -0.3342
vn 0.8521 0.4027 -0.3342
vn -0.0298 0.7800 0.6251
vn -0.0297 0.7799 0.6252
vn -0.0296 0.7800 0.6251
vn -0.0297 0.7800 0.6250
vn 0.2135 0.6758 -0.7055
vn 0.7813 0.4329 -0.4497
vn 0.7812 0.4330 -0.4497
vn 0.7813 0.4331 -0.4495
vn 0.0882 0.7293 0.6785
vn 0.0881 0.7294 -0.6784
vn 0.0882 0.7294 -0.6784
vn 0.6909 0.4716 -0.5480
vn 0.6911 0.4714 -0.5479
vn 0.6910 0.4715 -0.5480
vn 0.2137 0.6759 0.7054
vn 0.2139 0.6759 0.7053
vn 0.2138 0.6759 0.7054
vn 0.2135 0.6758 0.7055
vn -0.0297 0.7797 -0.6255
vn -0.0300 0.7797 -0.6254
vn -0.0299 0.7799 -0.6252
vn -0.0298 0.7799 -0.6252
vn 0.5846 0.5169 -0.6254
vn 0.5845 0.5167 -0.6256
vn 0.5846 0.5168 -0.6254
vn 0.5847 0.5170 -0.6252
vn 0.3414 0.6212 0.7054
vn 0.3415 0.6212 0.7053
vn 0.3413 0.6211 0.7055
vn -0.1361 0.8254 -0.5479
vn -0.1361 0.8255 -0.5478
vn 0.4666 0.5675 -0.6784
vn 0.4665 0.5677 -0.6783
vn 0.4664 0.5676 0.6785
vn 0.4667 0.5675 0.6783
vn 0.4666 0.5677 0.6782
vn 0.4666 0.5675 0.6785
vn -0.2263 0.8641 -0.4496
vn -0.2264 0.8640 -0.4497
vn -0.2260 0.8642 -0.4495
vn 0.3413 0.6211 -0.7055
vn 0.5846 0.5169 0.6254
vn 0.5847 0.5171 0.6251
vn 0.5847 0.5168 0.6254
vn 0.5842 0.5168 0.6257
vn -0.2970 0.8944 -0.3345
vn -0.2969 0.8944 -0.3344
vn -0.2974 0.8944 -0.3342
vn 0.6909 0.4715 0.5480
vn 0.6908 0.4717 0.5480
vn -0.3463 0.9153 -0.2058
vn -0.3463 0.9153 -0.2056
vn -0.3463 0.9153 -0.2059
vn -0.3463 0.9152 -0.2060
vn 0.7813 0.4329 0.4497
vn 0.7813 0.4328 0.4497
vn -0.3712 0.9260 -0.0695
vn -0.3708 0.9261 -0.0698
vn -0.3709 0.9260 -0.0699
vn 0.8524 0.4022 0.3343
vn 0.8522 0.4025 0.3344
vn 0.8523 0.4023 0.3343
vn 0.8523 0.4022 0.3344
vn -0.2670 0.1142 0.9569
vn -0.2671 0.1142 0.9569
vn -0.2669 0.1142 0.9569
vn -0.2668 0.1141 0.9570
vn 0.1558 -0.9748 -0.1598
vn 0.1561 -0.9747 -0.1597
vn 0.1559 -0.9748 -0.1598
vn 0.1557 -0.9748 -0.1598
vn -0.6493 -0.6304 0.4254
vn -0.6494 -0.6303 0.4254
vn -0.6494 -0.6304 0.4254
vn 0.1177 -0.9586 -0.2594
vn 0.1177 -0.9586 -0.2593
vn -0.5669 -0.6657 0.4853
vn -0.5669 -0.6657 0.4852
vn -0.3779 -0.7466 -0.5476
vn -0.3778 -0.7467 -0.5475
vn -0.3779 -0.7465 -0.5477
vn -0.3780 -0.7465 -0.5476
vn 0.0624 -0.9350 -0.3491
vn 0.0623 -0.9350 -0.3492
vn 0.0625 -0.9350 -0.3492
vn 0.0626 -0.9350 -0.3492
vn -0.4753 -0.7049 0.5266
vn -0.4753 -0.7049 0.5265
vn -0.4753 -0.7048 -0.5266
vn -0.4753 -0.7049 -0.5265
vn -0.4754 -0.7049 -0.5265
vn -0.0074 -0.9050 -0.4254
vn -0.0075 -0.9050 -0.4254
vn -0.0073 -0.9051 -0.4252
vn -0.3780 -0.7465 0.5476
vn -0.5671 -0.6656 -0.4853
vn -0.5671 -0.6655 -0.4853
vn -0.5669 -0.6657 -0.4853
vn -0.0900 -0.8697 -0.4853
vn -0.2790 -0.7888 0.5476
vn -0.2789 -0.7889 0.5475
vn -0.2790 -0.7889 0.5476
vn -0.2789 -0.7889 0.5476
vn -0.6494 -0.6304 -0.4254
vn -0.1816 -0.8305 -0.5266
vn -0.1815 -0.8305 -0.5266
vn -0.1816 -0.8305 0.5266
vn -0.1816 -0.8305 0.5265
vn -0.7194 -0.6006 -0.3490
vn -0.7195 -0.6005 -0.3488
vn -0.7196 -0.6004 -0.3490
vn -0.7194 -0.6005 -0.3491
vn -0.2789 -0.7889 -0.5476
vn -0.0899 -0.8697 0.4853
vn -0.0900 -0.8697 0.4853
vn -0.7746 -0.5768 -0.2594
vn -0.7746 -0.5769 -0.2594
vn -0.7746 -0.5768 -0.2595
vn -0.7746 -0.5768 -0.2596
vn -0.0070 -0.9050 0.4253
vn -0.0072 -0.9050 0.4253
vn -0.0071 -0.9049 0.4256
vn -0.0069 -0.9048 0.4257
vn -0.8124 -0.5608 -0.1597
vn -0.8127 -0.5605 -0.1596
vn -0.8125 -0.5606 -0.1597
vn -0.8125 -0.5607 -0.1597
vn 0.0626 -0.9350 0.3492
vn 0.0626 -0.9350 0.3491
vn 0.0625 -0.9350 0.3490
vn 0.0623 -0.9348 0.3496
vn -0.8319 -0.5523 -0.0539
vn -0.8318 -0.5525 -0.0539
vn -0.8320 -0.5522 -0.0538
vn 0.1177 -0.9586 0.2594
vn -0.8319 -0.5523 0.0539
vn -0.8320 -0.5521 0.0541
vn -0.8319 -0.5522 0.0540
vn 0.1556 -0.9748 0.1596
vn 0.1555 -0.9748 0.1597
vn 0.1556 -0.9748 0.1597
vn 0.1556 -0.9748 0.1598
vn -0.8125 -0.5605 0.1600
vn -0.8126 -0.5606 0.1597
vn -0.8123 -0.5609 0.1600
vn -0.8125 -0.5605 0.1603
vn 0.1749 -0.9831 0.0541
vn 0.1751 -0.9831 0.0540
vn 0.1748 -0.9831 0.0541
vn 0.1747 -0.9831 0.0540
vn -0.7745 -0.5769 0.2593
vn -0.7746 -0.5768 0.2594
vn 0.1750 -0.9831 -0.0540
vn 0.1750 -0.9831 -0.0539
vn 0.4672 0.5719 0.6743
vn 0.4672 0.5723 0.6739
vn 0.4672 0.5718 0.6743
vn -0.2668 0.1141 -0.9570
vn -0.2671 0.1143 -0.9569
vn -0.2671 0.1142 -0.9569
vn 0.5832 -0.2495 -0.7731
vn -0.0900 0.0386 0.9952
vn -0.0903 0.0387 0.9952
vn -0.0903 0.0386 0.9952
vn -0.4334 0.1854 -0.8820
vn -0.4333 0.1854 -0.8820
vn 0.4338 -0.1855 -0.8817
vn 0.4333 -0.1854 -0.8820
vn 0.0901 -0.0386 0.9952
vn 0.0904 -0.0387 0.9952
vn 0.0900 -0.0386 0.9952
vn 0.0903 -0.0387 0.9952
vn -0.5834 0.2495 -0.7729
vn -0.5835 0.2495 -0.7729
vn 0.2670 -0.1142 -0.9569
vn 0.2671 -0.1142 -0.9569
vn 0.2670 -0.1143 0.9569
vn 0.2664 -0.1141 0.9571
vn -0.7107 0.3041 -0.6344
vn -0.7107 0.3039 -0.6345
vn -0.7107 0.3044 -0.6342
vn 0.0904 -0.0387 -0.9952
vn 0.0901 -0.0386 -0.9952
vn 0.0903 -0.0387 -0.9952
vn 0.4331 -0.1854 0.8821
vn -0.8108 0.3471 -0.4714
vn -0.8108 0.3468 -0.4716
vn -0.8107 0.3468 -0.4717
vn 0.5832 -0.2495 0.7731
vn -0.8799 0.3763 -0.2900
vn -0.8800 0.3763 -0.2897
vn -0.8798 0.3764 -0.2903
vn 0.7108 -0.3041 0.6342
vn -0.9150 0.3913 -0.0982
vn -0.9150 0.3912 -0.0986
vn 0.8108 -0.3469 0.4714
vn 0.8109 -0.3468 0.4714
vn 0.8109 -0.3469 0.4713
vn 0.8109 -0.3469 0.4712
vn -0.9150 0.3913 0.0980
vn -0.9150 0.3915 0.0977
vn 0.8798 -0.3763 0.2905
vn 0.8797 -0.3761 0.2908
vn -0.8799 0.3763 0.2900
vn -0.8800 0.3763 0.2897
vn 0.9150 -0.3914 0.0981
vn 0.9150 -0.3913 0.0980
vn -0.8108 0.3471 0.4714
vn -0.8108 0.3473 0.4711
vn -0.8108 0.3469 0.4713
vn -0.8107 0.3468 0.4716
vn 0.9150 -0.3914 -0.0981
vn 0.9150 -0.3914 -0.0977
vn -0.7107 0.3044 0.6342
vn 0.8799 -0.3764 -0.2901
vn 0.8800 -0.3763 -0.2897
vn 0.8797 -0.3765 -0.2905
vn 0.8795 -0.3767 -0.2908
vn -0.5831 0.2495 0.7731
vn -0.5832 0.2495 0.7730
vn -0.5832 0.2495 0.7731
vn -0.5830 0.2494 0.7733
vn 0.8107 -0.3469 -0.4717
vn -0.4334 0.1854 0.8819
vn -0.4335 0.1854 0.8819
vn -0.0903 0.0386 -0.9952
vn -0.0903 0.0387 -0.9952
vn 0.7108 -0.3041 -0.6342
vn 0.2939 -0.8226 0.4868
vn 0.2938 -0.8226 0.4868
vn 0.2940 -0.8225 0.4868
vn -0.2220 0.8666 -0.4470
vn -0.2216 0.8666 -0.4472
vn -0.2219 0.8666 -0.4470
vn -0.2219 0.8665 -0.4472
vn 0.3426 0.6252 -0.7013
vn 0.3426 0.6252 -0.7012
vn 0.3425 0.6252 -0.7013
vn 0.5845 0.5217 0.6215
vn -0.2922 0.8969 -0.3320
vn -0.2923 0.8969 -0.3320
vn 0.6900 0.4765 0.5449
vn 0.6899 0.4766 0.5448
vn 0.6900 0.4764 0.5449
vn 0.6901 0.4765 0.5447
vn -0.3411 0.9175 -0.2048
vn -0.3412 0.9174 -0.2046
vn -0.3410 0.9176 -0.2043
vn -0.3409 0.9176 -0.2046
vn 0.7799 0.4378 0.4473
vn 0.7799 0.4379 0.4472
vn 0.7800 0.4378 0.4472
vn 0.7800 0.4380 0.4469
vn -0.3654 0.9283 -0.0690
vn -0.3655 0.9283 -0.0689
vn -0.3655 0.9282 -0.0691
vn -0.3657 0.9282 -0.0691
vn 0.8505 0.4079 0.3322
vn 0.8503 0.4079 0.3325
vn -0.3655 0.9282 0.0689
vn -0.3657 0.9282 0.0691
vn -0.3658 0.9281 0.0691
vn -0.3656 0.9282 0.0692
vn 0.8991 0.3870 0.2046
vn 0.8991 0.3871 0.2046
vn -0.3410 0.9175 0.2047
vn -0.3412 0.9174 0.2049
vn -0.3411 0.9174 0.2048
vn -0.3409 0.9176 0.2046
vn 0.9238 0.3765 0.0691
vn 0.9238 0.3766 0.0692
vn 0.9239 0.3765 0.0691
vn -0.2924 0.8967 0.3323
vn -0.2923 0.8968 0.3322
vn -0.2922 0.8968 0.3321
vn -0.2921 0.8969 0.3321
vn 0.9238 0.3765 -0.0691
vn 0.9238 0.3766 -0.0692
vn 0.9238 0.3767 -0.0692
vn 0.9237 0.3767 -0.0691
vn -0.2217 0.8667 0.4470
vn -0.2217 0.8669 0.4465
vn -0.2216 0.8667 0.4469
vn -0.2217 0.8666 0.4470
vn 0.8990 0.3872 -0.2045
vn 0.8991 0.3871 -0.2046
vn 0.8990 0.3872 -0.2046
vn -0.1319 0.8282 0.5447
vn -0.1318 0.8282 0.5447
vn 0.8505 0.4078 -0.3323
vn 0.8505 0.4079 -0.3322
vn -0.0262 0.7830 0.6215
vn -0.0264 0.7830 0.6215
vn -0.0265 0.7830 0.6215
vn 0.2156 0.6794 -0.7013
vn 0.2156 0.6795 -0.7013
vn 0.2156 0.6794 -0.7014
vn 0.2153 0.6792 -0.7017
vn 0.7799 0.4381 -0.4470
vn 0.7800 0.4380 -0.4471
vn 0.0915 0.7327 0.6744
vn 0.0912 0.7328 0.6743
vn 0.0910 0.7328 0.6743
vn 0.0914 0.7326 0.6745
vn 0.0910 0.7328 -0.6744
vn 0.0912 0.7327 -0.6744
vn 0.6901 0.4766 -0.5447
vn 0.6901 0.4765 -0.5447
vn 0.6903 0.4763 -0.5447
vn 0.6901 0.4766 -0.5446
vn 0.2152 0.6795 0.7014
vn 0.2156 0.6795 0.7013
vn 0.2155 0.6795 0.7013
vn 0.2153 0.6792 0.7017
vn -0.0264 0.7830 -0.6215
vn -0.0263 0.7830 -0.6215
vn -0.0264 0.7829 -0.6216
vn 0.5844 0.5217 -0.6216
vn 0.5845 0.5217 -0.6215
vn 0.5844 0.5217 -0.6215
vn 0.3423 0.6252 0.7014
vn 0.3426 0.6253 0.7012
vn 0.3426 0.6252 0.7012
vn 0.3425 0.6252 0.7013
vn -0.1319 0.8282 -0.5447
vn 0.4672 0.5719 -0.6743
vn 0.4670 0.5719 -0.6744
vn 0.4675 0.5717 -0.6742
vn 0.4671 0.5717 -0.6745
vn 0.9149 -0.3915 0.0983
vn 0.9148 -0.3918 0.0979
vn 0.9148 -0.3920 0.0975
vn -0.9546 -0.2881 -0.0753
vn 0.3710 -0.8551 0.3621
vn 0.3709 -0.8552 0.3621
vn 0.3709 -0.8551 0.3621
vn -0.9547 -0.2881 0.0752
vn -0.9547 -0.2880 0.0752
vn -0.9547 -0.2881 0.0753
vn -0.9546 -0.2881 0.0753
vn 0.4236 -0.8780 0.2231
vn 0.4238 -0.8779 0.2229
vn 0.4236 -0.8780 0.2230
vn 0.4237 -0.8779 0.2230
vn -0.9276 -0.2999 0.2227
vn -0.9276 -0.2997 0.2229
vn 0.4508 -0.8894 0.0753
vn 0.4509 -0.8894 0.0753
vn 0.4509 -0.8894 0.0754
vn 0.4508 -0.8894 0.0755
vn -0.8748 -0.3222 0.3619
vn -0.8747 -0.3223 0.3620
vn -0.8748 -0.3220 0.3618
vn 0.4510 -0.8893 -0.0758
vn 0.4506 -0.8895 -0.0753
vn 0.4508 -0.8894 -0.0754
vn 0.4509 -0.8894 -0.0754
vn -0.7977 -0.3553 0.4874
vn -0.7977 -0.3553 0.4873
vn -0.7976 -0.3551 0.4876
vn -0.7976 -0.3552 0.4875
vn 0.4238 -0.8779 -0.2229
vn 0.4237 -0.8779 -0.2229
vn 0.4238 -0.8779 -0.2230
vn -0.6998 -0.3970 0.5939
vn -0.6999 -0.3971 0.5937
vn -0.6997 -0.3969 0.5941
vn 0.3710 -0.8551 -0.3620
vn 0.3711 -0.8551 -0.3621
vn 0.3710 -0.8552 -0.3620
vn 0.3710 -0.8552 -0.3619
vn -0.5848 -0.4463 0.6773
vn -0.5848 -0.4464 0.6773
vn -0.5851 -0.4462 0.6772
vn -0.3211 -0.5593 -0.7643
vn -0.3211 -0.5592 -0.7643
vn -0.3212 -0.5594 -0.7642
vn 0.2940 -0.8221 -0.4876
vn 0.2939 -0.8222 -0.4874
vn 0.2940 -0.8222 -0.4874
vn 0.2941 -0.8220 -0.4876
vn -0.4570 -0.5010 0.7350
vn -0.4572 -0.5011 0.7348
vn -0.4568 -0.5009 0.7352
vn -0.4569 -0.5010 -0.7350
vn -0.4568 -0.5011 -0.7350
vn -0.4569 -0.5011 -0.7350
vn 0.1962 -0.7803 -0.5938
vn 0.1961 -0.7804 -0.5937
vn 0.1962 -0.7804 -0.5937
vn -0.3212 -0.5594 0.7642
vn -0.5848 -0.4464 -0.6773
vn -0.5850 -0.4464 -0.6771
vn 0.0806 -0.7311 -0.6775
vn 0.0806 -0.7316 -0.6770
vn 0.0806 -0.7310 -0.6776
vn 0.0810 -0.7312 -0.6773
vn -0.1827 -0.6184 0.7644
vn -0.1827 -0.6184 0.7643
vn -0.7000 -0.3972 -0.5936
vn -0.6999 -0.3971 -0.5937
vn -0.7001 -0.3973 -0.5933
vn -0.6999 -0.3971 -0.5936
vn -0.0469 -0.6763 -0.7351
vn -0.0469 -0.6762 -0.7352
vn -0.0468 -0.6764 -0.7350
vn -0.0467 -0.6769 -0.7346
vn -0.0469 -0.6765 0.7350
vn -0.0468 -0.6765 0.7350
vn -0.0467 -0.6765 0.7350
vn -0.7977 -0.3554 -0.4873
vn -0.7976 -0.3554 -0.4873
vn -0.7976 -0.3553 -0.4874
vn -0.7977 -0.3553 -0.4872
vn -0.1826 -0.6182 -0.7645
vn -0.1827 -0.6184 -0.7643
vn 0.0806 -0.7315 0.6770
vn 0.0810 -0.7313 0.6773
vn 0.0810 -0.7312 0.6773
vn -0.8746 -0.3223 -0.3621
vn -0.8746 -0.3224 -0.3620
vn 0.1961 -0.7804 0.5937
vn 0.1962 -0.7804 0.5937
vn -0.9276 -0.2998 -0.2226
vn -0.9277 -0.2997 -0.2227
vn -0.9276 -0.2998 -0.2227
vn -0.9276 -0.2999 -0.2227
vn 0.8745 0.3110 -0.3723
vn 0.8744 0.3110 -0.3723
vn -0.8107 0.3470 0.4716
vn -0.8107 0.3470 0.4715
vn 0.9148 -0.3918 -0.0980
vn 0.9149 -0.3915 -0.0985
vn -0.7107 0.3040 0.6345
vn -0.7106 0.3040 0.6345
vn 0.8798 -0.3763 -0.2904
vn 0.8798 -0.3763 -0.2905
vn -0.5833 0.2495 0.7730
vn -0.5834 0.2495 0.7729
vn 0.8109 -0.3469 -0.4713
vn 0.8106 -0.3470 -0.4717
vn 0.8107 -0.3469 -0.4715
vn -0.4332 0.1853 0.8821
vn -0.0902 0.0386 -0.9952
vn -0.2669 0.1141 0.9569
vn -0.2669 0.1141 0.9570
vn -0.2668 0.1140 0.9570
vn -0.2669 0.1141 -0.9569
vn -0.2668 0.1140 -0.9570
vn -0.2669 0.1141 -0.9570
vn -0.2669 0.1142 -0.9569
vn 0.5830 -0.2494 -0.7732
vn -0.0902 0.0386 0.9952
vn -0.0907 0.0388 0.9951
vn -0.4335 0.1855 -0.8818
vn -0.4332 0.1853 -0.8821
vn 0.4335 -0.1855 -0.8818
vn 0.4332 -0.1853 -0.8821
vn 0.4336 -0.1856 -0.8818
vn 0.0902 -0.0386 0.9952
vn -0.5830 0.2494 -0.7732
vn 0.2668 -0.1141 -0.9570
vn 0.2673 -0.1145 -0.9568
vn 0.2671 -0.1143 -0.9569
vn 0.2668 -0.1141 0.9570
vn 0.2673 -0.1145 0.9568
vn 0.2671 -0.1143 0.9569
vn -0.7106 0.3041 -0.6345
vn 0.0899 -0.0386 -0.9952
vn 0.0902 -0.0386 -0.9952
vn 0.4332 -0.1853 0.8821
vn 0.4335 -0.1855 0.8818
vn -0.8106 0.3472 -0.4715
vn -0.8108 0.3469 -0.4715
vn -0.8107 0.3474 -0.4713
vn 0.5835 -0.2496 0.7728
vn -0.8798 0.3763 -0.2905
vn -0.8798 0.3765 -0.2901
vn -0.8798 0.3766 -0.2901
vn 0.7106 -0.3040 0.6345
vn 0.7107 -0.3043 0.6342
vn -0.9150 0.3914 -0.0981
vn -0.9150 0.3914 -0.0983
vn 0.8107 -0.3469 0.4715
vn -0.9150 0.3914 0.0981
vn -0.9150 0.3914 0.0982
vn -0.9150 0.3914 0.0983
vn 0.8798 -0.3763 0.2904
vn -0.8798 0.3765 0.2901
vn -0.8796 0.3769 0.2905
vn -0.8797 0.3765 0.2904
vn -0.8798 0.3764 0.2903
vn 0.2982 -0.9368 0.1829
vn 0.2983 -0.9367 0.1832
vn 0.2979 -0.9369 0.1829
vn 0.2983 -0.9368 0.1828
vn 0.0225 0.8395 0.5429
vn 0.2115 0.7087 -0.6731
vn 0.7921 0.3575 -0.4948
vn 0.1085 0.7781 0.6187
vn 0.1083 0.7782 -0.6186
vn 0.1085 0.7781 -0.6187
vn 0.1084 0.7782 -0.6186
vn 0.6898 0.4161 -0.5925
vn 0.2115 0.7087 0.6731
vn 0.2115 0.7090 0.6728
vn 0.0225 0.8395 -0.5429
vn 0.5737 0.4840 -0.6608
vn 0.3275 0.6340 0.7005
vn 0.3274 0.6340 0.7006
vn -0.0446 0.8906 -0.4526
vn -0.0445 0.8906 -0.4525
vn -0.0446 0.8906 -0.4525
vn 0.4505 0.5579 -0.6970
vn 0.4505 0.5579 0.6970
vn -0.0930 0.9306 -0.3539
vn -0.0930 0.9306 -0.3540
vn 0.3274 0.6340 -0.7006
vn 0.5737 0.4840 0.6608
vn -0.1251 0.9596 -0.2522
vn 0.6898 0.4161 0.5925
vn -0.1440 0.9781 -0.1505
vn 0.7921 0.3575 0.4948
vn -0.1526 0.9870 -0.0499
vn -0.1526 0.9870 -0.0500
vn -0.1526 0.9870 -0.0501
vn 0.8745 0.3110 0.3723
vn 0.8744 0.3110 0.3723
vn -0.1528 0.9870 0.0497
vn -0.1526 0.9870 0.0500
vn -0.1524 0.9871 0.0500
vn 0.9321 0.2789 0.2311
vn 0.9321 0.2788 0.2312
vn 0.9321 0.2788 0.2313
vn -0.1441 0.9781 0.1505
vn -0.1440 0.9781 0.1505
vn 0.9617 0.2626 0.0783
vn 0.9618 0.2623 0.0784
vn 0.9618 0.2625 0.0782
vn -0.1251 0.9596 0.2522
vn 0.9618 0.2624 -0.0785
vn 0.9618 0.2623 -0.0784
vn 0.9618 0.2624 -0.0784
vn -0.0930 0.9306 0.3539
vn 0.9321 0.2788 -0.2312
vn -0.0446 0.8907 0.4525
vn -0.0445 0.8906 0.4525
vn -0.0445 0.8907 0.4525
vn 0.8986 -0.3290 -0.2903
vn -0.8332 -0.5219 0.1827
vn -0.8332 -0.5218 0.1828
vn -0.8331 -0.5220 0.1828
vn 0.3209 -0.9451 0.0617
vn 0.3206 -0.9452 0.0619
vn 0.3210 -0.9451 0.0617
vn -0.7888 -0.5382 0.2968
vn -0.7888 -0.5383 0.2967
vn -0.7888 -0.5383 0.2968
vn 0.3210 -0.9451 -0.0617
vn 0.3208 -0.9451 -0.0617
vn 0.3209 -0.9451 -0.0617
vn -0.7245 -0.5617 0.3996
vn -0.7245 -0.5616 0.3997
vn -0.7246 -0.5615 0.3995
vn 0.2980 -0.9369 -0.1830
vn 0.2981 -0.9369 -0.1827
vn 0.2984 -0.9368 -0.1828
vn 0.2983 -0.9367 -0.1835
vn -0.6425 -0.5918 0.4868
vn -0.6426 -0.5917 0.4868
vn -0.6424 -0.5919 0.4867
vn 0.2542 -0.9205 -0.2966
vn 0.2546 -0.9206 -0.2961
vn 0.2542 -0.9206 -0.2966
vn 0.2541 -0.9206 -0.2966
vn -0.5460 -0.6273 0.5553
vn -0.5461 -0.6272 0.5553
vn -0.3254 -0.7082 -0.6266
vn -0.3255 -0.7082 -0.6265
vn -0.3253 -0.7081 -0.6267
vn 0.1897 -0.8969 -0.3995
vn 0.1897 -0.8968 -0.3996
vn -0.4390 -0.6665 0.6026
vn -0.4389 -0.6664 0.6027
vn -0.4390 -0.6664 0.6026
vn -0.4390 -0.6664 0.6027
vn -0.4389 -0.6667 -0.6023
vn -0.4389 -0.6668 -0.6023
vn -0.4390 -0.6666 -0.6024
vn 0.1072 -0.8669 -0.4868
vn 0.1076 -0.8669 -0.4868
vn 0.1073 -0.8669 -0.4868
vn -0.3254 -0.7080 0.6268
vn -0.3252 -0.7081 0.6267
vn -0.3253 -0.7081 0.6267
vn -0.5461 -0.6273 -0.5552
vn -0.5461 -0.6272 -0.5553
vn -0.5460 -0.6272 -0.5555
vn -0.5460 -0.6273 -0.5553
vn 0.0113 -0.8314 -0.5556
vn 0.0114 -0.8313 -0.5557
vn 0.0115 -0.8317 -0.5552
vn 0.0113 -0.8316 -0.5552
vn -0.2093 -0.7506 0.6268
vn -0.2093 -0.7506 0.6267
vn -0.2092 -0.7505 0.6269
vn -0.6425 -0.5914 -0.4872
vn -0.6424 -0.5918 -0.4869
vn -0.6425 -0.5918 -0.4868
vn -0.6426 -0.5916 -0.4869
vn -0.0959 -0.7922 -0.6026
vn -0.0961 -0.7924 -0.6024
vn -0.0958 -0.7923 -0.6026
vn -0.0959 -0.7923 0.6026
vn -0.0961 -0.7922 0.6026
vn -0.0958 -0.7923 0.6025
vn -0.7244 -0.5618 -0.3995
vn -0.7245 -0.5617 -0.3995
vn -0.2093 -0.7507 -0.6265
vn -0.2094 -0.7506 -0.6267
vn -0.2094 -0.7507 -0.6265
vn -0.2092 -0.7507 -0.6267
vn 0.0112 -0.8316 0.5552
vn 0.0113 -0.8316 0.5553
vn 0.0114 -0.8316 0.5553
vn 0.0110 -0.8317 0.5551
vn -0.7888 -0.5382 -0.2969
vn -0.7888 -0.5381 -0.2969
vn -0.7888 -0.5383 -0.2968
vn 0.1077 -0.8669 0.4868
vn 0.1074 -0.8669 0.4868
vn 0.1078 -0.8668 0.4868
vn -0.8332 -0.5220 -0.1827
vn -0.8331 -0.5221 -0.1827
vn -0.8332 -0.5219 -0.1827
vn -0.8331 -0.5220 -0.1828
vn 0.1895 -0.8968 0.3998
vn 0.1895 -0.8967 0.4000
vn 0.1894 -0.8969 0.3997
vn 0.1896 -0.8969 0.3995
vn -0.8558 -0.5137 -0.0616
vn -0.8558 -0.5137 -0.0614
vn -0.8558 -0.5136 -0.0616
vn -0.8558 -0.5136 -0.0617
vn 0.2541 -0.9205 0.2968
vn 0.2541 -0.9206 0.2966
vn 0.2541 -0.9205 0.2967
vn 0.2540 -0.9205 0.2968
vn -0.8557 -0.5138 0.0618
vn -0.8557 -0.5137 0.0618
vn -0.8557 -0.5138 0.0619
vn -0.8556 -0.5139 0.0618
vn 0.6722 0.4089 -0.6172
vn -0.5957 0.2184 0.7729
vn -0.5956 0.2184 0.7730
vn -0.5959 0.2184 0.7728
vn 0.8280 -0.3037 -0.4714
vn 0.8280 -0.3036 -0.4714
vn -0.4426 0.1622 0.8819
vn -0.4422 0.1623 0.8821
vn -0.4428 0.1621 0.8818
vn -0.0919 0.0337 -0.9952
vn -0.0920 0.0337 -0.9952
vn -0.0921 0.0337 -0.9952
vn 0.7258 -0.2661 -0.6344
vn 0.7259 -0.2661 -0.6343
vn -0.2725 0.0999 0.9570
vn -0.2726 0.0999 0.9569
vn -0.2724 0.0999 0.9570
vn -0.2726 0.0999 -0.9569
vn -0.2725 0.0999 -0.9570
vn -0.2724 0.0999 -0.9570
vn 0.5954 -0.2184 -0.7732
vn 0.5952 -0.2183 -0.7733
vn 0.5953 -0.2183 -0.7733
vn 0.5954 -0.2185 -0.7732
vn -0.0922 0.0338 0.9952
vn -0.4424 0.1621 -0.8820
vn -0.4427 0.1624 -0.8818
vn -0.4426 0.1623 -0.8819
vn -0.4423 0.1620 -0.8821
vn 0.4427 -0.1622 -0.8819
vn 0.4428 -0.1621 -0.8818
vn 0.4425 -0.1622 -0.8820
vn 0.4424 -0.1622 -0.8820
vn 0.0922 -0.0338 0.9952
vn 0.0923 -0.0338 0.9952
vn -0.5955 0.2181 -0.7732
vn -0.5956 0.2181 -0.7731
vn -0.5955 0.2181 -0.7731
vn 0.2726 -0.0999 -0.9569
vn 0.2729 -0.0999 -0.9568
vn 0.2725 -0.0999 -0.9570
vn 0.2725 -0.0999 0.9569
vn 0.2726 -0.0999 0.9569
vn 0.2725 -0.0999 0.9570
vn -0.7257 0.2662 -0.6345
vn -0.7258 0.2661 -0.6344
vn -0.7259 0.2660 -0.6343
vn 0.0920 -0.0337 -0.9952
vn 0.0919 -0.0337 -0.9952
vn 0.4425 -0.1622 0.8820
vn 0.4428 -0.1621 0.8818
vn 0.4427 -0.1622 0.8819
vn 0.4424 -0.1622 0.8820
vn -0.8280 0.3036 -0.4714
vn 0.5958 -0.2185 0.7729
vn 0.5956 -0.2184 0.7730
vn 0.5957 -0.2184 0.7729
vn 0.5958 -0.2184 0.7729
vn -0.8987 0.3291 -0.2899
vn 0.7258 -0.2658 0.6344
vn 0.7257 -0.2659 0.6345
vn 0.7257 -0.2660 0.6345
vn 0.7257 -0.2661 0.6344
vn -0.9343 0.3426 -0.0981
vn -0.9343 0.3428 -0.0979
vn -0.9343 0.3426 -0.0980
vn -0.9344 0.3425 -0.0980
vn 0.8280 -0.3036 0.4714
vn 0.8282 -0.3031 0.4714
vn 0.8281 -0.3036 0.4714
vn 0.8280 -0.3038 0.4712
vn -0.9344 0.3425 0.0980
vn -0.9344 0.3425 0.0982
vn -0.9343 0.3426 0.0982
vn -0.9344 0.3424 0.0980
vn 0.8986 -0.3290 0.2903
vn -0.8985 0.3293 0.2902
vn 0.9344 -0.3425 0.0980
vn 0.9344 -0.3426 0.0978
vn 0.9344 -0.3424 0.0983
vn -0.8280 0.3037 0.4714
vn -0.8280 0.3036 0.4714
vn -0.8280 0.3037 0.4713
vn 0.9344 -0.3425 -0.0980
vn 0.9344 -0.3426 -0.0979
vn 0.9344 -0.3425 -0.0982
vn 0.9344 -0.3425 -0.0979
vn -0.7257 0.2660 0.6345
vn -0.7258 0.2662 0.6343
vn -0.7258 0.2661 0.6344
vn -0.1505 -0.7276 -0.6693
vn -0.1506 -0.7276 -0.6692
vn 0.1561 0.6844 0.7122
vn -0.0545 0.8122 -0.5808
vn -0.0545 0.8123 -0.5807
vn 0.5483 0.4720 -0.6904
vn 0.5482 0.4720 -0.6904
vn 0.2828 0.6131 0.7377
vn -0.1311 0.8636 -0.4869
vn -0.1313 0.8636 -0.4867
vn -0.1314 0.8636 -0.4867
vn 0.4159 0.5411 -0.7309
vn 0.4159 0.5411 0.7309
vn -0.1880 0.9046 -0.3826
vn -0.1880 0.9046 -0.3827
vn -0.1880 0.9045 -0.3827
vn 0.2828 0.6131 -0.7377
vn 0.5482 0.4720 0.6904
vn -0.2264 0.9348 -0.2737
vn -0.2266 0.9347 -0.2739
vn -0.2264 0.9348 -0.2738
vn 0.6722 0.4089 0.6173
vn 0.6722 0.4089 0.6172
vn 0.6721 0.4089 0.6173
vn -0.2499 0.9543 -0.1639
vn -0.2499 0.9543 -0.1640
vn 0.7807 0.3549 0.5143
vn -0.2606 0.9639 -0.0547
vn -0.2606 0.9639 -0.0546
vn -0.2605 0.9639 -0.0548
vn 0.8679 0.3122 0.3864
vn -0.2605 0.9639 0.0550
vn -0.2606 0.9639 0.0546
vn 0.9288 0.2828 0.2396
vn 0.9288 0.2828 0.2397
vn -0.2499 0.9543 0.1640
vn -0.2499 0.9543 0.1639
vn 0.9601 0.2675 0.0814
vn 0.9601 0.2677 0.0812
vn 0.9601 0.2676 0.0814
vn -0.2267 0.9346 0.2740
vn -0.2266 0.9347 0.2739
vn 0.9601 0.2676 -0.0812
vn 0.9601 0.2677 -0.0812
vn 0.9601 0.2676 -0.0813
vn 0.9601 0.2675 -0.0812
vn -0.1877 0.9047 0.3824
vn -0.1880 0.9045 0.3827
vn -0.1878 0.9046 0.3827
vn -0.1880 0.9046 0.3827
vn 0.9288 0.2828 -0.2396
vn -0.1313 0.8636 0.4867
vn -0.1316 0.8637 0.4865
vn 0.8679 0.3122 -0.3864
vn -0.0545 0.8123 0.5807
vn -0.0546 0.8123 0.5807
vn 0.1562 0.6844 -0.7122
vn 0.1561 0.6844 -0.7122
vn 0.7807 0.3549 -0.5143
vn 0.0421 0.7518 0.6580
vn 0.0421 0.7518 -0.6580
vn 0.0423 0.7518 -0.6580
vn 0.8444 -0.2545 0.4715
vn 0.8444 -0.2545 0.4714
vn 0.8444 -0.2544 0.4715
vn 0.0900 -0.8001 0.5931
vn 0.0904 -0.8003 0.5928
vn -0.7813 -0.5376 -0.3170
vn -0.7814 -0.5375 -0.3170
vn -0.7814 -0.5376 -0.3170
vn 0.1947 -0.8318 0.5199
vn 0.1950 -0.8317 0.5199
vn 0.1947 -0.8317 0.5199
vn 0.1949 -0.8317 0.5199
vn -0.8296 -0.5232 -0.1951
vn -0.8296 -0.5230 -0.1953
vn -0.8296 -0.5231 -0.1952
vn -0.8297 -0.5229 -0.1952
vn 0.2841 -0.8587 0.4264
vn 0.2842 -0.8586 0.4266
vn 0.2842 -0.8586 0.4267
vn 0.2841 -0.8587 0.4265
vn -0.8544 -0.5154 -0.0661
vn -0.8544 -0.5155 -0.0659
vn -0.8544 -0.5153 -0.0662
vn 0.3543 -0.8798 0.3170
vn 0.3543 -0.8797 0.3170
vn -0.8544 -0.5154 0.0660
vn -0.8544 -0.5154 0.0659
vn -0.8544 -0.5155 0.0659
vn 0.4025 -0.8944 0.1952
vn 0.4023 -0.8945 0.1952
vn 0.4026 -0.8943 0.1952
vn -0.8296 -0.5231 0.1952
vn -0.8297 -0.5229 0.1952
vn -0.8297 -0.5229 0.1951
vn 0.4272 -0.9017 0.0659
vn 0.4270 -0.9018 0.0661
vn 0.4272 -0.9018 0.0659
vn 0.4272 -0.9018 0.0658
vn -0.7814 -0.5375 0.3171
vn -0.7813 -0.5376 0.3172
vn -0.7814 -0.5375 0.3170
vn 0.4268 -0.9019 -0.0661
vn 0.4269 -0.9019 -0.0659
vn 0.4269 -0.9019 -0.0662
vn 0.4271 -0.9017 -0.0664
vn -0.7113 -0.5588 0.4264
vn -0.7113 -0.5586 0.4266
vn -0.7113 -0.5587 0.4266
vn 0.4024 -0.8944 -0.1952
vn 0.4026 -0.8943 -0.1952
vn 0.4025 -0.8944 -0.1952
vn -0.6222 -0.5854 0.5198
vn -0.6223 -0.5852 0.5199
vn -0.6222 -0.5854 0.5199
vn -0.6220 -0.5855 0.5199
vn 0.3543 -0.8798 -0.3170
vn 0.3541 -0.8798 -0.3170
vn -0.5171 -0.6174 0.5929
vn -0.5172 -0.6173 0.5929
vn -0.5170 -0.6173 0.5930
vn -0.5169 -0.6171 0.5933
vn -0.2765 -0.6897 -0.6692
vn -0.2765 -0.6896 -0.6693
vn -0.2766 -0.6896 -0.6693
vn 0.2844 -0.8586 -0.4265
vn 0.2845 -0.8585 -0.4267
vn 0.2844 -0.8586 -0.4266
vn 0.2842 -0.8586 -0.4266
vn -0.4004 -0.6523 0.6435
vn -0.4005 -0.6523 0.6434
vn -0.4002 -0.6522 0.6437
vn -0.4004 -0.6522 0.6437
vn -0.4006 -0.6523 -0.6435
vn -0.4005 -0.6525 -0.6434
vn -0.4008 -0.6525 -0.6432
vn -0.4007 -0.6522 -0.6435
vn 0.1947 -0.8315 -0.5204
vn 0.1949 -0.8317 -0.5199
vn 0.1948 -0.8316 -0.5200
vn -0.2765 -0.6895 0.6694
vn -0.2771 -0.6898 0.6689
vn -0.2763 -0.6894 0.6696
vn -0.2766 -0.6895 0.6694
vn -0.5171 -0.6170 -0.5932
vn -0.5171 -0.6171 -0.5931
vn -0.5171 -0.6173 -0.5929
vn 0.0902 -0.8003 -0.5928
vn 0.0902 -0.8002 -0.5929
vn 0.0900 -0.8001 -0.5931
vn -0.1507 -0.7278 0.6691
vn -0.1506 -0.7277 0.6691
vn -0.1508 -0.7278 0.6690
vn -0.1505 -0.7276 0.6693
vn -0.6223 -0.5852 -0.5198
vn -0.6222 -0.5853 -0.5198
vn -0.6224 -0.5851 -0.5198
vn -0.0269 -0.7650 -0.6435
vn -0.0267 -0.7649 -0.6436
vn -0.0269 -0.7650 -0.6434
vn -0.0271 -0.7651 -0.6433
vn -0.0271 -0.7651 0.6434
vn -0.0272 -0.7651 0.6434
vn -0.7113 -0.5586 -0.4266
vn -0.7113 -0.5586 -0.4265
vn 0.9107 0.4060 -0.0766
vn 0.9107 0.4059 -0.0766
vn -0.9529 0.2871 0.0980
vn -0.9528 0.2872 0.0980
vn -0.9529 0.2868 0.0984
vn -0.9528 0.2872 0.0981
vn 0.9162 -0.2761 0.2904
vn 0.9161 -0.2762 0.2907
vn 0.9163 -0.2761 0.2902
vn -0.9162 0.2761 0.2903
vn -0.9161 0.2762 0.2907
vn -0.9162 0.2760 0.2903
vn -0.9163 0.2761 0.2903
vn 0.9529 -0.2873 0.0975
vn 0.9528 -0.2872 0.0980
vn -0.8444 0.2545 0.4714
vn -0.8443 0.2546 0.4715
vn -0.8445 0.2544 0.4713
vn 0.9528 -0.2872 -0.0980
vn 0.9528 -0.2872 -0.0982
vn -0.7398 0.2232 0.6347
vn -0.7399 0.2233 0.6346
vn -0.7398 0.2231 0.6348
vn -0.7400 0.2231 0.6346
vn 0.9162 -0.2761 -0.2903
vn 0.9162 -0.2761 -0.2904
vn 0.9163 -0.2761 -0.2902
vn -0.6075 0.1832 0.7729
vn 0.8444 -0.2544 -0.4715
vn 0.8444 -0.2545 -0.4714
vn -0.4516 0.1362 0.8818
vn -0.4515 0.1361 0.8818
vn -0.4514 0.1361 0.8819
vn -0.0939 0.0283 -0.9952
vn -0.0938 0.0283 -0.9952
vn -0.0936 0.0282 -0.9952
vn 0.7401 -0.2230 -0.6344
vn 0.7401 -0.2232 -0.6344
vn -0.2778 0.0838 0.9570
vn -0.2779 0.0838 0.9570
vn -0.2777 0.0838 -0.9570
vn 0.6074 -0.1831 -0.7730
vn 0.6075 -0.1832 -0.7729
vn 0.6073 -0.1830 -0.7731
vn -0.0938 0.0283 0.9952
vn -0.0936 0.0283 0.9952
vn -0.0939 0.0283 0.9952
vn -0.4515 0.1361 -0.8818
vn -0.4513 0.1360 -0.8820
vn -0.4516 0.1361 -0.8818
vn -0.4514 0.1361 -0.8819
vn 0.4514 -0.1360 -0.8819
vn 0.4513 -0.1360 -0.8820
vn 0.4515 -0.1360 -0.8819
vn 0.0938 -0.0283 0.9952
vn 0.0939 -0.0283 0.9952
vn -0.6075 0.1832 -0.7729
vn 0.2778 -0.0838 -0.9570
vn 0.2777 -0.0838 -0.9570
vn 0.2779 -0.0838 -0.9569
vn 0.2779 -0.0838 0.9569
vn 0.2779 -0.0838 0.9570
vn 0.2778 -0.0838 0.9570
vn -0.7401 0.2232 -0.6344
vn -0.7399 0.2233 -0.6346
vn -0.7402 0.2231 -0.6343
vn 0.0937 -0.0283 -0.9952
vn 0.0938 -0.0283 -0.9952
vn 0.0937 -0.0282 -0.9952
vn 0.0936 -0.0283 -0.9952
vn 0.4513 -0.1360 0.8820
vn 0.4515 -0.1360 0.8819
vn 0.4514 -0.1360 0.8819
vn 0.4512 -0.1360 0.8820
vn -0.8444 0.2545 -0.4714
vn -0.8445 0.2544 -0.4713
vn 0.6071 -0.1829 0.7733
vn 0.6074 -0.1831 0.7730
vn 0.6074 -0.1828 0.7731
vn -0.9162 0.2761 -0.2903
vn -0.9162 0.2761 -0.2904
vn -0.9162 0.2761 -0.2902
vn 0.7401 -0.2230 0.6344
vn 0.7401 -0.2229 0.6345
vn -0.9528 0.2873 -0.0978
vn -0.9528 0.2873 -0.0977
vn -0.9528 0.2874 -0.0977
vn -0.9528 0.2872 -0.0980
vn -0.2083 -0.6081 -0.7661
vn -0.2083 -0.6081 -0.7660
vn -0.0542 0.9682 0.2441
vn 0.8789 0.4203 -0.2255
vn 0.8790 0.4202 -0.2255
vn -0.0372 0.9417 0.3343
vn 0.8175 0.4482 -0.3617
vn 0.0003 0.9041 0.4274
vn 0.0003 0.9040 0.4275
vn 0.1490 0.7969 -0.5854
vn 0.7300 0.4889 -0.4776
vn 0.0625 0.8552 0.5146
vn 0.0625 0.8552 -0.5145
vn 0.0625 0.8552 -0.5146
vn 0.6223 0.5404 -0.5663
vn 0.1490 0.7969 0.5854
vn 0.1491 0.7969 0.5854
vn -0.0000 0.9040 -0.4275
vn 0.0003 0.9040 -0.4275
vn 0.5016 0.6003 -0.6229
vn 0.2561 0.7324 0.6309
vn -0.0372 0.9417 -0.3343
vn 0.3765 0.6655 -0.6444
vn 0.3765 0.6655 0.6444
vn -0.0542 0.9682 -0.2441
vn 0.2561 0.7324 -0.6309
vn 0.5016 0.6003 0.6229
vn -0.0569 0.9850 -0.1626
vn -0.0571 0.9850 -0.1627
vn -0.0567 0.9850 -0.1628
vn 0.6223 0.5404 0.5663
vn -0.0535 0.9943 -0.0920
vn 0.7300 0.4889 0.4776
vn -0.0499 0.9983 -0.0296
vn -0.0499 0.9983 -0.0295
vn 0.8175 0.4482 0.3617
vn -0.0499 0.9983 0.0295
vn -0.0499 0.9983 0.0296
vn 0.8790 0.4202 0.2255
vn -0.0536 0.9943 0.0919
vn -0.0535 0.9943 0.0920
vn 0.9107 0.4059 0.0766
vn -0.0572 0.9850 0.1628
vn -0.0571 0.9850 0.1627
vn -0.0573 0.9850 0.1630
vn -0.6201 0.1337 -0.7730
vn -0.6201 0.1337 -0.7731
vn -0.6202 0.1337 -0.7729
vn 0.4468 -0.7496 -0.4883
vn 0.4471 -0.7495 -0.4882
vn 0.4468 -0.7497 -0.4882
vn 0.4470 -0.7493 -0.4886
vn -0.3531 -0.5771 0.7364
vn -0.3532 -0.5770 0.7364
vn -0.3530 -0.5770 0.7365
vn -0.3535 -0.5773 0.7361
vn -0.3531 -0.5770 -0.7365
vn -0.3528 -0.5772 -0.7365
vn -0.3530 -0.5771 -0.7364
vn -0.3535 -0.5766 -0.7366
vn 0.3430 -0.7270 -0.5949
vn 0.3426 -0.7271 -0.5950
vn 0.3433 -0.7269 -0.5948
vn -0.2082 -0.6082 0.7660
vn -0.2081 -0.6082 0.7660
vn -0.2083 -0.6081 0.7660
vn -0.4888 -0.5480 -0.6788
vn -0.4889 -0.5480 -0.6788
vn 0.2201 -0.7005 -0.6788
vn 0.2201 -0.7006 -0.6788
vn 0.2200 -0.7006 -0.6788
vn 0.2201 -0.7005 -0.6789
vn -0.0609 -0.6400 0.7660
vn -0.0608 -0.6399 0.7660
vn -0.0609 -0.6399 0.7660
vn -0.0610 -0.6400 0.7660
vn -0.6119 -0.5211 -0.5950
vn -0.6119 -0.5212 -0.5949
vn 0.0837 -0.6714 -0.7363
vn 0.0835 -0.6711 -0.7367
vn 0.0837 -0.6710 -0.7367
vn 0.0839 -0.6714 -0.7363
vn 0.0838 -0.6714 0.7364
vn 0.0838 -0.6712 0.7366
vn 0.0837 -0.6714 0.7364
vn 0.0842 -0.6712 0.7365
vn -0.7163 -0.4986 -0.4883
vn -0.7162 -0.4986 -0.4883
vn -0.7162 -0.4986 -0.4884
vn -0.7163 -0.4985 -0.4883
vn -0.0608 -0.6399 -0.7660
vn -0.0610 -0.6398 -0.7661
vn 0.2200 -0.7005 0.6788
vn 0.2202 -0.7005 0.6789
vn 0.2200 -0.7005 0.6789
vn 0.2202 -0.7005 0.6788
vn -0.7981 -0.4811 -0.3629
vn -0.7979 -0.4811 -0.3632
vn -0.7981 -0.4809 -0.3629
vn -0.7981 -0.4810 -0.3628
vn 0.3426 -0.7271 0.5949
vn 0.3425 -0.7268 0.5954
vn 0.3426 -0.7272 0.5948
vn 0.3428 -0.7270 0.5950
vn -0.8546 -0.4688 -0.2234
vn -0.8547 -0.4687 -0.2234
vn -0.8546 -0.4689 -0.2233
vn -0.8546 -0.4688 -0.2235
vn 0.4471 -0.7496 0.4882
vn 0.4471 -0.7494 0.4883
vn 0.4473 -0.7495 0.4881
vn -0.8832 -0.4629 -0.0751
vn -0.8833 -0.4626 -0.0754
vn -0.8832 -0.4628 -0.0752
vn 0.5290 -0.7672 0.3628
vn 0.5291 -0.7671 0.3628
vn -0.8833 -0.4628 0.0751
vn -0.8833 -0.4626 0.0754
vn -0.8834 -0.4626 0.0755
vn -0.8834 -0.4625 0.0756
vn 0.5855 -0.7793 0.2235
vn 0.5854 -0.7792 0.2237
vn 0.5855 -0.7792 0.2236
vn 0.5855 -0.7793 0.2234
vn -0.8545 -0.4689 0.2233
vn -0.8545 -0.4689 0.2235
vn -0.8545 -0.4689 0.2234
vn -0.8546 -0.4688 0.2234
vn 0.6144 -0.7854 0.0753
vn 0.6142 -0.7855 0.0755
vn 0.6142 -0.7855 0.0758
vn 0.6145 -0.7853 0.0754
vn -0.7982 -0.4809 0.3629
vn -0.7981 -0.4810 0.3628
vn -0.7981 -0.4809 0.3628
vn -0.7981 -0.4811 0.3628
vn 0.6143 -0.7855 -0.0755
vn 0.6143 -0.7855 -0.0754
vn 0.6143 -0.7854 -0.0754
vn 0.6144 -0.7854 -0.0754
vn -0.7162 -0.4985 0.4884
vn -0.7162 -0.4986 0.4883
vn -0.7163 -0.4983 0.4885
vn 0.5855 -0.7792 -0.2240
vn 0.5855 -0.7793 -0.2234
vn 0.5855 -0.7793 -0.2235
vn 0.5854 -0.7792 -0.2240
vn -0.6119 -0.5215 0.5946
vn -0.6119 -0.5212 0.5950
vn -0.6119 -0.5215 0.5947
vn 0.5290 -0.7671 -0.3629
vn 0.5290 -0.7671 -0.3628
vn 0.5291 -0.7671 -0.3628
vn -0.4888 -0.5480 0.6788
vn -0.4889 -0.5480 0.6788
vn -0.0213 0.9977 -0.0644
vn -0.0211 0.9977 -0.0645
vn -0.0212 0.9977 -0.0645
vn 0.2836 -0.0612 -0.9570
vn 0.2838 -0.0612 -0.9569
vn 0.2835 -0.0612 -0.9570
vn 0.2837 -0.0612 0.9570
vn 0.2838 -0.0612 0.9569
vn -0.7554 0.1630 -0.6346
vn -0.7556 0.1629 -0.6344
vn -0.7555 0.1630 -0.6345
vn -0.7554 0.1631 -0.6346
vn 0.0960 -0.0207 -0.9952
vn 0.0960 -0.0208 -0.9952
vn 0.0958 -0.0206 -0.9952
vn 0.4609 -0.0996 0.8818
vn -0.8622 0.1859 -0.4713
vn -0.8621 0.1858 -0.4715
vn -0.8622 0.1857 -0.4714
vn -0.8622 0.1859 -0.4712
vn 0.6201 -0.1333 0.7731
vn 0.6201 -0.1337 0.7730
vn 0.6200 -0.1337 0.7731
vn 0.6202 -0.1336 0.7730
vn -0.9353 0.2020 -0.2905
vn -0.9355 0.2016 -0.2903
vn -0.9353 0.2020 -0.2904
vn -0.9353 0.2019 -0.2906
vn 0.7557 -0.1628 0.6344
vn 0.7556 -0.1628 0.6345
vn 0.7556 -0.1629 0.6344
vn -0.9728 0.2099 -0.0979
vn -0.9728 0.2097 -0.0981
vn -0.9728 0.2096 -0.0984
vn -0.9728 0.2100 -0.0977
vn 0.8621 -0.1863 0.4712
vn -0.9728 0.2097 0.0983
vn -0.9728 0.2096 0.0982
vn -0.9728 0.2097 0.0980
vn -0.9728 0.2099 0.0978
vn 0.9354 -0.2018 0.2903
vn 0.9354 -0.2019 0.2903
vn 0.9354 -0.2020 0.2904
vn 0.9354 -0.2018 0.2904
vn -0.9355 0.2016 0.2903
vn -0.9355 0.2014 0.2903
vn -0.9355 0.2015 0.2902
vn -0.9355 0.2016 0.2902
vn 0.9729 -0.2098 0.0978
vn 0.9728 -0.2098 0.0978
vn 0.9728 -0.2097 0.0980
vn 0.9729 -0.2096 0.0981
vn -0.8620 0.1859 0.4715
vn -0.8621 0.1859 0.4714
vn -0.8621 0.1861 0.4714
vn -0.8621 0.1859 0.4715
vn 0.9728 -0.2097 -0.0981
vn 0.9728 -0.2099 -0.0978
vn 0.9728 -0.2098 -0.0979
vn 0.9728 -0.2096 -0.0983
vn -0.7556 0.1627 0.6345
vn -0.7554 0.1625 0.6347
vn -0.7558 0.1630 0.6342
vn -0.7557 0.1630 0.6343
vn 0.9353 -0.2020 -0.2905
vn 0.9354 -0.2021 -0.2903
vn 0.9353 -0.2020 -0.2904
vn 0.9353 -0.2019 -0.2906
vn -0.6202 0.1338 0.7729
vn -0.6204 0.1339 0.7728
vn -0.6201 0.1337 0.7731
vn 0.8621 -0.1859 -0.4714
vn 0.8621 -0.1859 -0.4713
vn -0.4606 0.0993 0.8820
vn -0.4610 0.0992 0.8818
vn -0.4608 0.0992 0.8819
vn -0.4607 0.0994 0.8820
vn -0.0957 0.0206 -0.9952
vn -0.0956 0.0207 -0.9952
vn -0.0958 0.0206 -0.9952
vn 0.7557 -0.1631 -0.6342
vn 0.7556 -0.1629 -0.6344
vn 0.7556 -0.1631 -0.6344
vn 0.7555 -0.1632 -0.6344
vn -0.2836 0.0612 0.9570
vn -0.2836 0.0611 0.9570
vn -0.2838 0.0612 0.9569
vn -0.2835 0.0611 -0.9570
vn -0.2836 0.0612 -0.9570
vn -0.2836 0.0611 -0.9570
vn -0.2834 0.0610 -0.9571
vn 0.6202 -0.1336 -0.7730
vn 0.6203 -0.1338 -0.7729
vn 0.6202 -0.1338 -0.7729
vn 0.6201 -0.1338 -0.7730
vn -0.0957 0.0206 0.9952
vn -0.0958 0.0206 0.9952
vn -0.0956 0.0207 0.9952
vn -0.4608 0.0992 -0.8819
vn -0.4610 0.0992 -0.8818
vn -0.4610 0.0993 -0.8818
vn -0.4610 0.0994 -0.8818
vn 0.4609 -0.0996 -0.8818
vn 0.4607 -0.0992 -0.8820
vn 0.0957 -0.0206 0.9952
vn 0.0956 -0.0206 0.9952
vn 0.0958 -0.0206 0.9952
vn -0.6677 -0.7266 0.1618
vn -0.6677 -0.7266 0.1619
vn -0.6677 -0.7267 0.1617
vn -0.6677 -0.7267 0.1615
vn 0.5675 0.7507 0.3383
vn -0.0211 0.9996 -0.0210
vn -0.0210 0.9996 -0.0210
vn 0.6358 0.7273 0.2586
vn 0.6358 0.7273 0.2585
vn -0.0210 0.9996 0.0210
vn -0.0211 0.9996 0.0210
vn 0.6844 0.7108 0.1623
vn 0.6844 0.7108 0.1622
vn -0.0210 0.9977 0.0645
vn -0.0211 0.9977 0.0645
vn -0.0211 0.9977 0.0644
vn 0.7096 0.7025 0.0549
vn 0.7098 0.7022 0.0555
vn 0.7097 0.7024 0.0551
vn 0.7097 0.7023 0.0553
vn -0.0191 0.9935 0.1123
vn -0.0188 0.9935 0.1120
vn 0.7097 0.7024 -0.0552
vn 0.7097 0.7023 -0.0553
vn 0.7096 0.7025 -0.0549
vn -0.0120 0.9861 0.1655
vn 0.6845 0.7107 -0.1623
vn 0.6844 0.7108 -0.1622
vn 0.0042 0.9747 0.2236
vn 0.6359 0.7272 -0.2586
vn 0.6358 0.7273 -0.2585
vn 0.6357 0.7273 -0.2586
vn 0.0333 0.9583 0.2838
vn 0.0335 0.9583 0.2838
vn 0.0336 0.9583 0.2838
vn 0.1393 0.9100 -0.3904
vn 0.1394 0.9100 -0.3904
vn 0.5675 0.7507 -0.3383
vn 0.5675 0.7507 -0.3382
vn 0.0783 0.9367 0.3413
vn 0.0785 0.9367 0.3413
vn 0.0783 0.9367 -0.3413
vn 0.4848 0.7796 -0.3965
vn 0.4847 0.7796 -0.3966
vn 0.1392 0.9101 0.3903
vn 0.1394 0.9100 0.3904
vn 0.0335 0.9583 -0.2838
vn 0.3940 0.8120 -0.4306
vn 0.3941 0.8122 -0.4302
vn 0.2152 0.8793 0.4249
vn 0.0043 0.9747 -0.2237
vn 0.0042 0.9747 -0.2236
vn 0.3019 0.8459 -0.4396
vn 0.3019 0.8460 -0.4395
vn 0.3019 0.8459 0.4396
vn 0.3019 0.8460 0.4395
vn -0.0120 0.9861 -0.1655
vn -0.0120 0.9861 -0.1656
vn 0.2152 0.8793 -0.4249
vn 0.3940 0.8120 0.4306
vn -0.0191 0.9935 -0.1122
vn -0.0191 0.9935 -0.1123
vn 0.4848 0.7796 0.3965
vn 0.4847 0.7796 0.3966
vn 0.4847 0.7796 0.3965
vn -0.6251 0.1084 0.7730
vn -0.6249 0.1085 0.7731
vn -0.6248 0.1086 0.7732
vn 0.4051 -0.9127 0.0546
vn 0.4052 -0.9126 0.0545
vn 0.4051 -0.9127 0.0545
vn 0.4048 -0.9128 0.0547
vn -0.6265 -0.7338 0.2629
vn -0.6260 -0.7341 0.2629
vn -0.6264 -0.7338 0.2629
vn 0.4051 -0.9126 -0.0546
vn 0.4051 -0.9126 -0.0547
vn -0.5664 -0.7443 0.3539
vn -0.5665 -0.7441 0.3541
vn -0.5664 -0.7444 0.3538
vn -0.5666 -0.7442 0.3538
vn 0.3840 -0.9090 -0.1619
vn 0.3839 -0.9091 -0.1619
vn 0.3841 -0.9090 -0.1619
vn -0.4903 -0.7576 0.4309
vn -0.4904 -0.7575 0.4310
vn -0.4903 -0.7575 0.4310
vn -0.4904 -0.7574 0.4311
vn 0.3430 -0.9019 -0.2628
vn 0.3430 -0.9018 -0.2628
vn 0.3429 -0.9019 -0.2627
vn -0.4009 -0.7729 0.4919
vn -0.4009 -0.7729 0.4918
vn -0.1957 -0.8085 -0.5550
vn -0.1955 -0.8084 -0.5552
vn 0.2828 -0.8916 -0.3537
vn 0.2832 -0.8913 -0.3541
vn 0.2831 -0.8914 -0.3540
vn 0.2828 -0.8916 -0.3536
vn -0.3013 -0.7901 0.5338
vn -0.3013 -0.7902 0.5337
vn -0.3014 -0.7899 -0.5341
vn -0.3013 -0.7899 -0.5341
vn -0.3014 -0.7898 -0.5341
vn -0.3014 -0.7900 -0.5339
vn 0.2069 -0.8782 -0.4313
vn 0.2068 -0.8782 -0.4313
vn -0.1957 -0.8085 0.5550
vn -0.1956 -0.8084 0.5551
vn -0.1958 -0.8085 0.5549
vn -0.4010 -0.7729 -0.4919
vn -0.4009 -0.7729 -0.4918
vn -0.4010 -0.7729 -0.4918
vn -0.4011 -0.7728 -0.4919
vn 0.1171 -0.8628 -0.4918
vn 0.1172 -0.8628 -0.4918
vn 0.1170 -0.8626 -0.4923
vn -0.0880 -0.8270 0.5552
vn -0.0879 -0.8270 0.5553
vn -0.0880 -0.8271 0.5551
vn -0.0880 -0.8272 0.5550
vn -0.4904 -0.7575 -0.4310
vn -0.4904 -0.7575 -0.4309
vn -0.4904 -0.7574 -0.4311
vn 0.0175 -0.8455 -0.5337
vn 0.0173 -0.8455 -0.5336
vn 0.0174 -0.8457 -0.5334
vn 0.0177 -0.8455 -0.5337
vn 0.0174 -0.8457 0.5334
vn 0.0172 -0.8457 0.5334
vn 0.0174 -0.8457 0.5335
vn 0.0176 -0.8456 0.5335
vn -0.5664 -0.7445 -0.3535
vn -0.5668 -0.7442 -0.3534
vn -0.5668 -0.7441 -0.3536
vn -0.5666 -0.7442 -0.3538
vn -0.0881 -0.8273 -0.5549
vn -0.0880 -0.8273 -0.5548
vn -0.0880 -0.8272 -0.5550
vn 0.1171 -0.8628 0.4918
vn 0.1172 -0.8627 0.4919
vn -0.6263 -0.7339 -0.2629
vn -0.6264 -0.7338 -0.2629
vn -0.6265 -0.7338 -0.2629
vn 0.2069 -0.8782 0.4311
vn 0.2069 -0.8783 0.4311
vn 0.2070 -0.8782 0.4312
vn 0.2068 -0.8783 0.4311
vn -0.6677 -0.7267 -0.1617
vn -0.6677 -0.7267 -0.1614
vn -0.6677 -0.7266 -0.1618
vn -0.6677 -0.7267 -0.1618
vn 0.2830 -0.8915 0.3537
vn 0.2830 -0.8915 0.3538
vn 0.2831 -0.8914 0.3539
vn 0.2832 -0.8914 0.3538
vn -0.6885 -0.7232 -0.0549
vn -0.6885 -0.7231 -0.0550
vn 0.3430 -0.9019 0.2628
vn 0.3429 -0.9019 0.2628
vn 0.3430 -0.9018 0.2627
vn -0.6885 -0.7232 0.0548
vn -0.6887 -0.7230 0.0547
vn 0.3841 -0.9090 0.1620
vn 0.3840 -0.9090 0.1622
vn 0.3840 -0.9090 0.1621
vn 0.3841 -0.9090 0.1619
vn 0.0145 0.7110 0.7030
vn 0.0146 0.7110 0.7030
vn 0.8689 -0.1510 -0.4715
vn 0.8690 -0.1507 -0.4714
vn -0.4648 0.0803 0.8818
vn -0.4647 0.0804 0.8818
vn -0.4647 0.0803 0.8818
vn -0.4645 0.0805 0.8819
vn -0.0965 0.0167 -0.9952
vn -0.0966 0.0167 -0.9952
vn 0.7617 -0.1322 -0.6342
vn -0.2855 0.0495 0.9571
vn -0.2856 0.0496 0.9571
vn -0.2858 0.0496 0.9570
vn -0.2857 0.0496 -0.9570
vn -0.2856 0.0496 -0.9571
vn -0.2855 0.0495 -0.9571
vn -0.2858 0.0496 -0.9570
vn 0.6252 -0.1084 -0.7729
vn 0.6251 -0.1083 -0.7730
vn -0.0966 0.0167 0.9952
vn -0.0965 0.0167 0.9952
vn -0.4645 0.0806 -0.8819
vn -0.4644 0.0807 -0.8820
vn -0.4645 0.0805 -0.8819
vn -0.4648 0.0803 -0.8818
vn 0.4646 -0.0805 -0.8819
vn 0.4648 -0.0804 -0.8818
vn 0.4644 -0.0806 -0.8820
vn 0.0966 -0.0167 0.9952
vn -0.6251 0.1084 -0.7730
vn -0.6252 0.1084 -0.7729
vn -0.6250 0.1084 -0.7731
vn 0.2855 -0.0495 -0.9571
vn 0.2856 -0.0494 -0.9571
vn 0.2857 -0.0496 -0.9570
vn 0.2856 -0.0496 -0.9571
vn 0.2854 -0.0494 0.9571
vn 0.2858 -0.0496 0.9570
vn 0.2855 -0.0495 0.9571
vn 0.2856 -0.0496 0.9571
vn -0.7616 0.1321 -0.6344
vn 0.0966 -0.0167 -0.9952
vn 0.4644 -0.0806 0.8820
vn 0.4648 -0.0804 0.8818
vn 0.4646 -0.0805 0.8819
vn 0.4641 -0.0806 0.8821
vn -0.8690 0.1506 -0.4713
vn -0.8689 0.1510 -0.4715
vn -0.8690 0.1507 -0.4713
vn -0.8690 0.1507 -0.4714
vn 0.6251 -0.1084 0.7730
vn 0.6250 -0.1084 0.7730
vn -0.9428 0.1636 -0.2903
vn -0.9429 0.1635 -0.2902
vn -0.9429 0.1635 -0.2903
vn 0.7617 -0.1320 0.6343
vn 0.7618 -0.1319 0.6343
vn 0.7614 -0.1323 0.6346
vn -0.9806 0.1700 -0.0980
vn -0.9805 0.1701 -0.0981
vn 0.8690 -0.1505 0.4713
vn 0.8690 -0.1507 0.4714
vn 0.8690 -0.1504 0.4713
vn -0.9806 0.1701 0.0979
vn -0.9806 0.1700 0.0980
vn -0.9805 0.1701 0.0979
vn -0.9805 0.1704 0.0975
vn 0.9429 -0.1635 0.2903
vn -0.9429 0.1635 0.2903
vn -0.9429 0.1633 0.2903
vn 0.9806 -0.1700 0.0981
vn 0.9806 -0.1700 0.0980
vn 0.9805 -0.1701 0.0979
vn -0.8689 0.1510 0.4715
vn -0.8690 0.1507 0.4714
vn 0.9806 -0.1700 -0.0980
vn 0.9806 -0.1700 -0.0978
vn 0.9806 -0.1701 -0.0979
vn -0.7616 0.1323 0.6344
vn 0.9429 -0.1636 -0.2902
vn 0.9429 -0.1635 -0.2903
vn 0.9429 -0.1635 -0.2902
vn 0.1871 -0.8769 0.4427
vn -0.1644 0.8543 -0.4931
vn 0.4563 0.4998 -0.7362
vn 0.1507 0.6353 0.7574
vn -0.1948 0.9100 -0.3659
vn 0.3022 0.5638 -0.7687
vn 0.3022 0.5638 0.7687
vn -0.1909 0.9500 -0.2471
vn 0.1507 0.6353 -0.7574
vn 0.4563 0.4998 0.7362
vn -0.1663 0.9747 -0.1495
vn 0.6018 0.4452 0.6631
vn -0.1377 0.9875 -0.0767
vn 0.7292 0.4010 0.5545
vn -0.1194 0.9926 -0.0232
vn 0.8311 0.3677 0.4173
vn -0.1193 0.9926 0.0232
vn -0.1194 0.9926 0.0232
vn 0.9020 0.3454 0.2589
vn -0.1377 0.9875 0.0767
vn 0.9384 0.3342 0.0877
vn 0.9384 0.3343 0.0877
vn -0.1663 0.9747 0.1495
vn 0.9384 0.3342 -0.0879
vn 0.9384 0.3342 -0.0878
vn 0.9384 0.3342 -0.0877
vn 0.9385 0.3341 -0.0876
vn -0.1909 0.9500 0.2471
vn 0.9020 0.3454 -0.2589
vn -0.1948 0.9100 0.3659
vn 0.8311 0.3677 -0.4173
vn -0.1644 0.8543 0.4931
vn 0.0146 0.7110 -0.7030
vn 0.7292 0.4010 -0.5545
vn -0.0936 0.7861 0.6110
vn -0.0936 0.7861 -0.6110
vn 0.6018 0.4452 -0.6631
vn 0.8804 -0.0501 0.4715
vn -0.4912 -0.8383 -0.2366
vn -0.4913 -0.8383 -0.2366
vn -0.4911 -0.8383 -0.2368
vn -0.4909 -0.8384 -0.2368
vn 0.2688 -0.8816 0.3880
vn 0.2687 -0.8816 0.3880
vn -0.5287 -0.8362 -0.1458
vn -0.5288 -0.8362 -0.1457
vn -0.5287 -0.8362 -0.1461
vn -0.5285 -0.8363 -0.1459
vn 0.3380 -0.8856 0.3185
vn 0.3382 -0.8856 0.3185
vn 0.3379 -0.8856 0.3185
vn 0.3378 -0.8857 0.3185
vn -0.5478 -0.8352 -0.0491
vn -0.5479 -0.8351 -0.0492
vn -0.5479 -0.8351 -0.0491
vn 0.3928 -0.8886 0.2367
vn 0.3928 -0.8887 0.2366
vn -0.5479 -0.8351 0.0492
vn -0.5482 -0.8349 0.0494
vn 0.4303 -0.8909 0.1456
vn 0.4304 -0.8908 0.1457
vn 0.4303 -0.8909 0.1457
vn -0.5287 -0.8361 0.1460
vn -0.5285 -0.8363 0.1456
vn -0.5288 -0.8361 0.1458
vn -0.5288 -0.8362 0.1458
vn 0.4496 -0.8919 0.0492
vn 0.4496 -0.8919 0.0491
vn 0.4494 -0.8920 0.0492
vn -0.4912 -0.8383 0.2366
vn -0.4911 -0.8383 0.2367
vn 0.4495 -0.8919 -0.0493
vn 0.4493 -0.8920 -0.0492
vn 0.4496 -0.8919 -0.0493
vn -0.4367 -0.8414 0.3184
vn 0.4304 -0.8908 -0.1457
vn 0.4303 -0.8908 -0.1457
vn -0.3672 -0.8454 0.3880
vn -0.3671 -0.8454 0.3880
vn -0.3672 -0.8452 0.3884
vn -0.3672 -0.8453 0.3880
vn 0.3929 -0.8887 -0.2365
vn 0.3928 -0.8887 -0.2366
vn 0.3928 -0.8887 -0.2365
vn -0.2856 -0.8500 0.4427
vn -0.2858 -0.8499 0.4427
vn -0.2856 -0.8499 0.4428
vn -0.2854 -0.8500 0.4428
vn -0.0983 -0.8606 -0.4996
vn -0.0983 -0.8607 -0.4996
vn 0.3380 -0.8856 -0.3185
vn 0.3380 -0.8856 -0.3186
vn 0.3380 -0.8856 -0.3184
vn 0.3379 -0.8857 -0.3183
vn -0.1945 -0.8552 0.4804
vn -0.1947 -0.8552 0.4804
vn -0.1943 -0.8552 0.4805
vn -0.1944 -0.8553 0.4803
vn -0.1947 -0.8552 -0.4804
vn -0.1946 -0.8552 -0.4804
vn -0.1945 -0.8551 -0.4806
vn 0.2687 -0.8817 -0.3879
vn 0.2687 -0.8816 -0.3880
vn 0.2687 -0.8816 -0.3881
vn -0.0984 -0.8606 0.4996
vn -0.0983 -0.8607 0.4996
vn -0.2854 -0.8499 -0.4430
vn -0.2854 -0.8500 -0.4427
vn 0.1872 -0.8770 -0.4426
vn 0.1873 -0.8770 -0.4424
vn 0.1871 -0.8769 -0.4428
vn 0.0001 -0.8662 0.4996
vn -0.0000 -0.8662 0.4996
vn 0.0002 -0.8662 0.4997
vn -0.3670 -0.8453 -0.3883
vn -0.3667 -0.8453 -0.3885
vn -0.3669 -0.8454 -0.3882
vn -0.3671 -0.8454 -0.3880
vn 0.0961 -0.8717 -0.4805
vn 0.0963 -0.8718 -0.4804
vn 0.0960 -0.8719 -0.4802
vn 0.0963 -0.8717 -0.4805
vn 0.0960 -0.8717 0.4805
vn 0.0961 -0.8717 0.4806
vn 0.0959 -0.8717 0.4805
vn 0.0958 -0.8718 0.4804
vn -0.4363 -0.8415 -0.3186
vn -0.4363 -0.8415 -0.3185
vn -0.4367 -0.8414 -0.3184
vn -0.0000 -0.8662 -0.4996
vn -0.0000 -0.8663 -0.4996
vn -0.0000 -0.8662 -0.4997
vn 0.8332 0.5471 -0.0804
vn 0.8332 0.5471 -0.0803
vn 0.8331 0.5472 -0.0805
vn -0.9936 0.0566 0.0980
vn 0.9554 -0.0544 0.2904
vn -0.9554 0.0544 0.2903
vn -0.9554 0.0544 0.2902
vn 0.9936 -0.0568 0.0980
vn 0.9936 -0.0566 0.0981
vn 0.9936 -0.0567 0.0981
vn 0.9936 -0.0566 0.0980
vn -0.8805 0.0501 0.4715
vn 0.9936 -0.0568 -0.0981
vn 0.9936 -0.0566 -0.0982
vn 0.9936 -0.0567 -0.0982
vn 0.9936 -0.0566 -0.0981
vn -0.7717 0.0439 0.6345
vn -0.7720 0.0439 0.6341
vn -0.7719 0.0439 0.6342
vn 0.9554 -0.0544 -0.2904
vn 0.9554 -0.0544 -0.2903
vn -0.6330 0.0360 0.7733
vn -0.6332 0.0361 0.7731
vn -0.6333 0.0361 0.7730
vn 0.8804 -0.0501 -0.4715
vn -0.4704 0.0268 0.8820
vn -0.4701 0.0268 0.8822
vn -0.0981 0.0056 -0.9952
vn -0.0980 0.0056 -0.9952
vn -0.0979 0.0056 -0.9952
vn 0.7717 -0.0439 -0.6345
vn -0.2899 0.0165 0.9569
vn -0.2900 0.0165 0.9569
vn -0.2896 0.0165 0.9570
vn -0.2900 0.0165 -0.9569
vn -0.2899 0.0165 -0.9569
vn 0.6333 -0.0361 -0.7730
vn 0.6330 -0.0360 -0.7733
vn 0.6334 -0.0361 -0.7730
vn -0.0980 0.0056 0.9952
vn -0.0977 0.0056 0.9952
vn -0.0983 0.0056 0.9951
vn -0.4707 0.0268 -0.8819
vn -0.4713 0.0268 -0.8816
vn 0.4707 -0.0268 -0.8819
vn 0.4708 -0.0268 -0.8818
vn 0.0980 -0.0056 0.9952
vn 0.0981 -0.0056 0.9952
vn 0.0978 -0.0056 0.9952
vn -0.6330 0.0360 -0.7733
vn -0.6332 0.0361 -0.7731
vn -0.6333 0.0361 -0.7730
vn 0.2898 -0.0165 -0.9569
vn 0.2897 -0.0165 -0.9570
vn 0.2900 -0.0165 0.9569
vn -0.7717 0.0439 -0.6345
vn 0.0981 -0.0056 -0.9952
vn 0.0986 -0.0056 -0.9951
vn 0.0983 -0.0056 -0.9951
vn 0.0980 -0.0056 -0.9952
vn 0.4702 -0.0268 0.8822
vn -0.8805 0.0501 -0.4715
vn 0.6333 -0.0361 0.7730
vn 0.6330 -0.0360 0.7733
vn -0.9554 0.0544 -0.2904
vn -0.9554 0.0544 -0.2902
vn -0.9554 0.0544 -0.2903
vn 0.7719 -0.0439 0.6342
vn 0.7720 -0.0439 0.6341
vn 0.7717 -0.0439 0.6345
vn -0.9936 0.0566 -0.0982
vn -0.9935 0.0566 -0.0983
vn 0.3379 -0.6941 0.6356
vn 0.3380 -0.6941 0.6356
vn 0.3381 -0.6941 0.6355
vn -0.3555 0.8803 0.3141
vn 0.7986 0.5533 -0.2368
vn 0.7985 0.5534 -0.2368
vn 0.7986 0.5534 -0.2367
vn -0.3135 0.8544 0.4143
vn 0.7311 0.5659 -0.3810
vn 0.7311 0.5660 -0.3810
vn 0.7312 0.5659 -0.3811
vn -0.2478 0.8228 0.5114
vn -0.0418 0.7486 -0.6617
vn 0.6346 0.5847 -0.5054
vn 0.6345 0.5849 -0.5052
vn -0.1566 0.7869 0.5969
vn -0.1566 0.7869 -0.5969
vn 0.5149 0.6089 -0.6034
vn 0.5147 0.6091 -0.6034
vn -0.0418 0.7486 0.6617
vn -0.2478 0.8228 -0.5114
vn 0.3785 0.6387 -0.6699
vn 0.3784 0.6387 -0.6699
vn 0.3784 0.6387 -0.6700
vn 0.0911 0.7099 0.6984
vn -0.3135 0.8544 -0.4143
vn 0.2342 0.6727 -0.7018
vn 0.2342 0.6727 0.7018
vn 0.2342 0.6727 0.7019
vn -0.3555 0.8803 -0.3141
vn 0.0911 0.7099 -0.6984
vn 0.3784 0.6387 0.6699
vn 0.3782 0.6389 0.6700
vn -0.3785 0.8998 -0.2172
vn 0.5147 0.6091 0.6034
vn -0.3889 0.9125 -0.1265
vn -0.3889 0.9126 -0.1265
vn 0.6346 0.5848 0.5053
vn 0.6346 0.5847 0.5054
vn 0.6344 0.5848 0.5055
vn -0.3924 0.9189 -0.0414
vn 0.7311 0.5659 0.3811
vn 0.7311 0.5660 0.3810
vn -0.3924 0.9189 0.0414
vn -0.3924 0.9189 0.0412
vn 0.7985 0.5535 0.2365
vn 0.7985 0.5535 0.2368
vn 0.7984 0.5535 0.2370
vn -0.3889 0.9125 0.1265
vn 0.8331 0.5472 0.0804
vn 0.8331 0.5472 0.0802
vn 0.8332 0.5471 0.0804
vn -0.3785 0.8998 0.2172
vn 0.8820 -0.0039 0.4713
vn 0.8820 -0.0039 0.4712
vn -0.6373 -0.6917 -0.3397
vn -0.6372 -0.6918 -0.3397
vn -0.6370 -0.6920 -0.3398
vn 0.4554 -0.6945 0.5571
vn 0.4554 -0.6944 0.5571
vn 0.4554 -0.6943 0.5572
vn -0.6913 -0.6917 -0.2089
vn -0.6912 -0.6918 -0.2088
vn -0.6914 -0.6915 -0.2092
vn 0.5553 -0.6947 0.4572
vn -0.7190 -0.6914 -0.0707
vn -0.7191 -0.6913 -0.0706
vn -0.7189 -0.6915 -0.0707
vn -0.7188 -0.6916 -0.0708
vn 0.6338 -0.6949 0.3397
vn 0.6339 -0.6949 0.3397
vn 0.6338 -0.6949 0.3398
vn -0.7189 -0.6915 0.0706
vn -0.7188 -0.6916 0.0705
vn -0.7189 -0.6915 0.0707
vn -0.7191 -0.6913 0.0708
vn 0.6876 -0.6951 0.2098
vn 0.6878 -0.6950 0.2097
vn 0.6875 -0.6952 0.2099
vn 0.6879 -0.6950 0.2093
vn -0.6915 -0.6915 0.2092
vn -0.6914 -0.6916 0.2091
vn -0.6915 -0.6915 0.2091
vn 0.7153 -0.6952 0.0709
vn 0.7154 -0.6951 0.0706
vn 0.7152 -0.6954 0.0708
vn -0.6370 -0.6920 0.3397
vn -0.6370 -0.6920 0.3398
vn -0.6372 -0.6918 0.3397
vn -0.6373 -0.6917 0.3397
vn 0.7154 -0.6952 -0.0708
vn 0.7153 -0.6952 -0.0706
vn 0.7153 -0.6952 -0.0707
vn -0.5591 -0.6917 0.4570
vn -0.5590 -0.6918 0.4571
vn -0.5592 -0.6916 0.4572
vn -0.5594 -0.6913 0.4574
vn 0.6879 -0.6950 -0.2093
vn 0.6879 -0.6950 -0.2092
vn -0.4590 -0.6921 0.5571
vn -0.4589 -0.6921 0.5571
vn -0.4591 -0.6920 0.5571
vn -0.4592 -0.6919 0.5571
vn 0.6338 -0.6949 -0.3397
vn 0.6339 -0.6949 -0.3396
vn 0.6338 -0.6949 -0.3396
vn -0.3415 -0.6923 0.6357
vn -0.3415 -0.6924 0.6356
vn -0.3416 -0.6923 0.6357
vn -0.0725 -0.6932 -0.7171
vn -0.0724 -0.6931 -0.7172
vn -0.0725 -0.6933 -0.7170
vn 0.5553 -0.6947 -0.4572
vn -0.2109 -0.6928 0.6896
vn -0.2107 -0.6929 0.6896
vn -0.2108 -0.6928 0.6897
vn -0.2107 -0.6926 0.6899
vn -0.2108 -0.6927 -0.6897
vn -0.2103 -0.6928 -0.6897
vn 0.4554 -0.6944 -0.5571
vn 0.4554 -0.6945 -0.5571
vn -0.0726 -0.6931 0.7172
vn -0.0729 -0.6934 0.7169
vn -0.0727 -0.6931 0.7171
vn -0.0725 -0.6931 0.7172
vn -0.3417 -0.6923 -0.6356
vn -0.3415 -0.6924 -0.6356
vn -0.3416 -0.6923 -0.6356
vn -0.3417 -0.6924 -0.6355
vn 0.3384 -0.6940 -0.6355
vn 0.3377 -0.6945 -0.6353
vn 0.3382 -0.6942 -0.6354
vn 0.3382 -0.6940 -0.6356
vn 0.0689 -0.6934 0.7173
vn 0.0690 -0.6932 0.7174
vn 0.0688 -0.6932 0.7174
vn 0.0689 -0.6934 0.7172
vn -0.4591 -0.6920 -0.5571
vn -0.4590 -0.6921 -0.5571
vn 0.2077 -0.6938 -0.6896
vn 0.2074 -0.6938 -0.6897
vn 0.2079 -0.6936 -0.6897
vn 0.2074 -0.6940 -0.6894
vn 0.2076 -0.6937 0.6897
vn 0.2075 -0.6937 0.6897
vn -0.5591 -0.6917 -0.4572
vn -0.5587 -0.6919 -0.4573
vn -0.5589 -0.6916 -0.4574
vn -0.5591 -0.6915 -0.4573
vn 0.0687 -0.6935 -0.7172
vn 0.0684 -0.6936 -0.7171
vn 0.0688 -0.6935 -0.7172
vn 0.0689 -0.6934 -0.7172
vn 0.0026 1.0000 -0.0000
vn 0.0026 1.0000 -0.0001
vn 0.0028 1.0000 -0.0000
vn 0.0023 1.0000 -0.0001
vn 0.0025 1.0000 -0.0000
vn 0.0027 1.0000 -0.0001
vn 0.0024 1.0000 0.0001
vn 0.0022 1.0000 0.0004
vn 0.0029 1.0000 -0.0002
vn 0.0027 1.0000 -0.0000
vn 0.0026 1.0000 0.0001
vn 0.0028 1.0000 0.0003
vn 0.0025 1.0000 0.0004
vn 0.0027 1.0000 0.0003
vn 0.0026 1.0000 0.0002
vn -0.9952 0.0044 0.0979
vn -0.9952 0.0043 0.0980
vn 0.9569 -0.0044 0.2903
vn -0.9569 0.0044 0.2903
vn 0.9952 -0.0044 0.0981
vn 0.9952 -0.0044 0.0980
vn -0.8816 0.0040 0.4719
vn -0.8818 0.0039 0.4716
vn 0.9952 -0.0044 -0.0981
vn 0.9952 -0.0044 -0.0980
vn -0.7729 0.0029 0.6345
vn -0.7730 0.0034 0.6344
vn 0.9569 -0.0044 -0.2903
vn -0.6342 0.0030 0.7731
vn -0.6342 0.0029 0.7732
vn -0.6343 0.0028 0.7731
vn -0.6345 0.0027 0.7729
vn 0.8820 -0.0039 -0.4713
vn -0.4713 0.0020 0.8820
vn -0.4712 0.0021 0.8820
vn -0.4714 0.0021 0.8819
vn -0.0977 0.0004 -0.9952
vn -0.0981 0.0004 -0.9952
vn 0.7726 -0.0035 -0.6349
vn -0.2901 0.0011 0.9570
vn -0.2902 0.0012 0.9570
vn -0.2903 0.0013 0.9569
vn -0.2901 0.0011 -0.9570
vn -0.2902 0.0013 -0.9570
vn -0.2903 0.0009 -0.9569
vn 0.6344 -0.0028 -0.7730
vn 0.6343 -0.0028 -0.7731
vn 0.6345 -0.0028 -0.7729
vn -0.0979 0.0004 0.9952
vn -0.0980 0.0004 0.9952
vn -0.4714 0.0021 -0.8819
vn -0.4715 0.0021 -0.8819
vn 0.4715 -0.0021 -0.8819
vn 0.0980 -0.0004 0.9952
vn 0.0979 -0.0004 0.9952
vn -0.6346 0.0024 -0.7729
vn -0.6346 0.0028 -0.7729
vn -0.6344 0.0027 -0.7730
vn 0.2903 -0.0013 -0.9569
vn 0.2903 -0.0013 0.9569
vn -0.7729 0.0034 -0.6345
vn -0.7730 0.0032 -0.6344
vn -0.7729 0.0033 -0.6345
vn -0.7726 0.0035 -0.6349
vn 0.0982 -0.0004 -0.9952
vn 0.0979 -0.0004 -0.9952
vn 0.0981 -0.0004 -0.9952
vn 0.4714 -0.0021 0.8819
vn 0.4715 -0.0021 0.8818
vn -0.8816 0.0040 -0.4719
vn -0.8819 0.0039 -0.4714
vn -0.8818 0.0040 -0.4716
vn 0.6344 -0.0028 0.7730
vn 0.6343 -0.0028 0.7731
vn 0.6345 -0.0028 0.7729
vn -0.9569 0.0044 -0.2903
vn 0.7728 -0.0034 0.6347
vn 0.7726 -0.0035 0.6349
vn -0.9952 0.0046 -0.0977
vn -0.9952 0.0045 -0.0977
vn 0.9952 -0.0000 -0.0981
vn 0.2440 -0.8557 -0.4564
vn 0.2440 -0.8556 -0.4565
vn 0.2439 -0.8556 -0.4565
vn 0.2439 -0.8557 -0.4564
vn 0.0507 -0.8556 0.5152
vn 0.0507 -0.8556 0.5151
vn -0.3283 -0.8557 -0.4000
vn -0.3283 -0.8557 -0.3999
vn -0.3284 -0.8556 -0.4001
vn 0.1502 -0.8557 -0.4953
vn 0.1503 -0.8556 -0.4954
vn 0.1502 -0.8557 0.4953
vn 0.1502 -0.8556 0.4953
vn 0.1502 -0.8556 0.4954
vn -0.4001 -0.8556 -0.3284
vn -0.4001 -0.8556 -0.3283
vn -0.3999 -0.8556 -0.3286
vn -0.3998 -0.8557 -0.3284
vn 0.0507 -0.8556 -0.5152
vn 0.0507 -0.8556 -0.5151
vn 0.2441 -0.8556 0.4566
vn 0.2440 -0.8557 0.4564
vn 0.2440 -0.8556 0.4565
vn 0.2440 -0.8556 0.4566
vn -0.4565 -0.8556 -0.2441
vn -0.4563 -0.8557 -0.2440
vn -0.4569 -0.8554 -0.2441
vn 0.3282 -0.8557 0.4001
vn 0.3280 -0.8557 0.4003
vn 0.3282 -0.8556 0.4002
vn 0.3284 -0.8556 0.4001
vn -0.4953 -0.8557 -0.1501
vn -0.4951 -0.8558 -0.1502
vn -0.4952 -0.8557 -0.1502
vn -0.4951 -0.8557 -0.1502
vn 0.4001 -0.8556 0.3284
vn 0.3999 -0.8558 0.3281
vn 0.3999 -0.8557 0.3283
vn 0.3998 -0.8558 0.3283
vn -0.5149 -0.8558 -0.0508
vn -0.5147 -0.8558 -0.0508
vn -0.5150 -0.8557 -0.0508
vn -0.5150 -0.8557 -0.0507
vn 0.4567 -0.8555 0.2439
vn 0.4559 -0.8559 0.2439
vn 0.4566 -0.8556 0.2439
vn 0.4569 -0.8554 0.2439
vn -0.5150 -0.8557 0.0507
vn -0.5151 -0.8556 0.0507
vn -0.5147 -0.8559 0.0507
vn -0.5148 -0.8558 0.0507
vn 0.4953 -0.8557 0.1502
vn 0.4951 -0.8558 0.1502
vn 0.4953 -0.8556 0.1502
vn 0.4950 -0.8558 0.1502
vn -0.4953 -0.8557 0.1501
vn -0.4956 -0.8555 0.1501
vn -0.4952 -0.8557 0.1501
vn -0.4951 -0.8558 0.1502
vn 0.5150 -0.8557 0.0507
vn 0.5145 -0.8560 0.0507
vn 0.5153 -0.8555 0.0507
vn -0.4567 -0.8554 0.2443
vn -0.4567 -0.8555 0.2442
vn -0.4566 -0.8556 0.2441
vn -0.4566 -0.8555 0.2442
vn 0.5147 -0.8559 -0.0507
vn 0.5147 -0.8558 -0.0508
vn 0.5146 -0.8559 -0.0507
vn 0.5145 -0.8560 -0.0506
vn -0.4000 -0.8557 0.3282
vn -0.3999 -0.8558 0.3281
vn -0.4001 -0.8556 0.3284
vn -0.4001 -0.8557 0.3283
vn 0.4948 -0.8559 -0.1501
vn 0.4951 -0.8557 -0.1502
vn 0.4949 -0.8558 -0.1503
vn 0.4950 -0.8558 -0.1503
vn -0.3284 -0.8555 0.4003
vn -0.3283 -0.8555 0.4003
vn -0.3284 -0.8556 0.4002
vn -0.3283 -0.8557 0.3999
vn 0.4564 -0.8557 -0.2440
vn 0.4565 -0.8556 -0.2441
vn 0.4564 -0.8557 -0.2439
vn 0.4564 -0.8557 -0.2438
vn -0.2440 -0.8557 0.4564
vn -0.2440 -0.8556 0.4565
vn -0.0507 -0.8556 -0.5151
vn -0.0507 -0.8557 -0.5150
vn -0.0507 -0.8556 -0.5152
vn 0.4000 -0.8556 -0.3284
vn 0.4002 -0.8556 -0.3284
vn 0.4001 -0.8557 -0.3282
vn -0.1502 -0.8556 0.4954
vn -0.1502 -0.8556 0.4953
vn -0.1503 -0.8556 0.4954
vn -0.1501 -0.8557 0.4952
vn -0.1502 -0.8557 -0.4953
vn -0.1502 -0.8556 -0.4953
vn 0.3283 -0.8557 -0.4000
vn 0.3284 -0.8556 -0.4001
vn 0.3283 -0.8557 -0.3999
vn -0.0507 -0.8555 0.5154
vn -0.0508 -0.8553 0.5156
vn -0.0507 -0.8555 0.5153
vn -0.2440 -0.8555 -0.4568
vn -0.2440 -0.8556 -0.4565
vn -0.2438 -0.8556 -0.4566
vn -0.2436 -0.8557 -0.4565
vn -0.0000 1.0000 -0.0000
vn -0.7731 -0.0000 0.6343
vn 0.9569 -0.0000 -0.2903
vn -0.6342 -0.0000 0.7732
vn 0.8818 -0.0000 -0.4716
vn -0.4716 -0.0000 0.8818
vn -0.0981 -0.0000 -0.9952
vn 0.7731 -0.0000 -0.6343
vn -0.2903 -0.0000 0.9569
vn -0.2903 -0.0000 -0.9569
vn 0.6344 -0.0000 -0.7730
vn -0.0981 -0.0000 0.9952
vn -0.4713 -0.0000 -0.8820
vn -0.4711 -0.0000 -0.8821
vn 0.4708 -0.0000 -0.8822
vn 0.0981 -0.0000 0.9952
vn -0.6344 -0.0000 -0.7730
vn 0.2903 -0.0000 -0.9569
vn 0.2903 -0.0000 0.9569
vn -0.7731 -0.0000 -0.6343
vn 0.0981 -0.0000 -0.9952
vn 0.4716 -0.0000 0.8818
vn -0.8818 -0.0000 -0.4716
vn 0.6343 -0.0000 0.7730
vn 0.6342 -0.0000 0.7732
vn 0.6344 -0.0000 0.7730
vn -0.9569 -0.0000 -0.2903
vn 0.7731 -0.0000 0.6343
vn -0.9952 -0.0000 -0.0981
vn 0.8820 -0.0000 0.4712
vn 0.8818 -0.0000 0.4716
vn 0.8821 -0.0000 0.4711
vn -0.9952 -0.0000 0.0980
vn 0.9569 -0.0000 0.2903
vn -0.9569 -0.0000 0.2903
vn 0.9952 -0.0000 0.0980
vn -0.8818 -0.0000 0.4716
vn -0.8821 -0.0000 0.4711
vn -0.8820 -0.0000 0.4712
vn -0.8376 -0.4835 -0.2542
vn -0.8375 -0.4837 -0.2542
vn -0.8377 -0.4835 -0.2540
vn -0.8376 -0.4836 -0.2540
vn 0.6767 -0.4836 0.5551
vn 0.6767 -0.4835 0.5552
vn 0.6766 -0.4836 0.5553
vn -0.8712 -0.4834 -0.0859
vn -0.8712 -0.4834 -0.0861
vn -0.8711 -0.4835 -0.0860
vn -0.8711 -0.4836 -0.0858
vn 0.7720 -0.4835 0.4126
vn 0.7719 -0.4836 0.4127
vn 0.7720 -0.4837 0.4124
vn 0.7721 -0.4835 0.4125
vn -0.8711 -0.4836 0.0858
vn -0.8711 -0.4836 0.0860
vn 0.8375 -0.4836 0.2544
vn 0.8376 -0.4836 0.2541
vn 0.8375 -0.4836 0.2545
vn 0.8376 -0.4836 0.2540
vn -0.8376 -0.4835 0.2542
vn -0.8375 -0.4836 0.2543
vn -0.8378 -0.4834 0.2538
vn -0.8376 -0.4836 0.2541
vn 0.8711 -0.4836 0.0858
vn -0.7717 -0.4836 0.4131
vn -0.7717 -0.4836 0.4130
vn -0.7719 -0.4836 0.4126
vn 0.8711 -0.4836 -0.0858
vn 0.8711 -0.4836 -0.0855
vn 0.8711 -0.4836 -0.0856
vn 0.8711 -0.4836 -0.0859
vn -0.6765 -0.4836 0.5554
vn -0.6768 -0.4836 0.5551
vn -0.6766 -0.4836 0.5553
vn 0.8374 -0.4837 -0.2544
vn 0.8376 -0.4836 -0.2540
vn 0.8376 -0.4836 -0.2541
vn -0.5556 -0.4836 0.6763
vn -0.5555 -0.4836 0.6764
vn -0.5553 -0.4836 0.6766
vn -0.5557 -0.4837 0.6763
vn 0.7720 -0.4835 -0.4127
vn 0.7720 -0.4836 -0.4124
vn 0.7720 -0.4836 -0.4126
vn -0.4127 -0.4836 0.7719
vn -0.4126 -0.4836 0.7719
vn -0.4125 -0.4836 0.7720
vn -0.0858 -0.4836 -0.8711
vn -0.0859 -0.4836 -0.8711
vn 0.6765 -0.4838 -0.5552
vn 0.6766 -0.4836 -0.5553
vn -0.2540 -0.4836 0.8376
vn -0.2539 -0.4836 0.8376
vn -0.2541 -0.4835 0.8377
vn -0.2544 -0.4835 0.8376
vn -0.2542 -0.4836 -0.8375
vn -0.2541 -0.4836 -0.8376
vn -0.2539 -0.4835 -0.8377
vn 0.5552 -0.4834 -0.6768
vn 0.5555 -0.4836 -0.6764
vn 0.5554 -0.4835 -0.6765
vn 0.5552 -0.4835 -0.6767
vn -0.0857 -0.4836 0.8711
vn -0.0858 -0.4836 0.8711
vn -0.4127 -0.4835 -0.7719
vn -0.4127 -0.4836 -0.7719
vn -0.4130 -0.4835 -0.7718
vn -0.4126 -0.4836 -0.7719
vn 0.4126 -0.4835 -0.7720
vn 0.4127 -0.4834 -0.7720
vn 0.4125 -0.4836 -0.7720
vn 0.4126 -0.4836 -0.7719
vn 0.0857 -0.4836 0.8711
vn 0.0856 -0.4836 0.8711
vn 0.0858 -0.4836 0.8711
vn -0.5552 -0.4834 -0.6768
vn -0.5553 -0.4836 -0.6766
vn -0.5554 -0.4835 -0.6765
vn -0.5555 -0.4836 -0.6764
vn 0.2540 -0.4836 -0.8376
vn 0.2539 -0.4837 -0.8376
vn 0.2538 -0.4836 -0.8377
vn 0.2541 -0.4836 -0.8376
vn 0.2544 -0.4836 0.8375
vn 0.2543 -0.4836 0.8375
vn 0.2543 -0.4837 0.8375
vn -0.6765 -0.4837 -0.5553
vn -0.6766 -0.4836 -0.5553
vn -0.6765 -0.4835 -0.5554
vn 0.0859 -0.4836 -0.8711
vn 0.0857 -0.4836 -0.8711
vn 0.0858 -0.4836 -0.8711
vn 0.4127 -0.4836 0.7719
vn 0.4125 -0.4836 0.7720
vn -0.7719 -0.4836 -0.4126
vn -0.7720 -0.4836 -0.4126
vn 0.5556 -0.4836 0.6763
vn 0.5555 -0.4836 0.6764
vn 0.5556 -0.4836 0.6764
vn 0.5557 -0.4836 0.6763
vn -0.6343 -0.0000 -0.7731
vn -0.8308 -0.5506 0.0818
vn -0.8309 -0.5505 0.0817
vn -0.8307 -0.5506 0.0819
vn 0.7989 -0.5505 0.2423
vn 0.7989 -0.5506 0.2422
vn 0.7989 -0.5505 0.2422
vn -0.7988 -0.5507 0.2422
vn -0.7989 -0.5505 0.2423
vn -0.7989 -0.5506 0.2422
vn -0.7988 -0.5509 0.2419
vn 0.8305 -0.5509 0.0820
vn 0.8305 -0.5510 0.0820
vn 0.8307 -0.5506 0.0819
vn 0.8308 -0.5505 0.0818
vn -0.7362 -0.5505 0.3935
vn -0.7363 -0.5505 0.3935
vn -0.7362 -0.5506 0.3935
vn -0.7362 -0.5507 0.3935
vn 0.8308 -0.5506 -0.0818
vn 0.8308 -0.5505 -0.0818
vn 0.8308 -0.5505 -0.0817
vn -0.6453 -0.5506 0.5296
vn -0.6452 -0.5507 0.5295
vn -0.6453 -0.5505 0.5296
vn 0.7989 -0.5505 -0.2423
vn -0.5296 -0.5505 0.6453
vn -0.5296 -0.5505 0.6454
vn 0.7364 -0.5502 -0.3936
vn 0.7361 -0.5507 -0.3935
vn 0.7363 -0.5503 -0.3936
vn 0.7364 -0.5503 -0.3936
vn -0.3937 -0.5500 0.7365
vn -0.3935 -0.5504 0.7363
vn -0.3937 -0.5502 0.7364
vn -0.3937 -0.5503 0.7363
vn -0.0818 -0.5506 -0.8308
vn -0.0817 -0.5505 -0.8309
vn -0.0818 -0.5505 -0.8308
vn 0.6453 -0.5504 -0.5297
vn 0.6453 -0.5505 -0.5297
vn 0.6453 -0.5505 -0.5296
vn 0.6455 -0.5506 -0.5293
vn -0.2424 -0.5505 0.7989
vn -0.2423 -0.5505 0.7989
vn -0.2427 -0.5503 0.7989
vn -0.2426 -0.5500 0.7991
vn -0.2422 -0.5505 -0.7989
vn -0.2423 -0.5505 -0.7989
vn 0.5296 -0.5506 -0.6453
vn 0.5296 -0.5505 -0.6454
vn 0.5296 -0.5505 -0.6453
vn -0.0820 -0.5509 0.8305
vn -0.0818 -0.5505 0.8308
vn -0.0820 -0.5509 0.8306
vn -0.3935 -0.5504 -0.7363
vn -0.3936 -0.5503 -0.7363
vn -0.3936 -0.5502 -0.7364
vn -0.3935 -0.5503 -0.7364
vn 0.3937 -0.5505 -0.7362
vn 0.3936 -0.5506 -0.7362
vn 0.3938 -0.5505 -0.7362
vn 0.3937 -0.5503 -0.7363
vn 0.0819 -0.5506 0.8308
vn 0.0819 -0.5506 0.8307
vn 0.0818 -0.5505 0.8308
vn -0.5296 -0.5502 -0.6456
vn -0.5296 -0.5505 -0.6454
vn -0.5296 -0.5505 -0.6453
vn 0.2423 -0.5505 -0.7989
vn 0.2426 -0.5509 -0.7986
vn 0.2422 -0.5505 -0.7990
vn 0.2421 -0.5505 -0.7990
vn 0.2426 -0.5507 0.7987
vn 0.2427 -0.5506 0.7987
vn 0.2425 -0.5504 0.7989
vn 0.2423 -0.5505 0.7989
vn -0.6453 -0.5505 -0.5296
vn -0.6453 -0.5506 -0.5296
vn -0.6455 -0.5505 -0.5295
vn -0.6455 -0.5504 -0.5296
vn 0.0819 -0.5506 -0.8308
vn 0.0819 -0.5506 -0.8307
vn 0.0822 -0.5509 -0.8305
vn 0.3936 -0.5507 0.7361
vn 0.3935 -0.5505 0.7362
vn 0.3937 -0.5507 0.7361
vn 0.3936 -0.5508 0.7360
vn -0.7362 -0.5505 -0.3935
vn -0.7363 -0.5505 -0.3935
vn 0.5295 -0.5505 0.6454
vn 0.5296 -0.5505 0.6453
vn 0.5292 -0.5505 0.6457
vn -0.7989 -0.5505 -0.2424
vn -0.7989 -0.5504 -0.2424
vn -0.7989 -0.5505 -0.2423
vn -0.7988 -0.5506 -0.2423
vn 0.6452 -0.5506 0.5296
vn 0.6454 -0.5505 0.5296
vn 0.6453 -0.5505 0.5296
vn -0.8308 -0.5505 -0.0818
vn 0.7365 -0.5500 0.3936
vn 0.7364 -0.5502 0.3936
vn 0.7364 -0.5502 0.3937
vn 0.7363 -0.5503 0.3937
vn 0.2907 -0.0000 -0.9568
vn 0.2907 -0.0000 0.9568
vn -0.7729 -0.0000 -0.6345
vn 0.0984 -0.0000 -0.9951
vn 0.0980 -0.0000 -0.9952
vn 0.4718 -0.0000 0.8817
vn -0.8820 -0.0000 -0.4713
vn 0.6345 -0.0000 0.7730
vn -0.9570 -0.0000 -0.2901
vn -0.9571 -0.0000 -0.2898
vn -0.9952 -0.0000 -0.0983
vn -0.9952 -0.0000 -0.0978
vn 0.8820 -0.0000 0.4713
vn -0.9952 -0.0000 0.0983
vn 0.9571 -0.0000 0.2898
vn 0.9952 -0.0000 0.0983
vn -0.8820 -0.0000 0.4713
vn 0.9952 -0.0000 -0.0983
vn 0.9952 -0.0000 -0.0980
vn 0.9570 -0.0000 -0.2901
vn 0.9571 -0.0000 -0.2898
vn -0.6345 -0.0000 0.7730
vn -0.6344 -0.0000 0.7730
vn 0.8820 -0.0000 -0.4713
vn -0.4713 -0.0000 0.8820
vn -0.0983 -0.0000 -0.9952
vn 0.7729 -0.0000 -0.6345
vn -0.2906 -0.0000 0.9568
vn -0.2911 -0.0000 0.9567
vn -0.2902 -0.0000 -0.9570
vn 0.6343 -0.0000 -0.7731
vn -0.0983 -0.0000 0.9952
vn 0.4718 -0.0000 -0.8817
vn 0.0984 -0.0000 0.9951
vn 0.0980 -0.0000 0.9952
vt 1.000000 1.000000
vt 0.968800 1.000000
vt 0.968800 0.500000
vt 1.000000 0.500000
vt 0.937500 1.000000
vt 0.937500 0.500000
vt 0.906200 1.000000
vt 0.906200 0.500000
vt 0.875000 1.000000
vt 0.875000 0.500000
vt 0.843800 1.000000
vt 0.843800 0.500000
vt 0.812500 0.500000
vt 0.812500 1.000000
vt 0.781200 0.500000
vt 0.781200 1.000000
vt 0.750000 1.000000
vt 0.750000 0.500000
vt 0.718800 0.500000
vt 0.718800 1.000000
vt 0.687500 0.500000
vt 0.687500 1.000000
vt 0.656200 0.500000
vt 0.656200 1.000000
vt 0.625000 1.000000
vt 0.625000 0.500000
vt 0.593800 0.500000
vt 0.593800 1.000000
vt 0.562500 0.500000
vt 0.562500 1.000000
vt 0.531200 0.500000
vt 0.531200 1.000000
vt 0.500000 0.500000
vt 0.500000 1.000000
vt 0.468800 0.500000
vt 0.468800 1.000000
vt 0.437500 0.500000
vt 0.437500 1.000000
vt 0.406200 0.500000
vt 0.406200 1.000000
vt 0.375000 1.000000
vt 0.375000 0.500000
vt 0.343800 1.000000
vt 0.343800 0.500000
vt 0.312500 0.500000
vt 0.312500 1.000000
vt 0.281200 0.500000
vt 0.281200 1.000000
vt 0.250000 1.000000
vt 0.250000 0.500000
vt 0.218800 1.000000
vt 0.218800 0.500000
vt 0.187500 0.500000
vt 0.187500 1.000000
vt 0.156200 1.000000
vt 0.156200 0.500000
vt 0.125000 0.500000
vt 0.125000 1.000000
vt 0.093800 0.500000
vt 0.093800 1.000000
vt 0.062500 1.000000
vt 0.062500 0.500000
vt 0.031200 1.000000
vt 0.031200 0.500000
vt 0.000000 1.000000
vt 0.000000 0.500000
vt 0.796800 0.485400
vt 0.841800 0.471700
vt 0.883300 0.449600
vt 0.919700 0.419700
vt 0.949600 0.383300
vt 0.971700 0.341800
vt 0.985400 0.296800
vt 0.990000 0.250000
vt 0.985400 0.203200
vt 0.971700 0.158200
vt 0.949600 0.116700
vt 0.919700 0.080300
vt 0.883300 0.050400
vt 0.841800 0.028300
vt 0.796800 0.014600
vt 0.750000 0.010000
vt 0.703200 0.014600
vt 0.658200 0.028300
vt 0.616700 0.050400
vt 0.580300 0.080300
vt 0.550400 0.116700
vt 0.528300 0.158200
vt 0.514600 0.203200
vt 0.510000 0.250000
vt 0.514600 0.296800
vt 0.528300 0.341800
vt 0.550400 0.383300
vt 0.580300 0.419700
vt 0.616700 0.449600
vt 0.658200 0.471700
vt 0.750000 0.490000
vt 0.703200 0.485400
vt 0.296800 0.485400
vt 0.250000 0.490000
vt 0.203200 0.485400
vt 0.158200 0.471700
vt 0.116700 0.449600
vt 0.080300 0.419700
vt 0.050400 0.383300
vt 0.028300 0.341800
vt 0.014600 0.296800
vt 0.010000 0.250000
vt 0.014600 0.203200
vt 0.028300 0.158200
vt 0.050400 0.116700
vt 0.080300 0.080300
vt 0.116700 0.050400
vt 0.158200 0.028300
vt 0.203200 0.014600
vt 0.250000 0.010000
vt 0.296800 0.014600
vt 0.341800 0.028300
vt 0.383300 0.050400
vt 0.419700 0.080300
vt 0.449600 0.116700
vt 0.471700 0.158200
vt 0.485400 0.203200
vt 0.490000 0.250000
vt 0.485400 0.296800
vt 0.471700 0.341800
vt 0.449600 0.383300
vt 0.419700 0.419700
vt 0.383300 0.449600
vt 0.341800 0.471700
vt 0.000000 0.000000
s 1
g off
g pata_derecha_delantera_Goddard_None
usemtl Goddard_None
f 1/1/1 2/2/1 3/3/1
f 3/3/1 4/4/2 1/1/1
s 2
f 2/2/3 5/5/3 6/6/3
f 6/6/3 3/3/3 2/2/3
s 3
f 5/5/4 7/7/4 8/8/4
f 8/8/4 6/6/4 5/5/4
s 4
f 7/7/5 9/9/5 10/10/5
f 10/10/5 8/8/5 7/7/5
s 5
f 11/11/6 12/12/7 10/10/7
f 10/10/7 9/9/6 11/11/6
s 6
f 13/13/8 12/12/9 11/11/8
f 11/11/8 14/14/9 13/13/8
s 7
f 15/15/10 13/13/10 14/14/10
f 14/14/10 16/16/10 15/15/10
s 8
f 17/17/11 18/18/11 15/15/11
f 15/15/11 16/16/11 17/17/11
s 9
f 19/19/12 18/18/12 17/17/12
f 17/17/12 20/20/12 19/19/12
s 10
f 21/21/13 19/19/13 20/20/13
f 20/20/13 22/22/13 21/21/13
s 11
f 23/23/14 21/21/14 22/22/14
f 22/22/14 24/24/14 23/23/14
s 12
f 25/25/15 26/26/15 23/23/15
f 23/23/15 24/24/15 25/25/15
s 13
f 27/27/16 26/26/17 25/25/16
f 25/25/16 28/28/18 27/27/16
s 14
f 29/29/19 27/27/19 28/28/19
f 28/28/19 30/30/19 29/29/19
s 15
f 31/31/20 29/29/20 30/30/20
f 30/30/20 32/32/20 31/31/20
s 16
f 33/33/21 31/31/21 32/32/21
f 32/32/21 34/34/21 33/33/21
s 17
f 35/35/22 33/33/22 34/34/22
f 34/34/22 36/36/23 35/35/22
s 18
f 37/37/24 35/35/24 36/36/25
f 36/36/25 38/38/25 37/37/24
s 19
f 39/39/26 37/37/26 38/38/26
f 38/38/26 40/40/26 39/39/26
s 20
f 41/41/27 42/42/27 39/39/27
f 39/39/27 40/40/27 41/41/27
s 21
f 41/41/28 43/43/28 44/44/29
f 44/44/29 42/42/28 41/41/28
s 22
f 45/45/30 44/44/30 43/43/30
f 43/43/30 46/46/30 45/45/30
s 23
f 47/47/31 45/45/31 46/46/31
f 46/46/31 48/48/31 47/47/31
s 24
f 49/49/32 50/50/32 47/47/32
f 47/47/32 48/48/32 49/49/32
s 25
f 51/51/33 52/52/33 50/50/33
f 50/50/33 49/49/34 51/51/33
s 26
f 53/53/35 52/52/36 51/51/37
f 51/51/37 54/54/35 53/53/35
s 27
f 55/55/38 56/56/38 53/53/38
f 53/53/38 54/54/38 55/55/38
s 28
f 57/57/39 56/56/39 55/55/39
f 55/55/39 58/58/39 57/57/39
s 29
f 59/59/40 57/57/41 58/58/40
f 58/58/40 60/60/40 59/59/40
s 30
f 61/61/42 62/62/42 59/59/42
f 59/59/42 60/60/42 61/61/42
s 31
f 17/17/43 63/17/43 64/20/43
f 64/20/43 20/20/43 17/17/43
s 32
f 65/63/44 66/64/44 62/62/44
f 62/62/44 61/61/44 65/63/44
s 33
f 66/64/45 65/63/46 1/65/45
f 1/65/45 4/66/47 66/64/45
s 34
f 3/67/48 6/68/48 8/69/48
f 3/67/48 8/69/48 10/70/48
f 10/70/48 12/71/49 13/72/48
f 13/72/48 15/73/50 18/74/51
f 18/74/51 19/75/52 21/76/48
f 13/72/48 18/74/51 21/76/48
f 10/70/48 13/72/48 21/76/48
f 21/76/48 23/77/48 26/78/48
f 26/78/48 27/79/49 29/80/48
f 21/76/48 26/78/48 29/80/48
f 29/80/48 31/81/48 33/82/48
f 33/82/48 35/83/53 37/84/48
f 29/80/48 33/82/48 37/84/48
f 37/84/48 39/85/53 42/86/48
f 42/86/48 44/87/54 45/88/48
f 37/84/48 42/86/48 45/88/48
f 45/88/48 47/89/49 50/90/52
f 50/90/52 52/91/51 53/92/48
f 45/88/48 50/90/52 53/92/48
f 37/84/48 45/88/48 53/92/48
f 29/80/48 37/84/48 53/92/48
f 21/76/48 29/80/48 53/92/48
f 10/70/48 21/76/48 53/92/48
f 53/92/48 56/93/48 57/94/52
f 57/94/52 59/95/49 62/96/48
f 53/92/48 57/94/52 62/96/48
f 10/70/48 53/92/48 62/96/48
f 3/67/48 10/70/48 62/96/48
f 4/97/48 3/67/48 62/96/48
f 4/97/48 62/96/48 66/98/54
s 35
f 67/7/55 68/7/55 69/9/55
f 69/9/55 70/9/55 67/7/55
s 36
f 71/38/56 38/38/56 36/36/57
f 36/36/57 72/36/58 71/38/56
s 37
f 73/55/59 55/55/59 54/54/59
f 54/54/59 74/54/60 73/55/59
s 38
f 75/11/61 11/11/62 9/9/61
f 9/9/61 70/9/63 75/11/61
s 39
f 76/30/64 30/30/65 28/28/66
f 28/28/66 77/28/64 76/30/64
s 40
f 78/48/67 48/48/68 46/46/68
f 46/46/68 79/46/67 78/48/67
s 41
f 2/2/69 1/1/69 80/1/69
f 80/1/69 81/2/69 2/2/69
s 42
f 65/63/70 82/63/71 80/65/71
f 80/65/71 1/65/70 65/63/70
s 43
f 83/22/72 22/22/73 20/20/73
f 20/20/73 64/20/72 83/22/72
s 44
f 84/40/74 40/40/75 38/38/76
f 38/38/76 71/38/74 84/40/74
s 45
f 73/55/77 85/58/77 58/58/78
f 58/58/78 55/55/78 73/55/77
s 46
f 86/14/79 14/14/79 11/11/79
f 11/11/79 75/11/79 86/14/79
s 47
f 87/32/80 32/32/81 30/30/81
f 30/30/81 76/30/80 87/32/80
s 48
f 88/49/82 49/49/82 48/48/82
f 48/48/82 78/48/83 88/49/82
s 49
f 81/2/84 89/5/85 5/5/84
f 5/5/84 2/2/84 81/2/84
s 50
f 90/24/86 24/24/86 22/22/86
f 22/22/86 83/22/86 90/24/86
s 51
f 84/40/87 91/41/87 41/41/88
f 41/41/88 40/40/89 84/40/87
s 52
f 60/60/90 58/58/90 85/58/90
f 85/58/90 92/60/90 60/60/90
s 53
f 93/16/91 16/16/91 14/14/91
f 14/14/91 86/14/91 93/16/91
s 54
f 94/34/92 34/34/92 32/32/92
f 32/32/92 87/32/92 94/34/92
s 55
f 95/51/93 51/51/94 49/49/93
f 49/49/93 88/49/95 95/51/93
s 56
f 67/7/96 7/7/96 5/5/96
f 5/5/96 89/5/96 67/7/96
s 57
f 96/25/97 25/25/97 24/24/97
f 24/24/97 90/24/98 96/25/97
s 58
f 97/43/99 43/43/100 41/41/100
f 41/41/100 91/41/101 97/43/99
s 59
f 61/61/102 60/60/102 92/60/103
f 92/60/103 98/61/104 61/61/102
s 60
f 16/16/105 93/16/106 63/17/105
f 63/17/105 17/17/105 16/16/105
s 61
f 72/36/107 36/36/108 34/34/109
f 34/34/109 94/34/107 72/36/107
s 62
f 74/54/110 54/54/111 51/51/111
f 51/51/111 95/51/112 74/54/110
s 63
f 9/9/113 7/7/113 67/7/113
f 67/7/113 70/9/113 9/9/113
s 64
f 77/28/114 28/28/114 25/25/114
f 25/25/114 96/25/114 77/28/114
s 65
f 79/46/115 46/46/115 43/43/115
f 43/43/115 97/43/116 79/46/115
s 66
f 65/63/117 61/61/117 98/61/118
f 98/61/118 82/63/119 65/63/117
s 67
f 99/99/120 100/100/121 101/101/122
f 101/101/122 102/102/123 103/103/120
f 99/99/120 101/101/122 103/103/120
f 103/103/120 104/104/124 105/105/125
f 105/105/125 106/106/126 107/107/120
f 103/103/120 105/105/125 107/107/120
f 107/107/120 108/108/127 109/109/128
f 109/109/128 110/110/129 111/111/120
f 107/107/120 109/109/128 111/111/120
f 103/103/120 107/107/120 111/111/120
f 111/111/120 112/112/130 113/113/120
f 113/113/120 114/114/131 115/115/120
f 111/111/120 113/113/120 115/115/120
f 115/115/120 116/116/132 117/117/120
f 117/117/120 118/118/120 119/119/120
f 115/115/120 117/117/120 119/119/120
f 111/111/120 115/115/120 119/119/120
f 103/103/120 111/111/120 119/119/120
f 119/119/120 120/120/133 121/121/134
f 121/121/134 122/122/135 123/123/136
f 119/119/120 121/121/134 123/123/136
f 119/119/120 123/123/136 124/124/120
f 103/103/120 119/119/120 124/124/120
f 124/124/120 125/125/137 126/126/134
f 126/126/134 127/127/138 69/128/120
f 124/124/120 126/126/134 69/128/120
f 103/103/120 124/124/120 69/128/120
f 99/99/120 103/103/120 69/128/120
f 99/99/120 69/128/120 68/129/139
f 99/99/120 68/129/139 128/130/140
s 68
f 98/61/141 102/61/142 101/63/143
f 101/63/143 82/63/144 98/61/141
s 69
f 72/36/145 115/36/146 114/38/145
f 114/38/145 71/38/145 72/36/145
s 70
f 70/9/147 69/9/148 127/11/148
f 127/11/148 75/11/149 70/9/147
s 71
f 82/63/150 101/63/151 100/65/150
f 100/65/150 80/65/150 82/63/150
s 72
f 71/38/152 114/38/153 113/40/153
f 113/40/153 84/40/154 71/38/152
s 73
f 75/11/155 127/11/156 126/14/155
f 126/14/155 86/14/155 75/11/155
s 74
f 84/40/157 113/40/158 112/41/158
f 112/41/158 91/41/159 84/40/157
s 75
f 86/14/160 126/14/161 125/16/161
f 125/16/161 93/16/162 86/14/160
s 76
f 91/41/163 112/41/163 111/43/163
f 111/43/163 97/43/163 91/41/163
s 77
f 63/17/164 93/16/164 125/16/165
f 125/16/165 124/17/165 63/17/164
s 78
f 97/43/166 111/43/167 110/46/168
f 110/46/168 79/46/166 97/43/166
s 79
f 63/17/169 124/17/169 123/20/169
f 123/20/169 64/20/169 63/17/169
s 80
f 79/46/170 110/46/171 109/48/170
f 109/48/170 78/48/172 79/46/170
s 81
f 64/20/173 123/20/174 122/22/174
f 122/22/174 83/22/173 64/20/173
s 82
f 78/48/175 109/48/176 108/49/176
f 108/49/176 88/49/177 78/48/175
s 83
f 83/22/178 122/22/179 121/24/179
f 121/24/179 90/24/180 83/22/178
s 84
f 88/49/181 108/49/182 107/51/182
f 107/51/182 95/51/181 88/49/181
s 85
f 90/24/183 121/24/183 120/25/183
f 120/25/183 96/25/184 90/24/183
s 86
f 95/51/185 107/51/185 106/54/185
f 106/54/185 74/54/185 95/51/185
s 87
f 96/25/186 120/25/187 119/28/186
f 119/28/186 77/28/186 96/25/186
s 88
f 74/54/188 106/54/189 105/55/189
f 105/55/189 73/55/188 74/54/188
s 89
f 77/28/190 119/28/191 118/30/191
f 118/30/191 76/30/190 77/28/190
s 90
f 80/1/192 100/1/193 99/2/194
f 99/2/194 81/2/192 80/1/192
s 91
f 73/55/195 105/55/195 104/58/196
f 104/58/196 85/58/195 73/55/195
s 92
f 76/30/197 118/30/198 117/32/198
f 117/32/198 87/32/197 76/30/197
s 93
f 81/2/199 99/2/200 128/5/201
f 128/5/201 89/5/201 81/2/199
s 94
f 85/58/202 104/58/203 103/60/203
f 103/60/203 92/60/203 85/58/202
s 95
f 87/32/204 117/32/205 116/34/206
f 116/34/206 94/34/204 87/32/204
s 96
f 89/5/207 128/5/207 68/7/207
f 68/7/207 67/7/207 89/5/207
s 97
f 92/60/208 103/60/209 102/61/210
f 102/61/210 98/61/211 92/60/208
s 98
f 94/34/212 116/34/213 115/36/213
f 115/36/213 72/36/212 94/34/212
s 99
f 129/2/214 130/3/214 131/4/215
f 131/4/215 132/1/214 129/2/214
s 100
f 133/6/216 130/3/217 129/2/216
f 129/2/216 134/5/216 133/6/216
s 101
f 135/7/218 136/8/218 133/6/218
f 133/6/218 134/5/218 135/7/218
s 102
f 137/10/219 136/8/219 135/7/219
f 135/7/219 138/9/219 137/10/219
s 103
f 139/11/220 140/12/220 137/10/220
f 137/10/220 138/9/220 139/11/220
s 104
f 141/13/221 140/12/221 139/11/221
f 139/11/221 142/14/221 141/13/221
s 105
f 143/15/222 141/13/222 142/14/222
f 142/14/222 144/16/222 143/15/222
s 106
f 145/17/223 146/18/224 143/15/224
f 143/15/224 144/16/223 145/17/223
s 107
f 147/19/225 146/18/225 145/17/225
f 145/17/225 148/20/225 147/19/225
s 108
f 149/22/226 150/21/226 147/19/226
f 147/19/226 148/20/226 149/22/226
s 109
f 151/24/227 152/23/227 150/21/227
f 150/21/227 149/22/227 151/24/227
s 110
f 153/26/228 152/23/228 151/24/228
f 151/24/228 154/25/228 153/26/228
s 111
f 155/28/229 156/27/229 153/26/229
f 153/26/229 154/25/229 155/28/229
s 112
f 157/30/230 158/29/230 156/27/230
f 156/27/230 155/28/230 157/30/230
s 113
f 159/31/231 158/29/231 157/30/231
f 157/30/231 160/32/231 159/31/231
s 114
f 160/32/232 161/34/232 162/33/232
f 162/33/232 159/31/232 160/32/232
s 115
f 163/36/233 164/35/233 162/33/233
f 162/33/233 161/34/233 163/36/233
s 116
f 165/37/234 164/35/234 163/36/234
f 163/36/234 166/38/234 165/37/234
s 117
f 167/39/235 165/37/235 166/38/235
f 166/38/235 168/40/235 167/39/235
s 118
f 169/41/236 170/42/236 167/39/236
f 167/39/236 168/40/236 169/41/236
s 119
f 171/44/237 170/42/237 169/41/237
f 169/41/237 172/43/237 171/44/237
s 120
f 173/46/238 174/45/238 171/44/238
f 171/44/238 172/43/238 173/46/238
s 121
f 175/48/239 176/47/239 174/45/239
f 174/45/239 173/46/239 175/48/239
s 122
f 177/50/240 176/47/240 175/48/240
f 175/48/240 178/49/240 177/50/240
s 123
f 179/52/241 177/50/241 178/49/241
f 178/49/241 180/51/241 179/52/241
s 124
f 181/54/242 182/53/242 179/52/242
f 179/52/242 180/51/242 181/54/242
s 125
f 183/56/243 182/53/243 181/54/243
f 181/54/243 184/55/243 183/56/243
s 126
f 185/58/244 186/57/244 183/56/244
f 183/56/244 184/55/244 185/58/244
s 127
f 187/60/245 188/59/245 186/57/245
f 186/57/245 185/58/245 187/60/245
s 128
f 189/62/246 188/59/246 187/60/246
f 187/60/246 190/61/246 189/62/246
s 129
f 191/20/247 148/20/247 145/17/247
f 145/17/247 192/17/248 191/20/247
s 130
f 193/63/249 194/64/249 189/62/249
f 189/62/249 190/61/249 193/63/249
s 131
f 193/63/250 132/65/250 131/66/251
f 131/66/251 194/64/250 193/63/250
s 132
f 131/97/48 130/67/48 133/68/48
f 133/68/48 136/69/52 137/70/48
f 131/97/48 133/68/48 137/70/48
f 140/71/48 141/72/252 143/73/48
f 137/70/48 140/71/48 143/73/48
f 137/70/48 143/73/48 146/74/48
f 146/74/48 147/75/48 150/76/48
f 137/70/48 146/74/48 150/76/48
f 137/70/48 150/76/48 152/77/48
f 152/77/48 153/78/48 156/79/48
f 137/70/48 152/77/48 156/79/48
f 137/70/48 156/79/48 158/80/48
f 158/80/48 159/81/54 162/82/48
f 137/70/48 158/80/48 162/82/48
f 137/70/48 162/82/48 164/83/48
f 164/83/48 165/84/48 167/85/48
f 137/70/48 164/83/48 167/85/48
f 137/70/48 167/85/48 170/86/48
f 170/86/48 171/87/48 174/88/48
f 137/70/48 170/86/48 174/88/48
f 137/70/48 174/88/48 176/89/48
f 176/89/48 177/90/48 179/91/48
f 137/70/48 176/89/48 179/91/48
f 137/70/48 179/91/48 182/92/48
f 182/92/48 183/93/253 186/94/48
f 137/70/48 182/92/48 186/94/48
f 137/70/48 186/94/48 188/95/48
f 131/97/48 137/70/48 188/95/48
f 131/97/48 188/95/48 189/96/48
f 131/97/48 189/96/48 194/98/49
s 133
f 195/9/254 196/7/254 197/7/254
f 197/7/254 198/9/254 195/9/254
s 134
f 199/38/255 166/38/255 163/36/255
f 163/36/255 200/36/255 199/38/255
s 135
f 201/55/256 184/55/257 181/54/257
f 181/54/257 202/54/256 201/55/256
s 136
f 138/9/258 195/9/258 203/11/258
f 203/11/258 139/11/258 138/9/258
s 137
f 155/28/259 204/28/259 205/30/259
f 205/30/259 157/30/259 155/28/259
s 138
f 175/48/260 173/46/260 206/46/261
f 206/46/261 207/48/262 175/48/260
s 139
f 132/1/263 208/1/264 209/2/264
f 209/2/264 129/2/265 132/1/263
s 140
f 132/65/266 193/63/266 210/63/267
f 210/63/267 208/65/267 132/65/266
s 141
f 191/20/268 211/22/268 149/22/268
f 149/22/268 148/20/268 191/20/268
s 142
f 199/38/269 212/40/269 168/40/270
f 168/40/270 166/38/271 199/38/269
s 143
f 201/55/272 213/58/273 185/58/272
f 185/58/272 184/55/272 201/55/272
s 144
f 214/14/274 142/14/275 139/11/275
f 139/11/275 203/11/274 214/14/274
s 145
f 215/32/276 160/32/276 157/30/276
f 157/30/276 205/30/276 215/32/276
s 146
f 216/49/277 178/49/277 175/48/277
f 175/48/277 207/48/277 216/49/277
s 147
f 217/5/278 134/5/279 129/2/278
f 129/2/278 209/2/278 217/5/278
s 148
f 149/22/280 211/22/280 218/24/280
f 218/24/280 151/24/280 149/22/280
s 149
f 169/41/281 168/40/282 212/40/281
f 212/40/281 219/41/281 169/41/281
s 150
f 187/60/283 185/58/284 213/58/283
f 213/58/283 220/60/283 187/60/283
s 151
f 214/14/285 221/16/285 144/16/286
f 144/16/286 142/14/287 214/14/285
s 152
f 215/32/288 222/34/288 161/34/288
f 161/34/288 160/32/289 215/32/288
s 153
f 216/49/290 223/51/290 180/51/291
f 180/51/291 178/49/291 216/49/290
s 154
f 134/5/292 217/5/293 196/7/292
f 196/7/292 135/7/292 134/5/292
s 155
f 224/25/294 154/25/294 151/24/294
f 151/24/294 218/24/294 224/25/294
s 156
f 225/43/295 172/43/296 169/41/296
f 169/41/296 219/41/295 225/43/295
s 157
f 226/61/297 190/61/298 187/60/298
f 187/60/298 220/60/297 226/61/297
s 158
f 144/16/299 221/16/300 192/17/300
f 192/17/300 145/17/301 144/16/299
s 159
f 161/34/302 222/34/303 200/36/303
f 200/36/303 163/36/302 161/34/302
s 160
f 181/54/304 180/51/304 223/51/305
f 223/51/305 202/54/305 181/54/304
s 161
f 195/9/306 138/9/306 135/7/306
f 135/7/306 196/7/306 195/9/306
s 162
f 224/25/307 204/28/307 155/28/307
f 155/28/307 154/25/307 224/25/307
s 163
f 225/43/308 206/46/308 173/46/308
f 173/46/308 172/43/309 225/43/308
s 164
f 226/61/310 210/63/310 193/63/311
f 193/63/311 190/61/311 226/61/310
s 165
f 227/101/312 228/102/313 229/103/312
f 227/101/312 229/103/312 230/104/314
f 230/104/314 231/105/315 232/106/316
f 227/101/312 230/104/314 232/106/316
f 227/101/312 232/106/316 233/107/312
f 233/107/312 234/108/317 235/109/318
f 227/101/312 233/107/312 235/109/318
f 227/101/312 235/109/318 236/110/312
f 236/110/312 237/111/319 238/112/320
f 227/101/312 236/110/312 238/112/320
f 227/101/312 238/112/320 239/113/312
f 239/113/312 240/114/321 241/115/312
f 227/101/312 239/113/312 241/115/312
f 227/101/312 241/115/312 242/116/312
f 242/116/312 243/117/322 244/118/312
f 227/101/312 242/116/312 244/118/312
f 227/101/312 244/118/312 245/119/314
f 245/119/314 246/120/323 247/121/312
f 227/101/312 245/119/314 247/121/312
f 227/101/312 247/121/312 248/122/312
f 248/122/312 249/123/324 250/124/312
f 227/101/312 248/122/312 250/124/312
f 250/124/312 251/125/325 252/126/320
f 250/124/312 252/126/320 253/127/312
f 227/101/312 250/124/312 253/127/312
f 227/101/312 253/127/312 198/128/312
f 198/128/312 197/129/326 254/130/312
f 227/101/312 198/128/312 254/130/312
f 255/100/327 227/101/312 254/130/312
f 256/99/320 255/100/327 254/130/312
s 166
f 210/63/328 226/61/328 228/61/329
f 228/61/329 227/63/329 210/63/328
s 167
f 241/36/330 240/38/331 199/38/332
f 199/38/332 200/36/331 241/36/330
s 168
f 203/11/333 195/9/333 198/9/334
f 198/9/334 253/11/334 203/11/333
s 169
f 208/65/335 210/63/336 227/63/337
f 227/63/337 255/65/338 208/65/335
s 170
f 212/40/339 199/38/340 240/38/341
f 240/38/341 239/40/341 212/40/339
s 171
f 252/14/342 214/14/342 203/11/342
f 203/11/342 253/11/342 252/14/342
s 172
f 219/41/343 212/40/344 239/40/345
f 239/40/345 238/41/346 219/41/343
s 173
f 221/16/347 214/14/348 252/14/349
f 252/14/349 251/16/349 221/16/347
s 174
f 238/41/350 237/43/351 225/43/350
f 225/43/350 219/41/350 238/41/350
s 175
f 192/17/352 221/16/352 251/16/353
f 251/16/353 250/17/353 192/17/352
s 176
f 206/46/354 225/43/354 237/43/355
f 237/43/355 236/46/355 206/46/354
s 177
f 250/17/356 249/20/356 191/20/357
f 191/20/357 192/17/357 250/17/356
s 178
f 207/48/358 206/46/358 236/46/358
f 236/46/358 235/48/358 207/48/358
s 179
f 211/22/359 191/20/359 249/20/359
f 249/20/359 248/22/360 211/22/359
s 180
f 235/48/361 234/49/361 216/49/362
f 216/49/362 207/48/363 235/48/361
s 181
f 218/24/364 211/22/365 248/22/366
f 248/22/366 247/24/367 218/24/364
s 182
f 223/51/368 216/49/368 234/49/369
f 234/49/369 233/51/369 223/51/368
s 183
f 247/24/370 246/25/371 224/25/372
f 224/25/372 218/24/372 247/24/370
s 184
f 202/54/373 223/51/374 233/51/373
f 233/51/373 232/54/373 202/54/373
s 185
f 204/28/375 224/25/375 246/25/376
f 246/25/376 245/28/375 204/28/375
s 186
f 232/54/377 231/55/377 201/55/378
f 201/55/378 202/54/378 232/54/377
s 187
f 205/30/379 204/28/379 245/28/380
f 245/28/380 244/30/381 205/30/379
s 188
f 208/1/382 255/1/383 256/2/384
f 256/2/384 209/2/382 208/1/382
s 189
f 213/58/385 201/55/386 231/55/385
f 231/55/385 230/58/387 213/58/385
s 190
f 244/30/388 243/32/388 215/32/389
f 215/32/389 205/30/389 244/30/388
s 191
f 254/5/390 217/5/390 209/2/390
f 209/2/390 256/2/390 254/5/390
s 192
f 220/60/391 213/58/392 230/58/393
f 230/58/393 229/60/394 220/60/391
s 193
f 222/34/395 215/32/395 243/32/395
f 243/32/395 242/34/396 222/34/395
s 194
f 197/7/397 196/7/397 217/5/397
f 217/5/397 254/5/397 197/7/397
s 195
f 229/60/398 228/61/398 226/61/399
f 226/61/399 220/60/399 229/60/398
s 196
f 200/36/400 222/34/401 242/34/401
f 242/34/401 241/36/402 200/36/400
s 197
f 257/2/403 258/3/403 259/4/403
f 259/4/403 260/1/403 257/2/403
s 198
f 261/6/404 258/3/404 257/2/404
f 257/2/404 262/5/404 261/6/404
s 199
f 263/7/405 264/8/405 261/6/405
f 261/6/405 262/5/405 263/7/405
s 200
f 265/9/406 266/10/407 264/8/408
f 264/8/408 263/7/409 265/9/406
s 201
f 267/12/410 266/10/410 265/9/410
f 265/9/410 268/11/410 267/12/410
s 202
f 269/14/411 270/13/411 267/12/411
f 267/12/411 268/11/411 269/14/411
s 203
f 271/16/412 272/15/412 270/13/412
f 270/13/412 269/14/412 271/16/412
s 204
f 273/18/413 272/15/413 271/16/413
f 271/16/413 274/17/413 273/18/413
s 205
f 275/20/414 276/19/414 273/18/414
f 273/18/414 274/17/414 275/20/414
s 206
f 277/22/415 278/21/415 276/19/415
f 276/19/415 275/20/415 277/22/415
s 207
f 279/23/416 278/21/416 277/22/416
f 277/22/416 280/24/416 279/23/416
s 208
f 281/25/417 282/26/417 279/23/417
f 279/23/417 280/24/417 281/25/417
s 209
f 283/28/418 284/27/418 282/26/418
f 282/26/418 281/25/418 283/28/418
s 210
f 285/29/419 284/27/419 283/28/419
f 283/28/419 286/30/419 285/29/419
s 211
f 287/31/420 285/29/420 286/30/421
f 286/30/421 288/32/420 287/31/420
s 212
f 289/34/422 290/33/422 287/31/422
f 287/31/422 288/32/422 289/34/422
s 213
f 291/35/423 290/33/423 289/34/423
f 289/34/423 292/36/423 291/35/423
s 214
f 293/37/424 291/35/424 292/36/424
f 292/36/424 294/38/424 293/37/424
s 215
f 295/40/425 296/39/425 293/37/425
f 293/37/425 294/38/425 295/40/425
s 216
f 297/42/426 296/39/427 295/40/428
f 295/40/428 298/41/429 297/42/426
s 217
f 299/43/430 300/44/431 297/42/430
f 297/42/430 298/41/430 299/43/430
s 218
f 301/46/432 302/45/433 300/44/433
f 300/44/433 299/43/433 301/46/432
s 219
f 303/47/434 302/45/434 301/46/434
f 301/46/434 304/48/434 303/47/434
s 220
f 305/50/435 303/47/435 304/48/435
f 304/48/435 306/49/435 305/50/435
s 221
f 307/51/436 308/52/436 305/50/436
f 305/50/436 306/49/436 307/51/436
s 222
f 309/53/437 308/52/437 307/51/437
f 307/51/437 310/54/437 309/53/437
s 223
f 311/55/438 312/56/438 309/53/438
f 309/53/438 310/54/438 311/55/438
s 224
f 313/58/439 314/57/440 312/56/439
f 312/56/439 311/55/441 313/58/439
s 225
f 315/59/442 314/57/442 313/58/442
f 313/58/442 316/60/442 315/59/442
s 226
f 317/61/443 318/62/444 315/59/443
f 315/59/443 316/60/445 317/61/443
s 227
f 274/17/446 319/17/447 320/20/447
f 320/20/447 275/20/446 274/17/446
s 228
f 321/63/448 322/64/448 318/62/448
f 318/62/448 317/61/448 321/63/448
s 229
f 321/63/449 260/65/449 259/66/449
f 259/66/449 322/64/449 321/63/449
s 230
f 258/67/49 261/68/54 264/69/48
f 259/97/48 258/67/49 264/69/48
f 259/97/48 264/69/48 266/70/48
f 266/70/48 267/71/48 270/72/48
f 259/97/48 266/70/48 270/72/48
f 259/97/48 270/72/48 272/73/48
f 272/73/48 273/74/48 276/75/48
f 259/97/48 272/73/48 276/75/48
f 259/97/48 276/75/48 278/76/48
f 278/76/48 279/77/252 282/78/48
f 259/97/48 278/76/48 282/78/48
f 259/97/48 282/78/48 284/79/48
f 284/79/48 285/80/48 287/81/48
f 259/97/48 284/79/48 287/81/48
f 259/97/48 287/81/48 290/82/48
f 290/82/48 291/83/253 293/84/48
f 259/97/48 290/82/48 293/84/48
f 259/97/48 293/84/48 296/85/48
f 296/85/48 297/86/48 300/87/48
f 259/97/48 296/85/48 300/87/48
f 259/97/48 300/87/48 302/88/48
f 302/88/48 303/89/48 305/90/48
f 259/97/48 302/88/48 305/90/48
f 259/97/48 305/90/48 308/91/48
f 308/91/48 309/92/50 312/93/48
f 259/97/48 308/91/48 312/93/48
f 259/97/48 312/93/48 314/94/48
f 314/94/48 315/95/48 318/96/52
f 259/97/48 314/94/48 318/96/52
f 259/97/48 318/96/52 322/98/48
s 231
f 323/7/450 324/7/450 325/9/450
f 325/9/450 326/9/451 323/7/450
s 232
f 327/38/452 294/38/453 292/36/453
f 292/36/453 328/36/452 327/38/452
s 233
f 329/55/454 311/55/455 310/54/455
f 310/54/455 330/54/454 329/55/454
s 234
f 265/9/456 326/9/457 331/11/456
f 331/11/456 268/11/456 265/9/456
s 235
f 286/30/458 283/28/458 332/28/458
f 332/28/458 333/30/458 286/30/458
s 236
f 304/48/459 301/46/459 334/46/460
f 334/46/460 335/48/461 304/48/459
s 237
f 336/2/462 257/2/462 260/1/462
f 260/1/462 337/1/462 336/2/462
s 238
f 338/63/463 337/65/464 260/65/463
f 260/65/463 321/63/463 338/63/463
s 239
f 275/20/465 320/20/465 339/22/465
f 339/22/465 277/22/465 275/20/465
s 240
f 340/40/466 295/40/467 294/38/467
f 294/38/467 327/38/467 340/40/466
s 241
f 341/58/468 313/58/469 311/55/469
f 311/55/469 329/55/470 341/58/468
s 242
f 268/11/471 331/11/471 342/14/471
f 342/14/471 269/14/471 268/11/471
s 243
f 343/32/472 288/32/473 286/30/473
f 286/30/473 333/30/472 343/32/472
s 244
f 344/49/474 306/49/475 304/48/475
f 304/48/475 335/48/474 344/49/474
s 245
f 257/2/476 336/2/476 345/5/476
f 345/5/476 262/5/476 257/2/476
s 246
f 339/22/477 346/24/477 280/24/477
f 280/24/477 277/22/477 339/22/477
s 247
f 298/41/478 295/40/479 340/40/478
f 340/40/478 347/41/478 298/41/478
s 248
f 316/60/480 313/58/481 341/58/481
f 341/58/481 348/60/481 316/60/480
s 249
f 269/14/482 342/14/482 349/16/482
f 349/16/482 271/16/482 269/14/482
s 250
f 350/34/483 289/34/483 288/32/483
f 288/32/483 343/32/483 350/34/483
s 251
f 351/51/484 307/51/484 306/49/484
f 306/49/484 344/49/485 351/51/484
s 252
f 262/5/486 345/5/487 323/7/487
f 323/7/487 263/7/486 262/5/486
s 253
f 346/24/488 352/25/488 281/25/488
f 281/25/488 280/24/488 346/24/488
s 254
f 353/43/489 299/43/490 298/41/490
f 298/41/490 347/41/491 353/43/489
s 255
f 354/61/492 317/61/493 316/60/493
f 316/60/493 348/60/492 354/61/492
s 256
f 271/16/494 349/16/494 319/17/495
f 319/17/495 274/17/494 271/16/494
s 257
f 292/36/496 289/34/497 350/34/498
f 350/34/498 328/36/498 292/36/496
s 258
f 310/54/499 307/51/500 351/51/501
f 351/51/501 330/54/499 310/54/499
s 259
f 263/7/502 323/7/502 326/9/502
f 326/9/502 265/9/502 263/7/502
s 260
f 283/28/503 281/25/504 352/25/505
f 352/25/505 332/28/505 283/28/503
s 261
f 334/46/506 301/46/507 299/43/507
f 299/43/507 353/43/506 334/46/506
s 262
f 338/63/508 321/63/509 317/61/510
f 317/61/510 354/61/509 338/63/508
s 263
f 355/99/511 356/100/512 357/101/511
f 357/101/511 358/102/513 359/103/511
f 355/99/511 357/101/511 359/103/511
f 360/104/514 361/105/515 362/106/513
f 359/103/511 360/104/514 362/106/513
f 355/99/511 359/103/511 362/106/513
f 363/107/516 364/108/517 365/109/518
f 362/106/513 363/107/516 365/109/518
f 366/110/516 367/111/519 368/112/513
f 365/109/518 366/110/516 368/112/513
f 362/106/513 365/109/518 368/112/513
f 355/99/511 362/106/513 368/112/513
f 369/113/520 370/114/521 371/115/511
f 368/112/513 369/113/520 371/115/511
f 372/116/522 373/117/522 374/118/511
f 371/115/511 372/116/522 374/118/511
f 368/112/513 371/115/511 374/118/511
f 375/119/523 376/120/524 377/121/525
f 374/118/511 375/119/523 377/121/525
f 378/122/526 379/123/527 380/124/511
f 377/121/525 378/122/526 380/124/511
f 374/118/511 377/121/525 380/124/511
f 368/112/513 374/118/511 380/124/511
f 355/99/511 368/112/513 380/124/511
f 381/125/516 382/126/528 383/127/518
f 380/124/511 381/125/516 383/127/518
f 325/128/529 324/129/530 384/130/531
f 383/127/518 325/128/529 384/130/531
f 380/124/511 383/127/518 384/130/531
f 355/99/511 380/124/511 384/130/531
s 264
f 354/61/532 358/61/533 357/63/532
f 357/63/532 338/63/532 354/61/532
s 265
f 327/38/534 328/36/534 371/36/534
f 371/36/534 370/38/534 327/38/534
s 266
f 383/11/535 331/11/536 326/9/536
f 326/9/536 325/9/535 383/11/535
s 267
f 357/63/537 356/65/537 337/65/538
f 337/65/538 338/63/538 357/63/537
s 268
f 327/38/539 370/38/540 369/40/540
f 369/40/540 340/40/539 327/38/539
s 269
f 342/14/541 331/11/541 383/11/541
f 383/11/541 382/14/541 342/14/541
s 270
f 368/41/542 347/41/542 340/40/543
f 340/40/543 369/40/542 368/41/542
s 271
f 342/14/544 382/14/544 381/16/544
f 381/16/544 349/16/544 342/14/544
s 272
f 353/43/545 347/41/545 368/41/546
f 368/41/546 367/43/545 353/43/545
s 273
f 380/17/547 319/17/548 349/16/548
f 349/16/548 381/16/547 380/17/547
s 274
f 353/43/549 367/43/550 366/46/549
f 366/46/549 334/46/549 353/43/549
s 275
f 320/20/551 319/17/552 380/17/552
f 380/17/552 379/20/552 320/20/551
s 276
f 365/48/553 335/48/554 334/46/554
f 334/46/554 366/46/553 365/48/553
s 277
f 320/20/555 379/20/556 378/22/556
f 378/22/556 339/22/555 320/20/555
s 278
f 344/49/557 335/48/558 365/48/559
f 365/48/559 364/49/559 344/49/557
s 279
f 339/22/560 378/22/560 377/24/560
f 377/24/560 346/24/560 339/22/560
s 280
f 344/49/561 364/49/562 363/51/563
f 363/51/563 351/51/561 344/49/561
s 281
f 377/24/564 376/25/564 352/25/565
f 352/25/565 346/24/564 377/24/564
s 282
f 362/54/566 330/54/567 351/51/567
f 351/51/567 363/51/566 362/54/566
s 283
f 375/28/568 332/28/569 352/25/570
f 352/25/570 376/25/571 375/28/568
s 284
f 329/55/572 330/54/572 362/54/573
f 362/54/573 361/55/573 329/55/572
s 285
f 374/30/574 333/30/575 332/28/575
f 332/28/575 375/28/574 374/30/574
s 286
f 336/2/576 337/1/576 356/1/576
f 356/1/576 355/2/576 336/2/576
s 287
f 329/55/577 361/55/577 360/58/577
f 360/58/577 341/58/577 329/55/577
s 288
f 343/32/578 333/30/578 374/30/579
f 374/30/579 373/32/580 343/32/578
s 289
f 384/5/581 345/5/581 336/2/581
f 336/2/581 355/2/582 384/5/581
s 290
f 359/60/583 348/60/584 341/58/585
f 341/58/585 360/58/583 359/60/583
s 291
f 343/32/586 373/32/586 372/34/586
f 372/34/586 350/34/586 343/32/586
s 292
f 323/7/587 345/5/587 384/5/588
f 384/5/588 324/7/589 323/7/587
s 293
f 354/61/590 348/60/591 359/60/590
f 359/60/590 358/61/590 354/61/590
s 294
f 371/36/592 328/36/592 350/34/592
f 350/34/592 372/34/592 371/36/592
s 295
f 385/131/593 386/131/594 387/131/595
f 387/131/595 388/131/596 385/131/593
f 388/131/596 387/131/595 389/131/597
f 389/131/597 390/131/598 388/131/596
s 296
f 388/131/599 391/131/600 392/131/601
f 392/131/601 385/131/602 388/131/599
f 393/131/603 391/131/600 388/131/599
f 388/131/599 390/131/604 393/131/603
s 297
f 394/131/605 395/131/605 396/131/605
f 396/131/605 386/131/605 394/131/605
s 298
f 397/131/606 387/131/607 386/131/606
f 386/131/606 396/131/606 397/131/606
s 299
f 397/131/608 398/131/608 389/131/609
f 389/131/609 387/131/608 397/131/608
s 300
f 389/131/610 398/131/611 399/131/612
f 399/131/612 400/131/612 389/131/610
s 295
f 401/131/613 390/131/598 389/131/597
f 389/131/597 400/131/614 401/131/613
s 296
f 401/131/615 402/131/616 393/131/603
f 393/131/603 390/131/604 401/131/615
s 301
f 403/131/617 393/131/617 402/131/618
f 402/131/618 404/131/619 403/131/617
s 302
f 393/131/620 403/131/620 405/131/620
f 405/131/620 391/131/620 393/131/620
s 303
f 391/131/621 405/131/621 406/131/621
f 406/131/621 392/131/621 391/131/621
s 304
f 406/131/622 407/131/623 408/131/624
f 408/131/624 392/131/625 406/131/622
s 296
f 385/131/602 392/131/601 408/131/626
f 408/131/626 409/131/627 385/131/602
s 295
f 394/131/628 386/131/594 385/131/593
f 385/131/593 409/131/629 394/131/628
s 305
f 410/131/630 411/131/631 412/131/632
f 412/131/632 413/131/633 410/131/630
s 306
f 414/131/634 415/131/635 411/131/636
f 411/131/636 410/131/637 414/131/634
s 305
f 411/131/631 416/131/638 417/131/639
f 417/131/639 412/131/632 411/131/631
s 306
f 411/131/636 415/131/635 418/131/640
f 418/131/640 416/131/641 411/131/636
s 307
f 419/131/642 413/131/643 420/131/643
f 420/131/643 421/131/644 419/131/642
s 305
f 410/131/630 413/131/633 419/131/645
f 419/131/645 422/131/646 410/131/630
s 306
f 423/131/647 414/131/634 410/131/637
f 410/131/637 422/131/648 423/131/647
s 308
f 414/131/649 423/131/650 424/131/651
f 424/131/651 425/131/651 414/131/649
s 309
f 426/131/652 415/131/652 414/131/652
f 414/131/652 425/131/652 426/131/652
s 310
f 427/131/653 418/131/654 415/131/655
f 415/131/655 426/131/656 427/131/653
s 311
f 428/131/657 418/131/657 427/131/657
f 427/131/657 429/131/657 428/131/657
s 306
f 428/131/658 430/131/659 416/131/641
f 416/131/641 418/131/640 428/131/658
s 305
f 416/131/638 430/131/660 431/131/661
f 431/131/661 417/131/639 416/131/638
s 312
f 432/131/662 417/131/662 431/131/663
f 431/131/663 433/131/663 432/131/662
s 313
f 412/131/664 417/131/664 432/131/664
f 432/131/664 434/131/664 412/131/664
s 314
f 413/131/665 412/131/665 434/131/666
f 434/131/666 420/131/665 413/131/665
s 305
f 435/131/667 436/131/668 437/131/669
f 437/131/669 438/131/670 435/131/667
s 306
f 439/131/671 440/131/672 436/131/673
f 436/131/673 435/131/674 439/131/671
s 305
f 436/131/668 441/131/675 442/131/676
f 442/131/676 437/131/669 436/131/668
s 306
f 436/131/673 440/131/672 443/131/677
f 443/131/677 441/131/678 436/131/673
s 315
f 438/131/679 444/131/680 445/131/680
f 445/131/680 446/131/680 438/131/679
s 305
f 446/131/681 447/131/682 435/131/667
f 435/131/667 438/131/670 446/131/681
s 306
f 439/131/671 435/131/674 447/131/683
f 447/131/683 448/131/684 439/131/671
s 316
f 448/131/685 449/131/685 450/131/685
f 450/131/685 439/131/685 448/131/685
s 317
f 451/131/686 440/131/686 439/131/686
f 439/131/686 450/131/686 451/131/686
s 318
f 452/131/687 443/131/687 440/131/687
f 440/131/687 451/131/687 452/131/687
s 319
f 423/131/688 443/131/689 452/131/688
f 452/131/688 424/131/690 423/131/688
s 306
f 422/131/648 441/131/678 443/131/677
f 443/131/677 423/131/647 422/131/648
s 305
f 422/131/646 419/131/645 442/131/676
f 442/131/676 441/131/675 422/131/646
s 320
f 419/131/691 421/131/692 453/131/691
f 453/131/691 442/131/691 419/131/691
s 321
f 437/131/693 442/131/694 453/131/694
f 453/131/694 454/131/694 437/131/693
s 322
f 438/131/695 437/131/696 454/131/695
f 454/131/695 444/131/697 438/131/695
s 305
f 455/131/698 456/131/699 457/131/700
f 457/131/700 458/131/701 455/131/698
s 306
f 459/131/702 460/131/703 456/131/704
f 456/131/704 455/131/705 459/131/702
s 305
f 456/131/699 461/131/706 462/131/707
f 462/131/707 457/131/700 456/131/699
s 306
f 456/131/704 460/131/703 463/131/708
f 463/131/708 461/131/709 456/131/704
s 323
f 464/131/710 465/131/710 466/131/710
f 466/131/710 458/131/710 464/131/710
s 305
f 455/131/698 458/131/701 466/131/711
f 466/131/711 467/131/712 455/131/698
s 306
f 459/131/702 455/131/705 467/131/713
f 467/131/713 468/131/714 459/131/702
s 324
f 468/131/715 469/131/716 470/131/717
f 470/131/717 459/131/715 468/131/715
s 325
f 471/131/718 460/131/718 459/131/718
f 459/131/718 470/131/718 471/131/718
s 326
f 472/131/719 463/131/720 460/131/719
f 460/131/719 471/131/719 472/131/719
s 327
f 449/131/721 448/131/722 463/131/723
f 463/131/723 472/131/723 449/131/721
s 306
f 447/131/683 461/131/709 463/131/708
f 463/131/708 448/131/684 447/131/683
s 305
f 447/131/682 446/131/681 462/131/707
f 462/131/707 461/131/706 447/131/682
s 328
f 446/131/724 445/131/724 473/131/724
f 473/131/724 462/131/724 446/131/724
s 329
f 462/131/725 473/131/725 474/131/725
f 474/131/725 457/131/725 462/131/725
s 330
f 458/131/726 457/131/726 474/131/726
f 474/131/726 464/131/726 458/131/726
s 305
f 475/131/727 476/131/728 477/131/729
f 477/131/729 478/131/730 475/131/727
s 306
f 479/131/731 480/131/732 476/131/733
f 476/131/733 475/131/734 479/131/731
s 305
f 476/131/728 481/131/735 482/131/736
f 482/131/736 477/131/729 476/131/728
s 306
f 476/131/733 480/131/732 483/131/737
f 483/131/737 481/131/738 476/131/733
s 331
f 478/131/739 484/131/740 485/131/739
f 485/131/739 486/131/741 478/131/739
s 305
f 478/131/730 486/131/742 487/131/743
f 487/131/743 475/131/727 478/131/730
s 306
f 487/131/744 488/131/745 479/131/731
f 479/131/731 475/131/734 487/131/744
s 332
f 489/131/746 479/131/746 488/131/746
f 488/131/746 490/131/746 489/131/746
s 333
f 480/131/747 479/131/747 489/131/747
f 489/131/747 491/131/747 480/131/747
s 334
f 492/131/748 483/131/748 480/131/748
f 480/131/748 491/131/748 492/131/748
s 335
f 469/131/749 468/131/750 483/131/749
f 483/131/749 492/131/749 469/131/749
s 306
f 467/131/713 481/131/738 483/131/737
f 483/131/737 468/131/714 467/131/713
s 305
f 467/131/712 466/131/711 482/131/736
f 482/131/736 481/131/735 467/131/712
s 336
f 466/131/751 465/131/751 493/131/751
f 493/131/751 482/131/751 466/131/751
s 337
f 482/131/752 493/131/752 494/131/753
f 494/131/753 477/131/752 482/131/752
s 338
f 484/131/754 478/131/755 477/131/754
f 477/131/754 494/131/756 484/131/754
s 305
f 495/131/757 496/131/758 497/131/759
f 497/131/759 498/131/760 495/131/757
s 306
f 499/131/761 500/131/762 496/131/763
f 496/131/763 495/131/764 499/131/761
s 305
f 496/131/758 501/131/765 502/131/766
f 502/131/766 497/131/759 496/131/758
s 306
f 496/131/763 500/131/762 503/131/767
f 503/131/767 501/131/768 496/131/763
s 339
f 498/131/769 504/131/770 505/131/769
f 505/131/769 506/131/771 498/131/769
s 305
f 498/131/760 506/131/772 507/131/773
f 507/131/773 495/131/757 498/131/760
s 306
f 499/131/761 495/131/764 507/131/774
f 507/131/774 508/131/775 499/131/761
s 340
f 508/131/776 509/131/776 510/131/776
f 510/131/776 499/131/776 508/131/776
s 341
f 500/131/777 499/131/777 510/131/778
f 510/131/778 511/131/777 500/131/777
s 342
f 512/131/779 503/131/779 500/131/779
f 500/131/779 511/131/779 512/131/779
s 343
f 488/131/780 503/131/781 512/131/781
f 512/131/781 490/131/781 488/131/780
s 306
f 501/131/768 503/131/767 488/131/745
f 488/131/745 487/131/744 501/131/768
s 305
f 487/131/743 486/131/742 502/131/766
f 502/131/766 501/131/765 487/131/743
s 344
f 486/131/782 485/131/782 513/131/783
f 513/131/783 502/131/784 486/131/782
s 345
f 502/131/785 513/131/786 514/131/786
f 514/131/786 497/131/786 502/131/785
s 346
f 504/131/787 498/131/788 497/131/787
f 497/131/787 514/131/789 504/131/787
s 305
f 515/131/790 516/131/791 517/131/792
f 517/131/792 518/131/793 515/131/790
s 306
f 519/131/794 520/131/795 516/131/796
f 516/131/796 515/131/797 519/131/794
s 305
f 516/131/791 521/131/798 522/131/799
f 522/131/799 517/131/792 516/131/791
s 306
f 516/131/796 520/131/795 523/131/800
f 523/131/800 521/131/801 516/131/796
s 347
f 518/131/802 524/131/803 525/131/802
f 525/131/802 526/131/802 518/131/802
s 305
f 518/131/793 526/131/804 527/131/805
f 527/131/805 515/131/790 518/131/793
s 306
f 519/131/794 515/131/797 527/131/806
f 527/131/806 528/131/807 519/131/794
s 348
f 528/131/808 529/131/809 530/131/810
f 530/131/810 519/131/810 528/131/808
s 349
f 520/131/811 519/131/812 530/131/812
f 530/131/812 531/131/812 520/131/811
s 350
f 532/131/813 523/131/813 520/131/813
f 520/131/813 531/131/813 532/131/813
s 351
f 508/131/814 523/131/814 532/131/814
f 532/131/814 509/131/814 508/131/814
s 306
f 507/131/774 521/131/801 523/131/800
f 523/131/800 508/131/775 507/131/774
s 305
f 507/131/773 506/131/772 522/131/799
f 522/131/799 521/131/798 507/131/773
s 352
f 506/131/815 505/131/815 533/131/815
f 533/131/815 522/131/815 506/131/815
s 353
f 522/131/816 533/131/817 534/131/816
f 534/131/816 517/131/816 522/131/816
s 354
f 524/131/818 518/131/818 517/131/818
f 517/131/818 534/131/818 524/131/818
s 305
f 535/131/819 536/131/820 537/131/821
f 537/131/821 538/131/822 535/131/819
s 306
f 539/131/823 540/131/824 536/131/825
f 536/131/825 535/131/826 539/131/823
s 305
f 536/131/820 541/131/827 542/131/828
f 542/131/828 537/131/821 536/131/820
s 306
f 536/131/825 540/131/824 543/131/829
f 543/131/829 541/131/830 536/131/825
s 355
f 538/131/831 544/131/832 545/131/833
f 545/131/833 546/131/832 538/131/831
s 305
f 538/131/822 546/131/834 547/131/835
f 547/131/835 535/131/819 538/131/822
s 306
f 539/131/823 535/131/826 547/131/836
f 547/131/836 548/131/837 539/131/823
s 356
f 548/131/838 549/131/838 550/131/838
f 550/131/838 539/131/839 548/131/838
s 357
f 540/131/840 539/131/840 550/131/841
f 550/131/841 551/131/840 540/131/840
s 358
f 552/131/842 543/131/843 540/131/842
f 540/131/842 551/131/842 552/131/842
s 359
f 528/131/844 543/131/844 552/131/844
f 552/131/844 529/131/844 528/131/844
s 306
f 527/131/806 541/131/830 543/131/829
f 543/131/829 528/131/807 527/131/806
s 305
f 527/131/805 526/131/804 542/131/828
f 542/131/828 541/131/827 527/131/805
s 360
f 526/131/845 525/131/846 553/131/846
f 553/131/846 542/131/847 526/131/845
s 361
f 542/131/848 553/131/848 554/131/849
f 554/131/849 537/131/849 542/131/848
s 362
f 544/131/850 538/131/851 537/131/851
f 537/131/851 554/131/852 544/131/850
s 305
f 555/131/853 556/131/854 557/131/855
f 557/131/855 558/131/856 555/131/853
s 306
f 559/131/857 560/131/858 556/131/859
f 556/131/859 555/131/860 559/131/857
s 305
f 556/131/854 561/131/861 562/131/862
f 562/131/862 557/131/855 556/131/854
s 306
f 556/131/859 560/131/858 563/131/863
f 563/131/863 561/131/864 556/131/859
s 363
f 558/131/865 564/131/866 565/131/867
f 565/131/867 566/131/865 558/131/865
s 305
f 558/131/856 566/131/868 567/131/868
f 567/131/868 555/131/853 558/131/856
s 306
f 559/131/857 555/131/860 567/131/869
f 567/131/869 568/131/870 559/131/857
s 364
f 569/131/871 559/131/871 568/131/871
f 568/131/871 570/131/871 569/131/871
s 365
f 560/131/872 559/131/872 569/131/872
f 569/131/872 571/131/872 560/131/872
s 366
f 572/131/873 563/131/873 560/131/873
f 560/131/873 571/131/873 572/131/873
s 367
f 548/131/874 563/131/874 572/131/874
f 572/131/874 549/131/874 548/131/874
s 306
f 547/131/836 561/131/864 563/131/863
f 563/131/863 548/131/837 547/131/836
s 305
f 547/131/835 546/131/834 562/131/862
f 562/131/862 561/131/861 547/131/835
s 368
f 546/131/875 545/131/875 573/131/876
f 573/131/876 562/131/876 546/131/875
s 369
f 562/131/877 573/131/877 574/131/877
f 574/131/877 557/131/877 562/131/877
s 370
f 564/131/878 558/131/878 557/131/878
f 557/131/878 574/131/878 564/131/878
s 305
f 575/131/879 576/131/880 577/131/881
f 577/131/881 578/131/882 575/131/879
s 306
f 579/131/883 580/131/884 576/131/885
f 576/131/885 575/131/886 579/131/883
s 305
f 576/131/880 581/131/887 582/131/888
f 582/131/888 577/131/881 576/131/880
s 306
f 576/131/885 580/131/884 583/131/889
f 583/131/889 581/131/890 576/131/885
s 371
f 578/131/891 584/131/891 585/131/891
f 585/131/891 586/131/891 578/131/891
s 305
f 578/131/882 586/131/892 587/131/893
f 587/131/893 575/131/879 578/131/882
s 306
f 579/131/883 575/131/886 587/131/894
f 587/131/894 588/131/895 579/131/883
s 372
f 589/131/896 579/131/896 588/131/896
f 588/131/896 590/131/896 589/131/896
s 373
f 580/131/897 579/131/897 589/131/897
f 589/131/897 591/131/897 580/131/897
s 374
f 592/131/898 583/131/898 580/131/898
f 580/131/898 591/131/898 592/131/898
s 375
f 570/131/899 568/131/899 583/131/899
f 583/131/899 592/131/899 570/131/899
s 306
f 567/131/869 581/131/890 583/131/889
f 583/131/889 568/131/870 567/131/869
s 305
f 567/131/868 566/131/868 582/131/888
f 582/131/888 581/131/887 567/131/868
s 376
f 566/131/900 565/131/900 593/131/900
f 593/131/900 582/131/900 566/131/900
s 377
f 582/131/901 593/131/901 594/131/901
f 594/131/901 577/131/901 582/131/901
s 378
f 584/131/902 578/131/903 577/131/902
f 577/131/902 594/131/902 584/131/902
s 305
f 595/131/904 596/131/905 597/131/906
f 597/131/906 598/131/907 595/131/904
s 306
f 599/131/908 600/131/909 596/131/910
f 596/131/910 595/131/911 599/131/908
s 305
f 596/131/905 601/131/912 602/131/913
f 602/131/913 597/131/906 596/131/905
s 306
f 596/131/910 600/131/909 603/131/914
f 603/131/914 601/131/915 596/131/910
s 379
f 598/131/916 604/131/916 605/131/916
f 605/131/916 606/131/917 598/131/916
s 305
f 598/131/907 606/131/918 607/131/919
f 607/131/919 595/131/904 598/131/907
s 306
f 599/131/908 595/131/911 607/131/920
f 607/131/920 608/131/921 599/131/908
s 380
f 609/131/922 599/131/922 608/131/922
f 608/131/922 610/131/922 609/131/922
s 381
f 600/131/923 599/131/923 609/131/924
f 609/131/924 611/131/923 600/131/923
s 382
f 612/131/925 603/131/925 600/131/925
f 600/131/925 611/131/926 612/131/925
s 383
f 590/131/927 588/131/927 603/131/927
f 603/131/927 612/131/927 590/131/927
s 306
f 587/131/894 601/131/915 603/131/914
f 603/131/914 588/131/895 587/131/894
s 305
f 587/131/893 586/131/892 602/131/913
f 602/131/913 601/131/912 587/131/893
s 384
f 586/131/928 585/131/928 613/131/928
f 613/131/928 602/131/928 586/131/928
s 385
f 602/131/929 613/131/929 614/131/929
f 614/131/929 597/131/929 602/131/929
s 386
f 604/131/930 598/131/931 597/131/932
f 597/131/932 614/131/933 604/131/930
s 305
f 615/131/934 616/131/935 617/131/936
f 617/131/936 618/131/937 615/131/934
s 306
f 619/131/938 620/131/939 616/131/940
f 616/131/940 615/131/941 619/131/938
s 305
f 616/131/935 621/131/942 622/131/943
f 622/131/943 617/131/936 616/131/935
s 306
f 616/131/940 620/131/939 623/131/944
f 623/131/944 621/131/945 616/131/940
s 387
f 618/131/946 624/131/946 625/131/946
f 625/131/946 626/131/946 618/131/946
s 305
f 618/131/937 626/131/947 627/131/948
f 627/131/948 615/131/934 618/131/937
s 306
f 619/131/938 615/131/941 627/131/949
f 627/131/949 628/131/950 619/131/938
s 388
f 629/131/951 619/131/952 628/131/952
f 628/131/952 630/131/951 629/131/951
s 389
f 620/131/953 619/131/954 629/131/953
f 629/131/953 631/131/954 620/131/953
s 390
f 632/131/955 623/131/955 620/131/955
f 620/131/955 631/131/955 632/131/955
s 391
f 610/131/956 608/131/956 623/131/957
f 623/131/957 632/131/957 610/131/956
s 306
f 607/131/920 621/131/945 623/131/944
f 623/131/944 608/131/921 607/131/920
s 305
f 607/131/919 606/131/918 622/131/943
f 622/131/943 621/131/942 607/131/919
s 392
f 606/131/958 605/131/958 633/131/959
f 633/131/959 622/131/958 606/131/958
s 393
f 622/131/960 633/131/960 634/131/960
f 634/131/960 617/131/960 622/131/960
s 394
f 624/131/961 618/131/961 617/131/961
f 617/131/961 634/131/961 624/131/961
s 305
f 635/131/962 636/131/963 637/131/964
f 637/131/964 638/131/965 635/131/962
s 306
f 639/131/966 640/131/967 636/131/968
f 636/131/968 635/131/969 639/131/966
s 305
f 636/131/963 641/131/970 642/131/971
f 642/131/971 637/131/964 636/131/963
s 306
f 636/131/968 640/131/967 643/131/972
f 643/131/972 641/131/973 636/131/968
s 395
f 638/131/974 644/131/974 645/131/975
f 645/131/975 646/131/974 638/131/974
s 305
f 638/131/965 646/131/976 647/131/977
f 647/131/977 635/131/962 638/131/965
s 306
f 639/131/966 635/131/969 647/131/978
f 647/131/978 648/131/979 639/131/966
s 396
f 649/131/980 639/131/980 648/131/981
f 648/131/981 650/131/981 649/131/980
s 397
f 640/131/982 639/131/982 649/131/982
f 649/131/982 651/131/982 640/131/982
s 398
f 652/131/983 643/131/983 640/131/983
f 640/131/983 651/131/983 652/131/983
s 399
f 630/131/984 628/131/984 643/131/984
f 643/131/984 652/131/984 630/131/984
s 306
f 627/131/949 641/131/973 643/131/972
f 643/131/972 628/131/950 627/131/949
s 305
f 627/131/948 626/131/947 642/131/971
f 642/131/971 641/131/970 627/131/948
s 400
f 626/131/985 625/131/985 653/131/985
f 653/131/985 642/131/985 626/131/985
s 401
f 642/131/986 653/131/987 654/131/986
f 654/131/986 637/131/987 642/131/986
s 402
f 644/131/988 638/131/988 637/131/989
f 637/131/989 654/131/988 644/131/988
s 305
f 655/131/990 656/131/991 657/131/992
f 657/131/992 658/131/993 655/131/990
s 306
f 659/131/994 660/131/995 656/131/996
f 656/131/996 655/131/997 659/131/994
s 305
f 656/131/991 661/131/998 662/131/999
f 662/131/999 657/131/992 656/131/991
s 306
f 656/131/996 660/131/995 663/131/1000
f 663/131/1000 661/131/1001 656/131/996
s 403
f 658/131/1002 664/131/1002 665/131/1002
f 665/131/1002 666/131/1002 658/131/1002
s 305
f 658/131/993 666/131/1003 667/131/1004
f 667/131/1004 655/131/990 658/131/993
s 306
f 659/131/994 655/131/997 667/131/1005
f 667/131/1005 668/131/1006 659/131/994
s 404
f 669/131/1007 659/131/1007 668/131/1007
f 668/131/1007 670/131/1008 669/131/1007
s 405
f 660/131/1009 659/131/1009 669/131/1010
f 669/131/1010 671/131/1010 660/131/1009
s 406
f 672/131/1011 663/131/1011 660/131/1011
f 660/131/1011 671/131/1011 672/131/1011
s 407
f 650/131/1012 648/131/1012 663/131/1012
f 663/131/1012 672/131/1012 650/131/1012
s 306
f 647/131/978 661/131/1001 663/131/1000
f 663/131/1000 648/131/979 647/131/978
s 305
f 647/131/977 646/131/976 662/131/999
f 662/131/999 661/131/998 647/131/977
s 408
f 646/131/1013 645/131/1013 673/131/1013
f 673/131/1013 662/131/1013 646/131/1013
s 409
f 662/131/1014 673/131/1015 674/131/1015
f 674/131/1015 657/131/1014 662/131/1014
s 410
f 664/131/1016 658/131/1016 657/131/1017
f 657/131/1017 674/131/1016 664/131/1016
s 305
f 675/131/1018 676/131/1019 677/131/1020
f 677/131/1020 678/131/1021 675/131/1018
s 306
f 679/131/1022 680/131/1023 676/131/1024
f 676/131/1024 675/131/1025 679/131/1022
s 305
f 676/131/1019 681/131/1026 682/131/1027
f 682/131/1027 677/131/1020 676/131/1019
s 306
f 676/131/1024 680/131/1023 683/131/1028
f 683/131/1028 681/131/1029 676/131/1024
s 411
f 678/131/1030 684/131/1030 685/131/1031
f 685/131/1031 686/131/1030 678/131/1030
s 305
f 678/131/1021 686/131/1032 687/131/1033
f 687/131/1033 675/131/1018 678/131/1021
s 306
f 679/131/1022 675/131/1025 687/131/1034
f 687/131/1034 688/131/1035 679/131/1022
s 412
f 689/131/1036 679/131/1036 688/131/1037
f 688/131/1037 690/131/1037 689/131/1036
s 413
f 680/131/1038 679/131/1039 689/131/1040
f 689/131/1040 691/131/1041 680/131/1038
s 414
f 692/131/1042 683/131/1042 680/131/1043
f 680/131/1043 691/131/1043 692/131/1042
s 415
f 670/131/1044 668/131/1045 683/131/1045
f 683/131/1045 692/131/1046 670/131/1044
s 306
f 667/131/1005 681/131/1029 683/131/1028
f 683/131/1028 668/131/1006 667/131/1005
s 305
f 667/131/1004 666/131/1003 682/131/1027
f 682/131/1027 681/131/1026 667/131/1004
s 416
f 666/131/1047 665/131/1048 693/131/1047
f 693/131/1047 682/131/1047 666/131/1047
s 417
f 682/131/1049 693/131/1049 694/131/1049
f 694/131/1049 677/131/1049 682/131/1049
s 418
f 684/131/1050 678/131/1051 677/131/1052
f 677/131/1052 694/131/1052 684/131/1050
s 305
f 695/131/1053 696/131/1054 697/131/1055
f 697/131/1055 698/131/1056 695/131/1053
s 306
f 699/131/1057 700/131/1058 696/131/1059
f 696/131/1059 695/131/1060 699/131/1057
s 305
f 696/131/1054 701/131/1061 702/131/1062
f 702/131/1062 697/131/1055 696/131/1054
s 306
f 696/131/1059 700/131/1058 703/131/1063
f 703/131/1063 701/131/1064 696/131/1059
s 419
f 698/131/1065 704/131/1066 705/131/1067
f 705/131/1067 706/131/1066 698/131/1065
s 305
f 698/131/1056 706/131/1068 707/131/1069
f 707/131/1069 695/131/1053 698/131/1056
s 306
f 699/131/1057 695/131/1060 707/131/1070
f 707/131/1070 708/131/1071 699/131/1057
s 420
f 709/131/1072 699/131/1072 708/131/1073
f 708/131/1073 710/131/1072 709/131/1072
s 421
f 700/131/1074 699/131/1074 709/131/1074
f 709/131/1074 711/131/1074 700/131/1074
s 422
f 712/131/1075 703/131/1076 700/131/1075
f 700/131/1075 711/131/1077 712/131/1075
s 423
f 690/131/1078 688/131/1078 703/131/1079
f 703/131/1079 712/131/1078 690/131/1078
s 306
f 687/131/1034 701/131/1064 703/131/1063
f 703/131/1063 688/131/1035 687/131/1034
s 305
f 687/131/1033 686/131/1032 702/131/1062
f 702/131/1062 701/131/1061 687/131/1033
s 424
f 686/131/1080 685/131/1080 713/131/1080
f 713/131/1080 702/131/1080 686/131/1080
s 425
f 702/131/1081 713/131/1081 714/131/1081
f 714/131/1081 697/131/1082 702/131/1081
s 426
f 704/131/1083 698/131/1083 697/131/1083
f 697/131/1083 714/131/1083 704/131/1083
s 305
f 715/131/1084 716/131/1085 717/131/1086
f 717/131/1086 718/131/1087 715/131/1084
s 306
f 719/131/1088 720/131/1089 716/131/1090
f 716/131/1090 715/131/1091 719/131/1088
s 305
f 716/131/1085 721/131/1092 722/131/1093
f 722/131/1093 717/131/1086 716/131/1085
s 306
f 716/131/1090 720/131/1089 723/131/1094
f 723/131/1094 721/131/1095 716/131/1090
s 427
f 718/131/1096 724/131/1096 725/131/1097
f 725/131/1097 726/131/1097 718/131/1096
s 305
f 718/131/1087 726/131/1098 727/131/1099
f 727/131/1099 715/131/1084 718/131/1087
s 306
f 719/131/1088 715/131/1091 727/131/1100
f 727/131/1100 728/131/1101 719/131/1088
s 428
f 729/131/1102 719/131/1103 728/131/1103
f 728/131/1103 730/131/1104 729/131/1102
s 429
f 720/131/1105 719/131/1105 729/131/1105
f 729/131/1105 731/131/1105 720/131/1105
s 430
f 732/131/1106 723/131/1107 720/131/1108
f 720/131/1108 731/131/1106 732/131/1106
s 431
f 710/131/1109 708/131/1109 723/131/1110
f 723/131/1110 732/131/1109 710/131/1109
s 306
f 707/131/1070 721/131/1095 723/131/1094
f 723/131/1094 708/131/1071 707/131/1070
s 305
f 707/131/1069 706/131/1068 722/131/1093
f 722/131/1093 721/131/1092 707/131/1069
s 432
f 706/131/1111 705/131/1111 733/131/1111
f 733/131/1111 722/131/1111 706/131/1111
s 433
f 722/131/1112 733/131/1113 734/131/1114
f 734/131/1114 717/131/1114 722/131/1112
s 434
f 724/131/1115 718/131/1115 717/131/1115
f 717/131/1115 734/131/1115 724/131/1115
s 305
f 735/131/1116 736/131/1117 737/131/1118
f 737/131/1118 738/131/1119 735/131/1116
s 306
f 739/131/1120 740/131/1121 736/131/1122
f 736/131/1122 735/131/1123 739/131/1120
s 305
f 736/131/1117 741/131/1124 742/131/1125
f 742/131/1125 737/131/1118 736/131/1117
s 306
f 736/131/1122 740/131/1121 743/131/1126
f 743/131/1126 741/131/1127 736/131/1122
s 435
f 738/131/650 744/131/650 745/131/1128
f 745/131/1128 746/131/1128 738/131/650
s 305
f 738/131/1119 746/131/1129 747/131/1130
f 747/131/1130 735/131/1116 738/131/1119
s 306
f 739/131/1120 735/131/1123 747/131/1131
f 747/131/1131 748/131/1132 739/131/1120
s 436
f 749/131/1133 739/131/1134 748/131/1133
f 748/131/1133 750/131/642 749/131/1133
s 437
f 740/131/665 739/131/666 749/131/666
f 749/131/666 751/131/1135 740/131/665
s 438
f 752/131/664 743/131/1136 740/131/664
f 740/131/664 751/131/664 752/131/664
s 439
f 730/131/662 728/131/1137 743/131/663
f 743/131/663 752/131/663 730/131/662
s 306
f 727/131/1100 741/131/1127 743/131/1126
f 743/131/1126 728/131/1101 727/131/1100
s 305
f 727/131/1099 726/131/1098 742/131/1125
f 742/131/1125 741/131/1124 727/131/1099
s 440
f 726/131/657 725/131/657 753/131/1138
f 753/131/1138 742/131/1138 726/131/657
s 441
f 742/131/656 753/131/655 754/131/656
f 754/131/656 737/131/656 742/131/656
s 442
f 744/131/652 738/131/652 737/131/1139
f 737/131/1139 754/131/652 744/131/652
s 305
f 755/131/1140 756/131/1141 757/131/1142
f 757/131/1142 758/131/1143 755/131/1140
s 306
f 759/131/1144 760/131/1145 756/131/1146
f 756/131/1146 755/131/1147 759/131/1144
s 305
f 756/131/1141 761/131/1148 762/131/1149
f 762/131/1149 757/131/1142 756/131/1141
s 306
f 756/131/1146 760/131/1145 763/131/1150
f 763/131/1150 761/131/1151 756/131/1146
s 443
f 758/131/685 764/131/1152 765/131/685
f 765/131/685 766/131/685 758/131/685
s 305
f 758/131/1143 766/131/1153 767/131/1154
f 767/131/1154 755/131/1140 758/131/1143
s 306
f 759/131/1144 755/131/1147 767/131/1155
f 767/131/1155 768/131/1156 759/131/1144
s 444
f 769/131/680 759/131/680 768/131/680
f 768/131/680 770/131/680 769/131/680
s 445
f 760/131/697 759/131/697 769/131/697
f 769/131/697 771/131/697 760/131/697
s 446
f 772/131/694 763/131/694 760/131/694
f 760/131/694 771/131/694 772/131/694
s 447
f 750/131/1157 748/131/1158 763/131/1157
f 763/131/1157 772/131/1159 750/131/1157
s 306
f 747/131/1131 761/131/1151 763/131/1150
f 763/131/1150 748/131/1132 747/131/1131
s 305
f 747/131/1130 746/131/1129 762/131/1149
f 762/131/1149 761/131/1148 747/131/1130
s 448
f 746/131/689 745/131/689 773/131/689
f 773/131/689 762/131/689 746/131/689
s 449
f 762/131/1160 773/131/687 774/131/687
f 774/131/687 757/131/687 762/131/1160
s 450
f 764/131/1161 758/131/686 757/131/686
f 757/131/686 774/131/686 764/131/1161
s 305
f 775/131/1162 776/131/1163 777/131/1164
f 777/131/1164 778/131/1165 775/131/1162
s 306
f 779/131/1166 780/131/1167 776/131/1168
f 776/131/1168 775/131/1169 779/131/1166
s 305
f 776/131/1163 781/131/1170 782/131/1171
f 782/131/1171 777/131/1164 776/131/1163
s 306
f 776/131/1168 780/131/1167 783/131/1172
f 783/131/1172 781/131/1173 776/131/1168
s 451
f 778/131/715 784/131/715 785/131/715
f 785/131/715 786/131/716 778/131/715
s 305
f 778/131/1165 786/131/1174 787/131/1174
f 787/131/1174 775/131/1162 778/131/1165
s 306
f 779/131/1166 775/131/1169 787/131/1175
f 787/131/1175 788/131/1176 779/131/1166
s 452
f 789/131/710 779/131/710 788/131/710
f 788/131/710 790/131/710 789/131/710
s 453
f 780/131/726 779/131/726 789/131/726
f 789/131/726 791/131/1177 780/131/726
s 454
f 792/131/725 783/131/725 780/131/1178
f 780/131/1178 791/131/725 792/131/725
s 455
f 770/131/1179 768/131/1179 783/131/724
f 783/131/724 792/131/724 770/131/1179
s 306
f 767/131/1155 781/131/1173 783/131/1172
f 783/131/1172 768/131/1156 767/131/1155
s 305
f 767/131/1154 766/131/1153 782/131/1171
f 782/131/1171 781/131/1170 767/131/1154
s 456
f 766/131/721 765/131/721 793/131/722
f 793/131/722 782/131/721 766/131/721
s 457
f 782/131/720 793/131/719 794/131/720
f 794/131/720 777/131/1180 782/131/720
s 458
f 784/131/1181 778/131/1182 777/131/718
f 777/131/718 794/131/718 784/131/1181
s 305
f 795/131/1183 796/131/1184 797/131/1185
f 797/131/1185 798/131/1186 795/131/1183
s 306
f 799/131/1187 800/131/1188 796/131/1189
f 796/131/1189 795/131/1190 799/131/1187
s 305
f 796/131/1184 801/131/1191 802/131/1192
f 802/131/1192 797/131/1185 796/131/1184
s 306
f 796/131/1189 800/131/1188 803/131/1193
f 803/131/1193 801/131/1194 796/131/1189
s 459
f 798/131/1195 804/131/746 805/131/746
f 805/131/746 806/131/746 798/131/1195
s 305
f 798/131/1186 806/131/1196 807/131/1197
f 807/131/1197 795/131/1183 798/131/1186
s 306
f 799/131/1187 795/131/1190 807/131/1198
f 807/131/1198 808/131/1199 799/131/1187
s 460
f 809/131/1200 799/131/1201 808/131/1202
f 808/131/1202 810/131/741 809/131/1200
s 461
f 800/131/1203 799/131/1204 809/131/1205
f 809/131/1205 811/131/1206 800/131/1203
s 462
f 812/131/1207 803/131/1207 800/131/1207
f 800/131/1207 811/131/1208 812/131/1207
s 463
f 790/131/751 788/131/751 803/131/751
f 803/131/751 812/131/751 790/131/751
s 306
f 787/131/1175 801/131/1194 803/131/1193
f 803/131/1193 788/131/1176 787/131/1175
s 305
f 787/131/1174 786/131/1174 802/131/1192
f 802/131/1192 801/131/1191 787/131/1174
s 464
f 786/131/749 785/131/749 813/131/749
f 813/131/749 802/131/749 786/131/749
s 465
f 802/131/1209 813/131/1210 814/131/1209
f 814/131/1209 797/131/748 802/131/1209
s 466
f 804/131/1211 798/131/1212 797/131/1211
f 797/131/1211 814/131/747 804/131/1211
s 305
f 815/131/1213 816/131/1214 817/131/1215
f 817/131/1215 818/131/1216 815/131/1213
s 306
f 819/131/1217 820/131/1218 816/131/1219
f 816/131/1219 815/131/1220 819/131/1217
s 305
f 816/131/1214 821/131/1221 822/131/1222
f 822/131/1222 817/131/1215 816/131/1214
s 306
f 816/131/1219 820/131/1218 823/131/1223
f 823/131/1223 821/131/1224 816/131/1219
s 467
f 818/131/1225 824/131/776 825/131/776
f 825/131/776 826/131/776 818/131/1225
s 305
f 818/131/1216 826/131/1226 827/131/1227
f 827/131/1227 815/131/1213 818/131/1216
s 306
f 819/131/1217 815/131/1220 827/131/1228
f 827/131/1228 828/131/1229 819/131/1217
s 468
f 829/131/771 819/131/771 828/131/771
f 828/131/771 830/131/771 829/131/771
s 469
f 820/131/789 819/131/787 829/131/789
f 829/131/789 831/131/789 820/131/789
s 470
f 832/131/1230 823/131/786 820/131/786
f 820/131/786 831/131/786 832/131/1230
s 471
f 810/131/1231 808/131/782 823/131/782
f 823/131/782 832/131/782 810/131/1231
s 306
f 807/131/1198 821/131/1224 823/131/1223
f 823/131/1223 808/131/1199 807/131/1198
s 305
f 807/131/1197 806/131/1196 822/131/1222
f 822/131/1222 821/131/1221 807/131/1197
s 472
f 806/131/780 805/131/780 833/131/780
f 833/131/780 822/131/780 806/131/780
s 473
f 822/131/1232 833/131/779 834/131/779
f 834/131/779 817/131/779 822/131/1232
s 474
f 824/131/1233 818/131/1233 817/131/1233
f 817/131/1233 834/131/1233 824/131/1233
s 305
f 835/131/1234 836/131/1235 837/131/1236
f 837/131/1236 838/131/1237 835/131/1234
s 306
f 839/131/1238 840/131/1239 836/131/1240
f 836/131/1240 835/131/1241 839/131/1238
s 305
f 836/131/1235 841/131/1242 842/131/1243
f 842/131/1243 837/131/1236 836/131/1235
s 306
f 836/131/1240 840/131/1239 843/131/1244
f 843/131/1244 841/131/1245 836/131/1240
s 475
f 838/131/810 844/131/810 845/131/810
f 845/131/810 846/131/810 838/131/810
s 305
f 838/131/1237 846/131/1246 847/131/1247
f 847/131/1247 835/131/1234 838/131/1237
s 306
f 839/131/1238 835/131/1241 847/131/1248
f 847/131/1248 848/131/1249 839/131/1238
s 476
f 849/131/1250 839/131/1251 848/131/1252
f 848/131/1252 850/131/802 849/131/1250
s 477
f 840/131/818 839/131/818 849/131/818
f 849/131/818 851/131/818 840/131/818
s 478
f 852/131/1253 843/131/1253 840/131/1253
f 840/131/1253 851/131/816 852/131/1253
s 479
f 830/131/1254 828/131/1254 843/131/1255
f 843/131/1255 852/131/1254 830/131/1254
s 306
f 827/131/1228 841/131/1245 843/131/1244
f 843/131/1244 828/131/1229 827/131/1228
s 305
f 827/131/1227 826/131/1226 842/131/1243
f 842/131/1243 841/131/1242 827/131/1227
s 480
f 826/131/814 825/131/1256 853/131/1256
f 853/131/1256 842/131/1256 826/131/814
s 481
f 842/131/1257 853/131/1257 854/131/1257
f 854/131/1257 837/131/1258 842/131/1257
s 482
f 844/131/812 838/131/812 837/131/812
f 837/131/812 854/131/812 844/131/812
s 305
f 855/131/1259 856/131/1260 857/131/1261
f 857/131/1261 858/131/1262 855/131/1259
s 306
f 859/131/1263 860/131/1264 856/131/1265
f 856/131/1265 855/131/1266 859/131/1263
s 305
f 856/131/1260 861/131/1267 862/131/1268
f 862/131/1268 857/131/1261 856/131/1260
s 306
f 856/131/1265 860/131/1264 863/131/1269
f 863/131/1269 861/131/1270 856/131/1265
s 483
f 858/131/1271 864/131/838 865/131/1272
f 865/131/1272 866/131/838 858/131/1271
s 305
f 858/131/1262 866/131/1273 867/131/1274
f 867/131/1274 855/131/1259 858/131/1262
s 306
f 859/131/1263 855/131/1266 867/131/1275
f 867/131/1275 868/131/1276 859/131/1263
s 484
f 869/131/1277 859/131/1278 868/131/1279
f 868/131/1279 870/131/832 869/131/1277
s 485
f 860/131/1280 859/131/1281 869/131/1280
f 869/131/1280 871/131/1280 860/131/1280
s 486
f 872/131/848 863/131/848 860/131/848
f 860/131/848 871/131/848 872/131/848
s 487
f 850/131/846 848/131/846 863/131/846
f 863/131/846 872/131/846 850/131/846
s 306
f 847/131/1248 861/131/1270 863/131/1269
f 863/131/1269 848/131/1249 847/131/1248
s 305
f 847/131/1247 846/131/1246 862/131/1268
f 862/131/1268 861/131/1267 847/131/1247
s 488
f 846/131/1282 845/131/1282 873/131/1282
f 873/131/1282 862/131/1282 846/131/1282
s 489
f 862/131/1283 873/131/1283 874/131/1283
f 874/131/1283 857/131/1283 862/131/1283
s 490
f 864/131/840 858/131/840 857/131/840
f 857/131/840 874/131/840 864/131/840
s 305
f 875/131/1284 876/131/1285 877/131/1286
f 877/131/1286 878/131/1287 875/131/1284
s 306
f 879/131/1288 880/131/1289 876/131/1290
f 876/131/1290 875/131/1291 879/131/1288
s 305
f 876/131/1285 881/131/864 882/131/1292
f 882/131/1292 877/131/1286 876/131/1285
s 306
f 876/131/1290 880/131/1289 883/131/1293
f 883/131/1293 881/131/1294 876/131/1290
s 491
f 878/131/871 884/131/871 885/131/871
f 885/131/871 886/131/871 878/131/871
s 305
f 878/131/1287 886/131/1295 887/131/1296
f 887/131/1296 875/131/1284 878/131/1287
s 306
f 879/131/1288 875/131/1291 887/131/1297
f 887/131/1297 888/131/1297 879/131/1288
s 492
f 889/131/865 879/131/865 888/131/865
f 888/131/865 890/131/865 889/131/865
s 493
f 880/131/878 879/131/878 889/131/878
f 889/131/878 891/131/878 880/131/878
s 494
f 892/131/877 883/131/877 880/131/877
f 880/131/877 891/131/877 892/131/877
s 495
f 870/131/1298 868/131/875 883/131/1298
f 883/131/1298 892/131/1299 870/131/1298
s 306
f 867/131/1275 881/131/1294 883/131/1293
f 883/131/1293 868/131/1276 867/131/1275
s 305
f 867/131/1274 866/131/1273 882/131/1292
f 882/131/1292 881/131/864 867/131/1274
s 496
f 866/131/874 865/131/874 893/131/874
f 893/131/874 882/131/874 866/131/874
s 497
f 882/131/1300 893/131/1300 894/131/1300
f 894/131/1300 877/131/1300 882/131/1300
s 498
f 884/131/1301 878/131/1301 877/131/1301
f 877/131/1301 894/131/1301 884/131/1301
s 305
f 895/131/1302 896/131/1303 897/131/1304
f 897/131/1304 898/131/1305 895/131/1302
s 306
f 899/131/1306 900/131/1307 896/131/1308
f 896/131/1308 895/131/1309 899/131/1306
s 305
f 896/131/1303 901/131/1310 902/131/1311
f 902/131/1311 897/131/1304 896/131/1303
s 306
f 896/131/1308 900/131/1307 903/131/1312
f 903/131/1312 901/131/1313 896/131/1308
s 499
f 898/131/896 904/131/896 905/131/896
f 905/131/896 906/131/896 898/131/896
s 305
f 898/131/1305 906/131/1314 907/131/1315
f 907/131/1315 895/131/1302 898/131/1305
s 306
f 899/131/1306 895/131/1309 907/131/1316
f 907/131/1316 908/131/1317 899/131/1306
s 500
f 909/131/1318 899/131/1319 908/131/1320
f 908/131/1320 910/131/891 909/131/1318
s 501
f 900/131/902 899/131/902 909/131/902
f 909/131/902 911/131/902 900/131/902
s 502
f 912/131/901 903/131/901 900/131/901
f 900/131/901 911/131/901 912/131/901
s 503
f 890/131/900 888/131/900 903/131/1321
f 903/131/1321 912/131/900 890/131/900
s 306
f 887/131/1297 901/131/1313 903/131/1312
f 903/131/1312 888/131/1297 887/131/1297
s 305
f 887/131/1296 886/131/1295 902/131/1311
f 902/131/1311 901/131/1310 887/131/1296
s 504
f 886/131/899 885/131/899 913/131/899
f 913/131/899 902/131/899 886/131/899
s 505
f 902/131/898 913/131/898 914/131/898
f 914/131/898 897/131/898 902/131/898
s 506
f 904/131/897 898/131/897 897/131/897
f 897/131/897 914/131/897 904/131/897
s 305
f 915/131/1322 916/131/1323 917/131/1324
f 917/131/1324 918/131/1325 915/131/1322
s 306
f 919/131/1326 920/131/1327 916/131/1328
f 916/131/1328 915/131/1329 919/131/1326
s 305
f 916/131/1323 921/131/915 922/131/1330
f 922/131/1330 917/131/1324 916/131/1323
s 306
f 916/131/1328 920/131/1327 923/131/1331
f 923/131/1331 921/131/1332 916/131/1328
s 507
f 918/131/1333 924/131/1333 925/131/1333
f 925/131/1333 926/131/1333 918/131/1333
s 305
f 918/131/1325 926/131/1334 927/131/1335
f 927/131/1335 915/131/1322 918/131/1325
s 306
f 919/131/1326 915/131/1329 927/131/1336
f 927/131/1336 928/131/1337 919/131/1326
s 508
f 929/131/917 919/131/917 928/131/917
f 928/131/917 930/131/917 929/131/917
s 509
f 920/131/1338 919/131/1338 929/131/1338
f 929/131/1338 931/131/1338 920/131/1338
s 510
f 932/131/929 923/131/929 920/131/1339
f 920/131/1339 931/131/1339 932/131/929
s 511
f 910/131/928 908/131/1340 923/131/1341
f 923/131/1341 932/131/1342 910/131/928
s 306
f 907/131/1316 921/131/1332 923/131/1331
f 923/131/1331 908/131/1317 907/131/1316
s 305
f 907/131/1315 906/131/1314 922/131/1330
f 922/131/1330 921/131/915 907/131/1315
s 512
f 906/131/927 905/131/927 933/131/1343
f 933/131/1343 922/131/1344 906/131/927
s 513
f 922/131/926 933/131/926 934/131/926
f 934/131/926 917/131/926 922/131/926
s 514
f 924/131/923 918/131/923 917/131/923
f 917/131/923 934/131/923 924/131/923
s 305
f 935/131/1345 936/131/1346 937/131/1347
f 937/131/1347 938/131/1348 935/131/1345
s 306
f 939/131/1349 940/131/1350 936/131/1351
f 936/131/1351 935/131/1352 939/131/1349
s 305
f 936/131/1346 941/131/1353 942/131/1354
f 942/131/1354 937/131/1347 936/131/1346
s 306
f 936/131/1351 940/131/1350 943/131/1355
f 943/131/1355 941/131/1356 936/131/1351
s 515
f 938/131/951 944/131/952 945/131/952
f 945/131/952 946/131/951 938/131/951
s 305
f 938/131/1348 946/131/1357 947/131/1358
f 947/131/1358 935/131/1345 938/131/1348
s 306
f 939/131/1349 935/131/1352 947/131/1359
f 947/131/1359 948/131/1360 939/131/1349
s 516
f 949/131/1361 939/131/1362 948/131/1363
f 948/131/1363 950/131/946 949/131/1361
s 517
f 940/131/1364 939/131/1365 949/131/1364
f 949/131/1364 951/131/1366 940/131/1364
s 518
f 952/131/1367 943/131/960 940/131/1368
f 940/131/1368 951/131/1369 952/131/1367
s 519
f 930/131/1370 928/131/958 943/131/1371
f 943/131/1371 952/131/958 930/131/1370
s 306
f 927/131/1336 941/131/1356 943/131/1355
f 943/131/1355 928/131/1337 927/131/1336
s 305
f 927/131/1335 926/131/1334 942/131/1354
f 942/131/1354 941/131/1353 927/131/1335
s 520
f 926/131/957 925/131/957 953/131/957
f 953/131/957 942/131/957 926/131/957
s 521
f 942/131/955 953/131/955 954/131/955
f 954/131/955 937/131/955 942/131/955
s 522
f 944/131/953 938/131/953 937/131/953
f 937/131/953 954/131/954 944/131/953
s 305
f 955/131/1372 956/131/1373 957/131/1374
f 957/131/1374 958/131/1375 955/131/1372
s 306
f 959/131/1376 960/131/1377 956/131/1378
f 956/131/1378 955/131/1379 959/131/1376
s 305
f 956/131/1373 961/131/1380 962/131/1381
f 962/131/1381 957/131/1374 956/131/1373
s 306
f 956/131/1378 960/131/1377 963/131/1382
f 963/131/1382 961/131/1383 956/131/1378
s 523
f 958/131/980 964/131/1384 965/131/1385
f 965/131/1385 966/131/980 958/131/980
s 305
f 958/131/1375 966/131/1386 967/131/1387
f 967/131/1387 955/131/1372 958/131/1375
s 306
f 959/131/1376 955/131/1379 967/131/1388
f 967/131/1388 968/131/1389 959/131/1376
s 524
f 969/131/974 959/131/974 968/131/974
f 968/131/974 970/131/974 969/131/974
s 525
f 960/131/988 959/131/988 969/131/988
f 969/131/988 971/131/988 960/131/988
s 526
f 972/131/987 963/131/987 960/131/987
f 960/131/987 971/131/987 972/131/987
s 527
f 950/131/985 948/131/985 963/131/985
f 963/131/985 972/131/985 950/131/985
s 306
f 947/131/1359 961/131/1383 963/131/1382
f 963/131/1382 948/131/1360 947/131/1359
s 305
f 947/131/1358 946/131/1357 962/131/1381
f 962/131/1381 961/131/1380 947/131/1358
s 528
f 946/131/984 945/131/984 973/131/1390
f 973/131/1390 962/131/984 946/131/984
s 529
f 962/131/983 973/131/983 974/131/983
f 974/131/983 957/131/983 962/131/983
s 530
f 964/131/982 958/131/982 957/131/982
f 957/131/982 974/131/982 964/131/982
s 305
f 975/131/1391 976/131/1392 977/131/1393
f 977/131/1393 978/131/1394 975/131/1391
s 306
f 979/131/1395 980/131/1396 976/131/1397
f 976/131/1397 975/131/1398 979/131/1395
s 305
f 976/131/1392 981/131/1399 982/131/1400
f 982/131/1400 977/131/1393 976/131/1392
s 306
f 976/131/1397 980/131/1396 983/131/1401
f 983/131/1401 981/131/1402 976/131/1397
s 531
f 978/131/1403 984/131/1404 985/131/1403
f 985/131/1403 986/131/1405 978/131/1403
s 305
f 978/131/1394 986/131/1406 987/131/1407
f 987/131/1407 975/131/1391 978/131/1394
s 306
f 979/131/1395 975/131/1398 987/131/1408
f 987/131/1408 988/131/1409 979/131/1395
s 532
f 989/131/1002 979/131/1002 988/131/1410
f 988/131/1410 990/131/1002 989/131/1002
s 533
f 980/131/1017 979/131/1016 989/131/1016
f 989/131/1016 991/131/1016 980/131/1017
s 534
f 992/131/1411 983/131/1412 980/131/1411
f 980/131/1411 991/131/1014 992/131/1411
s 535
f 970/131/1013 968/131/1013 983/131/1013
f 983/131/1013 992/131/1013 970/131/1013
s 306
f 967/131/1388 981/131/1402 983/131/1401
f 983/131/1401 968/131/1389 967/131/1388
s 305
f 967/131/1387 966/131/1386 982/131/1400
f 982/131/1400 981/131/1399 967/131/1387
s 536
f 966/131/1012 965/131/1012 993/131/1413
f 993/131/1413 982/131/1413 966/131/1012
s 537
f 982/131/1011 993/131/1011 994/131/1011
f 994/131/1011 977/131/1011 982/131/1011
s 538
f 984/131/1010 978/131/1010 977/131/1010
f 977/131/1010 994/131/1010 984/131/1010
s 305
f 995/131/1414 996/131/1415 997/131/1416
f 997/131/1416 998/131/1417 995/131/1414
s 306
f 999/131/1418 1000/131/1419 996/131/1420
f 996/131/1420 995/131/1421 999/131/1418
s 305
f 996/131/1415 1001/131/1422 1002/131/1423
f 1002/131/1423 997/131/1416 996/131/1415
s 306
f 996/131/1420 1000/131/1419 1003/131/1424
f 1003/131/1424 1001/131/1425 996/131/1420
s 539
f 998/131/1037 1004/131/1037 1005/131/1037
f 1005/131/1037 1006/131/1037 998/131/1037
s 305
f 998/131/1417 1006/131/1426 1007/131/1427
f 1007/131/1427 995/131/1414 998/131/1417
s 306
f 999/131/1418 995/131/1421 1007/131/1428
f 1007/131/1428 1008/131/1429 999/131/1418
s 540
f 1009/131/1430 999/131/1430 1008/131/1030
f 1008/131/1030 1010/131/1030 1009/131/1430
s 541
f 1000/131/1052 999/131/1052 1009/131/1052
f 1009/131/1052 1011/131/1052 1000/131/1052
s 542
f 1012/131/1431 1003/131/1431 1000/131/1049
f 1000/131/1049 1011/131/1431 1012/131/1431
s 543
f 990/131/1047 988/131/1047 1003/131/1047
f 1003/131/1047 1012/131/1047 990/131/1047
s 306
f 987/131/1408 1001/131/1425 1003/131/1424
f 1003/131/1424 988/131/1409 987/131/1408
s 305
f 987/131/1407 986/131/1406 1002/131/1423
f 1002/131/1423 1001/131/1422 987/131/1407
s 544
f 986/131/1045 985/131/1045 1013/131/1045
f 1013/131/1045 1002/131/1045 986/131/1045
s 545
f 1002/131/1432 1013/131/1433 1014/131/1432
f 1014/131/1432 997/131/1434 1002/131/1432
s 546
f 1004/131/1038 998/131/1038 997/131/1039
f 997/131/1039 1014/131/1039 1004/131/1038
s 305
f 1015/131/1435 1016/131/1436 1017/131/1437
f 1017/131/1437 1018/131/1438 1015/131/1435
s 306
f 1019/131/1439 1020/131/1440 1016/131/1441
f 1016/131/1441 1015/131/1442 1019/131/1439
s 305
f 1016/131/1436 1021/131/1443 1022/131/1444
f 1022/131/1444 1017/131/1437 1016/131/1436
s 306
f 1016/131/1441 1020/131/1440 1023/131/1445
f 1023/131/1445 1021/131/1446 1016/131/1441
s 547
f 1018/131/1447 1024/131/1448 1025/131/1447
f 1025/131/1447 1026/131/1072 1018/131/1447
s 305
f 1018/131/1438 1026/131/1449 1027/131/1450
f 1027/131/1450 1015/131/1435 1018/131/1438
s 306
f 1019/131/1439 1015/131/1442 1027/131/1451
f 1027/131/1451 1028/131/1452 1019/131/1439
s 548
f 1029/131/1066 1019/131/1453 1028/131/1454
f 1028/131/1454 1030/131/1455 1029/131/1066
s 549
f 1020/131/1083 1019/131/1083 1029/131/1083
f 1029/131/1083 1031/131/1083 1020/131/1083
s 550
f 1032/131/1082 1023/131/1082 1020/131/1081
f 1020/131/1081 1031/131/1081 1032/131/1082
s 551
f 1010/131/1456 1008/131/1457 1023/131/1080
f 1023/131/1080 1032/131/1080 1010/131/1456
s 306
f 1007/131/1428 1021/131/1446 1023/131/1445
f 1023/131/1445 1008/131/1429 1007/131/1428
s 305
f 1007/131/1427 1006/131/1426 1022/131/1444
f 1022/131/1444 1021/131/1443 1007/131/1427
s 552
f 1006/131/1078 1005/131/1078 1033/131/1078
f 1033/131/1078 1022/131/1078 1006/131/1078
s 553
f 1022/131/1075 1033/131/1076 1034/131/1075
f 1034/131/1075 1017/131/1075 1022/131/1075
s 554
f 1024/131/1458 1018/131/1074 1017/131/1074
f 1017/131/1074 1034/131/1074 1024/131/1458
s 305
f 1035/131/1459 1036/131/1460 1037/131/1461
f 1037/131/1461 1038/131/1462 1035/131/1459
s 306
f 1039/131/1463 1040/131/1464 1036/131/1465
f 1036/131/1465 1035/131/1466 1039/131/1463
s 305
f 1036/131/1460 1041/131/1467 1042/131/1468
f 1042/131/1468 1037/131/1461 1036/131/1460
s 306
f 1036/131/1465 1040/131/1464 1043/131/1469
f 1043/131/1469 1041/131/1470 1036/131/1465
s 555
f 1038/131/1103 1044/131/1103 433/131/1103
f 433/131/1103 431/131/1103 1038/131/1103
s 305
f 1035/131/1459 1038/131/1462 431/131/661
f 431/131/661 430/131/660 1035/131/1459
s 306
f 1035/131/1466 430/131/659 428/131/658
f 428/131/658 1039/131/1463 1035/131/1466
s 556
f 428/131/1471 429/131/1472 1045/131/1473
f 1045/131/1473 1039/131/1474 428/131/1471
s 557
f 1040/131/1115 1039/131/1475 1045/131/1115
f 1045/131/1115 1046/131/1115 1040/131/1115
s 558
f 1047/131/1114 1043/131/1114 1040/131/1114
f 1040/131/1114 1046/131/1114 1047/131/1114
s 559
f 1030/131/1476 1028/131/1477 1043/131/1476
f 1043/131/1476 1047/131/1111 1030/131/1476
s 306
f 1027/131/1451 1041/131/1470 1043/131/1469
f 1043/131/1469 1028/131/1452 1027/131/1451
s 305
f 1027/131/1450 1026/131/1449 1042/131/1468
f 1042/131/1468 1041/131/1467 1027/131/1450
s 560
f 1026/131/1109 1025/131/1109 1048/131/1109
f 1048/131/1109 1042/131/1109 1026/131/1109
s 561
f 1042/131/1106 1048/131/1106 1049/131/1106
f 1049/131/1106 1037/131/1106 1042/131/1106
s 562
f 1044/131/1105 1038/131/1105 1037/131/1105
f 1037/131/1105 1049/131/1105 1044/131/1105
s 295
f 1050/131/1478 1051/131/1479 1052/131/1480
f 1052/131/1480 1053/131/1481 1050/131/1478
f 1054/131/1482 1055/131/1483 1051/131/1479
f 1051/131/1479 1050/131/1478 1054/131/1482
s 296
f 1051/131/1484 1056/131/1485 1057/131/1486
f 1057/131/1486 1052/131/1487 1051/131/1484
f 1051/131/1484 1055/131/1488 1058/131/1489
f 1058/131/1489 1056/131/1485 1051/131/1484
s 563
f 1059/131/1490 1053/131/1490 1060/131/1490
f 1060/131/1490 1061/131/1490 1059/131/1490
s 564
f 1062/131/1491 1050/131/1492 1053/131/1493
f 1053/131/1493 1059/131/1493 1062/131/1491
s 565
f 1050/131/1494 1062/131/1494 1063/131/1494
f 1063/131/1494 1054/131/1494 1050/131/1494
s 566
f 394/131/1495 1054/131/1495 1063/131/1495
f 1063/131/1495 395/131/1495 394/131/1495
s 295
f 394/131/628 409/131/629 1055/131/1483
f 1055/131/1483 1054/131/1482 394/131/628
s 296
f 408/131/626 1058/131/1489 1055/131/1488
f 1055/131/1488 409/131/627 408/131/626
s 567
f 1058/131/1496 408/131/1496 407/131/1497
f 407/131/1497 1064/131/1498 1058/131/1496
s 568
f 1064/131/1499 1065/131/1499 1056/131/1499
f 1056/131/1499 1058/131/1499 1064/131/1499
s 569
f 1056/131/1500 1065/131/1500 1066/131/1500
f 1066/131/1500 1057/131/1501 1056/131/1500
s 570
f 1066/131/1502 1067/131/1503 1068/131/1503
f 1068/131/1503 1057/131/1503 1066/131/1502
s 296
f 1057/131/1486 1068/131/1504 1069/131/1505
f 1069/131/1505 1052/131/1487 1057/131/1486
s 295
f 1053/131/1481 1052/131/1480 1069/131/1506
f 1069/131/1506 1060/131/1507 1053/131/1481
f 1070/131/1508 1071/131/1509 1072/131/1510
f 1072/131/1510 1073/131/1511 1070/131/1508
f 1074/131/1512 1075/131/1513 1071/131/1509
f 1071/131/1509 1070/131/1508 1074/131/1512
s 296
f 1071/131/1514 1076/131/1514 1077/131/1515
f 1077/131/1515 1072/131/1516 1071/131/1514
f 1071/131/1514 1075/131/1517 1078/131/1518
f 1078/131/1518 1076/131/1514 1071/131/1514
s 571
f 1079/131/1519 1080/131/1520 1081/131/1519
f 1081/131/1519 1073/131/1521 1079/131/1519
s 572
f 1081/131/1522 1082/131/1522 1070/131/1522
f 1070/131/1522 1073/131/1523 1081/131/1522
s 573
f 1070/131/1524 1082/131/1525 1083/131/1526
f 1083/131/1526 1074/131/1526 1070/131/1524
s 574
f 1060/131/1527 1074/131/1527 1083/131/1528
f 1083/131/1528 1061/131/1529 1060/131/1527
s 295
f 1074/131/1512 1060/131/1507 1069/131/1506
f 1069/131/1506 1075/131/1513 1074/131/1512
s 296
f 1068/131/1504 1078/131/1518 1075/131/1517
f 1075/131/1517 1069/131/1505 1068/131/1504
s 575
f 1078/131/1530 1068/131/1530 1067/131/1530
f 1067/131/1530 1084/131/1530 1078/131/1530
s 576
f 1084/131/1531 1085/131/1531 1076/131/1531
f 1076/131/1531 1078/131/1531 1084/131/1531
s 577
f 1086/131/1532 1077/131/1533 1076/131/1534
f 1076/131/1534 1085/131/1534 1086/131/1532
s 578
f 1086/131/1535 1087/131/1536 1088/131/1537
f 1088/131/1537 1077/131/1538 1086/131/1535
s 296
f 1072/131/1516 1077/131/1515 1088/131/1539
f 1088/131/1539 1089/131/1540 1072/131/1516
s 295
f 1089/131/1541 1079/131/1542 1073/131/1511
f 1073/131/1511 1072/131/1510 1089/131/1541
f 1090/131/1543 1091/131/1544 1092/131/1545
f 1092/131/1545 1093/131/1546 1090/131/1543
f 1094/131/1547 1095/131/1548 1091/131/1544
f 1091/131/1544 1090/131/1543 1094/131/1547
s 296
f 1091/131/1549 1096/131/1550 1097/131/1551
f 1097/131/1551 1092/131/1552 1091/131/1549
f 1091/131/1549 1095/131/1553 1098/131/1554
f 1098/131/1554 1096/131/1550 1091/131/1549
s 579
f 1099/131/1555 1100/131/1555 1101/131/1555
f 1101/131/1555 1093/131/1555 1099/131/1555
s 580
f 1090/131/1556 1093/131/1557 1101/131/1558
f 1101/131/1558 1102/131/1556 1090/131/1556
s 581
f 1090/131/1559 1102/131/1560 1103/131/1560
f 1103/131/1560 1094/131/1560 1090/131/1559
s 582
f 1079/131/1561 1094/131/1561 1103/131/1562
f 1103/131/1562 1080/131/1561 1079/131/1561
s 295
f 1094/131/1547 1079/131/1542 1089/131/1541
f 1089/131/1541 1095/131/1548 1094/131/1547
s 296
f 1088/131/1539 1098/131/1554 1095/131/1553
f 1095/131/1553 1089/131/1540 1088/131/1539
s 583
f 1098/131/1563 1088/131/1563 1087/131/1563
f 1087/131/1563 1104/131/1563 1098/131/1563
s 584
f 1104/131/1564 1105/131/1564 1096/131/1565
f 1096/131/1565 1098/131/1565 1104/131/1564
s 585
f 1105/131/1566 1106/131/1566 1097/131/1566
f 1097/131/1566 1096/131/1566 1105/131/1566
s 586
f 1106/131/1567 1107/131/1568 1108/131/1569
f 1108/131/1569 1097/131/1570 1106/131/1567
s 296
f 1097/131/1551 1108/131/1571 1109/131/1572
f 1109/131/1572 1092/131/1552 1097/131/1551
s 295
f 1092/131/1545 1109/131/1573 1099/131/1574
f 1099/131/1574 1093/131/1546 1092/131/1545
f 1110/131/1575 1111/131/1576 1112/131/1577
f 1112/131/1577 1113/131/1578 1110/131/1575
f 1114/131/1579 1115/131/1580 1111/131/1576
f 1111/131/1576 1110/131/1575 1114/131/1579
s 296
f 1111/131/1581 1116/131/1582 1117/131/1583
f 1117/131/1583 1112/131/1584 1111/131/1581
f 1111/131/1581 1115/131/1585 1118/131/1586
f 1118/131/1586 1116/131/1582 1111/131/1581
s 587
f 1119/131/1587 1120/131/1587 1121/131/1587
f 1121/131/1587 1113/131/1587 1119/131/1587
s 588
f 1110/131/1588 1113/131/1588 1121/131/1589
f 1121/131/1589 1122/131/1588 1110/131/1588
s 589
f 1110/131/1590 1122/131/1590 1123/131/1590
f 1123/131/1590 1114/131/1590 1110/131/1590
s 590
f 1099/131/1591 1114/131/1591 1123/131/1591
f 1123/131/1591 1100/131/1591 1099/131/1591
s 295
f 1114/131/1579 1099/131/1574 1109/131/1573
f 1109/131/1573 1115/131/1580 1114/131/1579
s 296
f 1115/131/1585 1109/131/1572 1108/131/1571
f 1108/131/1571 1118/131/1586 1115/131/1585
s 591
f 1118/131/1592 1108/131/1592 1107/131/1592
f 1107/131/1592 1124/131/1592 1118/131/1592
s 592
f 1124/131/1593 1125/131/1593 1116/131/1593
f 1116/131/1593 1118/131/1593 1124/131/1593
s 593
f 1125/131/1594 1126/131/1594 1117/131/1595
f 1117/131/1595 1116/131/1594 1125/131/1594
s 594
f 1126/131/1596 1127/131/1596 1128/131/1596
f 1128/131/1596 1117/131/1596 1126/131/1596
s 296
f 1112/131/1584 1117/131/1583 1128/131/1597
f 1128/131/1597 1129/131/1598 1112/131/1584
s 295
f 1112/131/1577 1129/131/1599 1119/131/1600
f 1119/131/1600 1113/131/1578 1112/131/1577
f 1130/131/1601 1131/131/1602 1132/131/1603
f 1132/131/1603 1133/131/1604 1130/131/1601
f 1134/131/1605 1135/131/1606 1131/131/1602
f 1131/131/1602 1130/131/1601 1134/131/1605
s 296
f 1131/131/1607 1136/131/1608 1137/131/1609
f 1137/131/1609 1132/131/1610 1131/131/1607
f 1131/131/1607 1135/131/1611 1138/131/1612
f 1138/131/1612 1136/131/1608 1131/131/1607
s 595
f 1139/131/1613 1140/131/1613 1141/131/1613
f 1141/131/1613 1133/131/1614 1139/131/1613
s 596
f 1130/131/1615 1133/131/1615 1141/131/1615
f 1141/131/1615 1142/131/1615 1130/131/1615
s 597
f 1130/131/1616 1142/131/1616 1143/131/1616
f 1143/131/1616 1134/131/1617 1130/131/1616
s 598
f 1119/131/1618 1134/131/1619 1143/131/1618
f 1143/131/1618 1120/131/1618 1119/131/1618
s 295
f 1134/131/1605 1119/131/1600 1129/131/1599
f 1129/131/1599 1135/131/1606 1134/131/1605
s 296
f 1128/131/1597 1138/131/1612 1135/131/1611
f 1135/131/1611 1129/131/1598 1128/131/1597
s 599
f 1138/131/1620 1128/131/1620 1127/131/1620
f 1127/131/1620 1144/131/1621 1138/131/1620
s 600
f 1144/131/1622 1145/131/1623 1136/131/1622
f 1136/131/1622 1138/131/1624 1144/131/1622
s 601
f 1145/131/1625 1146/131/1625 1137/131/1625
f 1137/131/1625 1136/131/1625 1145/131/1625
s 602
f 1146/131/1626 1147/131/1626 1148/131/1627
f 1148/131/1627 1137/131/1626 1146/131/1626
s 296
f 1132/131/1610 1137/131/1609 1148/131/1628
f 1148/131/1628 1149/131/1629 1132/131/1610
s 295
f 1132/131/1603 1149/131/1630 1139/131/1631
f 1139/131/1631 1133/131/1604 1132/131/1603
f 1150/131/1632 1151/131/1633 1152/131/1634
f 1152/131/1634 1153/131/1635 1150/131/1632
f 1154/131/1636 1155/131/1637 1151/131/1633
f 1151/131/1633 1150/131/1632 1154/131/1636
s 296
f 1151/131/1638 1156/131/1639 1157/131/1640
f 1157/131/1640 1152/131/1641 1151/131/1638
f 1151/131/1638 1155/131/1642 1158/131/1643
f 1158/131/1643 1156/131/1639 1151/131/1638
s 603
f 1159/131/1644 1160/131/1644 1161/131/1644
f 1161/131/1644 1153/131/1645 1159/131/1644
s 604
f 1150/131/1646 1153/131/1646 1161/131/1646
f 1161/131/1646 1162/131/1646 1150/131/1646
s 605
f 1150/131/1647 1162/131/1648 1163/131/1648
f 1163/131/1648 1154/131/1647 1150/131/1647
s 606
f 1139/131/1649 1154/131/1649 1163/131/1649
f 1163/131/1649 1140/131/1649 1139/131/1649
s 295
f 1154/131/1636 1139/131/1631 1149/131/1630
f 1149/131/1630 1155/131/1637 1154/131/1636
s 296
f 1148/131/1628 1158/131/1643 1155/131/1642
f 1155/131/1642 1149/131/1629 1148/131/1628
s 607
f 1158/131/1650 1148/131/1650 1147/131/1650
f 1147/131/1650 1164/131/1650 1158/131/1650
s 608
f 1164/131/1651 1165/131/1652 1156/131/1652
f 1156/131/1652 1158/131/1652 1164/131/1651
s 609
f 1165/131/1653 1166/131/1653 1157/131/1653
f 1157/131/1653 1156/131/1653 1165/131/1653
s 610
f 1166/131/1654 1167/131/1655 1168/131/1654
f 1168/131/1654 1157/131/1654 1166/131/1654
s 296
f 1152/131/1641 1157/131/1640 1168/131/1656
f 1168/131/1656 1169/131/1657 1152/131/1641
s 295
f 1152/131/1634 1169/131/1658 1159/131/1659
f 1159/131/1659 1153/131/1635 1152/131/1634
f 1170/131/1660 1171/131/1661 1172/131/1662
f 1172/131/1662 1173/131/1663 1170/131/1660
f 1174/131/1664 1175/131/1665 1171/131/1661
f 1171/131/1661 1170/131/1660 1174/131/1664
s 296
f 1171/131/1666 1176/131/1667 1177/131/1668
f 1177/131/1668 1172/131/1669 1171/131/1666
f 1171/131/1666 1175/131/1670 1178/131/1671
f 1178/131/1671 1176/131/1667 1171/131/1666
s 611
f 1179/131/1672 1180/131/1672 1181/131/1673
f 1181/131/1673 1173/131/1672 1179/131/1672
s 612
f 1170/131/1674 1173/131/1674 1181/131/1674
f 1181/131/1674 1182/131/1675 1170/131/1674
s 613
f 1170/131/1676 1182/131/1676 1183/131/1676
f 1183/131/1676 1174/131/1676 1170/131/1676
s 614
f 1159/131/1677 1174/131/1677 1183/131/1677
f 1183/131/1677 1160/131/1677 1159/131/1677
s 295
f 1174/131/1664 1159/131/1659 1169/131/1658
f 1169/131/1658 1175/131/1665 1174/131/1664
s 296
f 1168/131/1656 1178/131/1671 1175/131/1670
f 1175/131/1670 1169/131/1657 1168/131/1656
s 615
f 1178/131/1678 1168/131/1679 1167/131/1678
f 1167/131/1678 1184/131/1680 1178/131/1678
s 616
f 1184/131/1681 1185/131/1681 1176/131/1681
f 1176/131/1681 1178/131/1681 1184/131/1681
s 617
f 1185/131/1682 1186/131/1682 1177/131/1682
f 1177/131/1682 1176/131/1682 1185/131/1682
s 618
f 1186/131/1683 1187/131/1684 1188/131/1683
f 1188/131/1683 1177/131/1684 1186/131/1683
s 296
f 1172/131/1669 1177/131/1668 1188/131/1685
f 1188/131/1685 1189/131/1685 1172/131/1669
s 295
f 1172/131/1662 1189/131/1686 1179/131/1687
f 1179/131/1687 1173/131/1663 1172/131/1662
f 1190/131/1688 1191/131/1689 1192/131/1690
f 1192/131/1690 1193/131/1691 1190/131/1688
f 1194/131/1692 1195/131/1693 1191/131/1689
f 1191/131/1689 1190/131/1688 1194/131/1692
s 296
f 1191/131/1694 1196/131/1695 1197/131/1696
f 1197/131/1696 1192/131/1697 1191/131/1694
f 1191/131/1694 1195/131/1698 1198/131/1699
f 1198/131/1699 1196/131/1695 1191/131/1694
s 619
f 1199/131/1700 1200/131/1700 1201/131/1700
f 1201/131/1700 1193/131/1700 1199/131/1700
s 620
f 1190/131/1701 1193/131/1701 1201/131/1701
f 1201/131/1701 1202/131/1701 1190/131/1701
s 621
f 1190/131/1702 1202/131/1702 1203/131/1702
f 1203/131/1702 1194/131/1703 1190/131/1702
s 622
f 1179/131/1704 1194/131/1704 1203/131/1704
f 1203/131/1704 1180/131/1704 1179/131/1704
s 295
f 1194/131/1692 1179/131/1687 1189/131/1686
f 1189/131/1686 1195/131/1693 1194/131/1692
s 296
f 1188/131/1685 1198/131/1699 1195/131/1698
f 1195/131/1698 1189/131/1685 1188/131/1685
s 623
f 1204/131/1705 1198/131/1705 1188/131/1705
f 1188/131/1705 1187/131/1705 1204/131/1705
s 624
f 1204/131/1706 1205/131/1706 1196/131/1706
f 1196/131/1706 1198/131/1706 1204/131/1706
s 625
f 1205/131/1707 1206/131/1708 1197/131/1707
f 1197/131/1707 1196/131/1707 1205/131/1707
s 626
f 1206/131/1709 1207/131/1710 1208/131/1710
f 1208/131/1710 1197/131/1710 1206/131/1709
s 296
f 1192/131/1697 1197/131/1696 1208/131/1711
f 1208/131/1711 1209/131/1712 1192/131/1697
s 295
f 1192/131/1690 1209/131/1713 1199/131/1714
f 1199/131/1714 1193/131/1691 1192/131/1690
f 1210/131/1715 1211/131/1716 1212/131/1717
f 1212/131/1717 1213/131/1718 1210/131/1715
f 1214/131/1719 1215/131/1720 1211/131/1716
f 1211/131/1716 1210/131/1715 1214/131/1719
s 296
f 1211/131/1721 1216/131/1722 1217/131/1723
f 1217/131/1723 1212/131/1724 1211/131/1721
f 1211/131/1721 1215/131/1725 1218/131/1726
f 1218/131/1726 1216/131/1722 1211/131/1721
s 627
f 1219/131/1727 1220/131/1727 1221/131/1727
f 1221/131/1727 1213/131/1728 1219/131/1727
s 628
f 1210/131/1729 1213/131/1729 1221/131/1729
f 1221/131/1729 1222/131/1729 1210/131/1729
s 629
f 1210/131/1730 1222/131/1730 1223/131/1730
f 1223/131/1730 1214/131/1730 1210/131/1730
s 630
f 1199/131/1731 1214/131/1732 1223/131/1733
f 1223/131/1733 1200/131/1734 1199/131/1731
s 295
f 1214/131/1719 1199/131/1714 1209/131/1713
f 1209/131/1713 1215/131/1720 1214/131/1719
s 296
f 1208/131/1711 1218/131/1726 1215/131/1725
f 1215/131/1725 1209/131/1712 1208/131/1711
s 631
f 1218/131/1735 1208/131/1736 1207/131/1735
f 1207/131/1735 1224/131/1735 1218/131/1735
s 632
f 1224/131/1737 1225/131/1738 1216/131/1738
f 1216/131/1738 1218/131/1737 1224/131/1737
s 633
f 1225/131/1739 1226/131/1740 1217/131/1740
f 1217/131/1740 1216/131/1740 1225/131/1739
s 634
f 1226/131/1741 1227/131/1742 1228/131/1743
f 1228/131/1743 1217/131/1743 1226/131/1741
s 296
f 1212/131/1724 1217/131/1723 1228/131/1744
f 1228/131/1744 1229/131/1745 1212/131/1724
s 295
f 1212/131/1717 1229/131/1746 1219/131/1747
f 1219/131/1747 1213/131/1718 1212/131/1717
f 1230/131/1748 1231/131/1749 1232/131/1750
f 1232/131/1750 1233/131/1751 1230/131/1748
f 1234/131/1752 1235/131/1753 1231/131/1749
f 1231/131/1749 1230/131/1748 1234/131/1752
s 296
f 1231/131/1754 1236/131/1755 1237/131/1756
f 1237/131/1756 1232/131/1757 1231/131/1754
f 1231/131/1754 1235/131/1758 1238/131/1759
f 1238/131/1759 1236/131/1755 1231/131/1754
s 635
f 1239/131/1760 1240/131/1760 1241/131/1761
f 1241/131/1761 1233/131/1760 1239/131/1760
s 636
f 1230/131/1762 1233/131/1763 1241/131/1764
f 1241/131/1764 1242/131/1765 1230/131/1762
s 637
f 1230/131/1766 1242/131/1766 1243/131/1766
f 1243/131/1766 1234/131/1766 1230/131/1766
s 638
f 1219/131/1767 1234/131/1767 1243/131/1767
f 1243/131/1767 1220/131/1767 1219/131/1767
s 295
f 1234/131/1752 1219/131/1747 1229/131/1746
f 1229/131/1746 1235/131/1753 1234/131/1752
s 296
f 1228/131/1744 1238/131/1759 1235/131/1758
f 1235/131/1758 1229/131/1745 1228/131/1744
s 639
f 1238/131/1768 1228/131/1769 1227/131/1770
f 1227/131/1770 1244/131/1770 1238/131/1768
s 640
f 1244/131/1771 1245/131/1771 1236/131/1772
f 1236/131/1772 1238/131/1771 1244/131/1771
s 641
f 1245/131/1773 1246/131/1774 1237/131/1775
f 1237/131/1775 1236/131/1776 1245/131/1773
s 642
f 1246/131/1777 1247/131/1777 1248/131/1777
f 1248/131/1777 1237/131/1777 1246/131/1777
s 296
f 1232/131/1757 1237/131/1756 1248/131/1778
f 1248/131/1778 1249/131/1779 1232/131/1757
s 295
f 1232/131/1750 1249/131/1780 1239/131/1781
f 1239/131/1781 1233/131/1751 1232/131/1750
f 1250/131/1782 1251/131/1783 1252/131/1784
f 1252/131/1784 1253/131/1785 1250/131/1782
f 1254/131/1786 1255/131/1787 1251/131/1783
f 1251/131/1783 1250/131/1782 1254/131/1786
s 296
f 1251/131/1788 1256/131/1789 1257/131/1790
f 1257/131/1790 1252/131/1791 1251/131/1788
f 1251/131/1788 1255/131/1792 1258/131/1793
f 1258/131/1793 1256/131/1789 1251/131/1788
s 643
f 1259/131/1794 1260/131/1794 1261/131/1794
f 1261/131/1794 1253/131/1794 1259/131/1794
s 644
f 1250/131/1795 1253/131/1795 1261/131/1795
f 1261/131/1795 1262/131/1795 1250/131/1795
s 645
f 1250/131/1796 1262/131/1796 1263/131/1796
f 1263/131/1796 1254/131/1796 1250/131/1796
s 646
f 1239/131/1797 1254/131/1798 1263/131/1798
f 1263/131/1798 1240/131/1798 1239/131/1797
s 295
f 1254/131/1786 1239/131/1781 1249/131/1780
f 1249/131/1780 1255/131/1787 1254/131/1786
s 296
f 1248/131/1778 1258/131/1793 1255/131/1792
f 1255/131/1792 1249/131/1779 1248/131/1778
s 647
f 1258/131/1799 1248/131/1800 1247/131/1800
f 1247/131/1800 1264/131/1800 1258/131/1799
s 648
f 1264/131/1801 1265/131/1801 1256/131/1802
f 1256/131/1802 1258/131/1801 1264/131/1801
s 649
f 1265/131/1803 1266/131/1803 1257/131/1803
f 1257/131/1803 1256/131/1803 1265/131/1803
s 650
f 1266/131/1804 1267/131/1804 1268/131/1804
f 1268/131/1804 1257/131/1804 1266/131/1804
s 296
f 1252/131/1791 1257/131/1790 1268/131/1805
f 1268/131/1805 1269/131/1806 1252/131/1791
s 295
f 1252/131/1784 1269/131/1807 1259/131/1808
f 1259/131/1808 1253/131/1785 1252/131/1784
f 1270/131/1809 1271/131/1810 1272/131/1811
f 1272/131/1811 1273/131/1812 1270/131/1809
f 1274/131/1813 1275/131/1814 1271/131/1810
f 1271/131/1810 1270/131/1809 1274/131/1813
s 296
f 1271/131/1815 1276/131/1816 1277/131/1817
f 1277/131/1817 1272/131/1818 1271/131/1815
f 1271/131/1815 1275/131/1819 1278/131/1820
f 1278/131/1820 1276/131/1816 1271/131/1815
s 651
f 1279/131/1821 1280/131/1822 1281/131/1823
f 1281/131/1823 1273/131/1824 1279/131/1821
s 652
f 1270/131/1825 1273/131/1825 1281/131/1825
f 1281/131/1825 1282/131/1825 1270/131/1825
s 653
f 1270/131/1826 1282/131/1826 1283/131/1827
f 1283/131/1827 1274/131/1828 1270/131/1826
s 654
f 1259/131/1829 1274/131/1829 1283/131/1829
f 1283/131/1829 1260/131/1829 1259/131/1829
s 295
f 1274/131/1813 1259/131/1808 1269/131/1807
f 1269/131/1807 1275/131/1814 1274/131/1813
s 296
f 1268/131/1805 1278/131/1820 1275/131/1819
f 1275/131/1819 1269/131/1806 1268/131/1805
s 655
f 1278/131/1830 1268/131/1831 1267/131/1832
f 1267/131/1832 1284/131/1833 1278/131/1830
s 656
f 1284/131/1834 1285/131/1834 1276/131/1835
f 1276/131/1835 1278/131/1834 1284/131/1834
s 657
f 1285/131/1836 1286/131/1837 1277/131/1837
f 1277/131/1837 1276/131/1837 1285/131/1836
s 658
f 1286/131/1838 1287/131/1838 1288/131/1839
f 1288/131/1839 1277/131/1838 1286/131/1838
s 296
f 1272/131/1818 1277/131/1817 1288/131/1840
f 1288/131/1840 1289/131/1841 1272/131/1818
s 295
f 1272/131/1811 1289/131/1842 1279/131/1843
f 1279/131/1843 1273/131/1812 1272/131/1811
f 1290/131/1844 1291/131/1845 1292/131/1846
f 1292/131/1846 1293/131/1847 1290/131/1844
f 1294/131/1848 1295/131/1849 1291/131/1845
f 1291/131/1845 1290/131/1844 1294/131/1848
s 296
f 1291/131/1850 1296/131/1851 1297/131/1852
f 1297/131/1852 1292/131/1853 1291/131/1850
f 1291/131/1850 1295/131/1854 1298/131/1855
f 1298/131/1855 1296/131/1851 1291/131/1850
s 659
f 1299/131/1856 1300/131/1856 1301/131/1856
f 1301/131/1856 1293/131/1857 1299/131/1856
s 660
f 1290/131/1858 1293/131/1859 1301/131/1858
f 1301/131/1858 1302/131/1858 1290/131/1858
s 661
f 1290/131/1860 1302/131/1861 1303/131/1860
f 1303/131/1860 1294/131/1862 1290/131/1860
s 662
f 1279/131/1863 1294/131/1864 1303/131/1865
f 1303/131/1865 1280/131/1866 1279/131/1863
s 295
f 1294/131/1848 1279/131/1843 1289/131/1842
f 1289/131/1842 1295/131/1849 1294/131/1848
s 296
f 1288/131/1840 1298/131/1855 1295/131/1854
f 1295/131/1854 1289/131/1841 1288/131/1840
s 663
f 1298/131/1867 1288/131/1867 1287/131/1867
f 1287/131/1867 1304/131/1867 1298/131/1867
s 664
f 1304/131/1868 1305/131/1869 1296/131/1869
f 1296/131/1869 1298/131/1869 1304/131/1868
s 665
f 1305/131/1870 1306/131/1871 1297/131/1872
f 1297/131/1872 1296/131/1872 1305/131/1870
s 666
f 1306/131/1873 1307/131/1874 1308/131/1875
f 1308/131/1875 1297/131/1873 1306/131/1873
s 296
f 1292/131/1853 1297/131/1852 1308/131/1876
f 1308/131/1876 1309/131/1877 1292/131/1853
s 295
f 1292/131/1846 1309/131/1878 1299/131/1879
f 1299/131/1879 1293/131/1847 1292/131/1846
f 1310/131/1880 1311/131/1881 1312/131/1882
f 1312/131/1882 1313/131/1883 1310/131/1880
f 1314/131/1884 1315/131/1885 1311/131/1881
f 1311/131/1881 1310/131/1880 1314/131/1884
s 296
f 1311/131/1886 1316/131/1887 1317/131/1888
f 1317/131/1888 1312/131/1889 1311/131/1886
f 1311/131/1886 1315/131/1890 1318/131/1891
f 1318/131/1891 1316/131/1887 1311/131/1886
s 667
f 1319/131/1892 1320/131/1892 1321/131/1892
f 1321/131/1892 1313/131/1892 1319/131/1892
s 668
f 1310/131/1893 1313/131/1894 1321/131/1895
f 1321/131/1895 1322/131/1895 1310/131/1893
s 669
f 1310/131/1896 1322/131/1896 1323/131/1896
f 1323/131/1896 1314/131/1896 1310/131/1896
s 670
f 1299/131/1897 1314/131/1898 1323/131/1897
f 1323/131/1897 1300/131/1897 1299/131/1897
s 295
f 1314/131/1884 1299/131/1879 1309/131/1878
f 1309/131/1878 1315/131/1885 1314/131/1884
s 296
f 1308/131/1876 1318/131/1891 1315/131/1890
f 1315/131/1890 1309/131/1877 1308/131/1876
s 671
f 1318/131/1899 1308/131/1900 1307/131/1900
f 1307/131/1900 1324/131/1899 1318/131/1899
s 672
f 1324/131/1901 1325/131/1901 1316/131/1901
f 1316/131/1901 1318/131/1902 1324/131/1901
s 673
f 1325/131/1903 1326/131/1903 1317/131/1903
f 1317/131/1903 1316/131/1903 1325/131/1903
s 674
f 1326/131/1904 1327/131/1905 1328/131/1906
f 1328/131/1906 1317/131/1904 1326/131/1904
s 296
f 1312/131/1889 1317/131/1888 1328/131/1907
f 1328/131/1907 1329/131/1908 1312/131/1889
s 295
f 1312/131/1882 1329/131/1909 1319/131/1910
f 1319/131/1910 1313/131/1883 1312/131/1882
f 1330/131/1911 1331/131/1912 1332/131/1913
f 1332/131/1913 1333/131/1914 1330/131/1911
f 1334/131/1915 1335/131/1916 1331/131/1912
f 1331/131/1912 1330/131/1911 1334/131/1915
s 296
f 1331/131/1917 1336/131/1918 1337/131/1919
f 1337/131/1919 1332/131/1920 1331/131/1917
f 1331/131/1917 1335/131/1921 1338/131/1922
f 1338/131/1922 1336/131/1918 1331/131/1917
s 675
f 1339/131/1923 1340/131/1923 1341/131/1923
f 1341/131/1923 1333/131/1923 1339/131/1923
s 676
f 1330/131/1924 1333/131/1924 1341/131/1924
f 1341/131/1924 1342/131/1924 1330/131/1924
s 677
f 1330/131/1925 1342/131/1926 1343/131/1926
f 1343/131/1926 1334/131/1926 1330/131/1925
s 678
f 1319/131/1927 1334/131/1927 1343/131/1927
f 1343/131/1927 1320/131/1927 1319/131/1927
s 295
f 1334/131/1915 1319/131/1910 1329/131/1909
f 1329/131/1909 1335/131/1916 1334/131/1915
s 296
f 1328/131/1907 1338/131/1922 1335/131/1921
f 1335/131/1921 1329/131/1908 1328/131/1907
s 679
f 1338/131/1928 1328/131/1929 1327/131/1928
f 1327/131/1928 1344/131/1930 1338/131/1928
s 680
f 1344/131/1931 1345/131/1932 1336/131/1931
f 1336/131/1931 1338/131/1932 1344/131/1931
s 681
f 1345/131/1933 1346/131/1933 1337/131/1933
f 1337/131/1933 1336/131/1933 1345/131/1933
s 682
f 1346/131/1934 1347/131/1935 1348/131/1935
f 1348/131/1935 1337/131/1936 1346/131/1934
s 296
f 1332/131/1920 1337/131/1919 1348/131/1937
f 1348/131/1937 1349/131/1938 1332/131/1920
s 295
f 1332/131/1913 1349/131/1939 1339/131/1940
f 1339/131/1940 1333/131/1914 1332/131/1913
f 1350/131/1941 1351/131/1942 1352/131/1943
f 1352/131/1943 1353/131/1944 1350/131/1941
f 1354/131/1945 1355/131/1946 1351/131/1942
f 1351/131/1942 1350/131/1941 1354/131/1945
s 296
f 1351/131/1947 1356/131/1948 1357/131/1949
f 1357/131/1949 1352/131/1950 1351/131/1947
f 1351/131/1947 1355/131/1951 1358/131/1952
f 1358/131/1952 1356/131/1948 1351/131/1947
s 683
f 1359/131/1953 1360/131/1954 1361/131/1953
f 1361/131/1953 1353/131/1953 1359/131/1953
s 684
f 1350/131/621 1353/131/1955 1361/131/1956
f 1361/131/1956 1362/131/621 1350/131/621
s 685
f 1350/131/1957 1362/131/620 1363/131/1957
f 1363/131/1957 1354/131/1958 1350/131/1957
s 686
f 1339/131/617 1354/131/619 1363/131/617
f 1363/131/617 1340/131/617 1339/131/617
s 295
f 1354/131/1945 1339/131/1940 1349/131/1939
f 1349/131/1939 1355/131/1946 1354/131/1945
s 296
f 1348/131/1937 1358/131/1952 1355/131/1951
f 1355/131/1951 1349/131/1938 1348/131/1937
s 687
f 1358/131/612 1348/131/612 1347/131/612
f 1347/131/612 1364/131/612 1358/131/612
s 688
f 1364/131/608 1365/131/608 1356/131/608
f 1356/131/608 1358/131/608 1364/131/608
s 689
f 1365/131/606 1366/131/606 1357/131/1959
f 1357/131/1959 1356/131/606 1365/131/606
s 690
f 1366/131/605 1367/131/605 1368/131/605
f 1368/131/605 1357/131/605 1366/131/605
s 296
f 1352/131/1950 1357/131/1949 1368/131/1960
f 1368/131/1960 1369/131/1961 1352/131/1950
s 295
f 1352/131/1943 1369/131/1962 1359/131/1963
f 1359/131/1963 1353/131/1944 1352/131/1943
f 1370/131/1964 1371/131/1965 1372/131/1966
f 1372/131/1966 1373/131/1967 1370/131/1964
f 1374/131/1968 1375/131/1969 1371/131/1965
f 1371/131/1965 1370/131/1964 1374/131/1968
s 296
f 1371/131/1970 1376/131/1971 1377/131/1972
f 1377/131/1972 1372/131/1973 1371/131/1970
f 1371/131/1970 1375/131/1974 1378/131/1975
f 1378/131/1975 1376/131/1971 1371/131/1970
s 691
f 1379/131/1503 1380/131/1503 1381/131/1503
f 1381/131/1503 1373/131/1976 1379/131/1503
s 692
f 1370/131/1977 1373/131/1977 1381/131/1977
f 1381/131/1977 1382/131/1977 1370/131/1977
s 693
f 1370/131/1499 1382/131/1978 1383/131/1978
f 1383/131/1978 1374/131/1499 1370/131/1499
s 694
f 1359/131/1979 1374/131/1980 1383/131/1979
f 1383/131/1979 1360/131/1498 1359/131/1979
s 295
f 1374/131/1968 1359/131/1963 1369/131/1962
f 1369/131/1962 1375/131/1969 1374/131/1968
s 296
f 1368/131/1960 1378/131/1975 1375/131/1974
f 1375/131/1974 1369/131/1961 1368/131/1960
s 695
f 1378/131/1495 1368/131/1495 1367/131/1495
f 1367/131/1495 1384/131/1495 1378/131/1495
s 696
f 1384/131/1494 1385/131/1494 1376/131/1494
f 1376/131/1494 1378/131/1494 1384/131/1494
s 697
f 1385/131/1493 1386/131/1493 1377/131/1493
f 1377/131/1493 1376/131/1493 1385/131/1493
s 698
f 1386/131/1490 1387/131/1490 1388/131/1490
f 1388/131/1490 1377/131/1490 1386/131/1490
s 296
f 1372/131/1973 1377/131/1972 1388/131/1981
f 1388/131/1981 1389/131/1982 1372/131/1973
s 295
f 1372/131/1966 1389/131/1983 1379/131/1984
f 1379/131/1984 1373/131/1967 1372/131/1966
f 1390/131/1985 1391/131/1986 1392/131/1987
f 1392/131/1987 1393/131/1988 1390/131/1985
f 1394/131/1989 1395/131/1990 1391/131/1986
f 1391/131/1986 1390/131/1985 1394/131/1989
s 296
f 1391/131/1991 1396/131/1992 1397/131/1993
f 1397/131/1993 1392/131/1994 1391/131/1991
f 1391/131/1991 1395/131/1995 1398/131/1996
f 1398/131/1996 1396/131/1992 1391/131/1991
s 699
f 1399/131/1997 1400/131/1997 1401/131/1997
f 1401/131/1997 1393/131/1998 1399/131/1997
s 700
f 1390/131/1534 1393/131/1534 1401/131/1534
f 1401/131/1534 1402/131/1999 1390/131/1534
s 701
f 1390/131/1531 1402/131/1531 1403/131/2000
f 1403/131/2000 1394/131/2001 1390/131/1531
s 702
f 1379/131/1530 1394/131/1530 1403/131/1530
f 1403/131/1530 1380/131/1530 1379/131/1530
s 295
f 1394/131/1989 1379/131/1984 1389/131/1983
f 1389/131/1983 1395/131/1990 1394/131/1989
s 296
f 1388/131/1981 1398/131/1996 1395/131/1995
f 1395/131/1995 1389/131/1982 1388/131/1981
s 703
f 1398/131/1529 1388/131/1529 1387/131/1529
f 1387/131/1529 1404/131/2002 1398/131/1529
s 704
f 1404/131/2003 1405/131/2004 1396/131/2005
f 1396/131/2005 1398/131/2006 1404/131/2003
s 705
f 1405/131/2007 1406/131/2007 1397/131/2007
f 1397/131/2007 1396/131/2008 1405/131/2007
s 706
f 1406/131/2009 1407/131/2010 1408/131/2009
f 1408/131/2009 1397/131/2009 1406/131/2009
s 296
f 1392/131/1994 1397/131/1993 1408/131/2011
f 1408/131/2011 1409/131/2012 1392/131/1994
s 295
f 1392/131/1987 1409/131/2013 1399/131/2014
f 1399/131/2014 1393/131/1988 1392/131/1987
f 1410/131/2015 1411/131/2016 1412/131/2017
f 1412/131/2017 1413/131/2018 1410/131/2015
f 1414/131/2019 1415/131/2020 1411/131/2016
f 1411/131/2016 1410/131/2015 1414/131/2019
s 296
f 1411/131/2021 1416/131/2022 1417/131/2023
f 1417/131/2023 1412/131/2024 1411/131/2021
f 1411/131/2021 1415/131/2025 1418/131/2026
f 1418/131/2026 1416/131/2022 1411/131/2021
s 707
f 1419/131/2027 1420/131/2027 1421/131/2027
f 1421/131/2027 1413/131/2027 1419/131/2027
s 708
f 1410/131/1566 1413/131/1566 1421/131/1566
f 1421/131/1566 1422/131/1566 1410/131/1566
s 709
f 1410/131/1565 1422/131/1565 1423/131/1565
f 1423/131/1565 1414/131/1565 1410/131/1565
s 710
f 1399/131/1563 1414/131/1563 1423/131/1563
f 1423/131/1563 1400/131/1563 1399/131/1563
s 295
f 1414/131/2019 1399/131/2014 1409/131/2013
f 1409/131/2013 1415/131/2020 1414/131/2019
s 296
f 1408/131/2011 1418/131/2026 1415/131/2025
f 1415/131/2025 1409/131/2012 1408/131/2011
s 711
f 1418/131/1562 1408/131/1561 1407/131/1561
f 1407/131/1561 1424/131/1561 1418/131/1562
s 712
f 1424/131/1559 1425/131/1559 1416/131/1559
f 1416/131/1559 1418/131/1559 1424/131/1559
s 713
f 1425/131/1556 1426/131/1556 1417/131/1556
f 1417/131/1556 1416/131/1556 1425/131/1556
s 714
f 1426/131/1555 1427/131/1555 1428/131/1555
f 1428/131/1555 1417/131/1555 1426/131/1555
s 296
f 1412/131/2024 1417/131/2023 1428/131/2028
f 1428/131/2028 1429/131/2029 1412/131/2024
s 295
f 1412/131/2017 1429/131/2030 1419/131/2031
f 1419/131/2031 1413/131/2018 1412/131/2017
f 1430/131/2032 1431/131/2033 1432/131/2034
f 1432/131/2034 1433/131/2035 1430/131/2032
f 1434/131/2036 1435/131/2037 1431/131/2033
f 1431/131/2033 1430/131/2032 1434/131/2036
s 296
f 1431/131/2038 1436/131/2039 1437/131/2040
f 1437/131/2040 1432/131/2041 1431/131/2038
f 1431/131/2038 1435/131/2042 1438/131/2043
f 1438/131/2043 1436/131/2039 1431/131/2038
s 715
f 1439/131/1596 1440/131/1596 1441/131/1596
f 1441/131/1596 1433/131/1596 1439/131/1596
s 716
f 1430/131/1594 1433/131/1594 1441/131/1594
f 1441/131/1594 1442/131/1594 1430/131/1594
s 717
f 1430/131/1593 1442/131/1593 1443/131/1593
f 1443/131/1593 1434/131/1593 1430/131/1593
s 718
f 1419/131/1592 1434/131/2044 1443/131/2045
f 1443/131/2045 1420/131/1592 1419/131/1592
s 295
f 1434/131/2036 1419/131/2031 1429/131/2030
f 1429/131/2030 1435/131/2037 1434/131/2036
s 296
f 1428/131/2028 1438/131/2043 1435/131/2042
f 1435/131/2042 1429/131/2029 1428/131/2028
s 719
f 1438/131/2046 1428/131/2047 1427/131/2047
f 1427/131/2047 1444/131/2048 1438/131/2046
s 720
f 1444/131/2049 1445/131/1590 1436/131/2050
f 1436/131/2050 1438/131/2051 1444/131/2049
s 721
f 1445/131/1588 1446/131/1588 1437/131/1588
f 1437/131/1588 1436/131/1588 1445/131/1588
s 722
f 1446/131/2052 1447/131/2052 1448/131/2052
f 1448/131/2052 1437/131/2052 1446/131/2052
s 296
f 1432/131/2041 1437/131/2040 1448/131/2053
f 1448/131/2053 1449/131/2054 1432/131/2041
s 295
f 1432/131/2034 1449/131/2055 1439/131/2056
f 1439/131/2056 1433/131/2035 1432/131/2034
f 1450/131/2057 1451/131/2058 1452/131/2059
f 1452/131/2059 1453/131/2060 1450/131/2057
f 1454/131/2061 1455/131/2062 1451/131/2058
f 1451/131/2058 1450/131/2057 1454/131/2061
s 296
f 1451/131/2063 1456/131/2064 1457/131/2065
f 1457/131/2065 1452/131/2066 1451/131/2063
f 1451/131/2063 1455/131/2067 1458/131/2068
f 1458/131/2068 1456/131/2064 1451/131/2063
s 723
f 1459/131/1626 1460/131/2069 1461/131/2069
f 1461/131/2069 1453/131/1626 1459/131/1626
s 724
f 1450/131/1625 1453/131/1625 1461/131/2070
f 1461/131/2070 1462/131/1625 1450/131/1625
s 725
f 1450/131/2071 1462/131/2071 1463/131/2071
f 1463/131/2071 1454/131/2071 1450/131/2071
s 726
f 1439/131/2072 1454/131/2073 1463/131/2074
f 1463/131/2074 1440/131/2075 1439/131/2072
s 295
f 1454/131/2061 1439/131/2056 1449/131/2055
f 1449/131/2055 1455/131/2062 1454/131/2061
s 296
f 1448/131/2053 1458/131/2068 1455/131/2067
f 1455/131/2067 1449/131/2054 1448/131/2053
s 727
f 1458/131/2076 1448/131/1618 1447/131/1618
f 1447/131/1618 1464/131/1618 1458/131/2076
s 728
f 1464/131/1616 1465/131/2077 1456/131/1616
f 1456/131/1616 1458/131/1616 1464/131/1616
s 729
f 1465/131/2078 1466/131/1615 1457/131/1615
f 1457/131/1615 1456/131/1615 1465/131/2078
s 730
f 1466/131/2079 1467/131/1614 1468/131/1614
f 1468/131/1614 1457/131/1614 1466/131/2079
s 296
f 1452/131/2066 1457/131/2065 1468/131/2080
f 1468/131/2080 1469/131/2081 1452/131/2066
s 295
f 1452/131/2059 1469/131/2082 1459/131/2083
f 1459/131/2083 1453/131/2060 1452/131/2059
f 1470/131/2084 1471/131/2085 1472/131/2086
f 1472/131/2086 1473/131/2087 1470/131/2084
f 1474/131/2088 1475/131/2089 1471/131/2085
f 1471/131/2085 1470/131/2084 1474/131/2088
s 296
f 1471/131/2090 1476/131/2091 1477/131/2092
f 1477/131/2092 1472/131/2093 1471/131/2090
f 1471/131/2090 1475/131/2094 1478/131/2095
f 1478/131/2095 1476/131/2091 1471/131/2090
s 731
f 1479/131/2096 1480/131/1655 1481/131/1655
f 1481/131/1655 1473/131/1655 1479/131/2096
s 732
f 1470/131/1653 1473/131/2097 1481/131/1653
f 1481/131/1653 1482/131/1653 1470/131/1653
s 733
f 1470/131/2098 1482/131/1652 1483/131/2098
f 1483/131/2098 1474/131/2098 1470/131/2098
s 734
f 1459/131/2099 1474/131/1650 1483/131/1650
f 1483/131/1650 1460/131/1650 1459/131/2099
s 295
f 1474/131/2088 1459/131/2083 1469/131/2082
f 1469/131/2082 1475/131/2089 1474/131/2088
s 296
f 1468/131/2080 1478/131/2095 1475/131/2094
f 1475/131/2094 1469/131/2081 1468/131/2080
s 735
f 1478/131/2100 1468/131/2100 1467/131/2100
f 1467/131/2100 1484/131/2100 1478/131/2100
s 736
f 1484/131/1647 1485/131/1647 1476/131/1647
f 1476/131/1647 1478/131/1647 1484/131/1647
s 737
f 1485/131/1646 1486/131/1646 1477/131/1646
f 1477/131/1646 1476/131/1646 1485/131/1646
s 738
f 1486/131/1644 1487/131/1644 1488/131/1644
f 1488/131/1644 1477/131/1644 1486/131/1644
s 296
f 1472/131/2093 1477/131/2092 1488/131/2101
f 1488/131/2101 1489/131/2102 1472/131/2093
s 295
f 1472/131/2086 1489/131/2103 1479/131/2104
f 1479/131/2104 1473/131/2087 1472/131/2086
f 1490/131/2105 1491/131/2106 1492/131/2107
f 1492/131/2107 1493/131/2108 1490/131/2105
f 1494/131/2109 1495/131/2110 1491/131/2106
f 1491/131/2106 1490/131/2105 1494/131/2109
s 296
f 1491/131/2111 1496/131/2112 1497/131/2113
f 1497/131/2113 1492/131/2114 1491/131/2111
f 1491/131/2111 1495/131/2115 1498/131/2116
f 1498/131/2116 1496/131/2112 1491/131/2111
s 739
f 1499/131/2117 1500/131/2118 1501/131/2117
f 1501/131/2117 1493/131/2117 1499/131/2117
s 740
f 1490/131/1682 1493/131/1682 1501/131/1682
f 1501/131/1682 1502/131/1682 1490/131/1682
s 741
f 1490/131/2119 1502/131/1681 1503/131/2120
f 1503/131/2120 1494/131/2121 1490/131/2119
s 742
f 1479/131/2122 1494/131/2123 1503/131/2124
f 1503/131/2124 1480/131/2125 1479/131/2122
s 295
f 1494/131/2109 1479/131/2104 1489/131/2103
f 1489/131/2103 1495/131/2110 1494/131/2109
s 296
f 1488/131/2101 1498/131/2116 1495/131/2115
f 1495/131/2115 1489/131/2102 1488/131/2101
s 743
f 1498/131/2126 1488/131/1677 1487/131/2126
f 1487/131/2126 1504/131/2127 1498/131/2126
s 744
f 1504/131/1676 1505/131/1676 1496/131/1676
f 1496/131/1676 1498/131/1676 1504/131/1676
s 745
f 1505/131/2128 1506/131/1675 1497/131/1675
f 1497/131/1675 1496/131/1674 1505/131/2128
s 746
f 1506/131/1672 1507/131/1672 1508/131/1672
f 1508/131/1672 1497/131/1672 1506/131/1672
s 296
f 1492/131/2114 1497/131/2113 1508/131/2129
f 1508/131/2129 1509/131/2130 1492/131/2114
s 295
f 1492/131/2107 1509/131/2131 1499/131/2132
f 1499/131/2132 1493/131/2108 1492/131/2107
f 1510/131/2133 1511/131/2134 1512/131/2135
f 1512/131/2135 1513/131/2136 1510/131/2133
f 1514/131/2137 1515/131/2138 1511/131/2134
f 1511/131/2134 1510/131/2133 1514/131/2137
s 296
f 1511/131/2139 1516/131/2140 1517/131/2141
f 1517/131/2141 1512/131/2142 1511/131/2139
f 1511/131/2139 1515/131/2143 1518/131/2144
f 1518/131/2144 1516/131/2140 1511/131/2139
s 747
f 1519/131/2145 1520/131/2146 1521/131/2145
f 1521/131/2145 1513/131/2147 1519/131/2145
s 748
f 1510/131/1708 1513/131/1708 1521/131/1708
f 1521/131/1708 1522/131/1708 1510/131/1708
s 749
f 1510/131/1706 1522/131/1706 1523/131/2148
f 1523/131/2148 1514/131/1706 1510/131/1706
s 750
f 1499/131/2149 1514/131/2150 1523/131/2149
f 1523/131/2149 1500/131/2151 1499/131/2149
s 295
f 1514/131/2137 1499/131/2132 1509/131/2131
f 1509/131/2131 1515/131/2138 1514/131/2137
s 296
f 1508/131/2129 1518/131/2144 1515/131/2143
f 1515/131/2143 1509/131/2130 1508/131/2129
s 751
f 1518/131/1704 1508/131/1704 1507/131/1704
f 1507/131/1704 1524/131/1704 1518/131/1704
s 752
f 1524/131/2152 1525/131/2152 1516/131/1702
f 1516/131/1702 1518/131/2152 1524/131/2152
s 753
f 1525/131/1701 1526/131/1701 1517/131/1701
f 1517/131/1701 1516/131/1701 1525/131/1701
s 754
f 1526/131/2153 1527/131/1700 1528/131/1700
f 1528/131/1700 1517/131/2154 1526/131/2153
s 296
f 1512/131/2142 1517/131/2141 1528/131/2155
f 1528/131/2155 1529/131/2156 1512/131/2142
s 295
f 1512/131/2135 1529/131/2157 1519/131/2158
f 1519/131/2158 1513/131/2136 1512/131/2135
f 1530/131/2159 1531/131/2160 1532/131/2161
f 1532/131/2161 1533/131/2162 1530/131/2159
f 1534/131/2163 1535/131/2164 1531/131/2160
f 1531/131/2160 1530/131/2159 1534/131/2163
s 296
f 1531/131/2165 1536/131/2166 1537/131/2167
f 1537/131/2167 1532/131/2168 1531/131/2165
f 1531/131/2165 1535/131/2169 1538/131/2170
f 1538/131/2170 1536/131/2166 1531/131/2165
s 755
f 1539/131/1743 1540/131/1743 1541/131/2171
f 1541/131/2171 1533/131/1743 1539/131/1743
s 756
f 1530/131/1740 1533/131/2172 1541/131/2172
f 1541/131/2172 1542/131/1740 1530/131/1740
s 757
f 1530/131/1738 1542/131/1738 1543/131/1738
f 1543/131/1738 1534/131/1738 1530/131/1738
s 758
f 1519/131/1736 1534/131/1736 1543/131/2173
f 1543/131/2173 1520/131/1736 1519/131/1736
s 295
f 1534/131/2163 1519/131/2158 1529/131/2157
f 1529/131/2157 1535/131/2164 1534/131/2163
s 296
f 1528/131/2155 1538/131/2170 1535/131/2169
f 1535/131/2169 1529/131/2156 1528/131/2155
s 759
f 1538/131/1734 1528/131/1734 1527/131/1734
f 1527/131/1734 1544/131/1734 1538/131/1734
s 760
f 1544/131/1730 1545/131/1730 1536/131/1730
f 1536/131/1730 1538/131/1730 1544/131/1730
s 761
f 1545/131/1729 1546/131/2174 1537/131/1729
f 1537/131/1729 1536/131/1729 1545/131/1729
s 762
f 1546/131/2175 1547/131/2175 1548/131/2175
f 1548/131/2175 1537/131/2175 1546/131/2175
s 296
f 1532/131/2168 1537/131/2167 1548/131/2176
f 1548/131/2176 1549/131/2177 1532/131/2168
s 295
f 1532/131/2161 1549/131/2178 1539/131/2179
f 1539/131/2179 1533/131/2162 1532/131/2161
f 1550/131/2180 1551/131/2181 1552/131/2182
f 1552/131/2182 1553/131/2183 1550/131/2180
f 1554/131/2184 1555/131/2185 1551/131/2181
f 1551/131/2181 1550/131/2180 1554/131/2184
s 296
f 1551/131/2186 1556/131/2187 1557/131/2188
f 1557/131/2188 1552/131/2189 1551/131/2186
f 1551/131/2186 1555/131/2190 1558/131/2191
f 1558/131/2191 1556/131/2187 1551/131/2186
s 763
f 1559/131/1777 1560/131/1777 1561/131/1777
f 1561/131/1777 1553/131/1777 1559/131/1777
s 764
f 1550/131/2192 1553/131/2192 1561/131/2192
f 1561/131/2192 1562/131/2192 1550/131/2192
s 765
f 1550/131/1771 1562/131/1771 1563/131/2193
f 1563/131/2193 1554/131/1771 1550/131/1771
s 766
f 1539/131/1770 1554/131/1770 1563/131/1770
f 1563/131/1770 1540/131/1770 1539/131/1770
s 295
f 1554/131/2184 1539/131/2179 1549/131/2178
f 1549/131/2178 1555/131/2185 1554/131/2184
s 296
f 1548/131/2176 1558/131/2191 1555/131/2190
f 1555/131/2190 1549/131/2177 1548/131/2176
s 767
f 1558/131/1767 1548/131/1767 1547/131/1767
f 1547/131/1767 1564/131/1767 1558/131/1767
s 768
f 1564/131/1766 1565/131/1766 1556/131/1766
f 1556/131/1766 1558/131/1766 1564/131/1766
s 769
f 1565/131/1764 1566/131/1764 1557/131/1764
f 1557/131/1764 1556/131/1764 1565/131/1764
s 770
f 1566/131/2194 1567/131/1760 1568/131/1760
f 1568/131/1760 1557/131/1760 1566/131/2194
s 296
f 1552/131/2189 1557/131/2188 1568/131/2195
f 1568/131/2195 1569/131/2196 1552/131/2189
s 295
f 1552/131/2182 1569/131/2197 1559/131/2198
f 1559/131/2198 1553/131/2183 1552/131/2182
f 1570/131/2199 1571/131/2200 1572/131/2201
f 1572/131/2201 1573/131/2202 1570/131/2199
f 1574/131/2203 1575/131/2204 1571/131/2200
f 1571/131/2200 1570/131/2199 1574/131/2203
s 296
f 1571/131/2205 1576/131/2206 1577/131/2207
f 1577/131/2207 1572/131/2208 1571/131/2205
f 1571/131/2205 1575/131/2209 1578/131/2210
f 1578/131/2210 1576/131/2206 1571/131/2205
s 771
f 1579/131/2211 1580/131/2211 1581/131/2211
f 1581/131/2211 1573/131/2211 1579/131/2211
s 772
f 1570/131/1803 1573/131/1803 1581/131/1803
f 1581/131/1803 1582/131/1803 1570/131/1803
s 773
f 1570/131/1801 1582/131/1801 1583/131/1801
f 1583/131/1801 1574/131/1801 1570/131/1801
s 774
f 1559/131/1800 1574/131/1800 1583/131/1800
f 1583/131/1800 1560/131/1800 1559/131/1800
s 295
f 1574/131/2203 1559/131/2198 1569/131/2197
f 1569/131/2197 1575/131/2204 1574/131/2203
s 296
f 1568/131/2195 1578/131/2210 1575/131/2209
f 1575/131/2209 1569/131/2196 1568/131/2195
s 775
f 1578/131/2212 1568/131/2212 1567/131/2212
f 1567/131/2212 1584/131/2212 1578/131/2212
s 776
f 1584/131/1796 1585/131/1796 1576/131/2213
f 1576/131/2213 1578/131/1796 1584/131/1796
s 777
f 1585/131/2214 1586/131/2214 1577/131/2214
f 1577/131/2214 1576/131/2214 1585/131/2214
s 778
f 1586/131/2215 1587/131/2215 1588/131/2215
f 1588/131/2215 1577/131/2215 1586/131/2215
s 296
f 1572/131/2208 1577/131/2207 1588/131/2216
f 1588/131/2216 1589/131/2217 1572/131/2208
s 295
f 1572/131/2201 1589/131/2218 1579/131/2219
f 1579/131/2219 1573/131/2202 1572/131/2201
f 1590/131/2220 1591/131/2221 1592/131/2222
f 1592/131/2222 1593/131/2223 1590/131/2220
f 1594/131/2224 1595/131/2225 1591/131/2221
f 1591/131/2221 1590/131/2220 1594/131/2224
s 296
f 1591/131/2226 1596/131/2227 1597/131/2228
f 1597/131/2228 1592/131/2229 1591/131/2226
f 1591/131/2226 1595/131/2230 1598/131/2231
f 1598/131/2231 1596/131/2227 1591/131/2226
s 779
f 1599/131/1838 1600/131/1838 1601/131/1838
f 1601/131/1838 1593/131/1838 1599/131/1838
s 780
f 1590/131/1837 1593/131/1837 1601/131/1837
f 1601/131/1837 1602/131/1837 1590/131/1837
s 781
f 1590/131/2232 1602/131/2232 1603/131/2232
f 1603/131/2232 1594/131/2232 1590/131/2232
s 782
f 1579/131/2233 1594/131/1832 1603/131/1832
f 1603/131/1832 1580/131/2234 1579/131/2233
s 295
f 1594/131/2224 1579/131/2219 1589/131/2218
f 1589/131/2218 1595/131/2225 1594/131/2224
s 296
f 1588/131/2216 1598/131/2231 1595/131/2230
f 1595/131/2230 1589/131/2217 1588/131/2216
s 783
f 1598/131/2235 1588/131/2236 1587/131/1829
f 1587/131/1829 1604/131/2237 1598/131/2235
s 784
f 1604/131/1826 1605/131/1826 1596/131/1826
f 1596/131/1826 1598/131/2238 1604/131/1826
s 785
f 1605/131/1825 1606/131/1825 1597/131/2239
f 1597/131/2239 1596/131/1825 1605/131/1825
s 786
f 1606/131/2240 1607/131/1822 1608/131/2240
f 1608/131/2240 1597/131/2240 1606/131/2240
s 296
f 1592/131/2229 1597/131/2228 1608/131/2241
f 1608/131/2241 1609/131/2242 1592/131/2229
s 295
f 1592/131/2222 1609/131/2243 1599/131/2244
f 1599/131/2244 1593/131/2223 1592/131/2222
f 1610/131/2245 1611/131/2246 1612/131/2247
f 1612/131/2247 1613/131/2248 1610/131/2245
f 1614/131/2249 1615/131/2250 1611/131/2246
f 1611/131/2246 1610/131/2245 1614/131/2249
s 296
f 1611/131/2251 1616/131/2252 1617/131/2253
f 1617/131/2253 1612/131/2254 1611/131/2251
f 1611/131/2251 1615/131/2255 1618/131/2256
f 1618/131/2256 1616/131/2252 1611/131/2251
s 787
f 1619/131/1873 1620/131/1873 1621/131/1873
f 1621/131/1873 1613/131/1873 1619/131/1873
s 788
f 1610/131/1872 1613/131/1872 1621/131/1872
f 1621/131/1872 1622/131/1872 1610/131/1872
s 789
f 1610/131/1869 1622/131/2257 1623/131/2258
f 1623/131/2258 1614/131/1869 1610/131/1869
s 790
f 1599/131/1867 1614/131/1867 1623/131/1867
f 1623/131/1867 1600/131/1867 1599/131/1867
s 295
f 1614/131/2249 1599/131/2244 1609/131/2243
f 1609/131/2243 1615/131/2250 1614/131/2249
s 296
f 1608/131/2241 1618/131/2256 1615/131/2255
f 1615/131/2255 1609/131/2242 1608/131/2241
s 791
f 1618/131/2259 1608/131/2260 1607/131/2259
f 1607/131/2259 1624/131/2259 1618/131/2259
s 792
f 1624/131/2261 1625/131/2262 1616/131/2263
f 1616/131/2263 1618/131/2261 1624/131/2261
s 793
f 1625/131/1859 1626/131/1859 1617/131/1859
f 1617/131/1859 1616/131/1859 1625/131/1859
s 794
f 1626/131/1856 1627/131/2264 1628/131/1856
f 1628/131/1856 1617/131/1856 1626/131/1856
s 296
f 1612/131/2254 1617/131/2253 1628/131/2265
f 1628/131/2265 1629/131/2266 1612/131/2254
s 295
f 1612/131/2247 1629/131/2267 1619/131/2268
f 1619/131/2268 1613/131/2248 1612/131/2247
f 1630/131/2269 1631/131/2270 1632/131/2271
f 1632/131/2271 1633/131/2272 1630/131/2269
f 1634/131/2273 1635/131/2274 1631/131/2270
f 1631/131/2270 1630/131/2269 1634/131/2273
s 296
f 1631/131/2275 1636/131/2276 1637/131/2277
f 1637/131/2277 1632/131/2278 1631/131/2275
f 1631/131/2275 1635/131/2279 1638/131/2280
f 1638/131/2280 1636/131/2276 1631/131/2275
s 795
f 1639/131/1905 1640/131/2281 1641/131/1905
f 1641/131/1905 1633/131/2282 1639/131/1905
s 796
f 1630/131/1903 1633/131/1903 1641/131/1903
f 1641/131/1903 1642/131/1903 1630/131/1903
s 797
f 1630/131/2283 1642/131/2283 1643/131/2283
f 1643/131/2283 1634/131/2283 1630/131/2283
s 798
f 1619/131/2284 1634/131/2285 1643/131/2285
f 1643/131/2285 1620/131/2285 1619/131/2284
s 295
f 1634/131/2273 1619/131/2268 1629/131/2267
f 1629/131/2267 1635/131/2274 1634/131/2273
s 296
f 1628/131/2265 1638/131/2280 1635/131/2279
f 1635/131/2279 1629/131/2266 1628/131/2265
s 799
f 1638/131/1897 1628/131/2286 1627/131/2286
f 1627/131/2286 1644/131/1898 1638/131/1897
s 800
f 1644/131/1896 1645/131/1896 1636/131/1896
f 1636/131/1896 1638/131/1896 1644/131/1896
s 801
f 1645/131/1895 1646/131/1895 1637/131/1895
f 1637/131/1895 1636/131/1895 1645/131/1895
s 802
f 1646/131/1892 1647/131/1892 1648/131/1892
f 1648/131/1892 1637/131/1892 1646/131/1892
s 296
f 1632/131/2278 1637/131/2277 1648/131/2287
f 1648/131/2287 1649/131/2288 1632/131/2278
s 295
f 1632/131/2271 1649/131/2289 1639/131/2290
f 1639/131/2290 1633/131/2272 1632/131/2271
f 1650/131/2291 1651/131/2292 1652/131/2293
f 1652/131/2293 1653/131/2294 1650/131/2291
f 1654/131/2295 1655/131/2296 1651/131/2292
f 1651/131/2292 1650/131/2291 1654/131/2295
s 296
f 1651/131/2297 1656/131/2298 1657/131/2299
f 1657/131/2299 1652/131/2300 1651/131/2297
f 1651/131/2297 1655/131/2301 1658/131/2302
f 1658/131/2302 1656/131/2298 1651/131/2297
s 803
f 400/131/1934 399/131/1935 1659/131/1934
f 1659/131/1934 1653/131/1935 400/131/1934
s 804
f 1650/131/1933 1653/131/1933 1659/131/1933
f 1659/131/1933 1660/131/1933 1650/131/1933
s 805
f 1650/131/1932 1660/131/1932 1661/131/1932
f 1661/131/1932 1654/131/1931 1650/131/1932
s 806
f 1639/131/1930 1654/131/1930 1661/131/1930
f 1661/131/1930 1640/131/2303 1639/131/1930
s 295
f 1654/131/2295 1639/131/2290 1649/131/2289
f 1649/131/2289 1655/131/2296 1654/131/2295
s 296
f 1648/131/2287 1658/131/2302 1655/131/2301
f 1655/131/2301 1649/131/2288 1648/131/2287
s 807
f 1658/131/2304 1648/131/1927 1647/131/2304
f 1647/131/2304 1662/131/2305 1658/131/2304
s 808
f 1662/131/2306 1663/131/1926 1656/131/2306
f 1656/131/2306 1658/131/2307 1662/131/2306
s 809
f 1663/131/1924 1664/131/1924 1657/131/1924
f 1657/131/1924 1656/131/1924 1663/131/1924
s 810
f 402/131/2308 1657/131/1923 1664/131/1923
f 1664/131/1923 404/131/1923 402/131/2308
s 296
f 1657/131/2299 402/131/616 401/131/615
f 401/131/615 1652/131/2300 1657/131/2299
s 295
f 1652/131/2293 401/131/613 400/131/614
f 400/131/614 1653/131/2294 1652/131/2293
s 811
f 1665/131/2309 1666/131/2310 1667/131/2310
f 1667/131/2310 1668/131/2311 1665/131/2309
s 812
f 1669/131/2312 1670/131/2313 1666/131/2314
f 1666/131/2314 1665/131/2312 1669/131/2312
s 813
f 1666/131/2315 1671/131/2315 1672/131/2315
f 1672/131/2315 1667/131/2315 1666/131/2315
s 814
f 1673/131/2316 1671/131/2317 1666/131/2318
f 1666/131/2318 1670/131/2316 1673/131/2316
s 815
f 1674/131/2319 910/131/2319 932/131/2319
f 932/131/2319 1668/131/2319 1674/131/2319
s 816
f 1668/131/2320 932/131/2320 931/131/2320
f 931/131/2320 1665/131/2320 1668/131/2320
s 817
f 1669/131/2321 1665/131/2321 931/131/2321
f 931/131/2321 929/131/2321 1669/131/2321
s 818
f 1669/131/2322 929/131/2322 930/131/2322
f 930/131/2322 1675/131/2322 1669/131/2322
s 819
f 1669/131/2323 1675/131/2323 1676/131/2323
f 1676/131/2323 1670/131/2323 1669/131/2323
s 820
f 1677/131/2324 1673/131/2325 1670/131/2326
f 1670/131/2326 1676/131/2327 1677/131/2324
s 821
f 1673/131/2328 1677/131/2328 1547/131/2328
f 1547/131/2328 1546/131/2328 1673/131/2328
s 822
f 1673/131/2329 1546/131/2329 1545/131/2329
f 1545/131/2329 1671/131/2329 1673/131/2329
s 823
f 1545/131/2330 1544/131/2330 1672/131/2330
f 1672/131/2330 1671/131/2330 1545/131/2330
s 824
f 1544/131/2331 1527/131/2331 1678/131/2331
f 1678/131/2331 1672/131/2331 1544/131/2331
s 825
f 1667/131/2332 1672/131/2332 1678/131/2332
f 1678/131/2332 1679/131/2332 1667/131/2332
s 826
f 1667/131/2333 1679/131/2333 1674/131/2333
f 1674/131/2333 1668/131/2333 1667/131/2333
s 827
f 1680/131/2334 1681/131/2334 1682/131/2334
f 1682/131/2334 1683/131/2334 1680/131/2334
s 828
f 1684/131/2335 1685/131/2336 1681/131/2335
f 1681/131/2335 1680/131/2335 1684/131/2335
s 829
f 1681/131/2337 1686/131/2337 1687/131/2337
f 1687/131/2337 1682/131/2337 1681/131/2337
s 830
f 1685/131/2338 1688/131/2339 1686/131/2340
f 1686/131/2340 1681/131/2340 1685/131/2338
s 831
f 433/131/2341 1044/131/2341 1683/131/2341
f 1683/131/2341 1689/131/2341 433/131/2341
s 832
f 1049/131/2342 1680/131/2342 1683/131/2343
f 1683/131/2343 1044/131/2342 1049/131/2342
s 833
f 1049/131/2344 1048/131/2345 1684/131/2344
f 1684/131/2344 1680/131/2344 1049/131/2344
s 834
f 1048/131/2346 1025/131/2347 1690/131/2348
f 1690/131/2348 1684/131/2349 1048/131/2346
s 835
f 1684/131/2350 1690/131/2351 1691/131/2350
f 1691/131/2350 1685/131/2350 1684/131/2350
s 836
f 1692/131/2352 1688/131/2352 1685/131/2352
f 1685/131/2352 1691/131/2352 1692/131/2352
s 837
f 1688/131/2353 1692/131/2353 1640/131/2354
f 1640/131/2354 1661/131/2353 1688/131/2353
s 838
f 1688/131/2355 1661/131/2355 1660/131/2355
f 1660/131/2355 1686/131/2355 1688/131/2355
s 839
f 1686/131/2356 1660/131/2356 1659/131/2357
f 1659/131/2357 1687/131/2357 1686/131/2356
s 840
f 1659/131/2358 399/131/2359 1693/131/2360
f 1693/131/2360 1687/131/2361 1659/131/2358
s 841
f 1687/131/2362 1693/131/2362 1694/131/2362
f 1694/131/2362 1682/131/2362 1687/131/2362
s 842
f 1682/131/2363 1694/131/2363 1689/131/2363
f 1689/131/2363 1683/131/2363 1682/131/2363
s 843
f 1695/131/2364 1696/131/2365 1697/131/2365
f 1697/131/2365 1698/131/2366 1695/131/2364
s 844
f 1699/131/2367 1700/131/2367 1696/131/2367
f 1696/131/2367 1695/131/2367 1699/131/2367
s 845
f 1696/131/2368 1701/131/2369 1702/131/2369
f 1702/131/2369 1697/131/2368 1696/131/2368
s 846
f 1696/131/2370 1700/131/2370 1703/131/2370
f 1703/131/2370 1701/131/2370 1696/131/2370
s 847
f 1698/131/2371 1704/131/2372 525/131/2372
f 525/131/2372 524/131/2371 1698/131/2371
s 848
f 1698/131/2373 524/131/2373 534/131/2373
f 534/131/2373 1695/131/2373 1698/131/2373
s 849
f 1699/131/2374 1695/131/2374 534/131/2374
f 534/131/2374 533/131/2374 1699/131/2374
s 850
f 533/131/2375 505/131/2376 1705/131/2376
f 1705/131/2376 1699/131/2375 533/131/2375
s 851
f 1699/131/2377 1705/131/2377 1706/131/2378
f 1706/131/2378 1700/131/2377 1699/131/2377
s 852
f 1707/131/2379 1703/131/2380 1700/131/2381
f 1700/131/2381 1706/131/2382 1707/131/2379
s 853
f 1120/131/2383 1143/131/2384 1703/131/2385
f 1703/131/2385 1707/131/2385 1120/131/2383
s 854
f 1703/131/2386 1143/131/2386 1142/131/2386
f 1142/131/2386 1701/131/2386 1703/131/2386
s 855
f 1142/131/2387 1141/131/2387 1702/131/2387
f 1702/131/2387 1701/131/2388 1142/131/2387
s 856
f 1141/131/2389 1140/131/2389 1708/131/2389
f 1708/131/2389 1702/131/2389 1141/131/2389
s 857
f 1709/131/2390 1697/131/2390 1702/131/2390
f 1702/131/2390 1708/131/2390 1709/131/2390
s 858
f 1697/131/2391 1709/131/2392 1704/131/2392
f 1704/131/2392 1698/131/2391 1697/131/2391
s 859
f 1710/131/2393 1711/131/2394 1712/131/2395
f 1712/131/2395 1713/131/2394 1710/131/2393
s 860
f 1714/131/2396 1715/131/2396 1711/131/2397
f 1711/131/2397 1710/131/2396 1714/131/2396
s 861
f 1711/131/2398 1716/131/2399 1717/131/2399
f 1717/131/2399 1712/131/2400 1711/131/2398
s 862
f 1718/131/2401 1716/131/2402 1711/131/2401
f 1711/131/2401 1715/131/2401 1718/131/2401
s 863
f 1713/131/2403 1675/131/2404 930/131/2403
f 930/131/2403 952/131/2403 1713/131/2403
s 864
f 1713/131/2405 952/131/2406 951/131/2407
f 951/131/2407 1710/131/2405 1713/131/2405
s 865
f 1714/131/2408 1710/131/2408 951/131/2409
f 951/131/2409 949/131/2410 1714/131/2408
s 866
f 1719/131/2411 1714/131/2411 949/131/2411
f 949/131/2411 950/131/2411 1719/131/2411
s 867
f 1719/131/2412 1720/131/2412 1715/131/2412
f 1715/131/2412 1714/131/2412 1719/131/2412
s 868
f 1721/131/2413 1718/131/2413 1715/131/2414
f 1715/131/2414 1720/131/2413 1721/131/2413
s 869
f 1718/131/2415 1721/131/2415 1567/131/2415
f 1567/131/2415 1566/131/2415 1718/131/2415
s 870
f 1718/131/2416 1566/131/2416 1565/131/2416
f 1565/131/2416 1716/131/2416 1718/131/2416
s 871
f 1565/131/2417 1564/131/2417 1717/131/2417
f 1717/131/2417 1716/131/2417 1565/131/2417
s 872
f 1547/131/2418 1677/131/2418 1717/131/2418
f 1717/131/2418 1564/131/2418 1547/131/2418
s 873
f 1712/131/2419 1717/131/2419 1677/131/2419
f 1677/131/2419 1676/131/2419 1712/131/2419
s 874
f 1713/131/2420 1712/131/2421 1676/131/2420
f 1676/131/2420 1675/131/2420 1713/131/2420
s 875
f 1722/131/2422 1723/131/2422 1724/131/2422
f 1724/131/2422 1725/131/2422 1722/131/2422
s 876
f 1726/131/2423 1727/131/2423 1723/131/2424
f 1723/131/2424 1722/131/2423 1726/131/2423
s 877
f 1723/131/2425 1728/131/2425 1729/131/2425
f 1729/131/2425 1724/131/2425 1723/131/2425
s 878
f 1727/131/2426 1730/131/2426 1728/131/2427
f 1728/131/2427 1723/131/2426 1727/131/2426
s 879
f 1731/131/2428 429/131/2428 427/131/2428
f 427/131/2428 1725/131/2428 1731/131/2428
s 880
f 426/131/2429 1722/131/2429 1725/131/2429
f 1725/131/2429 427/131/2429 426/131/2429
s 881
f 425/131/2430 1726/131/2431 1722/131/2431
f 1722/131/2431 426/131/2431 425/131/2430
s 882
f 1732/131/2432 1726/131/2432 425/131/2432
f 425/131/2432 424/131/2432 1732/131/2432
s 883
f 1732/131/2433 1733/131/2434 1727/131/2434
f 1727/131/2434 1726/131/2434 1732/131/2433
s 884
f 1734/131/2435 1730/131/2436 1727/131/2436
f 1727/131/2436 1733/131/2437 1734/131/2435
s 885
f 1734/131/2438 407/131/2439 406/131/2440
f 406/131/2440 1730/131/2441 1734/131/2438
s 886
f 1728/131/2442 1730/131/2443 406/131/2444
f 406/131/2444 405/131/2445 1728/131/2442
s 887
f 1729/131/2446 1728/131/2446 405/131/2446
f 405/131/2446 403/131/2446 1729/131/2446
s 888
f 403/131/2447 404/131/2447 1735/131/2447
f 1735/131/2447 1729/131/2447 403/131/2447
s 889
f 1724/131/2448 1729/131/2448 1735/131/2449
f 1735/131/2449 1736/131/2448 1724/131/2448
s 890
f 1736/131/2450 1731/131/2451 1725/131/2452
f 1725/131/2452 1724/131/2452 1736/131/2450
s 891
f 1737/131/2453 1738/131/2454 1739/131/2453
f 1739/131/2453 1740/131/2455 1737/131/2453
s 892
f 1741/131/2456 1742/131/2457 1738/131/2456
f 1738/131/2456 1737/131/2456 1741/131/2456
s 893
f 1738/131/2458 1743/131/2458 1744/131/2458
f 1744/131/2458 1739/131/2458 1738/131/2458
s 894
f 1742/131/2459 1745/131/2459 1743/131/2459
f 1743/131/2459 1738/131/2459 1742/131/2459
s 895
f 1746/131/2460 545/131/2460 544/131/2460
f 544/131/2460 1740/131/2460 1746/131/2460
s 896
f 554/131/2461 1737/131/2461 1740/131/2461
f 1740/131/2461 544/131/2461 554/131/2461
s 897
f 554/131/2462 553/131/2462 1741/131/2462
f 1741/131/2462 1737/131/2462 554/131/2462
s 898
f 1704/131/2463 1741/131/2463 553/131/2463
f 553/131/2463 525/131/2463 1704/131/2463
s 899
f 1742/131/2464 1741/131/2464 1704/131/2464
f 1704/131/2464 1709/131/2464 1742/131/2464
s 900
f 1742/131/2465 1709/131/2465 1708/131/2465
f 1708/131/2465 1745/131/2465 1742/131/2465
s 901
f 1140/131/2466 1163/131/2466 1745/131/2466
f 1745/131/2466 1708/131/2466 1140/131/2466
s 902
f 1745/131/2467 1163/131/2467 1162/131/2467
f 1162/131/2467 1743/131/2467 1745/131/2467
s 903
f 1743/131/2468 1162/131/2469 1161/131/2470
f 1161/131/2470 1744/131/2471 1743/131/2468
s 904
f 1160/131/2472 1747/131/2472 1744/131/2472
f 1744/131/2472 1161/131/2473 1160/131/2472
s 905
f 1748/131/2474 1739/131/2475 1744/131/2474
f 1744/131/2474 1747/131/2474 1748/131/2474
s 906
f 1748/131/2476 1746/131/2476 1740/131/2477
f 1740/131/2477 1739/131/2477 1748/131/2476
s 907
f 1749/131/2478 1750/131/2479 1751/131/2479
f 1751/131/2479 1752/131/2478 1749/131/2478
s 908
f 1753/131/2480 1754/131/2481 1750/131/2481
f 1750/131/2481 1749/131/2481 1753/131/2480
s 909
f 1750/131/2482 1755/131/2482 1756/131/2483
f 1756/131/2483 1751/131/2482 1750/131/2482
s 910
f 1757/131/2484 1755/131/2485 1750/131/2485
f 1750/131/2485 1754/131/2486 1757/131/2484
s 911
f 1719/131/2487 950/131/2488 972/131/2488
f 972/131/2488 1752/131/2488 1719/131/2487
s 912
f 1752/131/2489 972/131/2489 971/131/2489
f 971/131/2489 1749/131/2489 1752/131/2489
s 913
f 1753/131/2490 1749/131/2490 971/131/2490
f 971/131/2490 969/131/2490 1753/131/2490
s 914
f 1758/131/2491 1753/131/2491 969/131/2491
f 969/131/2491 970/131/2491 1758/131/2491
s 915
f 1758/131/2492 1759/131/2493 1754/131/2494
f 1754/131/2494 1753/131/2494 1758/131/2492
s 916
f 1759/131/2495 1760/131/2495 1757/131/2495
f 1757/131/2495 1754/131/2495 1759/131/2495
s 917
f 1757/131/2496 1760/131/2497 1587/131/2497
f 1587/131/2497 1586/131/2497 1757/131/2496
s 918
f 1757/131/2498 1586/131/2499 1585/131/2500
f 1585/131/2500 1755/131/2499 1757/131/2498
s 919
f 1585/131/2501 1584/131/2501 1756/131/2502
f 1756/131/2502 1755/131/2501 1585/131/2501
s 920
f 1584/131/2503 1567/131/2504 1721/131/2503
f 1721/131/2503 1756/131/2503 1584/131/2503
s 921
f 1721/131/2505 1720/131/2505 1751/131/2505
f 1751/131/2505 1756/131/2505 1721/131/2505
s 922
f 1719/131/2506 1752/131/2506 1751/131/2506
f 1751/131/2506 1720/131/2506 1719/131/2506
s 923
f 1761/131/2507 1762/131/2508 1763/131/2508
f 1763/131/2508 1764/131/2508 1761/131/2507
s 924
f 1765/131/2509 1766/131/2510 1762/131/2510
f 1762/131/2510 1761/131/2510 1765/131/2509
s 925
f 1762/131/2511 1767/131/2511 1768/131/2511
f 1768/131/2511 1763/131/2511 1762/131/2511
s 926
f 1766/131/2512 1769/131/2513 1767/131/2514
f 1767/131/2514 1762/131/2515 1766/131/2512
s 927
f 1732/131/2516 424/131/2516 452/131/2516
f 452/131/2516 1764/131/2516 1732/131/2516
s 928
f 451/131/2517 1761/131/2518 1764/131/2517
f 1764/131/2517 452/131/2517 451/131/2517
s 929
f 450/131/2519 1765/131/2520 1761/131/2520
f 1761/131/2520 451/131/2521 450/131/2519
s 930
f 450/131/2522 449/131/2522 1770/131/2523
f 1770/131/2523 1765/131/2524 450/131/2522
s 931
f 1770/131/2525 1771/131/2525 1766/131/2525
f 1766/131/2525 1765/131/2525 1770/131/2525
s 932
f 1772/131/2526 1769/131/2527 1766/131/2527
f 1766/131/2527 1771/131/2527 1772/131/2526
s 933
f 1769/131/2528 1772/131/2529 1067/131/2529
f 1067/131/2529 1066/131/2529 1769/131/2528
s 934
f 1767/131/2530 1769/131/2531 1066/131/2531
f 1066/131/2531 1065/131/2530 1767/131/2530
s 935
f 1768/131/2532 1767/131/2532 1065/131/2532
f 1065/131/2532 1064/131/2532 1768/131/2532
s 936
f 1064/131/2533 407/131/2533 1734/131/2533
f 1734/131/2533 1768/131/2533 1064/131/2533
s 937
f 1733/131/2534 1763/131/2534 1768/131/2534
f 1768/131/2534 1734/131/2534 1733/131/2534
s 938
f 1764/131/2535 1763/131/2535 1733/131/2536
f 1733/131/2536 1732/131/2535 1764/131/2535
s 939
f 1773/131/2537 1774/131/2537 1775/131/2537
f 1775/131/2537 1776/131/2537 1773/131/2537
s 940
f 1777/131/2538 1778/131/2538 1774/131/2538
f 1774/131/2538 1773/131/2538 1777/131/2538
s 941
f 1774/131/2539 1779/131/2540 1780/131/2540
f 1780/131/2540 1775/131/2540 1774/131/2539
s 942
f 1778/131/2541 1781/131/2541 1779/131/2541
f 1779/131/2541 1774/131/2541 1778/131/2541
s 943
f 1776/131/2542 1782/131/2542 565/131/2542
f 565/131/2542 564/131/2543 1776/131/2542
s 944
f 574/131/2544 1773/131/2544 1776/131/2544
f 1776/131/2544 564/131/2545 574/131/2544
s 945
f 574/131/2546 573/131/2547 1777/131/2547
f 1777/131/2547 1773/131/2547 574/131/2546
s 946
f 545/131/2548 1746/131/2549 1777/131/2548
f 1777/131/2548 573/131/2550 545/131/2548
s 947
f 1746/131/2551 1748/131/2551 1778/131/2551
f 1778/131/2551 1777/131/2551 1746/131/2551
s 948
f 1781/131/2552 1778/131/2553 1748/131/2552
f 1748/131/2552 1747/131/2552 1781/131/2552
s 949
f 1781/131/2554 1747/131/2554 1160/131/2554
f 1160/131/2554 1183/131/2555 1781/131/2554
s 950
f 1781/131/2556 1183/131/2556 1182/131/2556
f 1182/131/2556 1779/131/2557 1781/131/2556
s 951
f 1779/131/2558 1182/131/2559 1181/131/2558
f 1181/131/2558 1780/131/2558 1779/131/2558
s 952
f 1181/131/2560 1180/131/2561 1783/131/2561
f 1783/131/2561 1780/131/2561 1181/131/2560
s 953
f 1775/131/2562 1780/131/2562 1783/131/2562
f 1783/131/2562 1784/131/2563 1775/131/2562
s 954
f 1784/131/2564 1782/131/2564 1776/131/2565
f 1776/131/2565 1775/131/2564 1784/131/2564
s 955
f 1785/131/2566 1786/131/2566 1787/131/2566
f 1787/131/2566 1788/131/2566 1785/131/2566
s 956
f 1789/131/2567 1790/131/2567 1786/131/2567
f 1786/131/2567 1785/131/2567 1789/131/2567
s 957
f 1786/131/2568 1791/131/2568 1792/131/2568
f 1792/131/2568 1787/131/2568 1786/131/2568
s 958
f 1793/131/2569 1791/131/2569 1786/131/2569
f 1786/131/2569 1790/131/2569 1793/131/2569
s 959
f 1758/131/2570 970/131/2571 992/131/2570
f 992/131/2570 1788/131/2572 1758/131/2570
s 960
f 1788/131/2573 992/131/2573 991/131/2574
f 991/131/2574 1785/131/2575 1788/131/2573
s 961
f 1789/131/2576 1785/131/2576 991/131/2577
f 991/131/2577 989/131/2576 1789/131/2576
s 962
f 1794/131/2578 1789/131/2579 989/131/2579
f 989/131/2579 990/131/2579 1794/131/2578
s 963
f 1794/131/2580 1795/131/2581 1790/131/2580
f 1790/131/2580 1789/131/2580 1794/131/2580
s 964
f 1793/131/2582 1790/131/2583 1795/131/2584
f 1795/131/2584 1796/131/2584 1793/131/2582
s 965
f 1793/131/2585 1796/131/2586 1607/131/2585
f 1607/131/2585 1606/131/2585 1793/131/2585
s 966
f 1793/131/2587 1606/131/2587 1605/131/2587
f 1605/131/2587 1791/131/2587 1793/131/2587
s 967
f 1605/131/2588 1604/131/2588 1792/131/2589
f 1792/131/2589 1791/131/2588 1605/131/2588
s 968
f 1587/131/2590 1760/131/2590 1792/131/2590
f 1792/131/2590 1604/131/2590 1587/131/2590
s 969
f 1759/131/2591 1787/131/2591 1792/131/2591
f 1792/131/2591 1760/131/2591 1759/131/2591
s 970
f 1788/131/2592 1787/131/2592 1759/131/2592
f 1759/131/2592 1758/131/2592 1788/131/2592
s 971
f 1797/131/2593 1798/131/2593 1799/131/2593
f 1799/131/2593 1800/131/2593 1797/131/2593
s 972
f 1801/131/2594 1802/131/2594 1798/131/2594
f 1798/131/2594 1797/131/2594 1801/131/2594
s 973
f 1798/131/2595 1803/131/2595 1804/131/2595
f 1804/131/2595 1799/131/2595 1798/131/2595
s 974
f 1802/131/2596 1805/131/2597 1803/131/2597
f 1803/131/2597 1798/131/2597 1802/131/2596
s 975
f 1770/131/2598 449/131/2598 472/131/2598
f 472/131/2598 1800/131/2598 1770/131/2598
s 976
f 1800/131/2599 472/131/2599 471/131/2599
f 471/131/2599 1797/131/2599 1800/131/2599
s 977
f 470/131/2600 1801/131/2601 1797/131/2600
f 1797/131/2600 471/131/2600 470/131/2600
s 978
f 470/131/2602 469/131/2603 1806/131/2603
f 1806/131/2603 1801/131/2603 470/131/2602
s 979
f 1806/131/2604 1807/131/2604 1802/131/2604
f 1802/131/2604 1801/131/2604 1806/131/2604
s 980
f 1805/131/2605 1802/131/2605 1807/131/2605
f 1807/131/2605 1808/131/2605 1805/131/2605
s 981
f 1805/131/2606 1808/131/2607 1087/131/2607
f 1087/131/2607 1086/131/2608 1805/131/2606
s 982
f 1803/131/2609 1805/131/2609 1086/131/2609
f 1086/131/2609 1085/131/2609 1803/131/2609
s 983
f 1085/131/2610 1084/131/2610 1804/131/2611
f 1804/131/2611 1803/131/2610 1085/131/2610
s 984
f 1084/131/2612 1067/131/2612 1772/131/2612
f 1772/131/2612 1804/131/2612 1084/131/2612
s 985
f 1771/131/2613 1799/131/2614 1804/131/2614
f 1804/131/2614 1772/131/2614 1771/131/2613
s 986
f 1799/131/2615 1771/131/2615 1770/131/2615
f 1770/131/2615 1800/131/2616 1799/131/2615
s 987
f 1809/131/2617 1810/131/2617 1811/131/2617
f 1811/131/2617 1812/131/2618 1809/131/2617
s 988
f 1813/131/2619 1814/131/2619 1810/131/2619
f 1810/131/2619 1809/131/2619 1813/131/2619
s 989
f 1810/131/2620 1815/131/2620 1816/131/2620
f 1816/131/2620 1811/131/2620 1810/131/2620
s 990
f 1814/131/2621 1817/131/2621 1815/131/2622
f 1815/131/2622 1810/131/2621 1814/131/2621
s 991
f 585/131/2623 584/131/2623 1812/131/2623
f 1812/131/2623 1818/131/2624 585/131/2623
s 992
f 594/131/2625 1809/131/2625 1812/131/2625
f 1812/131/2625 584/131/2625 594/131/2625
s 993
f 594/131/2626 593/131/2627 1813/131/2626
f 1813/131/2626 1809/131/2626 594/131/2626
s 994
f 1813/131/2628 593/131/2628 565/131/2628
f 565/131/2628 1782/131/2628 1813/131/2628
s 995
f 1814/131/2629 1813/131/2629 1782/131/2629
f 1782/131/2629 1784/131/2629 1814/131/2629
s 996
f 1783/131/2630 1817/131/2630 1814/131/2630
f 1814/131/2630 1784/131/2630 1783/131/2630
s 997
f 1203/131/2631 1817/131/2631 1783/131/2631
f 1783/131/2631 1180/131/2631 1203/131/2631
s 998
f 1817/131/2632 1203/131/2632 1202/131/2632
f 1202/131/2632 1815/131/2633 1817/131/2632
s 999
f 1815/131/2634 1202/131/2634 1201/131/2634
f 1201/131/2634 1816/131/2634 1815/131/2634
s 1000
f 1201/131/2635 1200/131/2635 1819/131/2635
f 1819/131/2635 1816/131/2636 1201/131/2635
s 1001
f 1811/131/2637 1816/131/2638 1819/131/2639
f 1819/131/2639 1820/131/2640 1811/131/2637
s 1002
f 1820/131/2641 1818/131/2641 1812/131/2641
f 1812/131/2641 1811/131/2641 1820/131/2641
s 1003
f 1821/131/2642 1822/131/2642 1823/131/2643
f 1823/131/2643 1824/131/2644 1821/131/2642
s 1004
f 1825/131/2645 1826/131/2645 1822/131/2645
f 1822/131/2645 1821/131/2645 1825/131/2645
s 1005
f 1822/131/2646 1827/131/2647 1828/131/2646
f 1828/131/2646 1823/131/2648 1822/131/2646
s 1006
f 1829/131/2649 1827/131/2649 1822/131/2649
f 1822/131/2649 1826/131/2649 1829/131/2649
s 1007
f 1794/131/2650 990/131/2651 1012/131/2651
f 1012/131/2651 1824/131/2651 1794/131/2650
s 1008
f 1824/131/2652 1012/131/2652 1011/131/2652
f 1011/131/2652 1821/131/2652 1824/131/2652
s 1009
f 1825/131/2653 1821/131/2653 1011/131/2653
f 1011/131/2653 1009/131/2654 1825/131/2653
s 1010
f 1830/131/2655 1825/131/2655 1009/131/2655
f 1009/131/2655 1010/131/2656 1830/131/2655
s 1011
f 1830/131/2657 1831/131/2657 1826/131/2657
f 1826/131/2657 1825/131/2657 1830/131/2657
s 1012
f 1829/131/2658 1826/131/2658 1831/131/2659
f 1831/131/2659 1832/131/2658 1829/131/2658
s 1013
f 1829/131/2660 1832/131/2661 1627/131/2660
f 1627/131/2660 1626/131/2660 1829/131/2660
s 1014
f 1829/131/2662 1626/131/2663 1625/131/2662
f 1625/131/2662 1827/131/2662 1829/131/2662
s 1015
f 1625/131/2664 1624/131/2664 1828/131/2664
f 1828/131/2664 1827/131/2664 1625/131/2664
s 1016
f 1624/131/2665 1607/131/2665 1796/131/2666
f 1796/131/2666 1828/131/2667 1624/131/2665
s 1017
f 1823/131/2668 1828/131/2668 1796/131/2668
f 1796/131/2668 1795/131/2668 1823/131/2668
s 1018
f 1824/131/2669 1823/131/2670 1795/131/2671
f 1795/131/2671 1794/131/2670 1824/131/2669
s 1019
f 1833/131/2672 1834/131/2672 1835/131/2672
f 1835/131/2672 1836/131/2672 1833/131/2672
s 1020
f 1837/131/2673 1838/131/2673 1834/131/2673
f 1834/131/2673 1833/131/2673 1837/131/2673
s 1021
f 1834/131/2674 1839/131/2674 1840/131/2674
f 1840/131/2674 1835/131/2674 1834/131/2674
s 1022
f 1838/131/2675 1841/131/2675 1839/131/2675
f 1839/131/2675 1834/131/2675 1838/131/2675
s 1023
f 1836/131/2676 1806/131/2677 469/131/2676
f 469/131/2676 492/131/2676 1836/131/2676
s 1024
f 491/131/2678 1833/131/2679 1836/131/2679
f 1836/131/2679 492/131/2679 491/131/2678
s 1025
f 489/131/2680 1837/131/2681 1833/131/2681
f 1833/131/2681 491/131/2681 489/131/2680
s 1026
f 1842/131/2682 1837/131/2682 489/131/2682
f 489/131/2682 490/131/2682 1842/131/2682
s 1027
f 1842/131/2683 1843/131/2684 1838/131/2684
f 1838/131/2684 1837/131/2684 1842/131/2683
s 1028
f 1841/131/2685 1838/131/2685 1843/131/2685
f 1843/131/2685 1844/131/2685 1841/131/2685
s 1029
f 1841/131/2686 1844/131/2686 1107/131/2687
f 1107/131/2687 1106/131/2686 1841/131/2686
s 1030
f 1839/131/2688 1841/131/2689 1106/131/2688
f 1106/131/2688 1105/131/2688 1839/131/2688
s 1031
f 1840/131/2690 1839/131/2690 1105/131/2691
f 1105/131/2691 1104/131/2690 1840/131/2690
s 1032
f 1104/131/2692 1087/131/2692 1808/131/2693
f 1808/131/2693 1840/131/2694 1104/131/2692
s 1033
f 1807/131/2695 1835/131/2696 1840/131/2697
f 1840/131/2697 1808/131/2698 1807/131/2695
s 1034
f 1836/131/2699 1835/131/2700 1807/131/2700
f 1807/131/2700 1806/131/2699 1836/131/2699
s 1035
f 1845/131/2312 1846/131/2313 1847/131/2312
f 1847/131/2312 1848/131/2701 1845/131/2312
s 1036
f 1849/131/2311 1850/131/2311 1846/131/2311
f 1846/131/2311 1845/131/2311 1849/131/2311
s 1037
f 1846/131/2316 1851/131/2316 1852/131/2316
f 1852/131/2316 1847/131/2316 1846/131/2316
s 1038
f 1850/131/2702 1853/131/2315 1851/131/2315
f 1851/131/2315 1846/131/2315 1850/131/2702
s 1039
f 1848/131/2322 1854/131/2322 605/131/2322
f 605/131/2322 604/131/2322 1848/131/2322
s 1040
f 614/131/2321 1845/131/2321 1848/131/2321
f 1848/131/2321 604/131/2321 614/131/2321
s 1041
f 614/131/2320 613/131/2320 1849/131/2320
f 1849/131/2320 1845/131/2320 614/131/2320
s 1042
f 1818/131/2319 1849/131/2319 613/131/2703
f 613/131/2703 585/131/2319 1818/131/2319
s 1043
f 1850/131/2333 1849/131/2333 1818/131/2333
f 1818/131/2333 1820/131/2333 1850/131/2333
s 1044
f 1819/131/2332 1853/131/2332 1850/131/2332
f 1850/131/2332 1820/131/2332 1819/131/2332
s 1045
f 1223/131/2331 1853/131/2331 1819/131/2331
f 1819/131/2331 1200/131/2331 1223/131/2331
s 1046
f 1853/131/2704 1223/131/2705 1222/131/2706
f 1222/131/2706 1851/131/2707 1853/131/2704
s 1047
f 1851/131/2329 1222/131/2708 1221/131/2329
f 1221/131/2329 1852/131/2329 1851/131/2329
s 1048
f 1221/131/2328 1220/131/2328 1855/131/2328
f 1855/131/2328 1852/131/2328 1221/131/2328
s 1049
f 1847/131/2325 1852/131/2325 1855/131/2325
f 1855/131/2325 1856/131/2325 1847/131/2325
s 1050
f 1856/131/2323 1854/131/2323 1848/131/2323
f 1848/131/2323 1847/131/2323 1856/131/2323
s 1051
f 1857/131/2709 1858/131/2710 1859/131/2711
f 1859/131/2711 1860/131/2712 1857/131/2709
s 1052
f 1861/131/2713 1862/131/2713 1858/131/2714
f 1858/131/2714 1857/131/2713 1861/131/2713
s 1053
f 1858/131/2715 1863/131/2716 1864/131/2716
f 1864/131/2716 1859/131/2716 1858/131/2715
s 1054
f 1865/131/2717 1863/131/2717 1858/131/2717
f 1858/131/2717 1862/131/2717 1865/131/2717
s 1055
f 1830/131/2718 1010/131/2719 1032/131/2719
f 1032/131/2719 1860/131/2719 1830/131/2718
s 1056
f 1860/131/2720 1032/131/2721 1031/131/2721
f 1031/131/2721 1857/131/2721 1860/131/2720
s 1057
f 1861/131/2722 1857/131/2722 1031/131/2722
f 1031/131/2722 1029/131/2722 1861/131/2722
s 1058
f 1866/131/2723 1861/131/2723 1029/131/2723
f 1029/131/2723 1030/131/2723 1866/131/2723
s 1059
f 1866/131/2724 1867/131/2724 1862/131/2724
f 1862/131/2724 1861/131/2724 1866/131/2724
s 1060
f 1865/131/2725 1862/131/2725 1867/131/2725
f 1867/131/2725 1868/131/2725 1865/131/2725
s 1061
f 1865/131/2726 1868/131/2727 1647/131/2728
f 1647/131/2728 1646/131/2726 1865/131/2726
s 1062
f 1865/131/2729 1646/131/2729 1645/131/2729
f 1645/131/2729 1863/131/2729 1865/131/2729
s 1063
f 1645/131/2730 1644/131/2730 1864/131/2730
f 1864/131/2730 1863/131/2730 1645/131/2730
s 1064
f 1644/131/2731 1627/131/2732 1832/131/2733
f 1832/131/2733 1864/131/2734 1644/131/2731
s 1065
f 1859/131/2735 1864/131/2736 1832/131/2737
f 1832/131/2737 1831/131/2738 1859/131/2735
s 1066
f 1860/131/2739 1859/131/2740 1831/131/2741
f 1831/131/2741 1830/131/2741 1860/131/2739
s 1067
f 1869/131/2742 1870/131/2742 1871/131/2743
f 1871/131/2743 1872/131/2743 1869/131/2742
s 1068
f 1873/131/2744 1874/131/2744 1870/131/2744
f 1870/131/2744 1869/131/2744 1873/131/2744
s 1069
f 1870/131/2745 1875/131/2746 1876/131/2745
f 1876/131/2745 1871/131/2747 1870/131/2745
s 1070
f 1874/131/2748 1877/131/2748 1875/131/2748
f 1875/131/2748 1870/131/2748 1874/131/2748
s 1071
f 1842/131/2749 490/131/2749 512/131/2749
f 512/131/2749 1872/131/2749 1842/131/2749
s 1072
f 511/131/2750 1869/131/2750 1872/131/2750
f 1872/131/2750 512/131/2750 511/131/2750
s 1073
f 510/131/2751 1873/131/2751 1869/131/2752
f 1869/131/2752 511/131/2751 510/131/2751
s 1074
f 1878/131/2753 1873/131/2753 510/131/2753
f 510/131/2753 509/131/2753 1878/131/2753
s 1075
f 1878/131/2754 1879/131/2754 1874/131/2754
f 1874/131/2754 1873/131/2754 1878/131/2754
s 1076
f 1877/131/2755 1874/131/2756 1879/131/2756
f 1879/131/2756 1880/131/2756 1877/131/2755
s 1077
f 1877/131/2757 1880/131/2758 1127/131/2758
f 1127/131/2758 1126/131/2758 1877/131/2757
s 1078
f 1875/131/2759 1877/131/2759 1126/131/2759
f 1126/131/2759 1125/131/2759 1875/131/2759
s 1079
f 1876/131/2760 1875/131/2760 1125/131/2761
f 1125/131/2761 1124/131/2760 1876/131/2760
s 1080
f 1124/131/2762 1107/131/2762 1844/131/2762
f 1844/131/2762 1876/131/2762 1124/131/2762
s 1081
f 1843/131/2763 1871/131/2764 1876/131/2764
f 1876/131/2764 1844/131/2765 1843/131/2763
s 1082
f 1872/131/2766 1871/131/2767 1843/131/2768
f 1843/131/2768 1842/131/2768 1872/131/2766
s 1083
f 1881/131/2769 1882/131/2770 1883/131/2771
f 1883/131/2771 1884/131/2772 1881/131/2769
s 1084
f 1885/131/2773 1886/131/2773 1882/131/2774
f 1882/131/2774 1881/131/2774 1885/131/2773
s 1085
f 1882/131/2401 1887/131/2401 1888/131/2775
f 1888/131/2775 1883/131/2775 1882/131/2401
s 1086
f 1886/131/2400 1889/131/2776 1887/131/2400
f 1887/131/2400 1882/131/2776 1886/131/2400
s 1087
f 1884/131/2411 1890/131/2411 625/131/2411
f 625/131/2411 624/131/2411 1884/131/2411
s 1088
f 634/131/2408 1881/131/2408 1884/131/2408
f 1884/131/2408 624/131/2408 634/131/2408
s 1089
f 634/131/2406 633/131/2406 1885/131/2406
f 1885/131/2406 1881/131/2406 634/131/2406
s 1090
f 1854/131/2404 1885/131/2777 633/131/2777
f 633/131/2777 605/131/2777 1854/131/2404
s 1091
f 1886/131/2420 1885/131/2420 1854/131/2420
f 1854/131/2420 1856/131/2420 1886/131/2420
s 1092
f 1855/131/2419 1889/131/2419 1886/131/2419
f 1886/131/2419 1856/131/2419 1855/131/2419
s 1093
f 1243/131/2778 1889/131/2778 1855/131/2778
f 1855/131/2778 1220/131/2778 1243/131/2778
s 1094
f 1889/131/2779 1243/131/2779 1242/131/2417
f 1242/131/2417 1887/131/2417 1889/131/2779
s 1095
f 1887/131/2416 1242/131/2416 1241/131/2416
f 1241/131/2416 1888/131/2416 1887/131/2416
s 1096
f 1241/131/2780 1240/131/2781 1891/131/2781
f 1891/131/2781 1888/131/2781 1241/131/2780
s 1097
f 1883/131/2413 1888/131/2782 1891/131/2413
f 1891/131/2413 1892/131/2414 1883/131/2413
s 1098
f 1892/131/2412 1890/131/2412 1884/131/2412
f 1884/131/2412 1883/131/2412 1892/131/2412
s 1099
f 1893/131/2783 1894/131/2784 1895/131/2785
f 1895/131/2785 1896/131/2786 1893/131/2783
s 1100
f 1897/131/2787 1898/131/2787 1894/131/2788
f 1894/131/2788 1893/131/2787 1897/131/2787
s 1101
f 1894/131/2789 1899/131/2790 1900/131/2791
f 1900/131/2791 1895/131/2792 1894/131/2789
s 1102
f 1901/131/2793 1899/131/2793 1894/131/2793
f 1894/131/2793 1898/131/2793 1901/131/2793
s 1103
f 1866/131/2794 1030/131/2794 1047/131/2794
f 1047/131/2794 1896/131/2795 1866/131/2794
s 1104
f 1896/131/2796 1047/131/2796 1046/131/2796
f 1046/131/2796 1893/131/2797 1896/131/2796
s 1105
f 1897/131/2798 1893/131/2799 1046/131/2800
f 1046/131/2800 1045/131/2800 1897/131/2798
s 1106
f 1731/131/2801 1897/131/2802 1045/131/2802
f 1045/131/2802 429/131/2803 1731/131/2801
s 1107
f 1736/131/2804 1898/131/2805 1897/131/2805
f 1897/131/2805 1731/131/2805 1736/131/2804
s 1108
f 1735/131/2806 1901/131/2806 1898/131/2806
f 1898/131/2806 1736/131/2806 1735/131/2806
s 1109
f 1901/131/2807 1735/131/2807 404/131/2807
f 404/131/2807 1664/131/2808 1901/131/2807
s 1110
f 1901/131/2809 1664/131/2809 1663/131/2809
f 1663/131/2809 1899/131/2809 1901/131/2809
s 1111
f 1663/131/2810 1662/131/2810 1900/131/2811
f 1900/131/2811 1899/131/2810 1663/131/2810
s 1112
f 1662/131/2812 1647/131/2813 1868/131/2813
f 1868/131/2813 1900/131/2812 1662/131/2812
s 1113
f 1895/131/2814 1900/131/2814 1868/131/2815
f 1868/131/2815 1867/131/2814 1895/131/2814
s 1114
f 1896/131/2816 1895/131/2817 1867/131/2818
f 1867/131/2818 1866/131/2816 1896/131/2816
s 1115
f 1902/131/2819 1903/131/2820 1904/131/2819
f 1904/131/2819 1905/131/2821 1902/131/2819
s 1116
f 1906/131/2822 1907/131/2823 1903/131/2822
f 1903/131/2822 1902/131/2824 1906/131/2822
s 1117
f 1903/131/2825 1908/131/2825 1909/131/2825
f 1909/131/2825 1904/131/2825 1903/131/2825
s 1118
f 1907/131/2826 1910/131/2826 1908/131/2827
f 1908/131/2827 1903/131/2826 1907/131/2826
s 1119
f 1878/131/2828 509/131/2829 532/131/2829
f 532/131/2829 1905/131/2828 1878/131/2828
s 1120
f 531/131/2830 1902/131/2831 1905/131/2831
f 1905/131/2831 532/131/2831 531/131/2830
s 1121
f 530/131/2832 1906/131/2833 1902/131/2833
f 1902/131/2833 531/131/2832 530/131/2832
s 1122
f 530/131/2834 529/131/2834 1911/131/2834
f 1911/131/2834 1906/131/2834 530/131/2834
s 1123
f 1911/131/2835 1912/131/2835 1907/131/2835
f 1907/131/2835 1906/131/2835 1911/131/2835
s 1124
f 1907/131/2836 1912/131/2836 1913/131/2836
f 1913/131/2836 1910/131/2836 1907/131/2836
s 1125
f 1147/131/2837 1146/131/2837 1910/131/2837
f 1910/131/2837 1913/131/2837 1147/131/2837
s 1126
f 1908/131/2838 1910/131/2838 1146/131/2838
f 1146/131/2838 1145/131/2838 1908/131/2838
s 1127
f 1909/131/2839 1908/131/2839 1145/131/2840
f 1145/131/2840 1144/131/2840 1909/131/2839
s 1128
f 1144/131/2841 1127/131/2841 1880/131/2841
f 1880/131/2841 1909/131/2841 1144/131/2841
s 1129
f 1879/131/2842 1904/131/2843 1909/131/2844
f 1909/131/2844 1880/131/2843 1879/131/2842
s 1130
f 1905/131/2845 1904/131/2846 1879/131/2846
f 1879/131/2846 1878/131/2845 1905/131/2845
s 1131
f 1914/131/2847 1915/131/2848 1916/131/2848
f 1916/131/2848 1917/131/2849 1914/131/2847
s 1132
f 1918/131/2850 1919/131/2479 1915/131/2479
f 1915/131/2479 1914/131/2479 1918/131/2850
s 1133
f 1915/131/2485 1920/131/2485 1921/131/2486
f 1921/131/2486 1916/131/2486 1915/131/2485
s 1134
f 1919/131/2482 1922/131/2482 1920/131/2482
f 1920/131/2482 1915/131/2482 1919/131/2482
s 1135
f 1917/131/2851 1923/131/2852 645/131/2491
f 645/131/2491 644/131/2491 1917/131/2851
s 1136
f 654/131/2490 1914/131/2490 1917/131/2853
f 1917/131/2853 644/131/2854 654/131/2490
s 1137
f 654/131/2489 653/131/2489 1918/131/2489
f 1918/131/2489 1914/131/2489 654/131/2489
s 1138
f 1890/131/2488 1918/131/2488 653/131/2488
f 653/131/2488 625/131/2855 1890/131/2488
s 1139
f 1919/131/2856 1918/131/2506 1890/131/2857
f 1890/131/2857 1892/131/2506 1919/131/2856
s 1140
f 1891/131/2858 1922/131/2858 1919/131/2858
f 1919/131/2858 1892/131/2859 1891/131/2858
s 1141
f 1263/131/2503 1922/131/2503 1891/131/2860
f 1891/131/2860 1240/131/2503 1263/131/2503
s 1142
f 1922/131/2501 1263/131/2501 1262/131/2501
f 1262/131/2501 1920/131/2501 1922/131/2501
s 1143
f 1920/131/2499 1262/131/2499 1261/131/2499
f 1261/131/2499 1921/131/2499 1920/131/2499
s 1144
f 1921/131/2861 1261/131/2861 1260/131/2861
f 1260/131/2861 1924/131/2861 1921/131/2861
s 1145
f 1921/131/2495 1924/131/2862 1925/131/2495
f 1925/131/2495 1916/131/2495 1921/131/2495
s 1146
f 1916/131/2494 1925/131/2494 1923/131/2494
f 1923/131/2494 1917/131/2494 1916/131/2494
s 1147
f 1926/131/2863 1927/131/2863 1928/131/2863
f 1928/131/2863 1929/131/2863 1926/131/2863
s 1148
f 1930/131/2864 1931/131/2864 1927/131/2865
f 1927/131/2865 1926/131/2865 1930/131/2864
s 1149
f 1927/131/2866 1932/131/2866 1933/131/2866
f 1933/131/2866 1928/131/2866 1927/131/2866
s 1150
f 1934/131/2867 1932/131/2867 1927/131/2867
f 1927/131/2867 1931/131/2867 1934/131/2867
s 1151
f 1911/131/2868 529/131/2868 552/131/2868
f 552/131/2868 1929/131/2868 1911/131/2868
s 1152
f 1929/131/2869 552/131/2869 551/131/2870
f 551/131/2870 1926/131/2870 1929/131/2869
s 1153
f 1930/131/2871 1926/131/2871 551/131/2871
f 551/131/2871 550/131/2871 1930/131/2871
s 1154
f 1935/131/2872 1930/131/2872 550/131/2872
f 550/131/2872 549/131/2872 1935/131/2872
s 1155
f 1935/131/2873 1936/131/2873 1931/131/2873
f 1931/131/2873 1930/131/2873 1935/131/2873
s 1156
f 1934/131/2874 1931/131/2874 1936/131/2874
f 1936/131/2874 1937/131/2875 1934/131/2874
s 1157
f 1167/131/2876 1166/131/2876 1934/131/2876
f 1934/131/2876 1937/131/2876 1167/131/2876
s 1158
f 1934/131/2877 1166/131/2877 1165/131/2877
f 1165/131/2877 1932/131/2877 1934/131/2877
s 1159
f 1165/131/2878 1164/131/2878 1933/131/2878
f 1933/131/2878 1932/131/2878 1165/131/2878
s 1160
f 1164/131/2879 1147/131/2880 1913/131/2880
f 1913/131/2880 1933/131/2880 1164/131/2879
s 1161
f 1928/131/2881 1933/131/2881 1913/131/2881
f 1913/131/2881 1912/131/2881 1928/131/2881
s 1162
f 1929/131/2882 1928/131/2882 1912/131/2883
f 1912/131/2883 1911/131/2883 1929/131/2882
s 1163
f 1938/131/2567 1939/131/2567 1940/131/2567
f 1940/131/2567 1941/131/2567 1938/131/2567
s 1164
f 1942/131/2566 1943/131/2566 1939/131/2566
f 1939/131/2566 1938/131/2566 1942/131/2566
s 1165
f 1939/131/2884 1944/131/2569 1945/131/2569
f 1945/131/2569 1940/131/2569 1939/131/2884
s 1166
f 1943/131/2568 1946/131/2568 1944/131/2568
f 1944/131/2568 1939/131/2568 1943/131/2568
s 1167
f 1941/131/2579 1947/131/2579 665/131/2579
f 665/131/2579 664/131/2579 1941/131/2579
s 1168
f 674/131/2576 1938/131/2576 1941/131/2576
f 1941/131/2576 664/131/2576 674/131/2576
s 1169
f 674/131/2885 673/131/2886 1942/131/2885
f 1942/131/2885 1938/131/2887 674/131/2885
s 1170
f 673/131/2888 645/131/2889 1923/131/2889
f 1923/131/2889 1942/131/2888 673/131/2888
s 1171
f 1943/131/2592 1942/131/2592 1923/131/2592
f 1923/131/2592 1925/131/2592 1943/131/2592
s 1172
f 1924/131/2591 1946/131/2591 1943/131/2591
f 1943/131/2591 1925/131/2591 1924/131/2591
s 1173
f 1924/131/2890 1260/131/2590 1283/131/2891
f 1283/131/2891 1946/131/2590 1924/131/2890
s 1174
f 1946/131/2588 1283/131/2588 1282/131/2589
f 1282/131/2589 1944/131/2588 1946/131/2588
s 1175
f 1944/131/2892 1282/131/2893 1281/131/2894
f 1281/131/2894 1945/131/2587 1944/131/2892
s 1176
f 1945/131/2895 1281/131/2586 1280/131/2586
f 1280/131/2586 1948/131/2586 1945/131/2895
s 1177
f 1949/131/2584 1940/131/2584 1945/131/2584
f 1945/131/2584 1948/131/2584 1949/131/2584
s 1178
f 1940/131/2896 1949/131/2580 1947/131/2580
f 1947/131/2580 1941/131/2896 1940/131/2896
s 1179
f 1950/131/2897 1951/131/2897 1952/131/2898
f 1952/131/2898 1953/131/2897 1950/131/2897
s 1180
f 1954/131/2899 1955/131/2900 1951/131/2900
f 1951/131/2900 1950/131/2899 1954/131/2899
s 1181
f 1951/131/2901 1956/131/2902 1957/131/2902
f 1957/131/2902 1952/131/2902 1951/131/2901
s 1182
f 1958/131/2903 1956/131/2903 1951/131/2903
f 1951/131/2903 1955/131/2903 1958/131/2903
s 1183
f 1935/131/2904 549/131/2905 572/131/2905
f 572/131/2905 1953/131/2906 1935/131/2904
s 1184
f 1953/131/2907 572/131/2908 571/131/2908
f 571/131/2908 1950/131/2909 1953/131/2907
s 1185
f 1954/131/2910 1950/131/2910 571/131/2911
f 571/131/2911 569/131/2910 1954/131/2910
s 1186
f 1954/131/2912 569/131/2912 570/131/2912
f 570/131/2912 1959/131/2912 1954/131/2912
s 1187
f 1959/131/2913 1960/131/2913 1955/131/2913
f 1955/131/2913 1954/131/2913 1959/131/2913
s 1188
f 1958/131/2914 1955/131/2914 1960/131/2914
f 1960/131/2914 1961/131/2914 1958/131/2914
s 1189
f 1187/131/2915 1186/131/2915 1958/131/2915
f 1958/131/2915 1961/131/2916 1187/131/2915
s 1190
f 1958/131/2917 1186/131/2918 1185/131/2919
f 1185/131/2919 1956/131/2917 1958/131/2917
s 1191
f 1185/131/2920 1184/131/2920 1957/131/2920
f 1957/131/2920 1956/131/2920 1185/131/2920
s 1192
f 1184/131/2921 1167/131/2921 1937/131/2921
f 1937/131/2921 1957/131/2921 1184/131/2921
s 1193
f 1936/131/2922 1952/131/2922 1957/131/2923
f 1957/131/2923 1937/131/2923 1936/131/2922
s 1194
f 1952/131/2924 1936/131/2925 1935/131/2926
f 1935/131/2926 1953/131/2927 1952/131/2924
s 1195
f 1962/131/2645 1963/131/2645 1964/131/2645
f 1964/131/2645 1965/131/2645 1962/131/2645
s 1196
f 1966/131/2642 1967/131/2642 1963/131/2642
f 1963/131/2642 1962/131/2643 1966/131/2642
s 1197
f 1963/131/2649 1968/131/2649 1969/131/2649
f 1969/131/2649 1964/131/2649 1963/131/2649
s 1198
f 1967/131/2647 1970/131/2647 1968/131/2647
f 1968/131/2647 1963/131/2647 1967/131/2647
s 1199
f 1965/131/2928 1971/131/2655 685/131/2928
f 685/131/2928 684/131/2929 1965/131/2928
s 1200
f 694/131/2930 1962/131/2930 1965/131/2930
f 1965/131/2930 684/131/2930 694/131/2930
s 1201
f 694/131/2931 693/131/2932 1966/131/2932
f 1966/131/2932 1962/131/2652 694/131/2931
s 1202
f 693/131/2651 665/131/2651 1947/131/2651
f 1947/131/2651 1966/131/2651 693/131/2651
s 1203
f 1967/131/2933 1966/131/2670 1947/131/2934
f 1947/131/2934 1949/131/2670 1967/131/2933
s 1204
f 1948/131/2668 1970/131/2668 1967/131/2935
f 1967/131/2935 1949/131/2668 1948/131/2668
s 1205
f 1948/131/2665 1280/131/2665 1303/131/2666
f 1303/131/2666 1970/131/2665 1948/131/2665
s 1206
f 1970/131/2936 1303/131/2936 1302/131/2936
f 1302/131/2936 1968/131/2937 1970/131/2936
s 1207
f 1968/131/2938 1302/131/2939 1301/131/2938
f 1301/131/2938 1969/131/2662 1968/131/2938
s 1208
f 1969/131/2660 1301/131/2940 1300/131/2940
f 1300/131/2940 1972/131/2941 1969/131/2660
s 1209
f 1973/131/2658 1964/131/2658 1969/131/2658
f 1969/131/2658 1972/131/2658 1973/131/2658
s 1210
f 1964/131/2657 1973/131/2657 1971/131/2657
f 1971/131/2657 1965/131/2657 1964/131/2657
s 1211
f 1974/131/2942 1975/131/2942 1976/131/2943
f 1976/131/2943 1977/131/2943 1974/131/2942
s 1212
f 1978/131/2944 1979/131/2944 1975/131/2944
f 1975/131/2944 1974/131/2944 1978/131/2944
s 1213
f 1975/131/2945 1980/131/2946 1981/131/2946
f 1981/131/2946 1976/131/2946 1975/131/2945
s 1214
f 1982/131/2947 1980/131/2947 1975/131/2948
f 1975/131/2948 1979/131/2947 1982/131/2947
s 1215
f 1959/131/2949 570/131/2949 592/131/2949
f 592/131/2949 1977/131/2949 1959/131/2949
s 1216
f 1977/131/2950 592/131/2950 591/131/2951
f 591/131/2951 1974/131/2952 1977/131/2950
s 1217
f 1978/131/2953 1974/131/2954 591/131/2955
f 591/131/2955 589/131/2955 1978/131/2953
s 1218
f 1978/131/2956 589/131/2956 590/131/2956
f 590/131/2956 1983/131/2957 1978/131/2956
s 1219
f 1983/131/2958 1984/131/2959 1979/131/2959
f 1979/131/2959 1978/131/2960 1983/131/2958
s 1220
f 1982/131/2961 1979/131/2962 1984/131/2962
f 1984/131/2962 1985/131/2961 1982/131/2961
s 1221
f 1207/131/2963 1206/131/2963 1982/131/2963
f 1982/131/2963 1985/131/2963 1207/131/2963
s 1222
f 1982/131/2964 1206/131/2965 1205/131/2965
f 1205/131/2965 1980/131/2965 1982/131/2964
s 1223
f 1205/131/2966 1204/131/2967 1981/131/2968
f 1981/131/2968 1980/131/2966 1205/131/2966
s 1224
f 1204/131/2969 1187/131/2970 1961/131/2970
f 1961/131/2970 1981/131/2970 1204/131/2969
s 1225
f 1960/131/2971 1976/131/2972 1981/131/2973
f 1981/131/2973 1961/131/2974 1960/131/2971
s 1226
f 1959/131/2975 1977/131/2975 1976/131/2975
f 1976/131/2975 1960/131/2975 1959/131/2975
s 1227
f 1986/131/2713 1987/131/2713 1988/131/2976
f 1988/131/2976 1989/131/2713 1986/131/2713
s 1228
f 1990/131/2710 1991/131/2710 1987/131/2710
f 1987/131/2710 1986/131/2710 1990/131/2710
s 1229
f 1987/131/2717 1992/131/2717 1993/131/2977
f 1993/131/2977 1988/131/2717 1987/131/2717
s 1230
f 1991/131/2716 1994/131/2716 1992/131/2716
f 1992/131/2716 1987/131/2716 1991/131/2716
s 1231
f 1989/131/2978 1995/131/2979 705/131/2980
f 705/131/2980 704/131/2981 1989/131/2978
s 1232
f 714/131/2722 1986/131/2722 1989/131/2982
f 1989/131/2982 704/131/2983 714/131/2722
s 1233
f 714/131/2721 713/131/2721 1990/131/2984
f 1990/131/2984 1986/131/2721 714/131/2721
s 1234
f 713/131/2985 685/131/2986 1971/131/2987
f 1971/131/2987 1990/131/2986 713/131/2985
s 1235
f 1991/131/2740 1990/131/2740 1971/131/2740
f 1971/131/2740 1973/131/2741 1991/131/2740
s 1236
f 1972/131/2738 1994/131/2738 1991/131/2738
f 1991/131/2738 1973/131/2738 1972/131/2738
s 1237
f 1972/131/2731 1300/131/2731 1323/131/2988
f 1323/131/2988 1994/131/2731 1972/131/2731
s 1238
f 1994/131/2989 1323/131/2990 1322/131/2989
f 1322/131/2989 1992/131/2730 1994/131/2989
s 1239
f 1992/131/2729 1322/131/2729 1321/131/2729
f 1321/131/2729 1993/131/2729 1992/131/2729
s 1240
f 1993/131/2726 1321/131/2726 1320/131/2726
f 1320/131/2726 1996/131/2728 1993/131/2726
s 1241
f 1993/131/2725 1996/131/2725 1997/131/2725
f 1997/131/2725 1988/131/2725 1993/131/2725
s 1242
f 1988/131/2991 1997/131/2992 1995/131/2991
f 1995/131/2991 1989/131/2991 1988/131/2991
s 1243
f 1998/131/2993 1999/131/2993 2000/131/2993
f 2000/131/2993 2001/131/2993 1998/131/2993
s 1244
f 2002/131/2994 2003/131/2994 1999/131/2994
f 1999/131/2994 1998/131/2994 2002/131/2994
s 1245
f 1999/131/2995 2004/131/2995 2005/131/2996
f 2005/131/2996 2000/131/2997 1999/131/2995
s 1246
f 2006/131/2998 2004/131/2998 1999/131/2998
f 1999/131/2998 2003/131/2998 2006/131/2998
s 1247
f 1983/131/2999 590/131/2999 612/131/2999
f 612/131/2999 2001/131/2999 1983/131/2999
s 1248
f 2001/131/3000 612/131/3000 611/131/3001
f 611/131/3001 1998/131/3000 2001/131/3000
s 1249
f 2002/131/3002 1998/131/3003 611/131/3003
f 611/131/3003 609/131/3003 2002/131/3002
s 1250
f 2002/131/3004 609/131/3004 610/131/3004
f 610/131/3004 2007/131/3004 2002/131/3004
s 1251
f 2007/131/3005 2008/131/3005 2003/131/3005
f 2003/131/3005 2002/131/3005 2007/131/3005
s 1252
f 2006/131/3006 2003/131/3006 2008/131/3006
f 2008/131/3006 2009/131/3006 2006/131/3006
s 1253
f 1227/131/3007 1226/131/3007 2006/131/3007
f 2006/131/3007 2009/131/3007 1227/131/3007
s 1254
f 2006/131/3008 1226/131/3008 1225/131/3008
f 1225/131/3008 2004/131/3008 2006/131/3008
s 1255
f 1225/131/3009 1224/131/3009 2005/131/3009
f 2005/131/3009 2004/131/3009 1225/131/3009
s 1256
f 1224/131/3010 1207/131/3010 1985/131/3010
f 1985/131/3010 2005/131/3010 1224/131/3010
s 1257
f 1984/131/3011 2000/131/3011 2005/131/3012
f 2005/131/3012 1985/131/3011 1984/131/3011
s 1258
f 2000/131/3013 1984/131/3014 1983/131/3013
f 1983/131/3013 2001/131/3015 2000/131/3013
s 1259
f 2010/131/3016 2011/131/2787 2012/131/2787
f 2012/131/2787 2013/131/2787 2010/131/3016
s 1260
f 2014/131/3017 2015/131/2783 2011/131/2783
f 2011/131/2783 2010/131/2785 2014/131/3017
s 1261
f 2011/131/2793 2016/131/2793 2017/131/2793
f 2017/131/2793 2012/131/2793 2011/131/2793
s 1262
f 2015/131/3018 2018/131/2791 2016/131/2791
f 2016/131/2791 2011/131/2791 2015/131/3018
s 1263
f 2013/131/2803 2019/131/2803 725/131/2803
f 725/131/2803 724/131/2803 2013/131/2803
s 1264
f 734/131/2800 2010/131/2800 2013/131/2800
f 2013/131/2800 724/131/2800 734/131/2800
s 1265
f 734/131/3019 733/131/3019 2014/131/3020
f 2014/131/3020 2010/131/3020 734/131/3019
s 1266
f 733/131/3021 705/131/3021 1995/131/3022
f 1995/131/3022 2014/131/3021 733/131/3021
s 1267
f 2015/131/3023 2014/131/3023 1995/131/2816
f 1995/131/2816 1997/131/2818 2015/131/3023
s 1268
f 1996/131/2814 2018/131/3024 2015/131/2814
f 2015/131/2814 1997/131/2814 1996/131/2814
s 1269
f 1996/131/3025 1320/131/3025 1343/131/3025
f 1343/131/3025 2018/131/3025 1996/131/3025
s 1270
f 2018/131/3026 1343/131/3026 1342/131/3026
f 1342/131/3026 2016/131/3026 2018/131/3026
s 1271
f 2016/131/2809 1342/131/2809 1341/131/2809
f 1341/131/2809 2017/131/2809 2016/131/2809
s 1272
f 2017/131/2807 1341/131/2807 1340/131/2807
f 1340/131/2807 2020/131/2807 2017/131/2807
s 1273
f 2021/131/2806 2012/131/2806 2017/131/2806
f 2017/131/2806 2020/131/2806 2021/131/2806
s 1274
f 2012/131/2805 2021/131/2805 2019/131/2805
f 2019/131/2805 2013/131/2805 2012/131/2805
s 1275
f 2022/131/3027 2023/131/3028 2024/131/3027
f 2024/131/3027 2025/131/3027 2022/131/3027
s 1276
f 2026/131/3029 2027/131/3029 2023/131/3029
f 2023/131/3029 2022/131/3029 2026/131/3029
s 1277
f 2023/131/3030 2028/131/3030 2029/131/3031
f 2029/131/3031 2024/131/3030 2023/131/3030
s 1278
f 2030/131/3032 2028/131/3033 2023/131/3033
f 2023/131/3033 2027/131/3032 2030/131/3032
s 1279
f 2007/131/3034 610/131/3034 632/131/3035
f 632/131/3035 2025/131/3035 2007/131/3034
s 1280
f 2025/131/3036 632/131/3037 631/131/3037
f 631/131/3037 2022/131/3038 2025/131/3036
s 1281
f 2026/131/3039 2022/131/3040 631/131/3039
f 631/131/3039 629/131/3041 2026/131/3039
s 1282
f 2026/131/3042 629/131/3043 630/131/3043
f 630/131/3043 2031/131/3043 2026/131/3042
s 1283
f 2031/131/3044 2032/131/3045 2027/131/3044
f 2027/131/3044 2026/131/3046 2031/131/3044
s 1284
f 2030/131/3047 2027/131/3047 2032/131/3047
f 2032/131/3047 2033/131/3048 2030/131/3047
s 1285
f 1247/131/3049 1246/131/3050 2030/131/3049
f 2030/131/3049 2033/131/3049 1247/131/3049
s 1286
f 2030/131/3051 1246/131/3051 1245/131/3051
f 1245/131/3051 2028/131/3051 2030/131/3051
s 1287
f 1245/131/3052 1244/131/3053 2029/131/3054
f 2029/131/3054 2028/131/3055 1245/131/3052
s 1288
f 1244/131/3056 1227/131/3056 2009/131/3056
f 2009/131/3056 2029/131/3056 1244/131/3056
s 1289
f 2008/131/3057 2024/131/3058 2029/131/3058
f 2029/131/3058 2009/131/3057 2008/131/3057
s 1290
f 2024/131/3059 2008/131/3059 2007/131/3059
f 2007/131/3059 2025/131/3059 2024/131/3059
s 1291
f 2034/131/2424 2035/131/3060 2036/131/2424
f 2036/131/2424 2037/131/3061 2034/131/2424
s 1292
f 2038/131/2422 2039/131/2422 2035/131/3062
f 2035/131/3062 2034/131/2422 2038/131/2422
s 1293
f 2035/131/2426 2040/131/3063 2041/131/2427
f 2041/131/2427 2036/131/3063 2035/131/2426
s 1294
f 2039/131/2425 2042/131/2425 2040/131/3064
f 2040/131/3064 2035/131/3065 2039/131/2425
s 1295
f 2037/131/2432 2043/131/3066 745/131/3067
f 745/131/3067 744/131/2432 2037/131/2432
s 1296
f 754/131/2431 2034/131/2431 2037/131/2431
f 2037/131/2431 744/131/2431 754/131/2431
s 1297
f 754/131/3068 753/131/2429 2038/131/2429
f 2038/131/2429 2034/131/2429 754/131/3068
s 1298
f 753/131/2428 725/131/2428 2019/131/2428
f 2019/131/2428 2038/131/2428 753/131/2428
s 1299
f 2039/131/2452 2038/131/2452 2019/131/2452
f 2019/131/2452 2021/131/2452 2039/131/2452
s 1300
f 2020/131/2448 2042/131/2448 2039/131/2448
f 2039/131/2448 2021/131/2448 2020/131/2448
s 1301
f 2020/131/2447 1340/131/2447 1363/131/2447
f 1363/131/2447 2042/131/2447 2020/131/2447
s 1302
f 2042/131/2446 1363/131/2446 1362/131/2446
f 1362/131/2446 2040/131/2446 2042/131/2446
s 1303
f 2040/131/3069 1362/131/3070 1361/131/3069
f 1361/131/3069 2041/131/3071 2040/131/3069
s 1304
f 2041/131/3072 1361/131/3072 1360/131/3072
f 1360/131/3072 2044/131/3072 2041/131/3072
s 1305
f 2045/131/2436 2036/131/2436 2041/131/2436
f 2041/131/2436 2044/131/2436 2045/131/2436
s 1306
f 2036/131/2433 2045/131/2434 2043/131/2434
f 2043/131/2434 2037/131/2434 2036/131/2433
s 1307
f 2046/131/3073 2047/131/3073 2048/131/3073
f 2048/131/3073 2049/131/3073 2046/131/3073
s 1308
f 2050/131/3074 2051/131/3074 2047/131/3074
f 2047/131/3074 2046/131/3075 2050/131/3074
s 1309
f 2047/131/3076 2052/131/3076 2053/131/3076
f 2053/131/3076 2048/131/3076 2047/131/3076
s 1310
f 2054/131/3077 2052/131/3077 2047/131/3077
f 2047/131/3077 2051/131/3077 2054/131/3077
s 1311
f 2031/131/3078 630/131/3078 652/131/3078
f 652/131/3078 2049/131/3078 2031/131/3078
s 1312
f 2049/131/3079 652/131/3079 651/131/3080
f 651/131/3080 2046/131/3079 2049/131/3079
s 1313
f 2050/131/3081 2046/131/3081 651/131/3081
f 651/131/3081 649/131/3082 2050/131/3081
s 1314
f 2050/131/3083 649/131/3083 650/131/3083
f 650/131/3083 2055/131/3084 2050/131/3083
s 1315
f 2055/131/3085 2056/131/3085 2051/131/3085
f 2051/131/3085 2050/131/3085 2055/131/3085
s 1316
f 2054/131/3086 2051/131/3086 2056/131/3087
f 2056/131/3087 2057/131/3086 2054/131/3086
s 1317
f 1267/131/3088 1266/131/3088 2054/131/3088
f 2054/131/3088 2057/131/3088 1267/131/3088
s 1318
f 2054/131/3089 1266/131/3089 1265/131/3089
f 1265/131/3089 2052/131/3089 2054/131/3089
s 1319
f 1265/131/3090 1264/131/3090 2053/131/3090
f 2053/131/3090 2052/131/3090 1265/131/3090
s 1320
f 1264/131/3091 1247/131/3091 2033/131/3091
f 2033/131/3091 2053/131/3091 1264/131/3091
s 1321
f 2032/131/3092 2048/131/3092 2053/131/3092
f 2053/131/3092 2033/131/3092 2032/131/3092
s 1322
f 2031/131/3093 2049/131/3093 2048/131/3094
f 2048/131/3094 2032/131/3093 2031/131/3093
s 1323
f 2058/131/2510 2059/131/3095 2060/131/3095
f 2060/131/3095 2061/131/2510 2058/131/2510
s 1324
f 2062/131/2508 2063/131/2508 2059/131/2507
f 2059/131/2507 2058/131/2508 2062/131/2508
s 1325
f 2059/131/2515 2064/131/2515 2065/131/2515
f 2065/131/2515 2060/131/2512 2059/131/2515
s 1326
f 2063/131/3096 2066/131/3097 2064/131/3098
f 2064/131/3098 2059/131/3097 2063/131/3096
s 1327
f 2061/131/3099 2067/131/3100 765/131/3101
f 765/131/3101 764/131/3102 2061/131/3099
s 1328
f 774/131/3103 2058/131/3103 2061/131/3103
f 2061/131/3103 764/131/3103 774/131/3103
s 1329
f 774/131/2517 773/131/2517 2062/131/2517
f 2062/131/2517 2058/131/2517 774/131/2517
s 1330
f 773/131/2516 745/131/3104 2043/131/2516
f 2043/131/2516 2062/131/2516 773/131/2516
s 1331
f 2063/131/3105 2062/131/2535 2043/131/2535
f 2043/131/2535 2045/131/3106 2063/131/3105
s 1332
f 2044/131/3107 2066/131/2534 2063/131/3108
f 2063/131/3108 2045/131/3109 2044/131/3107
s 1333
f 2044/131/3110 1360/131/3111 1383/131/3110
f 1383/131/3110 2066/131/3112 2044/131/3110
s 1334
f 2066/131/2532 1383/131/2532 1382/131/2532
f 1382/131/2532 2064/131/2532 2066/131/2532
s 1335
f 2064/131/2530 1382/131/2530 1381/131/2530
f 1381/131/2530 2065/131/2530 2064/131/2530
s 1336
f 2065/131/2528 1381/131/2528 1380/131/2528
f 1380/131/2528 2068/131/2528 2065/131/2528
s 1337
f 2069/131/3113 2060/131/3114 2065/131/3113
f 2065/131/3113 2068/131/3115 2069/131/3113
s 1338
f 2060/131/3116 2069/131/2525 2067/131/3116
f 2067/131/3116 2061/131/3117 2060/131/3116
s 1339
f 2070/131/3118 2071/131/3118 2072/131/3118
f 2072/131/3118 2073/131/3118 2070/131/3118
s 1340
f 2074/131/3119 2075/131/3120 2071/131/3120
f 2071/131/3120 2070/131/3120 2074/131/3119
s 1341
f 2071/131/3121 2076/131/3121 2077/131/3121
f 2077/131/3121 2072/131/3122 2071/131/3121
s 1342
f 2078/131/3123 2076/131/3124 2071/131/3125
f 2071/131/3125 2075/131/3126 2078/131/3123
s 1343
f 2055/131/3127 650/131/3127 672/131/3127
f 672/131/3127 2073/131/3127 2055/131/3127
s 1344
f 2073/131/3128 672/131/3128 671/131/3128
f 671/131/3128 2070/131/3128 2073/131/3128
s 1345
f 2074/131/3129 2070/131/3129 671/131/3130
f 671/131/3130 669/131/3129 2074/131/3129
s 1346
f 2074/131/3131 669/131/3132 670/131/3133
f 670/131/3133 2079/131/3134 2074/131/3131
s 1347
f 2079/131/3135 2080/131/3135 2075/131/3135
f 2075/131/3135 2074/131/3135 2079/131/3135
s 1348
f 2078/131/3136 2075/131/3137 2080/131/3136
f 2080/131/3136 2081/131/3138 2078/131/3136
s 1349
f 1287/131/3139 1286/131/3140 2078/131/3141
f 2078/131/3141 2081/131/3142 1287/131/3139
s 1350
f 2078/131/3143 1286/131/3143 1285/131/3143
f 1285/131/3143 2076/131/3143 2078/131/3143
s 1351
f 1285/131/3144 1284/131/3144 2077/131/3145
f 2077/131/3145 2076/131/3144 1285/131/3144
s 1352
f 1284/131/3146 1267/131/3147 2057/131/3148
f 2057/131/3148 2077/131/3146 1284/131/3146
s 1353
f 2056/131/3149 2072/131/3149 2077/131/3149
f 2077/131/3149 2057/131/3149 2056/131/3149
s 1354
f 2055/131/3150 2073/131/3150 2072/131/3150
f 2072/131/3150 2056/131/3150 2055/131/3150
s 1355
f 2082/131/2594 2083/131/2594 2084/131/2594
f 2084/131/2594 2085/131/2594 2082/131/2594
s 1356
f 2086/131/3151 2087/131/2593 2083/131/3151
f 2083/131/3151 2082/131/3152 2086/131/3151
s 1357
f 2083/131/2597 2088/131/2597 2089/131/3153
f 2089/131/3153 2084/131/2597 2083/131/2597
s 1358
f 2087/131/2595 2090/131/2595 2088/131/2595
f 2088/131/2595 2083/131/2595 2087/131/2595
s 1359
f 2085/131/3154 2091/131/3155 785/131/3154
f 785/131/3154 784/131/2603 2085/131/3154
s 1360
f 794/131/2600 2082/131/2600 2085/131/2600
f 2085/131/2600 784/131/3156 794/131/2600
s 1361
f 794/131/2599 793/131/2599 2086/131/2599
f 2086/131/2599 2082/131/3157 794/131/2599
s 1362
f 793/131/2598 765/131/2598 2067/131/2598
f 2067/131/2598 2086/131/2598 793/131/2598
s 1363
f 2087/131/2615 2086/131/2615 2067/131/2615
f 2067/131/2615 2069/131/2615 2087/131/2615
s 1364
f 2068/131/2614 2090/131/2614 2087/131/2614
f 2087/131/2614 2069/131/2614 2068/131/2614
s 1365
f 2068/131/3158 1380/131/3158 1403/131/3158
f 1403/131/3158 2090/131/2612 2068/131/3158
s 1366
f 2090/131/3159 1403/131/2610 1402/131/2611
f 1402/131/2611 2088/131/2610 2090/131/3159
s 1367
f 2088/131/3160 1402/131/3161 1401/131/3162
f 1401/131/3162 2089/131/3163 2088/131/3160
s 1368
f 2089/131/2607 1401/131/2607 1400/131/2607
f 1400/131/2607 2092/131/2607 2089/131/2607
s 1369
f 2093/131/3164 2084/131/3165 2089/131/3166
f 2089/131/3166 2092/131/2605 2093/131/3164
s 1370
f 2084/131/3167 2093/131/2604 2091/131/3168
f 2091/131/3168 2085/131/2604 2084/131/3167
s 1371
f 2094/131/3169 2095/131/3170 2096/131/3169
f 2096/131/3169 2097/131/3171 2094/131/3169
s 1372
f 2098/131/3172 2099/131/3172 2095/131/3172
f 2095/131/3172 2094/131/3172 2098/131/3172
s 1373
f 2095/131/3173 2100/131/3173 2101/131/3173
f 2101/131/3173 2096/131/3173 2095/131/3173
s 1374
f 2102/131/3174 2100/131/3174 2095/131/3174
f 2095/131/3174 2099/131/3174 2102/131/3174
s 1375
f 2079/131/3175 670/131/3176 692/131/3177
f 692/131/3177 2097/131/3178 2079/131/3175
s 1376
f 2097/131/3179 692/131/3180 691/131/3179
f 691/131/3179 2094/131/3179 2097/131/3179
s 1377
f 2098/131/3181 2094/131/3181 691/131/3181
f 691/131/3181 689/131/3181 2098/131/3181
s 1378
f 2098/131/3182 689/131/3183 690/131/3182
f 690/131/3182 2103/131/3184 2098/131/3182
s 1379
f 2103/131/3185 2104/131/3185 2099/131/3185
f 2099/131/3185 2098/131/3185 2103/131/3185
s 1380
f 2102/131/3186 2099/131/3186 2104/131/3186
f 2104/131/3186 2105/131/3186 2102/131/3186
s 1381
f 1307/131/3187 1306/131/3188 2102/131/3189
f 2102/131/3189 2105/131/3188 1307/131/3187
s 1382
f 2102/131/3190 1306/131/3190 1305/131/3190
f 1305/131/3190 2100/131/3190 2102/131/3190
s 1383
f 1305/131/3191 1304/131/3192 2101/131/3191
f 2101/131/3191 2100/131/3193 1305/131/3191
s 1384
f 1304/131/3194 1287/131/3195 2081/131/3194
f 2081/131/3194 2101/131/3196 1304/131/3194
s 1385
f 2080/131/3197 2096/131/3197 2101/131/3198
f 2101/131/3198 2081/131/3197 2080/131/3197
s 1386
f 2096/131/3199 2080/131/3199 2079/131/3199
f 2079/131/3199 2097/131/3199 2096/131/3199
s 1387
f 2106/131/2673 2107/131/2673 2108/131/2673
f 2108/131/2673 2109/131/2673 2106/131/2673
s 1388
f 2110/131/3200 2111/131/3200 2107/131/2672
f 2107/131/2672 2106/131/2672 2110/131/3200
s 1389
f 2107/131/2675 2112/131/2675 2113/131/2675
f 2113/131/2675 2108/131/2675 2107/131/2675
s 1390
f 2111/131/2674 2114/131/2674 2112/131/2674
f 2112/131/2674 2107/131/2674 2111/131/2674
s 1391
f 2109/131/2682 2115/131/2682 805/131/3201
f 805/131/3201 804/131/2682 2109/131/2682
s 1392
f 814/131/2681 2106/131/2681 2109/131/2681
f 2109/131/2681 804/131/2681 814/131/2681
s 1393
f 814/131/2679 813/131/2679 2110/131/2679
f 2110/131/2679 2106/131/2679 814/131/2679
s 1394
f 813/131/2676 785/131/2676 2091/131/2676
f 2091/131/2676 2110/131/2676 813/131/2676
s 1395
f 2111/131/2699 2110/131/2699 2091/131/2699
f 2091/131/2699 2093/131/2699 2111/131/2699
s 1396
f 2092/131/3202 2114/131/3202 2111/131/3202
f 2111/131/3202 2093/131/3202 2092/131/3202
s 1397
f 2092/131/2694 1400/131/2694 1423/131/2694
f 1423/131/2694 2114/131/2694 2092/131/2694
s 1398
f 2114/131/2690 1423/131/2690 1422/131/2690
f 1422/131/2690 2112/131/2690 2114/131/2690
s 1399
f 2112/131/3203 1422/131/2689 1421/131/3203
f 1421/131/3203 2113/131/3203 2112/131/3203
s 1400
f 2113/131/3204 1421/131/3204 1420/131/3204
f 1420/131/3204 2116/131/3204 2113/131/3204
s 1401
f 2117/131/3205 2108/131/2685 2113/131/2685
f 2113/131/2685 2116/131/3206 2117/131/3205
s 1402
f 2108/131/2684 2117/131/2684 2115/131/3207
f 2115/131/3207 2109/131/2684 2108/131/2684
s 1403
f 2118/131/3208 2119/131/3208 2120/131/3208
f 2120/131/3208 2121/131/3208 2118/131/3208
s 1404
f 2122/131/3209 2123/131/3209 2119/131/3210
f 2119/131/3210 2118/131/3209 2122/131/3209
s 1405
f 2119/131/3211 2124/131/3212 2125/131/3213
f 2125/131/3213 2120/131/3214 2119/131/3211
s 1406
f 2126/131/3215 2124/131/3215 2119/131/3215
f 2119/131/3215 2123/131/3215 2126/131/3215
s 1407
f 2103/131/3216 690/131/3217 712/131/3217
f 712/131/3217 2121/131/3218 2103/131/3216
s 1408
f 2121/131/3219 712/131/3220 711/131/3219
f 711/131/3219 2118/131/3219 2121/131/3219
s 1409
f 2122/131/3221 2118/131/3221 711/131/3221
f 711/131/3221 709/131/3222 2122/131/3221
s 1410
f 2122/131/3223 709/131/3223 710/131/3223
f 710/131/3223 2127/131/3223 2122/131/3223
s 1411
f 2127/131/3224 2128/131/3224 2123/131/3224
f 2123/131/3224 2122/131/3224 2127/131/3224
s 1412
f 2126/131/3225 2123/131/3225 2128/131/3225
f 2128/131/3225 2129/131/3225 2126/131/3225
s 1413
f 1327/131/3226 1326/131/3226 2126/131/3226
f 2126/131/3226 2129/131/3226 1327/131/3226
s 1414
f 2126/131/3227 1326/131/3227 1325/131/3227
f 1325/131/3227 2124/131/3227 2126/131/3227
s 1415
f 1325/131/3228 1324/131/3228 2125/131/3228
f 2125/131/3228 2124/131/3229 1325/131/3228
s 1416
f 1324/131/3230 1307/131/3230 2105/131/3231
f 2105/131/3231 2125/131/3230 1324/131/3230
s 1417
f 2104/131/3232 2120/131/3232 2125/131/3232
f 2125/131/3232 2105/131/3232 2104/131/3232
s 1418
f 2120/131/3233 2104/131/3234 2103/131/3234
f 2103/131/3234 2121/131/3234 2120/131/3233
s 1419
f 2130/131/2744 2131/131/2744 2132/131/2744
f 2132/131/2744 2133/131/2744 2130/131/2744
s 1420
f 2134/131/2742 2135/131/2742 2131/131/2742
f 2131/131/2742 2130/131/2742 2134/131/2742
s 1421
f 2131/131/2748 2136/131/2748 2137/131/2748
f 2137/131/2748 2132/131/2748 2131/131/2748
s 1422
f 2135/131/3235 2138/131/3235 2136/131/3235
f 2136/131/3235 2131/131/2746 2135/131/3235
s 1423
f 2133/131/3236 2139/131/3237 825/131/3238
f 825/131/3238 824/131/2753 2133/131/3236
s 1424
f 834/131/2751 2130/131/2751 2133/131/3239
f 2133/131/3239 824/131/2751 834/131/2751
s 1425
f 834/131/2750 833/131/2750 2134/131/2750
f 2134/131/2750 2130/131/2750 834/131/2750
s 1426
f 833/131/2749 805/131/2749 2115/131/2749
f 2115/131/2749 2134/131/2749 833/131/2749
s 1427
f 2135/131/2768 2134/131/2768 2115/131/2767
f 2115/131/2767 2117/131/3240 2135/131/2768
s 1428
f 2116/131/2764 2138/131/2764 2135/131/3241
f 2135/131/3241 2117/131/2764 2116/131/2764
s 1429
f 2116/131/3242 1420/131/3242 1443/131/3242
f 1443/131/3242 2138/131/3242 2116/131/3242
s 1430
f 2138/131/2761 1443/131/2761 1442/131/2761
f 1442/131/2761 2136/131/2761 2138/131/2761
s 1431
f 2136/131/2759 1442/131/2759 1441/131/2759
f 1441/131/2759 2137/131/2759 2136/131/2759
s 1432
f 2137/131/2758 1441/131/2758 1440/131/2758
f 1440/131/2758 2140/131/2758 2137/131/2758
s 1433
f 2141/131/3243 2132/131/2756 2137/131/3244
f 2137/131/3244 2140/131/2756 2141/131/3243
s 1434
f 2132/131/3245 2141/131/3245 2139/131/3245
f 2139/131/3245 2133/131/3245 2132/131/3245
s 1435
f 2142/131/2335 2143/131/3246 2144/131/2335
f 2144/131/2335 2145/131/3247 2142/131/2335
s 1436
f 2146/131/2334 2147/131/2334 2143/131/3248
f 2143/131/3248 2142/131/2334 2146/131/2334
s 1437
f 2143/131/2340 2148/131/2340 2149/131/2340
f 2149/131/2340 2144/131/2340 2143/131/2340
s 1438
f 2150/131/2337 2148/131/2337 2143/131/2337
f 2143/131/2337 2147/131/2337 2150/131/2337
s 1439
f 2127/131/3249 710/131/2348 732/131/2348
f 732/131/2348 2145/131/2348 2127/131/3249
s 1440
f 2145/131/2345 732/131/2345 731/131/2345
f 731/131/2345 2142/131/2345 2145/131/2345
s 1441
f 2146/131/2342 2142/131/2342 731/131/2342
f 731/131/2342 729/131/2342 2146/131/2342
s 1442
f 2146/131/2341 729/131/2341 730/131/3250
f 730/131/3250 2151/131/3251 2146/131/2341
s 1443
f 2151/131/2363 2152/131/2363 2147/131/2363
f 2147/131/2363 2146/131/2363 2151/131/2363
s 1444
f 2150/131/2362 2147/131/2362 2152/131/3252
f 2152/131/3252 2153/131/2362 2150/131/2362
s 1445
f 1347/131/3253 1346/131/2359 2150/131/2359
f 2150/131/2359 2153/131/2359 1347/131/3253
s 1446
f 2150/131/2357 1346/131/2357 1345/131/3254
f 1345/131/3254 2148/131/2357 2150/131/2357
s 1447
f 1345/131/2355 1344/131/3255 2149/131/3256
f 2149/131/3256 2148/131/2355 1345/131/2355
s 1448
f 1344/131/2353 1327/131/2353 2129/131/2353
f 2129/131/2353 2149/131/2353 1344/131/2353
s 1449
f 2128/131/2352 2144/131/3257 2149/131/2352
f 2149/131/2352 2129/131/2352 2128/131/2352
s 1450
f 2127/131/2350 2145/131/2350 2144/131/2350
f 2144/131/2350 2128/131/2350 2127/131/2350
s 1451
f 2154/131/3258 2155/131/2823 2156/131/3258
f 2156/131/3258 2157/131/2823 2154/131/3258
s 1452
f 2158/131/3259 2159/131/3259 2155/131/3260
f 2155/131/3260 2154/131/3259 2158/131/3259
s 1453
f 2155/131/3261 2160/131/3262 2161/131/3263
f 2161/131/3263 2156/131/3263 2155/131/3261
s 1454
f 2159/131/3264 2162/131/3265 2160/131/3266
f 2160/131/3266 2155/131/3267 2159/131/3264
s 1455
f 2157/131/2834 2163/131/2834 845/131/2834
f 845/131/2834 844/131/2834 2157/131/2834
s 1456
f 854/131/2832 2154/131/2832 2157/131/2832
f 2157/131/2832 844/131/2832 854/131/2832
s 1457
f 854/131/3268 853/131/2831 2158/131/3269
f 2158/131/3269 2154/131/3270 854/131/3268
s 1458
f 853/131/2829 825/131/2829 2139/131/2829
f 2139/131/2829 2158/131/2829 853/131/2829
s 1459
f 2159/131/2845 2158/131/2846 2139/131/3271
f 2139/131/3271 2141/131/2845 2159/131/2845
s 1460
f 2140/131/2843 2162/131/2843 2159/131/3272
f 2159/131/3272 2141/131/2843 2140/131/2843
s 1461
f 2140/131/2841 1440/131/2841 1463/131/3273
f 1463/131/3273 2162/131/2841 2140/131/2841
s 1462
f 2162/131/2839 1463/131/3274 1462/131/2839
f 1462/131/2839 2160/131/2839 2162/131/2839
s 1463
f 2160/131/2838 1462/131/2838 1461/131/2838
f 1461/131/2838 2161/131/3275 2160/131/2838
s 1464
f 2161/131/3276 1461/131/2837 1460/131/2837
f 1460/131/2837 2164/131/2837 2161/131/3276
s 1465
f 2165/131/2836 2156/131/2836 2161/131/2836
f 2161/131/2836 2164/131/2836 2165/131/2836
s 1466
f 2156/131/2835 2165/131/2835 2163/131/3277
f 2163/131/3277 2157/131/2835 2156/131/2835
s 1467
f 2166/131/3278 2167/131/3278 2168/131/3278
f 2168/131/3278 2169/131/3278 2166/131/3278
s 1468
f 2170/131/3279 2171/131/3279 2167/131/3279
f 2167/131/3279 2166/131/3279 2170/131/3279
s 1469
f 2167/131/3280 2172/131/3280 2173/131/3280
f 2173/131/3280 2168/131/3280 2167/131/3280
s 1470
f 2174/131/3281 2172/131/3282 2167/131/3281
f 2167/131/3281 2171/131/3281 2174/131/3281
s 1471
f 2151/131/3283 730/131/3283 752/131/3283
f 752/131/3283 2169/131/3283 2151/131/3283
s 1472
f 2169/131/3284 752/131/3284 751/131/3285
f 751/131/3285 2166/131/3284 2169/131/3284
s 1473
f 2170/131/3286 2166/131/3287 751/131/3286
f 751/131/3286 749/131/3288 2170/131/3286
s 1474
f 2170/131/3289 749/131/3290 750/131/3290
f 750/131/3290 2175/131/3290 2170/131/3289
s 1475
f 2175/131/3291 2176/131/3291 2171/131/3291
f 2171/131/3291 2170/131/3291 2175/131/3291
s 1476
f 2174/131/3292 2171/131/3293 2176/131/3292
f 2176/131/3292 2177/131/3292 2174/131/3292
s 1477
f 1367/131/3294 1366/131/3294 2174/131/3294
f 2174/131/3294 2177/131/3294 1367/131/3294
s 1478
f 2174/131/3295 1366/131/3296 1365/131/3297
f 1365/131/3297 2172/131/3296 2174/131/3295
s 1479
f 1365/131/3298 1364/131/3298 2173/131/3298
f 2173/131/3298 2172/131/3298 1365/131/3298
s 1480
f 1364/131/3299 1347/131/3299 2153/131/3299
f 2153/131/3299 2173/131/3299 1364/131/3299
s 1481
f 2152/131/3300 2168/131/3301 2173/131/3301
f 2173/131/3301 2153/131/3301 2152/131/3300
s 1482
f 2151/131/3302 2169/131/3302 2168/131/3302
f 2168/131/3302 2152/131/3302 2151/131/3302
s 1483
f 2178/131/2865 2179/131/2865 2180/131/2865
f 2180/131/2865 2181/131/2865 2178/131/2865
s 1484
f 2182/131/3303 2183/131/3303 2179/131/2863
f 2179/131/2863 2178/131/3303 2182/131/3303
s 1485
f 2179/131/3304 2184/131/2867 2185/131/3305
f 2185/131/3305 2180/131/3306 2179/131/3304
s 1486
f 2183/131/2866 2186/131/2866 2184/131/2866
f 2184/131/2866 2179/131/2866 2183/131/2866
s 1487
f 2181/131/2872 2187/131/2872 865/131/2872
f 865/131/2872 864/131/2872 2181/131/2872
s 1488
f 874/131/2871 2178/131/3307 2181/131/3307
f 2181/131/3307 864/131/2871 874/131/2871
s 1489
f 874/131/2869 873/131/2869 2182/131/2869
f 2182/131/2869 2178/131/2869 874/131/2869
s 1490
f 873/131/2868 845/131/2868 2163/131/2868
f 2163/131/2868 2182/131/2868 873/131/2868
s 1491
f 2183/131/2882 2182/131/2882 2163/131/2882
f 2163/131/2882 2165/131/2882 2183/131/2882
s 1492
f 2164/131/2881 2186/131/2881 2183/131/2881
f 2183/131/2881 2165/131/2881 2164/131/2881
s 1493
f 2164/131/2880 1460/131/2880 1483/131/2880
f 1483/131/2880 2186/131/2880 2164/131/2880
s 1494
f 2186/131/3308 1483/131/3308 1482/131/3308
f 1482/131/3308 2184/131/3308 2186/131/3308
s 1495
f 2184/131/2877 1482/131/2877 1481/131/2877
f 1481/131/2877 2185/131/3309 2184/131/2877
s 1496
f 2185/131/2876 1481/131/2876 1480/131/2876
f 1480/131/2876 2188/131/2876 2185/131/2876
s 1497
f 2185/131/2874 2188/131/2874 2189/131/3310
f 2189/131/3310 2180/131/2874 2185/131/2874
s 1498
f 2180/131/2873 2189/131/2873 2187/131/2873
f 2187/131/2873 2181/131/2873 2180/131/2873
s 1499
f 2190/131/3311 2191/131/3311 2192/131/3311
f 2192/131/3311 2193/131/3311 2190/131/3311
s 1500
f 2194/131/3312 2195/131/3313 2191/131/3314
f 2191/131/3314 2190/131/3315 2194/131/3312
s 1501
f 2191/131/3316 2196/131/3317 2197/131/3317
f 2197/131/3317 2192/131/3317 2191/131/3316
s 1502
f 2198/131/3318 2196/131/3319 2191/131/3320
f 2191/131/3320 2195/131/3321 2198/131/3318
s 1503
f 2175/131/3322 750/131/3323 772/131/3322
f 772/131/3322 2193/131/3322 2175/131/3322
s 1504
f 2193/131/3324 772/131/3324 771/131/3324
f 771/131/3324 2190/131/3324 2193/131/3324
s 1505
f 2194/131/3325 2190/131/3325 771/131/3325
f 771/131/3325 769/131/3325 2194/131/3325
s 1506
f 2194/131/3326 769/131/3327 770/131/3328
f 770/131/3328 2199/131/3329 2194/131/3326
s 1507
f 2199/131/3330 2200/131/3330 2195/131/3330
f 2195/131/3330 2194/131/3330 2199/131/3330
s 1508
f 2198/131/3331 2195/131/3331 2200/131/3331
f 2200/131/3331 2201/131/3331 2198/131/3331
s 1509
f 1387/131/3332 1386/131/3333 2198/131/3333
f 2198/131/3333 2201/131/3332 1387/131/3332
s 1510
f 2198/131/3334 1386/131/3335 1385/131/3335
f 1385/131/3335 2196/131/3335 2198/131/3334
s 1511
f 1385/131/3336 1384/131/3336 2197/131/3336
f 2197/131/3336 2196/131/3336 1385/131/3336
s 1512
f 1384/131/3337 1367/131/3337 2177/131/3337
f 2177/131/3337 2197/131/3337 1384/131/3337
s 1513
f 2176/131/3338 2192/131/3338 2197/131/3339
f 2197/131/3339 2177/131/3338 2176/131/3338
s 1514
f 2192/131/3340 2176/131/3340 2175/131/3340
f 2175/131/3340 2193/131/3340 2192/131/3340
s 1515
f 2202/131/2900 2203/131/2900 2204/131/2899
f 2204/131/2899 2205/131/2900 2202/131/2900
s 1516
f 2206/131/2897 2207/131/2897 2203/131/2897
f 2203/131/2897 2202/131/2897 2206/131/2897
s 1517
f 2203/131/2903 2208/131/2903 2209/131/2903
f 2209/131/2903 2204/131/2903 2203/131/2903
s 1518
f 2207/131/2902 2210/131/2902 2208/131/2902
f 2208/131/2902 2203/131/2902 2207/131/2902
s 1519
f 2205/131/3341 2211/131/3342 885/131/2912
f 885/131/2912 884/131/2912 2205/131/3341
s 1520
f 894/131/2911 2202/131/3343 2205/131/2911
f 2205/131/2911 884/131/2910 894/131/2911
s 1521
f 894/131/3344 893/131/3345 2206/131/2909
f 2206/131/2909 2202/131/3344 894/131/3344
s 1522
f 893/131/3346 865/131/2905 2187/131/3347
f 2187/131/3347 2206/131/3348 893/131/3346
s 1523
f 2207/131/3349 2206/131/3349 2187/131/3350
f 2187/131/3350 2189/131/2927 2207/131/3349
s 1524
f 2188/131/2923 2210/131/2923 2207/131/2923
f 2207/131/2923 2189/131/2923 2188/131/2923
s 1525
f 2188/131/2921 1480/131/2921 1503/131/2921
f 1503/131/2921 2210/131/2921 2188/131/2921
s 1526
f 2210/131/2920 1503/131/2920 1502/131/3351
f 1502/131/3351 2208/131/2920 2210/131/2920
s 1527
f 2208/131/3352 1502/131/3352 1501/131/3352
f 1501/131/3352 2209/131/3353 2208/131/3352
s 1528
f 2209/131/2915 1501/131/2915 1500/131/2915
f 1500/131/2915 2212/131/2915 2209/131/2915
s 1529
f 2209/131/2914 2212/131/2914 2213/131/2914
f 2213/131/2914 2204/131/2914 2209/131/2914
s 1530
f 2204/131/3354 2213/131/2913 2211/131/2913
f 2211/131/2913 2205/131/2913 2204/131/3354
s 1531
f 2214/131/3355 2215/131/3355 2216/131/3355
f 2216/131/3355 2217/131/3356 2214/131/3355
s 1532
f 2218/131/3357 2219/131/3358 2215/131/3358
f 2215/131/3358 2214/131/3359 2218/131/3357
s 1533
f 2215/131/3360 2220/131/3360 2221/131/3361
f 2221/131/3361 2216/131/3361 2215/131/3360
s 1534
f 2222/131/3362 2220/131/3363 2215/131/3364
f 2215/131/3364 2219/131/3364 2222/131/3362
s 1535
f 2199/131/3365 770/131/3366 792/131/3365
f 792/131/3365 2217/131/3367 2199/131/3365
s 1536
f 2217/131/3368 792/131/3368 791/131/3368
f 791/131/3368 2214/131/3368 2217/131/3368
s 1537
f 2218/131/3369 2214/131/3370 791/131/3370
f 791/131/3370 789/131/3371 2218/131/3369
s 1538
f 2218/131/3372 789/131/3373 790/131/3372
f 790/131/3372 2223/131/3372 2218/131/3372
s 1539
f 2223/131/3374 2224/131/3375 2219/131/3376
f 2219/131/3376 2218/131/3376 2223/131/3374
s 1540
f 2222/131/3377 2219/131/3377 2224/131/3377
f 2224/131/3377 2225/131/3377 2222/131/3377
s 1541
f 1407/131/3378 1406/131/3378 2222/131/3378
f 2222/131/3378 2225/131/3378 1407/131/3378
s 1542
f 2222/131/3379 1406/131/3380 1405/131/3381
f 1405/131/3381 2220/131/3382 2222/131/3379
s 1543
f 1405/131/3383 1404/131/3383 2221/131/3383
f 2221/131/3383 2220/131/3384 1405/131/3383
s 1544
f 1404/131/3385 1387/131/3385 2201/131/3385
f 2201/131/3385 2221/131/3385 1404/131/3385
s 1545
f 2200/131/3386 2216/131/3386 2221/131/3386
f 2221/131/3386 2201/131/3386 2200/131/3386
s 1546
f 2199/131/3387 2217/131/3387 2216/131/3387
f 2216/131/3387 2200/131/3387 2199/131/3387
s 1547
f 2226/131/2944 2227/131/2944 2228/131/3388
f 2228/131/3388 2229/131/2944 2226/131/2944
s 1548
f 2230/131/2942 2231/131/3389 2227/131/3389
f 2227/131/3389 2226/131/2942 2230/131/2942
s 1549
f 2227/131/2947 2232/131/2947 2233/131/2947
f 2233/131/2947 2228/131/2948 2227/131/2947
s 1550
f 2231/131/2946 2234/131/2946 2232/131/2946
f 2232/131/2946 2227/131/2945 2231/131/2946
s 1551
f 2229/131/2956 2235/131/2956 905/131/2957
f 905/131/2957 904/131/2957 2229/131/2956
s 1552
f 914/131/3390 2226/131/3391 2229/131/3390
f 2229/131/3390 904/131/3392 914/131/3390
s 1553
f 914/131/2952 913/131/2952 2230/131/2952
f 2230/131/2952 2226/131/2952 914/131/2952
s 1554
f 913/131/2949 885/131/2949 2211/131/2949
f 2211/131/2949 2230/131/2949 913/131/2949
s 1555
f 2231/131/3393 2230/131/3393 2211/131/3393
f 2211/131/3393 2213/131/3393 2231/131/3393
s 1556
f 2212/131/2974 2234/131/2974 2231/131/2974
f 2231/131/2974 2213/131/2974 2212/131/2974
s 1557
f 2212/131/2969 1500/131/2969 1523/131/2969
f 1523/131/2969 2234/131/2969 2212/131/2969
s 1558
f 2234/131/2966 1523/131/2967 1522/131/2967
f 1522/131/2967 2232/131/2967 2234/131/2966
s 1559
f 2232/131/2965 1522/131/2965 1521/131/2965
f 1521/131/2965 2233/131/2965 2232/131/2965
s 1560
f 2233/131/2963 1521/131/2963 1520/131/2963
f 1520/131/2963 2236/131/2963 2233/131/2963
s 1561
f 2237/131/2962 2228/131/2961 2233/131/2961
f 2233/131/2961 2236/131/2961 2237/131/2962
s 1562
f 2228/131/2959 2237/131/3394 2235/131/2959
f 2235/131/2959 2229/131/3395 2228/131/2959
s 1563
f 2238/131/3396 2239/131/3396 2240/131/3396
f 2240/131/3396 2241/131/3396 2238/131/3396
s 1564
f 2242/131/3397 2243/131/3398 2239/131/3399
f 2239/131/3399 2238/131/3400 2242/131/3397
s 1565
f 2239/131/3401 2244/131/3401 2245/131/3401
f 2245/131/3401 2240/131/3401 2239/131/3401
s 1566
f 2246/131/3402 2244/131/3402 2239/131/3403
f 2239/131/3403 2243/131/3404 2246/131/3402
s 1567
f 2223/131/3405 790/131/3405 812/131/3405
f 812/131/3405 2241/131/3405 2223/131/3405
s 1568
f 2241/131/3406 812/131/3406 811/131/3406
f 811/131/3406 2238/131/3406 2241/131/3406
s 1569
f 2242/131/3407 2238/131/3407 811/131/3408
f 811/131/3408 809/131/3407 2242/131/3407
s 1570
f 2242/131/3409 809/131/3409 810/131/3410
f 810/131/3410 2247/131/3410 2242/131/3409
s 1571
f 2247/131/3411 2248/131/3411 2243/131/3411
f 2243/131/3411 2242/131/3411 2247/131/3411
s 1572
f 2246/131/3412 2243/131/3413 2248/131/3412
f 2248/131/3412 2249/131/3412 2246/131/3412
s 1573
f 1427/131/3414 1426/131/3414 2246/131/3414
f 2246/131/3414 2249/131/3414 1427/131/3414
s 1574
f 2246/131/3415 1426/131/3416 1425/131/3416
f 1425/131/3416 2244/131/3416 2246/131/3415
s 1575
f 1425/131/3417 1424/131/3417 2245/131/3417
f 2245/131/3417 2244/131/3417 1425/131/3417
s 1576
f 1424/131/3418 1407/131/3419 2225/131/3419
f 2225/131/3419 2245/131/3419 1424/131/3418
s 1577
f 2224/131/3420 2240/131/3420 2245/131/3420
f 2245/131/3420 2225/131/3420 2224/131/3420
s 1578
f 2223/131/3421 2241/131/3421 2240/131/3422
f 2240/131/3422 2224/131/3423 2223/131/3421
s 1579
f 2250/131/3424 2251/131/3425 2252/131/3424
f 2252/131/3424 2253/131/3424 2250/131/3424
s 1580
f 2254/131/2993 2255/131/2993 2251/131/2993
f 2251/131/2993 2250/131/2993 2254/131/2993
s 1581
f 2251/131/2998 2256/131/2998 2257/131/2998
f 2257/131/2998 2252/131/2998 2251/131/2998
s 1582
f 2255/131/2995 2258/131/3426 2256/131/3427
f 2256/131/3427 2251/131/3427 2255/131/2995
s 1583
f 2253/131/3004 2259/131/3004 925/131/3004
f 925/131/3004 924/131/3004 2253/131/3004
s 1584
f 934/131/3428 2250/131/3429 2253/131/3003
f 2253/131/3003 924/131/3003 934/131/3428
s 1585
f 934/131/3000 933/131/3000 2254/131/3000
f 2254/131/3000 2250/131/3000 934/131/3000
s 1586
f 933/131/2999 905/131/2999 2235/131/2999
f 2235/131/2999 2254/131/2999 933/131/2999
s 1587
f 2255/131/3430 2254/131/3015 2235/131/3430
f 2235/131/3430 2237/131/3431 2255/131/3430
s 1588
f 2236/131/3011 2258/131/3011 2255/131/3011
f 2255/131/3011 2237/131/3011 2236/131/3011
s 1589
f 2236/131/3010 1520/131/3010 1543/131/3010
f 1543/131/3010 2258/131/3010 2236/131/3010
s 1590
f 2258/131/3009 1543/131/3009 1542/131/3009
f 1542/131/3009 2256/131/3009 2258/131/3009
s 1591
f 2256/131/3432 1542/131/3432 1541/131/3432
f 1541/131/3432 2257/131/3432 2256/131/3432
s 1592
f 2257/131/3007 1541/131/3007 1540/131/3007
f 1540/131/3007 2260/131/3007 2257/131/3007
s 1593
f 2261/131/3433 2252/131/3006 2257/131/3006
f 2257/131/3006 2260/131/3006 2261/131/3433
s 1594
f 2252/131/3434 2261/131/3005 2259/131/3005
f 2259/131/3005 2253/131/3005 2252/131/3434
s 1595
f 2262/131/3435 2263/131/3435 2264/131/3435
f 2264/131/3435 2265/131/3435 2262/131/3435
s 1596
f 2266/131/3436 2267/131/3436 2263/131/3437
f 2263/131/3437 2262/131/3436 2266/131/3436
s 1597
f 2263/131/3438 2268/131/3439 2269/131/3439
f 2269/131/3439 2264/131/3438 2263/131/3438
s 1598
f 2270/131/3440 2268/131/3440 2263/131/3440
f 2263/131/3440 2267/131/3440 2270/131/3440
s 1599
f 2247/131/3441 810/131/3441 832/131/3441
f 832/131/3441 2265/131/3441 2247/131/3441
s 1600
f 2265/131/3442 832/131/3443 831/131/3442
f 831/131/3442 2262/131/3444 2265/131/3442
s 1601
f 2266/131/3445 2262/131/3445 831/131/3445
f 831/131/3445 829/131/3445 2266/131/3445
s 1602
f 2266/131/3446 829/131/3446 830/131/3446
f 830/131/3446 2271/131/3446 2266/131/3446
s 1603
f 2271/131/3447 2272/131/3447 2267/131/3447
f 2267/131/3447 2266/131/3447 2271/131/3447
s 1604
f 2270/131/3448 2267/131/3448 2272/131/3448
f 2272/131/3448 2273/131/3448 2270/131/3448
s 1605
f 1447/131/3449 1446/131/3450 2270/131/3451
f 2270/131/3451 2273/131/3451 1447/131/3449
s 1606
f 2270/131/3452 1446/131/3452 1445/131/3452
f 1445/131/3452 2268/131/3452 2270/131/3452
s 1607
f 1445/131/3453 1444/131/3453 2269/131/3454
f 2269/131/3454 2268/131/3453 1445/131/3453
s 1608
f 1444/131/3455 1427/131/3456 2249/131/3456
f 2249/131/3456 2269/131/3457 1444/131/3455
s 1609
f 2248/131/3458 2264/131/3458 2269/131/3458
f 2269/131/3458 2249/131/3458 2248/131/3458
s 1610
f 2264/131/3459 2248/131/3460 2247/131/3459
f 2247/131/3459 2265/131/3461 2264/131/3459
s 1611
f 2274/131/3462 2275/131/3029 2276/131/3029
f 2276/131/3029 2277/131/3029 2274/131/3462
s 1612
f 2278/131/3463 2279/131/3464 2275/131/3028
f 2275/131/3028 2274/131/3463 2278/131/3463
s 1613
f 2275/131/3465 2280/131/3465 2281/131/3465
f 2281/131/3465 2276/131/3032 2275/131/3465
s 1614
f 2279/131/3030 2282/131/3031 2280/131/3466
f 2280/131/3466 2275/131/3467 2279/131/3030
s 1615
f 2277/131/3468 2283/131/3468 945/131/3468
f 945/131/3468 944/131/3468 2277/131/3468
s 1616
f 954/131/3041 2274/131/3041 2277/131/3041
f 2277/131/3041 944/131/3041 954/131/3041
s 1617
f 954/131/3469 953/131/3036 2278/131/3036
f 2278/131/3036 2274/131/3036 954/131/3469
s 1618
f 953/131/3034 925/131/3034 2259/131/3034
f 2259/131/3034 2278/131/3034 953/131/3034
s 1619
f 2279/131/3470 2278/131/3059 2259/131/3059
f 2259/131/3059 2261/131/3059 2279/131/3470
s 1620
f 2260/131/3471 2282/131/3057 2279/131/3057
f 2279/131/3057 2261/131/3471 2260/131/3471
s 1621
f 2260/131/3056 1540/131/3056 1563/131/3056
f 1563/131/3056 2282/131/3056 2260/131/3056
s 1622
f 2282/131/3053 1563/131/3053 1562/131/3053
f 1562/131/3053 2280/131/3053 2282/131/3053
s 1623
f 2280/131/3051 1562/131/3051 1561/131/3051
f 1561/131/3051 2281/131/3051 2280/131/3051
s 1624
f 2281/131/3050 1561/131/3050 1560/131/3050
f 1560/131/3050 2284/131/3050 2281/131/3050
s 1625
f 2281/131/3472 2284/131/3472 2285/131/3472
f 2285/131/3472 2276/131/3472 2281/131/3472
s 1626
f 2276/131/3473 2285/131/3046 2283/131/3046
f 2283/131/3046 2277/131/3046 2276/131/3473
s 1627
f 2286/131/3474 2287/131/3279 2288/131/3279
f 2288/131/3279 2289/131/3475 2286/131/3474
s 1628
f 2290/131/3278 2291/131/3278 2287/131/3278
f 2287/131/3278 2286/131/3278 2290/131/3278
s 1629
f 2287/131/3476 2292/131/3477 2293/131/3476
f 2293/131/3476 2288/131/3281 2287/131/3476
s 1630
f 2287/131/3280 2291/131/3280 2294/131/3280
f 2294/131/3280 2292/131/3280 2287/131/3280
s 1631
f 2289/131/3478 2295/131/3290 421/131/3290
f 421/131/3290 420/131/3290 2289/131/3478
s 1632
f 2289/131/3479 420/131/3479 434/131/3479
f 434/131/3479 2286/131/3479 2289/131/3479
s 1633
f 432/131/3480 2290/131/3481 2286/131/3480
f 2286/131/3480 434/131/3284 432/131/3480
s 1634
f 1689/131/3482 2290/131/3483 432/131/3482
f 432/131/3482 433/131/3484 1689/131/3482
s 1635
f 2290/131/3302 1689/131/3302 1694/131/3302
f 1694/131/3302 2291/131/3302 2290/131/3302
s 1636
f 2291/131/3301 1694/131/3301 1693/131/3301
f 1693/131/3301 2294/131/3301 2291/131/3301
s 1637
f 399/131/3485 398/131/3299 2294/131/3299
f 2294/131/3299 1693/131/3299 399/131/3485
s 1638
f 2294/131/3298 398/131/3298 397/131/3298
f 397/131/3298 2292/131/3298 2294/131/3298
s 1639
f 2293/131/3486 2292/131/3487 397/131/3486
f 397/131/3486 396/131/3486 2293/131/3486
s 1640
f 396/131/3294 395/131/3294 2296/131/3488
f 2296/131/3488 2293/131/3294 396/131/3294
s 1641
f 2288/131/3292 2293/131/3292 2296/131/3292
f 2296/131/3292 2297/131/3292 2288/131/3292
s 1642
f 2288/131/3291 2297/131/3489 2295/131/3291
f 2295/131/3291 2289/131/3489 2288/131/3291
s 1643
f 2298/131/3490 2299/131/3490 2300/131/3490
f 2300/131/3490 2301/131/3490 2298/131/3490
s 1644
f 2302/131/3491 2303/131/3491 2299/131/3492
f 2299/131/3492 2298/131/3491 2302/131/3491
s 1645
f 2299/131/3493 2304/131/3493 2305/131/3493
f 2305/131/3493 2300/131/3493 2299/131/3493
s 1646
f 2306/131/3494 2304/131/3495 2299/131/3494
f 2299/131/3494 2303/131/2369 2306/131/3494
s 1647
f 2271/131/2375 830/131/2375 852/131/2375
f 852/131/2375 2301/131/2375 2271/131/2375
s 1648
f 2301/131/3496 852/131/2374 851/131/2374
f 851/131/2374 2298/131/2374 2301/131/3496
s 1649
f 2302/131/3497 2298/131/2373 851/131/2373
f 851/131/2373 849/131/2373 2302/131/3497
s 1650
f 2307/131/3498 2302/131/3498 849/131/3498
f 849/131/3498 850/131/2372 2307/131/3498
s 1651
f 2307/131/2391 2308/131/2391 2303/131/2391
f 2303/131/2391 2302/131/3499 2307/131/2391
s 1652
f 2306/131/3500 2303/131/3501 2308/131/2390
f 2308/131/2390 2309/131/2390 2306/131/3500
s 1653
f 2306/131/3502 2309/131/3503 1467/131/3502
f 1467/131/3502 1466/131/3502 2306/131/3502
s 1654
f 2306/131/2388 1466/131/2388 1465/131/2388
f 1465/131/2388 2304/131/2388 2306/131/2388
s 1655
f 1465/131/2386 1464/131/2386 2305/131/2386
f 2305/131/2386 2304/131/2386 1465/131/2386
s 1656
f 1464/131/3504 1447/131/3504 2273/131/3504
f 2273/131/3504 2305/131/3504 1464/131/3504
s 1657
f 2273/131/2382 2272/131/2382 2300/131/2382
f 2300/131/2382 2305/131/2382 2273/131/2382
s 1658
f 2271/131/3505 2301/131/2377 2300/131/2377
f 2300/131/2377 2272/131/2377 2271/131/3505
s 1659
f 2310/131/3074 2311/131/3506 2312/131/3075
f 2312/131/3075 2313/131/3506 2310/131/3074
s 1660
f 2314/131/3073 2315/131/3073 2311/131/3073
f 2311/131/3073 2310/131/3073 2314/131/3073
s 1661
f 2311/131/3507 2316/131/3508 2317/131/3507
f 2317/131/3507 2312/131/3507 2311/131/3507
s 1662
f 2315/131/3076 2318/131/3076 2316/131/3076
f 2316/131/3076 2311/131/3076 2315/131/3076
s 1663
f 2313/131/3083 2319/131/3083 965/131/3083
f 965/131/3083 964/131/3083 2313/131/3083
s 1664
f 974/131/3082 2310/131/3082 2313/131/3082
f 2313/131/3082 964/131/3082 974/131/3082
s 1665
f 974/131/3509 973/131/3510 2314/131/3511
f 2314/131/3511 2310/131/3510 974/131/3509
s 1666
f 973/131/3512 945/131/3078 2283/131/3513
f 2283/131/3513 2314/131/3078 973/131/3512
s 1667
f 2315/131/3514 2314/131/3514 2283/131/3514
f 2283/131/3514 2285/131/3514 2315/131/3514
s 1668
f 2284/131/3092 2318/131/3092 2315/131/3092
f 2315/131/3092 2285/131/3092 2284/131/3092
s 1669
f 2284/131/3091 1560/131/3515 1583/131/3516
f 1583/131/3516 2318/131/3091 2284/131/3091
s 1670
f 2318/131/3517 1583/131/3090 1582/131/3090
f 1582/131/3090 2316/131/3090 2318/131/3517
s 1671
f 2316/131/3518 1582/131/3519 1581/131/3518
f 1581/131/3518 2317/131/3518 2316/131/3518
s 1672
f 1581/131/3088 1580/131/3088 2320/131/3520
f 2320/131/3520 2317/131/3088 1581/131/3088
s 1673
f 2312/131/3521 2317/131/3086 2320/131/3086
f 2320/131/3086 2321/131/3522 2312/131/3521
s 1674
f 2313/131/3085 2312/131/3085 2321/131/3523
f 2321/131/3523 2319/131/3523 2313/131/3085
s 1675
f 2322/131/3524 2323/131/3525 2324/131/3524
f 2324/131/3524 2325/131/3526 2322/131/3524
s 1676
f 2326/131/3311 2327/131/3311 2323/131/3527
f 2323/131/3527 2322/131/3311 2326/131/3311
s 1677
f 2323/131/3528 2328/131/3528 2329/131/3528
f 2329/131/3528 2324/131/3528 2323/131/3528
s 1678
f 2323/131/3317 2327/131/3317 2330/131/3529
f 2330/131/3529 2328/131/3529 2323/131/3317
s 1679
f 445/131/3326 444/131/3326 2325/131/3326
f 2325/131/3326 2331/131/3326 445/131/3326
s 1680
f 2325/131/3325 444/131/3325 454/131/3530
f 454/131/3530 2322/131/3325 2325/131/3325
s 1681
f 454/131/3531 453/131/3532 2326/131/3324
f 2326/131/3324 2322/131/3531 454/131/3531
s 1682
f 2326/131/3322 453/131/3533 421/131/3534
f 421/131/3534 2295/131/3323 2326/131/3322
s 1683
f 2297/131/3340 2327/131/3340 2326/131/3340
f 2326/131/3340 2295/131/3340 2297/131/3340
s 1684
f 2296/131/3338 2330/131/3338 2327/131/3338
f 2327/131/3338 2297/131/3338 2296/131/3338
s 1685
f 395/131/3535 1063/131/3536 2330/131/3535
f 2330/131/3535 2296/131/3537 395/131/3535
s 1686
f 2330/131/3538 1063/131/3538 1062/131/3336
f 1062/131/3336 2328/131/3336 2330/131/3538
s 1687
f 2329/131/3335 2328/131/3335 1062/131/3539
f 1062/131/3539 1059/131/3335 2329/131/3335
s 1688
f 1059/131/3540 1061/131/3540 2332/131/3540
f 2332/131/3540 2329/131/3540 1059/131/3540
s 1689
f 2324/131/3331 2329/131/3541 2332/131/3331
f 2332/131/3331 2333/131/3331 2324/131/3331
s 1690
f 2324/131/3542 2333/131/3330 2331/131/3542
f 2331/131/3542 2325/131/3543 2324/131/3542
s 1691
f 2334/131/2456 2335/131/3544 2336/131/2456
f 2336/131/2456 2337/131/2456 2334/131/2456
s 1692
f 2338/131/2454 2339/131/3545 2335/131/2454
f 2335/131/2454 2334/131/2454 2338/131/2454
s 1693
f 2335/131/3546 2340/131/3547 2341/131/3546
f 2341/131/3546 2336/131/3547 2335/131/3546
s 1694
f 2342/131/2458 2340/131/2458 2335/131/2458
f 2335/131/2458 2339/131/2458 2342/131/2458
s 1695
f 2307/131/2463 850/131/2463 872/131/3548
f 872/131/3548 2337/131/2463 2307/131/2463
s 1696
f 2337/131/3549 872/131/3549 871/131/3549
f 871/131/3549 2334/131/3549 2337/131/3549
s 1697
f 2338/131/2461 2334/131/2461 871/131/2461
f 871/131/2461 869/131/2461 2338/131/2461
s 1698
f 2343/131/2460 2338/131/2460 869/131/3550
f 869/131/3550 870/131/3551 2343/131/2460
s 1699
f 2343/131/2476 2344/131/2476 2339/131/2476
f 2339/131/2476 2338/131/2476 2343/131/2476
s 1700
f 2342/131/2474 2339/131/2474 2344/131/2474
f 2344/131/2474 2345/131/2474 2342/131/2474
s 1701
f 2342/131/2472 2345/131/2472 1487/131/3552
f 1487/131/3552 1486/131/2472 2342/131/2472
s 1702
f 2342/131/3553 1486/131/3553 1485/131/3553
f 1485/131/3553 2340/131/3553 2342/131/3553
s 1703
f 1485/131/2467 1484/131/2467 2341/131/2467
f 2341/131/2467 2340/131/2467 1485/131/2467
s 1704
f 1484/131/2466 1467/131/2466 2309/131/2466
f 2309/131/2466 2341/131/2466 1484/131/2466
s 1705
f 2336/131/3554 2341/131/2465 2309/131/3555
f 2309/131/3555 2308/131/2465 2336/131/3554
s 1706
f 2337/131/2464 2336/131/2464 2308/131/2464
f 2308/131/2464 2307/131/2464 2337/131/2464
s 1707
f 2346/131/3556 2347/131/3120 2348/131/3557
f 2348/131/3557 2349/131/3120 2346/131/3556
s 1708
f 2350/131/3118 2351/131/3118 2347/131/3118
f 2347/131/3118 2346/131/3118 2350/131/3118
s 1709
f 2347/131/3125 2352/131/3125 2353/131/3125
f 2353/131/3125 2348/131/3125 2347/131/3125
s 1710
f 2351/131/3121 2354/131/3121 2352/131/3121
f 2352/131/3121 2347/131/3121 2351/131/3121
s 1711
f 2349/131/3131 2355/131/3131 985/131/3131
f 985/131/3131 984/131/3131 2349/131/3131
s 1712
f 994/131/3129 2346/131/3129 2349/131/3129
f 2349/131/3129 984/131/3129 994/131/3129
s 1713
f 994/131/3128 993/131/3128 2350/131/3128
f 2350/131/3128 2346/131/3128 994/131/3128
s 1714
f 993/131/3127 965/131/3127 2319/131/3558
f 2319/131/3558 2350/131/3127 993/131/3127
s 1715
f 2350/131/3150 2319/131/3150 2321/131/3559
f 2321/131/3559 2351/131/3150 2350/131/3150
s 1716
f 2320/131/3149 2354/131/3149 2351/131/3149
f 2351/131/3149 2321/131/3149 2320/131/3149
s 1717
f 1603/131/3560 2354/131/3561 2320/131/3560
f 2320/131/3560 1580/131/3148 1603/131/3560
s 1718
f 2354/131/3562 1603/131/3144 1602/131/3144
f 1602/131/3144 2352/131/3144 2354/131/3562
s 1719
f 2352/131/3143 1602/131/3143 1601/131/3143
f 1601/131/3143 2353/131/3143 2352/131/3143
s 1720
f 1601/131/3140 1600/131/3140 2356/131/3140
f 2356/131/3140 2353/131/3140 1601/131/3140
s 1721
f 2348/131/3138 2353/131/3136 2356/131/3136
f 2356/131/3136 2357/131/3138 2348/131/3138
s 1722
f 2349/131/3563 2348/131/3564 2357/131/3563
f 2357/131/3563 2355/131/3563 2349/131/3563
s 1723
f 2358/131/3359 2359/131/3359 2360/131/3359
f 2360/131/3359 2361/131/3359 2358/131/3359
s 1724
f 2362/131/3355 2363/131/3355 2359/131/3355
f 2359/131/3355 2358/131/3565 2362/131/3355
s 1725
f 2359/131/3364 2364/131/3364 2365/131/3364
f 2365/131/3364 2360/131/3364 2359/131/3364
s 1726
f 2359/131/3361 2363/131/3361 2366/131/3361
f 2366/131/3361 2364/131/3361 2359/131/3361
s 1727
f 2361/131/3566 2367/131/3372 465/131/3372
f 465/131/3372 464/131/3372 2361/131/3566
s 1728
f 2361/131/3567 464/131/3567 474/131/3370
f 474/131/3370 2358/131/3370 2361/131/3567
s 1729
f 2358/131/3568 474/131/3568 473/131/3568
f 473/131/3568 2362/131/3368 2358/131/3568
s 1730
f 473/131/3569 445/131/3367 2331/131/3570
f 2331/131/3570 2362/131/3367 473/131/3569
s 1731
f 2333/131/3387 2363/131/3387 2362/131/3387
f 2362/131/3387 2331/131/3387 2333/131/3387
s 1732
f 2332/131/3386 2366/131/3386 2363/131/3386
f 2363/131/3386 2333/131/3386 2332/131/3386
s 1733
f 1083/131/3385 2366/131/3385 2332/131/3385
f 2332/131/3385 1061/131/3385 1083/131/3385
s 1734
f 2366/131/3383 1083/131/3383 1082/131/3383
f 1082/131/3383 2364/131/3383 2366/131/3383
s 1735
f 2365/131/3382 2364/131/3382 1082/131/3382
f 1082/131/3382 1081/131/3382 2365/131/3382
s 1736
f 1081/131/3571 1080/131/3378 2368/131/3378
f 2368/131/3378 2365/131/3571 1081/131/3571
s 1737
f 2360/131/3377 2365/131/3377 2368/131/3377
f 2368/131/3377 2369/131/3377 2360/131/3377
s 1738
f 2360/131/3376 2369/131/3376 2367/131/3376
f 2367/131/3376 2361/131/3376 2360/131/3376
s 1739
f 2370/131/3572 2371/131/2538 2372/131/3573
f 2372/131/3573 2373/131/2538 2370/131/3572
s 1740
f 2374/131/3574 2375/131/2537 2371/131/3574
f 2371/131/3574 2370/131/2537 2374/131/3574
s 1741
f 2371/131/2541 2376/131/3575 2377/131/3576
f 2377/131/3576 2372/131/3577 2371/131/2541
s 1742
f 2378/131/2539 2376/131/2539 2371/131/2539
f 2371/131/2539 2375/131/2539 2378/131/2539
s 1743
f 2343/131/2548 870/131/3578 892/131/2548
f 892/131/2548 2373/131/2550 2343/131/2548
s 1744
f 2373/131/2547 892/131/2547 891/131/2547
f 891/131/2547 2370/131/2547 2373/131/2547
s 1745
f 2374/131/3579 2370/131/3580 891/131/2545
f 891/131/2545 889/131/2545 2374/131/3579
s 1746
f 2379/131/3581 2374/131/2542 889/131/2542
f 889/131/2542 890/131/2542 2379/131/3581
s 1747
f 2379/131/2564 2380/131/2564 2375/131/2564
f 2375/131/2564 2374/131/2564 2379/131/2564
s 1748
f 2378/131/2563 2375/131/2562 2380/131/2562
f 2380/131/2562 2381/131/2562 2378/131/2563
s 1749
f 2378/131/2561 2381/131/2561 1507/131/2561
f 1507/131/2561 1506/131/2561 2378/131/2561
s 1750
f 2378/131/2559 1506/131/3582 1505/131/2558
f 1505/131/2558 2376/131/2559 2378/131/2559
s 1751
f 1505/131/3583 1504/131/3584 2377/131/3583
f 2377/131/3583 2376/131/2557 1505/131/3583
s 1752
f 1504/131/3585 1487/131/3585 2345/131/3585
f 2345/131/3585 2377/131/2554 1504/131/3585
s 1753
f 2372/131/3586 2377/131/3586 2345/131/3586
f 2345/131/3586 2344/131/3586 2372/131/3586
s 1754
f 2373/131/2551 2372/131/2551 2344/131/2551
f 2344/131/2551 2343/131/2551 2373/131/2551
s 1755
f 2382/131/3587 2383/131/3588 2384/131/3589
f 2384/131/3589 2385/131/3590 2382/131/3587
s 1756
f 2386/131/3170 2387/131/3170 2383/131/3170
f 2383/131/3170 2382/131/3170 2386/131/3170
s 1757
f 2383/131/3591 2388/131/3591 2389/131/3591
f 2389/131/3591 2384/131/3174 2383/131/3591
s 1758
f 2387/131/3592 2390/131/3173 2388/131/3592
f 2388/131/3592 2383/131/3173 2387/131/3592
s 1759
f 2385/131/3182 2391/131/3182 1005/131/3182
f 1005/131/3182 1004/131/3182 2385/131/3182
s 1760
f 1014/131/3181 2382/131/3181 2385/131/3181
f 2385/131/3181 1004/131/3181 1014/131/3181
s 1761
f 1014/131/3179 1013/131/3179 2386/131/3179
f 2386/131/3179 2382/131/3179 1014/131/3179
s 1762
f 1013/131/3177 985/131/3177 2355/131/3177
f 2355/131/3177 2386/131/3593 1013/131/3177
s 1763
f 2386/131/3199 2355/131/3199 2357/131/3199
f 2357/131/3199 2387/131/3199 2386/131/3199
s 1764
f 2356/131/3197 2390/131/3197 2387/131/3197
f 2387/131/3197 2357/131/3197 2356/131/3197
s 1765
f 1623/131/3594 2390/131/3196 2356/131/3196
f 2356/131/3196 1600/131/3196 1623/131/3594
s 1766
f 2390/131/3191 1623/131/3193 1622/131/3191
f 1622/131/3191 2388/131/3191 2390/131/3191
s 1767
f 2388/131/3190 1622/131/3190 1621/131/3190
f 1621/131/3190 2389/131/3190 2388/131/3190
s 1768
f 1621/131/3188 1620/131/3188 2392/131/3188
f 2392/131/3188 2389/131/3188 1621/131/3188
s 1769
f 2384/131/3186 2389/131/3186 2392/131/3186
f 2392/131/3186 2393/131/3186 2384/131/3186
s 1770
f 2385/131/3185 2384/131/3185 2393/131/3185
f 2393/131/3185 2391/131/3185 2385/131/3185
s 1771
f 2394/131/3397 2395/131/3397 2396/131/3397
f 2396/131/3397 2397/131/3397 2394/131/3397
s 1772
f 2398/131/3396 2399/131/3396 2395/131/3396
f 2395/131/3396 2394/131/3396 2398/131/3396
s 1773
f 2395/131/3402 2400/131/3402 2401/131/3402
f 2401/131/3402 2396/131/3402 2395/131/3402
s 1774
f 2395/131/3595 2399/131/3401 2402/131/3401
f 2402/131/3401 2400/131/3401 2395/131/3595
s 1775
f 2397/131/3596 2403/131/3596 485/131/3597
f 485/131/3597 484/131/3598 2397/131/3596
s 1776
f 2397/131/3407 484/131/3599 494/131/3407
f 494/131/3407 2394/131/3407 2397/131/3407
s 1777
f 2398/131/3406 2394/131/3406 494/131/3406
f 494/131/3406 493/131/3406 2398/131/3406
s 1778
f 493/131/3600 465/131/3405 2367/131/3405
f 2367/131/3405 2398/131/3405 493/131/3600
s 1779
f 2369/131/3421 2399/131/3601 2398/131/3421
f 2398/131/3421 2367/131/3421 2369/131/3421
s 1780
f 2368/131/3420 2402/131/3602 2399/131/3420
f 2399/131/3420 2369/131/3420 2368/131/3420
s 1781
f 1103/131/3419 2402/131/3419 2368/131/3419
f 2368/131/3419 1080/131/3419 1103/131/3419
s 1782
f 2402/131/3603 1103/131/3417 1102/131/3604
f 1102/131/3604 2400/131/3417 2402/131/3603
s 1783
f 1102/131/3416 1101/131/3416 2401/131/3416
f 2401/131/3416 2400/131/3416 1102/131/3416
s 1784
f 1101/131/3414 1100/131/3414 2404/131/3414
f 2404/131/3414 2401/131/3414 1101/131/3414
s 1785
f 2396/131/3412 2401/131/3412 2404/131/3412
f 2404/131/3412 2405/131/3412 2396/131/3412
s 1786
f 2396/131/3411 2405/131/3411 2403/131/3411
f 2403/131/3411 2397/131/3411 2396/131/3411
s 1787
f 2406/131/2619 2407/131/2619 2408/131/2619
f 2408/131/2619 2409/131/3605 2406/131/2619
s 1788
f 2410/131/2618 2411/131/2618 2407/131/3606
f 2407/131/3606 2406/131/3607 2410/131/2618
s 1789
f 2407/131/2622 2412/131/2622 2413/131/2622
f 2413/131/2622 2408/131/2622 2407/131/2622
s 1790
f 2414/131/3608 2412/131/2620 2407/131/3609
f 2407/131/3609 2411/131/2620 2414/131/3608
s 1791
f 2379/131/3610 890/131/3611 912/131/3611
f 912/131/3611 2409/131/3612 2379/131/3610
s 1792
f 2409/131/2627 912/131/2627 911/131/3613
f 911/131/3613 2406/131/2627 2409/131/2627
s 1793
f 2410/131/2625 2406/131/2625 911/131/2625
f 911/131/2625 909/131/2625 2410/131/2625
s 1794
f 909/131/2623 910/131/3614 1674/131/3615
f 1674/131/3615 2410/131/2623 909/131/2623
s 1795
f 1679/131/3616 2411/131/2641 2410/131/3616
f 2410/131/3616 1674/131/2641 1679/131/3616
s 1796
f 2414/131/3617 2411/131/3617 1679/131/3617
f 1679/131/3617 1678/131/2638 2414/131/3617
s 1797
f 2414/131/2635 1678/131/2635 1527/131/2635
f 1527/131/2635 1526/131/3618 2414/131/2635
s 1798
f 2414/131/3619 1526/131/3620 1525/131/3619
f 1525/131/3619 2412/131/2634 2414/131/3619
s 1799
f 1525/131/3621 1524/131/3622 2413/131/2632
f 2413/131/2632 2412/131/2633 1525/131/3621
s 1800
f 1524/131/2631 1507/131/3623 2381/131/3624
f 2381/131/3624 2413/131/2631 1524/131/2631
s 1801
f 2408/131/2630 2413/131/2630 2381/131/3625
f 2381/131/3625 2380/131/2630 2408/131/2630
s 1802
f 2409/131/2629 2408/131/2629 2380/131/2629
f 2380/131/2629 2379/131/2629 2409/131/2629
s 1803
f 2415/131/3209 2416/131/3626 2417/131/3209
f 2417/131/3209 2418/131/3209 2415/131/3209
s 1804
f 2419/131/3208 2420/131/3208 2416/131/3208
f 2416/131/3208 2415/131/3208 2419/131/3208
s 1805
f 2416/131/3627 2421/131/3215 2422/131/3627
f 2422/131/3627 2417/131/3215 2416/131/3627
s 1806
f 2420/131/3628 2423/131/3629 2421/131/3628
f 2421/131/3628 2416/131/3213 2420/131/3628
s 1807
f 2418/131/3630 1690/131/3223 1025/131/3630
f 1025/131/3630 1024/131/3630 2418/131/3630
s 1808
f 1034/131/3631 2415/131/3221 2418/131/3221
f 2418/131/3221 1024/131/3221 1034/131/3631
s 1809
f 1034/131/3219 1033/131/3219 2419/131/3219
f 2419/131/3219 2415/131/3219 1034/131/3219
s 1810
f 1033/131/3632 1005/131/3632 2391/131/3632
f 2391/131/3632 2419/131/3632 1033/131/3632
s 1811
f 2419/131/3234 2391/131/3234 2393/131/3234
f 2393/131/3234 2420/131/3234 2419/131/3234
s 1812
f 2392/131/3232 2423/131/3633 2420/131/3232
f 2420/131/3232 2393/131/3232 2392/131/3232
s 1813
f 1643/131/3230 2423/131/3230 2392/131/3230
f 2392/131/3230 1620/131/3230 1643/131/3230
s 1814
f 2423/131/3228 1643/131/3228 1642/131/3634
f 1642/131/3634 2421/131/3228 2423/131/3228
s 1815
f 2421/131/3227 1642/131/3227 1641/131/3227
f 1641/131/3227 2422/131/3227 2421/131/3227
s 1816
f 1641/131/3635 1640/131/3636 1692/131/3635
f 1692/131/3635 2422/131/3635 1641/131/3635
s 1817
f 2422/131/3225 1692/131/3225 1691/131/3225
f 1691/131/3225 2417/131/3225 2422/131/3225
s 1818
f 2418/131/3224 2417/131/3224 1691/131/3224
f 1691/131/3224 1690/131/3224 2418/131/3224
s 1819
f 2424/131/3436 2425/131/3436 2426/131/3436
f 2426/131/3436 2427/131/3436 2424/131/3436
s 1820
f 2428/131/3637 2429/131/3638 2425/131/3435
f 2425/131/3435 2424/131/3637 2428/131/3637
s 1821
f 2425/131/3639 2430/131/3440 2431/131/3440
f 2431/131/3440 2426/131/3440 2425/131/3639
s 1822
f 2425/131/3438 2429/131/3439 2432/131/3438
f 2432/131/3438 2430/131/3438 2425/131/3438
s 1823
f 2427/131/3446 1705/131/3446 505/131/3446
f 505/131/3446 504/131/3446 2427/131/3446
s 1824
f 2427/131/3445 504/131/3445 514/131/3445
f 514/131/3445 2424/131/3445 2427/131/3445
s 1825
f 2428/131/3640 2424/131/3442 514/131/3640
f 514/131/3640 513/131/3444 2428/131/3640
s 1826
f 513/131/3641 485/131/3641 2403/131/3642
f 2403/131/3642 2428/131/3643 513/131/3641
s 1827
f 2405/131/3644 2429/131/3461 2428/131/3459
f 2428/131/3459 2403/131/3461 2405/131/3644
s 1828
f 2404/131/3458 2432/131/3458 2429/131/3458
f 2429/131/3458 2405/131/3645 2404/131/3458
s 1829
f 1123/131/3456 2432/131/3456 2404/131/3456
f 2404/131/3456 1100/131/3646 1123/131/3456
s 1830
f 2432/131/3453 1123/131/3453 1122/131/3453
f 1122/131/3453 2430/131/3453 2432/131/3453
s 1831
f 1122/131/3647 1121/131/3452 2431/131/3648
f 2431/131/3648 2430/131/3452 1122/131/3647
s 1832
f 1121/131/3649 1120/131/3450 1707/131/3450
f 1707/131/3450 2431/131/3450 1121/131/3649
s 1833
f 1707/131/3448 1706/131/3448 2426/131/3448
f 2426/131/3448 2431/131/3448 1707/131/3448
s 1834
f 2427/131/3650 2426/131/3447 1706/131/3447
f 1706/131/3447 1705/131/3447 2427/131/3650
s 1835
f 2433/131/3651 2434/131/3652 2435/131/3652
f 2435/131/3652 2436/131/3653 2437/131/3654
f 2433/131/3651 2435/131/3652 2437/131/3654
f 2437/131/3654 2438/131/3653 2439/131/3655
f 2439/131/3655 2440/131/3653 2441/131/3656
f 2437/131/3654 2439/131/3655 2441/131/3656
f 2433/131/3651 2437/131/3654 2441/131/3656
f 2441/131/3656 2442/131/3653 2443/131/3657
f 2443/131/3657 2444/131/3653 2445/131/3658
f 2441/131/3656 2443/131/3657 2445/131/3658
f 2445/131/3658 2446/131/3653 2447/131/3659
f 2447/131/3659 2448/131/3653 2449/131/3658
f 2445/131/3658 2447/131/3659 2449/131/3658
f 2441/131/3656 2445/131/3658 2449/131/3658
f 2449/131/3658 2450/131/3653 2451/131/3653
f 2451/131/3653 2452/131/3653 2453/131/3660
f 2449/131/3658 2451/131/3653 2453/131/3660
f 2453/131/3660 2454/131/3653 2455/131/3658
f 2455/131/3658 2456/131/3653 2457/131/3661
f 2453/131/3660 2455/131/3658 2457/131/3661
f 2449/131/3658 2453/131/3660 2457/131/3661
f 2441/131/3656 2449/131/3658 2457/131/3661
f 2433/131/3651 2441/131/3656 2457/131/3661
f 2458/131/3653 2459/131/3653 2460/131/3651
f 2457/131/3661 2458/131/3653 2460/131/3651
f 2457/131/3661 2460/131/3651 2461/131/3662
f 2433/131/3651 2457/131/3661 2461/131/3662
f 2462/131/3654 2433/131/3651 2461/131/3662
f 2462/131/3654 2461/131/3662 2463/131/3653
f 2462/131/3654 2463/131/3653 2464/131/3653
s 1836
f 2465/131/3663 2466/131/3664 2467/131/3665
f 2467/131/3665 2468/131/3666 2465/131/3663
s 1837
f 2451/131/3667 2469/131/3668 2470/131/3669
f 2470/131/3669 2452/131/3670 2451/131/3667
s 1838
f 2471/131/3671 2433/131/3671 2462/131/3671
f 2462/131/3671 2472/131/3672 2471/131/3671
s 1839
f 2437/131/3673 2473/131/3673 2474/131/3673
f 2474/131/3673 2438/131/3673 2437/131/3673
s 1840
f 2450/131/3674 2475/131/3675 2469/131/3675
f 2469/131/3675 2451/131/3676 2450/131/3674
s 1841
f 2472/131/3677 2462/131/3678 2464/131/3679
f 2464/131/3679 2476/131/3680 2472/131/3677
s 1842
f 2436/131/3681 2477/131/3682 2473/131/3683
f 2473/131/3683 2437/131/3682 2436/131/3681
s 1843
f 2449/131/3684 2478/131/3684 2475/131/3684
f 2475/131/3684 2450/131/3684 2449/131/3684
s 1844
f 2476/131/3685 2464/131/3686 2463/131/3686
f 2463/131/3686 2479/131/3687 2476/131/3685
s 1845
f 2435/131/3688 2480/131/3689 2477/131/3690
f 2477/131/3690 2436/131/3691 2435/131/3688
s 1846
f 2448/131/3692 2481/131/3692 2478/131/3692
f 2478/131/3692 2449/131/3692 2448/131/3692
s 1847
f 2463/131/3693 2461/131/3694 2482/131/3695
f 2482/131/3695 2479/131/3695 2463/131/3693
s 1848
f 2434/131/3696 2483/131/3697 2480/131/3696
f 2480/131/3696 2435/131/3698 2434/131/3696
s 1849
f 2447/131/3699 2484/131/3700 2481/131/3699
f 2481/131/3699 2448/131/3701 2447/131/3699
s 1850
f 2460/131/3702 2485/131/3703 2482/131/3704
f 2482/131/3704 2461/131/3705 2460/131/3702
s 1851
f 2434/131/3706 2433/131/3706 2471/131/3706
f 2471/131/3706 2483/131/3706 2434/131/3706
s 1852
f 2446/131/3707 2486/131/3708 2484/131/3709
f 2484/131/3709 2447/131/3710 2446/131/3707
s 1853
f 2487/131/3711 2485/131/3712 2460/131/3713
f 2460/131/3713 2459/131/3714 2487/131/3711
s 1854
f 2445/131/3715 2488/131/3716 2486/131/3717
f 2486/131/3717 2446/131/3715 2445/131/3715
s 1855
f 2458/131/3718 2489/131/3718 2487/131/3718
f 2487/131/3718 2459/131/3718 2458/131/3718
s 1856
f 2444/131/3719 2490/131/3720 2488/131/3721
f 2488/131/3721 2445/131/3719 2444/131/3719
s 1857
f 2468/131/3722 2489/131/3723 2458/131/3724
f 2458/131/3724 2457/131/3725 2468/131/3722
s 1858
f 2443/131/3726 2491/131/3727 2490/131/3728
f 2490/131/3728 2444/131/3727 2443/131/3726
s 1859
f 2468/131/3729 2457/131/3730 2456/131/3731
f 2456/131/3731 2465/131/3732 2468/131/3729
s 1860
f 2442/131/3733 2492/131/3733 2491/131/3734
f 2491/131/3734 2443/131/3733 2442/131/3733
s 1861
f 2456/131/3735 2455/131/3735 2493/131/3735
f 2493/131/3735 2465/131/3735 2456/131/3735
s 1862
f 2441/131/3736 2494/131/3737 2492/131/3738
f 2492/131/3738 2442/131/3739 2441/131/3736
s 1863
f 2454/131/3740 2495/131/3741 2493/131/3742
f 2493/131/3742 2455/131/3743 2454/131/3740
s 1864
f 2440/131/3744 2496/131/3745 2494/131/3746
f 2494/131/3746 2441/131/3747 2440/131/3744
s 1865
f 2453/131/3748 2497/131/3749 2495/131/3750
f 2495/131/3750 2454/131/3751 2453/131/3748
s 1866
f 2439/131/3752 2498/131/3753 2496/131/3754
f 2496/131/3754 2440/131/3755 2439/131/3752
s 1867
f 2452/131/3756 2470/131/3756 2497/131/3756
f 2497/131/3756 2453/131/3756 2452/131/3756
s 1868
f 2438/131/3757 2474/131/3758 2498/131/3759
f 2498/131/3759 2439/131/3760 2438/131/3757
s 1869
f 2499/131/3761 2500/131/3762 2501/131/3763
f 2501/131/3763 2502/131/3764 2499/131/3761
s 1870
f 2492/131/3765 2503/131/3766 2504/131/3767
f 2504/131/3767 2491/131/3768 2492/131/3765
s 1871
f 2493/131/3769 2505/131/3770 2466/131/3771
f 2466/131/3771 2465/131/3772 2493/131/3769
s 1872
f 2494/131/3773 2506/131/3773 2503/131/3774
f 2503/131/3774 2492/131/3775 2494/131/3773
s 1873
f 2495/131/3776 2502/131/3777 2505/131/3776
f 2505/131/3776 2493/131/3778 2495/131/3776
s 1874
f 2496/131/3779 2507/131/3780 2506/131/3779
f 2506/131/3779 2494/131/3781 2496/131/3779
s 1875
f 2497/131/3782 2499/131/3782 2502/131/3783
f 2502/131/3783 2495/131/3784 2497/131/3782
s 1876
f 2498/131/3785 2508/131/3786 2507/131/3787
f 2507/131/3787 2496/131/3786 2498/131/3785
s 1877
f 2470/131/3788 2509/131/3789 2499/131/3790
f 2499/131/3790 2497/131/3791 2470/131/3788
s 1878
f 2474/131/3792 2510/131/3793 2508/131/3794
f 2508/131/3794 2498/131/3795 2474/131/3792
s 1879
f 2469/131/3796 2511/131/3797 2509/131/3798
f 2509/131/3798 2470/131/3799 2469/131/3796
s 1880
f 2472/131/3800 2512/131/3800 2513/131/3800
f 2513/131/3800 2471/131/3800 2472/131/3800
s 1881
f 2473/131/3801 2514/131/3802 2510/131/3801
f 2510/131/3801 2474/131/3803 2473/131/3801
s 1882
f 2475/131/3804 2515/131/3804 2511/131/3804
f 2511/131/3804 2469/131/3804 2475/131/3804
s 1883
f 2476/131/3805 2516/131/3805 2512/131/3806
f 2512/131/3806 2472/131/3806 2476/131/3805
s 1884
f 2477/131/3807 2517/131/3807 2514/131/3808
f 2514/131/3808 2473/131/3809 2477/131/3807
s 1885
f 2478/131/3810 2518/131/3811 2515/131/3812
f 2515/131/3812 2475/131/3813 2478/131/3810
s 1886
f 2479/131/3814 2519/131/3815 2516/131/3816
f 2516/131/3816 2476/131/3817 2479/131/3814
s 1887
f 2480/131/3818 2520/131/3819 2517/131/3820
f 2517/131/3820 2477/131/3821 2480/131/3818
s 1888
f 2481/131/3822 2521/131/3823 2518/131/3824
f 2518/131/3824 2478/131/3824 2481/131/3822
s 1889
f 2482/131/3825 2522/131/3825 2519/131/3825
f 2519/131/3825 2479/131/3826 2482/131/3825
s 1890
f 2483/131/3827 2523/131/3828 2520/131/3827
f 2520/131/3827 2480/131/3827 2483/131/3827
s 1891
f 2484/131/3829 2524/131/3830 2521/131/3831
f 2521/131/3831 2481/131/3832 2484/131/3829
s 1892
f 2485/131/3833 2525/131/3834 2522/131/3834
f 2522/131/3834 2482/131/3835 2485/131/3833
s 1893
f 2483/131/3836 2471/131/3836 2513/131/3836
f 2513/131/3836 2523/131/3836 2483/131/3836
s 1894
f 2486/131/3837 2526/131/3838 2524/131/3839
f 2524/131/3839 2484/131/3840 2486/131/3837
s 1895
f 2487/131/3841 2527/131/3842 2525/131/3841
f 2525/131/3841 2485/131/3843 2487/131/3841
s 1896
f 2488/131/3844 2528/131/3844 2526/131/3845
f 2526/131/3845 2486/131/3844 2488/131/3844
s 1897
f 2489/131/3846 2529/131/3847 2527/131/3848
f 2527/131/3848 2487/131/3849 2489/131/3846
s 1898
f 2490/131/3850 2530/131/3851 2528/131/3850
f 2528/131/3850 2488/131/3851 2490/131/3850
s 1899
f 2468/131/3852 2467/131/3853 2529/131/3852
f 2529/131/3852 2489/131/3854 2468/131/3852
s 1900
f 2491/131/3855 2504/131/3856 2530/131/3857
f 2530/131/3857 2490/131/3858 2491/131/3855
s 1901
f 2531/131/3859 2532/131/3860 2533/131/3861
f 2533/131/3861 2534/131/3862 2531/131/3859
s 1902
f 2508/131/3863 2535/131/3864 2536/131/3865
f 2536/131/3865 2507/131/3866 2508/131/3863
s 1903
f 2509/131/3867 2537/131/3868 2500/131/3868
f 2500/131/3868 2499/131/3869 2509/131/3867
s 1904
f 2510/131/3870 2538/131/3870 2535/131/3871
f 2535/131/3871 2508/131/3870 2510/131/3870
s 1905
f 2511/131/3872 2531/131/3872 2537/131/3873
f 2537/131/3873 2509/131/3873 2511/131/3872
s 1906
f 2512/131/3874 2539/131/3875 2540/131/3876
f 2540/131/3876 2513/131/3877 2512/131/3874
s 1907
f 2514/131/3878 2541/131/3879 2538/131/3880
f 2538/131/3880 2510/131/3881 2514/131/3878
s 1908
f 2515/131/3882 2532/131/3883 2531/131/3883
f 2531/131/3883 2511/131/3883 2515/131/3882
s 1909
f 2516/131/3884 2542/131/3884 2539/131/3885
f 2539/131/3885 2512/131/3886 2516/131/3884
s 1910
f 2517/131/3887 2543/131/3888 2541/131/3888
f 2541/131/3888 2514/131/3889 2517/131/3887
s 1911
f 2518/131/3890 2544/131/3890 2532/131/3890
f 2532/131/3890 2515/131/3890 2518/131/3890
s 1912
f 2519/131/3891 2545/131/3892 2542/131/3893
f 2542/131/3893 2516/131/3893 2519/131/3891
s 1913
f 2520/131/3894 2546/131/3894 2543/131/3894
f 2543/131/3894 2517/131/3894 2520/131/3894
s 1914
f 2521/131/3895 2547/131/3896 2544/131/3897
f 2544/131/3897 2518/131/3898 2521/131/3895
s 1915
f 2522/131/3899 2548/131/3899 2545/131/3899
f 2545/131/3899 2519/131/3899 2522/131/3899
s 1916
f 2523/131/3900 2549/131/3900 2546/131/3900
f 2546/131/3900 2520/131/3901 2523/131/3900
s 1917
f 2524/131/3902 2550/131/3903 2547/131/3903
f 2547/131/3903 2521/131/3903 2524/131/3902
s 1918
f 2525/131/3904 2551/131/3905 2548/131/3906
f 2548/131/3906 2522/131/3907 2525/131/3904
s 1919
f 2523/131/3908 2513/131/3908 2540/131/3908
f 2540/131/3908 2549/131/3908 2523/131/3908
s 1920
f 2526/131/3909 2552/131/3909 2550/131/3909
f 2550/131/3909 2524/131/3910 2526/131/3909
s 1921
f 2527/131/3911 2553/131/3912 2551/131/3913
f 2551/131/3913 2525/131/3914 2527/131/3911
s 1922
f 2528/131/3915 2554/131/3916 2552/131/3917
f 2552/131/3917 2526/131/3918 2528/131/3915
s 1923
f 2529/131/3919 2555/131/3920 2553/131/3921
f 2553/131/3921 2527/131/3922 2529/131/3919
s 1924
f 2530/131/3923 2556/131/3924 2554/131/3925
f 2554/131/3925 2528/131/3926 2530/131/3923
s 1925
f 2467/131/3927 2557/131/3928 2555/131/3927
f 2555/131/3927 2529/131/3929 2467/131/3927
s 1926
f 2504/131/3930 2558/131/3930 2556/131/3930
f 2556/131/3930 2530/131/3930 2504/131/3930
s 1927
f 2466/131/3931 2559/131/3932 2557/131/3933
f 2557/131/3933 2467/131/3931 2466/131/3931
s 1928
f 2503/131/3934 2560/131/3935 2558/131/3936
f 2558/131/3936 2504/131/3937 2503/131/3934
s 1929
f 2505/131/3938 2561/131/3939 2559/131/3940
f 2559/131/3940 2466/131/3941 2505/131/3938
s 1930
f 2506/131/3942 2562/131/3943 2560/131/3944
f 2560/131/3944 2503/131/3945 2506/131/3942
s 1931
f 2502/131/3946 2501/131/3947 2561/131/3947
f 2561/131/3947 2505/131/3947 2502/131/3946
s 1932
f 2507/131/3948 2536/131/3949 2562/131/3949
f 2562/131/3949 2506/131/3948 2507/131/3948
s 1933
f 2563/131/3950 2564/131/3951 2565/131/3952
f 2565/131/3952 2566/131/3952 2563/131/3950
s 1934
f 2542/131/3679 2567/131/3953 2568/131/3954
f 2568/131/3954 2539/131/3955 2542/131/3679
s 1935
f 2569/131/3956 2570/131/3956 2541/131/3956
f 2541/131/3956 2543/131/3956 2569/131/3956
s 1936
f 2532/131/3957 2544/131/3958 2571/131/3959
f 2571/131/3959 2533/131/3959 2532/131/3957
s 1937
f 2545/131/3687 2572/131/3960 2567/131/3961
f 2567/131/3961 2542/131/3687 2545/131/3687
s 1938
f 2543/131/3690 2546/131/3688 2573/131/3962
f 2573/131/3962 2569/131/3963 2543/131/3690
s 1939
f 2544/131/3964 2547/131/3965 2566/131/3966
f 2566/131/3966 2571/131/3967 2544/131/3964
s 1940
f 2548/131/3968 2574/131/3694 2572/131/3694
f 2572/131/3694 2545/131/3969 2548/131/3968
s 1941
f 2546/131/3970 2549/131/3970 2575/131/3971
f 2575/131/3971 2573/131/3971 2546/131/3970
s 1942
f 2547/131/3699 2550/131/3972 2563/131/3699
f 2563/131/3699 2566/131/3973 2547/131/3699
s 1943
f 2551/131/3974 2576/131/3975 2574/131/3976
f 2574/131/3976 2548/131/3974 2551/131/3974
s 1944
f 2575/131/3977 2549/131/3978 2540/131/3978
f 2540/131/3978 2577/131/3979 2575/131/3977
s 1945
f 2550/131/3709 2552/131/3709 2578/131/3709
f 2578/131/3709 2563/131/3980 2550/131/3709
s 1946
f 2553/131/3981 2579/131/3982 2576/131/3983
f 2576/131/3983 2551/131/3713 2553/131/3981
s 1947
f 2580/131/3984 2578/131/3984 2552/131/3984
f 2552/131/3984 2554/131/3984 2580/131/3984
s 1948
f 2555/131/3985 2581/131/3986 2579/131/3986
f 2579/131/3986 2553/131/3987 2555/131/3985
s 1949
f 2554/131/3988 2556/131/3988 2582/131/3988
f 2582/131/3988 2580/131/3988 2554/131/3988
s 1950
f 2555/131/3989 2557/131/3990 2583/131/3990
f 2583/131/3990 2581/131/3990 2555/131/3989
s 1951
f 2556/131/3991 2558/131/3992 2584/131/3993
f 2584/131/3993 2582/131/3994 2556/131/3991
s 1952
f 2557/131/3730 2559/131/3995 2585/131/3730
f 2585/131/3730 2583/131/3996 2557/131/3730
s 1953
f 2586/131/3733 2584/131/3733 2558/131/3997
f 2558/131/3997 2560/131/3998 2586/131/3733
s 1954
f 2585/131/3999 2559/131/4000 2561/131/3999
f 2561/131/3999 2587/131/4000 2585/131/3999
s 1955
f 2560/131/3737 2562/131/3737 2588/131/4001
f 2588/131/4001 2586/131/4002 2560/131/3737
s 1956
f 2561/131/4003 2501/131/4004 2589/131/4005
f 2589/131/4005 2587/131/4006 2561/131/4003
s 1957
f 2562/131/4007 2536/131/4008 2590/131/3746
f 2590/131/3746 2588/131/3747 2562/131/4007
s 1958
f 2589/131/4009 2501/131/4009 2500/131/4009
f 2500/131/4009 2591/131/4009 2589/131/4009
s 1959
f 2592/131/4010 2590/131/4011 2536/131/4012
f 2536/131/4012 2535/131/4013 2592/131/4010
s 1960
f 2591/131/4014 2500/131/4015 2537/131/4016
f 2537/131/4016 2593/131/4017 2591/131/4014
s 1961
f 2535/131/4018 2538/131/3758 2594/131/3758
f 2594/131/3758 2592/131/3758 2535/131/4018
s 1962
f 2534/131/4019 2593/131/4019 2537/131/4020
f 2537/131/4020 2531/131/4019 2534/131/4019
s 1963
f 2539/131/4021 2568/131/4021 2577/131/4021
f 2577/131/4021 2540/131/4022 2539/131/4021
s 1964
f 2538/131/4023 2541/131/4023 2570/131/4023
f 2570/131/4023 2594/131/4023 2538/131/4023
s 1965
f 2595/131/4024 2596/131/4025 2597/131/4024
f 2597/131/4024 2598/131/4026 2595/131/4024
s 1966
f 2576/131/4027 2599/131/4028 2600/131/4029
f 2600/131/4029 2574/131/4030 2576/131/4027
s 1967
f 2601/131/4031 2575/131/4032 2577/131/4032
f 2577/131/4032 2602/131/4033 2601/131/4031
s 1968
f 2564/131/4034 2563/131/4034 2578/131/4034
f 2578/131/4034 2603/131/4034 2564/131/4034
s 1969
f 2604/131/4035 2599/131/4036 2576/131/4035
f 2576/131/4035 2579/131/4035 2604/131/4035
s 1970
f 2580/131/4037 2598/131/4038 2603/131/4039
f 2603/131/4039 2578/131/4040 2580/131/4037
s 1971
f 2581/131/4041 2605/131/4042 2604/131/4043
f 2604/131/4043 2579/131/4044 2581/131/4041
s 1972
f 2582/131/4045 2595/131/4046 2598/131/4047
f 2598/131/4047 2580/131/4048 2582/131/4045
s 1973
f 2583/131/4049 2606/131/4050 2605/131/4051
f 2605/131/4051 2581/131/4052 2583/131/4049
s 1974
f 2607/131/4053 2595/131/4053 2582/131/4054
f 2582/131/4054 2584/131/4053 2607/131/4053
s 1975
f 2585/131/4055 2608/131/4056 2606/131/4057
f 2606/131/4057 2583/131/4058 2585/131/4055
s 1976
f 2586/131/4059 2609/131/4060 2607/131/4059
f 2607/131/4059 2584/131/4060 2586/131/4059
s 1977
f 2610/131/4061 2608/131/4062 2585/131/4063
f 2585/131/4063 2587/131/4064 2610/131/4061
s 1978
f 2588/131/4065 2611/131/4066 2609/131/4065
f 2609/131/4065 2586/131/4067 2588/131/4065
s 1979
f 2589/131/4068 2612/131/4069 2610/131/4070
f 2610/131/4070 2587/131/4071 2589/131/4068
s 1980
f 2613/131/4072 2611/131/4073 2588/131/4074
f 2588/131/4074 2590/131/4075 2613/131/4072
s 1981
f 2591/131/4076 2614/131/4077 2612/131/4078
f 2612/131/4078 2589/131/4079 2591/131/4076
s 1982
f 2592/131/4080 2615/131/4081 2613/131/4080
f 2613/131/4080 2590/131/4082 2592/131/4080
s 1983
f 2616/131/4083 2614/131/4084 2591/131/4083
f 2591/131/4083 2593/131/4083 2616/131/4083
s 1984
f 2594/131/4085 2617/131/4086 2615/131/4086
f 2615/131/4086 2592/131/4086 2594/131/4085
s 1985
f 2534/131/4087 2618/131/4087 2616/131/4088
f 2616/131/4088 2593/131/4089 2534/131/4087
s 1986
f 2568/131/4090 2619/131/4091 2602/131/4092
f 2602/131/4092 2577/131/4093 2568/131/4090
s 1987
f 2617/131/4094 2594/131/4095 2570/131/4094
f 2570/131/4094 2620/131/4094 2617/131/4094
s 1988
f 2533/131/4096 2621/131/4097 2618/131/4098
f 2618/131/4098 2534/131/4099 2533/131/4096
s 1989
f 2567/131/4100 2622/131/4101 2619/131/4100
f 2619/131/4100 2568/131/4100 2567/131/4100
s 1990
f 2569/131/4102 2623/131/4103 2620/131/4104
f 2620/131/4104 2570/131/4105 2569/131/4102
s 1991
f 2624/131/4106 2621/131/4107 2533/131/4108
f 2533/131/4108 2571/131/4109 2624/131/4106
s 1992
f 2625/131/4110 2622/131/4111 2567/131/4112
f 2567/131/4112 2572/131/4111 2625/131/4110
s 1993
f 2573/131/4113 2626/131/4114 2623/131/4114
f 2623/131/4114 2569/131/4115 2573/131/4113
s 1994
f 2566/131/4116 2565/131/4117 2624/131/4118
f 2624/131/4118 2571/131/4119 2566/131/4116
s 1995
f 2574/131/4120 2600/131/4120 2625/131/4120
f 2625/131/4120 2572/131/4120 2574/131/4120
s 1996
f 2601/131/4121 2626/131/4122 2573/131/4123
f 2573/131/4123 2575/131/4124 2601/131/4121
s 1997
f 2627/131/4125 2628/131/3737 2629/131/4126
f 2629/131/4126 2630/131/4127 2627/131/4125
s 1998
f 2631/131/4128 2605/131/4128 2606/131/4128
f 2606/131/4128 2632/131/4128 2631/131/4128
s 1999
f 2607/131/4129 2633/131/4129 2596/131/4130
f 2596/131/4130 2595/131/4131 2607/131/4129
s 2000
f 2608/131/4132 2634/131/4133 2632/131/4134
f 2632/131/4134 2606/131/4135 2608/131/4132
s 2001
f 2633/131/4136 2607/131/4137 2609/131/4138
f 2609/131/4138 2629/131/4139 2633/131/4136
s 2002
f 2610/131/4140 2635/131/4141 2634/131/4140
f 2634/131/4140 2608/131/4140 2610/131/4140
s 2003
f 2611/131/4142 2630/131/4143 2629/131/4144
f 2629/131/4144 2609/131/4145 2611/131/4142
s 2004
f 2636/131/4146 2635/131/4147 2610/131/4146
f 2610/131/4146 2612/131/4148 2636/131/4146
s 2005
f 2613/131/4149 2637/131/4150 2630/131/4151
f 2630/131/4151 2611/131/4152 2613/131/4149
s 2006
f 2614/131/4153 2638/131/4154 2636/131/4155
f 2636/131/4155 2612/131/4156 2614/131/4153
s 2007
f 2637/131/4157 2613/131/4158 2615/131/4157
f 2615/131/4157 2639/131/4159 2637/131/4157
s 2008
f 2616/131/4160 2640/131/4161 2638/131/4160
f 2638/131/4160 2614/131/4162 2616/131/4160
s 2009
f 2617/131/4163 2641/131/4164 2639/131/4165
f 2639/131/4165 2615/131/4166 2617/131/4163
s 2010
f 2642/131/4167 2640/131/4168 2616/131/4167
f 2616/131/4167 2618/131/4169 2642/131/4167
s 2011
f 2602/131/4170 2619/131/4171 2643/131/4170
f 2643/131/4170 2644/131/4172 2602/131/4170
s 2012
f 2620/131/4173 2645/131/4174 2641/131/4175
f 2641/131/4175 2617/131/4176 2620/131/4173
s 2013
f 2621/131/4177 2646/131/4178 2642/131/4177
f 2642/131/4177 2618/131/4179 2621/131/4177
s 2014
f 2622/131/4180 2647/131/4181 2643/131/4182
f 2643/131/4182 2619/131/4182 2622/131/4180
s 2015
f 2648/131/4183 2645/131/4184 2620/131/4185
f 2620/131/4185 2623/131/4184 2648/131/4183
s 2016
f 2624/131/4186 2649/131/4186 2646/131/4186
f 2646/131/4186 2621/131/4186 2624/131/4186
s 2017
f 2625/131/4187 2650/131/4187 2647/131/4187
f 2647/131/4187 2622/131/4188 2625/131/4187
s 2018
f 2626/131/4189 2651/131/4190 2648/131/4191
f 2648/131/4191 2623/131/4192 2626/131/4189
s 2019
f 2649/131/4193 2624/131/4194 2565/131/4193
f 2565/131/4193 2652/131/4194 2649/131/4193
s 2020
f 2600/131/4195 2653/131/4196 2650/131/4197
f 2650/131/4197 2625/131/4198 2600/131/4195
s 2021
f 2601/131/4199 2654/131/4200 2651/131/4201
f 2651/131/4201 2626/131/4202 2601/131/4199
s 2022
f 2564/131/4203 2655/131/4204 2652/131/4203
f 2652/131/4203 2565/131/4205 2564/131/4203
s 2023
f 2653/131/4206 2600/131/4207 2599/131/4208
f 2599/131/4208 2656/131/4209 2653/131/4206
s 2024
f 2644/131/4210 2654/131/4211 2601/131/4211
f 2601/131/4211 2602/131/4211 2644/131/4210
s 2025
f 2603/131/4212 2657/131/4213 2655/131/4214
f 2655/131/4214 2564/131/4214 2603/131/4212
s 2026
f 2604/131/4215 2658/131/4215 2656/131/4216
f 2656/131/4216 2599/131/4215 2604/131/4215
s 2027
f 2657/131/4217 2603/131/4217 2598/131/4218
f 2598/131/4218 2597/131/4217 2657/131/4217
s 2028
f 2605/131/4219 2631/131/4220 2658/131/4221
f 2658/131/4221 2604/131/4222 2605/131/4219
s 2029
f 2659/131/4223 2660/131/4223 2661/131/4223
f 2661/131/4223 2662/131/4224 2659/131/4223
s 2030
f 2636/131/4225 2663/131/4225 2664/131/4226
f 2664/131/4226 2635/131/3741 2636/131/4225
s 2031
f 2637/131/4227 2665/131/4007 2627/131/4228
f 2627/131/4228 2630/131/3745 2637/131/4227
s 2032
f 2666/131/4229 2663/131/4229 2636/131/4230
f 2636/131/4230 2638/131/4230 2666/131/4229
s 2033
f 2639/131/4231 2662/131/4232 2665/131/4231
f 2665/131/4231 2637/131/4231 2639/131/4231
s 2034
f 2640/131/4233 2667/131/4233 2666/131/4234
f 2666/131/4234 2638/131/4233 2640/131/4233
s 2035
f 2659/131/4235 2662/131/4236 2639/131/4235
f 2639/131/4235 2641/131/4237 2659/131/4235
s 2036
f 2642/131/4238 2668/131/4238 2667/131/4238
f 2667/131/4238 2640/131/4238 2642/131/4238
s 2037
f 2644/131/4239 2643/131/4239 2669/131/3672
f 2669/131/3672 2670/131/4022 2644/131/4239
s 2038
f 2645/131/4023 2671/131/4023 2659/131/4023
f 2659/131/4023 2641/131/4023 2645/131/4023
s 2039
f 2672/131/4240 2668/131/3861 2642/131/4241
f 2642/131/4241 2646/131/4242 2672/131/4240
s 2040
f 2669/131/4243 2643/131/4244 2647/131/4245
f 2647/131/4245 2673/131/4246 2669/131/4243
s 2041
f 2648/131/4247 2674/131/4247 2671/131/4247
f 2671/131/4247 2645/131/4247 2648/131/4247
s 2042
f 2649/131/4248 2675/131/4249 2672/131/4248
f 2672/131/4248 2646/131/4248 2649/131/4248
s 2043
f 2673/131/3687 2647/131/4250 2650/131/4251
f 2650/131/4251 2676/131/3687 2673/131/3687
s 2044
f 2677/131/4252 2674/131/4253 2648/131/3688
f 2648/131/3688 2651/131/4254 2677/131/4252
s 2045
f 2652/131/4255 2678/131/3964 2675/131/3966
f 2675/131/3966 2649/131/3964 2652/131/4255
s 2046
f 2653/131/3694 2679/131/3694 2676/131/4256
f 2676/131/4256 2650/131/4256 2653/131/3694
s 2047
f 2654/131/4257 2680/131/4258 2677/131/4259
f 2677/131/4259 2651/131/4257 2654/131/4257
s 2048
f 2681/131/4260 2678/131/4261 2652/131/4262
f 2652/131/4262 2655/131/4260 2681/131/4260
s 2049
f 2656/131/3974 2682/131/4263 2679/131/3974
f 2679/131/3974 2653/131/3974 2656/131/3974
s 2050
f 2670/131/4264 2680/131/3978 2654/131/3978
f 2654/131/3978 2644/131/4265 2670/131/4264
s 2051
f 2657/131/3709 2683/131/3709 2681/131/4266
f 2681/131/4266 2655/131/4267 2657/131/3709
s 2052
f 2682/131/4268 2656/131/4269 2658/131/4269
f 2658/131/4269 2684/131/4270 2682/131/4268
s 2053
f 2597/131/3717 2685/131/3717 2683/131/3717
f 2683/131/3717 2657/131/4271 2597/131/3717
s 2054
f 2631/131/3987 2686/131/4272 2684/131/4273
f 2684/131/4273 2658/131/4274 2631/131/3987
s 2055
f 2687/131/4275 2685/131/4276 2597/131/4275
f 2597/131/4275 2596/131/4275 2687/131/4275
s 2056
f 2632/131/4277 2688/131/4278 2686/131/3723
f 2686/131/3723 2631/131/3723 2632/131/4277
s 2057
f 2633/131/3993 2689/131/4279 2687/131/3993
f 2687/131/3993 2596/131/3993 2633/131/3993
s 2058
f 2690/131/4280 2688/131/3730 2632/131/4281
f 2632/131/4281 2634/131/4282 2690/131/4280
s 2059
f 2629/131/4283 2628/131/3997 2689/131/4283
f 2689/131/4283 2633/131/4283 2629/131/4283
s 2060
f 2635/131/4284 2664/131/4285 2690/131/4286
f 2690/131/4286 2634/131/4287 2635/131/4284
s 2061
f 2691/131/4288 2692/131/4289 2693/131/4290
f 2693/131/4290 2694/131/4291 2691/131/4288
s 2062
f 2668/131/4292 2695/131/4292 2696/131/4292
f 2696/131/4292 2667/131/4292 2668/131/4292
s 2063
f 2697/131/4293 2698/131/4293 2670/131/4293
f 2670/131/4293 2669/131/4293 2697/131/4293
s 2064
f 2699/131/4294 2660/131/4294 2659/131/4294
f 2659/131/4294 2671/131/4294 2699/131/4294
s 2065
f 2672/131/4295 2700/131/4295 2695/131/4295
f 2695/131/4295 2668/131/4295 2672/131/4295
s 2066
f 2673/131/4296 2701/131/4297 2697/131/4298
f 2697/131/4298 2669/131/4297 2673/131/4296
s 2067
f 2674/131/4299 2702/131/4299 2699/131/4299
f 2699/131/4299 2671/131/4299 2674/131/4299
s 2068
f 2703/131/4300 2700/131/4300 2672/131/4301
f 2672/131/4301 2675/131/4300 2703/131/4300
s 2069
f 2676/131/4302 2704/131/4302 2701/131/4302
f 2701/131/4302 2673/131/4302 2676/131/4302
s 2070
f 2677/131/4303 2705/131/4303 2702/131/4303
f 2702/131/4303 2674/131/4303 2677/131/4303
s 2071
f 2678/131/4304 2706/131/4305 2703/131/4305
f 2703/131/4305 2675/131/4305 2678/131/4304
s 2072
f 2707/131/4306 2704/131/4307 2676/131/4308
f 2676/131/4308 2679/131/4307 2707/131/4306
s 2073
f 2705/131/4309 2677/131/4309 2680/131/4309
f 2680/131/4309 2708/131/4309 2705/131/4309
s 2074
f 2681/131/4310 2709/131/4310 2706/131/4310
f 2706/131/4310 2678/131/4310 2681/131/4310
s 2075
f 2682/131/4311 2710/131/4311 2707/131/4312
f 2707/131/4312 2679/131/4311 2682/131/4311
s 2076
f 2698/131/4313 2708/131/4313 2680/131/4313
f 2680/131/4313 2670/131/4313 2698/131/4313
s 2077
f 2709/131/4314 2681/131/4314 2683/131/4314
f 2683/131/4314 2711/131/4314 2709/131/4314
s 2078
f 2684/131/4315 2712/131/4315 2710/131/4315
f 2710/131/4315 2682/131/4315 2684/131/4315
s 2079
f 2685/131/4316 2713/131/4316 2711/131/4316
f 2711/131/4316 2683/131/4316 2685/131/4316
s 2080
f 2714/131/4317 2712/131/4317 2684/131/4317
f 2684/131/4317 2686/131/4317 2714/131/4317
s 2081
f 2687/131/4318 2715/131/4318 2713/131/4318
f 2713/131/4318 2685/131/4318 2687/131/4318
s 2082
f 2688/131/4319 2716/131/4320 2714/131/4321
f 2714/131/4321 2686/131/4320 2688/131/4319
s 2083
f 2693/131/4322 2715/131/4323 2687/131/4323
f 2687/131/4323 2689/131/4322 2693/131/4322
s 2084
f 2690/131/4324 2717/131/4325 2716/131/4326
f 2716/131/4326 2688/131/4325 2690/131/4324
s 2085
f 2628/131/4327 2694/131/4328 2693/131/4329
f 2693/131/4329 2689/131/4328 2628/131/4327
s 2086
f 2717/131/4330 2690/131/4331 2664/131/4331
f 2664/131/4331 2718/131/4331 2717/131/4330
s 2087
f 2627/131/4332 2719/131/4333 2694/131/4333
f 2694/131/4333 2628/131/4334 2627/131/4332
s 2088
f 2663/131/4335 2720/131/4335 2718/131/4335
f 2718/131/4335 2664/131/4335 2663/131/4335
s 2089
f 2719/131/4336 2627/131/4337 2665/131/4338
f 2665/131/4338 2721/131/4337 2719/131/4336
s 2090
f 2666/131/4339 2722/131/4339 2720/131/4339
f 2720/131/4339 2663/131/4339 2666/131/4339
s 2091
f 2662/131/4340 2661/131/4340 2721/131/4340
f 2721/131/4340 2665/131/4340 2662/131/4340
s 2092
f 2696/131/4341 2722/131/4342 2666/131/4343
f 2666/131/4343 2667/131/4342 2696/131/4341
s 2093
f 2723/131/4344 2724/131/4344 2725/131/4344
f 2725/131/4344 2726/131/4344 2723/131/4344
s 2094
f 2718/131/4345 2727/131/4346 2728/131/4345
f 2728/131/4345 2717/131/4347 2718/131/4345
s 2095
f 2719/131/4348 2729/131/4349 2691/131/4350
f 2691/131/4350 2694/131/4350 2719/131/4348
s 2096
f 2730/131/4351 2727/131/4352 2718/131/4351
f 2718/131/4351 2720/131/4353 2730/131/4351
s 2097
f 2721/131/4354 2726/131/4355 2729/131/4356
f 2729/131/4356 2719/131/4354 2721/131/4354
s 2098
f 2722/131/4357 2731/131/4358 2730/131/4357
f 2730/131/4357 2720/131/4359 2722/131/4357
s 2099
f 2726/131/4360 2721/131/4361 2661/131/4362
f 2661/131/4362 2723/131/4363 2726/131/4360
s 2100
f 2696/131/4364 2732/131/4365 2731/131/4364
f 2731/131/4364 2722/131/4366 2696/131/4364
s 2101
f 2660/131/4367 2733/131/4368 2723/131/4369
f 2723/131/4369 2661/131/4370 2660/131/4367
s 2102
f 2732/131/4371 2696/131/4372 2695/131/4371
f 2695/131/4371 2734/131/4372 2732/131/4371
s 2103
f 2698/131/4373 2697/131/4374 2735/131/4373
f 2735/131/4373 2736/131/4375 2698/131/4373
s 2104
f 2699/131/4376 2737/131/4376 2733/131/4376
f 2733/131/4376 2660/131/4377 2699/131/4376
s 2105
f 2700/131/4378 2738/131/4379 2734/131/4380
f 2734/131/4380 2695/131/4381 2700/131/4378
s 2106
f 2701/131/4382 2739/131/4383 2735/131/4382
f 2735/131/4382 2697/131/4384 2701/131/4382
s 2107
f 2740/131/4385 2737/131/4386 2699/131/4387
f 2699/131/4387 2702/131/4387 2740/131/4385
s 2108
f 2703/131/4388 2741/131/4389 2738/131/4388
f 2738/131/4388 2700/131/4390 2703/131/4388
s 2109
f 2704/131/4391 2742/131/4392 2739/131/4393
f 2739/131/4393 2701/131/4394 2704/131/4391
s 2110
f 2705/131/4395 2743/131/4396 2740/131/4397
f 2740/131/4397 2702/131/4398 2705/131/4395
s 2111
f 2744/131/4399 2741/131/4400 2703/131/4399
f 2703/131/4399 2706/131/4401 2744/131/4399
s 2112
f 2707/131/4402 2745/131/4403 2742/131/4404
f 2742/131/4404 2704/131/4405 2707/131/4402
s 2113
f 2708/131/4406 2746/131/4407 2743/131/4408
f 2743/131/4408 2705/131/4408 2708/131/4406
s 2114
f 2709/131/4409 2747/131/4410 2744/131/4411
f 2744/131/4411 2706/131/4411 2709/131/4409
s 2115
f 2745/131/4412 2707/131/4413 2710/131/4412
f 2710/131/4412 2748/131/4412 2745/131/4412
s 2116
f 2736/131/4414 2746/131/4415 2708/131/4416
f 2708/131/4416 2698/131/4417 2736/131/4414
s 2117
f 2711/131/4418 2749/131/4419 2747/131/4420
f 2747/131/4420 2709/131/4421 2711/131/4418
s 2118
f 2712/131/4422 2750/131/4423 2748/131/4422
f 2748/131/4422 2710/131/4424 2712/131/4422
s 2119
f 2749/131/4425 2711/131/4426 2713/131/4427
f 2713/131/4427 2751/131/4425 2749/131/4425
s 2120
f 2714/131/4428 2752/131/4429 2750/131/4430
f 2750/131/4430 2712/131/4431 2714/131/4428
s 2121
f 2715/131/4432 2753/131/4433 2751/131/4434
f 2751/131/4434 2713/131/4435 2715/131/4432
s 2122
f 2754/131/4436 2752/131/4437 2714/131/4438
f 2714/131/4438 2716/131/4439 2754/131/4436
s 2123
f 2693/131/4440 2692/131/4441 2753/131/4442
f 2753/131/4442 2715/131/4443 2693/131/4440
s 2124
f 2717/131/4444 2728/131/4445 2754/131/4446
f 2754/131/4446 2716/131/4447 2717/131/4444
s 2125
f 2755/131/4448 2756/131/4448 2757/131/4448
f 2757/131/4448 2758/131/4448 2755/131/4448
s 2126
f 2732/131/4449 2759/131/4450 2760/131/4449
f 2760/131/4449 2731/131/4451 2732/131/4449
s 2127
f 2723/131/4452 2733/131/4453 2761/131/4453
f 2761/131/4453 2724/131/4453 2723/131/4452
s 2128
f 2734/131/4454 2762/131/4455 2759/131/4456
f 2759/131/4456 2732/131/4456 2734/131/4454
s 2129
f 2736/131/4457 2735/131/4458 2763/131/4457
f 2763/131/4457 2764/131/4459 2736/131/4457
s 2130
f 2761/131/4460 2733/131/4460 2737/131/4461
f 2737/131/4461 2756/131/4460 2761/131/4460
s 2131
f 2734/131/4462 2738/131/4463 2765/131/4464
f 2765/131/4464 2762/131/4462 2734/131/4462
s 2132
f 2763/131/4465 2735/131/4466 2739/131/4465
f 2739/131/4465 2766/131/4467 2763/131/4465
s 2133
f 2740/131/4468 2757/131/4469 2756/131/4470
f 2756/131/4470 2737/131/4471 2740/131/4468
s 2134
f 2765/131/4472 2738/131/4472 2741/131/4472
f 2741/131/4472 2767/131/4472 2765/131/4472
s 2135
f 2766/131/4473 2739/131/4474 2742/131/4475
f 2742/131/4475 2768/131/4476 2766/131/4473
s 2136
f 2740/131/4477 2743/131/4478 2769/131/4479
f 2769/131/4479 2757/131/4480 2740/131/4477
s 2137
f 2744/131/4481 2770/131/4482 2767/131/4482
f 2767/131/4482 2741/131/4481 2744/131/4481
s 2138
f 2745/131/4483 2771/131/4484 2768/131/4485
f 2768/131/4485 2742/131/4483 2745/131/4483
s 2139
f 2769/131/4486 2743/131/4487 2746/131/4486
f 2746/131/4486 2772/131/4488 2769/131/4486
s 2140
f 2744/131/4489 2747/131/4490 2773/131/4491
f 2773/131/4491 2770/131/4489 2744/131/4489
s 2141
f 2748/131/4492 2774/131/4493 2771/131/4494
f 2771/131/4494 2745/131/4493 2748/131/4492
s 2142
f 2746/131/4495 2736/131/4495 2764/131/4495
f 2764/131/4495 2772/131/4496 2746/131/4495
s 2143
f 2773/131/4497 2747/131/4498 2749/131/4499
f 2749/131/4499 2775/131/4500 2773/131/4497
s 2144
f 2774/131/4501 2748/131/4501 2750/131/4501
f 2750/131/4501 2776/131/4501 2774/131/4501
s 2145
f 2751/131/4502 2777/131/4503 2775/131/4504
f 2775/131/4504 2749/131/4505 2751/131/4502
s 2146
f 2752/131/4506 2778/131/4506 2776/131/4506
f 2776/131/4506 2750/131/4506 2752/131/4506
s 2147
f 2751/131/4507 2753/131/4508 2779/131/4509
f 2779/131/4509 2777/131/4510 2751/131/4507
s 2148
f 2754/131/4511 2780/131/4512 2778/131/4513
f 2778/131/4513 2752/131/4514 2754/131/4511
s 2149
f 2779/131/4515 2753/131/4516 2692/131/4517
f 2692/131/4517 2781/131/4518 2779/131/4515
s 2150
f 2754/131/4519 2728/131/4520 2782/131/4521
f 2782/131/4521 2780/131/4522 2754/131/4519
s 2151
f 2691/131/4523 2783/131/4523 2781/131/4523
f 2781/131/4523 2692/131/4523 2691/131/4523
s 2152
f 2782/131/4524 2728/131/4524 2727/131/4524
f 2727/131/4524 2784/131/4524 2782/131/4524
s 2153
f 2691/131/4525 2729/131/4526 2785/131/4525
f 2785/131/4525 2783/131/4527 2691/131/4525
s 2154
f 2786/131/4528 2784/131/4529 2727/131/4529
f 2727/131/4529 2730/131/4530 2786/131/4528
s 2155
f 2785/131/4531 2729/131/4532 2726/131/4533
f 2726/131/4533 2725/131/4534 2785/131/4531
s 2156
f 2786/131/4535 2730/131/4536 2731/131/4535
f 2731/131/4535 2760/131/4537 2786/131/4535
s 2157
f 2787/131/4538 2788/131/4538 2789/131/4538
f 2789/131/4538 2790/131/4539 2787/131/4538
s 2158
f 2767/131/4540 2791/131/4540 2792/131/4540
f 2792/131/4540 2765/131/4540 2767/131/4540
s 2159
f 2768/131/4541 2793/131/4542 2794/131/4542
f 2794/131/4542 2766/131/4542 2768/131/4541
s 2160
f 2769/131/4543 2795/131/4544 2758/131/4544
f 2758/131/4544 2757/131/4544 2769/131/4543
s 2161
f 2791/131/4545 2767/131/4545 2770/131/4545
f 2770/131/4545 2796/131/4545 2791/131/4545
s 2162
f 2768/131/4546 2771/131/4547 2797/131/4548
f 2797/131/4548 2793/131/4547 2768/131/4546
s 2163
f 2772/131/4549 2789/131/4549 2795/131/4549
f 2795/131/4549 2769/131/4549 2772/131/4549
s 2164
f 2773/131/4550 2798/131/4550 2796/131/4550
f 2796/131/4550 2770/131/4550 2773/131/4550
s 2165
f 2797/131/4551 2771/131/4552 2774/131/4553
f 2774/131/4553 2799/131/4552 2797/131/4551
s 2166
f 2790/131/4554 2789/131/4554 2772/131/4554
f 2772/131/4554 2764/131/4554 2790/131/4554
s 2167
f 2775/131/4555 2800/131/4555 2798/131/4555
f 2798/131/4555 2773/131/4555 2775/131/4555
s 2168
f 2776/131/4556 2801/131/4557 2799/131/4558
f 2799/131/4558 2774/131/4557 2776/131/4556
s 2169
f 2800/131/4559 2775/131/4560 2777/131/4560
f 2777/131/4560 2802/131/4561 2800/131/4559
s 2170
f 2776/131/4562 2778/131/4563 2803/131/4563
f 2803/131/4563 2801/131/4563 2776/131/4562
s 2171
f 2779/131/4564 2804/131/4564 2802/131/4564
f 2802/131/4564 2777/131/4564 2779/131/4564
s 2172
f 2803/131/4565 2778/131/4566 2780/131/4567
f 2780/131/4567 2805/131/4566 2803/131/4565
s 2173
f 2781/131/4568 2806/131/4568 2804/131/4568
f 2804/131/4568 2779/131/4568 2781/131/4568
s 2174
f 2782/131/4569 2807/131/4570 2805/131/4570
f 2805/131/4570 2780/131/4570 2782/131/4569
s 2175
f 2806/131/4571 2781/131/4571 2783/131/4572
f 2783/131/4572 2808/131/4571 2806/131/4571
s 2176
f 2784/131/4573 2809/131/4573 2807/131/4574
f 2807/131/4574 2782/131/4573 2784/131/4573
s 2177
f 2785/131/4575 2810/131/4576 2808/131/4577
f 2808/131/4577 2783/131/4577 2785/131/4575
s 2178
f 2784/131/4578 2786/131/4579 2811/131/4579
f 2811/131/4579 2809/131/4579 2784/131/4578
s 2179
f 2725/131/4580 2812/131/4581 2810/131/4582
f 2810/131/4582 2785/131/4583 2725/131/4580
s 2180
f 2813/131/4584 2811/131/4585 2786/131/4586
f 2786/131/4586 2760/131/4587 2813/131/4584
s 2181
f 2812/131/4588 2725/131/4588 2724/131/4588
f 2724/131/4588 2814/131/4588 2812/131/4588
s 2182
f 2813/131/4589 2760/131/4589 2759/131/4590
f 2759/131/4590 2815/131/4589 2813/131/4589
s 2183
f 2761/131/4591 2816/131/4591 2814/131/4591
f 2814/131/4591 2724/131/4591 2761/131/4591
s 2184
f 2815/131/4592 2759/131/4592 2762/131/4593
f 2762/131/4593 2817/131/4592 2815/131/4592
s 2185
f 2763/131/4594 2818/131/4595 2790/131/4595
f 2790/131/4595 2764/131/4595 2763/131/4594
s 2186
f 2756/131/4596 2755/131/4596 2816/131/4596
f 2816/131/4596 2761/131/4596 2756/131/4596
s 2187
f 2765/131/4597 2792/131/4597 2817/131/4597
f 2817/131/4597 2762/131/4597 2765/131/4597
s 2188
f 2818/131/4598 2763/131/4598 2766/131/4599
f 2766/131/4599 2794/131/4598 2818/131/4598
s 2189
f 2819/131/4600 2820/131/4601 2821/131/4602
f 2821/131/4602 2822/131/4600 2819/131/4600
s 2190
f 2800/131/4603 2823/131/4604 2824/131/4603
f 2824/131/4603 2798/131/4603 2800/131/4603
s 2191
f 2825/131/4605 2799/131/4606 2801/131/4607
f 2801/131/4607 2826/131/4605 2825/131/4605
s 2192
f 2802/131/4608 2827/131/4609 2823/131/4610
f 2823/131/4610 2800/131/4611 2802/131/4608
s 2193
f 2803/131/4612 2828/131/4613 2826/131/4614
f 2826/131/4614 2801/131/4615 2803/131/4612
s 2194
f 2827/131/4616 2802/131/4617 2804/131/4618
f 2804/131/4618 2822/131/4619 2827/131/4616
s 2195
f 2805/131/4620 2829/131/4621 2828/131/4620
f 2828/131/4620 2803/131/4622 2805/131/4620
s 2196
f 2806/131/4623 2819/131/4623 2822/131/4623
f 2822/131/4623 2804/131/4624 2806/131/4623
s 2197
f 2829/131/4625 2805/131/4625 2807/131/4626
f 2807/131/4626 2830/131/4627 2829/131/4625
s 2198
f 2808/131/4628 2831/131/4629 2819/131/4628
f 2819/131/4628 2806/131/4630 2808/131/4628
s 2199
f 2809/131/4631 2832/131/4632 2830/131/4631
f 2830/131/4631 2807/131/4633 2809/131/4631
s 2200
f 2831/131/4634 2808/131/4635 2810/131/4636
f 2810/131/4636 2833/131/4637 2831/131/4634
s 2201
f 2811/131/4638 2834/131/4639 2832/131/4640
f 2832/131/4640 2809/131/4640 2811/131/4638
s 2202
f 2812/131/4641 2835/131/4642 2833/131/4643
f 2833/131/4643 2810/131/4644 2812/131/4641
s 2203
f 2834/131/4645 2811/131/4646 2813/131/4647
f 2813/131/4647 2836/131/4646 2834/131/4645
s 2204
f 2814/131/4648 2837/131/4649 2835/131/4650
f 2835/131/4650 2812/131/4649 2814/131/4648
s 2205
f 2815/131/4651 2838/131/4652 2836/131/4653
f 2836/131/4653 2813/131/4654 2815/131/4651
s 2206
f 2837/131/4655 2814/131/4656 2816/131/4655
f 2816/131/4655 2839/131/4656 2837/131/4655
s 2207
f 2817/131/4657 2840/131/4658 2838/131/4659
f 2838/131/4659 2815/131/4660 2817/131/4657
s 2208
f 2790/131/4661 2818/131/4662 2841/131/4663
f 2841/131/4663 2787/131/4663 2790/131/4661
s 2209
f 2755/131/4664 2842/131/4665 2839/131/4666
f 2839/131/4666 2816/131/4667 2755/131/4664
s 2210
f 2840/131/4668 2817/131/4669 2792/131/4670
f 2792/131/4670 2843/131/4671 2840/131/4668
s 2211
f 2794/131/4672 2844/131/4673 2841/131/4674
f 2841/131/4674 2818/131/4675 2794/131/4672
s 2212
f 2758/131/4676 2845/131/4677 2842/131/4678
f 2842/131/4678 2755/131/4677 2758/131/4676
s 2213
f 2791/131/4679 2846/131/4680 2843/131/4681
f 2843/131/4681 2792/131/4682 2791/131/4679
s 2214
f 2844/131/4683 2794/131/4684 2793/131/4685
f 2793/131/4685 2847/131/4684 2844/131/4683
s 2215
f 2845/131/4686 2758/131/4687 2795/131/4688
f 2795/131/4688 2848/131/4688 2845/131/4686
s 2216
f 2796/131/4689 2849/131/4690 2846/131/4691
f 2846/131/4691 2791/131/4692 2796/131/4689
s 2217
f 2797/131/4693 2850/131/4694 2847/131/4693
f 2847/131/4693 2793/131/4695 2797/131/4693
s 2218
f 2789/131/4696 2788/131/4697 2848/131/4698
f 2848/131/4698 2795/131/4699 2789/131/4696
s 2219
f 2849/131/4700 2796/131/4700 2798/131/4700
f 2798/131/4700 2824/131/4701 2849/131/4700
s 2220
f 2799/131/4702 2825/131/4702 2850/131/4703
f 2850/131/4703 2797/131/4702 2799/131/4702
s 2221
f 2851/131/4704 2852/131/4705 2853/131/4705
f 2853/131/4705 2854/131/4705 2851/131/4704
s 2222
f 2855/131/4706 2856/131/4707 2829/131/4708
f 2829/131/4708 2830/131/4709 2855/131/4706
s 2223
f 2831/131/4710 2857/131/4711 2820/131/4711
f 2820/131/4711 2819/131/4712 2831/131/4710
s 2224
f 2832/131/4713 2858/131/4714 2855/131/4715
f 2855/131/4715 2830/131/4716 2832/131/4713
s 2225
f 2852/131/4717 2857/131/4718 2831/131/4718
f 2831/131/4718 2833/131/4718 2852/131/4717
s 2226
f 2834/131/4719 2859/131/4720 2858/131/4719
f 2858/131/4719 2832/131/4721 2834/131/4719
s 2227
f 2835/131/4722 2853/131/4722 2852/131/4722
f 2852/131/4722 2833/131/4723 2835/131/4722
s 2228
f 2860/131/4724 2859/131/4725 2834/131/4726
f 2834/131/4726 2836/131/4727 2860/131/4724
s 2229
f 2837/131/4728 2861/131/4729 2853/131/4730
f 2853/131/4730 2835/131/4730 2837/131/4728
s 2230
f 2838/131/4731 2862/131/4731 2860/131/4731
f 2860/131/4731 2836/131/4731 2838/131/4731
s 2231
f 2863/131/4732 2861/131/4733 2837/131/4733
f 2837/131/4733 2839/131/4733 2863/131/4732
s 2232
f 2840/131/4734 2864/131/4735 2862/131/4736
f 2862/131/4736 2838/131/4736 2840/131/4734
s 2233
f 2865/131/4737 2787/131/4738 2841/131/4739
f 2841/131/4739 2866/131/4738 2865/131/4737
s 2234
f 2842/131/4740 2867/131/4741 2863/131/4741
f 2863/131/4741 2839/131/4741 2842/131/4740
s 2235
f 2868/131/4742 2864/131/4742 2840/131/4742
f 2840/131/4742 2843/131/4743 2868/131/4742
s 2236
f 2866/131/4744 2841/131/4744 2844/131/4744
f 2844/131/4744 2869/131/4744 2866/131/4744
s 2237
f 2845/131/4745 2870/131/4746 2867/131/4746
f 2867/131/4746 2842/131/4747 2845/131/4745
s 2238
f 2846/131/4748 2871/131/4749 2868/131/4748
f 2868/131/4748 2843/131/4750 2846/131/4748
s 2239
f 2847/131/4751 2872/131/4752 2869/131/4753
f 2869/131/4753 2844/131/4754 2847/131/4751
s 2240
f 2873/131/4755 2870/131/4756 2845/131/4757
f 2845/131/4757 2848/131/4757 2873/131/4755
s 2241
f 2849/131/4758 2874/131/4759 2871/131/4758
f 2871/131/4758 2846/131/4759 2849/131/4758
s 2242
f 2872/131/4760 2847/131/4760 2850/131/4760
f 2850/131/4760 2875/131/4760 2872/131/4760
s 2243
f 2788/131/4761 2876/131/4762 2873/131/4761
f 2873/131/4761 2848/131/4763 2788/131/4761
s 2244
f 2877/131/4764 2874/131/4765 2849/131/4766
f 2849/131/4766 2824/131/4765 2877/131/4764
s 2245
f 2825/131/4767 2878/131/4768 2875/131/4767
f 2875/131/4767 2850/131/4769 2825/131/4767
s 2246
f 2865/131/4770 2876/131/4771 2788/131/4772
f 2788/131/4772 2787/131/4773 2865/131/4770
s 2247
f 2823/131/4774 2879/131/4775 2877/131/4776
f 2877/131/4776 2824/131/4777 2823/131/4774
s 2248
f 2826/131/4778 2880/131/4778 2878/131/4778
f 2878/131/4778 2825/131/4779 2826/131/4778
s 2249
f 2827/131/4780 2881/131/4781 2879/131/4782
f 2879/131/4782 2823/131/4781 2827/131/4780
s 2250
f 2880/131/4783 2826/131/4784 2828/131/4785
f 2828/131/4785 2882/131/4784 2880/131/4783
s 2251
f 2821/131/4786 2881/131/4787 2827/131/4786
f 2827/131/4786 2822/131/4786 2821/131/4786
s 2252
f 2829/131/4788 2856/131/4789 2882/131/4790
f 2882/131/4790 2828/131/4791 2829/131/4788
s 2253
f 2883/131/4792 2884/131/4793 2885/131/4793
f 2885/131/4793 2886/131/4793 2883/131/4792
s 2254
f 2860/131/4794 2887/131/4794 2888/131/4794
f 2888/131/4794 2859/131/4794 2860/131/4794
s 2255
f 2861/131/4795 2889/131/4796 2854/131/4796
f 2854/131/4796 2853/131/4796 2861/131/4795
s 2256
f 2890/131/4797 2887/131/4797 2860/131/4797
f 2860/131/4797 2862/131/4797 2890/131/4797
s 2257
f 2863/131/4798 2891/131/4798 2889/131/4798
f 2889/131/4798 2861/131/4798 2863/131/4798
s 2258
f 2864/131/4799 2892/131/4800 2890/131/4800
f 2890/131/4800 2862/131/4800 2864/131/4799
s 2259
f 2884/131/4801 2883/131/4801 2865/131/4801
f 2865/131/4801 2866/131/4801 2884/131/4801
s 2260
f 2893/131/4802 2891/131/4802 2863/131/4802
f 2863/131/4802 2867/131/4802 2893/131/4802
s 2261
f 2868/131/4803 2894/131/4803 2892/131/4803
f 2892/131/4803 2864/131/4803 2868/131/4803
s 2262
f 2869/131/4804 2895/131/4805 2884/131/4805
f 2884/131/4805 2866/131/4805 2869/131/4804
s 2263
f 2870/131/4806 2896/131/4806 2893/131/4806
f 2893/131/4806 2867/131/4806 2870/131/4806
s 2264
f 2897/131/4807 2894/131/4807 2868/131/4808
f 2868/131/4808 2871/131/4807 2897/131/4807
s 2265
f 2872/131/4809 2898/131/4810 2895/131/4810
f 2895/131/4810 2869/131/4810 2872/131/4809
s 2266
f 2873/131/4811 2899/131/4811 2896/131/4811
f 2896/131/4811 2870/131/4811 2873/131/4811
s 2267
f 2874/131/4812 2900/131/4812 2897/131/4812
f 2897/131/4812 2871/131/4812 2874/131/4812
s 2268
f 2901/131/4813 2898/131/4813 2872/131/4813
f 2872/131/4813 2875/131/4813 2901/131/4813
s 2269
f 2902/131/4814 2899/131/4814 2873/131/4814
f 2873/131/4814 2876/131/4814 2902/131/4814
s 2270
f 2877/131/4815 2903/131/4815 2900/131/4815
f 2900/131/4815 2874/131/4815 2877/131/4815
s 2271
f 2878/131/4816 2904/131/4816 2901/131/4816
f 2901/131/4816 2875/131/4816 2878/131/4816
s 2272
f 2902/131/4817 2876/131/4817 2865/131/4817
f 2865/131/4817 2883/131/4817 2902/131/4817
s 2273
f 2903/131/4818 2877/131/4818 2879/131/4818
f 2879/131/4818 2905/131/4818 2903/131/4818
s 2274
f 2880/131/4819 2906/131/4820 2904/131/4821
f 2904/131/4821 2878/131/4820 2880/131/4819
s 2275
f 2881/131/4822 2907/131/4822 2905/131/4822
f 2905/131/4822 2879/131/4822 2881/131/4822
s 2276
f 2908/131/4823 2906/131/4823 2880/131/4823
f 2880/131/4823 2882/131/4823 2908/131/4823
s 2277
f 2821/131/4824 2909/131/4824 2907/131/4824
f 2907/131/4824 2881/131/4824 2821/131/4824
s 2278
f 2856/131/4825 2910/131/4825 2908/131/4826
f 2908/131/4826 2882/131/4825 2856/131/4825
s 2279
f 2909/131/4827 2821/131/4827 2820/131/4827
f 2820/131/4827 2911/131/4827 2909/131/4827
s 2280
f 2855/131/4828 2912/131/4829 2910/131/4828
f 2910/131/4828 2856/131/4829 2855/131/4828
s 2281
f 2857/131/4830 2913/131/4830 2911/131/4830
f 2911/131/4830 2820/131/4830 2857/131/4830
s 2282
f 2914/131/4831 2912/131/4832 2855/131/4832
f 2855/131/4832 2858/131/4832 2914/131/4831
s 2283
f 2852/131/4833 2851/131/4833 2913/131/4833
f 2913/131/4833 2857/131/4833 2852/131/4833
s 2284
f 2859/131/4834 2888/131/4835 2914/131/4836
f 2914/131/4836 2858/131/4835 2859/131/4834
s 2285
f 2915/131/4837 2916/131/4838 2917/131/4837
f 2917/131/4837 2918/131/4839 2915/131/4837
s 2286
f 2893/131/4840 2919/131/4841 2920/131/4842
f 2920/131/4842 2891/131/4843 2893/131/4840
s 2287
f 2894/131/4844 2921/131/4845 2922/131/4846
f 2922/131/4846 2892/131/4847 2894/131/4844
s 2288
f 2895/131/4848 2923/131/4849 2885/131/4850
f 2885/131/4850 2884/131/4851 2895/131/4848
s 2289
f 2924/131/4852 2919/131/4853 2893/131/4852
f 2893/131/4852 2896/131/4854 2924/131/4852
s 2290
f 2897/131/4855 2925/131/4856 2921/131/4855
f 2921/131/4855 2894/131/4857 2897/131/4855
s 2291
f 2898/131/4858 2918/131/4859 2923/131/4859
f 2923/131/4859 2895/131/4858 2898/131/4858
s 2292
f 2899/131/4860 2926/131/4861 2924/131/4862
f 2924/131/4862 2896/131/4863 2899/131/4860
s 2293
f 2925/131/4864 2897/131/4865 2900/131/4866
f 2900/131/4866 2927/131/4867 2925/131/4864
s 2294
f 2901/131/4868 2915/131/4868 2918/131/4869
f 2918/131/4869 2898/131/4868 2901/131/4868
s 2295
f 2902/131/4870 2928/131/4871 2926/131/4872
f 2926/131/4872 2899/131/4873 2902/131/4870
s 2296
f 2903/131/4874 2929/131/4875 2927/131/4876
f 2927/131/4876 2900/131/4877 2903/131/4874
s 2297
f 2915/131/4878 2901/131/4879 2904/131/4880
f 2904/131/4880 2930/131/4881 2915/131/4878
s 2298
f 2928/131/4882 2902/131/4883 2883/131/4882
f 2883/131/4882 2886/131/4882 2928/131/4882
s 2299
f 2905/131/4884 2931/131/4885 2929/131/4886
f 2929/131/4886 2903/131/4887 2905/131/4884
s 2300
f 2906/131/4888 2932/131/4889 2930/131/4890
f 2930/131/4890 2904/131/4891 2906/131/4888
s 2301
f 2933/131/4892 2931/131/4893 2905/131/4894
f 2905/131/4894 2907/131/4895 2933/131/4892
s 2302
f 2908/131/4896 2934/131/4897 2932/131/4898
f 2932/131/4898 2906/131/4899 2908/131/4896
s 2303
f 2909/131/4900 2935/131/4901 2933/131/4902
f 2933/131/4902 2907/131/4901 2909/131/4900
s 2304
f 2936/131/4903 2934/131/4904 2908/131/4905
f 2908/131/4905 2910/131/4904 2936/131/4903
s 2305
f 2911/131/4906 2937/131/4907 2935/131/4907
f 2935/131/4907 2909/131/4906 2911/131/4906
s 2306
f 2912/131/4908 2938/131/4909 2936/131/4910
f 2936/131/4910 2910/131/4911 2912/131/4908
s 2307
f 2937/131/4912 2911/131/4913 2913/131/4914
f 2913/131/4914 2939/131/4915 2937/131/4912
s 2308
f 2914/131/4916 2940/131/4917 2938/131/4918
f 2938/131/4918 2912/131/4919 2914/131/4916
s 2309
f 2851/131/4920 2941/131/4921 2939/131/4922
f 2939/131/4922 2913/131/4923 2851/131/4920
s 2310
f 2942/131/4924 2940/131/4925 2914/131/4926
f 2914/131/4926 2888/131/4927 2942/131/4924
s 2311
f 2854/131/4928 2943/131/4929 2941/131/4930
f 2941/131/4930 2851/131/4931 2854/131/4928
s 2312
f 2887/131/4932 2944/131/4933 2942/131/4934
f 2942/131/4934 2888/131/4933 2887/131/4932
s 2313
f 2945/131/4935 2943/131/4936 2854/131/4937
f 2854/131/4937 2889/131/4938 2945/131/4935
s 2314
f 2890/131/4939 2946/131/4939 2944/131/4940
f 2944/131/4940 2887/131/4941 2890/131/4939
s 2315
f 2891/131/4942 2920/131/4943 2945/131/4944
f 2945/131/4944 2889/131/4942 2891/131/4942
s 2316
f 2946/131/4945 2890/131/4945 2892/131/4945
f 2892/131/4945 2922/131/4946 2946/131/4945
s 2317
f 2947/131/4947 2948/131/4948 2949/131/4949
f 2949/131/4949 2950/131/4948 2947/131/4947
s 2318
f 2928/131/4950 2951/131/4951 2952/131/4950
f 2952/131/4950 2926/131/4952 2928/131/4950
s 2319
f 2953/131/4953 2954/131/4954 2927/131/4954
f 2927/131/4954 2929/131/4954 2953/131/4953
s 2320
f 2930/131/4955 2955/131/4956 2916/131/4957
f 2916/131/4957 2915/131/4958 2930/131/4955
s 2321
f 2956/131/4959 2951/131/4960 2928/131/4960
f 2928/131/4960 2886/131/4961 2956/131/4959
s 2322
f 2931/131/4962 2957/131/4962 2953/131/4962
f 2953/131/4962 2929/131/4962 2931/131/4962
s 2323
f 2955/131/4963 2930/131/4964 2932/131/4965
f 2932/131/4965 2949/131/4966 2955/131/4963
s 2324
f 2933/131/4967 2958/131/4968 2957/131/4969
f 2957/131/4969 2931/131/4970 2933/131/4967
s 2325
f 2934/131/4971 2950/131/4972 2949/131/4973
f 2949/131/4973 2932/131/4974 2934/131/4971
s 2326
f 2959/131/4975 2958/131/4976 2933/131/4977
f 2933/131/4977 2935/131/4977 2959/131/4975
s 2327
f 2936/131/4978 2960/131/4979 2950/131/4980
f 2950/131/4980 2934/131/4981 2936/131/4978
s 2328
f 2937/131/4982 2961/131/4982 2959/131/4982
f 2959/131/4982 2935/131/4982 2937/131/4982
s 2329
f 2962/131/4983 2960/131/4984 2936/131/4985
f 2936/131/4985 2938/131/4986 2962/131/4983
s 2330
f 2939/131/4987 2963/131/4988 2961/131/4989
f 2961/131/4989 2937/131/4990 2939/131/4987
s 2331
f 2940/131/4991 2964/131/4992 2962/131/4993
f 2962/131/4993 2938/131/4994 2940/131/4991
s 2332
f 2965/131/4995 2963/131/4996 2939/131/4997
f 2939/131/4997 2941/131/4998 2965/131/4995
s 2333
f 2942/131/4999 2966/131/5000 2964/131/5001
f 2964/131/5001 2940/131/5002 2942/131/4999
s 2334
f 2943/131/5003 2967/131/5004 2965/131/5005
f 2965/131/5005 2941/131/5006 2943/131/5003
s 2335
f 2968/131/5007 2966/131/5008 2942/131/5009
f 2942/131/5009 2944/131/5010 2968/131/5007
s 2336
f 2945/131/5011 2969/131/5012 2967/131/5013
f 2967/131/5013 2943/131/5014 2945/131/5011
s 2337
f 2946/131/5015 2970/131/5016 2968/131/5017
f 2968/131/5017 2944/131/5017 2946/131/5015
s 2338
f 2971/131/5018 2969/131/5018 2945/131/5019
f 2945/131/5019 2920/131/5019 2971/131/5018
s 2339
f 2922/131/5020 2972/131/5021 2970/131/5022
f 2970/131/5022 2946/131/5023 2922/131/5020
s 2340
f 2886/131/5024 2885/131/5025 2973/131/5026
f 2973/131/5026 2956/131/5026 2886/131/5024
s 2341
f 2919/131/5027 2974/131/5028 2971/131/5029
f 2971/131/5029 2920/131/5030 2919/131/5027
s 2342
f 2975/131/5031 2972/131/5032 2922/131/5031
f 2922/131/5031 2921/131/5033 2975/131/5031
s 2343
f 2976/131/5034 2973/131/5035 2885/131/5036
f 2885/131/5036 2923/131/5037 2976/131/5034
s 2344
f 2924/131/5038 2977/131/5039 2974/131/5040
f 2974/131/5040 2919/131/5041 2924/131/5038
s 2345
f 2925/131/5042 2978/131/5043 2975/131/5043
f 2975/131/5043 2921/131/5044 2925/131/5042
s 2346
f 2917/131/5045 2976/131/5046 2923/131/5047
f 2923/131/5047 2918/131/5048 2917/131/5045
s 2347
f 2952/131/5049 2977/131/5050 2924/131/5049
f 2924/131/5049 2926/131/5049 2952/131/5049
s 2348
f 2927/131/5051 2954/131/5052 2978/131/5051
f 2978/131/5051 2925/131/5053 2927/131/5051
s 2349
f 2979/131/5054 2980/131/5055 2981/131/5056
f 2981/131/5056 2982/131/5057 2979/131/5054
s 2350
f 2959/131/5058 2983/131/5058 2984/131/5058
f 2984/131/5058 2958/131/5058 2959/131/5058
s 2351
f 2960/131/5059 2985/131/5059 2947/131/5060
f 2947/131/5060 2950/131/5059 2960/131/5059
s 2352
f 2983/131/5061 2959/131/5062 2961/131/5062
f 2961/131/5062 2986/131/5062 2983/131/5061
s 2353
f 2962/131/5063 2982/131/5064 2985/131/5063
f 2985/131/5063 2960/131/5064 2962/131/5063
s 2354
f 2963/131/5065 2987/131/5066 2986/131/5066
f 2986/131/5066 2961/131/5066 2963/131/5065
s 2355
f 2979/131/5067 2982/131/5068 2962/131/5069
f 2962/131/5069 2964/131/5068 2979/131/5067
s 2356
f 2965/131/5070 2988/131/5071 2987/131/5072
f 2987/131/5072 2963/131/5073 2965/131/5070
s 2357
f 2966/131/5074 2989/131/5074 2979/131/5075
f 2979/131/5075 2964/131/5074 2966/131/5074
s 2358
f 2990/131/5076 2988/131/5077 2965/131/5078
f 2965/131/5078 2967/131/5077 2990/131/5076
s 2359
f 2968/131/5079 2991/131/5079 2989/131/5079
f 2989/131/5079 2966/131/5079 2968/131/5079
s 2360
f 2969/131/5080 2992/131/5081 2990/131/5081
f 2990/131/5081 2967/131/5081 2969/131/5080
s 2361
f 2993/131/5082 2991/131/5082 2968/131/5082
f 2968/131/5082 2970/131/5082 2993/131/5082
s 2362
f 2971/131/5083 2994/131/5084 2992/131/5085
f 2992/131/5085 2969/131/5084 2971/131/5083
s 2363
f 2972/131/5086 2995/131/5087 2993/131/5088
f 2993/131/5088 2970/131/5087 2972/131/5086
s 2364
f 2996/131/5089 2997/131/5090 2956/131/5090
f 2956/131/5090 2973/131/5090 2996/131/5089
s 2365
f 2998/131/5091 2994/131/5091 2971/131/5092
f 2971/131/5092 2974/131/5091 2998/131/5091
s 2366
f 2975/131/5093 2999/131/5093 2995/131/5094
f 2995/131/5094 2972/131/5093 2975/131/5093
s 2367
f 2976/131/5095 3000/131/5095 2996/131/5095
f 2996/131/5095 2973/131/5095 2976/131/5095
s 2368
f 2977/131/5096 3001/131/5097 2998/131/5097
f 2998/131/5097 2974/131/5097 2977/131/5096
s 2369
f 2999/131/5098 2975/131/5099 2978/131/5099
f 2978/131/5099 3002/131/5099 2999/131/5098
s 2370
f 2917/131/5100 3003/131/5100 3000/131/5100
f 3000/131/5100 2976/131/5100 2917/131/5100
s 2371
f 2952/131/5101 3004/131/5101 3001/131/5102
f 3001/131/5102 2977/131/5101 2952/131/5101
s 2372
f 2954/131/5103 3005/131/5103 3002/131/5103
f 3002/131/5103 2978/131/5103 2954/131/5103
s 2373
f 3006/131/5104 3003/131/5105 2917/131/5105
f 2917/131/5105 2916/131/5105 3006/131/5104
s 2374
f 3007/131/5106 3004/131/5107 2952/131/5107
f 2952/131/5107 2951/131/5107 3007/131/5106
s 2375
f 2953/131/5108 3008/131/5109 3005/131/5109
f 3005/131/5109 2954/131/5109 2953/131/5108
s 2376
f 2955/131/5110 3009/131/5110 3006/131/5111
f 3006/131/5111 2916/131/5110 2955/131/5110
s 2377
f 2997/131/5112 3007/131/5112 2951/131/5112
f 2951/131/5112 2956/131/5112 2997/131/5112
s 2378
f 3008/131/5113 2953/131/5113 2957/131/5113
f 2957/131/5113 3010/131/5113 3008/131/5113
s 2379
f 2949/131/5114 2948/131/5115 3009/131/5115
f 3009/131/5115 2955/131/5115 2949/131/5114
s 2380
f 2958/131/5116 2984/131/5117 3010/131/5118
f 3010/131/5118 2957/131/5117 2958/131/5116
s 2381
f 3011/131/5119 3012/131/5119 3013/131/5120
f 3013/131/5120 3014/131/5121 3011/131/5119
s 2382
f 2988/131/5122 3015/131/5123 3016/131/5124
f 3016/131/5124 2987/131/5125 2988/131/5122
s 2383
f 3017/131/5126 2980/131/5127 2979/131/5128
f 2979/131/5128 2989/131/5126 3017/131/5126
s 2384
f 2990/131/5129 3018/131/5130 3015/131/5129
f 3015/131/5129 2988/131/5130 2990/131/5129
s 2385
f 2991/131/5131 3014/131/5132 3017/131/5133
f 3017/131/5133 2989/131/5134 2991/131/5131
s 2386
f 3018/131/5135 2990/131/5136 2992/131/5135
f 2992/131/5135 3019/131/5137 3018/131/5135
s 2387
f 2993/131/5138 3011/131/5139 3014/131/5140
f 3014/131/5140 2991/131/5141 2993/131/5138
s 2388
f 2994/131/5142 3020/131/5143 3019/131/5142
f 3019/131/5142 2992/131/5144 2994/131/5142
s 2389
f 3011/131/5145 2993/131/5145 2995/131/5146
f 2995/131/5146 3021/131/5145 3011/131/5145
s 2390
f 2997/131/5147 2996/131/5148 3022/131/5147
f 3022/131/5147 3023/131/5148 2997/131/5147
s 2391
f 2998/131/5149 3024/131/5150 3020/131/5151
f 3020/131/5151 2994/131/5152 2998/131/5149
s 2392
f 2999/131/5153 3025/131/5154 3021/131/5153
f 3021/131/5153 2995/131/5153 2999/131/5153
s 2393
f 3000/131/5155 3026/131/5156 3022/131/5157
f 3022/131/5157 2996/131/5158 3000/131/5155
s 2394
f 3027/131/5159 3024/131/5159 2998/131/5159
f 2998/131/5159 3001/131/5160 3027/131/5159
s 2395
f 3002/131/5161 3028/131/5161 3025/131/5162
f 3025/131/5162 2999/131/5163 3002/131/5161
s 2396
f 3003/131/5164 3029/131/5165 3026/131/5166
f 3026/131/5166 3000/131/5167 3003/131/5164
s 2397
f 3004/131/5168 3030/131/5169 3027/131/5168
f 3027/131/5168 3001/131/5170 3004/131/5168
s 2398
f 3031/131/5171 3028/131/5172 3002/131/5173
f 3002/131/5173 3005/131/5174 3031/131/5171
s 2399
f 3006/131/5175 3032/131/5176 3029/131/5175
f 3029/131/5175 3003/131/5177 3006/131/5175
s 2400
f 3007/131/5178 3033/131/5179 3030/131/5180
f 3030/131/5180 3004/131/5181 3007/131/5178
s 2401
f 3008/131/5182 3034/131/5183 3031/131/5184
f 3031/131/5184 3005/131/5185 3008/131/5182
s 2402
f 3032/131/5186 3006/131/5187 3009/131/5188
f 3009/131/5188 3035/131/5189 3032/131/5186
s 2403
f 3023/131/5190 3033/131/5191 3007/131/5190
f 3007/131/5190 2997/131/5192 3023/131/5190
s 2404
f 3010/131/5193 3036/131/5194 3034/131/5193
f 3034/131/5193 3008/131/5193 3010/131/5193
s 2405
f 2948/131/5195 3037/131/5195 3035/131/5196
f 3035/131/5196 3009/131/5197 2948/131/5195
s 2406
f 3038/131/5198 3036/131/5199 3010/131/5200
f 3010/131/5200 2984/131/5201 3038/131/5198
s 2407
f 2947/131/5202 3039/131/5203 3037/131/5204
f 3037/131/5204 2948/131/5205 2947/131/5202
s 2408
f 2983/131/5206 3040/131/5207 3038/131/5208
f 3038/131/5208 2984/131/5209 2983/131/5206
s 2409
f 3041/131/5210 3039/131/5211 2947/131/5210
f 2947/131/5210 2985/131/5210 3041/131/5210
s 2410
f 2986/131/5212 3042/131/5213 3040/131/5212
f 3040/131/5212 2983/131/5214 2986/131/5212
s 2411
f 2982/131/5215 2981/131/5216 3041/131/5215
f 3041/131/5215 2985/131/5215 2982/131/5215
s 2412
f 3042/131/5217 2986/131/5218 2987/131/5219
f 2987/131/5219 3016/131/5220 3042/131/5217
s 2413
f 3043/131/5221 3044/131/5222 3045/131/5221
f 3045/131/5221 3046/131/5222 3043/131/5221
s 2414
f 3019/131/5223 3020/131/5223 3047/131/5223
f 3047/131/5223 3048/131/5224 3019/131/5223
s 2415
f 3021/131/5225 3049/131/5226 3012/131/5227
f 3012/131/5227 3011/131/5228 3021/131/5225
s 2416
f 3023/131/5229 3022/131/5230 3050/131/5230
f 3050/131/5230 3051/131/5230 3023/131/5229
s 2417
f 3047/131/5231 3020/131/5231 3024/131/5231
f 3024/131/5231 3052/131/5231 3047/131/5231
s 2418
f 3021/131/5232 3025/131/5233 3046/131/5234
f 3046/131/5234 3049/131/5234 3021/131/5232
s 2419
f 3050/131/5235 3022/131/5236 3026/131/5237
f 3026/131/5237 3053/131/5238 3050/131/5235
s 2420
f 3027/131/5239 3054/131/5240 3052/131/5239
f 3052/131/5239 3024/131/5239 3027/131/5239
s 2421
f 3046/131/5241 3025/131/5242 3028/131/5241
f 3028/131/5241 3043/131/5241 3046/131/5241
s 2422
f 3055/131/5243 3053/131/5244 3026/131/5245
f 3026/131/5245 3029/131/5246 3055/131/5243
s 2423
f 3027/131/5247 3030/131/5248 3056/131/5249
f 3056/131/5249 3054/131/5247 3027/131/5247
s 2424
f 3031/131/5250 3057/131/5250 3043/131/5250
f 3043/131/5250 3028/131/5250 3031/131/5250
s 2425
f 3032/131/5251 3058/131/5252 3055/131/5251
f 3055/131/5251 3029/131/5253 3032/131/5251
s 2426
f 3056/131/5254 3030/131/5255 3033/131/5256
f 3033/131/5256 3059/131/5257 3056/131/5254
s 2427
f 3031/131/5258 3034/131/5259 3060/131/5260
f 3060/131/5260 3057/131/5261 3031/131/5258
s 2428
f 3035/131/5262 3061/131/5262 3058/131/5262
f 3058/131/5262 3032/131/5262 3035/131/5262
s 2429
f 3033/131/5263 3023/131/5263 3051/131/5263
f 3051/131/5263 3059/131/5263 3033/131/5263
s 2430
f 3060/131/5264 3034/131/5265 3036/131/5266
f 3036/131/5266 3062/131/5267 3060/131/5264
s 2431
f 3063/131/5268 3061/131/5269 3035/131/5270
f 3035/131/5270 3037/131/5271 3063/131/5268
s 2432
f 3038/131/5272 3064/131/5272 3062/131/5273
f 3062/131/5273 3036/131/5272 3038/131/5272
s 2433
f 3039/131/5274 3065/131/5275 3063/131/5275
f 3063/131/5275 3037/131/5276 3039/131/5274
s 2434
f 3038/131/5277 3040/131/5278 3066/131/5277
f 3066/131/5277 3064/131/5279 3038/131/5277
s 2435
f 3041/131/5280 3067/131/5280 3065/131/5281
f 3065/131/5281 3039/131/5280 3041/131/5280
s 2436
f 3066/131/5282 3040/131/5283 3042/131/5282
f 3042/131/5282 3068/131/5284 3066/131/5282
s 2437
f 3041/131/5285 2981/131/5286 3069/131/5287
f 3069/131/5287 3067/131/5288 3041/131/5285
s 2438
f 3016/131/5289 3070/131/5289 3068/131/5289
f 3068/131/5289 3042/131/5289 3016/131/5289
s 2439
f 3069/131/5290 2981/131/5290 2980/131/5291
f 2980/131/5291 3071/131/5290 3069/131/5290
s 2440
f 3016/131/5292 3015/131/5293 3072/131/5294
f 3072/131/5294 3070/131/5292 3016/131/5292
s 2441
f 3073/131/5295 3071/131/5295 2980/131/5295
f 2980/131/5295 3017/131/5296 3073/131/5295
s 2442
f 3072/131/5297 3015/131/5298 3018/131/5299
f 3018/131/5299 3074/131/5297 3072/131/5297
s 2443
f 3073/131/5300 3017/131/5300 3014/131/5300
f 3014/131/5300 3013/131/5300 3073/131/5300
s 2444
f 3019/131/5301 3048/131/5302 3074/131/5303
f 3074/131/5303 3018/131/5302 3019/131/5301
s 2445
f 3075/131/5304 3076/131/5304 3077/131/5304
f 3077/131/5304 3078/131/5304 3075/131/5304
s 2446
f 3055/131/5305 3079/131/5305 3080/131/5305
f 3080/131/5305 3053/131/5305 3055/131/5305
s 2447
f 3056/131/5306 3081/131/5306 3082/131/5306
f 3082/131/5306 3054/131/5306 3056/131/5306
s 2448
f 3044/131/5307 3043/131/5307 3057/131/5307
f 3057/131/5307 3083/131/5307 3044/131/5307
s 2449
f 3055/131/5308 3058/131/5308 3084/131/5308
f 3084/131/5308 3079/131/5308 3055/131/5308
s 2450
f 3059/131/5309 3085/131/5309 3081/131/5309
f 3081/131/5309 3056/131/5309 3059/131/5309
s 2451
f 3060/131/5310 3078/131/5310 3083/131/5310
f 3083/131/5310 3057/131/5310 3060/131/5310
s 2452
f 3084/131/5311 3058/131/5311 3061/131/5311
f 3061/131/5311 3086/131/5311 3084/131/5311
s 2453
f 3087/131/5312 3085/131/5312 3059/131/5312
f 3059/131/5312 3051/131/5312 3087/131/5312
s 2454
f 3062/131/5313 3075/131/5313 3078/131/5313
f 3078/131/5313 3060/131/5313 3062/131/5313
s 2455
f 3063/131/5314 3088/131/5314 3086/131/5314
f 3086/131/5314 3061/131/5314 3063/131/5314
s 2456
f 3075/131/5315 3062/131/5315 3064/131/5315
f 3064/131/5315 3089/131/5315 3075/131/5315
s 2457
f 3063/131/5316 3065/131/5316 3090/131/5316
f 3090/131/5316 3088/131/5316 3063/131/5316
s 2458
f 3066/131/5317 3091/131/5317 3089/131/5317
f 3089/131/5317 3064/131/5317 3066/131/5317
s 2459
f 3090/131/5318 3065/131/5318 3067/131/5318
f 3067/131/5318 3092/131/5318 3090/131/5318
s 2460
f 3068/131/5319 3093/131/5319 3091/131/5319
f 3091/131/5319 3066/131/5319 3068/131/5319
s 2461
f 3069/131/5320 3094/131/5321 3092/131/5321
f 3092/131/5321 3067/131/5321 3069/131/5320
s 2462
f 3093/131/5322 3068/131/5322 3070/131/5322
f 3070/131/5322 3095/131/5322 3093/131/5322
s 2463
f 3071/131/5323 3096/131/5323 3094/131/5323
f 3094/131/5323 3069/131/5323 3071/131/5323
s 2464
f 3072/131/5324 3097/131/5324 3095/131/5325
f 3095/131/5325 3070/131/5325 3072/131/5324
s 2465
f 3071/131/5326 3073/131/5326 3098/131/5326
f 3098/131/5326 3096/131/5326 3071/131/5326
s 2466
f 3074/131/5327 3099/131/5328 3097/131/5329
f 3097/131/5329 3072/131/5330 3074/131/5327
s 2467
f 3100/131/5331 3098/131/5331 3073/131/5331
f 3073/131/5331 3013/131/5331 3100/131/5331
s 2468
f 3099/131/5332 3074/131/5332 3048/131/5332
f 3048/131/5332 3101/131/5332 3099/131/5332
s 2469
f 3100/131/5333 3013/131/5333 3012/131/5333
f 3012/131/5333 3102/131/5333 3100/131/5333
s 2470
f 3047/131/5334 3103/131/5334 3101/131/5334
f 3101/131/5334 3048/131/5334 3047/131/5334
s 2471
f 3102/131/5335 3012/131/5335 3049/131/5335
f 3049/131/5335 3104/131/5335 3102/131/5335
s 2472
f 3050/131/5336 3105/131/5336 3087/131/5336
f 3087/131/5336 3051/131/5336 3050/131/5336
s 2473
f 3052/131/5337 3106/131/5337 3103/131/5337
f 3103/131/5337 3047/131/5337 3052/131/5337
s 2474
f 3046/131/5338 3045/131/5338 3104/131/5338
f 3104/131/5338 3049/131/5338 3046/131/5338
s 2475
f 3105/131/5339 3050/131/5339 3053/131/5339
f 3053/131/5339 3080/131/5339 3105/131/5339
s 2476
f 3106/131/5340 3052/131/5340 3054/131/5340
f 3054/131/5340 3082/131/5340 3106/131/5340
s 2477
f 3107/131/5341 3108/131/5341 3109/131/5341
f 3109/131/5341 3110/131/5341 3107/131/5341
s 2478
f 3111/131/5342 3086/131/5343 3088/131/5344
f 3088/131/5344 3112/131/5345 3111/131/5342
s 2479
f 3089/131/5346 3113/131/5346 3076/131/5347
f 3076/131/5347 3075/131/5346 3089/131/5346
s 2480
f 3090/131/5348 3114/131/5349 3112/131/5350
f 3112/131/5350 3088/131/5351 3090/131/5348
s 2481
f 3113/131/5352 3089/131/5353 3091/131/5354
f 3091/131/5354 3110/131/5355 3113/131/5352
s 2482
f 3092/131/5356 3115/131/5357 3114/131/5357
f 3114/131/5357 3090/131/5358 3092/131/5356
s 2483
f 3093/131/5359 3107/131/5360 3110/131/5359
f 3110/131/5359 3091/131/5359 3093/131/5359
s 2484
f 3115/131/5361 3092/131/5361 3094/131/5361
f 3094/131/5361 3116/131/5362 3115/131/5361
s 2485
f 3095/131/5363 3117/131/5364 3107/131/5365
f 3107/131/5365 3093/131/5365 3095/131/5363
s 2486
f 3096/131/5366 3118/131/5367 3116/131/5368
f 3116/131/5368 3094/131/5369 3096/131/5366
s 2487
f 3117/131/5370 3095/131/5370 3097/131/5371
f 3097/131/5371 3119/131/5372 3117/131/5370
s 2488
f 3098/131/5373 3120/131/5373 3118/131/5374
f 3118/131/5374 3096/131/5373 3098/131/5373
s 2489
f 3099/131/5375 3121/131/5376 3119/131/5375
f 3119/131/5375 3097/131/5377 3099/131/5375
s 2490
f 3120/131/5378 3098/131/5378 3100/131/5378
f 3100/131/5378 3122/131/5378 3120/131/5378
s 2491
f 3101/131/5379 3123/131/5379 3121/131/5380
f 3121/131/5380 3099/131/5379 3101/131/5379
s 2492
f 3102/131/5381 3124/131/5382 3122/131/5383
f 3122/131/5383 3100/131/5384 3102/131/5381
s 2493
f 3123/131/5385 3101/131/5386 3103/131/5387
f 3103/131/5387 3125/131/5387 3123/131/5385
s 2494
f 3104/131/5388 3126/131/5389 3124/131/5390
f 3124/131/5390 3102/131/5391 3104/131/5388
s 2495
f 3087/131/5392 3105/131/5392 3127/131/5393
f 3127/131/5393 3128/131/5393 3087/131/5392
s 2496
f 3106/131/5394 3129/131/5395 3125/131/5396
f 3125/131/5396 3103/131/5397 3106/131/5394
s 2497
f 3126/131/5398 3104/131/5399 3045/131/5400
f 3045/131/5400 3130/131/5401 3126/131/5398
s 2498
f 3080/131/5402 3131/131/5403 3127/131/5404
f 3127/131/5404 3105/131/5402 3080/131/5402
s 2499
f 3082/131/5405 3132/131/5405 3129/131/5406
f 3129/131/5406 3106/131/5407 3082/131/5405
s 2500
f 3044/131/5408 3133/131/5409 3130/131/5409
f 3130/131/5409 3045/131/5409 3044/131/5408
s 2501
f 3131/131/5410 3080/131/5411 3079/131/5411
f 3079/131/5411 3134/131/5411 3131/131/5410
s 2502
f 3132/131/5412 3082/131/5413 3081/131/5412
f 3081/131/5412 3135/131/5414 3132/131/5412
s 2503
f 3083/131/5415 3136/131/5416 3133/131/5415
f 3133/131/5415 3044/131/5417 3083/131/5415
s 2504
f 3084/131/5418 3137/131/5419 3134/131/5420
f 3134/131/5420 3079/131/5421 3084/131/5418
s 2505
f 3085/131/5422 3138/131/5423 3135/131/5424
f 3135/131/5424 3081/131/5425 3085/131/5422
s 2506
f 3136/131/5426 3083/131/5427 3078/131/5428
f 3078/131/5428 3077/131/5429 3136/131/5426
s 2507
f 3086/131/5430 3111/131/5431 3137/131/5432
f 3137/131/5432 3084/131/5432 3086/131/5430
s 2508
f 3128/131/5433 3138/131/5434 3085/131/5434
f 3085/131/5434 3087/131/5435 3128/131/5433
s 2509
f 3139/131/5436 3140/131/5437 3141/131/5438
f 3141/131/5438 3142/131/5437 3139/131/5436
s 2510
f 3116/131/5439 3143/131/5439 3144/131/5439
f 3144/131/5439 3115/131/5439 3116/131/5439
s 2511
f 3117/131/5440 3145/131/5440 3108/131/5440
f 3108/131/5440 3107/131/5440 3117/131/5440
s 2512
f 3118/131/5441 3146/131/5441 3143/131/5441
f 3143/131/5441 3116/131/5442 3118/131/5441
s 2513
f 3119/131/5443 3142/131/5444 3145/131/5445
f 3145/131/5445 3117/131/5446 3119/131/5443
s 2514
f 3147/131/5447 3146/131/5447 3118/131/5447
f 3118/131/5447 3120/131/5447 3147/131/5447
s 2515
f 3121/131/5448 3139/131/5449 3142/131/5450
f 3142/131/5450 3119/131/5451 3121/131/5448
s 2516
f 3122/131/5452 3148/131/5452 3147/131/5453
f 3147/131/5453 3120/131/5454 3122/131/5452
s 2517
f 3149/131/5455 3139/131/5455 3121/131/5456
f 3121/131/5456 3123/131/5455 3149/131/5455
s 2518
f 3148/131/5457 3122/131/5458 3124/131/5458
f 3124/131/5458 3150/131/5459 3148/131/5457
s 2519
f 3151/131/5460 3149/131/5460 3123/131/5460
f 3123/131/5460 3125/131/5460 3151/131/5460
s 2520
f 3126/131/5461 3152/131/5461 3150/131/5462
f 3150/131/5462 3124/131/5461 3126/131/5461
s 2521
f 3153/131/5463 3128/131/5464 3127/131/5465
f 3127/131/5465 3154/131/5464 3153/131/5463
s 2522
f 3155/131/5466 3151/131/5466 3125/131/5466
f 3125/131/5466 3129/131/5466 3155/131/5466
s 2523
f 3130/131/5467 3156/131/5468 3152/131/5467
f 3152/131/5467 3126/131/5469 3130/131/5467
s 2524
f 3154/131/5470 3127/131/5471 3131/131/5471
f 3131/131/5471 3157/131/5471 3154/131/5470
s 2525
f 3155/131/5472 3129/131/5473 3132/131/5472
f 3132/131/5472 3158/131/5474 3155/131/5472
s 2526
f 3133/131/5475 3159/131/5476 3156/131/5475
f 3156/131/5475 3130/131/5477 3133/131/5475
s 2527
f 3134/131/5478 3160/131/5479 3157/131/5478
f 3157/131/5478 3131/131/5478 3134/131/5478
s 2528
f 3135/131/5480 3161/131/5481 3158/131/5480
f 3158/131/5480 3132/131/5481 3135/131/5480
s 2529
f 3136/131/5482 3162/131/5483 3159/131/5482
f 3159/131/5482 3133/131/5484 3136/131/5482
s 2530
f 3160/131/5485 3134/131/5486 3137/131/5486
f 3137/131/5486 3163/131/5487 3160/131/5485
s 2531
f 3138/131/5488 3164/131/5488 3161/131/5488
f 3161/131/5488 3135/131/5489 3138/131/5488
s 2532
f 3077/131/5490 3165/131/5490 3162/131/5490
f 3162/131/5490 3136/131/5490 3077/131/5490
s 2533
f 3111/131/5491 3166/131/5491 3163/131/5491
f 3163/131/5491 3137/131/5491 3111/131/5491
s 2534
f 3153/131/5492 3164/131/5493 3138/131/5494
f 3138/131/5494 3128/131/5495 3153/131/5492
s 2535
f 3076/131/5496 3167/131/5496 3165/131/5496
f 3165/131/5496 3077/131/5496 3076/131/5496
s 2536
f 3112/131/5497 3168/131/5497 3166/131/5497
f 3166/131/5497 3111/131/5497 3112/131/5497
s 2537
f 3113/131/5498 3169/131/5499 3167/131/5499
f 3167/131/5499 3076/131/5498 3113/131/5498
s 2538
f 3168/131/5500 3112/131/5501 3114/131/5502
f 3114/131/5502 3170/131/5500 3168/131/5500
s 2539
f 3110/131/5503 3109/131/5504 3169/131/5505
f 3169/131/5505 3113/131/5505 3110/131/5503
s 2540
f 3144/131/5506 3170/131/5506 3114/131/5506
f 3114/131/5506 3115/131/5507 3144/131/5506
s 2541
f 3171/131/5508 3172/131/5509 3173/131/5510
f 3173/131/5510 3174/131/5509 3171/131/5508
s 2542
f 3175/131/5511 3176/131/5511 3147/131/5511
f 3147/131/5511 3148/131/5511 3175/131/5511
s 2543
f 3177/131/5512 3140/131/5513 3139/131/5514
f 3139/131/5514 3149/131/5513 3177/131/5512
s 2544
f 3150/131/5515 3178/131/5515 3175/131/5515
f 3175/131/5515 3148/131/5515 3150/131/5515
s 2545
f 3179/131/5516 3177/131/5517 3149/131/5518
f 3149/131/5518 3151/131/5517 3179/131/5516
s 2546
f 3152/131/5519 3180/131/5519 3178/131/5519
f 3178/131/5519 3150/131/5519 3152/131/5519
s 2547
f 3153/131/5520 3154/131/5520 3181/131/5520
f 3181/131/5520 3182/131/5520 3153/131/5520
s 2548
f 3155/131/5521 3183/131/5521 3179/131/5522
f 3179/131/5522 3151/131/5521 3155/131/5521
s 2549
f 3180/131/5523 3152/131/5523 3156/131/5523
f 3156/131/5523 3184/131/5523 3180/131/5523
s 2550
f 3157/131/5524 3185/131/5524 3181/131/5524
f 3181/131/5524 3154/131/5524 3157/131/5524
s 2551
f 3183/131/5525 3155/131/5526 3158/131/5526
f 3158/131/5526 3186/131/5526 3183/131/5525
s 2552
f 3159/131/5527 3187/131/5527 3184/131/5527
f 3184/131/5527 3156/131/5527 3159/131/5527
s 2553
f 3160/131/5528 3188/131/5528 3185/131/5528
f 3185/131/5528 3157/131/5528 3160/131/5528
s 2554
f 3189/131/5529 3186/131/5530 3158/131/5531
f 3158/131/5531 3161/131/5530 3189/131/5529
s 2555
f 3190/131/5532 3187/131/5532 3159/131/5532
f 3159/131/5532 3162/131/5532 3190/131/5532
s 2556
f 3163/131/5533 3191/131/5533 3188/131/5533
f 3188/131/5533 3160/131/5533 3163/131/5533
s 2557
f 3164/131/5534 3192/131/5534 3189/131/5534
f 3189/131/5534 3161/131/5534 3164/131/5534
s 2558
f 3190/131/5535 3162/131/5535 3165/131/5536
f 3165/131/5536 3173/131/5536 3190/131/5535
s 2559
f 3166/131/5537 3193/131/5537 3191/131/5537
f 3191/131/5537 3163/131/5537 3166/131/5537
s 2560
f 3182/131/5538 3192/131/5538 3164/131/5538
f 3164/131/5538 3153/131/5538 3182/131/5538
s 2561
f 3167/131/5539 3174/131/5539 3173/131/5540
f 3173/131/5540 3165/131/5539 3167/131/5539
s 2562
f 3193/131/5541 3166/131/5541 3168/131/5541
f 3168/131/5541 3194/131/5541 3193/131/5541
s 2563
f 3174/131/5542 3167/131/5542 3169/131/5542
f 3169/131/5542 3195/131/5542 3174/131/5542
s 2564
f 3170/131/5543 3196/131/5543 3194/131/5544
f 3194/131/5544 3168/131/5543 3170/131/5543
s 2565
f 3195/131/5545 3169/131/5546 3109/131/5547
f 3109/131/5547 3197/131/5546 3195/131/5545
s 2566
f 3198/131/5548 3196/131/5548 3170/131/5548
f 3170/131/5548 3144/131/5548 3198/131/5548
s 2567
f 3199/131/5549 3197/131/5550 3109/131/5550
f 3109/131/5550 3108/131/5550 3199/131/5549
s 2568
f 3200/131/5551 3198/131/5551 3144/131/5552
f 3144/131/5552 3143/131/5551 3200/131/5551
s 2569
f 3145/131/5553 3201/131/5554 3199/131/5555
f 3199/131/5555 3108/131/5554 3145/131/5553
s 2570
f 3146/131/5556 3202/131/5556 3200/131/5556
f 3200/131/5556 3143/131/5556 3146/131/5556
s 2571
f 3201/131/5557 3145/131/5558 3142/131/5557
f 3142/131/5557 3141/131/5559 3201/131/5557
s 2572
f 3146/131/5560 3147/131/5560 3176/131/5560
f 3176/131/5560 3202/131/5560 3146/131/5560
s 2573
f 3203/131/5561 3204/131/5561 3205/131/5562
f 3205/131/5562 3206/131/5561 3203/131/5561
s 2574
f 3193/131/5563 3194/131/5563 3207/131/5564
f 3207/131/5564 3208/131/5565 3193/131/5563
s 2575
f 3195/131/5566 3209/131/5567 3171/131/5568
f 3171/131/5568 3174/131/5567 3195/131/5566
s 2576
f 3210/131/5569 3207/131/5570 3194/131/5570
f 3194/131/5570 3196/131/5571 3210/131/5569
s 2577
f 3197/131/5572 3203/131/5572 3209/131/5572
f 3209/131/5572 3195/131/5572 3197/131/5572
s 2578
f 3198/131/5573 3211/131/5574 3210/131/5575
f 3210/131/5575 3196/131/5576 3198/131/5573
s 2579
f 3203/131/5577 3197/131/5577 3199/131/5578
f 3199/131/5578 3204/131/5579 3203/131/5577
s 2580
f 3200/131/5580 3212/131/5581 3211/131/5582
f 3211/131/5582 3198/131/5583 3200/131/5580
s 2581
f 3201/131/5584 3213/131/5585 3204/131/5586
f 3204/131/5586 3199/131/5587 3201/131/5584
s 2582
f 3200/131/5588 3202/131/5589 3214/131/5589
f 3214/131/5589 3212/131/5590 3200/131/5588
s 2583
f 3201/131/5591 3141/131/5592 3215/131/5593
f 3215/131/5593 3213/131/5592 3201/131/5591
s 2584
f 3176/131/5594 3216/131/5595 3214/131/5596
f 3214/131/5596 3202/131/5597 3176/131/5594
s 2585
f 3217/131/5598 3215/131/5599 3141/131/5600
f 3141/131/5600 3140/131/5599 3217/131/5598
s 2586
f 3218/131/5601 3216/131/5602 3176/131/5603
f 3176/131/5603 3175/131/5604 3218/131/5601
s 2587
f 3217/131/5605 3140/131/5605 3177/131/5605
f 3177/131/5605 3219/131/5606 3217/131/5605
s 2588
f 3220/131/5607 3218/131/5608 3175/131/5609
f 3175/131/5609 3178/131/5610 3220/131/5607
s 2589
f 3179/131/5611 3221/131/5611 3219/131/5612
f 3219/131/5612 3177/131/5613 3179/131/5611
s 2590
f 3178/131/5614 3180/131/5615 3222/131/5614
f 3222/131/5614 3220/131/5616 3178/131/5614
s 2591
f 3223/131/5617 3224/131/5618 3182/131/5619
f 3182/131/5619 3181/131/5618 3223/131/5617
s 2592
f 3179/131/5620 3183/131/5620 3225/131/5620
f 3225/131/5620 3221/131/5620 3179/131/5620
s 2593
f 3222/131/5621 3180/131/5622 3184/131/5623
f 3184/131/5623 3226/131/5624 3222/131/5621
s 2594
f 3223/131/5625 3181/131/5625 3185/131/5625
f 3185/131/5625 3227/131/5626 3223/131/5625
s 2595
f 3186/131/5627 3228/131/5627 3225/131/5628
f 3225/131/5628 3183/131/5627 3186/131/5627
s 2596
f 3184/131/5629 3187/131/5630 3229/131/5631
f 3229/131/5631 3226/131/5632 3184/131/5629
s 2597
f 3185/131/5633 3188/131/5634 3230/131/5635
f 3230/131/5635 3227/131/5636 3185/131/5633
s 2598
f 3231/131/5637 3228/131/5638 3186/131/5639
f 3186/131/5639 3189/131/5640 3231/131/5637
s 2599
f 3190/131/5641 3232/131/5642 3229/131/5643
f 3229/131/5643 3187/131/5644 3190/131/5641
s 2600
f 3233/131/5645 3230/131/5646 3188/131/5646
f 3188/131/5646 3191/131/5645 3233/131/5645
s 2601
f 3234/131/5647 3231/131/5648 3189/131/5649
f 3189/131/5649 3192/131/5650 3234/131/5647
s 2602
f 3232/131/5651 3190/131/5652 3173/131/5652
f 3173/131/5652 3172/131/5651 3232/131/5651
s 2603
f 3193/131/5653 3208/131/5654 3233/131/5655
f 3233/131/5655 3191/131/5656 3193/131/5653
s 2604
f 3192/131/5657 3182/131/5658 3224/131/5659
f 3224/131/5659 3234/131/5660 3192/131/5657
s 2605
f 3235/131/5661 3236/131/5661 3237/131/5662
f 3237/131/5662 3238/131/5661 3239/131/5663
f 3237/131/5662 3239/131/5663 3240/131/5664
f 3235/131/5661 3237/131/5662 3240/131/5664
f 3241/131/5661 3242/131/5661 3243/131/5665
f 3240/131/5664 3241/131/5661 3243/131/5665
f 3243/131/5665 3244/131/5661 3245/131/5666
f 3243/131/5665 3245/131/5666 3246/131/5661
f 3240/131/5664 3243/131/5665 3246/131/5661
f 3240/131/5664 3246/131/5661 3247/131/5667
f 3240/131/5664 3247/131/5667 3248/131/5668
f 3249/131/5661 3250/131/5661 3251/131/5662
f 3248/131/5668 3249/131/5661 3251/131/5662
f 3248/131/5668 3251/131/5662 3252/131/5661
f 3248/131/5668 3252/131/5661 3253/131/5669
f 3240/131/5664 3248/131/5668 3253/131/5669
f 3240/131/5664 3253/131/5669 3254/131/5670
f 3206/131/5671 3205/131/5661 3255/131/5672
f 3254/131/5670 3206/131/5671 3255/131/5672
f 3254/131/5670 3255/131/5672 3256/131/5667
f 3254/131/5670 3256/131/5667 3257/131/5661
f 3240/131/5664 3254/131/5670 3257/131/5661
f 3240/131/5664 3257/131/5661 3258/131/5662
f 3259/131/5663 3260/131/5661 3261/131/5661
f 3258/131/5662 3259/131/5663 3261/131/5661
f 3258/131/5662 3261/131/5661 3262/131/5673
f 3240/131/5664 3258/131/5662 3262/131/5673
f 3240/131/5664 3262/131/5673 3263/131/5674
f 3240/131/5664 3263/131/5674 3264/131/5675
f 3235/131/5661 3240/131/5664 3264/131/5675
s 2606
f 3243/131/5676 3242/131/5677 3211/131/5676
f 3211/131/5676 3212/131/5677 3243/131/5676
s 2607
f 3255/131/5678 3205/131/5678 3204/131/5678
f 3204/131/5678 3213/131/5678 3255/131/5678
s 2608
f 3212/131/5679 3214/131/5679 3244/131/5679
f 3244/131/5679 3243/131/5679 3212/131/5679
s 2609
f 3215/131/5680 3256/131/5681 3255/131/5680
f 3255/131/5680 3213/131/5681 3215/131/5680
s 2610
f 3245/131/5682 3244/131/5682 3214/131/5682
f 3214/131/5682 3216/131/5683 3245/131/5682
s 2611
f 3217/131/5684 3257/131/5684 3256/131/5685
f 3256/131/5685 3215/131/5684 3217/131/5684
s 2612
f 3218/131/5686 3246/131/5687 3245/131/5687
f 3245/131/5687 3216/131/5687 3218/131/5686
s 2613
f 3257/131/5688 3217/131/5688 3219/131/5688
f 3219/131/5688 3258/131/5688 3257/131/5688
s 2614
f 3220/131/5689 3247/131/5690 3246/131/5691
f 3246/131/5691 3218/131/5692 3220/131/5689
s 2615
f 3258/131/5693 3219/131/5693 3221/131/5693
f 3221/131/5693 3259/131/5693 3258/131/5693
s 2616
f 3247/131/5694 3220/131/5695 3222/131/5696
f 3222/131/5696 3248/131/5696 3247/131/5694
s 2617
f 3235/131/5697 3264/131/5698 3224/131/5698
f 3224/131/5698 3223/131/5697 3235/131/5697
s 2618
f 3221/131/5699 3225/131/5699 3260/131/5699
f 3260/131/5699 3259/131/5699 3221/131/5699
s 2619
f 3249/131/5700 3248/131/5701 3222/131/5700
f 3222/131/5700 3226/131/5702 3249/131/5700
s 2620
f 3236/131/5703 3235/131/5704 3223/131/5703
f 3223/131/5703 3227/131/5705 3236/131/5703
s 2621
f 3261/131/5706 3260/131/5707 3225/131/5706
f 3225/131/5706 3228/131/5708 3261/131/5706
s 2622
f 3226/131/5709 3229/131/5709 3250/131/5710
f 3250/131/5710 3249/131/5710 3226/131/5709
s 2623
f 3230/131/5711 3237/131/5712 3236/131/5711
f 3236/131/5711 3227/131/5711 3230/131/5711
s 2624
f 3231/131/5713 3262/131/5713 3261/131/5713
f 3261/131/5713 3228/131/5713 3231/131/5713
s 2625
f 3251/131/5714 3250/131/5715 3229/131/5715
f 3229/131/5715 3232/131/5714 3251/131/5714
s 2626
f 3237/131/5716 3230/131/5717 3233/131/5718
f 3233/131/5718 3238/131/5718 3237/131/5716
s 2627
f 3234/131/5719 3263/131/5719 3262/131/5719
f 3262/131/5719 3231/131/5719 3234/131/5719
s 2628
f 3172/131/5720 3252/131/5720 3251/131/5720
f 3251/131/5720 3232/131/5720 3172/131/5720
s 2629
f 3239/131/5721 3238/131/5722 3233/131/5723
f 3233/131/5723 3208/131/5724 3239/131/5721
s 2630
f 3263/131/5725 3234/131/5725 3224/131/5726
f 3224/131/5726 3264/131/5727 3263/131/5725
s 2631
f 3171/131/5728 3253/131/5728 3252/131/5728
f 3252/131/5728 3172/131/5729 3171/131/5728
s 2632
f 3207/131/5730 3240/131/5731 3239/131/5732
f 3239/131/5732 3208/131/5730 3207/131/5730
s 2633
f 3253/131/5733 3171/131/5734 3209/131/5735
f 3209/131/5735 3254/131/5733 3253/131/5733
s 2634
f 3210/131/5736 3241/131/5736 3240/131/5736
f 3240/131/5736 3207/131/5736 3210/131/5736
s 2635
f 3254/131/5737 3209/131/5738 3203/131/5737
f 3203/131/5737 3206/131/5738 3254/131/5737
s 2636
f 3241/131/5739 3210/131/5739 3211/131/5739
f 3211/131/5739 3242/131/5740 3241/131/5739
s 2637
f 3265/131/48 3266/131/48 3267/131/48
f 3267/131/48 3268/131/48 3269/131/48
f 3265/131/48 3267/131/48 3269/131/48
f 3269/131/48 3270/131/48 3271/131/48
f 3271/131/48 3272/131/48 3273/131/48
f 3269/131/48 3271/131/48 3273/131/48
f 3265/131/48 3269/131/48 3273/131/48
f 3273/131/48 3274/131/48 3275/131/48
f 3275/131/48 3276/131/48 3277/131/48
f 3273/131/48 3275/131/48 3277/131/48
f 3277/131/48 3278/131/48 3279/131/48
f 3279/131/48 3280/131/48 3281/131/48
f 3277/131/48 3279/131/48 3281/131/48
f 3273/131/48 3277/131/48 3281/131/48
f 3281/131/48 3282/131/48 3283/131/48
f 3283/131/48 3284/131/48 3285/131/48
f 3281/131/48 3283/131/48 3285/131/48
f 3285/131/48 3286/131/48 3287/131/48
f 3287/131/48 3288/131/48 3289/131/48
f 3285/131/48 3287/131/48 3289/131/48
f 3281/131/48 3285/131/48 3289/131/48
f 3273/131/48 3281/131/48 3289/131/48
f 3265/131/48 3273/131/48 3289/131/48
f 3290/131/48 3291/131/48 3292/131/48
f 3289/131/48 3290/131/48 3292/131/48
f 3289/131/48 3292/131/48 3293/131/48
f 3265/131/48 3289/131/48 3293/131/48
f 3294/131/48 3265/131/48 3293/131/48
f 3294/131/48 3293/131/48 3295/131/48
f 3294/131/48 3295/131/48 3296/131/48
s 2638
f 3297/131/5741 3298/131/5741 3299/131/5741
f 3299/131/5741 3300/131/5741 3297/131/5741
s 2639
f 3267/131/5742 3301/131/5743 3302/131/5744
f 3302/131/5744 3268/131/5745 3267/131/5742
s 2640
f 3280/131/5746 3303/131/5746 3304/131/5747
f 3304/131/5747 3281/131/5746 3280/131/5746
s 2641
f 3295/131/5748 3293/131/5749 3305/131/5748
f 3305/131/5748 3306/131/5750 3295/131/5748
s 2642
f 3266/131/5751 3307/131/5751 3301/131/5752
f 3301/131/5752 3267/131/5751 3266/131/5751
s 2643
f 3279/131/5753 3308/131/5754 3303/131/5755
f 3303/131/5755 3280/131/5754 3279/131/5753
s 2644
f 3292/131/5756 3309/131/5757 3305/131/5758
f 3305/131/5758 3293/131/5759 3292/131/5756
s 2645
f 3266/131/5760 3265/131/5760 3310/131/5761
f 3310/131/5761 3307/131/5761 3266/131/5760
s 2646
f 3278/131/5762 3311/131/5763 3308/131/5764
f 3308/131/5764 3279/131/5765 3278/131/5762
s 2647
f 3312/131/5766 3309/131/5767 3292/131/5766
f 3292/131/5766 3291/131/5768 3312/131/5766
s 2648
f 3277/131/5769 3313/131/5770 3311/131/5771
f 3311/131/5771 3278/131/5772 3277/131/5769
s 2649
f 3290/131/5773 3314/131/5774 3312/131/5775
f 3312/131/5775 3291/131/5776 3290/131/5773
s 2650
f 3276/131/5777 3315/131/5778 3313/131/5779
f 3313/131/5779 3277/131/5780 3276/131/5777
s 2651
f 3316/131/5781 3314/131/5782 3290/131/5783
f 3290/131/5783 3289/131/5784 3316/131/5781
s 2652
f 3275/131/5785 3317/131/5786 3315/131/5787
f 3315/131/5787 3276/131/5788 3275/131/5785
s 2653
f 3316/131/5789 3289/131/5790 3288/131/5791
f 3288/131/5791 3318/131/5792 3316/131/5789
s 2654
f 3274/131/5793 3319/131/5794 3317/131/5795
f 3317/131/5795 3275/131/5796 3274/131/5793
s 2655
f 3288/131/5797 3287/131/5798 3320/131/5799
f 3320/131/5799 3318/131/5800 3288/131/5797
s 2656
f 3273/131/5801 3300/131/5802 3319/131/5801
f 3319/131/5801 3274/131/5803 3273/131/5801
s 2657
f 3286/131/5804 3321/131/5805 3320/131/5806
f 3320/131/5806 3287/131/5807 3286/131/5804
s 2658
f 3272/131/5808 3297/131/5809 3300/131/5810
f 3300/131/5810 3273/131/5811 3272/131/5808
s 2659
f 3285/131/5812 3322/131/5813 3321/131/5814
f 3321/131/5814 3286/131/5815 3285/131/5812
s 2660
f 3271/131/5816 3323/131/5817 3297/131/5818
f 3297/131/5818 3272/131/5819 3271/131/5816
s 2661
f 3284/131/5820 3324/131/5821 3322/131/5822
f 3322/131/5822 3285/131/5823 3284/131/5820
s 2662
f 3270/131/5824 3325/131/5825 3323/131/5826
f 3323/131/5826 3271/131/5827 3270/131/5824
s 2663
f 3283/131/5828 3326/131/5829 3324/131/5828
f 3324/131/5828 3284/131/5828 3283/131/5828
s 2664
f 3310/131/5830 3265/131/5830 3294/131/5831
f 3294/131/5831 3327/131/5832 3310/131/5830
s 2665
f 3269/131/5833 3328/131/5834 3325/131/5834
f 3325/131/5834 3270/131/5835 3269/131/5833
s 2666
f 3282/131/5836 3329/131/5837 3326/131/5838
f 3326/131/5838 3283/131/5839 3282/131/5836
s 2667
f 3327/131/5840 3294/131/5841 3296/131/5841
f 3296/131/5841 3330/131/5841 3327/131/5840
s 2668
f 3268/131/5842 3302/131/5843 3328/131/5842
f 3328/131/5842 3269/131/5844 3268/131/5842
s 2669
f 3281/131/5845 3304/131/5846 3329/131/5845
f 3329/131/5845 3282/131/5847 3281/131/5845
s 2670
f 3330/131/5848 3296/131/5849 3295/131/5850
f 3295/131/5850 3306/131/5851 3330/131/5848
s 2671
f 3331/131/5852 3332/131/5852 3333/131/5852
f 3333/131/5852 3334/131/5852 3335/131/5852
f 3331/131/5852 3333/131/5852 3335/131/5852
f 3335/131/5852 3336/131/5852 3337/131/5852
f 3335/131/5852 3337/131/5852 3338/131/5852
f 3331/131/5852 3335/131/5852 3338/131/5852
f 3331/131/5852 3338/131/5852 3339/131/5852
f 3339/131/5852 3340/131/5852 3341/131/5852
f 3341/131/5852 3342/131/5852 3343/131/5852
f 3339/131/5852 3341/131/5852 3343/131/5852
f 3343/131/5852 3344/131/5852 3345/131/5852
f 3345/131/5852 3346/131/5852 3347/131/5852
f 3343/131/5852 3345/131/5852 3347/131/5852
f 3339/131/5852 3343/131/5852 3347/131/5852
f 3347/131/5852 3348/131/5852 3349/131/5852
f 3349/131/5852 3350/131/5852 3351/131/5852
f 3347/131/5852 3349/131/5852 3351/131/5852
f 3351/131/5852 3352/131/5852 3353/131/5852
f 3353/131/5852 3299/131/5852 3298/131/5852
f 3351/131/5852 3353/131/5852 3298/131/5852
f 3347/131/5852 3351/131/5852 3298/131/5852
f 3339/131/5852 3347/131/5852 3298/131/5852
f 3298/131/5852 3354/131/5852 3355/131/5852
f 3355/131/5852 3356/131/5852 3357/131/5852
f 3298/131/5852 3355/131/5852 3357/131/5852
f 3357/131/5852 3358/131/5852 3359/131/5852
f 3357/131/5852 3359/131/5852 3360/131/5852
f 3298/131/5852 3357/131/5852 3360/131/5852
f 3339/131/5852 3298/131/5852 3360/131/5852
f 3331/131/5852 3339/131/5852 3360/131/5852
s 2672
f 3322/131/5853 3342/131/5853 3341/131/5853
f 3341/131/5853 3321/131/5853 3322/131/5853
s 2673
f 3323/131/5854 3354/131/5854 3298/131/5854
f 3298/131/5854 3297/131/5854 3323/131/5854
s 2674
f 3324/131/5855 3343/131/5855 3342/131/5855
f 3342/131/5855 3322/131/5855 3324/131/5855
s 2675
f 3325/131/5856 3355/131/5856 3354/131/5856
f 3354/131/5856 3323/131/5856 3325/131/5856
s 2676
f 3326/131/5857 3344/131/5857 3343/131/5857
f 3343/131/5857 3324/131/5857 3326/131/5857
s 2677
f 3327/131/5858 3331/131/5858 3360/131/5858
f 3360/131/5858 3310/131/5858 3327/131/5858
s 2678
f 3328/131/5859 3356/131/5859 3355/131/5859
f 3355/131/5859 3325/131/5859 3328/131/5859
s 2679
f 3329/131/5860 3345/131/5860 3344/131/5860
f 3344/131/5860 3326/131/5860 3329/131/5860
s 2680
f 3330/131/5861 3332/131/5861 3331/131/5861
f 3331/131/5861 3327/131/5861 3330/131/5861
s 2681
f 3302/131/5862 3357/131/5862 3356/131/5862
f 3356/131/5862 3328/131/5862 3302/131/5862
s 2682
f 3304/131/5863 3346/131/5863 3345/131/5863
f 3345/131/5863 3329/131/5863 3304/131/5863
s 2683
f 3306/131/5864 3333/131/5865 3332/131/5864
f 3332/131/5864 3330/131/5864 3306/131/5864
s 2684
f 3301/131/5866 3358/131/5866 3357/131/5866
f 3357/131/5866 3302/131/5866 3301/131/5866
s 2685
f 3303/131/5867 3347/131/5867 3346/131/5867
f 3346/131/5867 3304/131/5867 3303/131/5867
s 2686
f 3305/131/5868 3334/131/5868 3333/131/5868
f 3333/131/5868 3306/131/5868 3305/131/5868
s 2687
f 3307/131/5869 3359/131/5869 3358/131/5869
f 3358/131/5869 3301/131/5869 3307/131/5869
s 2688
f 3308/131/5870 3348/131/5870 3347/131/5870
f 3347/131/5870 3303/131/5870 3308/131/5870
s 2689
f 3309/131/5871 3335/131/5871 3334/131/5871
f 3334/131/5871 3305/131/5871 3309/131/5871
s 2690
f 3307/131/5872 3310/131/5872 3360/131/5872
f 3360/131/5872 3359/131/5872 3307/131/5872
s 2691
f 3311/131/5873 3349/131/5873 3348/131/5873
f 3348/131/5873 3308/131/5873 3311/131/5873
s 2692
f 3312/131/5874 3336/131/5874 3335/131/5874
f 3335/131/5874 3309/131/5874 3312/131/5874
s 2693
f 3313/131/5875 3350/131/5876 3349/131/5875
f 3349/131/5875 3311/131/5877 3313/131/5875
s 2694
f 3314/131/5878 3337/131/5878 3336/131/5878
f 3336/131/5878 3312/131/5878 3314/131/5878
s 2695
f 3315/131/5879 3351/131/5879 3350/131/5879
f 3350/131/5879 3313/131/5879 3315/131/5879
s 2696
f 3316/131/5880 3338/131/5880 3337/131/5880
f 3337/131/5880 3314/131/5880 3316/131/5880
s 2697
f 3317/131/5881 3352/131/5882 3351/131/5882
f 3351/131/5882 3315/131/5883 3317/131/5881
s 2698
f 3318/131/5884 3339/131/5884 3338/131/5884
f 3338/131/5884 3316/131/5884 3318/131/5884
s 2699
f 3319/131/5885 3353/131/5885 3352/131/5885
f 3352/131/5885 3317/131/5885 3319/131/5885
s 2700
f 3320/131/5886 3340/131/5886 3339/131/5886
f 3339/131/5886 3318/131/5886 3320/131/5886
s 2701
f 3300/131/5887 3299/131/5887 3353/131/5887
f 3353/131/5887 3319/131/5887 3300/131/5887
s 2702
f 3321/131/5888 3341/131/5889 3340/131/5890
f 3340/131/5890 3320/131/5888 3321/131/5888
s 2703
f 3361/131/48 3362/131/48 3363/131/48
f 3363/131/48 3364/131/48 3365/131/48
f 3361/131/48 3363/131/48 3365/131/48
f 3365/131/48 3366/131/48 3367/131/48
f 3367/131/48 3368/131/48 3369/131/48
f 3365/131/48 3367/131/48 3369/131/48
f 3361/131/48 3365/131/48 3369/131/48
f 3369/131/48 3370/131/48 3371/131/48
f 3371/131/48 3372/131/48 3373/131/48
f 3369/131/48 3371/131/48 3373/131/48
f 3373/131/48 3374/131/48 3375/131/48
f 3375/131/48 3376/131/48 3377/131/48
f 3373/131/48 3375/131/48 3377/131/48
f 3369/131/48 3373/131/48 3377/131/48
f 3377/131/48 3378/131/48 3379/131/48
f 3379/131/48 3380/131/48 3381/131/48
f 3377/131/48 3379/131/48 3381/131/48
f 3381/131/48 3382/131/48 3383/131/48
f 3383/131/48 3384/131/48 3385/131/48
f 3381/131/48 3383/131/48 3385/131/48
f 3377/131/48 3381/131/48 3385/131/48
f 3369/131/48 3377/131/48 3385/131/48
f 3361/131/48 3369/131/48 3385/131/48
f 3386/131/48 3387/131/48 3388/131/48
f 3385/131/48 3386/131/48 3388/131/48
f 3385/131/48 3388/131/48 3389/131/48
f 3361/131/48 3385/131/48 3389/131/48
f 3390/131/48 3361/131/48 3389/131/48
f 3390/131/48 3389/131/48 3391/131/48
f 3390/131/48 3391/131/48 3392/131/48
s 2704
f 3393/131/5852 3394/131/5852 3395/131/5852
f 3395/131/5852 3396/131/5852 3397/131/5852
f 3393/131/5852 3395/131/5852 3397/131/5852
f 3397/131/5852 3398/131/5852 3399/131/5852
f 3399/131/5852 3400/131/5852 3401/131/5852
f 3397/131/5852 3399/131/5852 3401/131/5852
f 3393/131/5852 3397/131/5852 3401/131/5852
f 3401/131/5852 3402/131/5852 3403/131/5852
f 3403/131/5852 3404/131/5852 3405/131/5852
f 3401/131/5852 3403/131/5852 3405/131/5852
f 3405/131/5852 3406/131/5852 3407/131/5852
f 3407/131/5852 3408/131/5852 3409/131/5852
f 3405/131/5852 3407/131/5852 3409/131/5852
f 3401/131/5852 3405/131/5852 3409/131/5852
f 3393/131/5852 3401/131/5852 3409/131/5852
f 3409/131/5852 3410/131/5852 3411/131/5852
f 3411/131/5852 3412/131/5852 3413/131/5852
f 3409/131/5852 3411/131/5852 3413/131/5852
f 3413/131/5852 3414/131/5852 3415/131/5852
f 3415/131/5852 3416/131/5852 3417/131/5852
f 3413/131/5852 3415/131/5852 3417/131/5852
f 3409/131/5852 3413/131/5852 3417/131/5852
f 3417/131/5852 3418/131/5852 3419/131/5852
f 3419/131/5852 3420/131/5852 3421/131/5852
f 3417/131/5852 3419/131/5852 3421/131/5852
f 3421/131/5852 3422/131/5852 3423/131/5852
f 3421/131/5852 3423/131/5852 3424/131/5852
f 3417/131/5852 3421/131/5852 3424/131/5852
f 3409/131/5852 3417/131/5852 3424/131/5852
f 3393/131/5852 3409/131/5852 3424/131/5852
s 2705
f 3386/131/5891 3399/131/5892 3398/131/5893
f 3398/131/5893 3387/131/5894 3386/131/5891
s 2706
f 3372/131/5895 3413/131/5896 3412/131/5897
f 3412/131/5897 3373/131/5897 3372/131/5895
s 2707
f 3400/131/5898 3399/131/5899 3386/131/5900
f 3386/131/5900 3385/131/5901 3400/131/5898
s 2708
f 3371/131/5902 3414/131/5903 3413/131/5904
f 3413/131/5904 3372/131/5905 3371/131/5902
s 2709
f 3400/131/5906 3385/131/5906 3384/131/5907
f 3384/131/5907 3401/131/5906 3400/131/5906
s 2710
f 3370/131/5908 3415/131/5909 3414/131/5910
f 3414/131/5910 3371/131/5911 3370/131/5908
s 2711
f 3384/131/5912 3383/131/5913 3402/131/5914
f 3402/131/5914 3401/131/5915 3384/131/5912
s 2712
f 3369/131/5916 3416/131/5916 3415/131/5916
f 3415/131/5916 3370/131/5916 3369/131/5916
s 2713
f 3382/131/5917 3403/131/5918 3402/131/5918
f 3402/131/5918 3383/131/5919 3382/131/5917
s 2714
f 3368/131/5920 3417/131/5921 3416/131/5922
f 3416/131/5922 3369/131/5923 3368/131/5920
s 2715
f 3381/131/5924 3404/131/5924 3403/131/5925
f 3403/131/5925 3382/131/5926 3381/131/5924
s 2716
f 3367/131/5927 3418/131/5928 3417/131/5928
f 3417/131/5928 3368/131/5929 3367/131/5927
s 2717
f 3380/131/5930 3405/131/5931 3404/131/5932
f 3404/131/5932 3381/131/5933 3380/131/5930
s 2718
f 3366/131/5934 3419/131/5935 3418/131/5936
f 3418/131/5936 3367/131/5936 3366/131/5934
s 2719
f 3379/131/5937 3406/131/5938 3405/131/5939
f 3405/131/5939 3380/131/5938 3379/131/5937
s 2720
f 3424/131/5940 3361/131/5940 3390/131/5941
f 3390/131/5941 3393/131/5940 3424/131/5940
s 2721
f 3365/131/5942 3420/131/5943 3419/131/5943
f 3419/131/5943 3366/131/5943 3365/131/5942
s 2722
f 3378/131/5944 3407/131/5945 3406/131/5946
f 3406/131/5946 3379/131/5947 3378/131/5944
s 2723
f 3393/131/5948 3390/131/5949 3392/131/5949
f 3392/131/5949 3394/131/5950 3393/131/5948
s 2724
f 3364/131/5951 3421/131/5952 3420/131/5953
f 3420/131/5953 3365/131/5954 3364/131/5951
s 2725
f 3377/131/5955 3408/131/5956 3407/131/5956
f 3407/131/5956 3378/131/5956 3377/131/5955
s 2726
f 3394/131/5957 3392/131/5958 3391/131/5959
f 3391/131/5959 3395/131/5960 3394/131/5957
s 2727
f 3363/131/5961 3422/131/5962 3421/131/5963
f 3421/131/5963 3364/131/5964 3363/131/5961
s 2728
f 3376/131/5965 3409/131/5966 3408/131/5967
f 3408/131/5967 3377/131/5967 3376/131/5965
s 2729
f 3391/131/5968 3389/131/5969 3396/131/5970
f 3396/131/5970 3395/131/5971 3391/131/5968
s 2730
f 3362/131/5972 3423/131/5973 3422/131/5974
f 3422/131/5974 3363/131/5975 3362/131/5972
s 2731
f 3375/131/5976 3410/131/5977 3409/131/5976
f 3409/131/5976 3376/131/5978 3375/131/5976
s 2732
f 3388/131/5979 3397/131/5980 3396/131/5981
f 3396/131/5981 3389/131/5980 3388/131/5979
s 2733
f 3362/131/5982 3361/131/5983 3424/131/5984
f 3424/131/5984 3423/131/5982 3362/131/5982
s 2734
f 3374/131/5985 3411/131/5985 3410/131/5985
f 3410/131/5985 3375/131/5986 3374/131/5985
s 2735
f 3398/131/5987 3397/131/5987 3388/131/5987
f 3388/131/5987 3387/131/5988 3398/131/5987
s 2736
f 3373/131/5989 3412/131/5990 3411/131/5991
f 3411/131/5991 3374/131/5992 3373/131/5989
s 2737
f 3425/131/48 3426/131/48 3427/131/48
f 3427/131/48 3428/131/48 3429/131/48
f 3425/131/48 3427/131/48 3429/131/48
f 3429/131/48 3430/131/48 3431/131/48
f 3431/131/48 3432/131/48 3433/131/48
f 3429/131/48 3431/131/48 3433/131/48
f 3425/131/48 3429/131/48 3433/131/48
f 3433/131/48 3434/131/48 3435/131/48
f 3435/131/48 3436/131/48 3437/131/48
f 3433/131/48 3435/131/48 3437/131/48
f 3437/131/48 3438/131/48 3439/131/48
f 3439/131/48 3440/131/48 3441/131/48
f 3437/131/48 3439/131/48 3441/131/48
f 3433/131/48 3437/131/48 3441/131/48
f 3441/131/48 3442/131/48 3443/131/48
f 3443/131/48 3444/131/48 3445/131/48
f 3441/131/48 3443/131/48 3445/131/48
f 3445/131/48 3446/131/48 3447/131/48
f 3447/131/48 3448/131/48 3449/131/48
f 3445/131/48 3447/131/48 3449/131/48
f 3441/131/48 3445/131/48 3449/131/48
f 3433/131/48 3441/131/48 3449/131/48
f 3425/131/48 3433/131/48 3449/131/48
f 3450/131/48 3451/131/48 3452/131/48
f 3449/131/48 3450/131/48 3452/131/48
f 3449/131/48 3452/131/48 3453/131/48
f 3425/131/48 3449/131/48 3453/131/48
f 3454/131/48 3425/131/48 3453/131/48
f 3454/131/48 3453/131/48 3455/131/48
f 3454/131/48 3455/131/48 3456/131/48
s 2738
f 3457/131/5993 3458/131/5993 3459/131/5993
f 3459/131/5993 3460/131/5993 3457/131/5993
s 2739
f 3461/131/5994 3449/131/5995 3448/131/5994
f 3448/131/5994 3462/131/5996 3461/131/5994
s 2740
f 3434/131/5997 3463/131/5998 3464/131/5999
f 3464/131/5999 3435/131/5997 3434/131/5997
s 2741
f 3448/131/6000 3447/131/6001 3465/131/6002
f 3465/131/6002 3462/131/6003 3448/131/6000
s 2742
f 3433/131/6004 3466/131/6005 3463/131/6006
f 3463/131/6006 3434/131/6007 3433/131/6004
s 2743
f 3446/131/6008 3467/131/6009 3465/131/6010
f 3465/131/6010 3447/131/6011 3446/131/6008
s 2744
f 3432/131/6012 3468/131/6013 3466/131/6012
f 3466/131/6012 3433/131/6014 3432/131/6012
s 2745
f 3445/131/6015 3469/131/6016 3467/131/6015
f 3467/131/6015 3446/131/6017 3445/131/6015
s 2746
f 3431/131/6018 3470/131/6018 3468/131/6018
f 3468/131/6018 3432/131/6018 3431/131/6018
s 2747
f 3444/131/6019 3471/131/6020 3469/131/6019
f 3469/131/6019 3445/131/6019 3444/131/6019
s 2748
f 3430/131/6021 3472/131/6022 3470/131/6023
f 3470/131/6023 3431/131/6024 3430/131/6021
s 2749
f 3443/131/6025 3473/131/6026 3471/131/6027
f 3471/131/6027 3444/131/6028 3443/131/6025
s 2750
f 3474/131/6029 3425/131/6030 3454/131/6029
f 3454/131/6029 3475/131/6031 3474/131/6029
s 2751
f 3429/131/6032 3476/131/6033 3472/131/6034
f 3472/131/6034 3430/131/6035 3429/131/6032
s 2752
f 3442/131/6036 3477/131/6037 3473/131/6038
f 3473/131/6038 3443/131/6039 3442/131/6036
s 2753
f 3475/131/6040 3454/131/6041 3456/131/6041
f 3456/131/6041 3478/131/6041 3475/131/6040
s 2754
f 3428/131/6042 3479/131/6043 3476/131/6044
f 3476/131/6044 3429/131/6042 3428/131/6042
s 2755
f 3441/131/6045 3480/131/6046 3477/131/6045
f 3477/131/6045 3442/131/6047 3441/131/6045
s 2756
f 3478/131/6048 3456/131/6049 3455/131/6050
f 3455/131/6050 3460/131/6051 3478/131/6048
s 2757
f 3427/131/6052 3481/131/6053 3479/131/6054
f 3479/131/6054 3428/131/6055 3427/131/6052
s 2758
f 3440/131/6056 3482/131/6056 3480/131/6057
f 3480/131/6057 3441/131/6058 3440/131/6056
s 2759
f 3455/131/6059 3453/131/6060 3457/131/6061
f 3457/131/6061 3460/131/6060 3455/131/6059
s 2760
f 3426/131/6062 3483/131/6063 3481/131/6064
f 3481/131/6064 3427/131/6065 3426/131/6062
s 2761
f 3439/131/6066 3484/131/6067 3482/131/6068
f 3482/131/6068 3440/131/6069 3439/131/6066
s 2762
f 3452/131/6070 3485/131/6071 3457/131/6072
f 3457/131/6072 3453/131/6073 3452/131/6070
s 2763
f 3426/131/6074 3425/131/6075 3474/131/6075
f 3474/131/6075 3483/131/6076 3426/131/6074
s 2764
f 3438/131/6077 3486/131/6078 3484/131/6079
f 3484/131/6079 3439/131/6080 3438/131/6077
s 2765
f 3487/131/6081 3485/131/6082 3452/131/6081
f 3452/131/6081 3451/131/6081 3487/131/6081
s 2766
f 3437/131/6083 3488/131/6084 3486/131/6083
f 3486/131/6083 3438/131/6085 3437/131/6083
s 2767
f 3450/131/6086 3489/131/6087 3487/131/6088
f 3487/131/6088 3451/131/6089 3450/131/6086
s 2768
f 3436/131/6090 3490/131/6091 3488/131/6092
f 3488/131/6092 3437/131/6090 3436/131/6090
s 2769
f 3461/131/6093 3489/131/6093 3450/131/6093
f 3450/131/6093 3449/131/6093 3461/131/6093
s 2770
f 3435/131/6094 3464/131/6095 3490/131/6096
f 3490/131/6096 3436/131/6097 3435/131/6094
s 2771
f 3491/131/5852 3492/131/5852 3459/131/5852
f 3459/131/5852 3458/131/5852 3493/131/5852
f 3491/131/5852 3459/131/5852 3493/131/5852
f 3493/131/5852 3494/131/5852 3495/131/5852
f 3493/131/5852 3495/131/5852 3496/131/5852
f 3491/131/5852 3493/131/5852 3496/131/5852
f 3491/131/5852 3496/131/5852 3497/131/5852
f 3497/131/5852 3498/131/5852 3499/131/5852
f 3499/131/5852 3500/131/5852 3501/131/5852
f 3497/131/5852 3499/131/5852 3501/131/5852
f 3501/131/5852 3502/131/5852 3503/131/5852
f 3503/131/5852 3504/131/5852 3505/131/5852
f 3501/131/5852 3503/131/5852 3505/131/5852
f 3497/131/5852 3501/131/5852 3505/131/5852
f 3505/131/5852 3506/131/5852 3507/131/5852
f 3507/131/5852 3508/131/5852 3509/131/5852
f 3505/131/5852 3507/131/5852 3509/131/5852
f 3509/131/5852 3510/131/5852 3511/131/5852
f 3511/131/5852 3512/131/5852 3513/131/5852
f 3509/131/5852 3511/131/5852 3513/131/5852
f 3505/131/5852 3509/131/5852 3513/131/5852
f 3497/131/5852 3505/131/5852 3513/131/5852
f 3513/131/5852 3514/131/5852 3515/131/5852
f 3515/131/5852 3516/131/5852 3517/131/5852
f 3513/131/5852 3515/131/5852 3517/131/5852
f 3517/131/5852 3518/131/5852 3519/131/5852
f 3517/131/5852 3519/131/5852 3520/131/5852
f 3513/131/5852 3517/131/5852 3520/131/5852
f 3497/131/5852 3513/131/5852 3520/131/5852
f 3491/131/5852 3497/131/5852 3520/131/5852
s 2772
f 3483/131/6098 3519/131/6098 3518/131/6098
f 3518/131/6098 3481/131/6098 3483/131/6098
s 2773
f 3484/131/6099 3506/131/6099 3505/131/6099
f 3505/131/6099 3482/131/6099 3484/131/6099
s 2774
f 3485/131/5871 3493/131/5871 3458/131/5871
f 3458/131/5871 3457/131/6100 3485/131/5871
s 2775
f 3483/131/6101 3474/131/6101 3520/131/6101
f 3520/131/6101 3519/131/6102 3483/131/6101
s 2776
f 3486/131/6103 3507/131/6103 3506/131/6103
f 3506/131/6103 3484/131/6103 3486/131/6103
s 2777
f 3487/131/6104 3494/131/6104 3493/131/6104
f 3493/131/6104 3485/131/6104 3487/131/6104
s 2778
f 3488/131/5877 3508/131/5877 3507/131/6105
f 3507/131/6105 3486/131/5877 3488/131/5877
s 2779
f 3489/131/6106 3495/131/6107 3494/131/6107
f 3494/131/6107 3487/131/5878 3489/131/6106
s 2780
f 3490/131/5879 3509/131/5879 3508/131/5879
f 3508/131/5879 3488/131/5879 3490/131/5879
s 2781
f 3461/131/6108 3496/131/6109 3495/131/6108
f 3495/131/6108 3489/131/6108 3461/131/6108
s 2782
f 3464/131/6110 3510/131/6110 3509/131/6110
f 3509/131/6110 3490/131/6110 3464/131/6110
s 2783
f 3462/131/6111 3497/131/5884 3496/131/6111
f 3496/131/6111 3461/131/6111 3462/131/6111
s 2784
f 3463/131/6112 3511/131/6112 3510/131/6112
f 3510/131/6112 3464/131/6112 3463/131/6112
s 2785
f 3465/131/5886 3498/131/5886 3497/131/5886
f 3497/131/5886 3462/131/5886 3465/131/5886
s 2786
f 3466/131/6113 3512/131/5887 3511/131/6113
f 3511/131/6113 3463/131/5887 3466/131/6113
s 2787
f 3467/131/6114 3499/131/6114 3498/131/6114
f 3498/131/6114 3465/131/6114 3467/131/6114
s 2788
f 3468/131/6115 3513/131/6115 3512/131/6115
f 3512/131/6115 3466/131/6116 3468/131/6115
s 2789
f 3469/131/5853 3500/131/5853 3499/131/5853
f 3499/131/5853 3467/131/5853 3469/131/5853
s 2790
f 3470/131/6117 3514/131/6118 3513/131/6118
f 3513/131/6118 3468/131/5854 3470/131/6117
s 2791
f 3471/131/6119 3501/131/6120 3500/131/6120
f 3500/131/6120 3469/131/6120 3471/131/6119
s 2792
f 3472/131/6121 3515/131/6121 3514/131/6121
f 3514/131/6121 3470/131/6121 3472/131/6121
s 2793
f 3473/131/6122 3502/131/6122 3501/131/6122
f 3501/131/6122 3471/131/6122 3473/131/6122
s 2794
f 3475/131/6123 3491/131/6123 3520/131/6123
f 3520/131/6123 3474/131/6123 3475/131/6123
s 2795
f 3476/131/5859 3516/131/6124 3515/131/5859
f 3515/131/5859 3472/131/5859 3476/131/5859
s 2796
f 3477/131/6125 3503/131/6126 3502/131/6125
f 3502/131/6125 3473/131/6125 3477/131/6125
s 2797
f 3478/131/6127 3492/131/5861 3491/131/5861
f 3491/131/5861 3475/131/6127 3478/131/6127
s 2798
f 3479/131/6128 3517/131/6128 3516/131/6128
f 3516/131/6128 3476/131/6128 3479/131/6128
s 2799
f 3480/131/6129 3504/131/6129 3503/131/6129
f 3503/131/6129 3477/131/6129 3480/131/6129
s 2800
f 3460/131/5864 3459/131/5864 3492/131/5864
f 3492/131/5864 3478/131/5864 3460/131/5864
s 2801
f 3481/131/6130 3518/131/6130 3517/131/6130
f 3517/131/6130 3479/131/6130 3481/131/6130
s 2802
f 3482/131/5867 3505/131/6131 3504/131/5867
f 3504/131/5867 3480/131/6132 3482/131/5867
