# Blender 4.5.3 LTS
# www.blender.org
mtllib pata_izquierda_delanteraobj.mtl
g pata_izquierda_delantera_Mesh
v -0.493089 -1.784237 0.381968
v -0.566689 -1.784237 0.374768
v -0.637489 -1.784237 0.353268
v -0.702689 -1.784237 0.318368
v -0.759889 -1.784237 0.271468
v -0.806789 -1.784237 0.214268
v -0.841689 -1.784237 0.149068
v -0.863189 -1.784237 0.078268
v -0.870389 -1.784237 0.004668
v -0.863189 -1.784237 -0.069032
v -0.841689 -1.784237 -0.139832
v -0.806789 -1.784237 -0.205032
v -0.759889 -1.784237 -0.262232
v -0.702689 -1.784237 -0.309132
v -0.637489 -1.784237 -0.344032
v -0.566689 -1.784237 -0.365532
v -0.493089 -1.784237 -0.372732
v -0.419389 -1.784237 -0.365532
v -0.348589 -1.784237 -0.344032
v -0.283389 -1.784237 -0.309132
v -0.226189 -1.784237 -0.262232
v -0.179289 -1.784237 -0.205032
v -0.144389 -1.784237 -0.139832
v -0.122889 -1.784237 -0.069032
v -0.115689 -1.784237 0.004668
v -0.122889 -1.784237 0.078268
v -0.144389 -1.784237 0.149068
v -0.179289 -1.784237 0.214268
v -0.226189 -1.784237 0.271468
v -0.419389 -1.784237 0.374768
v -0.283389 -1.784237 0.318368
v -0.348589 -1.784237 0.353268
v -0.399989 -1.963437 0.472368
v -0.310589 -1.963437 0.445168
v -0.228089 -1.963437 0.401168
v -0.155889 -1.963437 0.341768
v -0.096589 -1.963437 0.269568
v -0.052489 -1.963437 0.187068
v -0.025389 -1.963437 0.097668
v -0.016189 -1.963437 0.004668
v -0.025389 -1.963437 -0.088432
v -0.052489 -1.963437 -0.177832
v -0.096589 -1.963437 -0.260332
v -0.155889 -1.963437 -0.332532
v -0.228089 -1.963437 -0.391832
v -0.310589 -1.963437 -0.435932
v -0.399989 -1.963437 -0.463032
v -0.493089 -1.963437 -0.472232
v -0.586089 -1.963437 -0.463032
v -0.675489 -1.963437 -0.435932
v -0.757989 -1.963437 -0.391832
v -0.830189 -1.963437 -0.332532
v -0.889589 -1.963437 -0.260332
v -0.933589 -1.963437 -0.177832
v -0.960789 -1.963437 -0.088432
v -0.969889 -1.963437 0.004668
v -0.960789 -1.963437 0.097668
v -0.933589 -1.963437 0.187068
v -0.889589 -1.963437 0.269568
v -0.830189 -1.963437 0.341768
v -0.757989 -1.963437 0.401168
v -0.675489 -1.963437 0.445168
v -0.586089 -1.963437 0.472368
v -0.493089 -1.963437 0.481468
v -0.007589 -0.007837 0.407968
v -0.079489 0.022963 0.400268
v -0.148589 0.052463 0.377468
v -0.212289 0.079763 0.340468
v -0.268189 0.103663 0.290568
v -0.313989 0.123263 0.229868
v -0.348089 0.137863 0.160568
v -0.368989 0.146763 0.085368
v -0.376089 0.149863 0.007168
v -0.368989 0.146763 -0.071032
v -0.348089 0.137863 -0.146232
v -0.313989 0.123263 -0.215532
v -0.268189 0.103663 -0.276332
v -0.212289 0.079763 -0.326132
v -0.148589 0.052463 -0.363232
v -0.079489 0.022963 -0.386032
v -0.007589 -0.007837 -0.393732
v 0.064311 -0.038637 -0.386032
v 0.133511 -0.068137 -0.363232
v 0.197211 -0.095437 -0.326132
v 0.253011 -0.119337 -0.276332
v 0.298911 -0.138937 -0.215532
v 0.332911 -0.153537 -0.146232
v 0.353911 -0.162437 -0.071032
v 0.361011 -0.165537 0.007168
v 0.353911 -0.162437 0.085368
v 0.332911 -0.153537 0.160568
v 0.298911 -0.138937 0.229868
v 0.253011 -0.119337 0.290568
v 0.064311 -0.038637 0.400268
v 0.197211 -0.095437 0.340468
v 0.133511 -0.068137 0.377468
v 0.302211 -0.283337 -0.071032
v 0.255611 -0.302537 -0.064032
v 0.262011 -0.305337 0.007168
v 0.309211 -0.286437 0.007168
v 0.081711 -0.189037 -0.363232
v 0.145511 -0.216337 -0.326132
v -0.059289 -0.128737 0.407968
v 0.012611 -0.159437 0.400268
v -0.319889 -0.017237 0.290568
v -0.365689 0.002363 0.229868
v 0.012611 -0.159437 -0.386032
v 0.081711 -0.189037 0.377468
v -0.264089 -0.041137 0.340468
v -0.059289 -0.128737 -0.393732
v 0.145511 -0.216337 0.340468
v -0.200289 -0.068337 0.377468
v -0.131189 -0.097937 -0.386032
v 0.201311 -0.240237 0.290568
v -0.131189 -0.097937 0.400268
v -0.200289 -0.068337 -0.363232
v 0.247111 -0.259837 0.229868
v -0.264089 -0.041137 -0.326132
v 0.281211 -0.274437 0.160568
v -0.319889 -0.017237 -0.276332
v 0.302211 -0.283337 0.085368
v -0.365689 0.002363 -0.215532
v -0.399789 0.016963 -0.146232
v -0.420789 0.025963 -0.071032
v 0.281211 -0.274437 -0.146232
v -0.427789 0.028963 0.007168
v 0.247111 -0.259837 -0.215532
v -0.420789 0.025963 0.085368
v 0.201311 -0.240237 -0.276332
v -0.399789 0.016963 0.160568
v 0.163811 -0.263237 -0.250932
v 0.175411 -0.289337 -0.271832
v 0.220511 -0.308637 -0.212032
v 0.205511 -0.281137 -0.195632
v -0.402489 -0.021037 -0.064032
v -0.383389 -0.029137 -0.132532
v 0.236511 -0.294437 -0.132532
v -0.408889 -0.018237 0.007168
v -0.402489 -0.021037 0.078368
v -0.383389 -0.029137 0.146768
v 0.112911 -0.241537 -0.296232
v -0.352389 -0.042437 0.209868
v 0.054911 -0.216737 -0.330032
v -0.007989 -0.189837 0.365068
v -0.073389 -0.161837 0.372068
v -0.310689 -0.060337 0.265168
v -0.007989 -0.189837 -0.350732
v 0.054911 -0.216737 0.344268
v -0.259789 -0.082037 0.310568
v -0.073389 -0.161837 -0.357732
v 0.112911 -0.241537 0.310568
v -0.201789 -0.106837 0.344268
v -0.138889 -0.133737 -0.350732
v 0.163811 -0.263237 0.265168
v -0.138889 -0.133737 0.365068
v -0.201789 -0.106837 -0.330032
v 0.205511 -0.281137 0.209868
v -0.259789 -0.082037 -0.296232
v 0.236511 -0.294437 0.146768
v -0.310689 -0.060337 -0.250932
v 0.255611 -0.302537 0.078368
v -0.352389 -0.042437 -0.195632
v 0.057711 -0.238937 -0.357332
v -0.010289 -0.209837 -0.379732
v -0.069889 -0.349237 -0.379732
v -0.001889 -0.378337 -0.357332
v -0.416089 -0.036237 0.158068
v -0.436789 -0.027437 0.084068
v 0.120411 -0.265837 -0.320832
v -0.382589 -0.050637 0.226268
v -0.010289 -0.209837 0.393968
v -0.081089 -0.179637 0.401568
v -0.337489 -0.069937 0.286068
v 0.057711 -0.238937 0.371568
v -0.282589 -0.093437 0.335068
v -0.081089 -0.179637 -0.387332
v 0.120411 -0.265837 0.335068
v -0.219889 -0.120237 0.371568
v -0.151789 -0.149337 -0.379732
v 0.175411 -0.289337 0.286068
v -0.151789 -0.149337 0.393968
v -0.219889 -0.120237 -0.357332
v 0.220511 -0.308637 0.226268
v -0.282589 -0.093437 -0.320832
v 0.254011 -0.322937 0.158068
v -0.337489 -0.069937 -0.271832
v 0.274611 -0.331737 0.084068
v -0.382589 -0.050637 -0.212032
v 0.281611 -0.334737 0.007168
v -0.416089 -0.036237 -0.143832
v 0.274611 -0.331737 -0.069832
v -0.436789 -0.027437 -0.069832
v 0.254011 -0.322937 -0.143832
v -0.443689 -0.024437 0.007168
v -0.279489 -0.259637 -0.357332
v -0.280989 -0.304337 -0.318332
v -0.220289 -0.330337 -0.338332
v -0.211489 -0.288737 -0.379732
v -0.001889 -0.378337 0.371568
v -0.069889 -0.349237 0.393968
v -0.342189 -0.232737 0.335068
v -0.397089 -0.209237 0.286068
v -0.140689 -0.318937 -0.387332
v 0.060811 -0.405137 0.335068
v -0.279489 -0.259637 0.371568
v 0.115711 -0.428737 0.286068
v -0.211489 -0.288737 0.393968
v 0.160811 -0.448037 0.226268
v -0.140689 -0.318937 0.401568
v -0.342189 -0.232737 -0.320832
v 0.194411 -0.462337 0.158068
v -0.397089 -0.209237 -0.271832
v 0.215011 -0.471137 0.084068
v -0.442189 -0.189937 -0.212032
v 0.222011 -0.474137 0.007168
v -0.475789 -0.175637 -0.143832
v 0.215011 -0.471137 -0.069832
v -0.496389 -0.166837 -0.069832
v 0.194411 -0.462337 -0.143832
v -0.503389 -0.163837 0.007168
v 0.160811 -0.448037 -0.212032
v -0.496389 -0.166837 0.084068
v 0.115711 -0.428737 -0.271832
v -0.475789 -0.175637 0.158068
v 0.060811 -0.405137 -0.320832
v -0.442189 -0.189937 0.226268
v -0.426389 -0.242137 -0.188532
v -0.477189 -0.273837 -0.211432
v -0.432189 -0.293037 -0.271032
v -0.386089 -0.259337 -0.241932
v 0.112211 -0.472537 0.202868
v 0.071911 -0.455337 0.256268
v -0.220289 -0.330337 0.352668
v -0.157089 -0.357337 0.359368
v -0.336989 -0.280337 -0.285732
v 0.142111 -0.485337 0.141968
v 0.160511 -0.493237 0.075868
v 0.166811 -0.495837 0.007168
v -0.456289 -0.229337 -0.127632
v 0.160511 -0.493237 -0.061632
v -0.474689 -0.221437 -0.061632
v 0.142111 -0.485337 -0.127632
v -0.480989 -0.218737 0.007168
v 0.112211 -0.472537 -0.188532
v -0.474689 -0.221437 0.075868
v 0.071911 -0.455337 -0.241932
v -0.456289 -0.229337 0.141968
v 0.022811 -0.434337 -0.285732
v -0.426389 -0.242137 0.202868
v -0.033189 -0.410337 -0.318332
v -0.093889 -0.384337 0.352668
v -0.386089 -0.259337 0.256268
v -0.093889 -0.384337 -0.338332
v -0.033189 -0.410337 0.332568
v -0.336989 -0.280337 0.300068
v -0.157089 -0.357337 -0.345132
v 0.022811 -0.434337 0.300068
v -0.280989 -0.304337 0.332568
v -0.597089 -0.385437 0.007168
v -0.590089 -0.388437 -0.069632
v -0.531189 -0.250737 -0.069632
v -0.538089 -0.247737 0.007168
v 0.178311 -0.554237 0.083868
v 0.185311 -0.557237 0.007168
v -0.510589 -0.259537 -0.143432
v 0.178311 -0.554237 -0.069632
v 0.157811 -0.545437 -0.143432
v 0.124311 -0.531137 -0.211432
v -0.531189 -0.250737 0.083868
v 0.079311 -0.511937 -0.271032
v -0.510589 -0.259537 0.157668
v 0.024511 -0.488437 -0.320032
v -0.477189 -0.273837 0.225668
v -0.037989 -0.461737 -0.356332
v -0.105889 -0.432637 0.392968
v -0.176389 -0.402537 0.400568
v -0.432189 -0.293037 0.285368
v -0.105889 -0.432637 -0.378732
v -0.037989 -0.461737 0.370568
v -0.377389 -0.316537 0.334268
v -0.176389 -0.402537 -0.386332
v 0.024511 -0.488437 0.334268
v -0.314889 -0.343237 0.370568
v -0.246989 -0.372337 -0.378732
v 0.079311 -0.511937 0.285368
v -0.246989 -0.372337 0.392968
v -0.314889 -0.343237 -0.356332
v 0.124311 -0.531137 0.225668
v -0.377389 -0.316537 -0.320032
v 0.157811 -0.545437 0.157668
v -0.536089 -0.411537 0.225668
v -0.520089 -0.491437 0.195068
v -0.549389 -0.480737 0.136568
v -0.569489 -0.397237 0.157668
v 0.065411 -0.668837 -0.211432
v 0.098811 -0.683137 -0.143432
v -0.590089 -0.388437 0.083868
v 0.020411 -0.649637 -0.271032
v -0.034389 -0.626137 -0.320032
v -0.096889 -0.599437 -0.356332
v -0.164789 -0.570437 0.392968
v -0.235289 -0.540237 0.400568
v -0.491089 -0.430737 0.285368
v -0.164789 -0.570437 -0.378732
v -0.096889 -0.599437 0.370568
v -0.436289 -0.454237 0.334268
v -0.235289 -0.540237 -0.386332
v -0.034389 -0.626137 0.334268
v -0.373789 -0.480937 0.370568
v -0.305889 -0.510037 -0.378732
v 0.020411 -0.649637 0.285368
v -0.305889 -0.510037 0.392968
v -0.373789 -0.480937 -0.356332
v 0.065411 -0.668837 0.225668
v -0.436289 -0.454237 -0.320032
v 0.098811 -0.683137 0.157668
v -0.491089 -0.430737 -0.271032
v 0.119411 -0.691937 0.083868
v -0.536089 -0.411537 -0.211432
v 0.126411 -0.694937 0.007168
v -0.569489 -0.397237 -0.143432
v 0.119411 -0.691937 -0.069632
v -0.628789 -0.495537 -0.068832
v -0.607989 -0.503237 -0.141932
v -0.549389 -0.480737 -0.122332
v -0.567489 -0.474137 -0.058832
v -0.134389 -0.632937 -0.305432
v -0.079389 -0.653037 -0.274232
v -0.193989 -0.611037 0.338968
v -0.255889 -0.588337 0.345468
v -0.480589 -0.505937 0.246368
v -0.193989 -0.611037 -0.324732
v -0.134389 -0.632937 0.319768
v -0.432389 -0.523637 0.288468
v -0.255889 -0.588337 -0.331232
v -0.079389 -0.653037 0.288468
v -0.377489 -0.543737 0.319768
v -0.317889 -0.565637 -0.324732
v -0.031289 -0.670637 0.246368
v -0.317889 -0.565637 0.338968
v -0.377489 -0.543737 -0.305432
v 0.008211 -0.685137 0.195068
v -0.432389 -0.523637 -0.274232
v 0.037611 -0.695937 0.136568
v -0.480589 -0.505937 -0.232132
v 0.055611 -0.702537 0.073168
v -0.520089 -0.491437 -0.180832
v 0.061711 -0.704737 0.007168
v 0.055611 -0.702537 -0.058832
v 0.037611 -0.695937 -0.122332
v -0.573589 -0.471837 0.007168
v 0.008211 -0.685137 -0.180832
v -0.567489 -0.474137 0.073168
v -0.031289 -0.670637 -0.232132
v -0.607989 -0.503237 0.156168
v -0.656289 -0.635137 0.156168
v -0.677089 -0.627437 0.083068
v -0.628789 -0.495537 0.083068
v 0.067711 -0.750937 -0.141932
v 0.088511 -0.758537 -0.068832
v -0.635789 -0.492937 0.007168
v 0.033911 -0.738537 -0.209232
v -0.011589 -0.721837 -0.268232
v -0.066989 -0.701537 -0.316732
v -0.574189 -0.515537 0.223468
v -0.130189 -0.678337 -0.352732
v -0.198789 -0.653237 0.389168
v -0.270089 -0.627037 0.396568
v -0.528689 -0.532237 0.282568
v -0.198789 -0.653237 -0.374832
v -0.130189 -0.678337 0.366968
v -0.473289 -0.552537 0.330968
v -0.270089 -0.627037 -0.382332
v -0.066989 -0.701537 0.330968
v -0.410089 -0.575737 0.366968
v -0.341489 -0.600937 -0.374832
v -0.011589 -0.721837 0.282568
v -0.341489 -0.600937 0.389168
v -0.410089 -0.575737 -0.352732
v 0.033911 -0.738537 0.223468
v -0.473289 -0.552537 -0.316732
v 0.067711 -0.750937 0.156168
v -0.528689 -0.532237 -0.268232
v 0.088511 -0.758537 0.083068
v -0.574189 -0.515537 -0.209232
v 0.095611 -0.761137 0.007168
v -0.564689 -0.746637 0.242968
v -0.577089 -0.664137 0.282568
v -0.521689 -0.684537 0.330968
v -0.516289 -0.761237 0.284368
v -0.115289 -0.833437 -0.316732
v -0.059889 -0.853737 -0.268232
v -0.622489 -0.647537 0.223468
v -0.178589 -0.810237 -0.352732
v -0.247189 -0.785137 0.389168
v -0.318489 -0.758937 0.396568
v -0.247189 -0.785137 -0.374832
v -0.178589 -0.810237 0.366968
v -0.318489 -0.758937 -0.382332
v -0.115289 -0.833437 0.330968
v -0.458389 -0.707637 0.366968
v -0.389789 -0.732837 -0.374832
v -0.059889 -0.853737 0.282568
v -0.389789 -0.732837 0.389168
v -0.458389 -0.707637 -0.352732
v -0.014389 -0.870437 0.223468
v -0.521689 -0.684537 -0.316732
v 0.019411 -0.882837 0.156168
v -0.577089 -0.664137 -0.268232
v 0.040211 -0.890437 0.083068
v -0.622489 -0.647537 -0.209232
v 0.047211 -0.893037 0.007168
v -0.656289 -0.635137 -0.141932
v 0.040211 -0.890437 -0.068832
v -0.677089 -0.627437 -0.068832
v 0.019411 -0.882837 -0.141932
v -0.684189 -0.624937 0.007168
v -0.014389 -0.870437 -0.209232
v -0.350289 -0.852537 0.384268
v -0.420789 -0.831237 0.377068
v -0.401189 -0.795937 0.334168
v -0.338889 -0.814737 0.340568
v -0.338889 -0.814737 -0.326332
v -0.276589 -0.833437 -0.319932
v -0.161489 -0.868137 0.284368
v -0.216689 -0.851537 0.315168
v -0.461089 -0.777837 0.315168
v -0.401189 -0.795937 -0.319932
v -0.113189 -0.882737 0.242968
v -0.461089 -0.777837 -0.300932
v -0.073489 -0.894737 0.192368
v -0.516289 -0.761237 -0.270132
v -0.043989 -0.903637 0.134768
v -0.564689 -0.746637 -0.228632
v -0.025789 -0.909037 0.072168
v -0.604389 -0.734737 -0.178132
v -0.019589 -0.910937 0.007168
v -0.633889 -0.725837 -0.120432
v -0.025789 -0.909037 -0.057932
v -0.652089 -0.720337 -0.057932
v -0.043989 -0.903637 -0.120432
v -0.658189 -0.718437 0.007168
v -0.073489 -0.894737 -0.178132
v -0.652089 -0.720337 0.072168
v -0.113189 -0.882737 -0.228632
v -0.633889 -0.725837 0.134768
v -0.161489 -0.868137 -0.270132
v -0.604389 -0.734737 0.192368
v -0.216689 -0.851537 -0.300932
v -0.276589 -0.833437 0.334168
v -0.683889 -0.751937 -0.137232
v -0.721189 -0.875637 -0.137232
v -0.687789 -0.885737 -0.202432
v -0.650589 -0.762037 -0.202432
v -0.550889 -0.792037 -0.306432
v -0.488489 -0.810837 -0.341332
v -0.050089 -0.943037 0.216668
v -0.016689 -0.953037 0.151468
v -0.605689 -0.775537 -0.259532
v 0.003811 -0.959237 0.080668
v 0.010811 -0.961337 0.007168
v 0.003811 -0.959237 -0.066432
v -0.704489 -0.745737 -0.066432
v -0.016689 -0.953037 -0.137232
v -0.711389 -0.743637 0.007168
v -0.050089 -0.943037 -0.202432
v -0.704489 -0.745737 0.080668
v -0.094989 -0.929437 -0.259532
v -0.683889 -0.751937 0.151468
v -0.149689 -0.912937 -0.306432
v -0.650589 -0.762037 0.216668
v -0.212089 -0.894137 -0.341332
v -0.279889 -0.873737 0.377068
v -0.605689 -0.775537 0.273768
v -0.279889 -0.873737 -0.362732
v -0.212089 -0.894137 0.355568
v -0.550889 -0.792037 0.320668
v -0.350289 -0.852537 -0.370032
v -0.149689 -0.912937 0.320668
v -0.488489 -0.810837 0.355568
v -0.420789 -0.831237 -0.362732
v -0.094989 -0.929437 0.273768
v -0.709789 -0.955037 0.007168
v -0.748689 -0.867337 0.007168
v -0.741789 -0.869437 0.080668
v -0.703889 -0.956337 0.068668
v -0.033389 -1.082937 -0.066432
v -0.026489 -1.085037 0.007168
v -0.741789 -0.869437 -0.066432
v -0.053989 -1.076737 -0.137232
v -0.087389 -1.066637 -0.202432
v -0.132289 -1.053137 -0.259532
v -0.721189 -0.875637 0.151468
v -0.186989 -1.036637 -0.306432
v -0.687789 -0.885737 0.216668
v -0.249389 -1.017837 -0.341332
v -0.387589 -0.976237 0.384268
v -0.317189 -0.997437 0.377068
v -0.642889 -0.899237 0.273768
v -0.317189 -0.997437 -0.362732
v -0.249389 -1.017837 0.355568
v -0.588189 -0.915737 0.320668
v -0.387589 -0.976237 -0.370032
v -0.186989 -1.036637 0.320668
v -0.525789 -0.934537 0.355568
v -0.457989 -0.954937 -0.362732
v -0.132289 -1.053137 0.273768
v -0.457989 -0.954937 0.377068
v -0.525789 -0.934537 -0.341332
v -0.087389 -1.066637 0.216668
v -0.588189 -0.915737 -0.306432
v -0.053989 -1.076737 0.151468
v -0.642889 -0.899237 -0.259532
v -0.033389 -1.082937 0.080668
v -0.401289 -1.021537 0.322768
v -0.341089 -1.034537 0.316668
v -0.344089 -1.094137 0.364768
v -0.413689 -1.079137 0.371868
v -0.183089 -1.068637 -0.216032
v -0.144689 -1.076837 -0.168232
v -0.686289 -0.960137 0.127868
v -0.229889 -1.058537 -0.255332
v -0.657789 -0.966237 0.182468
v -0.283189 -1.047037 -0.284432
v -0.619389 -0.974537 0.230268
v -0.341089 -1.034537 -0.302432
v -0.283189 -1.047037 0.298668
v -0.572689 -0.984637 0.269568
v -0.401289 -1.021537 -0.308432
v -0.229889 -1.058537 0.269568
v -0.519289 -0.996137 0.298668
v -0.461489 -1.008637 -0.302432
v -0.183089 -1.068637 0.230268
v -0.461489 -1.008637 0.316668
v -0.519289 -0.996137 -0.284432
v -0.144689 -1.076837 0.182468
v -0.572689 -0.984637 -0.255332
v -0.116189 -1.083037 0.127868
v -0.619389 -0.974537 -0.216032
v -0.098689 -1.086837 0.068668
v -0.657789 -0.966237 -0.168232
v -0.092789 -1.088037 0.007168
v -0.686289 -0.960137 -0.113632
v -0.098689 -1.086837 -0.054432
v -0.703889 -0.956337 -0.054432
v -0.116189 -1.083037 -0.113632
v -0.161589 -1.133437 0.264968
v -0.188789 -1.259437 0.264968
v -0.242789 -1.247837 0.310368
v -0.215589 -1.121837 0.310368
v -0.665789 -1.024737 0.264968
v -0.710089 -1.015237 0.209768
v -0.344089 -1.094137 -0.350532
v -0.277289 -1.108537 -0.329832
v -0.277289 -1.108537 0.344068
v -0.611689 -1.036437 0.310368
v -0.413689 -1.079137 -0.357532
v -0.550089 -1.049737 0.344068
v -0.483189 -1.064137 -0.350532
v -0.483189 -1.064137 0.364768
v -0.550089 -1.049737 -0.329832
v -0.117289 -1.143037 0.209768
v -0.611689 -1.036437 -0.296132
v -0.084289 -1.150137 0.146668
v -0.665789 -1.024737 -0.250732
v -0.063989 -1.154537 0.078268
v -0.710089 -1.015237 -0.195432
v -0.057189 -1.156037 0.007168
v -0.742989 -1.008137 -0.132432
v -0.063989 -1.154537 -0.064032
v -0.763289 -1.003737 -0.064032
v -0.084289 -1.150137 -0.132432
v -0.770189 -1.002237 0.007168
v -0.117289 -1.143037 -0.195432
v -0.763289 -1.003737 0.078268
v -0.161589 -1.133437 -0.250732
v -0.742989 -1.008137 0.146668
v -0.215589 -1.121837 -0.296132
v -0.150989 -1.282137 0.066768
v -0.168089 -1.279137 0.124068
v -0.111489 -1.276137 0.146668
v -0.091189 -1.280437 0.078268
v -0.510389 -1.190137 0.364768
v -0.577289 -1.175637 0.344068
v -0.577289 -1.175637 -0.329832
v -0.510389 -1.190137 -0.350532
v -0.144389 -1.269037 0.209768
v -0.440789 -1.205137 0.371868
v -0.638889 -1.162337 -0.296132
v -0.692889 -1.150737 -0.250732
v -0.737289 -1.141137 -0.195432
v -0.084289 -1.281937 0.007168
v -0.770189 -1.134037 -0.132432
v -0.091189 -1.280437 -0.064032
v -0.790489 -1.129737 -0.064032
v -0.111489 -1.276137 -0.132432
v -0.797289 -1.128237 0.007168
v -0.144389 -1.269037 -0.195432
v -0.790489 -1.129737 0.078268
v -0.188789 -1.259437 -0.250732
v -0.770189 -1.134037 0.146668
v -0.242789 -1.247837 -0.296132
v -0.737289 -1.141137 0.209768
v -0.304389 -1.234537 -0.329832
v -0.371289 -1.220037 0.364768
v -0.692889 -1.150737 0.264968
v -0.371289 -1.220037 -0.350532
v -0.304389 -1.234537 0.344068
v -0.638889 -1.162337 0.310368
v -0.440789 -1.205137 -0.357532
v -0.168089 -1.279137 -0.109832
v -0.128189 -1.320037 -0.129032
v -0.108289 -1.323537 -0.062232
v -0.150989 -1.282137 -0.052532
v -0.696789 -1.187437 -0.162732
v -0.659389 -1.193937 -0.209032
v -0.145189 -1.283137 0.007168
v -0.724689 -1.182637 -0.109832
v -0.741789 -1.179637 -0.052532
v -0.747589 -1.178637 0.007168
v -0.195989 -1.274337 -0.162732
v -0.741789 -1.179637 0.066768
v -0.233389 -1.267837 -0.209032
v -0.724689 -1.182637 0.124068
v -0.279089 -1.259937 -0.247032
v -0.696789 -1.187437 0.176968
v -0.331089 -1.250837 -0.275232
v -0.387589 -1.241037 0.306968
v -0.446389 -1.230837 0.312868
v -0.659389 -1.193937 0.223268
v -0.387589 -1.241037 -0.292632
v -0.331089 -1.250837 0.289568
v -0.613689 -1.201837 0.261268
v -0.446389 -1.230837 -0.298532
v -0.279089 -1.259937 0.261268
v -0.561689 -1.210937 0.289568
v -0.505189 -1.220737 -0.292632
v -0.233389 -1.267837 0.223268
v -0.505189 -1.220737 0.306968
v -0.561689 -1.210937 -0.275232
v -0.195989 -1.274337 0.176968
v -0.613689 -1.201837 -0.247032
v -0.257389 -1.297637 -0.288732
v -0.278989 -1.422637 -0.288732
v -0.225889 -1.431837 -0.244432
v -0.204189 -1.306937 -0.244432
v -0.802689 -1.203137 0.007168
v -0.795989 -1.204237 -0.062232
v -0.160589 -1.314437 -0.190532
v -0.795989 -1.204237 0.076568
v -0.775989 -1.207737 0.143268
v -0.743589 -1.213337 0.204768
v -0.317989 -1.287137 -0.321632
v -0.383689 -1.275737 0.356068
v -0.452089 -1.263937 0.362968
v -0.699989 -1.220937 0.258768
v -0.383689 -1.275737 -0.341832
v -0.317989 -1.287137 0.335868
v -0.646889 -1.230137 0.302968
v -0.452089 -1.263937 -0.348632
v -0.257389 -1.297637 0.302968
v -0.586289 -1.240637 0.335868
v -0.520489 -1.252037 -0.341832
v -0.204189 -1.306937 0.258768
v -0.520489 -1.252037 0.356068
v -0.586289 -1.240637 -0.321632
v -0.160589 -1.314437 0.204768
v -0.646889 -1.230137 -0.288732
v -0.128189 -1.320037 0.143268
v -0.699989 -1.220937 -0.244432
v -0.108289 -1.323537 0.076568
v -0.743589 -1.213337 -0.190532
v -0.101489 -1.324737 0.007168
v -0.775989 -1.207737 -0.129032
v -0.473789 -1.388837 -0.348632
v -0.482189 -1.437537 -0.302932
v -0.421889 -1.441037 -0.296932
v -0.405389 -1.400637 -0.341832
v -0.765289 -1.338237 0.204768
v -0.797689 -1.332637 0.143268
v -0.339589 -1.412037 -0.321632
v -0.405389 -1.400637 0.356068
v -0.473789 -1.388837 0.362968
v -0.721689 -1.345837 0.258768
v -0.339589 -1.412037 0.335868
v -0.668589 -1.355037 0.302968
v -0.278989 -1.422637 0.302968
v -0.607889 -1.365537 0.335868
v -0.542189 -1.376937 -0.341832
v -0.225889 -1.431837 0.258768
v -0.542189 -1.376937 0.356068
v -0.607889 -1.365537 -0.321632
v -0.182289 -1.439337 0.204768
v -0.668589 -1.355037 -0.288732
v -0.149889 -1.444937 0.143268
v -0.721689 -1.345837 -0.244432
v -0.129889 -1.448437 0.076568
v -0.765289 -1.338237 -0.190532
v -0.123189 -1.449637 0.007168
v -0.797689 -1.332637 -0.129032
v -0.129889 -1.448437 -0.062232
v -0.817589 -1.329237 -0.062232
v -0.149889 -1.444937 -0.129032
v -0.824389 -1.328037 0.007168
v -0.182289 -1.439337 -0.190532
v -0.817589 -1.329237 0.076568
v -0.654189 -1.427837 -0.250632
v -0.678289 -1.450137 -0.284732
v -0.617689 -1.453537 -0.317132
v -0.600689 -1.430837 -0.279332
v -0.310289 -1.447337 0.264968
v -0.363789 -1.444337 0.293568
v -0.600689 -1.430837 0.293568
v -0.654189 -1.427837 0.264968
v -0.542589 -1.434137 -0.296932
v -0.263389 -1.450037 0.226368
v -0.542589 -1.434137 0.311268
v -0.224889 -1.452237 0.179368
v -0.482189 -1.437537 0.317168
v -0.196289 -1.453837 0.125768
v -0.701089 -1.425137 -0.212132
v -0.178589 -1.454837 0.067668
v -0.739589 -1.422937 -0.165132
v -0.172689 -1.455237 0.007168
v -0.768189 -1.421337 -0.111532
v -0.178589 -1.454837 -0.053332
v -0.785789 -1.420337 -0.053332
v -0.196289 -1.453837 -0.111532
v -0.791789 -1.419937 0.007168
v -0.224889 -1.452237 -0.165132
v -0.785789 -1.420337 0.067668
v -0.263389 -1.450037 -0.212132
v -0.768189 -1.421337 0.125768
v -0.310289 -1.447337 -0.250632
v -0.739589 -1.422937 0.179368
v -0.363789 -1.444337 -0.279332
v -0.421889 -1.441037 0.311268
v -0.701089 -1.425137 0.226368
v -0.807389 -1.442737 -0.127232
v -0.814389 -1.565737 -0.127232
v -0.781989 -1.567637 -0.187932
v -0.774989 -1.444637 -0.187932
v -0.192189 -1.477837 0.202168
v -0.159789 -1.479637 0.141468
v -0.731389 -1.447137 -0.241032
v -0.139889 -1.480737 0.075568
v -0.133089 -1.481137 0.007168
v -0.139889 -1.480737 -0.061332
v -0.827289 -1.441637 -0.061332
v -0.159789 -1.479637 -0.127232
v -0.833989 -1.441237 0.007168
v -0.192189 -1.477837 -0.187932
v -0.827289 -1.441637 0.075568
v -0.235789 -1.475337 -0.241032
v -0.807389 -1.442737 0.141468
v -0.288889 -1.472337 -0.284732
v -0.774989 -1.444637 0.202168
v -0.349489 -1.468837 -0.317132
v -0.415189 -1.465137 0.351368
v -0.483589 -1.461237 0.358168
v -0.731389 -1.447137 0.255368
v -0.415189 -1.465137 -0.337132
v -0.349489 -1.468837 0.331468
v -0.678289 -1.450137 0.298968
v -0.483589 -1.461237 -0.343932
v -0.288889 -1.472337 0.298968
v -0.617689 -1.453537 0.331468
v -0.551989 -1.457337 -0.337132
v -0.235789 -1.475337 0.255368
v -0.551989 -1.457337 0.351368
v -0.834289 -1.564637 0.075568
v -0.798789 -1.619637 0.068068
v -0.804789 -1.619637 0.007168
v -0.841089 -1.564237 0.007168
v -0.146889 -1.603737 -0.061332
v -0.140089 -1.604137 0.007168
v -0.834289 -1.564637 -0.061332
v -0.166789 -1.602637 -0.127232
v -0.199189 -1.600837 -0.187932
v -0.242789 -1.598337 -0.241032
v -0.814389 -1.565737 0.141468
v -0.295889 -1.595337 -0.284732
v -0.781989 -1.567637 0.202168
v -0.356489 -1.591837 -0.317132
v -0.490589 -1.584237 0.358168
v -0.422189 -1.588137 0.351368
v -0.738389 -1.570137 0.255368
v -0.422189 -1.588137 -0.337132
v -0.356489 -1.591837 0.331468
v -0.685289 -1.573137 0.298968
v -0.490589 -1.584237 -0.343932
v -0.295889 -1.595337 0.298968
v -0.624689 -1.576537 0.331468
v -0.558989 -1.580337 -0.337132
v -0.242789 -1.598337 0.255368
v -0.558989 -1.580337 0.351368
v -0.624689 -1.576537 -0.317132
v -0.199189 -1.600837 0.202168
v -0.685289 -1.573137 -0.284732
v -0.166789 -1.602637 0.141468
v -0.738389 -1.570137 -0.241032
v -0.146889 -1.603737 0.075568
v -0.684189 -1.653537 -0.279432
v -0.624589 -1.653737 -0.311232
v -0.612089 -1.620137 -0.281232
v -0.666089 -1.620037 -0.252432
v -0.271889 -1.621037 -0.213632
v -0.233089 -1.621137 -0.166332
v -0.780989 -1.619737 0.126568
v -0.319189 -1.620837 -0.252432
v -0.752189 -1.619737 0.180568
v -0.373189 -1.620737 -0.281232
v -0.431789 -1.620637 0.313268
v -0.492689 -1.620437 0.319268
v -0.713389 -1.619837 0.227868
v -0.431789 -1.620637 -0.299032
v -0.373189 -1.620737 0.295568
v -0.666089 -1.620037 0.266668
v -0.492689 -1.620437 -0.305032
v -0.319189 -1.620837 0.266668
v -0.612089 -1.620137 0.295568
v -0.553589 -1.620237 -0.299032
v -0.271889 -1.621037 0.227868
v -0.553589 -1.620237 0.313268
v -0.233089 -1.621137 0.180568
v -0.204289 -1.621137 0.126568
v -0.713389 -1.619837 -0.213632
v -0.186489 -1.621237 0.068068
v -0.752189 -1.619737 -0.166332
v -0.180489 -1.621237 0.007168
v -0.780989 -1.619737 -0.112332
v -0.186489 -1.621237 -0.053732
v -0.798789 -1.619637 -0.053732
v -0.204289 -1.621137 -0.112332
v -0.779289 -1.653337 -0.184332
v -0.811089 -1.653237 -0.124732
v -0.811389 -1.718837 -0.124732
v -0.779589 -1.718937 -0.184332
v -0.174289 -1.654837 0.138968
v -0.206189 -1.654737 0.198568
v -0.736389 -1.653437 -0.236532
v -0.154689 -1.654937 0.074368
v -0.148089 -1.654937 0.007168
v -0.154689 -1.654937 -0.060132
v -0.830689 -1.653137 -0.060132
v -0.174289 -1.654837 -0.124732
v -0.837389 -1.653137 0.007168
v -0.206189 -1.654737 -0.184332
v -0.830689 -1.653137 0.074368
v -0.249089 -1.654637 -0.236532
v -0.811089 -1.653237 0.138968
v -0.301289 -1.654537 -0.279432
v -0.779289 -1.653337 0.198568
v -0.360889 -1.654337 -0.311232
v -0.425489 -1.654237 0.345168
v -0.492689 -1.654037 0.351768
v -0.736389 -1.653437 0.250868
v -0.425489 -1.654237 -0.330832
v -0.360889 -1.654337 0.325568
v -0.684189 -1.653537 0.293668
v -0.492689 -1.654037 -0.337532
v -0.301289 -1.654537 0.293668
v -0.624589 -1.653737 0.325568
v -0.559989 -1.653837 -0.330832
v -0.249089 -1.654637 0.250868
v -0.559989 -1.653837 0.345168
v -0.425789 -1.719837 0.345168
v -0.361089 -1.720037 0.325568
v -0.301589 -1.720137 0.293668
v -0.249289 -1.720337 0.250868
v -0.206489 -1.720437 0.198568
v -0.174589 -1.720537 0.138968
v -0.154989 -1.720537 0.074368
v -0.148389 -1.720537 0.007168
v -0.154989 -1.720537 -0.060132
v -0.174589 -1.720537 -0.124732
v -0.206489 -1.720437 -0.184332
v -0.249289 -1.720337 -0.236532
v -0.301589 -1.720137 -0.279432
v -0.361089 -1.720037 -0.311232
v -0.425789 -1.719837 -0.330832
v -0.492989 -1.719737 -0.337532
v -0.560289 -1.719537 -0.330832
v -0.624889 -1.719337 -0.311232
v -0.684489 -1.719237 -0.279432
v -0.736689 -1.719037 -0.236532
v -0.830989 -1.718837 -0.060132
v -0.837689 -1.718837 0.007168
v -0.830989 -1.718837 0.074368
v -0.811389 -1.718837 0.138968
v -0.779589 -1.718937 0.198568
v -0.736689 -1.719037 0.250868
v -0.684489 -1.719237 0.293668
v -0.624889 -1.719337 0.325568
v -0.560289 -1.719537 0.345168
v -0.492989 -1.719737 0.351768
v 0.056811 0.008663 0.431068
v 0.054211 0.007263 0.418768
v 0.035511 0.015263 0.421268
v 0.037511 0.016963 0.433668
v 0.016711 0.023263 0.422868
v 0.018111 0.025163 0.435268
v 0.037711 0.014263 0.446068
v 0.057611 0.005763 0.443368
v 0.017811 0.022763 0.447668
v 0.072811 -0.000737 0.415268
v 0.068211 -0.006437 0.405168
v 0.050111 0.001363 0.408568
v 0.031811 0.009163 0.411068
v 0.013411 0.016963 0.412568
v -0.004989 0.024763 0.413068
v -0.002189 0.031263 0.423368
v -0.001289 0.033463 0.435768
v -0.002189 0.031263 0.448168
v 0.015511 0.016063 0.457968
v -0.004989 0.024763 0.458468
v 0.035911 0.007363 0.456268
v 0.056211 -0.001337 0.453568
v 0.076411 -0.009937 0.449768
v 0.077311 -0.002637 0.439668
v 0.076011 0.000563 0.427468
v 0.029711 -0.054837 0.431068
v 0.010411 -0.046637 0.433668
v 0.010211 -0.044037 0.421268
v 0.029011 -0.052037 0.418768
v 0.032311 -0.053437 0.443368
v 0.012511 -0.044937 0.446068
v -0.008989 -0.038337 0.435268
v -0.008589 -0.035937 0.422868
v -0.007489 -0.036437 0.447668
v 0.047611 -0.059937 0.415268
v 0.030411 -0.044937 0.408568
v 0.048511 -0.052637 0.405168
v 0.048911 -0.063037 0.427468
v 0.052011 -0.061837 0.439668
v 0.056711 -0.056137 0.449768
v 0.036511 -0.047537 0.453568
v 0.016211 -0.038837 0.456268
v -0.004189 -0.030137 0.457968
v -0.027489 -0.027937 0.448168
v -0.024689 -0.021437 0.458468
v -0.028389 -0.030137 0.435768
v -0.027489 -0.027937 0.423368
v -0.006289 -0.029237 0.412568
v -0.024689 -0.021437 0.413068
v 0.012111 -0.037137 0.411068
v 0.105111 -0.087037 0.410568
v 0.086611 -0.079137 0.417168
v 0.084211 -0.075537 0.405268
v 0.102111 -0.083237 0.398868
v 0.109911 -0.086437 0.422268
v 0.090911 -0.078337 0.429068
v 0.067911 -0.071137 0.422868
v 0.066011 -0.067837 0.410768
v 0.071611 -0.070137 0.434868
v 0.101711 -0.075337 0.389168
v 0.118911 -0.082637 0.381968
v 0.119811 -0.090737 0.391468
v 0.123211 -0.094737 0.402968
v 0.128511 -0.094437 0.414468
v 0.134911 -0.089437 0.423968
v 0.115811 -0.081337 0.431968
v 0.096411 -0.073037 0.438968
v 0.076611 -0.064637 0.444868
v 0.066511 -0.060337 0.400768
v 0.084211 -0.067837 0.395468
v 0.175311 -0.116937 0.374468
v 0.158411 -0.109737 0.384868
v 0.153911 -0.105237 0.373968
v 0.170311 -0.112237 0.363768
v 0.182111 -0.117237 0.385168
v 0.164711 -0.109837 0.395868
v 0.141011 -0.102337 0.394368
v 0.137011 -0.098037 0.383168
v 0.146811 -0.102237 0.405668
v 0.168211 -0.103737 0.354968
v 0.183811 -0.110337 0.344268
v 0.186311 -0.119037 0.352868
v 0.191711 -0.123937 0.363168
v 0.199011 -0.124537 0.373468
v 0.207011 -0.120237 0.382068
v 0.189711 -0.112837 0.393968
v 0.171911 -0.105237 0.404968
v 0.153611 -0.097437 0.414968
v 0.135711 -0.089837 0.373868
v 0.152211 -0.096837 0.364868
v 0.237711 -0.143537 0.324168
v 0.222911 -0.137237 0.337968
v 0.216611 -0.132037 0.328368
v 0.230911 -0.138137 0.314968
v 0.246311 -0.144637 0.333368
v 0.231111 -0.138237 0.347568
v 0.207611 -0.130737 0.350968
v 0.201711 -0.125637 0.340968
v 0.215311 -0.131437 0.360968
v 0.227311 -0.128837 0.307368
v 0.240711 -0.134537 0.293568
v 0.244611 -0.143937 0.300768
v 0.251811 -0.149537 0.309568
v 0.260811 -0.150837 0.318368
v 0.255411 -0.140837 0.341068
v 0.270211 -0.147137 0.325668
v 0.239911 -0.134237 0.355568
v 0.223811 -0.127337 0.369268
v 0.198811 -0.116737 0.332768
v 0.213411 -0.122937 0.320368
v 0.289811 -0.165737 0.261668
v 0.277911 -0.160637 0.278268
v 0.269911 -0.154737 0.270368
v 0.281611 -0.159737 0.254168
v 0.299911 -0.167537 0.269068
v 0.287611 -0.162237 0.286168
v 0.265211 -0.155237 0.294268
v 0.257611 -0.149437 0.285968
v 0.274611 -0.156737 0.302668
v 0.276711 -0.149937 0.248068
v 0.287311 -0.154437 0.231668
v 0.292411 -0.164337 0.237468
v 0.301011 -0.170537 0.244368
v 0.311511 -0.172437 0.251268
v 0.322111 -0.169337 0.256968
v 0.310311 -0.164237 0.275168
v 0.297711 -0.158937 0.292668
v 0.284411 -0.153237 0.309568
v 0.253411 -0.140037 0.279068
v 0.265411 -0.145137 0.263868
v 0.329811 -0.182837 0.189168
v 0.321011 -0.179037 0.208068
v 0.311811 -0.172637 0.202268
v 0.320311 -0.176237 0.183868
v 0.341011 -0.185037 0.194468
v 0.332011 -0.181237 0.213968
v 0.311411 -0.175037 0.226468
v 0.302511 -0.168637 0.220068
v 0.322211 -0.177037 0.232868
v 0.314511 -0.166037 0.179468
v 0.322011 -0.169237 0.161168
v 0.328011 -0.179537 0.165068
v 0.337611 -0.186137 0.169868
v 0.349111 -0.188537 0.174668
v 0.360711 -0.185737 0.178568
v 0.352411 -0.182237 0.198968
v 0.343211 -0.178237 0.218768
v 0.333111 -0.173937 0.238168
v 0.297211 -0.158637 0.214768
v 0.306311 -0.162537 0.197368
v 0.355911 -0.193937 0.109668
v 0.350711 -0.191737 0.130068
v 0.340711 -0.184937 0.126468
v 0.345811 -0.187037 0.106668
v 0.367911 -0.196537 0.112768
v 0.362611 -0.194237 0.133668
v 0.344611 -0.189137 0.150168
v 0.334811 -0.182437 0.145968
v 0.356311 -0.191537 0.154368
v 0.339311 -0.176637 0.104168
v 0.343411 -0.178337 0.084668
v 0.349911 -0.188837 0.086668
v 0.360211 -0.195737 0.089068
v 0.372311 -0.198437 0.091468
v 0.384411 -0.195837 0.093468
v 0.379911 -0.193937 0.115268
v 0.374411 -0.191637 0.136668
v 0.368011 -0.188837 0.157768
v 0.328611 -0.172037 0.142468
v 0.334411 -0.174537 0.123468
v 0.367311 -0.198837 0.026168
v 0.365911 -0.198237 0.047268
v 0.355411 -0.191237 0.046068
v 0.356811 -0.191737 0.025568
v 0.379711 -0.201537 0.026768
v 0.378211 -0.200937 0.048468
v 0.363511 -0.197237 0.068268
v 0.353111 -0.190237 0.066468
v 0.375711 -0.199837 0.070068
v 0.350111 -0.181237 0.025068
v 0.350611 -0.181437 0.005068
v 0.357311 -0.191937 0.005068
v 0.367811 -0.199037 0.005068
v 0.380211 -0.201737 0.005068
v 0.391911 -0.199037 0.027268
v 0.392411 -0.199237 0.005068
v 0.390411 -0.198437 0.049468
v 0.387911 -0.197337 0.071568
v 0.346511 -0.179737 0.064868
v 0.348811 -0.180637 0.045068
v 0.363511 -0.197237 -0.058132
v 0.365911 -0.198237 -0.037132
v 0.355411 -0.191237 -0.035932
v 0.353111 -0.190237 -0.056332
v 0.375711 -0.199837 -0.059932
v 0.378211 -0.200937 -0.038432
v 0.367311 -0.198837 -0.016132
v 0.356811 -0.191737 -0.015432
v 0.379711 -0.201537 -0.016732
v 0.346511 -0.179737 -0.054832
v 0.343411 -0.178337 -0.074532
v 0.349911 -0.188837 -0.076532
v 0.360211 -0.195737 -0.078932
v 0.372311 -0.198437 -0.081432
v 0.387911 -0.197337 -0.061532
v 0.384411 -0.195837 -0.083432
v 0.390411 -0.198437 -0.039432
v 0.391911 -0.199037 -0.017232
v 0.350111 -0.181237 -0.014932
v 0.348811 -0.180637 -0.034932
v 0.344611 -0.189137 -0.140032
v 0.350711 -0.191737 -0.119932
v 0.340711 -0.184937 -0.116332
v 0.334811 -0.182437 -0.135832
v 0.356311 -0.191537 -0.144232
v 0.362611 -0.194237 -0.123632
v 0.355911 -0.193937 -0.099632
v 0.345811 -0.187037 -0.096632
v 0.367911 -0.196537 -0.102632
v 0.328611 -0.172037 -0.132432
v 0.322011 -0.169237 -0.151032
v 0.328011 -0.179537 -0.155032
v 0.337611 -0.186137 -0.159732
v 0.349111 -0.188537 -0.164532
v 0.368011 -0.188837 -0.147732
v 0.360711 -0.185737 -0.168432
v 0.374411 -0.191637 -0.126532
v 0.379911 -0.193937 -0.105132
v 0.339311 -0.176637 -0.094032
v 0.334411 -0.174537 -0.113332
v 0.311411 -0.175037 -0.216332
v 0.321011 -0.179037 -0.198032
v 0.311811 -0.172637 -0.192132
v 0.302511 -0.168637 -0.210032
v 0.322211 -0.177037 -0.222732
v 0.332011 -0.181237 -0.203832
v 0.329811 -0.182837 -0.179132
v 0.320311 -0.176237 -0.173832
v 0.341011 -0.185037 -0.184432
v 0.297211 -0.158637 -0.204732
v 0.287311 -0.154437 -0.221632
v 0.292411 -0.164337 -0.227332
v 0.301011 -0.170537 -0.234232
v 0.311511 -0.172437 -0.241132
v 0.333111 -0.173937 -0.228032
v 0.322111 -0.169337 -0.246832
v 0.343211 -0.178237 -0.208732
v 0.352411 -0.182237 -0.188832
v 0.314511 -0.166037 -0.169432
v 0.306311 -0.162537 -0.187232
v 0.265211 -0.155237 -0.284232
v 0.277911 -0.160637 -0.268232
v 0.269911 -0.154737 -0.260332
v 0.257611 -0.149437 -0.275832
v 0.274611 -0.156737 -0.292532
v 0.287611 -0.162237 -0.276032
v 0.289811 -0.165737 -0.251532
v 0.281611 -0.159737 -0.244132
v 0.299911 -0.167537 -0.258932
v 0.253411 -0.140037 -0.268932
v 0.240711 -0.134537 -0.283432
v 0.244611 -0.143937 -0.290732
v 0.251811 -0.149537 -0.299532
v 0.260811 -0.150837 -0.308332
v 0.284411 -0.153237 -0.299432
v 0.270211 -0.147137 -0.315632
v 0.297711 -0.158937 -0.282632
v 0.310311 -0.164237 -0.265032
v 0.276711 -0.149937 -0.237932
v 0.265411 -0.145137 -0.253732
v 0.207611 -0.130737 -0.340932
v 0.222911 -0.137237 -0.327932
v 0.216611 -0.132037 -0.318232
v 0.201711 -0.125637 -0.330932
v 0.215311 -0.131437 -0.350932
v 0.231111 -0.138237 -0.337532
v 0.237711 -0.143537 -0.314132
v 0.230911 -0.138137 -0.304832
v 0.246311 -0.144637 -0.323332
v 0.198811 -0.116737 -0.322632
v 0.183811 -0.110337 -0.334132
v 0.186311 -0.119037 -0.342732
v 0.191711 -0.123937 -0.353032
v 0.199011 -0.124537 -0.363432
v 0.223811 -0.127337 -0.359132
v 0.207011 -0.120237 -0.371932
v 0.239911 -0.134237 -0.345432
v 0.255411 -0.140837 -0.330932
v 0.227311 -0.128837 -0.297232
v 0.213411 -0.122937 -0.310332
v 0.141011 -0.102337 -0.384332
v 0.158411 -0.109737 -0.374832
v 0.153911 -0.105237 -0.363832
v 0.137011 -0.098037 -0.373032
v 0.146811 -0.102237 -0.395532
v 0.164711 -0.109837 -0.385732
v 0.175311 -0.116937 -0.364332
v 0.170311 -0.112237 -0.353732
v 0.182111 -0.117237 -0.375032
v 0.135711 -0.089837 -0.363732
v 0.118911 -0.082637 -0.371832
v 0.119811 -0.090737 -0.381432
v 0.123211 -0.094737 -0.392832
v 0.128511 -0.094437 -0.404332
v 0.153611 -0.097437 -0.404832
v 0.134911 -0.089437 -0.413832
v 0.171911 -0.105237 -0.394832
v 0.189711 -0.112837 -0.383932
v 0.168211 -0.103737 -0.344832
v 0.152211 -0.096837 -0.354732
v 0.067911 -0.071137 -0.412732
v 0.086611 -0.079137 -0.407132
v 0.084211 -0.075537 -0.395232
v 0.066011 -0.067837 -0.400732
v 0.071611 -0.070137 -0.424832
v 0.090911 -0.078337 -0.419032
v 0.105111 -0.087037 -0.400432
v 0.102111 -0.083237 -0.388732
v 0.109911 -0.086437 -0.412232
v 0.066511 -0.060337 -0.390732
v 0.048511 -0.052637 -0.395132
v 0.047611 -0.059937 -0.405232
v 0.048911 -0.063037 -0.417432
v 0.052011 -0.061837 -0.429532
v 0.076611 -0.064637 -0.434832
v 0.056711 -0.056137 -0.439732
v 0.096411 -0.073037 -0.428832
v 0.115811 -0.081337 -0.421932
v 0.101711 -0.075337 -0.379032
v 0.084211 -0.067837 -0.385332
v -0.008989 -0.038337 -0.425132
v 0.010411 -0.046637 -0.423632
v 0.010211 -0.044037 -0.411232
v -0.008589 -0.035937 -0.412732
v -0.007489 -0.036437 -0.437532
v 0.012511 -0.044937 -0.435932
v 0.029711 -0.054837 -0.421032
v 0.029011 -0.052037 -0.408732
v 0.032311 -0.053437 -0.433332
v -0.006289 -0.029237 -0.402432
v -0.024689 -0.021437 -0.402932
v -0.027489 -0.027937 -0.413232
v -0.028389 -0.030137 -0.425632
v -0.027489 -0.027937 -0.438132
v -0.004189 -0.030137 -0.447832
v -0.024689 -0.021437 -0.448432
v 0.016211 -0.038837 -0.446232
v 0.036511 -0.047537 -0.443532
v 0.030411 -0.044937 -0.398532
v 0.012111 -0.037137 -0.400932
v -0.086489 -0.005337 -0.421032
v -0.067189 -0.013537 -0.423632
v -0.065189 -0.011837 -0.411232
v -0.083889 -0.003837 -0.408732
v -0.087289 -0.002437 -0.433332
v -0.067389 -0.010937 -0.435932
v -0.047789 -0.021837 -0.425132
v -0.046389 -0.019837 -0.412732
v -0.047489 -0.019437 -0.437532
v -0.079789 0.002063 -0.398532
v -0.097889 0.009763 -0.395132
v -0.102489 0.004063 -0.405232
v -0.105689 0.002863 -0.417432
v -0.106989 0.005963 -0.429532
v -0.085889 0.004663 -0.443532
v -0.106089 0.013263 -0.439732
v -0.065589 -0.004037 -0.446232
v -0.045189 -0.012737 -0.447832
v -0.043089 -0.013537 -0.402432
v -0.061489 -0.005737 -0.400932
v -0.161889 0.026863 -0.400432
v -0.143389 0.018963 -0.407132
v -0.139189 0.019663 -0.395232
v -0.157089 0.027363 -0.388732
v -0.164789 0.030663 -0.412232
v -0.145789 0.022563 -0.419032
v -0.124689 0.010963 -0.412732
v -0.120989 0.011963 -0.400732
v -0.126489 0.014263 -0.424832
v -0.151089 0.032463 -0.379032
v -0.168289 0.039763 -0.371832
v -0.174689 0.034863 -0.381432
v -0.179989 0.034563 -0.392832
v -0.183489 0.038563 -0.404332
v -0.165189 0.038463 -0.421932
v -0.184289 0.046663 -0.413832
v -0.145789 0.030163 -0.428832
v -0.126089 0.021763 -0.434832
v -0.115889 0.017463 -0.390732
v -0.133589 0.025063 -0.385332
v -0.232089 0.056763 -0.364332
v -0.215189 0.049563 -0.374832
v -0.208889 0.049363 -0.363832
v -0.225289 0.056363 -0.353732
v -0.236989 0.061463 -0.375032
v -0.219589 0.053963 -0.385732
v -0.197789 0.042163 -0.384332
v -0.191989 0.042163 -0.373032
v -0.201789 0.046363 -0.395532
v -0.217589 0.060863 -0.344832
v -0.233189 0.067463 -0.334132
v -0.241189 0.063163 -0.342732
v -0.248489 0.063763 -0.353032
v -0.253889 0.068663 -0.363432
v -0.239089 0.069963 -0.383932
v -0.256389 0.077363 -0.371932
v -0.221289 0.062363 -0.394832
v -0.202989 0.054563 -0.404832
v -0.185189 0.046963 -0.363732
v -0.201589 0.053963 -0.354732
v -0.294489 0.083363 -0.314132
v -0.279689 0.077063 -0.327932
v -0.271589 0.076163 -0.318232
v -0.285889 0.082263 -0.304832
v -0.301189 0.088763 -0.323332
v -0.286089 0.082363 -0.337532
v -0.264389 0.070563 -0.340932
v -0.256689 0.069763 -0.330932
v -0.270289 0.075563 -0.350932
v -0.276689 0.086063 -0.297232
v -0.290089 0.091763 -0.283432
v -0.299489 0.088063 -0.290732
v -0.308589 0.089363 -0.299532
v -0.315689 0.094963 -0.308332
v -0.304789 0.097963 -0.330932
v -0.319589 0.104363 -0.315632
v -0.289289 0.091363 -0.345432
v -0.273189 0.084563 -0.359132
v -0.248289 0.073863 -0.322632
v -0.262789 0.080063 -0.310332
v -0.346589 0.105563 -0.251532
v -0.334689 0.100463 -0.268232
v -0.324889 0.098863 -0.260332
v -0.336489 0.103863 -0.244132
v -0.354889 0.111663 -0.258932
v -0.342589 0.106463 -0.276032
v -0.321989 0.095063 -0.284232
v -0.312589 0.093663 -0.275832
v -0.329489 0.100863 -0.292532
v -0.326089 0.107063 -0.237932
v -0.336689 0.111663 -0.221632
v -0.347389 0.108463 -0.227332
v -0.357789 0.110363 -0.234232
v -0.366389 0.116563 -0.241132
v -0.359689 0.121463 -0.265032
v -0.371489 0.126463 -0.246832
v -0.347089 0.116063 -0.282632
v -0.333789 0.110363 -0.299432
v -0.302789 0.097163 -0.268932
v -0.314789 0.102263 -0.253732
v -0.386589 0.122563 -0.179132
v -0.377789 0.118863 -0.198032
v -0.366789 0.116763 -0.192132
v -0.375289 0.120363 -0.173832
v -0.395989 0.129163 -0.184432
v -0.386989 0.125363 -0.203832
v -0.368189 0.114763 -0.216332
v -0.357489 0.112763 -0.210032
v -0.377089 0.121163 -0.222732
v -0.363989 0.123263 -0.169432
v -0.371389 0.126363 -0.151032
v -0.382989 0.123663 -0.155032
v -0.394389 0.125963 -0.159732
v -0.404089 0.132663 -0.164532
v -0.401789 0.139363 -0.188832
v -0.410089 0.142863 -0.168432
v -0.392589 0.135463 -0.208732
v -0.382489 0.131163 -0.228032
v -0.346589 0.115863 -0.204732
v -0.355689 0.119663 -0.187232
v -0.412689 0.133763 -0.099632
v -0.407489 0.131563 -0.119932
v -0.395689 0.129063 -0.116332
v -0.400689 0.131163 -0.096632
v -0.422889 0.140663 -0.102632
v -0.417589 0.138363 -0.123632
v -0.401389 0.128963 -0.140032
v -0.389689 0.126563 -0.135832
v -0.411289 0.135763 -0.144232
v -0.388689 0.133763 -0.094032
v -0.392789 0.135463 -0.074532
v -0.404789 0.132963 -0.076532
v -0.416989 0.135563 -0.078932
v -0.427289 0.142563 -0.081432
v -0.429289 0.151063 -0.105132
v -0.433789 0.152963 -0.083432
v -0.423889 0.148763 -0.126532
v -0.417389 0.146063 -0.147732
v -0.378089 0.129263 -0.132432
v -0.383789 0.131663 -0.113332
v -0.424089 0.138663 -0.016132
v -0.422689 0.138063 -0.037132
v -0.410389 0.135363 -0.035932
v -0.411789 0.135963 -0.015432
v -0.434589 0.145663 -0.016732
v -0.433089 0.145063 -0.038432
v -0.420289 0.136963 -0.058132
v -0.408089 0.134363 -0.056332
v -0.430689 0.143963 -0.059932
v -0.399489 0.138363 -0.014932
v -0.399989 0.138563 0.005068
v -0.412189 0.136163 0.005068
v -0.424589 0.138863 0.005068
v -0.435089 0.145863 0.005068
v -0.441289 0.156163 -0.017232
v -0.441789 0.156463 0.005068
v -0.439789 0.155563 -0.039432
v -0.437289 0.154463 -0.061532
v -0.395889 0.136863 -0.054832
v -0.398189 0.137763 -0.034932
v -0.420289 0.136963 0.068268
v -0.422689 0.138063 0.047268
v -0.410389 0.135363 0.046068
v -0.408089 0.134363 0.066468
v -0.430689 0.143963 0.070068
v -0.433089 0.145063 0.048468
v -0.424089 0.138663 0.026168
v -0.411789 0.135963 0.025568
v -0.434589 0.145663 0.026768
v -0.395889 0.136863 0.064868
v -0.392789 0.135463 0.084668
v -0.404789 0.132963 0.086668
v -0.416989 0.135563 0.089068
v -0.427289 0.142563 0.091468
v -0.437289 0.154463 0.071568
v -0.433789 0.152963 0.093468
v -0.439789 0.155563 0.049468
v -0.441289 0.156163 0.027268
v -0.399489 0.138363 0.025068
v -0.398189 0.137763 0.045068
v -0.401389 0.128963 0.150168
v -0.407489 0.131563 0.130068
v -0.395689 0.129063 0.126468
v -0.389689 0.126563 0.145968
v -0.411289 0.135763 0.154368
v -0.417589 0.138363 0.133668
v -0.412689 0.133763 0.109668
v -0.400689 0.131163 0.106668
v -0.422889 0.140663 0.112768
v -0.378089 0.129263 0.142468
v -0.371389 0.126363 0.161168
v -0.382989 0.123663 0.165068
v -0.394389 0.125963 0.169868
v -0.404089 0.132663 0.174668
v -0.417389 0.146063 0.157768
v -0.410089 0.142863 0.178568
v -0.423889 0.148763 0.136668
v -0.429289 0.151063 0.115268
v -0.388689 0.133763 0.104168
v -0.383789 0.131663 0.123468
v -0.368189 0.114763 0.226468
v -0.377789 0.118863 0.208068
v -0.366789 0.116763 0.202268
v -0.357489 0.112763 0.220068
v -0.377089 0.121163 0.232868
v -0.386989 0.125363 0.213968
v -0.386589 0.122563 0.189168
v -0.375289 0.120363 0.183868
v -0.395989 0.129163 0.194468
v -0.346589 0.115863 0.214768
v -0.336689 0.111663 0.231668
v -0.347389 0.108463 0.237468
v -0.357789 0.110363 0.244368
v -0.366389 0.116563 0.251268
v -0.382489 0.131163 0.238168
v -0.371489 0.126463 0.256968
v -0.392589 0.135463 0.218768
v -0.401789 0.139363 0.198968
v -0.363989 0.123263 0.179468
v -0.355689 0.119663 0.197368
v -0.321989 0.095063 0.294268
v -0.334689 0.100463 0.278268
v -0.324889 0.098863 0.270368
v -0.312589 0.093663 0.285968
v -0.329489 0.100863 0.302668
v -0.342589 0.106463 0.286168
v -0.346589 0.105563 0.261668
v -0.336489 0.103863 0.254168
v -0.354889 0.111663 0.269068
v -0.302789 0.097163 0.279068
v -0.290089 0.091763 0.293568
v -0.299489 0.088063 0.300768
v -0.308589 0.089363 0.309568
v -0.315689 0.094963 0.318368
v -0.333789 0.110363 0.309568
v -0.319589 0.104363 0.325668
v -0.347089 0.116063 0.292668
v -0.359689 0.121463 0.275168
v -0.326089 0.107063 0.248068
v -0.314789 0.102263 0.263868
v -0.264389 0.070563 0.350968
v -0.279689 0.077063 0.337968
v -0.271589 0.076163 0.328368
v -0.256689 0.069763 0.340968
v -0.270289 0.075563 0.360968
v -0.286089 0.082363 0.347568
v -0.294489 0.083363 0.324168
v -0.285889 0.082263 0.314968
v -0.301189 0.088763 0.333368
v -0.248289 0.073863 0.332768
v -0.233189 0.067463 0.344268
v -0.241189 0.063163 0.352868
v -0.248489 0.063763 0.363168
v -0.253889 0.068663 0.373468
v -0.273189 0.084563 0.369268
v -0.256389 0.077363 0.382068
v -0.289289 0.091363 0.355568
v -0.304789 0.097963 0.341068
v -0.276689 0.086063 0.307368
v -0.262789 0.080063 0.320368
v -0.197789 0.042163 0.394368
v -0.215189 0.049563 0.384868
v -0.208889 0.049363 0.373968
v -0.191989 0.042163 0.383168
v -0.201789 0.046363 0.405668
v -0.219589 0.053963 0.395868
v -0.232089 0.056763 0.374468
v -0.225289 0.056363 0.363768
v -0.236989 0.061463 0.385168
v -0.185189 0.046963 0.373868
v -0.168289 0.039763 0.381968
v -0.174689 0.034863 0.391468
v -0.179989 0.034563 0.402968
v -0.183489 0.038563 0.414468
v -0.202989 0.054563 0.414968
v -0.184289 0.046663 0.423968
v -0.221289 0.062363 0.404968
v -0.239089 0.069963 0.393968
v -0.217589 0.060863 0.354968
v -0.201589 0.053963 0.364868
v -0.124689 0.010963 0.422868
v -0.143389 0.018963 0.417168
v -0.139189 0.019663 0.405268
v -0.120989 0.011963 0.410768
v -0.126489 0.014263 0.434868
v -0.145789 0.022563 0.429068
v -0.161889 0.026863 0.410568
v -0.157089 0.027363 0.398868
v -0.164789 0.030663 0.422268
v -0.115889 0.017463 0.400768
v -0.097889 0.009763 0.405168
v -0.102489 0.004063 0.415268
v -0.105689 0.002863 0.427468
v -0.106989 0.005963 0.439668
v -0.126089 0.021763 0.444868
v -0.106089 0.013263 0.449768
v -0.145789 0.030163 0.438968
v -0.165189 0.038463 0.431968
v -0.151089 0.032463 0.389168
v -0.133589 0.025063 0.395468
v -0.047789 -0.021837 0.435268
v -0.067189 -0.013537 0.433668
v -0.065189 -0.011837 0.421268
v -0.046389 -0.019837 0.422868
v -0.047489 -0.019437 0.447668
v -0.067389 -0.010937 0.446068
v -0.086489 -0.005337 0.431068
v -0.083889 -0.003837 0.418768
v -0.087289 -0.002437 0.443368
v -0.043089 -0.013537 0.412568
v -0.045189 -0.012737 0.457968
v -0.065589 -0.004037 0.456268
v -0.085889 0.004663 0.453568
v -0.079789 0.002063 0.408568
v -0.061489 -0.005737 0.411068
v 0.109511 -0.016337 0.405268
v 0.113711 -0.015537 0.417168
v 0.132211 -0.023437 0.410568
v 0.127411 -0.023937 0.398868
v 0.091311 -0.008537 0.410768
v 0.095011 -0.007537 0.422868
v 0.116111 -0.019137 0.429068
v 0.135111 -0.027237 0.422268
v 0.096811 -0.010937 0.434868
v 0.121411 -0.029137 0.389168
v 0.145011 -0.031437 0.391468
v 0.138611 -0.036437 0.381968
v 0.103911 -0.021637 0.395468
v 0.086211 -0.014037 0.400768
v 0.096411 -0.018437 0.444868
v 0.116111 -0.026837 0.438968
v 0.135511 -0.035137 0.431968
v 0.154611 -0.043237 0.423968
v 0.153811 -0.035237 0.414468
v 0.150311 -0.031137 0.402968
v 0.179211 -0.046037 0.373968
v 0.185511 -0.046137 0.384868
v 0.202411 -0.053337 0.374468
v 0.195611 -0.053037 0.363768
v 0.162311 -0.038837 0.383168
v 0.168111 -0.038737 0.394368
v 0.189911 -0.050637 0.395868
v 0.207311 -0.058037 0.385168
v 0.172111 -0.043037 0.405668
v 0.211511 -0.059837 0.352868
v 0.203511 -0.064137 0.344268
v 0.187911 -0.057437 0.354968
v 0.171911 -0.050637 0.364868
v 0.155511 -0.043637 0.373868
v 0.173311 -0.051237 0.414968
v 0.191611 -0.059037 0.404968
v 0.209411 -0.066637 0.393968
v 0.226711 -0.074037 0.382068
v 0.224211 -0.065237 0.373468
v 0.218811 -0.060337 0.363168
v 0.241911 -0.072737 0.328368
v 0.250011 -0.073737 0.337968
v 0.264811 -0.079937 0.324168
v 0.256211 -0.078837 0.314968
v 0.227011 -0.066437 0.340968
v 0.234711 -0.067137 0.350968
v 0.256411 -0.078937 0.347568
v 0.271511 -0.085437 0.333368
v 0.240611 -0.072237 0.360968
v 0.269811 -0.084737 0.300768
v 0.260411 -0.088337 0.293568
v 0.247011 -0.082637 0.307368
v 0.233111 -0.076737 0.320368
v 0.218611 -0.070537 0.332768
v 0.243511 -0.081137 0.369268
v 0.259611 -0.088037 0.355568
v 0.275111 -0.094637 0.341068
v 0.289911 -0.100937 0.325668
v 0.286011 -0.091637 0.318368
v 0.278911 -0.085937 0.309568
v 0.295211 -0.095537 0.270368
v 0.305011 -0.097137 0.278268
v 0.316911 -0.102237 0.261668
v 0.306811 -0.100437 0.254168
v 0.282911 -0.090237 0.285968
v 0.292311 -0.091737 0.294268
v 0.312911 -0.103037 0.286168
v 0.325211 -0.108337 0.269068
v 0.299811 -0.097437 0.302668
v 0.317711 -0.105137 0.237468
v 0.307011 -0.108237 0.231668
v 0.296411 -0.103737 0.248068
v 0.285111 -0.098837 0.263868
v 0.273111 -0.093737 0.279068
v 0.304111 -0.106937 0.309568
v 0.317411 -0.112637 0.292668
v 0.330011 -0.118037 0.275168
v 0.341811 -0.123037 0.256968
v 0.336711 -0.113237 0.251268
v 0.328111 -0.106937 0.244368
v 0.337111 -0.113337 0.202268
v 0.348111 -0.115537 0.208068
v 0.356911 -0.119237 0.189168
v 0.345611 -0.117037 0.183868
v 0.327811 -0.109437 0.220068
v 0.338511 -0.111437 0.226468
v 0.357311 -0.121937 0.213968
v 0.366311 -0.125837 0.194468
v 0.347411 -0.117737 0.232868
v 0.353311 -0.120237 0.165068
v 0.341711 -0.123037 0.161168
v 0.334311 -0.119837 0.179468
v 0.326011 -0.116337 0.197368
v 0.316911 -0.112437 0.214768
v 0.352811 -0.127737 0.238168
v 0.362911 -0.132037 0.218768
v 0.372111 -0.135937 0.198968
v 0.380411 -0.139537 0.178568
v 0.374411 -0.129237 0.174668
v 0.364711 -0.122637 0.169868
v 0.366011 -0.125637 0.126468
v 0.377811 -0.128137 0.130068
v 0.383011 -0.130437 0.109668
v 0.371011 -0.127837 0.106668
v 0.360011 -0.123137 0.145968
v 0.371711 -0.125537 0.150168
v 0.387911 -0.135037 0.133668
v 0.393211 -0.137337 0.112768
v 0.381611 -0.132337 0.154368
v 0.375111 -0.129637 0.086668
v 0.363111 -0.132137 0.084668
v 0.359011 -0.130437 0.104168
v 0.354111 -0.128337 0.123468
v 0.348411 -0.125837 0.142468
v 0.387711 -0.142637 0.157768
v 0.394211 -0.145337 0.136668
v 0.399611 -0.147737 0.115268
v 0.404111 -0.149637 0.093468
v 0.397611 -0.139137 0.091468
v 0.387311 -0.132237 0.089068
v 0.380711 -0.131937 0.046068
v 0.393011 -0.134637 0.047268
v 0.394411 -0.135237 0.026168
v 0.382111 -0.132537 0.025568
v 0.378411 -0.130937 0.066468
v 0.390611 -0.133637 0.068268
v 0.403511 -0.141637 0.048468
v 0.404911 -0.142337 0.026768
v 0.401011 -0.140637 0.070068
v 0.382511 -0.132737 0.005068
v 0.370311 -0.135237 0.005068
v 0.369811 -0.135037 0.025068
v 0.368511 -0.134437 0.045068
v 0.366211 -0.133437 0.064868
v 0.407611 -0.151137 0.071568
v 0.410111 -0.152137 0.049468
v 0.411611 -0.152837 0.027268
v 0.412111 -0.153037 0.005068
v 0.405411 -0.142537 0.005068
v 0.394911 -0.135437 0.005068
v 0.380711 -0.131937 -0.035932
v 0.393011 -0.134637 -0.037132
v 0.390611 -0.133637 -0.058132
v 0.378411 -0.130937 -0.056332
v 0.382111 -0.132537 -0.015432
v 0.394411 -0.135237 -0.016132
v 0.403511 -0.141637 -0.038432
v 0.401011 -0.140637 -0.059932
v 0.404911 -0.142337 -0.016732
v 0.375111 -0.129637 -0.076532
v 0.363111 -0.132137 -0.074532
v 0.366211 -0.133437 -0.054832
v 0.368511 -0.134437 -0.034932
v 0.369811 -0.135037 -0.014932
v 0.411611 -0.152837 -0.017232
v 0.410111 -0.152137 -0.039432
v 0.407611 -0.151137 -0.061532
v 0.404111 -0.149637 -0.083432
v 0.397611 -0.139137 -0.081432
v 0.387311 -0.132237 -0.078932
v 0.366011 -0.125637 -0.116332
v 0.377811 -0.128137 -0.119932
v 0.371711 -0.125537 -0.140032
v 0.360011 -0.123137 -0.135832
v 0.371011 -0.127837 -0.096632
v 0.383011 -0.130437 -0.099632
v 0.387911 -0.135037 -0.123632
v 0.381611 -0.132337 -0.144232
v 0.393211 -0.137337 -0.102632
v 0.353311 -0.120237 -0.155032
v 0.341711 -0.123037 -0.151032
v 0.348411 -0.125837 -0.132432
v 0.354111 -0.128337 -0.113332
v 0.359011 -0.130437 -0.094032
v 0.399611 -0.147737 -0.105132
v 0.394211 -0.145337 -0.126532
v 0.387711 -0.142637 -0.147732
v 0.380411 -0.139537 -0.168432
v 0.374411 -0.129237 -0.164532
v 0.364711 -0.122637 -0.159732
v 0.337111 -0.113337 -0.192132
v 0.348111 -0.115537 -0.198032
v 0.338511 -0.111437 -0.216332
v 0.327811 -0.109437 -0.210032
v 0.345611 -0.117037 -0.173832
v 0.356911 -0.119237 -0.179132
v 0.357311 -0.121937 -0.203832
v 0.347411 -0.117737 -0.222732
v 0.366311 -0.125837 -0.184432
v 0.317711 -0.105137 -0.227332
v 0.307011 -0.108237 -0.221632
v 0.316911 -0.112437 -0.204732
v 0.326011 -0.116337 -0.187232
v 0.334311 -0.119837 -0.169432
v 0.372111 -0.135937 -0.188832
v 0.362911 -0.132037 -0.208732
v 0.352811 -0.127737 -0.228032
v 0.341811 -0.123037 -0.246832
v 0.336711 -0.113237 -0.241132
v 0.328111 -0.106937 -0.234232
v 0.295211 -0.095537 -0.260332
v 0.305011 -0.097137 -0.268232
v 0.292311 -0.091737 -0.284232
v 0.282911 -0.090237 -0.275832
v 0.306811 -0.100437 -0.244132
v 0.316911 -0.102237 -0.251532
v 0.312911 -0.103037 -0.276032
v 0.299811 -0.097437 -0.292532
v 0.325211 -0.108337 -0.258932
v 0.269811 -0.084737 -0.290732
v 0.260411 -0.088337 -0.283432
v 0.273111 -0.093737 -0.268932
v 0.285111 -0.098837 -0.253732
v 0.296411 -0.103737 -0.237932
v 0.330011 -0.118037 -0.265032
v 0.317411 -0.112637 -0.282632
v 0.304111 -0.106937 -0.299432
v 0.289911 -0.100937 -0.315632
v 0.286011 -0.091637 -0.308332
v 0.278911 -0.085937 -0.299532
v 0.241911 -0.072737 -0.318232
v 0.250011 -0.073737 -0.327932
v 0.234711 -0.067137 -0.340932
v 0.227011 -0.066437 -0.330932
v 0.256211 -0.078837 -0.304832
v 0.264811 -0.079937 -0.314132
v 0.256411 -0.078937 -0.337532
v 0.240611 -0.072237 -0.350932
v 0.271511 -0.085437 -0.323332
v 0.211511 -0.059837 -0.342732
v 0.203511 -0.064137 -0.334132
v 0.218611 -0.070537 -0.322632
v 0.233111 -0.076737 -0.310332
v 0.247011 -0.082637 -0.297232
v 0.275111 -0.094637 -0.330932
v 0.259611 -0.088037 -0.345432
v 0.243511 -0.081137 -0.359132
v 0.226711 -0.074037 -0.371932
v 0.224211 -0.065237 -0.363432
v 0.218811 -0.060337 -0.353032
v 0.179211 -0.046037 -0.363832
v 0.185511 -0.046137 -0.374832
v 0.168111 -0.038737 -0.384332
v 0.162311 -0.038837 -0.373032
v 0.195611 -0.053037 -0.353732
v 0.202411 -0.053337 -0.364332
v 0.189911 -0.050637 -0.385732
v 0.172111 -0.043037 -0.395532
v 0.207311 -0.058037 -0.375032
v 0.145011 -0.031437 -0.381432
v 0.138611 -0.036437 -0.371832
v 0.155511 -0.043637 -0.363732
v 0.171911 -0.050637 -0.354732
v 0.187911 -0.057437 -0.344832
v 0.209411 -0.066637 -0.383932
v 0.191611 -0.059037 -0.394832
v 0.173311 -0.051237 -0.404832
v 0.154611 -0.043237 -0.413832
v 0.153811 -0.035237 -0.404332
v 0.150311 -0.031137 -0.392832
v 0.109511 -0.016337 -0.395232
v 0.113711 -0.015537 -0.407132
v 0.095011 -0.007537 -0.412732
v 0.091311 -0.008537 -0.400732
v 0.127411 -0.023937 -0.388732
v 0.132211 -0.023437 -0.400432
v 0.116111 -0.019137 -0.419032
v 0.096811 -0.010937 -0.424832
v 0.135111 -0.027237 -0.412232
v 0.072811 -0.000737 -0.405232
v 0.068211 -0.006437 -0.395132
v 0.086211 -0.014037 -0.390732
v 0.103911 -0.021637 -0.385332
v 0.121411 -0.029137 -0.379032
v 0.135511 -0.035137 -0.421932
v 0.116111 -0.026837 -0.428832
v 0.096411 -0.018437 -0.434832
v 0.076411 -0.009937 -0.439732
v 0.077311 -0.002637 -0.429532
v 0.076011 0.000563 -0.417432
v 0.035511 0.015263 -0.411232
v 0.037511 0.016963 -0.423632
v 0.018111 0.025163 -0.425132
v 0.016711 0.023263 -0.412732
v 0.054211 0.007263 -0.408732
v 0.056811 0.008663 -0.421032
v 0.037711 0.014263 -0.435932
v 0.017811 0.022763 -0.437532
v 0.057611 0.005763 -0.433332
v -0.002189 0.031263 -0.413232
v -0.004989 0.024763 -0.402932
v 0.013411 0.016963 -0.402432
v 0.031811 0.009163 -0.400932
v 0.050111 0.001363 -0.398532
v 0.056211 -0.001337 -0.443532
v 0.035911 0.007363 -0.446232
v 0.015511 0.016063 -0.447832
v -0.004989 0.024763 -0.448432
v -0.002189 0.031263 -0.438132
v -0.001289 0.033463 -0.425632
v -0.039889 0.047363 -0.411232
v -0.040089 0.050063 -0.423632
v -0.059389 0.058263 -0.421032
v -0.058689 0.055363 -0.408732
v -0.021089 0.039363 -0.412732
v -0.020689 0.041763 -0.425132
v -0.042189 0.048363 -0.435932
v -0.061989 0.056763 -0.433332
v -0.022189 0.039863 -0.437532
v -0.077289 0.063363 -0.405232
v -0.078189 0.056063 -0.395132
v -0.060089 0.048263 -0.398532
v -0.041789 0.040463 -0.400932
v -0.023389 0.032663 -0.402432
v -0.025489 0.033563 -0.447832
v -0.045889 0.042263 -0.446232
v -0.066189 0.050863 -0.443532
v -0.086389 0.059463 -0.439732
v -0.081689 0.065263 -0.429532
v -0.078589 0.066463 -0.417432
v -0.113889 0.078963 -0.395232
v -0.116289 0.082463 -0.407132
v -0.134789 0.090363 -0.400432
v -0.131789 0.086563 -0.388732
v -0.095689 0.071163 -0.400732
v -0.097589 0.074563 -0.412732
v -0.120589 0.081763 -0.419032
v -0.139489 0.089863 -0.412232
v -0.101289 0.073563 -0.424832
v -0.149489 0.094063 -0.381432
v -0.148589 0.086063 -0.371832
v -0.131389 0.078663 -0.379032
v -0.113889 0.071263 -0.385332
v -0.096189 0.063663 -0.390732
v -0.106289 0.068063 -0.434832
v -0.126089 0.076463 -0.428832
v -0.145489 0.084763 -0.421932
v -0.164589 0.092863 -0.413832
v -0.158189 0.097863 -0.404332
v -0.152889 0.098163 -0.392832
v -0.183589 0.108663 -0.363832
v -0.188089 0.113063 -0.374832
v -0.204989 0.120363 -0.364332
v -0.199989 0.115663 -0.353732
v -0.166689 0.101463 -0.373032
v -0.170689 0.105663 -0.384332
v -0.194389 0.113263 -0.385732
v -0.211789 0.120663 -0.375032
v -0.176489 0.105663 -0.395532
v -0.215989 0.122463 -0.342732
v -0.213489 0.113663 -0.334132
v -0.197889 0.107063 -0.344832
v -0.181889 0.100263 -0.354732
v -0.165389 0.093263 -0.363732
v -0.183289 0.100863 -0.404832
v -0.201589 0.108663 -0.394832
v -0.219389 0.116263 -0.383932
v -0.236689 0.123563 -0.371932
v -0.228689 0.127863 -0.363432
v -0.221389 0.127363 -0.353032
v -0.246289 0.135363 -0.318232
v -0.252589 0.140663 -0.327932
v -0.267389 0.146963 -0.314132
v -0.260589 0.141463 -0.304832
v -0.231389 0.129063 -0.330932
v -0.237289 0.134063 -0.340932
v -0.260789 0.141563 -0.337532
v -0.275989 0.148063 -0.323332
v -0.244989 0.134863 -0.350932
v -0.274289 0.147263 -0.290732
v -0.270389 0.137963 -0.283432
v -0.256989 0.132263 -0.297232
v -0.243089 0.126363 -0.310332
v -0.228489 0.120163 -0.322632
v -0.253489 0.130763 -0.359132
v -0.269589 0.137663 -0.345432
v -0.285089 0.144263 -0.330932
v -0.299889 0.150563 -0.315632
v -0.290489 0.154163 -0.308332
v -0.281489 0.152963 -0.299532
v -0.299589 0.158163 -0.260332
v -0.307589 0.164063 -0.268232
v -0.319489 0.169163 -0.251532
v -0.311289 0.163063 -0.244132
v -0.287289 0.152863 -0.275832
v -0.294889 0.158663 -0.284232
v -0.317289 0.165663 -0.276032
v -0.329589 0.170863 -0.258932
v -0.304289 0.160063 -0.292532
v -0.322089 0.167663 -0.227332
v -0.316989 0.157863 -0.221632
v -0.306389 0.153363 -0.237932
v -0.295089 0.148463 -0.253732
v -0.283089 0.143363 -0.268932
v -0.314089 0.156563 -0.299432
v -0.327389 0.162263 -0.282632
v -0.339989 0.167663 -0.265032
v -0.351789 0.172663 -0.246832
v -0.341189 0.175863 -0.241132
v -0.330689 0.173963 -0.234232
v -0.341489 0.175963 -0.192132
v -0.350689 0.182463 -0.198032
v -0.359489 0.186163 -0.179132
v -0.349989 0.179563 -0.173832
v -0.332189 0.172063 -0.210032
v -0.341089 0.178363 -0.216332
v -0.361689 0.184563 -0.203832
v -0.370689 0.188463 -0.184432
v -0.351889 0.180363 -0.222732
v -0.357689 0.182863 -0.155032
v -0.351689 0.172663 -0.151032
v -0.344189 0.169463 -0.169432
v -0.335989 0.165963 -0.187232
v -0.326889 0.162063 -0.204732
v -0.362789 0.177363 -0.228032
v -0.372889 0.181663 -0.208732
v -0.382089 0.185563 -0.188832
v -0.390389 0.189163 -0.168432
v -0.378789 0.191863 -0.164532
v -0.367289 0.189563 -0.159732
v -0.370389 0.188263 -0.116332
v -0.380389 0.195163 -0.119932
v -0.385589 0.197363 -0.099632
v -0.375489 0.190463 -0.096632
v -0.364489 0.185763 -0.135832
v -0.374289 0.192563 -0.140032
v -0.392289 0.197663 -0.123632
v -0.397589 0.199863 -0.102632
v -0.385989 0.194963 -0.144232
v -0.379589 0.192163 -0.076532
v -0.373089 0.181763 -0.074532
v -0.368989 0.180063 -0.094032
v -0.364089 0.177963 -0.113332
v -0.358289 0.175463 -0.132432
v -0.397689 0.192263 -0.147732
v -0.404089 0.194963 -0.126532
v -0.409589 0.197363 -0.105132
v -0.414089 0.199263 -0.083432
v -0.401989 0.201763 -0.081432
v -0.389889 0.199163 -0.078932
v -0.385089 0.194563 -0.035932
v -0.395589 0.201563 -0.037132
v -0.396989 0.202163 -0.016132
v -0.386489 0.195163 -0.015432
v -0.382789 0.193563 -0.056332
v -0.393189 0.200563 -0.058132
v -0.407889 0.204263 -0.038432
v -0.409389 0.204863 -0.016732
v -0.405389 0.203263 -0.059932
v -0.386989 0.195363 0.005068
v -0.380289 0.184863 0.005068
v -0.379789 0.184663 -0.014932
v -0.378489 0.184063 -0.034932
v -0.376189 0.183063 -0.054832
v -0.417589 0.200763 -0.061532
v -0.420089 0.201763 -0.039432
v -0.421589 0.202463 -0.017232
v -0.422089 0.202663 0.005068
v -0.409889 0.205063 0.005068
v -0.397489 0.202363 0.005068
v -0.385089 0.194563 0.046068
v -0.395589 0.201563 0.047268
v -0.393189 0.200563 0.068268
v -0.382789 0.193563 0.066468
v -0.386489 0.195163 0.025568
v -0.396989 0.202163 0.026168
v -0.407889 0.204263 0.048468
v -0.405389 0.203263 0.070068
v -0.409389 0.204863 0.026768
v -0.379589 0.192163 0.086668
v -0.373089 0.181763 0.084668
v -0.376189 0.183063 0.064868
v -0.378489 0.184063 0.045068
v -0.379789 0.184663 0.025068
v -0.421589 0.202463 0.027268
v -0.420089 0.201763 0.049468
v -0.417589 0.200763 0.071568
v -0.414089 0.199263 0.093468
v -0.401989 0.201763 0.091468
v -0.389889 0.199163 0.089068
v -0.370389 0.188263 0.126468
v -0.380389 0.195163 0.130068
v -0.374289 0.192563 0.150168
v -0.364489 0.185763 0.145968
v -0.375489 0.190463 0.106668
v -0.385589 0.197363 0.109668
v -0.392289 0.197663 0.133668
v -0.385989 0.194963 0.154368
v -0.397589 0.199863 0.112768
v -0.357689 0.182863 0.165068
v -0.351689 0.172663 0.161168
v -0.358289 0.175463 0.142468
v -0.364089 0.177963 0.123468
v -0.368989 0.180063 0.104168
v -0.409589 0.197363 0.115268
v -0.404089 0.194963 0.136668
v -0.397689 0.192263 0.157768
v -0.390389 0.189163 0.178568
v -0.378789 0.191863 0.174668
v -0.367289 0.189563 0.169868
v -0.341489 0.175963 0.202268
v -0.350689 0.182463 0.208068
v -0.341089 0.178363 0.226468
v -0.332189 0.172063 0.220068
v -0.349989 0.179563 0.183868
v -0.359489 0.186163 0.189168
v -0.361689 0.184563 0.213968
v -0.351889 0.180363 0.232868
v -0.370689 0.188463 0.194468
v -0.322089 0.167663 0.237468
v -0.316989 0.157863 0.231668
v -0.326889 0.162063 0.214768
v -0.335989 0.165963 0.197368
v -0.344189 0.169463 0.179468
v -0.382089 0.185563 0.198968
v -0.372889 0.181663 0.218768
v -0.362789 0.177363 0.238168
v -0.351789 0.172663 0.256968
v -0.341189 0.175863 0.251268
v -0.330689 0.173963 0.244368
v -0.299589 0.158163 0.270368
v -0.307589 0.164063 0.278268
v -0.294889 0.158663 0.294268
v -0.287289 0.152863 0.285968
v -0.311289 0.163063 0.254168
v -0.319489 0.169163 0.261668
v -0.317289 0.165663 0.286168
v -0.304289 0.160063 0.302668
v -0.329589 0.170863 0.269068
v -0.274289 0.147263 0.300768
v -0.270389 0.137963 0.293568
v -0.283089 0.143363 0.279068
v -0.295089 0.148463 0.263868
v -0.306389 0.153363 0.248068
v -0.339989 0.167663 0.275168
v -0.327389 0.162263 0.292668
v -0.314089 0.156563 0.309568
v -0.299889 0.150563 0.325668
v -0.290489 0.154163 0.318368
v -0.281489 0.152963 0.309568
v -0.246289 0.135363 0.328368
v -0.252589 0.140663 0.337968
v -0.237289 0.134063 0.350968
v -0.231389 0.129063 0.340968
v -0.260589 0.141463 0.314968
v -0.267389 0.146963 0.324168
v -0.260789 0.141563 0.347568
v -0.244989 0.134863 0.360968
v -0.275989 0.148063 0.333368
v -0.215989 0.122463 0.352868
v -0.213489 0.113663 0.344268
v -0.228489 0.120163 0.332768
v -0.243089 0.126363 0.320368
v -0.256989 0.132263 0.307368
v -0.285089 0.144263 0.341068
v -0.269589 0.137663 0.355568
v -0.253489 0.130763 0.369268
v -0.236689 0.123563 0.382068
v -0.228689 0.127863 0.373468
v -0.221389 0.127363 0.363168
v -0.183589 0.108663 0.373968
v -0.188089 0.113063 0.384868
v -0.170689 0.105663 0.394368
v -0.166689 0.101463 0.383168
v -0.199989 0.115663 0.363768
v -0.204989 0.120363 0.374468
v -0.194389 0.113263 0.395868
v -0.176489 0.105663 0.405668
v -0.211789 0.120663 0.385168
v -0.149489 0.094063 0.391468
v -0.148589 0.086063 0.381968
v -0.165389 0.093263 0.373868
v -0.181889 0.100263 0.364868
v -0.197889 0.107063 0.354968
v -0.219389 0.116263 0.393968
v -0.201589 0.108663 0.404968
v -0.183289 0.100863 0.414968
v -0.164589 0.092863 0.423968
v -0.158189 0.097863 0.414468
v -0.152889 0.098163 0.402968
v -0.113889 0.078963 0.405268
v -0.116289 0.082463 0.417168
v -0.097589 0.074563 0.422868
v -0.095689 0.071163 0.410768
v -0.131789 0.086563 0.398868
v -0.134789 0.090363 0.410568
v -0.120589 0.081763 0.429068
v -0.101289 0.073563 0.434868
v -0.139489 0.089863 0.422268
v -0.077289 0.063363 0.415268
v -0.078189 0.056063 0.405168
v -0.096189 0.063663 0.400768
v -0.113889 0.071263 0.395468
v -0.131389 0.078663 0.389168
v -0.145489 0.084763 0.431968
v -0.126089 0.076463 0.438968
v -0.106289 0.068063 0.444868
v -0.086389 0.059463 0.449768
v -0.081689 0.065263 0.439668
v -0.078589 0.066463 0.427468
v -0.039889 0.047363 0.421268
v -0.040089 0.050063 0.433668
v -0.020689 0.041763 0.435268
v -0.021089 0.039363 0.422868
v -0.058689 0.055363 0.418768
v -0.059389 0.058263 0.431068
v -0.042189 0.048363 0.446068
v -0.022189 0.039863 0.447668
v -0.061989 0.056763 0.443368
v -0.023389 0.032663 0.412568
v -0.041789 0.040463 0.411068
v -0.060089 0.048263 0.408568
v -0.066189 0.050863 0.453568
v -0.045889 0.042263 0.456268
v -0.025489 0.033563 0.457968
v -0.424989 0.161663 0.138568
v -0.421489 0.175063 0.139168
v -0.427089 0.177463 0.117268
v -0.430589 0.163963 0.116768
v -0.418489 0.158863 0.159968
v -0.414989 0.172263 0.160668
v -0.414189 0.186963 0.138568
v -0.419789 0.189263 0.116768
v -0.407689 0.184163 0.159968
v -0.435089 0.165963 0.094768
v -0.410989 0.155663 0.181068
v -0.407489 0.169063 0.181868
v -0.400289 0.180963 0.181068
v -0.424289 0.191263 0.094768
v -0.431589 0.179363 0.095168
v -0.056389 0.004463 0.404668
v -0.050889 0.017063 0.402568
v -0.032889 0.009363 0.403968
v -0.038389 -0.003237 0.406168
v -0.074389 0.012163 0.402268
v -0.068789 0.024663 0.400168
v -0.045689 0.029763 0.404668
v -0.027589 0.022063 0.406168
v -0.063689 0.037463 0.402268
v -0.020189 -0.010937 0.406668
v -0.092289 0.019763 0.398868
v -0.086489 0.032263 0.396868
v -0.081489 0.045063 0.398868
v -0.009489 0.014363 0.406668
v -0.014789 0.001663 0.404468
v 0.305511 -0.149837 0.194368
v 0.309211 -0.136437 0.193368
v 0.317311 -0.139937 0.175868
v 0.313711 -0.153337 0.176768
v 0.296611 -0.146037 0.211468
v 0.300311 -0.132737 0.210368
v 0.316311 -0.124537 0.194368
v 0.324511 -0.128037 0.176768
v 0.307411 -0.120737 0.211468
v 0.321011 -0.156437 0.158768
v 0.286911 -0.141937 0.228168
v 0.290711 -0.128537 0.226968
v 0.297711 -0.116637 0.228168
v 0.331811 -0.131137 0.158768
v 0.324611 -0.143037 0.157868
v -0.393289 0.148063 0.221768
v -0.389589 0.161463 0.222868
v -0.398989 0.165463 0.202568
v -0.402589 0.152063 0.201668
v -0.383089 0.143763 0.241468
v -0.379289 0.157063 0.242568
v -0.382489 0.173363 0.221768
v -0.391789 0.177363 0.201668
v -0.372289 0.169063 0.241468
v -0.371889 0.138963 0.260568
v -0.368189 0.152363 0.261668
v -0.361189 0.164263 0.260568
v 0.021211 -0.028637 0.462668
v 0.026811 -0.016037 0.464768
v 0.006011 -0.007237 0.466468
v 0.000511 -0.019837 0.464368
v 0.041811 -0.037437 0.459868
v 0.047511 -0.024937 0.461968
v 0.032011 -0.003337 0.462668
v 0.011311 0.005463 0.464368
v 0.052611 -0.012137 0.459868
v -0.020189 -0.010937 0.464868
v 0.062311 -0.046137 0.456068
v 0.068111 -0.033637 0.458168
v 0.073111 -0.020837 0.456068
v -0.009489 0.014363 0.464868
v -0.014789 0.001663 0.467068
v 0.333311 -0.161637 0.121668
v 0.336811 -0.148237 0.120968
v 0.341611 -0.150237 0.102068
v 0.338111 -0.163737 0.102668
v 0.327611 -0.159237 0.140368
v 0.331111 -0.145837 0.139568
v 0.344011 -0.136437 0.121668
v 0.348911 -0.138437 0.102668
v 0.338311 -0.133937 0.140368
v 0.342111 -0.165437 0.083368
v 0.352811 -0.140137 0.083368
v 0.345511 -0.151937 0.082968
v -0.347189 0.128463 0.296768
v -0.343289 0.141763 0.298068
v -0.356189 0.147263 0.280268
v -0.359989 0.133863 0.278968
v -0.333689 0.122663 0.313868
v -0.329689 0.135963 0.315268
v -0.336389 0.153763 0.296768
v -0.349189 0.159163 0.278968
v -0.322889 0.147963 0.313868
v -0.319289 0.116563 0.330168
v -0.315289 0.129763 0.331668
v -0.308589 0.141863 0.330168
v 0.102511 -0.063337 0.445068
v 0.108511 -0.050937 0.447168
v 0.088411 -0.042337 0.453168
v 0.082511 -0.054737 0.451068
v 0.122311 -0.071737 0.437968
v 0.128311 -0.059337 0.439968
v 0.113311 -0.038037 0.445068
v 0.093311 -0.029537 0.451068
v 0.133011 -0.046437 0.437968
v 0.141611 -0.079937 0.429868
v 0.147811 -0.067637 0.431868
v 0.152411 -0.054637 0.429868
v 0.347411 -0.167737 0.044368
v 0.350811 -0.154237 0.044168
v 0.352111 -0.154837 0.024668
v 0.348711 -0.168237 0.024768
v 0.345211 -0.166737 0.063968
v 0.348611 -0.153237 0.063668
v 0.358211 -0.142437 0.044368
v 0.359511 -0.142937 0.024768
v 0.355911 -0.141437 0.063968
v 0.349211 -0.168437 0.005068
v 0.359911 -0.143137 0.005068
v 0.352611 -0.154937 0.005068
v -0.288589 0.103463 0.360468
v -0.284389 0.116663 0.362168
v -0.300189 0.123363 0.347368
v -0.304289 0.110163 0.345768
v -0.272189 0.096463 0.374368
v -0.267989 0.109663 0.376068
v -0.277789 0.128763 0.360468
v -0.293489 0.135463 0.345768
v -0.261389 0.121763 0.374368
v -0.255189 0.089263 0.387368
v -0.250889 0.102363 0.389168
v -0.244489 0.114563 0.387368
v 0.179211 -0.095937 0.410568
v 0.185511 -0.083737 0.412468
v 0.166811 -0.075737 0.422668
v 0.160611 -0.088037 0.420768
v 0.197211 -0.103637 0.399468
v 0.203611 -0.091437 0.401268
v 0.189911 -0.070737 0.410568
v 0.171411 -0.062737 0.420768
v 0.208011 -0.078437 0.399468
v 0.214811 -0.111137 0.387368
v 0.221211 -0.098937 0.389168
v 0.225511 -0.085837 0.387368
v 0.347411 -0.167737 -0.034332
v 0.350811 -0.154237 -0.034132
v 0.348611 -0.153237 -0.053532
v 0.345211 -0.166737 -0.053832
v 0.348711 -0.168237 -0.014632
v 0.352111 -0.154837 -0.014532
v 0.358211 -0.142437 -0.034332
v 0.355911 -0.141437 -0.053832
v 0.359511 -0.142937 -0.014632
v 0.342111 -0.165437 -0.073332
v 0.352811 -0.140137 -0.073332
v 0.345511 -0.151937 -0.072832
v -0.219589 0.074063 0.410568
v -0.215189 0.087063 0.412468
v -0.233289 0.094863 0.401268
v -0.237689 0.081763 0.399468
v -0.201089 0.066163 0.420768
v -0.196489 0.079163 0.422668
v -0.208889 0.099363 0.410568
v -0.226889 0.107063 0.399468
v -0.190289 0.091463 0.420768
v -0.182089 0.058063 0.429868
v -0.177489 0.071063 0.431868
v -0.171289 0.083363 0.429868
v 0.248111 -0.125337 0.360468
v 0.254711 -0.113237 0.362168
v 0.238311 -0.106237 0.376068
v 0.231711 -0.118437 0.374368
v 0.263811 -0.132037 0.345768
v 0.270511 -0.120037 0.347368
v 0.258911 -0.100037 0.360468
v 0.242511 -0.093137 0.374368
v 0.274611 -0.106737 0.345768
v 0.278911 -0.138437 0.330168
v 0.285611 -0.126437 0.331668
v 0.289611 -0.113237 0.330168
v 0.333311 -0.161637 -0.111532
v 0.336811 -0.148237 -0.110932
v 0.331111 -0.145837 -0.129532
v 0.327611 -0.159237 -0.130232
v 0.338111 -0.163737 -0.092532
v 0.341611 -0.150237 -0.092032
v 0.344011 -0.136437 -0.111532
v 0.338311 -0.133937 -0.130232
v 0.348911 -0.138437 -0.092532
v 0.321011 -0.156437 -0.148632
v 0.331811 -0.131137 -0.148632
v 0.324611 -0.143037 -0.147832
v -0.142989 0.041363 0.445068
v -0.138189 0.054263 0.447168
v -0.157989 0.062763 0.439968
v -0.162689 0.049763 0.437968
v -0.122989 0.032863 0.451068
v -0.118089 0.045763 0.453168
v -0.132189 0.066663 0.445068
v -0.151989 0.075063 0.437968
v -0.112189 0.058163 0.451068
v -0.102789 0.024263 0.456068
v -0.097789 0.037063 0.458168
v -0.091989 0.049563 0.456068
v 0.306711 -0.150337 0.296768
v 0.313611 -0.138337 0.298068
v 0.300011 -0.132537 0.315268
v 0.293211 -0.144537 0.313868
v 0.319511 -0.155837 0.278968
v 0.326511 -0.143837 0.280268
v 0.317511 -0.125037 0.296768
v 0.304011 -0.119337 0.313868
v 0.330311 -0.130537 0.278968
v 0.331511 -0.160937 0.260568
v 0.338511 -0.148937 0.261668
v 0.342211 -0.135637 0.260568
v 0.305511 -0.149837 -0.184232
v 0.309211 -0.136437 -0.183232
v 0.300311 -0.132737 -0.200332
v 0.296611 -0.146037 -0.201432
v 0.313711 -0.153337 -0.166632
v 0.317311 -0.139937 -0.165732
v 0.316311 -0.124537 -0.184232
v 0.307411 -0.120737 -0.201432
v 0.324511 -0.128037 -0.166632
v 0.286911 -0.141937 -0.218032
v 0.297711 -0.116637 -0.218032
v 0.290711 -0.128537 -0.216832
v -0.061689 0.006763 0.462668
v -0.056489 0.019463 0.464768
v -0.077189 0.028263 0.461968
v -0.082289 0.015463 0.459868
v -0.040989 -0.002137 0.464368
v -0.035689 0.010563 0.466468
v -0.050889 0.031963 0.462668
v -0.071489 0.040763 0.459868
v -0.030189 0.023163 0.464368
v 0.352811 -0.170037 0.221768
v 0.359911 -0.158137 0.222868
v 0.349611 -0.153737 0.242568
v 0.342611 -0.165637 0.241468
v 0.362111 -0.174037 0.201668
v 0.369311 -0.162137 0.202568
v 0.363611 -0.144737 0.221768
v 0.353411 -0.140337 0.241468
v 0.372911 -0.148737 0.201668
v 0.370611 -0.177537 0.181068
v 0.377811 -0.165737 0.181868
v 0.381311 -0.152337 0.181068
v 0.265311 -0.132737 -0.249732
v 0.269211 -0.119437 -0.248332
v 0.257411 -0.114437 -0.263232
v 0.253511 -0.127637 -0.264632
v 0.276511 -0.137437 -0.234132
v 0.280311 -0.124137 -0.232932
v 0.276111 -0.107437 -0.249732
v 0.264211 -0.102337 -0.264632
v 0.287211 -0.112137 -0.234132
v 0.241011 -0.122337 -0.278932
v 0.251711 -0.097037 -0.278932
v 0.245011 -0.109137 -0.277432
v 0.384511 -0.183537 0.138568
v 0.391811 -0.171737 0.139168
v 0.385311 -0.168937 0.160668
v 0.378011 -0.180737 0.159968
v 0.390111 -0.185937 0.116768
v 0.397411 -0.174037 0.117268
v 0.395311 -0.158237 0.138568
v 0.388811 -0.155437 0.159968
v 0.400911 -0.160637 0.116768
v 0.394611 -0.187837 0.094768
v 0.401911 -0.176037 0.095168
v 0.405411 -0.162537 0.094768
v 0.214111 -0.110837 -0.305332
v 0.218311 -0.097737 -0.303732
v 0.204011 -0.091637 -0.315832
v 0.199811 -0.104737 -0.317532
v 0.227811 -0.116737 -0.292532
v 0.231911 -0.103537 -0.290932
v 0.224911 -0.085537 -0.305332
v 0.210611 -0.079537 -0.317532
v 0.238611 -0.091437 -0.292532
v 0.185011 -0.098437 -0.328832
v 0.195811 -0.073137 -0.328832
v 0.189311 -0.085337 -0.327032
v 0.400711 -0.190437 0.050168
v 0.408111 -0.178637 0.050368
v 0.405511 -0.177537 0.072868
v 0.398211 -0.189337 0.072568
v 0.402211 -0.191137 0.027568
v 0.409611 -0.179237 0.027668
v 0.411511 -0.165137 0.050168
v 0.409011 -0.164037 0.072568
v 0.413011 -0.165837 0.027568
v 0.402811 -0.191337 0.005068
v 0.410111 -0.179537 0.005068
v 0.413511 -0.166037 0.005068
v 0.153911 -0.085237 -0.349132
v 0.158411 -0.072137 -0.347232
v 0.142311 -0.065337 -0.356032
v 0.137711 -0.078337 -0.357932
v 0.169711 -0.091937 -0.339432
v 0.174111 -0.078837 -0.337532
v 0.164711 -0.059937 -0.349132
v 0.148511 -0.053037 -0.357932
v 0.180511 -0.066637 -0.339432
v 0.121111 -0.071237 -0.365932
v 0.131911 -0.045937 -0.365932
v 0.125811 -0.058237 -0.364032
v 0.400711 -0.190437 -0.040032
v 0.408111 -0.178637 -0.040232
v 0.409611 -0.179237 -0.017632
v 0.402211 -0.191137 -0.017532
v 0.398211 -0.189337 -0.062432
v 0.405511 -0.177537 -0.062732
v 0.411511 -0.165137 -0.040032
v 0.413011 -0.165837 -0.017532
v 0.409011 -0.164037 -0.062432
v 0.394611 -0.187837 -0.084632
v 0.401911 -0.176037 -0.085032
v 0.405411 -0.162537 -0.084632
v 0.087011 -0.056637 -0.379232
v 0.091811 -0.043837 -0.377232
v 0.074411 -0.036337 -0.382432
v 0.069511 -0.049237 -0.384532
v 0.104211 -0.064037 -0.373032
v 0.108911 -0.051137 -0.371032
v 0.097811 -0.031437 -0.379232
v 0.080311 -0.023937 -0.384532
v 0.115011 -0.038737 -0.373032
v 0.051811 -0.041637 -0.388832
v 0.062611 -0.016437 -0.388832
v 0.056811 -0.028837 -0.386732
v 0.384511 -0.183537 -0.128432
v 0.391811 -0.171737 -0.129032
v 0.397411 -0.174037 -0.107232
v 0.390111 -0.185937 -0.106732
v 0.378011 -0.180737 -0.149832
v 0.385311 -0.168937 -0.150632
v 0.395311 -0.158237 -0.128432
v 0.400911 -0.160637 -0.106732
v 0.388811 -0.155437 -0.149832
v 0.370611 -0.177537 -0.170932
v 0.377811 -0.165737 -0.171732
v 0.381311 -0.152337 -0.170932
v 0.016011 -0.026437 -0.394632
v 0.021211 -0.013637 -0.392432
v 0.003211 -0.006037 -0.393932
v -0.002089 -0.018637 -0.396032
v 0.034011 -0.034037 -0.392232
v 0.039111 -0.021337 -0.390032
v 0.026711 -0.001137 -0.394632
v 0.008711 0.006563 -0.396032
v 0.044711 -0.008737 -0.392232
v -0.020189 -0.010937 -0.396532
v -0.009489 0.014363 -0.396532
v -0.014789 0.001663 -0.394432
v 0.352811 -0.170037 -0.211732
v 0.359911 -0.158137 -0.212732
v 0.369311 -0.162137 -0.192432
v 0.362111 -0.174037 -0.191532
v 0.342611 -0.165637 -0.231332
v 0.349611 -0.153737 -0.232432
v 0.363611 -0.144737 -0.211732
v 0.372911 -0.148737 -0.191532
v 0.353411 -0.140337 -0.231332
v 0.331511 -0.160937 -0.250432
v 0.338511 -0.148937 -0.251632
v 0.342211 -0.135637 -0.250432
v -0.056389 0.004463 -0.394632
v -0.050889 0.017063 -0.392432
v -0.068789 0.024663 -0.390032
v -0.074389 0.012163 -0.392232
v -0.038389 -0.003237 -0.396032
v -0.032889 0.009363 -0.393932
v -0.045689 0.029763 -0.394632
v -0.063689 0.037463 -0.392232
v -0.027589 0.022063 -0.396032
v -0.092289 0.019763 -0.388832
v -0.081489 0.045063 -0.388832
v -0.086489 0.032263 -0.386732
v 0.306711 -0.150337 -0.286632
v 0.313611 -0.138337 -0.288032
v 0.326511 -0.143837 -0.270132
v 0.319511 -0.155837 -0.268832
v 0.293211 -0.144537 -0.303732
v 0.300011 -0.132537 -0.305232
v 0.317511 -0.125037 -0.286632
v 0.330311 -0.130537 -0.268832
v 0.304011 -0.119337 -0.303732
v 0.278911 -0.138437 -0.320132
v 0.285611 -0.126437 -0.321632
v 0.289611 -0.113237 -0.320132
v -0.127489 0.034763 -0.379232
v -0.121489 0.047163 -0.377232
v -0.138589 0.054463 -0.371032
v -0.144689 0.042063 -0.373032
v -0.109989 0.027363 -0.384532
v -0.104089 0.039763 -0.382432
v -0.116689 0.060063 -0.379232
v -0.133889 0.067363 -0.373032
v -0.099189 0.052563 -0.384532
v -0.161589 0.049363 -0.365932
v -0.150789 0.074563 -0.365932
v -0.155489 0.061663 -0.364032
v 0.248111 -0.125337 -0.350432
v 0.254711 -0.113237 -0.352032
v 0.270511 -0.120037 -0.337232
v 0.263811 -0.132037 -0.335632
v 0.231711 -0.118437 -0.364332
v 0.238311 -0.106237 -0.366032
v 0.258911 -0.100037 -0.350432
v 0.274611 -0.106737 -0.335632
v 0.242511 -0.093137 -0.364332
v 0.214811 -0.111137 -0.377332
v 0.221211 -0.098937 -0.379032
v 0.225511 -0.085837 -0.377332
v -0.194389 0.063263 -0.349132
v -0.188089 0.075563 -0.347232
v -0.203789 0.082263 -0.337532
v -0.210189 0.070063 -0.339432
v -0.178189 0.056363 -0.357932
v -0.171989 0.068663 -0.356032
v -0.183589 0.088563 -0.349132
v -0.199389 0.095263 -0.339432
v -0.167389 0.081663 -0.357932
v -0.225489 0.076563 -0.328832
v -0.214689 0.101863 -0.328832
v -0.218989 0.088763 -0.327032
v 0.179211 -0.095937 -0.400532
v 0.185511 -0.083737 -0.402332
v 0.203611 -0.091437 -0.391232
v 0.197211 -0.103637 -0.389332
v 0.160611 -0.088037 -0.410632
v 0.166811 -0.075737 -0.412532
v 0.189911 -0.070737 -0.400532
v 0.208011 -0.078437 -0.389332
v 0.171411 -0.062737 -0.410632
v 0.141611 -0.079937 -0.419832
v 0.147811 -0.067637 -0.421732
v 0.152411 -0.054637 -0.419832
v -0.254589 0.088963 -0.305332
v -0.247989 0.101063 -0.303732
v -0.261589 0.106863 -0.290932
v -0.268289 0.094863 -0.292532
v -0.240289 0.082863 -0.317532
v -0.233689 0.095063 -0.315832
v -0.243789 0.114263 -0.305332
v -0.257489 0.120063 -0.292532
v -0.229489 0.108163 -0.317532
v -0.281389 0.100463 -0.278932
v -0.270689 0.125663 -0.278932
v -0.274689 0.112463 -0.277432
v 0.102511 -0.063337 -0.435032
v 0.108511 -0.050937 -0.437032
v 0.128311 -0.059337 -0.429932
v 0.122311 -0.071737 -0.427932
v 0.082511 -0.054737 -0.441032
v 0.088411 -0.042337 -0.443032
v 0.113311 -0.038037 -0.435032
v 0.133011 -0.046437 -0.427932
v 0.093311 -0.029537 -0.441032
v 0.062311 -0.046137 -0.445932
v 0.068111 -0.033637 -0.448032
v 0.073111 -0.020837 -0.445932
v -0.305789 0.110763 -0.249732
v -0.298889 0.122763 -0.248332
v -0.309989 0.127563 -0.232932
v -0.316889 0.115563 -0.234132
v -0.293889 0.105763 -0.264632
v -0.287089 0.117763 -0.263232
v -0.294989 0.136063 -0.249732
v -0.306189 0.140863 -0.234132
v -0.283189 0.131063 -0.264632
v -0.327389 0.119963 -0.218032
v -0.316589 0.145263 -0.218032
v -0.320389 0.131963 -0.216832
v 0.021211 -0.028637 -0.452532
v 0.026811 -0.016037 -0.454732
v 0.047511 -0.024937 -0.451932
v 0.041811 -0.037437 -0.449832
v 0.000511 -0.019837 -0.454232
v 0.006011 -0.007237 -0.456332
v 0.032011 -0.003337 -0.452532
v 0.052611 -0.012137 -0.449832
v 0.011311 0.005463 -0.454232
v -0.020189 -0.010937 -0.454832
v -0.014789 0.001663 -0.456932
v -0.009489 0.014363 -0.454832
v -0.345989 0.127963 -0.184232
v -0.338889 0.139863 -0.183232
v -0.346989 0.143363 -0.165732
v -0.354189 0.131463 -0.166632
v -0.337089 0.124163 -0.201432
v -0.329989 0.136063 -0.200332
v -0.335189 0.153263 -0.184232
v -0.343389 0.156663 -0.166632
v -0.326289 0.149463 -0.201432
v -0.361489 0.134563 -0.148632
v -0.350689 0.159863 -0.148632
v -0.354289 0.146463 -0.147832
v -0.061689 0.006763 -0.452532
v -0.056489 0.019463 -0.454732
v -0.035689 0.010563 -0.456332
v -0.040989 -0.002137 -0.454232
v -0.082289 0.015463 -0.449832
v -0.077189 0.028263 -0.451932
v -0.050889 0.031963 -0.452532
v -0.030189 0.023163 -0.454232
v -0.071489 0.040763 -0.449832
v -0.102789 0.024263 -0.445932
v -0.097789 0.037063 -0.448032
v -0.091989 0.049563 -0.445932
v -0.373689 0.139763 -0.111532
v -0.366489 0.151563 -0.110932
v -0.371289 0.153663 -0.092032
v -0.378589 0.141863 -0.092532
v -0.367989 0.137363 -0.130232
v -0.360789 0.149163 -0.129532
v -0.362989 0.165063 -0.111532
v -0.367789 0.167163 -0.092532
v -0.357289 0.162663 -0.130232
v -0.382489 0.143563 -0.073332
v -0.371789 0.168763 -0.073332
v -0.375189 0.155363 -0.072832
v -0.142989 0.041363 -0.435032
v -0.138189 0.054263 -0.437032
v -0.118089 0.045763 -0.443032
v -0.122989 0.032863 -0.441032
v -0.162689 0.049763 -0.427932
v -0.157989 0.062763 -0.429932
v -0.132189 0.066663 -0.435032
v -0.112189 0.058163 -0.441032
v -0.151989 0.075063 -0.427932
v -0.182089 0.058063 -0.419832
v -0.177489 0.071063 -0.421732
v -0.171289 0.083363 -0.419832
v -0.387889 0.145763 -0.034332
v -0.380489 0.157563 -0.034132
v -0.381789 0.158163 -0.014532
v -0.389189 0.146363 -0.014632
v -0.385589 0.144863 -0.053832
v -0.378289 0.156663 -0.053532
v -0.377089 0.171063 -0.034332
v -0.378389 0.171663 -0.014632
v -0.374889 0.170163 -0.053832
v -0.389589 0.146563 0.005068
v -0.378889 0.171863 0.005068
v -0.382289 0.158363 0.005068
v -0.219589 0.074063 -0.400532
v -0.215189 0.087063 -0.402332
v -0.196489 0.079163 -0.412532
v -0.201089 0.066163 -0.410632
v -0.237689 0.081763 -0.389332
v -0.233289 0.094863 -0.391232
v -0.208889 0.099363 -0.400532
v -0.190289 0.091463 -0.410632
v -0.226889 0.107063 -0.389332
v -0.255189 0.089263 -0.377332
v -0.250889 0.102363 -0.379032
v -0.244489 0.114563 -0.377332
v -0.387889 0.145763 0.044368
v -0.380489 0.157563 0.044168
v -0.378289 0.156663 0.063668
v -0.385589 0.144863 0.063968
v -0.389189 0.146363 0.024768
v -0.381789 0.158163 0.024668
v -0.377089 0.171063 0.044368
v -0.374889 0.170163 0.063968
v -0.378389 0.171663 0.024768
v -0.382489 0.143563 0.083368
v -0.371789 0.168763 0.083368
v -0.375189 0.155363 0.082968
v -0.288589 0.103463 -0.350432
v -0.284389 0.116663 -0.352032
v -0.267989 0.109663 -0.366032
v -0.272189 0.096463 -0.364332
v -0.304289 0.110163 -0.335632
v -0.300189 0.123363 -0.337232
v -0.277789 0.128763 -0.350432
v -0.261389 0.121763 -0.364332
v -0.293489 0.135463 -0.335632
v -0.319289 0.116563 -0.320132
v -0.315289 0.129763 -0.321632
v -0.308589 0.141863 -0.320132
v -0.373689 0.139763 0.121668
v -0.366489 0.151563 0.120968
v -0.360789 0.149163 0.139568
v -0.367989 0.137363 0.140368
v -0.378589 0.141863 0.102668
v -0.371289 0.153663 0.102068
v -0.362989 0.165063 0.121668
v -0.357289 0.162663 0.140368
v -0.367789 0.167163 0.102668
v -0.361489 0.134563 0.158768
v -0.350689 0.159863 0.158768
v -0.354289 0.146463 0.157868
v -0.347189 0.128463 -0.286632
v -0.343289 0.141763 -0.288032
v -0.329689 0.135963 -0.305232
v -0.333689 0.122663 -0.303732
v -0.359989 0.133863 -0.268832
v -0.356189 0.147263 -0.270132
v -0.336389 0.153763 -0.286632
v -0.322889 0.147963 -0.303732
v -0.349189 0.159163 -0.268832
v -0.371889 0.138963 -0.250432
v -0.368189 0.152363 -0.251632
v -0.361189 0.164263 -0.250432
v -0.345989 0.127963 0.194368
v -0.338889 0.139863 0.193368
v -0.329989 0.136063 0.210368
v -0.337089 0.124163 0.211468
v -0.354189 0.131463 0.176768
v -0.346989 0.143363 0.175868
v -0.335189 0.153263 0.194368
v -0.326289 0.149463 0.211468
v -0.343389 0.156663 0.176768
v -0.327389 0.119963 0.228168
v -0.316589 0.145263 0.228168
v -0.320389 0.131963 0.226968
v 0.016011 -0.026437 0.404668
v 0.021211 -0.013637 0.402568
v 0.039111 -0.021337 0.400168
v 0.034011 -0.034037 0.402268
v -0.002089 -0.018637 0.406168
v 0.003211 -0.006037 0.403968
v 0.026711 -0.001137 0.404668
v 0.044711 -0.008737 0.402268
v 0.008711 0.006563 0.406168
v 0.051811 -0.041637 0.398868
v 0.062611 -0.016437 0.398868
v 0.056811 -0.028837 0.396868
v -0.393289 0.148063 -0.211732
v -0.389589 0.161463 -0.212732
v -0.379289 0.157063 -0.232432
v -0.383089 0.143763 -0.231332
v -0.402589 0.152063 -0.191532
v -0.398989 0.165463 -0.192432
v -0.382489 0.173363 -0.211732
v -0.372289 0.169063 -0.231332
v -0.391789 0.177363 -0.191532
v -0.410989 0.155663 -0.170932
v -0.407489 0.169063 -0.171732
v -0.400289 0.180963 -0.170932
v -0.305789 0.110763 0.259768
v -0.298889 0.122763 0.258468
v -0.287089 0.117763 0.273268
v -0.293889 0.105763 0.274768
v -0.316889 0.115563 0.244268
v -0.309989 0.127563 0.242968
v -0.294989 0.136063 0.259768
v -0.283189 0.131063 0.274768
v -0.306189 0.140863 0.244268
v -0.281389 0.100463 0.288968
v -0.270689 0.125663 0.288968
v -0.274689 0.112463 0.287468
v 0.087011 -0.056637 0.389368
v 0.091811 -0.043837 0.387268
v 0.108911 -0.051137 0.381168
v 0.104211 -0.064037 0.383168
v 0.069511 -0.049237 0.394568
v 0.074411 -0.036337 0.392568
v 0.097811 -0.031437 0.389368
v 0.115011 -0.038737 0.383168
v 0.080311 -0.023937 0.394568
v 0.121111 -0.071237 0.376068
v 0.131911 -0.045937 0.376068
v 0.125811 -0.058237 0.374068
v -0.424989 0.161663 -0.128432
v -0.421489 0.175063 -0.129032
v -0.414989 0.172263 -0.150632
v -0.418489 0.158863 -0.149832
v -0.430589 0.163963 -0.106732
v -0.427089 0.177463 -0.107232
v -0.414189 0.186963 -0.128432
v -0.407689 0.184163 -0.149832
v -0.419789 0.189263 -0.106732
v -0.435089 0.165963 -0.084632
v -0.431589 0.179363 -0.085032
v -0.424289 0.191263 -0.084632
v -0.254589 0.088963 0.315468
v -0.247989 0.101063 0.313868
v -0.233689 0.095063 0.325868
v -0.240289 0.082863 0.327568
v -0.268289 0.094863 0.302568
v -0.261589 0.106863 0.300968
v -0.243789 0.114263 0.315468
v -0.229489 0.108163 0.327568
v -0.257489 0.120063 0.302568
v -0.225489 0.076563 0.338968
v -0.214689 0.101863 0.338968
v -0.218989 0.088763 0.337168
v 0.153911 -0.085237 0.359168
v 0.158411 -0.072137 0.357368
v 0.174111 -0.078837 0.347668
v 0.169711 -0.091937 0.349468
v 0.137711 -0.078337 0.368068
v 0.142311 -0.065337 0.366168
v 0.164711 -0.059937 0.359168
v 0.180511 -0.066637 0.349468
v 0.148511 -0.053037 0.368068
v 0.185011 -0.098437 0.338968
v 0.195811 -0.073137 0.338968
v 0.189311 -0.085337 0.337168
v -0.441189 0.168563 -0.040032
v -0.437789 0.181963 -0.040232
v -0.435189 0.180963 -0.062732
v -0.438689 0.167463 -0.062432
v -0.442689 0.169163 -0.017532
v -0.439289 0.182663 -0.017632
v -0.430389 0.193863 -0.040032
v -0.427889 0.192763 -0.062432
v -0.431889 0.194463 -0.017532
v -0.443189 0.169363 0.005068
v -0.439789 0.182863 0.005068
v -0.432489 0.194663 0.005068
v -0.194389 0.063263 0.359168
v -0.188089 0.075563 0.357368
v -0.171989 0.068663 0.366168
v -0.178189 0.056363 0.368068
v -0.210189 0.070063 0.349468
v -0.203789 0.082263 0.347668
v -0.183589 0.088563 0.359168
v -0.167389 0.081663 0.368068
v -0.199389 0.095263 0.349468
v -0.161589 0.049363 0.376068
v -0.150789 0.074563 0.376068
v -0.155489 0.061663 0.374068
v 0.214111 -0.110837 0.315468
v 0.218311 -0.097737 0.313868
v 0.231911 -0.103537 0.300968
v 0.227811 -0.116737 0.302568
v 0.199811 -0.104737 0.327568
v 0.204011 -0.091637 0.325868
v 0.224911 -0.085537 0.315468
v 0.238611 -0.091437 0.302568
v 0.210611 -0.079537 0.327568
v 0.241011 -0.122337 0.288968
v 0.251711 -0.097037 0.288968
v 0.245011 -0.109137 0.287468
v -0.441189 0.168563 0.050168
v -0.437789 0.181963 0.050368
v -0.439289 0.182663 0.027668
v -0.442689 0.169163 0.027568
v -0.438689 0.167463 0.072568
v -0.435189 0.180963 0.072868
v -0.430389 0.193863 0.050168
v -0.431889 0.194463 0.027568
v -0.427889 0.192763 0.072568
v -0.127489 0.034763 0.389368
v -0.121489 0.047163 0.387268
v -0.104089 0.039763 0.392568
v -0.109989 0.027363 0.394568
v -0.144689 0.042063 0.383168
v -0.138589 0.054463 0.381168
v -0.116689 0.060063 0.389368
v -0.099189 0.052563 0.394568
v -0.133889 0.067363 0.383168
v 0.265311 -0.132737 0.259768
v 0.269211 -0.119437 0.258468
v 0.280311 -0.124137 0.242968
v 0.276511 -0.137437 0.244268
v 0.253511 -0.127637 0.274768
v 0.257411 -0.114437 0.273268
v 0.276111 -0.107437 0.259768
v 0.287211 -0.112137 0.244268
v 0.264211 -0.102337 0.274768
v -0.493689 -1.719637 0.364468
v -0.563489 -1.719637 0.357568
v -0.630689 -1.719637 0.337168
v -0.692589 -1.719637 0.304068
v -0.746889 -1.719637 0.259568
v -0.791489 -1.719637 0.205268
v -0.824589 -1.719637 0.143368
v -0.844889 -1.719637 0.076168
v -0.851789 -1.719637 0.006268
v -0.844889 -1.719637 -0.063532
v -0.824589 -1.719637 -0.130732
v -0.791489 -1.719637 -0.192732
v -0.746889 -1.719637 -0.246932
v -0.692589 -1.719637 -0.291532
v -0.630689 -1.719637 -0.324632
v -0.563489 -1.719637 -0.345032
v -0.493689 -1.719637 -0.351832
v -0.423789 -1.719637 -0.345032
v -0.356589 -1.719637 -0.324632
v -0.294689 -1.719637 -0.291532
v -0.240389 -1.719637 -0.246932
v -0.195889 -1.719637 -0.192732
v -0.162789 -1.719637 -0.130732
v -0.142389 -1.719637 -0.063532
v -0.135489 -1.719637 0.006268
v -0.142389 -1.719637 0.076168
v -0.162789 -1.719637 0.143368
v -0.195889 -1.719637 0.205268
v -0.240389 -1.719637 0.259568
v -0.423789 -1.719637 0.357568
v -0.294689 -1.719637 0.304068
v -0.356589 -1.719637 0.337168
v -0.225889 -1.750537 0.274068
v -0.225889 -1.785337 0.274068
v -0.283289 -1.785337 0.321168
v -0.283289 -1.750537 0.321168
v -0.114989 -1.750537 0.006268
v -0.122289 -1.750537 -0.067532
v -0.864989 -1.750537 -0.067532
v -0.843489 -1.750537 -0.138632
v -0.143789 -1.750537 -0.138632
v -0.872289 -1.750537 0.006268
v -0.178789 -1.750537 -0.204032
v -0.864989 -1.750537 0.080168
v -0.225889 -1.750537 -0.261432
v -0.843489 -1.750537 0.151168
v -0.283289 -1.750537 -0.308532
v -0.808489 -1.750537 0.216668
v -0.348789 -1.750537 -0.343532
v -0.493689 -1.750537 0.384968
v -0.419789 -1.750537 0.377668
v -0.761389 -1.750537 0.274068
v -0.419789 -1.750537 -0.365032
v -0.348789 -1.750537 0.356168
v -0.703989 -1.750537 0.321168
v -0.493689 -1.750537 -0.372332
v -0.638589 -1.750537 0.356168
v -0.567489 -1.750537 -0.365032
v -0.567489 -1.750537 0.377668
v -0.638589 -1.750537 -0.343532
v -0.178789 -1.750537 0.216668
v -0.703989 -1.750537 -0.308532
v -0.143789 -1.750537 0.151168
v -0.761389 -1.750537 -0.261432
v -0.122289 -1.750537 0.080168
v -0.808489 -1.750537 -0.204032
v -0.419789 -1.785337 0.377668
v -0.348789 -1.785337 0.356168
v -0.178789 -1.785337 0.216668
v -0.143789 -1.785337 0.151168
v -0.122289 -1.785337 0.080168
v -0.114989 -1.785337 0.006268
v -0.122289 -1.785337 -0.067532
v -0.143789 -1.785337 -0.138632
v -0.178789 -1.785337 -0.204032
v -0.225889 -1.785337 -0.261432
v -0.283289 -1.785337 -0.308532
v -0.348789 -1.785337 -0.343532
v -0.419789 -1.785337 -0.365032
v -0.493689 -1.785337 -0.372332
v -0.567489 -1.785337 -0.365032
v -0.638589 -1.785337 -0.343532
v -0.703989 -1.785337 -0.308532
v -0.761389 -1.785337 -0.261432
v -0.808489 -1.785337 -0.204032
v -0.843489 -1.785337 -0.138632
v -0.864989 -1.785337 -0.067532
v -0.872289 -1.785337 0.006268
v -0.864989 -1.785337 0.080168
v -0.843489 -1.785337 0.151168
v -0.808489 -1.785337 0.216668
v -0.761389 -1.785337 0.274068
v -0.703989 -1.785337 0.321168
v -0.638589 -1.785337 0.356168
v -0.567489 -1.785337 0.377668
v -0.493689 -1.785337 0.384968
v -0.494289 -1.962137 0.483568
v -0.587789 -1.962137 0.474368
v -0.677689 -1.962137 0.447068
v -0.760589 -1.962137 0.402868
v -0.833189 -1.962137 0.343168
v -0.892889 -1.962137 0.270568
v -0.937089 -1.962137 0.187668
v -0.964389 -1.962137 0.097768
v -0.973589 -1.962137 0.004268
v -0.964389 -1.962137 -0.089232
v -0.937089 -1.962137 -0.179132
v -0.892889 -1.962137 -0.262032
v -0.833189 -1.962137 -0.334732
v -0.760589 -1.962137 -0.394332
v -0.677689 -1.962137 -0.438632
v -0.587789 -1.962137 -0.465832
v -0.494289 -1.962137 -0.475032
v -0.400789 -1.962137 -0.465832
v -0.310889 -1.962137 -0.438632
v -0.227989 -1.962137 -0.394332
v -0.155389 -1.962137 -0.334732
v -0.095689 -1.962137 -0.262032
v -0.051389 -1.962137 -0.179132
v -0.024189 -1.962137 -0.089232
v -0.014989 -1.962137 0.004268
v -0.024189 -1.962137 0.097768
v -0.051389 -1.962137 0.187668
v -0.095689 -1.962137 0.270568
v -0.155389 -1.962137 0.343168
v -0.400789 -1.962137 0.474368
v -0.227989 -1.962137 0.402868
v -0.310889 -1.962137 0.447068
v -0.999289 -1.983537 0.104668
v -0.999289 -2.084337 0.104668
v -1.009189 -2.084337 0.004268
v -1.009189 -1.983537 0.004268
v -0.691289 -1.983537 0.479968
v -0.780289 -1.983537 0.432368
v -0.594689 -1.983537 -0.500732
v -0.494289 -1.983537 -0.510632
v -0.130189 -1.983537 0.368368
v -0.208289 -1.983537 0.432368
v -0.594689 -1.983537 0.509268
v -0.691289 -1.983537 -0.471432
v -0.066189 -1.983537 0.290268
v -0.494289 -1.983537 0.519168
v -0.780289 -1.983537 -0.423832
v -0.018589 -1.983537 0.201268
v -0.858389 -1.983537 -0.359832
v 0.010711 -1.983537 0.104668
v -0.922389 -1.983537 -0.281732
v 0.020611 -1.983537 0.004268
v -0.969989 -1.983537 -0.192732
v 0.010711 -1.983537 -0.096132
v -0.999289 -1.983537 -0.096132
v -0.018589 -1.983537 -0.192732
v -0.066189 -1.983537 -0.281732
v -0.130189 -1.983537 -0.359832
v -0.969989 -1.983537 0.201268
v -0.208289 -1.983537 -0.423832
v -0.922389 -1.983537 0.290268
v -0.297289 -1.983537 -0.471432
v -0.393889 -1.983537 0.509268
v -0.858389 -1.983537 0.368368
v -0.393889 -1.983537 -0.500732
v -0.297289 -1.983537 0.479968
v -0.393889 -2.084337 0.509268
v -0.297289 -2.084337 0.479968
v -0.208289 -2.084337 0.432368
v -0.130189 -2.084337 0.368368
v -0.066189 -2.084337 0.290268
v -0.018589 -2.084337 0.201268
v 0.010711 -2.084337 0.104668
v 0.020611 -2.084337 0.004268
v 0.010711 -2.084337 -0.096132
v -0.018589 -2.084337 -0.192732
v -0.066189 -2.084337 -0.281732
v -0.130189 -2.084337 -0.359832
v -0.208289 -2.084337 -0.423832
v -0.297289 -2.084337 -0.471432
v -0.393889 -2.084337 -0.500732
v -0.494289 -2.084337 -0.510632
v -0.594689 -2.084337 -0.500732
v -0.691289 -2.084337 -0.471432
v -0.780289 -2.084337 -0.423832
v -0.858389 -2.084337 -0.359832
v -0.922389 -2.084337 -0.281732
v -0.969989 -2.084337 -0.192732
v -0.999289 -2.084337 -0.096132
v -0.969989 -2.084337 0.201268
v -0.922389 -2.084337 0.290268
v -0.858389 -2.084337 0.368368
v -0.780289 -2.084337 0.432368
v -0.691289 -2.084337 0.479968
v -0.594689 -2.084337 0.509268
v -0.494289 -2.084337 0.519168
v -0.941789 -2.011236 0.264368
v -0.945689 -2.011236 0.265868
v -0.945689 -2.085637 0.265868
v -0.941789 -2.085637 0.264368
v -0.949789 -2.011236 0.266568
v -0.949789 -2.085637 0.266568
v -0.953989 -2.011236 0.266468
v -0.953989 -2.085637 0.266468
v -0.958089 -2.011236 0.265468
v -0.958089 -2.085637 0.265468
v -0.961889 -2.011236 0.263768
v -0.961889 -2.085637 0.263768
v -0.965289 -2.085637 0.261368
v -0.965289 -2.011236 0.261368
v -0.968189 -2.085637 0.258268
v -0.968189 -2.011236 0.258268
v -0.970389 -2.011236 0.254768
v -0.970389 -2.085637 0.254768
v -0.971889 -2.085637 0.250868
v -0.971889 -2.011236 0.250868
v -0.972589 -2.085637 0.246768
v -0.972589 -2.011236 0.246768
v -0.972489 -2.085637 0.242568
v -0.972489 -2.011236 0.242568
v -0.971489 -2.011236 0.238468
v -0.971489 -2.085637 0.238468
v -0.969789 -2.085637 0.234668
v -0.969789 -2.011236 0.234668
v -0.967389 -2.085637 0.231268
v -0.967389 -2.011236 0.231268
v -0.964289 -2.085637 0.228368
v -0.964289 -2.011236 0.228368
v -0.960789 -2.085637 0.226168
v -0.960789 -2.011236 0.226168
v -0.956889 -2.085637 0.224668
v -0.956889 -2.011236 0.224668
v -0.952789 -2.085637 0.223968
v -0.952789 -2.011236 0.223968
v -0.948589 -2.085637 0.224068
v -0.948589 -2.011236 0.224068
v -0.944489 -2.011236 0.225068
v -0.944489 -2.085637 0.225068
v -0.940689 -2.011236 0.226768
v -0.940689 -2.085637 0.226768
v -0.937289 -2.085637 0.229168
v -0.937289 -2.011236 0.229168
v -0.934389 -2.085637 0.232268
v -0.934389 -2.011236 0.232268
v -0.932189 -2.011236 0.235768
v -0.932189 -2.085637 0.235768
v -0.930689 -2.011236 0.239668
v -0.930689 -2.085637 0.239668
v -0.929989 -2.085637 0.243768
v -0.929989 -2.011236 0.243768
v -0.930089 -2.011236 0.247968
v -0.930089 -2.085637 0.247968
v -0.931089 -2.085637 0.252068
v -0.931089 -2.011236 0.252068
v -0.932789 -2.085637 0.255868
v -0.932789 -2.011236 0.255868
v -0.935189 -2.011236 0.259268
v -0.935189 -2.085637 0.259268
v -0.961889 -1.992837 0.250568
v -0.962989 -1.993037 0.247868
v -0.938289 -2.011236 0.262168
v -0.938289 -2.085637 0.262168
v -0.951689 -1.996836 0.259168
v -0.937289 -1.986037 0.252068
v -0.937389 -1.984037 0.250068
v -0.954089 -1.995537 0.258368
v -0.953289 -2.005237 0.231068
v -0.955689 -2.003536 0.231268
v -0.938789 -2.009237 0.248268
v -0.938989 -2.010036 0.245468
v -0.956389 -1.994337 0.256968
v -0.961389 -1.998337 0.235068
v -0.962589 -1.996836 0.237168
v -0.942189 -2.010536 0.237568
v -0.943989 -2.010036 0.235368
v -0.944689 -2.001736 0.258568
v -0.946889 -2.000036 0.259268
v -0.942789 -2.003536 0.257268
v -0.963589 -1.993536 0.245068
v -0.950889 -2.006737 0.231368
v -0.939189 -2.008037 0.250968
v -0.958589 -1.993536 0.255168
v -0.959789 -2.000036 0.233268
v -0.940689 -2.010736 0.240068
v -0.949289 -1.998337 0.259568
v -0.963689 -1.994337 0.242268
v -0.948489 -2.008037 0.232168
v -0.939889 -2.006737 0.253368
v -0.960389 -1.993037 0.252968
v -0.957889 -2.001736 0.232068
v -0.939589 -2.010536 0.242668
v -0.963389 -1.995537 0.239668
v -0.946189 -2.009237 0.233568
v -0.941189 -2.005237 0.255468
v -0.938289 -1.990937 0.254968
v -0.939189 -1.993637 0.255768
v -0.940389 -1.996237 0.256068
v -0.941689 -1.998737 0.255768
v -0.943289 -2.001137 0.254968
v -0.944889 -2.003136 0.253768
v -0.946489 -2.004837 0.252068
v -0.948189 -2.006136 0.250068
v -0.949689 -2.006836 0.247668
v -0.951089 -2.007137 0.245168
v -0.952289 -2.006836 0.242568
v -0.953189 -2.006136 0.239868
v -0.953789 -2.004837 0.237368
v -0.954189 -2.003136 0.235068
v -0.954189 -2.001137 0.232968
v -0.953889 -1.998737 0.231268
v -0.953289 -1.996237 0.230068
v -0.952289 -1.993637 0.229268
v -0.951189 -1.990937 0.228968
v -0.949789 -1.988437 0.229268
v -0.948289 -1.986037 0.230068
v -0.946689 -1.984037 0.231268
v -0.944989 -1.982337 0.232968
v -0.943389 -1.981037 0.234968
v -0.941789 -1.980337 0.237368
v -0.940389 -1.980037 0.239868
v -0.939289 -1.980337 0.242568
v -0.938289 -1.981037 0.245168
v -0.937689 -1.982337 0.247668
v -0.937689 -1.988437 0.253768
v -0.983089 -2.011236 -0.193732
v -0.983089 -2.085637 -0.193732
v -0.980189 -2.085637 -0.190732
v -0.980189 -2.011236 -0.190732
v -0.985389 -2.085637 -0.197232
v -0.985389 -2.011236 -0.197232
v -0.986989 -2.011236 -0.201132
v -0.986989 -2.085637 -0.201132
v -0.987689 -2.085637 -0.205232
v -0.987689 -2.011236 -0.205232
v -0.987689 -2.011236 -0.209432
v -0.987689 -2.085637 -0.209432
v -0.986789 -2.085637 -0.213432
v -0.986789 -2.011236 -0.213432
v -0.985189 -2.085637 -0.217332
v -0.985189 -2.011236 -0.217332
v -0.982789 -2.011236 -0.220732
v -0.982789 -2.085637 -0.220732
v -0.979789 -2.085637 -0.223732
v -0.979789 -2.011236 -0.223732
v -0.976289 -2.011236 -0.226032
v -0.976289 -2.085637 -0.226032
v -0.972389 -2.011236 -0.227532
v -0.972389 -2.085637 -0.227532
v -0.968289 -2.085637 -0.228332
v -0.968289 -2.011236 -0.228332
v -0.964089 -2.011236 -0.228232
v -0.964089 -2.085637 -0.228232
v -0.959989 -2.011236 -0.227432
v -0.959989 -2.085637 -0.227432
v -0.956189 -2.085637 -0.225732
v -0.956189 -2.011236 -0.225732
v -0.952689 -2.011236 -0.223432
v -0.952689 -2.085637 -0.223432
v -0.949789 -2.011236 -0.220432
v -0.949789 -2.085637 -0.220432
v -0.947489 -2.085637 -0.216932
v -0.947489 -2.011236 -0.216932
v -0.945989 -2.085637 -0.213032
v -0.945989 -2.011236 -0.213032
v -0.945189 -2.011236 -0.208932
v -0.945189 -2.085637 -0.208932
v -0.945289 -2.085637 -0.204732
v -0.945289 -2.011236 -0.204732
v -0.946089 -2.011236 -0.200632
v -0.946089 -2.085637 -0.200632
v -0.947789 -2.011236 -0.196832
v -0.947789 -2.085637 -0.196832
v -0.950089 -2.085637 -0.193332
v -0.950089 -2.011236 -0.193332
v -0.953089 -2.085637 -0.190432
v -0.953089 -2.011236 -0.190432
v -0.956589 -2.011236 -0.188132
v -0.956589 -2.085637 -0.188132
v -0.960489 -2.085637 -0.186532
v -0.960489 -2.011236 -0.186532
v -0.964589 -2.011236 -0.185832
v -0.964589 -2.085637 -0.185832
v -0.968789 -2.011236 -0.185832
v -0.968789 -2.085637 -0.185832
v -0.972889 -2.085637 -0.186732
v -0.972889 -2.011236 -0.186732
v -0.973489 -1.993037 -0.216732
v -0.975489 -1.992837 -0.214632
v -0.976689 -2.011236 -0.188332
v -0.976689 -2.085637 -0.188332
v -0.979589 -1.995537 -0.204432
v -0.979389 -1.996836 -0.201832
v -0.967089 -1.986037 -0.191532
v -0.965189 -1.984037 -0.192332
v -0.954189 -2.005237 -0.214632
v -0.955389 -2.003536 -0.216732
v -0.964189 -2.009237 -0.194432
v -0.961689 -2.010036 -0.195732
v -0.979289 -1.994337 -0.207032
v -0.963589 -1.996836 -0.220732
v -0.961089 -1.998337 -0.220432
v -0.954489 -2.010036 -0.204332
v -0.955689 -2.010536 -0.201832
v -0.975989 -2.001736 -0.195732
v -0.977589 -2.000036 -0.197432
v -0.973989 -2.003536 -0.194432
v -0.971189 -1.993536 -0.218432
v -0.953489 -2.006737 -0.212232
v -0.966789 -2.008037 -0.193632
v -0.978489 -1.993536 -0.209732
v -0.958889 -2.000036 -0.219632
v -0.957389 -2.010736 -0.199432
v -0.978689 -1.998337 -0.199532
v -0.968689 -1.994337 -0.219632
v -0.953289 -2.008037 -0.209732
v -0.969289 -2.006737 -0.193432
v -0.977189 -1.993037 -0.212332
v -0.956989 -2.001736 -0.218432
v -0.959389 -2.010536 -0.197432
v -0.966089 -1.995537 -0.220432
v -0.953689 -2.009237 -0.207032
v -0.971789 -2.005237 -0.193732
v -0.971989 -1.996237 -0.192732
v -0.972289 -1.998737 -0.194032
v -0.972189 -2.001137 -0.195832
v -0.971689 -2.003136 -0.197732
v -0.970789 -2.004837 -0.199932
v -0.969589 -2.006136 -0.202232
v -0.968089 -2.006836 -0.204632
v -0.966289 -2.007137 -0.206932
v -0.964289 -2.006836 -0.209032
v -0.962289 -2.006136 -0.210932
v -0.960189 -2.004837 -0.212532
v -0.958189 -2.003136 -0.213832
v -0.956389 -2.001137 -0.214632
v -0.954689 -1.998737 -0.215032
v -0.953289 -1.996237 -0.214932
v -0.952189 -1.993637 -0.214432
v -0.951489 -1.990937 -0.213432
v -0.951189 -1.988437 -0.212132
v -0.951289 -1.986037 -0.210432
v -0.951789 -1.984037 -0.208432
v -0.952689 -1.982337 -0.206232
v -0.953889 -1.981037 -0.203932
v -0.955389 -1.980337 -0.201532
v -0.957189 -1.980037 -0.199232
v -0.959089 -1.980337 -0.197132
v -0.961189 -1.981037 -0.195232
v -0.963189 -1.982337 -0.193632
v -0.968789 -1.988437 -0.191132
v -0.971189 -1.993637 -0.191732
v -0.970189 -1.990937 -0.191232
v -1.014789 -2.011236 0.044568
v -1.014789 -2.085637 0.044568
v -1.010589 -2.085637 0.044768
v -1.010589 -2.011236 0.044768
v -1.018789 -2.085637 0.043468
v -1.018789 -2.011236 0.043468
v -1.022589 -2.011236 0.041668
v -1.022589 -2.085637 0.041668
v -1.025889 -2.011236 0.039068
v -1.025889 -2.085637 0.039068
v -1.028689 -2.085637 0.035968
v -1.028689 -2.011236 0.035968
v -1.030789 -2.011236 0.032368
v -1.030789 -2.085637 0.032368
v -1.032189 -2.011236 0.028368
v -1.032189 -2.085637 0.028368
v -1.032689 -2.085637 0.024268
v -1.032689 -2.011236 0.024268
v -1.032489 -2.011236 0.020068
v -1.032489 -2.085637 0.020068
v -1.031389 -2.011236 0.016068
v -1.031389 -2.085637 0.016068
v -1.029589 -2.085637 0.012268
v -1.029589 -2.011236 0.012268
v -1.026989 -2.011236 0.008968
v -1.026989 -2.085637 0.008968
v -1.023889 -2.011236 0.006168
v -1.023889 -2.085637 0.006168
v -1.020289 -2.085637 0.004068
v -1.020289 -2.011236 0.004068
v -1.016289 -2.085637 0.002668
v -1.016289 -2.011236 0.002668
v -1.012189 -2.011236 0.002168
v -1.012189 -2.085637 0.002168
v -1.007989 -2.085637 0.002368
v -1.007989 -2.011236 0.002368
v -1.003989 -2.085637 0.003468
v -1.003989 -2.011236 0.003468
v -1.000189 -2.011236 0.005268
v -1.000189 -2.085637 0.005268
v -0.996889 -2.085637 0.007768
v -0.996889 -2.011236 0.007768
v -0.994089 -2.011236 0.010968
v -0.994089 -2.085637 0.010968
v -0.991989 -2.011236 0.014568
v -0.991989 -2.085637 0.014568
v -0.990589 -2.085637 0.018468
v -0.990589 -2.011236 0.018468
v -0.990089 -2.085637 0.022668
v -0.990089 -2.011236 0.022668
v -0.990289 -2.011236 0.026868
v -0.990289 -2.085637 0.026868
v -0.991389 -2.085637 0.030868
v -0.991389 -2.011236 0.030868
v -0.993189 -2.011236 0.034668
v -0.993189 -2.085637 0.034668
v -0.995689 -2.011236 0.037968
v -0.995689 -2.085637 0.037968
v -0.998889 -2.085637 0.040768
v -0.998889 -2.011236 0.040768
v -1.002489 -2.011236 0.042868
v -1.002489 -2.085637 0.042868
v -1.023189 -1.992837 0.023868
v -1.023089 -1.993037 0.020968
v -1.006389 -2.011236 0.044168
v -1.006389 -2.085637 0.044168
v -1.017489 -1.996836 0.035968
v -1.001489 -1.986037 0.035368
v -1.000589 -1.984037 0.033468
v -1.019289 -1.995537 0.034268
v -1.007389 -2.005237 0.009668
v -1.009589 -2.003536 0.008868
v -1.001289 -2.009237 0.031268
v -1.000289 -2.010036 0.028668
v -1.020889 -1.994337 0.032068
v -1.018389 -1.996836 0.011368
v -1.016389 -1.998337 0.009968
v -1.000689 -2.010036 0.017368
v -0.999889 -2.010536 0.020168
v -1.013089 -2.000036 0.038068
v -1.010789 -2.001736 0.038268
v -1.008489 -2.003536 0.037868
v -1.022489 -1.993536 0.018168
v -1.005289 -2.006737 0.010868
v -1.002589 -2.008037 0.033568
v -1.022089 -1.993536 0.029568
v -1.014189 -2.000036 0.009068
v -0.999589 -2.010736 0.022968
v -1.015389 -1.998337 0.037268
v -1.021489 -1.994337 0.015568
v -1.003389 -2.008037 0.012668
v -1.004389 -2.006737 0.035468
v -1.022889 -1.993037 0.026768
v -1.011989 -2.001736 0.008668
v -0.999689 -2.010536 0.025868
v -1.020089 -1.995537 0.013268
v -1.001889 -2.009237 0.014868
v -1.006389 -2.005237 0.036968
v -1.003489 -1.990937 0.037668
v -1.004689 -1.993637 0.037968
v -1.005789 -1.996237 0.037768
v -1.006989 -1.998737 0.036968
v -1.008089 -2.001137 0.035668
v -1.008989 -2.003136 0.033868
v -1.009789 -2.004837 0.031568
v -1.010489 -2.006136 0.029068
v -1.010889 -2.006836 0.026368
v -1.011189 -2.007137 0.023468
v -1.011189 -2.006836 0.020568
v -1.010889 -2.006136 0.017768
v -1.010489 -2.004837 0.015168
v -1.009789 -2.003136 0.012968
v -1.008989 -2.001137 0.011068
v -1.007989 -1.998737 0.009668
v -1.006889 -1.996237 0.008768
v -1.005789 -1.993637 0.008468
v -1.004589 -1.990937 0.008668
v -1.003489 -1.988437 0.009468
v -1.002389 -1.986037 0.010768
v -1.001389 -1.984037 0.012568
v -1.000589 -1.982337 0.014868
v -0.999989 -1.981037 0.017368
v -0.999489 -1.980337 0.020068
v -0.999289 -1.980037 0.022968
v -0.999289 -1.980337 0.025868
v -0.999489 -1.981037 0.028668
v -0.999989 -1.982337 0.031268
v -1.002389 -1.988437 0.036768
vn -0.0000 -1.0000 -0.0000
vn -0.0000 1.0000 -0.0000
vn -0.8376 -0.4837 -0.2540
vn -0.8376 -0.4836 -0.2541
vn -0.8375 -0.4838 -0.2540
vn 0.6767 -0.4835 0.5553
vn 0.6766 -0.4836 0.5553
vn 0.6767 -0.4835 0.5552
vn 0.6770 -0.4833 0.5551
vn -0.8712 -0.4834 -0.0860
vn -0.8711 -0.4836 -0.0858
vn -0.8711 -0.4836 -0.0859
vn 0.7718 -0.4838 0.4127
vn 0.7720 -0.4836 0.4125
vn 0.7719 -0.4836 0.4126
vn 0.7717 -0.4838 0.4128
vn -0.8712 -0.4834 0.0859
vn -0.8711 -0.4836 0.0858
vn -0.8711 -0.4836 0.0857
vn -0.8712 -0.4833 0.0861
vn 0.8376 -0.4836 0.2540
vn 0.8376 -0.4836 0.2541
vn 0.8375 -0.4836 0.2542
vn -0.8376 -0.4837 0.2540
vn -0.8376 -0.4836 0.2541
vn -0.8377 -0.4834 0.2541
vn -0.8374 -0.4839 0.2542
vn 0.8711 -0.4836 0.0858
vn 0.8711 -0.4836 0.0860
vn -0.7719 -0.4836 0.4126
vn -0.7719 -0.4835 0.4127
vn -0.7719 -0.4835 0.4128
vn 0.8711 -0.4837 -0.0852
vn 0.8711 -0.4836 -0.0857
vn -0.6768 -0.4836 0.5551
vn -0.6766 -0.4836 0.5552
vn -0.6766 -0.4834 0.5555
vn -0.6766 -0.4836 0.5553
vn 0.8376 -0.4837 -0.2541
vn 0.8376 -0.4836 -0.2541
vn 0.8375 -0.4836 -0.2544
vn 0.8375 -0.4837 -0.2543
vn -0.5552 -0.4834 0.6768
vn -0.5552 -0.4836 0.6767
vn -0.5554 -0.4835 0.6765
vn -0.5551 -0.4833 0.6770
vn 0.7719 -0.4835 -0.4128
vn 0.7719 -0.4836 -0.4127
vn 0.7719 -0.4836 -0.4126
vn -0.4126 -0.4835 0.7720
vn -0.4127 -0.4834 0.7720
vn -0.4128 -0.4835 0.7719
vn -0.4126 -0.4836 0.7719
vn -0.0858 -0.4836 -0.8711
vn -0.0860 -0.4836 -0.8711
vn 0.6767 -0.4835 -0.5553
vn 0.6766 -0.4836 -0.5553
vn 0.6767 -0.4836 -0.5552
vn 0.6767 -0.4837 -0.5551
vn -0.2542 -0.4834 0.8376
vn -0.2542 -0.4839 0.8374
vn -0.2543 -0.4837 0.8375
vn -0.2544 -0.4835 0.8376
vn -0.2542 -0.4836 -0.8375
vn -0.2543 -0.4837 -0.8375
vn -0.2541 -0.4837 -0.8376
vn -0.2541 -0.4836 -0.8376
vn 0.5553 -0.4835 -0.6767
vn 0.5554 -0.4836 -0.6765
vn 0.5553 -0.4836 -0.6766
vn 0.5551 -0.4833 -0.6770
vn -0.0858 -0.4835 0.8711
vn -0.0861 -0.4836 0.8710
vn -0.0859 -0.4836 0.8711
vn -0.4126 -0.4836 -0.7719
vn -0.4127 -0.4836 -0.7719
vn -0.4128 -0.4835 -0.7719
vn 0.4126 -0.4836 -0.7720
vn 0.4126 -0.4836 -0.7719
vn 0.0855 -0.4836 0.8711
vn 0.0858 -0.4836 0.8711
vn 0.0860 -0.4834 0.8712
vn 0.0852 -0.4837 0.8711
vn -0.5553 -0.4835 -0.6767
vn -0.5555 -0.4838 -0.6763
vn -0.5555 -0.4837 -0.6764
vn -0.5554 -0.4836 -0.6765
vn 0.2541 -0.4836 -0.8376
vn 0.2539 -0.4837 -0.8376
vn 0.2540 -0.4836 0.8377
vn 0.2539 -0.4835 0.8377
vn 0.2540 -0.4834 0.8377
vn 0.2541 -0.4836 0.8376
vn -0.6765 -0.4836 -0.5554
vn -0.6764 -0.4836 -0.5555
vn -0.6765 -0.4835 -0.5554
vn -0.6766 -0.4836 -0.5553
vn 0.0859 -0.4836 -0.8711
vn 0.0858 -0.4836 -0.8711
vn 0.4130 -0.4835 0.7718
vn 0.4126 -0.4836 0.7719
vn 0.4127 -0.4835 0.7719
vn 0.4127 -0.4836 0.7719
vn -0.7719 -0.4835 -0.4127
vn -0.7719 -0.4836 -0.4126
vn -0.7718 -0.4835 -0.4130
vn -0.7719 -0.4835 -0.4128
vn 0.5551 -0.4836 0.6768
vn 0.5552 -0.4836 0.6766
vn 0.5555 -0.4834 0.6766
vn 0.5550 -0.4836 0.6768
vn -0.3934 -0.9194 -0.0000
vn -0.3933 -0.9194 -0.0000
vn -0.3933 -0.9194 -0.0001
vn -0.3933 -0.9194 0.0002
vn -0.3934 -0.9194 0.0002
vn -0.3933 -0.9194 0.0001
vn -0.3930 -0.9195 -0.0000
vn -0.3931 -0.9195 0.0002
vn -0.3934 -0.9194 -0.0001
vn -0.3934 -0.9194 0.0001
vn -0.3934 -0.9194 0.0003
vn -0.3712 0.9260 0.0696
vn -0.3710 0.9260 0.0698
vn -0.3711 0.9260 0.0696
vn -0.3714 0.9259 0.0693
vn -0.4334 0.1853 0.8820
vn -0.4334 0.1852 0.8820
vn -0.4334 0.1854 0.8819
vn -0.0901 0.0385 -0.9952
vn -0.0901 0.0386 -0.9952
vn 0.7107 -0.3039 -0.6344
vn -0.2667 0.1142 0.9570
vn -0.2668 0.1142 0.9570
vn -0.2671 0.1142 0.9569
vn -0.2671 0.1142 -0.9569
vn -0.2667 0.1141 -0.9570
vn -0.2670 0.1142 -0.9569
vn -0.2670 0.1141 -0.9569
vn 0.5835 -0.2497 -0.7728
vn 0.5833 -0.2495 -0.7730
vn 0.5832 -0.2494 -0.7730
vn -0.0901 0.0385 0.9952
vn -0.4336 0.1854 -0.8818
vn -0.4337 0.1854 -0.8818
vn -0.4335 0.1854 -0.8819
vn 0.4334 -0.1854 -0.8819
vn 0.4335 -0.1854 -0.8819
vn 0.0901 -0.0385 0.9952
vn -0.5835 0.2495 -0.7729
vn -0.5835 0.2495 -0.7728
vn -0.5834 0.2495 -0.7729
vn 0.2669 -0.1142 -0.9569
vn 0.2669 -0.1141 -0.9570
vn 0.2670 -0.1143 -0.9569
vn 0.2669 -0.1142 0.9569
vn 0.2668 -0.1142 0.9570
vn 0.2670 -0.1142 0.9569
vn -0.7106 0.3041 -0.6345
vn -0.7107 0.3041 -0.6344
vn -0.7104 0.3042 -0.6347
vn -0.7105 0.3040 -0.6346
vn 0.0901 -0.0385 -0.9952
vn 0.4335 -0.1854 0.8819
vn 0.4334 -0.1853 0.8819
vn 0.4334 -0.1854 0.8819
vn -0.8106 0.3471 -0.4716
vn -0.8109 0.3469 -0.4713
vn -0.8108 0.3470 -0.4713
vn -0.8111 0.3468 -0.4710
vn 0.5832 -0.2495 0.7731
vn 0.5832 -0.2494 0.7731
vn 0.5833 -0.2495 0.7730
vn 0.5832 -0.2495 0.7730
vn -0.8799 0.3763 -0.2902
vn 0.7108 -0.3041 0.6343
vn 0.7109 -0.3041 0.6342
vn 0.7106 -0.3041 0.6344
vn -0.9150 0.3915 -0.0978
vn -0.9150 0.3914 -0.0978
vn -0.9150 0.3914 -0.0979
vn -0.9150 0.3914 -0.0980
vn 0.8108 -0.3469 0.4714
vn 0.8108 -0.3469 0.4715
vn 0.8106 -0.3466 0.4719
vn -0.9150 0.3913 0.0981
vn -0.9150 0.3914 0.0980
vn -0.9150 0.3915 0.0980
vn -0.9150 0.3914 0.0978
vn 0.8798 -0.3764 0.2902
vn 0.8798 -0.3764 0.2903
vn -0.8799 0.3763 0.2902
vn 0.9149 -0.3916 0.0980
vn 0.9150 -0.3914 0.0978
vn 0.9149 -0.3916 0.0975
vn 0.9150 -0.3914 0.0980
vn -0.8108 0.3470 0.4713
vn -0.8108 0.3469 0.4715
vn -0.8106 0.3471 0.4716
vn -0.8111 0.3468 0.4710
vn 0.9150 -0.3913 -0.0981
vn 0.9149 -0.3915 -0.0978
vn 0.9150 -0.3914 -0.0981
vn 0.9150 -0.3913 -0.0986
vn -0.7105 0.3042 0.6345
vn -0.7108 0.3041 0.6342
vn -0.7106 0.3042 0.6344
vn -0.7105 0.3044 0.6345
vn 0.8798 -0.3764 -0.2904
vn 0.8798 -0.3765 -0.2903
vn -0.5832 0.2494 0.7731
vn 0.8108 -0.3469 -0.4713
vn 0.8108 -0.3469 -0.4715
vn 0.8108 -0.3468 -0.4715
vn 0.8109 -0.3470 -0.4712
vn -0.7199 -0.5999 0.3491
vn -0.7196 -0.6002 0.3491
vn -0.7198 -0.6002 0.3487
vn -0.7196 -0.6004 0.3489
vn 0.9011 0.3816 0.2061
vn 0.9011 0.3817 0.2056
vn 0.9012 0.3816 0.2057
vn 0.9013 0.3813 0.2055
vn -0.3463 0.9153 0.2059
vn -0.3463 0.9153 0.2060
vn -0.3463 0.9153 0.2058
vn -0.3463 0.9153 0.2055
vn 0.9261 0.3709 0.0695
vn 0.9261 0.3709 0.0693
vn 0.9261 0.3709 0.0694
vn 0.9261 0.3709 0.0696
vn -0.2975 0.8942 0.3344
vn -0.2975 0.8943 0.3343
vn -0.2974 0.8943 0.3344
vn 0.9261 0.3709 -0.0692
vn 0.9261 0.3709 -0.0693
vn -0.2261 0.8641 0.4497
vn -0.2264 0.8640 0.4497
vn -0.2266 0.8640 0.4497
vn 0.9009 0.3819 -0.2062
vn 0.9011 0.3817 -0.2058
vn 0.9011 0.3815 -0.2059
vn 0.9011 0.3815 -0.2060
vn -0.1359 0.8254 0.5480
vn -0.1361 0.8253 0.5480
vn 0.8522 0.4026 -0.3341
vn 0.8525 0.4022 -0.3340
vn 0.8521 0.4028 -0.3342
vn 0.8519 0.4031 -0.3343
vn -0.0297 0.7800 0.6251
vn -0.0299 0.7799 0.6252
vn -0.0297 0.7800 0.6250
vn 0.2135 0.6758 -0.7055
vn 0.7813 0.4329 -0.4496
vn 0.7813 0.4329 -0.4497
vn 0.7813 0.4331 -0.4495
vn 0.0882 0.7293 0.6785
vn 0.0882 0.7294 0.6784
vn 0.0881 0.7293 -0.6784
vn 0.0882 0.7294 -0.6784
vn 0.6909 0.4716 -0.5480
vn 0.6909 0.4715 -0.5480
vn 0.6911 0.4714 -0.5479
vn 0.2135 0.6758 0.7055
vn 0.2132 0.6757 0.7057
vn 0.2133 0.6758 0.7056
vn -0.0299 0.7798 -0.6253
vn -0.0300 0.7797 -0.6254
vn -0.0299 0.7799 -0.6252
vn -0.0298 0.7799 -0.6252
vn 0.5847 0.5167 -0.6254
vn 0.5845 0.5167 -0.6256
vn 0.5846 0.5168 -0.6254
vn 0.5847 0.5170 -0.6252
vn 0.3414 0.6212 0.7054
vn 0.3412 0.6210 0.7056
vn 0.3413 0.6211 0.7055
vn 0.3417 0.6213 0.7051
vn -0.1361 0.8253 -0.5480
vn -0.1361 0.8254 -0.5479
vn -0.1361 0.8254 -0.5480
vn -0.1361 0.8252 -0.5482
vn 0.4665 0.5677 -0.6783
vn 0.4664 0.5678 -0.6782
vn 0.4666 0.5676 -0.6784
vn 0.4664 0.5676 0.6785
vn 0.4666 0.5675 0.6784
vn 0.4667 0.5674 0.6784
vn 0.4667 0.5677 0.6782
vn -0.2263 0.8641 -0.4496
vn -0.2264 0.8640 -0.4497
vn -0.2260 0.8642 -0.4495
vn 0.3412 0.6212 -0.7055
vn 0.3413 0.6211 -0.7055
vn 0.5847 0.5171 0.6251
vn 0.5847 0.5170 0.6251
vn 0.5845 0.5172 0.6252
vn 0.5846 0.5170 0.6252
vn -0.2970 0.8944 -0.3345
vn -0.2969 0.8944 -0.3344
vn -0.2974 0.8944 -0.3342
vn 0.6909 0.4715 0.5480
vn 0.6909 0.4716 0.5480
vn -0.3463 0.9152 -0.2059
vn -0.3463 0.9153 -0.2058
vn -0.3463 0.9153 -0.2059
vn -0.3463 0.9152 -0.2060
vn 0.7813 0.4329 0.4497
vn 0.7813 0.4328 0.4497
vn -0.3711 0.9260 -0.0696
vn -0.3708 0.9261 -0.0698
vn -0.3710 0.9260 -0.0699
vn -0.3712 0.9259 -0.0695
vn 0.8523 0.4025 0.3341
vn 0.8524 0.4025 0.3339
vn 0.8523 0.4025 0.3340
vn 0.8522 0.4025 0.3342
vn -0.2670 0.1142 0.9569
vn -0.2669 0.1142 0.9569
vn -0.2668 0.1141 0.9570
vn 0.1559 -0.9748 -0.1595
vn 0.1561 -0.9747 -0.1597
vn 0.1558 -0.9748 -0.1596
vn 0.1555 -0.9750 -0.1589
vn -0.6494 -0.6304 0.4254
vn 0.1177 -0.9586 -0.2594
vn -0.5669 -0.6657 0.4853
vn -0.5670 -0.6657 0.4852
vn -0.3780 -0.7465 -0.5476
vn -0.3782 -0.7464 -0.5476
vn -0.3780 -0.7464 -0.5478
vn -0.3780 -0.7465 -0.5475
vn 0.0627 -0.9350 -0.3492
vn 0.0627 -0.9350 -0.3491
vn 0.0626 -0.9350 -0.3492
vn -0.4753 -0.7048 0.5266
vn -0.4753 -0.7049 0.5266
vn -0.4753 -0.7049 0.5265
vn -0.4752 -0.7049 -0.5266
vn -0.4753 -0.7049 -0.5266
vn -0.4752 -0.7048 -0.5266
vn -0.4752 -0.7048 -0.5267
vn -0.0075 -0.9050 -0.4254
vn -0.3780 -0.7464 0.5477
vn -0.3780 -0.7465 0.5476
vn -0.3780 -0.7465 0.5475
vn -0.5669 -0.6657 -0.4852
vn -0.5669 -0.6657 -0.4853
vn -0.5669 -0.6658 -0.4852
vn -0.0899 -0.8697 -0.4853
vn -0.0900 -0.8697 -0.4853
vn -0.0900 -0.8697 -0.4854
vn -0.2790 -0.7887 0.5478
vn -0.2789 -0.7887 0.5478
vn -0.2792 -0.7888 0.5476
vn -0.2789 -0.7889 0.5476
vn -0.6494 -0.6304 -0.4254
vn -0.6494 -0.6304 -0.4253
vn -0.1816 -0.8305 -0.5266
vn -0.1816 -0.8305 0.5265
vn -0.1816 -0.8305 0.5266
vn -0.7197 -0.6003 -0.3489
vn -0.7195 -0.6005 -0.3488
vn -0.7196 -0.6003 -0.3489
vn -0.7196 -0.6003 -0.3491
vn -0.2789 -0.7889 -0.5476
vn -0.0898 -0.8697 0.4853
vn -0.0899 -0.8697 0.4853
vn -0.0900 -0.8697 0.4853
vn -0.7746 -0.5769 -0.2593
vn -0.7746 -0.5768 -0.2594
vn -0.7746 -0.5770 -0.2590
vn -0.0077 -0.9050 0.4254
vn -0.0076 -0.9049 0.4255
vn -0.0071 -0.9049 0.4256
vn -0.0075 -0.9050 0.4254
vn -0.8125 -0.5606 -0.1598
vn -0.8129 -0.5601 -0.1597
vn -0.8125 -0.5606 -0.1597
vn -0.8125 -0.5607 -0.1597
vn 0.0626 -0.9350 0.3491
vn 0.0626 -0.9350 0.3492
vn -0.8319 -0.5524 -0.0539
vn -0.8318 -0.5525 -0.0539
vn -0.8319 -0.5523 -0.0539
vn -0.8319 -0.5523 -0.0540
vn 0.1177 -0.9586 0.2594
vn -0.8320 -0.5522 0.0540
vn -0.8320 -0.5521 0.0541
vn -0.8319 -0.5522 0.0540
vn -0.8319 -0.5523 0.0539
vn 0.1556 -0.9749 0.1595
vn 0.1555 -0.9749 0.1596
vn 0.1556 -0.9748 0.1597
vn 0.1556 -0.9748 0.1598
vn -0.8124 -0.5608 0.1597
vn -0.8124 -0.5608 0.1596
vn -0.8125 -0.5607 0.1597
vn -0.8125 -0.5606 0.1599
vn 0.1749 -0.9831 0.0541
vn 0.1751 -0.9831 0.0540
vn 0.1748 -0.9831 0.0541
vn 0.1748 -0.9831 0.0540
vn -0.7743 -0.5773 0.2592
vn -0.7744 -0.5771 0.2594
vn -0.7745 -0.5769 0.2594
vn -0.7746 -0.5768 0.2594
vn 0.1749 -0.9831 -0.0539
vn 0.1745 -0.9832 -0.0540
vn 0.1749 -0.9831 -0.0540
vn 0.1750 -0.9831 -0.0539
vn 0.4672 0.5718 0.6743
vn 0.4672 0.5719 0.6743
vn 0.4672 0.5720 0.6742
vn 0.4673 0.5718 0.6743
vn -0.2670 0.1143 -0.9569
vn 0.5835 -0.2495 -0.7729
vn 0.5832 -0.2495 -0.7731
vn 0.5837 -0.2495 -0.7727
vn -0.0903 0.0386 0.9952
vn -0.0903 0.0387 0.9952
vn -0.0900 0.0386 0.9952
vn -0.4334 0.1854 -0.8820
vn -0.4333 0.1854 -0.8820
vn 0.0900 -0.0386 0.9952
vn 0.0904 -0.0387 0.9952
vn 0.0903 -0.0387 0.9952
vn -0.5832 0.2495 -0.7730
vn -0.5833 0.2495 -0.7730
vn 0.2668 -0.1142 -0.9570
vn 0.2671 -0.1143 0.9569
vn 0.2669 -0.1142 0.9570
vn -0.7107 0.3044 -0.6342
vn -0.7107 0.3040 -0.6345
vn 0.0900 -0.0386 -0.9952
vn 0.0901 -0.0386 -0.9952
vn 0.0904 -0.0387 -0.9952
vn 0.0903 -0.0387 -0.9952
vn -0.8108 0.3471 -0.4714
vn -0.8108 0.3468 -0.4715
vn -0.8108 0.3469 -0.4715
vn -0.8108 0.3473 -0.4711
vn 0.5836 -0.2495 0.7728
vn -0.8799 0.3763 -0.2900
vn -0.8799 0.3764 -0.2901
vn 0.7108 -0.3041 0.6342
vn -0.9150 0.3914 -0.0981
vn -0.9149 0.3915 -0.0979
vn 0.8109 -0.3468 0.4714
vn 0.8107 -0.3469 0.4716
vn -0.9150 0.3912 0.0984
vn -0.9150 0.3914 0.0981
vn 0.8798 -0.3763 0.2905
vn -0.8799 0.3763 0.2900
vn -0.8800 0.3763 0.2897
vn -0.8799 0.3764 0.2902
vn -0.8798 0.3764 0.2902
vn 0.9150 -0.3915 0.0978
vn 0.9150 -0.3914 0.0981
vn 0.9150 -0.3912 0.0984
vn -0.8108 0.3471 0.4714
vn -0.8108 0.3473 0.4711
vn -0.8108 0.3468 0.4715
vn 0.9150 -0.3914 -0.0979
vn 0.9150 -0.3914 -0.0980
vn 0.9149 -0.3915 -0.0982
vn -0.7107 0.3044 0.6342
vn -0.7107 0.3041 0.6344
vn 0.8799 -0.3764 -0.2901
vn 0.8800 -0.3763 -0.2897
vn 0.8797 -0.3765 -0.2905
vn 0.8798 -0.3764 -0.2903
vn -0.5832 0.2495 0.7731
vn -0.5832 0.2495 0.7730
vn -0.5830 0.2494 0.7733
vn 0.8107 -0.3469 -0.4717
vn 0.8108 -0.3469 -0.4714
vn 0.8109 -0.3469 -0.4713
vn -0.4335 0.1854 0.8819
vn -0.0903 0.0386 -0.9952
vn -0.0903 0.0387 -0.9952
vn 0.7108 -0.3041 -0.6342
vn 0.2939 -0.8224 0.4871
vn 0.2939 -0.8223 0.4872
vn 0.2939 -0.8226 0.4868
vn 0.2940 -0.8225 0.4868
vn -0.2216 0.8667 -0.4469
vn -0.2219 0.8668 -0.4466
vn -0.2215 0.8667 -0.4470
vn 0.3426 0.6252 -0.7013
vn 0.3426 0.6252 -0.7012
vn 0.3425 0.6252 -0.7013
vn 0.5845 0.5217 0.6214
vn 0.5844 0.5217 0.6215
vn 0.5846 0.5217 0.6214
vn -0.2922 0.8969 -0.3320
vn -0.2923 0.8969 -0.3320
vn 0.6900 0.4767 0.5447
vn 0.6899 0.4766 0.5448
vn 0.6900 0.4768 0.5446
vn 0.6901 0.4765 0.5447
vn -0.3410 0.9176 -0.2044
vn -0.3412 0.9174 -0.2046
vn -0.3411 0.9175 -0.2047
vn -0.3409 0.9176 -0.2046
vn 0.7799 0.4378 0.4473
vn 0.7799 0.4380 0.4471
vn 0.7800 0.4378 0.4472
vn 0.7800 0.4380 0.4469
vn -0.3657 0.9282 -0.0691
vn -0.3654 0.9283 -0.0689
vn -0.3655 0.9282 -0.0691
vn -0.3657 0.9281 -0.0692
vn 0.8506 0.4078 0.3321
vn 0.8506 0.4077 0.3322
vn 0.8503 0.4079 0.3325
vn 0.8505 0.4079 0.3322
vn -0.3657 0.9282 0.0692
vn -0.3657 0.9282 0.0691
vn -0.3654 0.9283 0.0690
vn -0.3655 0.9282 0.0692
vn 0.8991 0.3871 0.2046
vn 0.8990 0.3871 0.2046
vn -0.3408 0.9177 0.2043
vn -0.3412 0.9174 0.2049
vn -0.3409 0.9176 0.2045
vn -0.3408 0.9177 0.2044
vn 0.9238 0.3766 0.0691
vn 0.9239 0.3765 0.0689
vn 0.9238 0.3767 0.0691
vn 0.9237 0.3769 0.0692
vn -0.2920 0.8969 0.3320
vn -0.2918 0.8971 0.3318
vn -0.2921 0.8969 0.3321
vn -0.2920 0.8970 0.3320
vn 0.9238 0.3765 -0.0691
vn 0.9238 0.3766 -0.0692
vn 0.9238 0.3766 -0.0691
vn 0.9238 0.3767 -0.0691
vn -0.2217 0.8666 0.4470
vn 0.8991 0.3871 -0.2046
vn 0.8991 0.3870 -0.2046
vn 0.8991 0.3870 -0.2047
vn -0.1319 0.8282 0.5447
vn -0.1318 0.8282 0.5447
vn 0.8504 0.4080 -0.3321
vn 0.8504 0.4080 -0.3322
vn 0.8504 0.4079 -0.3322
vn 0.8504 0.4079 -0.3323
vn -0.0262 0.7830 0.6215
vn 0.2156 0.6794 -0.7014
vn 0.2156 0.6795 -0.7013
vn 0.2155 0.6793 -0.7015
vn 0.2153 0.6792 -0.7017
vn 0.7799 0.4381 -0.4470
vn 0.7799 0.4383 -0.4469
vn 0.0915 0.7327 0.6744
vn 0.0917 0.7327 0.6743
vn 0.0913 0.7326 0.6745
vn 0.0910 0.7328 -0.6744
vn 0.0907 0.7330 -0.6742
vn 0.0909 0.7327 -0.6745
vn 0.0910 0.7327 -0.6744
vn 0.6901 0.4764 -0.5448
vn 0.6901 0.4765 -0.5448
vn 0.6901 0.4765 -0.5447
vn 0.6901 0.4763 -0.5449
vn 0.2157 0.6795 0.7013
vn 0.2156 0.6795 0.7013
vn 0.2155 0.6795 0.7013
vn -0.0264 0.7829 -0.6215
vn -0.0264 0.7830 -0.6215
vn -0.0263 0.7830 -0.6214
vn -0.0263 0.7830 -0.6215
vn 0.5847 0.5217 -0.6213
vn 0.5845 0.5219 -0.6213
vn 0.5845 0.5217 -0.6215
vn 0.3423 0.6252 0.7014
vn 0.3426 0.6250 0.7015
vn 0.3425 0.6251 0.7014
vn 0.3426 0.6252 0.7013
vn -0.1319 0.8282 -0.5447
vn -0.1319 0.8282 -0.5446
vn 0.4674 0.5716 -0.6744
vn 0.4671 0.5719 -0.6743
vn 0.4672 0.5718 -0.6743
vn 0.9150 -0.3915 0.0980
vn 0.9148 -0.3918 0.0979
vn 0.9149 -0.3916 0.0978
vn -0.9546 -0.2881 -0.0754
vn -0.9546 -0.2881 -0.0753
vn -0.9546 -0.2881 -0.0752
vn -0.9546 -0.2881 -0.0755
vn 0.3706 -0.8554 0.3618
vn 0.3705 -0.8555 0.3619
vn 0.3707 -0.8554 0.3618
vn -0.9546 -0.2882 0.0753
vn -0.9546 -0.2882 0.0754
vn -0.9546 -0.2881 0.0752
vn 0.4236 -0.8780 0.2231
vn 0.4239 -0.8779 0.2229
vn 0.4236 -0.8780 0.2230
vn 0.4237 -0.8779 0.2230
vn -0.9276 -0.2999 0.2227
vn -0.9276 -0.2997 0.2229
vn 0.4508 -0.8894 0.0753
vn 0.4509 -0.8894 0.0753
vn 0.4510 -0.8893 0.0758
vn -0.8747 -0.3222 0.3619
vn -0.8746 -0.3224 0.3620
vn -0.8748 -0.3222 0.3619
vn -0.8748 -0.3220 0.3618
vn 0.4510 -0.8893 -0.0758
vn 0.4506 -0.8895 -0.0753
vn 0.4507 -0.8895 -0.0753
vn 0.4509 -0.8894 -0.0754
vn -0.7977 -0.3552 0.4874
vn -0.7977 -0.3553 0.4872
vn -0.7976 -0.3551 0.4876
vn 0.4238 -0.8779 -0.2229
vn 0.4237 -0.8779 -0.2229
vn 0.4238 -0.8779 -0.2230
vn -0.6999 -0.3971 0.5936
vn -0.6999 -0.3971 0.5937
vn 0.3710 -0.8551 -0.3620
vn 0.3705 -0.8554 -0.3619
vn 0.3710 -0.8552 -0.3620
vn 0.3710 -0.8552 -0.3619
vn -0.5848 -0.4463 0.6773
vn -0.5848 -0.4464 0.6773
vn -0.5848 -0.4463 0.6774
vn -0.3210 -0.5593 -0.7643
vn -0.3211 -0.5592 -0.7643
vn -0.3211 -0.5593 -0.7643
vn -0.3212 -0.5594 -0.7642
vn 0.2939 -0.8223 -0.4873
vn 0.2939 -0.8223 -0.4872
vn 0.2941 -0.8223 -0.4871
vn 0.2940 -0.8223 -0.4872
vn -0.4570 -0.5010 0.7350
vn -0.4571 -0.5011 0.7348
vn -0.4568 -0.5009 0.7352
vn -0.4569 -0.5011 -0.7350
vn -0.4569 -0.5010 -0.7350
vn 0.1961 -0.7804 -0.5937
vn 0.1961 -0.7804 -0.5938
vn -0.3212 -0.5594 0.7642
vn -0.5848 -0.4464 -0.6773
vn -0.5850 -0.4464 -0.6771
vn 0.0810 -0.7313 -0.6773
vn 0.0806 -0.7316 -0.6770
vn 0.0809 -0.7312 -0.6773
vn 0.0810 -0.7311 -0.6774
vn -0.1827 -0.6184 0.7644
vn -0.1827 -0.6184 0.7643
vn -0.6998 -0.3970 -0.5938
vn -0.7000 -0.3968 -0.5938
vn -0.6998 -0.3971 -0.5938
vn -0.6997 -0.3974 -0.5938
vn -0.0469 -0.6763 -0.7351
vn -0.0469 -0.6764 -0.7350
vn -0.0468 -0.6764 -0.7350
vn -0.0467 -0.6769 -0.7346
vn -0.0471 -0.6765 0.7349
vn -0.0468 -0.6765 0.7350
vn -0.0477 -0.6766 0.7349
vn -0.7977 -0.3551 -0.4873
vn -0.7976 -0.3550 -0.4876
vn -0.7978 -0.3550 -0.4874
vn -0.7978 -0.3550 -0.4873
vn -0.1827 -0.6185 -0.7643
vn -0.1827 -0.6184 -0.7643
vn -0.1828 -0.6185 -0.7642
vn 0.0810 -0.7313 0.6773
vn 0.0809 -0.7313 0.6772
vn 0.0809 -0.7313 0.6773
vn 0.0810 -0.7312 0.6773
vn -0.8745 -0.3224 -0.3624
vn -0.8746 -0.3224 -0.3621
vn -0.8746 -0.3223 -0.3623
vn 0.1962 -0.7804 0.5937
vn 0.1961 -0.7804 0.5937
vn -0.9276 -0.2997 -0.2228
vn -0.9277 -0.2997 -0.2226
vn -0.9276 -0.2998 -0.2226
vn -0.9276 -0.3000 -0.2226
vn 0.8745 0.3110 -0.3723
vn 0.8744 0.3110 -0.3723
vn -0.8105 0.3471 0.4719
vn -0.8107 0.3470 0.4716
vn -0.8107 0.3470 0.4715
vn 0.9150 -0.3915 -0.0980
vn -0.7107 0.3040 0.6345
vn -0.7106 0.3040 0.6345
vn 0.8798 -0.3763 -0.2904
vn 0.8798 -0.3763 -0.2905
vn 0.8798 -0.3765 -0.2902
vn -0.5834 0.2495 0.7729
vn -0.5835 0.2496 0.7728
vn -0.5833 0.2495 0.7730
vn 0.8107 -0.3470 -0.4716
vn 0.8107 -0.3469 -0.4715
vn -0.4332 0.1853 0.8821
vn -0.4337 0.1856 0.8818
vn -0.0902 0.0386 -0.9952
vn 0.7107 -0.3041 -0.6344
vn -0.2669 0.1141 0.9569
vn -0.2669 0.1141 0.9570
vn -0.2671 0.1144 0.9569
vn -0.2669 0.1141 -0.9569
vn -0.2668 0.1140 -0.9570
vn -0.2669 0.1141 -0.9570
vn -0.2669 0.1142 -0.9569
vn 0.5830 -0.2494 -0.7732
vn 0.5834 -0.2495 -0.7729
vn -0.0902 0.0386 0.9952
vn -0.4332 0.1853 -0.8821
vn -0.4334 0.1854 -0.8819
vn -0.4335 0.1855 -0.8818
vn 0.4332 -0.1853 -0.8821
vn 0.0901 -0.0386 0.9952
vn 0.0906 -0.0387 0.9951
vn 0.0902 -0.0386 0.9952
vn -0.5830 0.2494 -0.7732
vn 0.2671 -0.1143 -0.9569
vn 0.2668 -0.1141 -0.9570
vn 0.2672 -0.1145 0.9568
vn 0.2673 -0.1145 0.9568
vn 0.2672 -0.1144 0.9568
vn 0.2673 -0.1146 0.9568
vn -0.7108 0.3041 -0.6342
vn -0.7111 0.3042 -0.6339
vn 0.4332 -0.1853 0.8821
vn -0.8106 0.3472 -0.4715
vn -0.8107 0.3468 -0.4718
vn -0.8108 0.3469 -0.4714
vn 0.5834 -0.2495 0.7729
vn -0.8798 0.3764 -0.2903
vn -0.8798 0.3763 -0.2905
vn -0.8798 0.3763 -0.2904
vn -0.8798 0.3765 -0.2902
vn 0.7106 -0.3040 0.6345
vn -0.9149 0.3914 -0.0985
vn 0.8109 -0.3469 0.4713
vn -0.9150 0.3914 0.0982
vn -0.9150 0.3914 0.0983
vn 0.8798 -0.3763 0.2904
vn -0.8798 0.3765 0.2902
vn -0.8796 0.3769 0.2905
vn -0.8797 0.3767 0.2901
vn -0.8798 0.3764 0.2903
vn 0.2982 -0.9368 0.1830
vn 0.2983 -0.9367 0.1835
vn 0.2983 -0.9367 0.1830
vn 0.2983 -0.9368 0.1828
vn 0.0225 0.8395 0.5429
vn 0.2114 0.7087 -0.6731
vn 0.2115 0.7087 -0.6731
vn 0.2117 0.7089 -0.6728
vn 0.7921 0.3575 -0.4948
vn 0.1083 0.7781 0.6187
vn 0.1085 0.7781 0.6187
vn 0.1084 0.7781 0.6187
vn 0.1083 0.7782 -0.6186
vn 0.1085 0.7781 -0.6187
vn 0.1084 0.7782 -0.6186
vn 0.6898 0.4161 -0.5925
vn 0.2115 0.7087 0.6731
vn 0.2115 0.7086 0.6731
vn 0.0224 0.8395 -0.5429
vn 0.0225 0.8395 -0.5429
vn 0.5737 0.4840 -0.6608
vn 0.3274 0.6340 0.7006
vn -0.0443 0.8907 -0.4525
vn -0.0445 0.8906 -0.4525
vn 0.4505 0.5579 -0.6970
vn 0.4505 0.5579 0.6970
vn -0.0930 0.9306 -0.3539
vn -0.0930 0.9307 -0.3539
vn 0.3274 0.6340 -0.7006
vn 0.5737 0.4840 0.6608
vn -0.1251 0.9596 -0.2521
vn -0.1251 0.9596 -0.2522
vn 0.6898 0.4161 0.5925
vn -0.1441 0.9781 -0.1505
vn -0.1440 0.9781 -0.1505
vn 0.7921 0.3575 0.4948
vn -0.1526 0.9870 -0.0499
vn -0.1526 0.9870 -0.0500
vn -0.1526 0.9870 -0.0501
vn 0.8745 0.3110 0.3723
vn 0.8744 0.3110 0.3723
vn -0.1528 0.9870 0.0497
vn -0.1526 0.9870 0.0500
vn -0.1524 0.9871 0.0500
vn 0.9321 0.2789 0.2311
vn 0.9321 0.2788 0.2312
vn 0.9321 0.2788 0.2313
vn -0.1440 0.9781 0.1505
vn 0.9618 0.2623 0.0783
vn 0.9618 0.2623 0.0784
vn 0.9617 0.2624 0.0787
vn 0.9618 0.2625 0.0782
vn -0.1251 0.9596 0.2522
vn 0.9618 0.2623 -0.0784
vn 0.9618 0.2622 -0.0782
vn 0.9618 0.2624 -0.0784
vn -0.0930 0.9306 0.3539
vn -0.0931 0.9306 0.3540
vn 0.9321 0.2788 -0.2312
vn -0.0446 0.8907 0.4525
vn -0.0445 0.8906 0.4525
vn -0.0445 0.8907 0.4525
vn 0.8986 -0.3290 -0.2903
vn -0.8334 -0.5217 0.1825
vn -0.8332 -0.5219 0.1828
vn -0.8331 -0.5220 0.1828
vn 0.3210 -0.9451 0.0617
vn 0.3211 -0.9450 0.0617
vn -0.7888 -0.5382 0.2969
vn -0.7888 -0.5381 0.2969
vn 0.3210 -0.9451 -0.0617
vn -0.7245 -0.5617 0.3996
vn -0.7245 -0.5616 0.3997
vn -0.7244 -0.5618 0.3995
vn 0.2983 -0.9368 -0.1830
vn 0.2982 -0.9369 -0.1827
vn 0.2980 -0.9368 -0.1831
vn 0.2983 -0.9367 -0.1835
vn -0.6425 -0.5918 0.4868
vn -0.6424 -0.5919 0.4868
vn 0.2542 -0.9205 -0.2966
vn 0.2542 -0.9205 -0.2967
vn 0.2541 -0.9205 -0.2967
vn -0.5461 -0.6272 0.5553
vn -0.3254 -0.7082 -0.6266
vn -0.3255 -0.7082 -0.6265
vn -0.3253 -0.7081 -0.6267
vn 0.1897 -0.8969 -0.3995
vn 0.1897 -0.8968 -0.3996
vn -0.4390 -0.6665 0.6026
vn -0.4389 -0.6664 0.6027
vn -0.4390 -0.6664 0.6026
vn -0.4389 -0.6667 -0.6023
vn -0.4389 -0.6668 -0.6023
vn -0.4390 -0.6666 -0.6024
vn 0.1072 -0.8669 -0.4868
vn 0.1076 -0.8669 -0.4868
vn 0.1073 -0.8669 -0.4868
vn 0.1074 -0.8669 -0.4868
vn -0.3254 -0.7080 0.6268
vn -0.3254 -0.7081 0.6267
vn -0.3253 -0.7080 0.6269
vn -0.5460 -0.6271 -0.5555
vn -0.5463 -0.6270 -0.5554
vn -0.5460 -0.6272 -0.5555
vn -0.5461 -0.6272 -0.5553
vn 0.0115 -0.8316 -0.5552
vn 0.0114 -0.8313 -0.5557
vn 0.0114 -0.8315 -0.5554
vn 0.0113 -0.8316 -0.5553
vn -0.2093 -0.7506 0.6268
vn -0.2095 -0.7506 0.6267
vn -0.2092 -0.7505 0.6269
vn -0.6425 -0.5918 -0.4868
vn -0.6424 -0.5916 -0.4872
vn -0.6425 -0.5918 -0.4869
vn -0.6424 -0.5919 -0.4867
vn -0.0957 -0.7923 -0.6026
vn -0.0961 -0.7924 -0.6024
vn -0.0958 -0.7923 -0.6026
vn -0.0958 -0.7923 0.6026
vn -0.0959 -0.7922 0.6026
vn -0.7245 -0.5617 -0.3995
vn -0.7244 -0.5618 -0.3995
vn -0.2093 -0.7507 -0.6265
vn -0.2095 -0.7508 -0.6264
vn -0.2094 -0.7507 -0.6265
vn -0.2096 -0.7505 -0.6267
vn 0.0109 -0.8317 0.5551
vn 0.0112 -0.8316 0.5552
vn 0.0110 -0.8317 0.5551
vn -0.7889 -0.5381 -0.2969
vn -0.7888 -0.5383 -0.2967
vn -0.7888 -0.5382 -0.2968
vn 0.1077 -0.8669 0.4868
vn 0.1078 -0.8668 0.4868
vn -0.8332 -0.5218 -0.1828
vn -0.8333 -0.5218 -0.1827
vn -0.8335 -0.5215 -0.1826
vn 0.1898 -0.8967 0.3999
vn 0.1895 -0.8967 0.4000
vn 0.1899 -0.8968 0.3997
vn -0.8558 -0.5137 -0.0617
vn -0.8557 -0.5137 -0.0621
vn -0.8557 -0.5137 -0.0618
vn -0.8556 -0.5139 -0.0618
vn 0.2541 -0.9206 0.2967
vn 0.2542 -0.9206 0.2965
vn 0.2541 -0.9206 0.2966
vn 0.2542 -0.9206 0.2966
vn -0.8557 -0.5138 0.0618
vn -0.8557 -0.5137 0.0618
vn 0.6722 0.4089 -0.6172
vn 0.6723 0.4089 -0.6172
vn -0.5957 0.2184 0.7730
vn -0.5957 0.2184 0.7729
vn -0.5956 0.2184 0.7730
vn 0.8281 -0.3034 -0.4714
vn 0.8282 -0.3031 -0.4714
vn 0.8281 -0.3032 -0.4716
vn 0.8280 -0.3037 -0.4713
vn -0.4426 0.1622 0.8819
vn -0.4422 0.1623 0.8821
vn -0.4427 0.1622 0.8819
vn -0.4428 0.1621 0.8818
vn -0.0920 0.0337 -0.9952
vn -0.0919 0.0337 -0.9952
vn 0.7258 -0.2661 -0.6344
vn 0.7258 -0.2660 -0.6343
vn 0.7257 -0.2661 -0.6344
vn -0.2725 0.0999 0.9570
vn -0.2723 0.0999 0.9570
vn -0.2727 0.0999 0.9569
vn -0.2727 0.1000 -0.9569
vn -0.2726 0.0999 -0.9569
vn 0.5957 -0.2184 -0.7729
vn 0.5956 -0.2184 -0.7730
vn 0.5957 -0.2184 -0.7730
vn 0.5959 -0.2183 -0.7728
vn -0.0922 0.0338 0.9952
vn -0.4424 0.1621 -0.8820
vn -0.4427 0.1624 -0.8818
vn -0.4426 0.1623 -0.8819
vn -0.4423 0.1620 -0.8821
vn 0.4427 -0.1622 -0.8819
vn 0.4428 -0.1621 -0.8818
vn 0.4425 -0.1622 -0.8820
vn 0.4424 -0.1622 -0.8820
vn 0.0922 -0.0338 0.9952
vn 0.0920 -0.0337 0.9952
vn 0.0923 -0.0338 0.9952
vn -0.5955 0.2181 -0.7731
vn -0.5956 0.2181 -0.7731
vn 0.2729 -0.0999 -0.9568
vn 0.2726 -0.0999 -0.9569
vn 0.2724 -0.0998 0.9570
vn 0.2725 -0.0999 0.9569
vn 0.2722 -0.0997 0.9571
vn -0.7261 0.2659 -0.6341
vn -0.7259 0.2660 -0.6343
vn 0.0920 -0.0337 -0.9952
vn 0.0919 -0.0337 -0.9952
vn 0.0921 -0.0337 -0.9952
vn 0.4425 -0.1622 0.8820
vn 0.4428 -0.1621 0.8818
vn 0.4427 -0.1622 0.8819
vn 0.4424 -0.1622 0.8820
vn -0.8280 0.3037 -0.4714
vn -0.8280 0.3036 -0.4714
vn 0.5958 -0.2185 0.7729
vn 0.5956 -0.2184 0.7730
vn 0.5957 -0.2184 0.7729
vn 0.5958 -0.2185 0.7728
vn -0.8987 0.3291 -0.2899
vn 0.7258 -0.2658 0.6344
vn 0.7258 -0.2661 0.6344
vn 0.7260 -0.2662 0.6341
vn 0.7259 -0.2661 0.6343
vn -0.9344 0.3425 -0.0981
vn -0.9344 0.3425 -0.0980
vn -0.9343 0.3426 -0.0983
vn 0.8280 -0.3036 0.4714
vn 0.8280 -0.3037 0.4714
vn -0.9344 0.3425 0.0981
vn -0.9344 0.3425 0.0982
vn -0.9343 0.3426 0.0982
vn -0.9343 0.3428 0.0978
vn 0.8986 -0.3290 0.2903
vn 0.8985 -0.3294 0.2903
vn -0.8987 0.3291 0.2899
vn -0.8985 0.3293 0.2902
vn 0.9344 -0.3425 0.0980
vn 0.9344 -0.3426 0.0978
vn 0.9344 -0.3424 0.0983
vn -0.8280 0.3036 0.4714
vn -0.8280 0.3038 0.4713
vn 0.9344 -0.3425 -0.0981
vn 0.9344 -0.3426 -0.0979
vn 0.9344 -0.3425 -0.0982
vn 0.9344 -0.3424 -0.0983
vn -0.7256 0.2657 0.6348
vn -0.1506 -0.7276 -0.6692
vn -0.1505 -0.7276 -0.6693
vn -0.1505 -0.7277 -0.6692
vn 0.1561 0.6844 0.7122
vn -0.0545 0.8122 -0.5808
vn -0.0545 0.8123 -0.5807
vn 0.5483 0.4720 -0.6904
vn 0.5482 0.4720 -0.6904
vn 0.2828 0.6131 0.7377
vn -0.1313 0.8637 -0.4866
vn -0.1312 0.8637 -0.4867
vn -0.1312 0.8636 -0.4867
vn 0.4159 0.5411 -0.7309
vn 0.4159 0.5411 0.7309
vn -0.1880 0.9046 -0.3826
vn -0.1880 0.9046 -0.3827
vn -0.1881 0.9047 -0.3823
vn 0.2828 0.6131 -0.7377
vn 0.2828 0.6131 -0.7376
vn 0.5482 0.4720 0.6904
vn -0.2264 0.9348 -0.2737
vn -0.2266 0.9347 -0.2739
vn -0.2267 0.9346 -0.2740
vn 0.6721 0.4089 0.6173
vn 0.6722 0.4089 0.6172
vn 0.6722 0.4089 0.6173
vn -0.2499 0.9543 -0.1639
vn -0.2499 0.9543 -0.1640
vn 0.7807 0.3549 0.5143
vn -0.2606 0.9639 -0.0547
vn -0.2606 0.9639 -0.0546
vn 0.8679 0.3122 0.3864
vn -0.2605 0.9639 0.0550
vn -0.2606 0.9639 0.0546
vn 0.9288 0.2828 0.2396
vn -0.2499 0.9543 0.1640
vn -0.2499 0.9543 0.1638
vn 0.9601 0.2675 0.0814
vn 0.9601 0.2677 0.0812
vn -0.2266 0.9346 0.2740
vn -0.2266 0.9347 0.2739
vn -0.2267 0.9346 0.2740
vn 0.9601 0.2674 -0.0815
vn 0.9601 0.2677 -0.0812
vn 0.9601 0.2676 -0.0813
vn 0.9601 0.2675 -0.0812
vn -0.1877 0.9047 0.3824
vn -0.1880 0.9045 0.3827
vn -0.1878 0.9046 0.3827
vn -0.1880 0.9046 0.3827
vn 0.9288 0.2828 -0.2396
vn -0.1313 0.8636 0.4867
vn 0.8679 0.3122 -0.3864
vn 0.8679 0.3122 -0.3863
vn -0.0545 0.8123 0.5807
vn -0.0541 0.8124 0.5806
vn 0.1561 0.6844 -0.7122
vn 0.7807 0.3549 -0.5143
vn 0.0422 0.7518 0.6580
vn 0.0421 0.7518 0.6580
vn 0.0421 0.7518 -0.6580
vn 0.0423 0.7518 -0.6580
vn 0.8443 -0.2545 0.4716
vn 0.8441 -0.2545 0.4719
vn 0.8444 -0.2544 0.4715
vn 0.8444 -0.2545 0.4714
vn 0.0900 -0.8001 0.5931
vn -0.7813 -0.5376 -0.3170
vn -0.7814 -0.5375 -0.3170
vn -0.7814 -0.5376 -0.3170
vn 0.1947 -0.8318 0.5199
vn 0.1945 -0.8318 0.5199
vn 0.1947 -0.8317 0.5199
vn 0.1949 -0.8317 0.5199
vn -0.8298 -0.5229 -0.1951
vn -0.8298 -0.5229 -0.1952
vn -0.8297 -0.5229 -0.1952
vn 0.2842 -0.8586 0.4266
vn 0.2842 -0.8587 0.4265
vn 0.2841 -0.8587 0.4265
vn -0.8544 -0.5154 -0.0663
vn -0.8544 -0.5153 -0.0666
vn -0.8544 -0.5154 -0.0662
vn -0.8545 -0.5151 -0.0665
vn 0.3543 -0.8797 0.3170
vn 0.3545 -0.8797 0.3170
vn 0.3544 -0.8797 0.3170
vn 0.3542 -0.8798 0.3169
vn -0.8544 -0.5155 0.0659
vn -0.8544 -0.5154 0.0663
vn -0.8544 -0.5154 0.0659
vn 0.4025 -0.8943 0.1952
vn 0.4026 -0.8943 0.1952
vn 0.4025 -0.8944 0.1952
vn -0.8297 -0.5229 0.1953
vn -0.8297 -0.5230 0.1952
vn -0.8296 -0.5231 0.1953
vn 0.4273 -0.9017 0.0658
vn 0.4272 -0.9017 0.0659
vn 0.4272 -0.9018 0.0658
vn -0.7813 -0.5376 0.3170
vn -0.7811 -0.5377 0.3172
vn -0.7814 -0.5375 0.3171
vn -0.7814 -0.5374 0.3170
vn 0.4273 -0.9017 -0.0659
vn 0.4266 -0.9021 -0.0658
vn 0.4271 -0.9018 -0.0659
vn 0.4272 -0.9017 -0.0660
vn -0.7113 -0.5587 0.4265
vn -0.7112 -0.5590 0.4263
vn -0.7113 -0.5586 0.4266
vn 0.4024 -0.8944 -0.1952
vn -0.6222 -0.5853 0.5199
vn -0.6223 -0.5852 0.5199
vn -0.6222 -0.5854 0.5198
vn -0.6221 -0.5855 0.5198
vn 0.3543 -0.8798 -0.3170
vn 0.3541 -0.8798 -0.3170
vn 0.3545 -0.8797 -0.3170
vn -0.5170 -0.6171 0.5932
vn -0.5171 -0.6171 0.5931
vn -0.5170 -0.6173 0.5930
vn -0.5167 -0.6170 0.5935
vn -0.2766 -0.6896 -0.6693
vn -0.2765 -0.6896 -0.6693
vn -0.2764 -0.6897 -0.6692
vn 0.2843 -0.8587 -0.4265
vn 0.2843 -0.8586 -0.4266
vn 0.2842 -0.8586 -0.4266
vn -0.4004 -0.6523 0.6435
vn -0.4006 -0.6524 0.6434
vn -0.4002 -0.6522 0.6437
vn -0.4005 -0.6523 0.6436
vn -0.4006 -0.6524 -0.6434
vn -0.4005 -0.6524 -0.6434
vn -0.4005 -0.6522 -0.6435
vn -0.4007 -0.6522 -0.6435
vn 0.1948 -0.8317 -0.5200
vn 0.1947 -0.8316 -0.5201
vn 0.1948 -0.8316 -0.5201
vn 0.1949 -0.8317 -0.5199
vn -0.2768 -0.6897 0.6691
vn -0.2771 -0.6898 0.6689
vn -0.2766 -0.6895 0.6694
vn -0.5170 -0.6174 -0.5929
vn -0.5171 -0.6172 -0.5931
vn -0.5171 -0.6173 -0.5929
vn -0.5175 -0.6168 -0.5930
vn 0.0902 -0.8003 -0.5928
vn 0.0902 -0.8002 -0.5929
vn 0.0900 -0.8001 -0.5931
vn 0.0901 -0.8002 -0.5929
vn -0.1507 -0.7278 0.6691
vn -0.1505 -0.7275 0.6694
vn -0.1505 -0.7276 0.6693
vn -0.6223 -0.5852 -0.5198
vn -0.6222 -0.5853 -0.5198
vn -0.6221 -0.5854 -0.5199
vn -0.0269 -0.7650 -0.6435
vn -0.0267 -0.7649 -0.6436
vn -0.0269 -0.7650 -0.6434
vn -0.0271 -0.7651 -0.6433
vn -0.0268 -0.7650 0.6435
vn -0.0271 -0.7651 0.6434
vn -0.0267 -0.7649 0.6436
vn -0.7114 -0.5586 -0.4264
vn -0.7113 -0.5586 -0.4267
vn -0.7113 -0.5586 -0.4266
vn -0.7115 -0.5585 -0.4264
vn 0.9107 0.4059 -0.0766
vn 0.9107 0.4059 -0.0767
vn -0.9529 0.2871 0.0980
vn -0.9528 0.2872 0.0983
vn -0.9528 0.2872 0.0981
vn -0.9529 0.2870 0.0983
vn 0.9163 -0.2761 0.2902
vn 0.9162 -0.2761 0.2904
vn -0.9162 0.2761 0.2903
vn -0.9161 0.2762 0.2907
vn -0.9162 0.2760 0.2903
vn -0.9162 0.2761 0.2904
vn 0.9528 -0.2872 0.0980
vn 0.9529 -0.2873 0.0975
vn 0.9528 -0.2872 0.0979
vn 0.9528 -0.2872 0.0982
vn -0.8442 0.2546 0.4717
vn -0.8441 0.2547 0.4719
vn -0.8441 0.2547 0.4718
vn -0.8443 0.2546 0.4716
vn 0.9528 -0.2873 -0.0977
vn -0.7398 0.2232 0.6347
vn -0.7401 0.2231 0.6344
vn -0.7398 0.2231 0.6348
vn 0.9162 -0.2761 -0.2903
vn 0.9163 -0.2761 -0.2901
vn 0.9162 -0.2761 -0.2904
vn 0.9161 -0.2762 -0.2907
vn -0.6075 0.1832 0.7729
vn 0.8444 -0.2544 -0.4715
vn 0.8444 -0.2545 -0.4714
vn 0.8443 -0.2546 -0.4715
vn 0.8444 -0.2545 -0.4715
vn -0.4515 0.1361 0.8818
vn -0.4514 0.1361 0.8819
vn -0.0938 0.0283 -0.9952
vn -0.0939 0.0283 -0.9952
vn -0.0936 0.0282 -0.9952
vn 0.7401 -0.2230 -0.6344
vn 0.7401 -0.2231 -0.6344
vn -0.2779 0.0838 0.9570
vn -0.2778 0.0838 0.9570
vn -0.2781 0.0838 0.9569
vn -0.2782 0.0839 -0.9569
vn 0.6074 -0.1831 -0.7730
vn 0.6075 -0.1832 -0.7729
vn 0.6073 -0.1829 -0.7732
vn -0.0937 0.0283 0.9952
vn -0.4520 0.1363 -0.8816
vn -0.4516 0.1361 -0.8818
vn -0.4515 0.1361 -0.8818
vn 0.4514 -0.1360 -0.8819
vn 0.4513 -0.1360 -0.8820
vn 0.4515 -0.1360 -0.8819
vn 0.0937 -0.0283 0.9952
vn 0.0939 -0.0283 0.9952
vn -0.6075 0.1832 -0.7729
vn 0.2780 -0.0838 -0.9569
vn 0.2776 -0.0838 -0.9570
vn 0.2779 -0.0838 -0.9570
vn 0.2781 -0.0838 -0.9569
vn 0.2779 -0.0838 0.9569
vn 0.2778 -0.0838 0.9570
vn -0.7401 0.2232 -0.6344
vn -0.7399 0.2233 -0.6346
vn -0.7398 0.2232 -0.6347
vn -0.7400 0.2231 -0.6346
vn 0.0937 -0.0283 -0.9952
vn 0.0938 -0.0283 -0.9952
vn 0.0937 -0.0282 -0.9952
vn 0.0936 -0.0283 -0.9952
vn 0.4514 -0.1361 0.8819
vn 0.4516 -0.1362 0.8818
vn 0.4515 -0.1361 0.8818
vn -0.8444 0.2544 -0.4714
vn -0.8443 0.2545 -0.4716
vn -0.8444 0.2545 -0.4714
vn 0.6074 -0.1829 0.7731
vn 0.6076 -0.1827 0.7729
vn 0.6074 -0.1828 0.7731
vn 0.6069 -0.1830 0.7735
vn -0.9163 0.2758 -0.2903
vn -0.9162 0.2761 -0.2904
vn -0.9163 0.2761 -0.2903
vn -0.9162 0.2760 -0.2904
vn 0.7401 -0.2232 0.6344
vn 0.7401 -0.2229 0.6345
vn 0.7401 -0.2230 0.6344
vn -0.9528 0.2872 -0.0980
vn -0.9529 0.2871 -0.0981
vn -0.2085 -0.6081 -0.7660
vn -0.2085 -0.6080 -0.7660
vn -0.2084 -0.6081 -0.7660
vn -0.2083 -0.6081 -0.7660
vn -0.0542 0.9682 0.2441
vn 0.8789 0.4203 -0.2255
vn 0.8790 0.4202 -0.2255
vn -0.0372 0.9418 0.3342
vn -0.0372 0.9417 0.3343
vn 0.8175 0.4482 -0.3617
vn 0.0003 0.9039 0.4277
vn 0.0003 0.9040 0.4275
vn 0.1490 0.7969 -0.5854
vn 0.7300 0.4889 -0.4776
vn 0.0626 0.8552 0.5145
vn 0.0625 0.8552 0.5145
vn 0.0625 0.8552 -0.5145
vn 0.0625 0.8552 -0.5146
vn 0.6223 0.5404 -0.5663
vn 0.1490 0.7969 0.5854
vn 0.1491 0.7969 0.5854
vn 0.0005 0.9040 -0.4275
vn 0.0003 0.9040 -0.4275
vn 0.5016 0.6003 -0.6229
vn 0.2561 0.7324 0.6309
vn -0.0372 0.9417 -0.3343
vn 0.3765 0.6655 -0.6444
vn 0.3765 0.6655 0.6444
vn 0.3765 0.6655 0.6445
vn -0.0542 0.9682 -0.2441
vn 0.2561 0.7324 -0.6309
vn 0.5016 0.6003 0.6229
vn -0.0569 0.9850 -0.1626
vn -0.0571 0.9850 -0.1627
vn -0.0567 0.9850 -0.1628
vn 0.6223 0.5404 0.5663
vn -0.0535 0.9943 -0.0920
vn 0.7300 0.4889 0.4776
vn -0.0499 0.9983 -0.0296
vn -0.0499 0.9983 -0.0295
vn 0.8175 0.4482 0.3617
vn -0.0499 0.9983 0.0295
vn -0.0499 0.9983 0.0296
vn 0.8790 0.4202 0.2255
vn -0.0533 0.9943 0.0921
vn -0.0535 0.9943 0.0920
vn 0.9107 0.4059 0.0765
vn 0.9107 0.4059 0.0766
vn -0.0572 0.9850 0.1628
vn -0.0571 0.9850 0.1627
vn -0.0572 0.9850 0.1629
vn -0.6201 0.1337 -0.7731
vn -0.6202 0.1337 -0.7730
vn 0.4468 -0.7496 -0.4883
vn 0.4471 -0.7494 -0.4883
vn 0.4470 -0.7495 -0.4883
vn 0.4470 -0.7493 -0.4886
vn -0.3531 -0.5771 0.7364
vn -0.3527 -0.5769 0.7368
vn -0.3530 -0.5770 0.7365
vn -0.3535 -0.5773 0.7361
vn -0.3531 -0.5770 -0.7365
vn -0.3530 -0.5770 -0.7366
vn -0.3530 -0.5771 -0.7364
vn -0.3530 -0.5769 -0.7366
vn 0.3426 -0.7272 -0.5949
vn 0.3428 -0.7270 -0.5950
vn 0.3427 -0.7271 -0.5949
vn 0.3430 -0.7270 -0.5949
vn -0.2083 -0.6082 0.7660
vn -0.2081 -0.6082 0.7660
vn -0.2079 -0.6081 0.7661
vn -0.2083 -0.6081 0.7660
vn -0.4888 -0.5480 -0.6788
vn -0.4889 -0.5480 -0.6788
vn 0.2196 -0.7006 -0.6789
vn 0.2201 -0.7005 -0.6788
vn 0.2201 -0.7005 -0.6789
vn -0.0609 -0.6400 0.7660
vn -0.0608 -0.6399 0.7660
vn -0.0609 -0.6399 0.7660
vn -0.0606 -0.6398 0.7661
vn -0.6119 -0.5215 -0.5946
vn -0.6119 -0.5211 -0.5950
vn -0.6119 -0.5212 -0.5949
vn -0.6119 -0.5212 -0.5950
vn 0.0837 -0.6712 -0.7366
vn 0.0835 -0.6711 -0.7367
vn 0.0837 -0.6713 -0.7364
vn 0.0839 -0.6714 -0.7363
vn 0.0838 -0.6713 0.7364
vn 0.0838 -0.6712 0.7366
vn 0.0837 -0.6714 0.7364
vn 0.0842 -0.6712 0.7365
vn -0.7160 -0.4985 -0.4887
vn -0.7161 -0.4986 -0.4884
vn -0.7161 -0.4986 -0.4885
vn -0.7162 -0.4986 -0.4883
vn -0.0608 -0.6399 -0.7660
vn -0.0607 -0.6400 -0.7660
vn -0.0607 -0.6399 -0.7660
vn 0.2200 -0.7005 0.6789
vn 0.2202 -0.7005 0.6789
vn 0.2201 -0.7005 0.6788
vn -0.7981 -0.4810 -0.3628
vn -0.7979 -0.4811 -0.3632
vn -0.7981 -0.4811 -0.3628
vn 0.3426 -0.7271 0.5949
vn 0.3425 -0.7268 0.5954
vn 0.3427 -0.7269 0.5952
vn 0.3428 -0.7271 0.5948
vn -0.8546 -0.4689 -0.2232
vn -0.8545 -0.4690 -0.2234
vn -0.8545 -0.4690 -0.2232
vn -0.8547 -0.4688 -0.2231
vn 0.4471 -0.7496 0.4882
vn 0.4472 -0.7494 0.4883
vn 0.4473 -0.7495 0.4881
vn 0.4470 -0.7495 0.4883
vn -0.8832 -0.4629 -0.0751
vn -0.8833 -0.4627 -0.0754
vn -0.8833 -0.4626 -0.0755
vn -0.8833 -0.4626 -0.0754
vn 0.5291 -0.7671 0.3628
vn 0.5290 -0.7672 0.3628
vn -0.8833 -0.4628 0.0751
vn -0.8833 -0.4627 0.0753
vn -0.8834 -0.4625 0.0756
vn 0.5855 -0.7792 0.2236
vn 0.5855 -0.7793 0.2236
vn 0.5855 -0.7793 0.2234
vn -0.8545 -0.4689 0.2233
vn -0.8545 -0.4689 0.2235
vn -0.8545 -0.4690 0.2233
vn -0.8546 -0.4688 0.2234
vn 0.6142 -0.7855 0.0757
vn 0.6141 -0.7856 0.0758
vn 0.6142 -0.7855 0.0758
vn 0.6145 -0.7853 0.0754
vn -0.7981 -0.4809 0.3629
vn -0.7980 -0.4810 0.3630
vn -0.7981 -0.4810 0.3629
vn -0.7981 -0.4811 0.3628
vn 0.6141 -0.7856 -0.0753
vn 0.6143 -0.7855 -0.0752
vn 0.6142 -0.7856 -0.0756
vn 0.6140 -0.7857 -0.0755
vn -0.7162 -0.4985 0.4884
vn -0.7163 -0.4986 0.4882
vn -0.7162 -0.4985 0.4883
vn -0.7162 -0.4986 0.4883
vn 0.5855 -0.7792 -0.2236
vn 0.5855 -0.7793 -0.2234
vn 0.5855 -0.7793 -0.2235
vn 0.5855 -0.7793 -0.2236
vn -0.6119 -0.5215 0.5946
vn -0.6119 -0.5211 0.5950
vn 0.5290 -0.7671 -0.3628
vn 0.5291 -0.7671 -0.3628
vn -0.4888 -0.5480 0.6788
vn -0.4889 -0.5480 0.6788
vn -0.0213 0.9977 -0.0644
vn -0.0211 0.9977 -0.0645
vn 0.2838 -0.0612 -0.9569
vn 0.2837 -0.0612 -0.9570
vn 0.2838 -0.0612 0.9569
vn -0.7555 0.1630 -0.6345
vn -0.7556 0.1629 -0.6345
vn -0.7555 0.1630 -0.6346
vn -0.7554 0.1631 -0.6346
vn 0.0958 -0.0207 -0.9952
vn 0.4609 -0.0996 0.8818
vn 0.4608 -0.0993 0.8819
vn -0.8622 0.1859 -0.4713
vn -0.8620 0.1854 -0.4717
vn -0.8622 0.1857 -0.4714
vn -0.8621 0.1859 -0.4714
vn 0.6202 -0.1338 0.7730
vn 0.6201 -0.1337 0.7730
vn 0.6200 -0.1338 0.7731
vn 0.6199 -0.1339 0.7732
vn -0.9355 0.2016 -0.2902
vn -0.9355 0.2015 -0.2903
vn -0.9354 0.2017 -0.2903
vn 0.7557 -0.1628 0.6344
vn 0.7556 -0.1628 0.6345
vn 0.7557 -0.1629 0.6343
vn 0.7558 -0.1631 0.6341
vn -0.9728 0.2099 -0.0979
vn -0.9728 0.2097 -0.0981
vn -0.9728 0.2096 -0.0984
vn -0.9728 0.2100 -0.0977
vn 0.8621 -0.1863 0.4712
vn 0.8621 -0.1860 0.4714
vn -0.9728 0.2097 0.0983
vn -0.9728 0.2097 0.0981
vn -0.9728 0.2099 0.0978
vn -0.9728 0.2100 0.0976
vn 0.9355 -0.2016 0.2903
vn 0.9355 -0.2015 0.2903
vn 0.9355 -0.2017 0.2903
vn 0.9355 -0.2015 0.2901
vn -0.9353 0.2020 0.2905
vn -0.9354 0.2019 0.2903
vn -0.9354 0.2020 0.2904
vn -0.9354 0.2018 0.2904
vn 0.9729 -0.2098 0.0978
vn 0.9729 -0.2097 0.0980
vn 0.9728 -0.2097 0.0980
vn 0.9728 -0.2097 0.0981
vn -0.8620 0.1859 0.4715
vn -0.8621 0.1859 0.4714
vn -0.8621 0.1856 0.4716
vn -0.8621 0.1859 0.4715
vn 0.9728 -0.2098 -0.0980
vn 0.9728 -0.2098 -0.0979
vn 0.9728 -0.2097 -0.0981
vn -0.7557 0.1630 0.6343
vn -0.7557 0.1631 0.6343
vn -0.7558 0.1630 0.6342
vn -0.7560 0.1632 0.6339
vn 0.9354 -0.2016 -0.2904
vn 0.9355 -0.2016 -0.2903
vn 0.9354 -0.2016 -0.2905
vn 0.9353 -0.2019 -0.2906
vn -0.6202 0.1338 0.7729
vn -0.6201 0.1337 0.7731
vn 0.8621 -0.1859 -0.4713
vn 0.8622 -0.1861 -0.4711
vn 0.8621 -0.1859 -0.4714
vn -0.4606 0.0993 0.8820
vn -0.4610 0.0992 0.8818
vn -0.4608 0.0992 0.8819
vn -0.4604 0.0994 0.8821
vn -0.0958 0.0207 -0.9952
vn -0.0957 0.0207 -0.9952
vn 0.7556 -0.1631 -0.6344
vn 0.7555 -0.1629 -0.6345
vn 0.7555 -0.1632 -0.6344
vn -0.2837 0.0612 0.9570
vn -0.2838 0.0612 0.9569
vn -0.2837 0.0611 -0.9570
vn -0.2838 0.0612 -0.9569
vn -0.2836 0.0611 -0.9570
vn -0.2834 0.0610 -0.9571
vn 0.6200 -0.1337 -0.7731
vn 0.6201 -0.1337 -0.7730
vn 0.6201 -0.1336 -0.7731
vn 0.6200 -0.1333 -0.7732
vn -0.0957 0.0206 0.9952
vn -0.0958 0.0206 0.9952
vn -0.0962 0.0207 0.9951
vn -0.0961 0.0207 0.9952
vn -0.4608 0.0992 -0.8819
vn -0.4610 0.0992 -0.8818
vn -0.4606 0.0993 -0.8820
vn -0.4604 0.0994 -0.8821
vn 0.4609 -0.0996 -0.8818
vn 0.0957 -0.0206 0.9952
vn 0.0956 -0.0206 0.9952
vn 0.0958 -0.0206 0.9952
vn -0.6677 -0.7267 0.1616
vn -0.6677 -0.7266 0.1617
vn -0.6679 -0.7266 0.1613
vn 0.5677 0.7506 0.3381
vn 0.5675 0.7507 0.3383
vn -0.0211 0.9996 -0.0210
vn -0.0210 0.9996 -0.0210
vn 0.6358 0.7273 0.2586
vn 0.6358 0.7273 0.2585
vn 0.6358 0.7271 0.2588
vn -0.0210 0.9996 0.0210
vn -0.0211 0.9996 0.0210
vn 0.6844 0.7108 0.1623
vn 0.6844 0.7108 0.1622
vn -0.0210 0.9977 0.0645
vn -0.0211 0.9977 0.0645
vn -0.0211 0.9977 0.0644
vn 0.7096 0.7025 0.0549
vn 0.7097 0.7023 0.0553
vn 0.7097 0.7024 0.0551
vn -0.0191 0.9935 0.1123
vn -0.0188 0.9935 0.1120
vn 0.7097 0.7023 -0.0552
vn 0.7097 0.7023 -0.0553
vn -0.0120 0.9861 0.1655
vn 0.6845 0.7107 -0.1623
vn 0.6844 0.7108 -0.1622
vn 0.0041 0.9747 0.2236
vn 0.0042 0.9747 0.2236
vn 0.6359 0.7272 -0.2586
vn 0.6358 0.7273 -0.2585
vn 0.6357 0.7273 -0.2586
vn 0.0332 0.9583 0.2838
vn 0.0335 0.9583 0.2838
vn 0.1394 0.9100 -0.3904
vn 0.5675 0.7507 -0.3383
vn 0.5675 0.7507 -0.3382
vn 0.0780 0.9366 0.3415
vn 0.0783 0.9367 0.3413
vn 0.0784 0.9367 0.3413
vn 0.0783 0.9367 -0.3412
vn 0.0783 0.9367 -0.3413
vn 0.4848 0.7796 -0.3965
vn 0.4847 0.7796 -0.3966
vn 0.1393 0.9101 0.3903
vn 0.1394 0.9100 0.3904
vn 0.1393 0.9100 0.3904
vn 0.0335 0.9583 -0.2838
vn 0.3941 0.8120 -0.4306
vn 0.3940 0.8120 -0.4306
vn 0.3941 0.8122 -0.4302
vn 0.2152 0.8793 0.4249
vn 0.2151 0.8793 0.4249
vn 0.0043 0.9747 -0.2237
vn 0.0042 0.9747 -0.2236
vn 0.3019 0.8459 -0.4396
vn 0.3019 0.8460 -0.4395
vn 0.3019 0.8459 0.4396
vn 0.3019 0.8460 0.4395
vn 0.3019 0.8459 0.4397
vn -0.0120 0.9861 -0.1655
vn -0.0120 0.9861 -0.1656
vn 0.2153 0.8793 -0.4249
vn 0.2152 0.8793 -0.4249
vn 0.3940 0.8119 0.4307
vn 0.3940 0.8120 0.4306
vn 0.3942 0.8119 0.4306
vn -0.0191 0.9935 -0.1123
vn 0.4847 0.7796 0.3966
vn 0.4847 0.7796 0.3965
vn -0.6251 0.1084 0.7730
vn -0.6252 0.1083 0.7729
vn 0.4051 -0.9126 0.0546
vn 0.4051 -0.9126 0.0547
vn -0.6265 -0.7338 0.2629
vn -0.6264 -0.7338 0.2629
vn 0.4052 -0.9126 -0.0548
vn 0.4051 -0.9126 -0.0547
vn 0.4052 -0.9126 -0.0547
vn -0.5664 -0.7443 0.3539
vn -0.5666 -0.7442 0.3539
vn -0.5664 -0.7444 0.3538
vn -0.5665 -0.7443 0.3535
vn 0.3841 -0.9090 -0.1619
vn 0.3839 -0.9090 -0.1621
vn -0.4903 -0.7576 0.4309
vn -0.4904 -0.7575 0.4310
vn -0.4903 -0.7575 0.4310
vn -0.4904 -0.7574 0.4311
vn 0.3430 -0.9019 -0.2628
vn 0.3430 -0.9018 -0.2628
vn 0.3429 -0.9019 -0.2627
vn -0.4009 -0.7729 0.4919
vn -0.1957 -0.8085 -0.5550
vn 0.2831 -0.8914 -0.3540
vn 0.2832 -0.8913 -0.3541
vn 0.2831 -0.8914 -0.3538
vn -0.3013 -0.7904 0.5334
vn -0.3012 -0.7903 0.5335
vn -0.3013 -0.7904 0.5333
vn -0.3013 -0.7901 -0.5337
vn -0.3013 -0.7899 -0.5341
vn -0.3013 -0.7901 -0.5338
vn -0.3014 -0.7900 -0.5339
vn 0.2069 -0.8782 -0.4313
vn 0.2068 -0.8782 -0.4313
vn -0.1958 -0.8086 0.5549
vn -0.1957 -0.8085 0.5550
vn -0.1958 -0.8085 0.5549
vn -0.1959 -0.8086 0.5548
vn -0.4008 -0.7729 -0.4919
vn -0.4009 -0.7729 -0.4919
vn 0.1171 -0.8628 -0.4918
vn 0.1172 -0.8628 -0.4918
vn 0.1171 -0.8627 -0.4920
vn -0.0879 -0.8272 0.5550
vn -0.0880 -0.8272 0.5549
vn -0.0877 -0.8272 0.5550
vn -0.0880 -0.8272 0.5550
vn -0.4904 -0.7575 -0.4310
vn -0.4904 -0.7575 -0.4309
vn -0.4906 -0.7573 -0.4310
vn -0.4905 -0.7573 -0.4311
vn 0.0175 -0.8454 -0.5338
vn 0.0173 -0.8455 -0.5336
vn 0.0174 -0.8457 -0.5334
vn 0.0175 -0.8458 -0.5332
vn 0.0176 -0.8456 0.5336
vn 0.0177 -0.8455 0.5336
vn 0.0176 -0.8456 0.5335
vn -0.5665 -0.7443 -0.3537
vn -0.5666 -0.7442 -0.3538
vn -0.5664 -0.7445 -0.3535
vn -0.0880 -0.8273 -0.5549
vn -0.0880 -0.8273 -0.5548
vn -0.0880 -0.8272 -0.5549
vn -0.0880 -0.8272 -0.5550
vn 0.1174 -0.8627 0.4919
vn 0.1176 -0.8627 0.4919
vn 0.1175 -0.8627 0.4919
vn 0.1172 -0.8627 0.4919
vn -0.6264 -0.7338 -0.2629
vn -0.6263 -0.7339 -0.2629
vn 0.2069 -0.8782 0.4312
vn 0.2068 -0.8783 0.4311
vn 0.2070 -0.8781 0.4314
vn -0.6677 -0.7266 -0.1617
vn -0.6677 -0.7267 -0.1616
vn -0.6677 -0.7267 -0.1617
vn -0.6677 -0.7266 -0.1619
vn 0.2830 -0.8914 0.3539
vn 0.2829 -0.8914 0.3540
vn 0.2830 -0.8915 0.3539
vn 0.2832 -0.8914 0.3538
vn -0.6885 -0.7232 -0.0549
vn -0.6885 -0.7231 -0.0550
vn 0.3430 -0.9019 0.2628
vn 0.3429 -0.9019 0.2628
vn 0.3430 -0.9018 0.2628
vn 0.3426 -0.9019 0.2630
vn -0.6885 -0.7231 0.0549
vn -0.6886 -0.7231 0.0550
vn -0.6885 -0.7232 0.0548
vn 0.3840 -0.9090 0.1621
vn 0.3840 -0.9090 0.1622
vn 0.3841 -0.9090 0.1620
vn 0.3838 -0.9091 0.1622
vn 0.0145 0.7110 0.7031
vn 0.0146 0.7110 0.7030
vn 0.8690 -0.1507 -0.4713
vn 0.8689 -0.1510 -0.4715
vn 0.8690 -0.1507 -0.4714
vn -0.4643 0.0807 0.8820
vn -0.4644 0.0806 0.8820
vn -0.0966 0.0167 -0.9952
vn 0.7617 -0.1322 -0.6342
vn -0.2858 0.0496 0.9570
vn -0.2856 0.0496 0.9571
vn -0.2860 0.0496 0.9570
vn -0.2857 0.0496 -0.9570
vn -0.2856 0.0496 -0.9571
vn -0.2855 0.0495 -0.9571
vn -0.2858 0.0496 -0.9570
vn 0.6252 -0.1084 -0.7729
vn 0.6251 -0.1084 -0.7730
vn 0.6251 -0.1083 -0.7730
vn -0.0961 0.0167 0.9952
vn -0.4644 0.0806 -0.8820
vn -0.4643 0.0807 -0.8820
vn -0.4644 0.0806 -0.8819
vn -0.4648 0.0803 -0.8818
vn 0.4646 -0.0805 -0.8819
vn 0.4648 -0.0804 -0.8818
vn 0.4644 -0.0806 -0.8820
vn 0.0965 -0.0167 0.9952
vn 0.0967 -0.0167 0.9952
vn 0.0966 -0.0167 0.9952
vn -0.6251 0.1084 -0.7730
vn -0.6251 0.1083 -0.7730
vn -0.6249 0.1084 -0.7731
vn 0.2860 -0.0496 -0.9569
vn 0.2860 -0.0496 -0.9570
vn 0.2859 -0.0497 -0.9570
vn 0.2856 -0.0496 -0.9571
vn 0.2857 -0.0496 0.9570
vn 0.2858 -0.0496 0.9570
vn 0.2855 -0.0495 0.9571
vn 0.2856 -0.0496 0.9571
vn -0.7616 0.1321 -0.6344
vn 0.0966 -0.0167 -0.9952
vn 0.4644 -0.0806 0.8820
vn 0.4648 -0.0804 0.8818
vn 0.4646 -0.0805 0.8819
vn 0.4641 -0.0806 0.8821
vn -0.8689 0.1510 -0.4715
vn -0.8690 0.1507 -0.4714
vn 0.6250 -0.1084 0.7730
vn 0.6250 -0.1084 0.7731
vn -0.9429 0.1637 -0.2900
vn -0.9429 0.1635 -0.2903
vn -0.9429 0.1637 -0.2901
vn -0.9429 0.1638 -0.2899
vn 0.7614 -0.1323 0.6346
vn -0.9806 0.1700 -0.0980
vn -0.9805 0.1701 -0.0981
vn -0.9806 0.1700 -0.0978
vn 0.8690 -0.1507 0.4713
vn 0.8690 -0.1507 0.4714
vn 0.8689 -0.1510 0.4715
vn -0.9806 0.1700 0.0979
vn -0.9806 0.1700 0.0980
vn -0.9805 0.1701 0.0981
vn 0.9429 -0.1635 0.2903
vn 0.9428 -0.1635 0.2903
vn 0.9428 -0.1636 0.2904
vn -0.9428 0.1636 0.2904
vn -0.9429 0.1635 0.2903
vn 0.9806 -0.1701 0.0979
vn 0.9806 -0.1700 0.0980
vn -0.8690 0.1507 0.4714
vn -0.8690 0.1505 0.4713
vn -0.8689 0.1510 0.4715
vn 0.9806 -0.1699 -0.0982
vn 0.9806 -0.1699 -0.0981
vn 0.9806 -0.1701 -0.0979
vn 0.9806 -0.1700 -0.0980
vn -0.7616 0.1323 0.6344
vn -0.7617 0.1319 0.6344
vn 0.9429 -0.1635 -0.2903
vn 0.9428 -0.1634 -0.2905
vn 0.1871 -0.8770 0.4426
vn 0.1871 -0.8769 0.4427
vn -0.1644 0.8543 -0.4931
vn 0.4563 0.4998 -0.7362
vn 0.1507 0.6353 0.7574
vn -0.1948 0.9100 -0.3659
vn 0.3022 0.5638 -0.7687
vn 0.3022 0.5638 0.7687
vn -0.1909 0.9500 -0.2471
vn 0.1507 0.6353 -0.7574
vn 0.4563 0.4998 0.7362
vn -0.1663 0.9747 -0.1495
vn 0.6018 0.4452 0.6631
vn -0.1377 0.9875 -0.0767
vn 0.7292 0.4010 0.5545
vn -0.1194 0.9926 -0.0232
vn -0.1193 0.9926 -0.0232
vn 0.8311 0.3677 0.4173
vn -0.1194 0.9926 0.0232
vn 0.9020 0.3454 0.2589
vn -0.1377 0.9875 0.0767
vn 0.9384 0.3344 0.0877
vn 0.9384 0.3342 0.0877
vn 0.9384 0.3343 0.0877
vn -0.1663 0.9747 0.1495
vn 0.9384 0.3343 -0.0875
vn 0.9384 0.3342 -0.0877
vn -0.1909 0.9500 0.2471
vn 0.9020 0.3454 -0.2589
vn 0.9020 0.3454 -0.2590
vn -0.1948 0.9100 0.3659
vn 0.8311 0.3677 -0.4173
vn -0.1644 0.8543 0.4931
vn 0.0146 0.7111 -0.7030
vn 0.0146 0.7110 -0.7030
vn 0.7292 0.4010 -0.5545
vn -0.0936 0.7861 0.6110
vn -0.0936 0.7861 -0.6110
vn 0.6018 0.4452 -0.6631
vn 0.8804 -0.0501 0.4715
vn -0.4912 -0.8383 -0.2367
vn -0.4910 -0.8383 -0.2370
vn -0.4911 -0.8383 -0.2368
vn -0.4912 -0.8383 -0.2366
vn 0.2688 -0.8816 0.3880
vn 0.2690 -0.8815 0.3880
vn 0.2689 -0.8816 0.3880
vn -0.5288 -0.8361 -0.1457
vn -0.5290 -0.8360 -0.1458
vn -0.5288 -0.8362 -0.1457
vn -0.5288 -0.8362 -0.1456
vn 0.3382 -0.8854 0.3188
vn 0.3382 -0.8856 0.3184
vn 0.3379 -0.8856 0.3186
vn -0.5478 -0.8351 -0.0491
vn -0.5479 -0.8351 -0.0492
vn -0.5479 -0.8351 -0.0491
vn 0.3928 -0.8887 0.2366
vn -0.5479 -0.8351 0.0492
vn -0.5482 -0.8349 0.0494
vn 0.4303 -0.8908 0.1457
vn 0.4304 -0.8908 0.1457
vn 0.4303 -0.8909 0.1457
vn -0.5287 -0.8361 0.1460
vn -0.5285 -0.8363 0.1456
vn -0.5286 -0.8363 0.1457
vn -0.5288 -0.8361 0.1459
vn 0.4497 -0.8918 0.0493
vn 0.4495 -0.8919 0.0492
vn 0.4497 -0.8918 0.0492
vn 0.4500 -0.8916 0.0492
vn -0.4913 -0.8383 0.2365
vn -0.4912 -0.8383 0.2366
vn -0.4915 -0.8382 0.2364
vn 0.4496 -0.8919 -0.0492
vn 0.4497 -0.8918 -0.0492
vn 0.4496 -0.8919 -0.0494
vn -0.4368 -0.8412 0.3187
vn -0.4367 -0.8414 0.3184
vn -0.4366 -0.8414 0.3183
vn -0.4366 -0.8414 0.3184
vn 0.4303 -0.8909 -0.1456
vn 0.4304 -0.8908 -0.1457
vn 0.4303 -0.8908 -0.1457
vn 0.4301 -0.8910 -0.1456
vn -0.3672 -0.8453 0.3881
vn -0.3671 -0.8454 0.3880
vn 0.3928 -0.8887 -0.2366
vn -0.2856 -0.8500 0.4427
vn -0.2858 -0.8499 0.4427
vn -0.2854 -0.8500 0.4428
vn -0.0983 -0.8606 -0.4996
vn -0.0983 -0.8607 -0.4996
vn 0.3383 -0.8856 -0.3183
vn 0.3383 -0.8856 -0.3182
vn 0.3383 -0.8856 -0.3184
vn 0.3384 -0.8855 -0.3185
vn -0.1943 -0.8552 0.4806
vn -0.1942 -0.8551 0.4808
vn -0.1943 -0.8552 0.4805
vn -0.1944 -0.8553 0.4803
vn -0.1946 -0.8552 -0.4804
vn -0.1947 -0.8552 -0.4804
vn -0.1947 -0.8551 -0.4804
vn 0.2687 -0.8817 -0.3879
vn 0.2687 -0.8816 -0.3880
vn 0.2687 -0.8816 -0.3881
vn -0.0984 -0.8607 0.4996
vn -0.0983 -0.8607 0.4996
vn -0.2854 -0.8500 -0.4427
vn -0.2852 -0.8501 -0.4427
vn 0.1871 -0.8769 -0.4428
vn 0.1871 -0.8769 -0.4427
vn -0.0001 -0.8663 0.4995
vn -0.0000 -0.8663 0.4996
vn -0.0000 -0.8662 0.4996
vn -0.3671 -0.8453 -0.3882
vn -0.3667 -0.8453 -0.3885
vn -0.3671 -0.8454 -0.3881
vn -0.3671 -0.8454 -0.3880
vn 0.0961 -0.8717 -0.4805
vn 0.0963 -0.8718 -0.4804
vn 0.0960 -0.8719 -0.4803
vn 0.0960 -0.8717 0.4805
vn 0.0961 -0.8717 0.4806
vn 0.0959 -0.8717 0.4805
vn 0.0958 -0.8718 0.4804
vn -0.4367 -0.8414 -0.3184
vn -0.0000 -0.8662 -0.4996
vn -0.0000 -0.8663 -0.4996
vn -0.0000 -0.8662 -0.4997
vn 0.8332 0.5471 -0.0803
vn 0.8331 0.5472 -0.0805
vn 0.8333 0.5469 -0.0801
vn -0.9936 0.0566 0.0981
vn -0.9936 0.0566 0.0980
vn 0.9554 -0.0544 0.2904
vn 0.9554 -0.0544 0.2903
vn -0.9554 0.0544 0.2904
vn 0.9936 -0.0568 0.0980
vn 0.9936 -0.0566 0.0981
vn 0.9936 -0.0566 0.0980
vn -0.8805 0.0501 0.4715
vn 0.9936 -0.0568 -0.0981
vn 0.9936 -0.0566 -0.0981
vn 0.9936 -0.0566 -0.0980
vn 0.9936 -0.0567 -0.0980
vn -0.7717 0.0439 0.6345
vn -0.7716 0.0439 0.6346
vn -0.7718 0.0439 0.6344
vn 0.9554 -0.0544 -0.2904
vn 0.9553 -0.0544 -0.2905
vn -0.6338 0.0361 0.7726
vn -0.6335 0.0361 0.7729
vn 0.8806 -0.0501 -0.4712
vn 0.8804 -0.0501 -0.4715
vn -0.4701 0.0268 0.8822
vn -0.4705 0.0268 0.8820
vn -0.0981 0.0056 -0.9952
vn -0.0979 0.0056 -0.9952
vn -0.0978 0.0056 -0.9952
vn 0.7717 -0.0439 -0.6345
vn -0.2898 0.0165 0.9570
vn -0.2900 0.0165 0.9569
vn -0.2896 0.0165 0.9570
vn -0.2896 0.0165 -0.9570
vn -0.2897 0.0165 -0.9570
vn -0.2898 0.0165 -0.9569
vn 0.6330 -0.0360 -0.7733
vn 0.6333 -0.0361 -0.7730
vn -0.0981 0.0056 0.9952
vn -0.0980 0.0056 0.9952
vn -0.4707 0.0268 -0.8819
vn 0.4707 -0.0268 -0.8819
vn 0.0980 -0.0056 0.9952
vn 0.0978 -0.0056 0.9952
vn 0.0979 -0.0056 0.9952
vn -0.6332 0.0361 -0.7731
vn -0.6333 0.0361 -0.7730
vn 0.2897 -0.0165 -0.9570
vn 0.2898 -0.0165 -0.9569
vn 0.2897 -0.0165 0.9570
vn 0.2898 -0.0165 0.9570
vn -0.7717 0.0439 -0.6345
vn 0.0981 -0.0056 -0.9952
vn 0.0986 -0.0056 -0.9951
vn 0.0980 -0.0056 -0.9952
vn 0.4702 -0.0268 0.8822
vn -0.8805 0.0501 -0.4715
vn 0.6338 -0.0361 0.7726
vn 0.6335 -0.0361 0.7729
vn -0.9554 0.0544 -0.2904
vn 0.7718 -0.0439 0.6344
vn 0.7719 -0.0439 0.6343
vn -0.9936 0.0566 -0.0982
vn 0.3381 -0.6941 0.6356
vn 0.3380 -0.6941 0.6356
vn 0.3381 -0.6941 0.6355
vn -0.3555 0.8803 0.3141
vn 0.7986 0.5533 -0.2368
vn 0.7985 0.5534 -0.2368
vn 0.7986 0.5534 -0.2367
vn -0.3135 0.8544 0.4143
vn 0.7311 0.5659 -0.3810
vn 0.7311 0.5660 -0.3810
vn 0.7310 0.5662 -0.3808
vn -0.2478 0.8228 0.5114
vn -0.0418 0.7486 -0.6617
vn 0.6346 0.5847 -0.5054
vn 0.6345 0.5848 -0.5053
vn -0.1566 0.7869 0.5969
vn -0.1566 0.7869 -0.5969
vn 0.5146 0.6092 -0.6034
vn 0.5147 0.6091 -0.6034
vn -0.0418 0.7486 0.6617
vn -0.2478 0.8228 -0.5114
vn 0.3786 0.6388 -0.6698
vn 0.3784 0.6387 -0.6699
vn 0.0911 0.7099 0.6984
vn -0.3135 0.8544 -0.4143
vn 0.2342 0.6727 -0.7018
vn 0.2342 0.6728 0.7018
vn 0.2342 0.6727 0.7018
vn 0.2342 0.6727 0.7019
vn -0.3555 0.8803 -0.3141
vn 0.0911 0.7099 -0.6984
vn 0.3784 0.6387 0.6700
vn 0.3784 0.6387 0.6699
vn 0.3782 0.6389 0.6700
vn -0.3785 0.8998 -0.2172
vn 0.5147 0.6091 0.6034
vn 0.5147 0.6092 0.6034
vn -0.3889 0.9125 -0.1265
vn -0.3889 0.9126 -0.1265
vn 0.6344 0.5849 0.5055
vn 0.6346 0.5847 0.5054
vn 0.6345 0.5847 0.5055
vn -0.3924 0.9189 -0.0414
vn 0.7311 0.5660 0.3810
vn -0.3924 0.9189 0.0414
vn 0.7985 0.5535 0.2365
vn 0.7985 0.5535 0.2368
vn 0.7986 0.5535 0.2366
vn -0.3889 0.9125 0.1265
vn 0.8330 0.5473 0.0808
vn 0.8331 0.5472 0.0803
vn 0.8330 0.5473 0.0807
vn 0.8332 0.5471 0.0803
vn -0.3785 0.8998 0.2172
vn 0.8820 -0.0039 0.4713
vn 0.8820 -0.0039 0.4712
vn 0.8819 -0.0039 0.4714
vn -0.6372 -0.6918 -0.3397
vn -0.6374 -0.6916 -0.3397
vn -0.6370 -0.6920 -0.3397
vn -0.6370 -0.6920 -0.3398
vn 0.4554 -0.6944 0.5571
vn -0.6913 -0.6917 -0.2089
vn -0.6912 -0.6918 -0.2088
vn -0.6914 -0.6915 -0.2092
vn 0.5553 -0.6947 0.4572
vn -0.7192 -0.6913 -0.0705
vn -0.7191 -0.6913 -0.0706
vn -0.7189 -0.6915 -0.0707
vn -0.7192 -0.6913 -0.0704
vn 0.6339 -0.6949 0.3396
vn 0.6338 -0.6949 0.3397
vn 0.6338 -0.6949 0.3396
vn -0.7189 -0.6915 0.0706
vn -0.7188 -0.6916 0.0705
vn -0.7189 -0.6915 0.0707
vn -0.7191 -0.6913 0.0708
vn 0.6878 -0.6950 0.2094
vn 0.6878 -0.6950 0.2097
vn 0.6877 -0.6951 0.2096
vn 0.6879 -0.6950 0.2092
vn -0.6913 -0.6917 0.2089
vn -0.6913 -0.6917 0.2090
vn -0.6914 -0.6916 0.2091
vn 0.7153 -0.6952 0.0709
vn 0.7151 -0.6954 0.0705
vn 0.7151 -0.6954 0.0708
vn 0.7154 -0.6951 0.0707
vn -0.6370 -0.6920 0.3397
vn -0.6370 -0.6920 0.3398
vn 0.7155 -0.6951 -0.0705
vn 0.7153 -0.6952 -0.0706
vn 0.7155 -0.6951 -0.0706
vn 0.7157 -0.6948 -0.0705
vn -0.5588 -0.6919 0.4572
vn -0.5583 -0.6921 0.4575
vn 0.6878 -0.6950 -0.2094
vn 0.6879 -0.6950 -0.2092
vn 0.6878 -0.6950 -0.2093
vn 0.6878 -0.6951 -0.2093
vn -0.4591 -0.6920 0.5571
vn -0.4591 -0.6919 0.5571
vn 0.6338 -0.6949 -0.3397
vn 0.6337 -0.6950 -0.3397
vn 0.6338 -0.6949 -0.3396
vn -0.3415 -0.6924 0.6356
vn -0.3414 -0.6923 0.6357
vn -0.0725 -0.6934 -0.7169
vn -0.0726 -0.6936 -0.7167
vn -0.0724 -0.6931 -0.7172
vn 0.5554 -0.6947 -0.4572
vn 0.5553 -0.6947 -0.4572
vn 0.5554 -0.6946 -0.4572
vn -0.2106 -0.6927 0.6898
vn -0.2111 -0.6926 0.6897
vn -0.2111 -0.6927 0.6897
vn -0.2110 -0.6927 0.6897
vn -0.2108 -0.6928 -0.6897
vn -0.2108 -0.6927 -0.6897
vn -0.2107 -0.6928 -0.6897
vn -0.2103 -0.6928 -0.6897
vn 0.4555 -0.6944 -0.5571
vn 0.4554 -0.6944 -0.5571
vn 0.4554 -0.6944 -0.5572
vn 0.4554 -0.6943 -0.5573
vn -0.0725 -0.6931 0.7172
vn -0.0726 -0.6932 0.7171
vn -0.0726 -0.6931 0.7172
vn -0.0724 -0.6931 0.7172
vn -0.3417 -0.6923 -0.6356
vn -0.3415 -0.6924 -0.6356
vn -0.3416 -0.6923 -0.6356
vn -0.3417 -0.6924 -0.6355
vn 0.3380 -0.6942 -0.6356
vn 0.3377 -0.6945 -0.6353
vn 0.3382 -0.6942 -0.6354
vn 0.3379 -0.6941 -0.6356
vn 0.0689 -0.6935 0.7171
vn 0.0689 -0.6934 0.7172
vn 0.0688 -0.6932 0.7174
vn -0.4589 -0.6921 -0.5571
vn -0.4590 -0.6921 -0.5571
vn 0.2077 -0.6938 -0.6896
vn 0.2074 -0.6937 -0.6897
vn 0.2075 -0.6938 -0.6896
vn 0.2074 -0.6940 -0.6894
vn 0.2075 -0.6937 0.6897
vn 0.2074 -0.6938 0.6897
vn -0.5588 -0.6921 -0.4570
vn -0.5589 -0.6918 -0.4572
vn -0.5588 -0.6920 -0.4570
vn 0.0686 -0.6936 -0.7171
vn 0.0684 -0.6936 -0.7171
vn 0.0688 -0.6935 -0.7172
vn 0.0687 -0.6935 -0.7171
vn 0.0026 1.0000 -0.0000
vn 0.0025 1.0000 -0.0002
vn 0.0028 1.0000 -0.0000
vn 0.0023 1.0000 -0.0001
vn 0.0025 1.0000 -0.0000
vn 0.0029 1.0000 -0.0004
vn 0.0026 1.0000 -0.0001
vn 0.0025 1.0000 0.0001
vn 0.0026 1.0000 0.0001
vn 0.0029 1.0000 -0.0002
vn 0.0026 1.0000 0.0002
vn 0.0029 1.0000 0.0004
vn 0.0028 1.0000 0.0003
vn 0.0024 1.0000 0.0001
vn 0.0025 1.0000 -0.0003
vn 0.0027 1.0000 -0.0000
vn 0.0025 1.0000 0.0004
vn 0.0027 1.0000 0.0003
vn -0.9952 0.0044 0.0979
vn -0.9952 0.0044 0.0980
vn -0.9952 0.0043 0.0980
vn 0.9569 -0.0044 0.2903
vn -0.9569 0.0044 0.2903
vn 0.9952 -0.0044 0.0981
vn 0.9951 -0.0044 0.0983
vn 0.9952 -0.0044 0.0980
vn -0.8816 0.0040 0.4719
vn -0.8818 0.0039 0.4716
vn -0.8818 0.0040 0.4716
vn 0.9952 -0.0044 -0.0981
vn 0.9952 -0.0044 -0.0980
vn -0.7729 0.0029 0.6345
vn -0.7730 0.0036 0.6344
vn -0.7730 0.0034 0.6344
vn -0.7732 0.0034 0.6342
vn 0.9569 -0.0044 -0.2903
vn -0.6342 0.0029 0.7731
vn -0.6342 0.0029 0.7732
vn -0.6343 0.0029 0.7731
vn -0.6345 0.0027 0.7729
vn 0.8820 -0.0039 -0.4712
vn 0.8820 -0.0039 -0.4713
vn -0.4714 0.0021 0.8819
vn -0.4712 0.0021 0.8820
vn -0.4713 0.0020 0.8820
vn -0.4714 0.0018 0.8819
vn -0.0977 0.0004 -0.9952
vn -0.0981 0.0004 -0.9952
vn 0.7732 -0.0035 -0.6342
vn -0.2901 0.0011 0.9570
vn -0.2899 0.0009 0.9570
vn -0.2903 0.0013 0.9569
vn -0.2901 0.0011 -0.9570
vn -0.2902 0.0013 -0.9570
vn -0.2903 0.0009 -0.9569
vn 0.6344 -0.0028 -0.7730
vn 0.6340 -0.0029 -0.7733
vn 0.6343 -0.0028 -0.7731
vn -0.0980 0.0004 0.9952
vn -0.0979 0.0004 0.9952
vn -0.4714 0.0021 -0.8819
vn 0.4714 -0.0021 -0.8819
vn 0.4715 -0.0021 -0.8819
vn 0.4716 -0.0021 -0.8818
vn 0.0980 -0.0004 0.9952
vn 0.0978 -0.0004 0.9952
vn 0.0979 -0.0004 0.9952
vn 0.0983 -0.0004 0.9952
vn -0.6344 0.0028 -0.7730
vn 0.2903 -0.0013 -0.9569
vn 0.2903 -0.0013 0.9569
vn -0.7731 0.0035 -0.6343
vn -0.7730 0.0034 -0.6344
vn -0.7731 0.0034 -0.6343
vn -0.7732 0.0035 -0.6342
vn 0.0979 -0.0004 -0.9952
vn 0.0976 -0.0004 -0.9952
vn 0.4715 -0.0021 0.8818
vn 0.4716 -0.0021 0.8818
vn 0.4715 -0.0021 0.8819
vn -0.8818 0.0039 -0.4716
vn -0.8819 0.0039 -0.4715
vn 0.6344 -0.0028 0.7730
vn 0.6345 -0.0028 0.7729
vn 0.6349 -0.0029 0.7726
vn -0.9569 0.0044 -0.2903
vn 0.7729 -0.0034 0.6346
vn 0.7730 -0.0034 0.6344
vn 0.7726 -0.0035 0.6349
vn -0.9952 0.0046 -0.0977
vn 0.3579 0.9150 -0.1860
vn 0.3590 0.9147 -0.1856
vn 0.3651 0.9121 -0.1863
vn 0.3712 0.9094 -0.1877
vn 0.3777 0.9066 -0.1882
vn 0.3771 0.9069 -0.1879
vn 0.4013 0.8976 0.1826
vn 0.4017 0.8973 0.1832
vn 0.4069 0.8947 0.1844
vn 0.4136 0.8923 0.1810
vn 0.3966 0.8986 0.1879
vn 0.3947 0.8993 0.1884
vn 0.2344 0.7964 -0.5575
vn 0.2597 0.7855 -0.5618
vn 0.2597 0.7856 -0.5616
vn 0.2851 0.7748 -0.5643
vn 0.3106 0.7639 -0.5657
vn 0.3105 0.7639 -0.5657
vn 0.3818 0.9056 -0.1846
vn 0.3884 0.9028 -0.1846
vn 0.3830 0.9052 0.1841
vn 0.3845 0.9047 0.1837
vn 0.3363 0.7530 0.5657
vn 0.3362 0.7530 0.5657
vn 0.3616 0.7421 0.5643
vn 0.3617 0.7421 0.5643
vn 0.3872 0.7312 0.5616
vn 0.3871 0.7312 0.5616
vn 0.3871 0.7313 0.5616
vn 0.4122 0.7206 0.5575
vn 0.4121 0.7206 0.5576
vn 0.4122 0.7205 0.5576
vn 0.4190 0.8898 0.1809
vn 0.4191 0.8897 0.1811
vn 0.3529 0.9180 -0.1809
vn 0.3525 0.9180 -0.1814
vn -0.4110 -0.8924 -0.1862
vn -0.3997 -0.8974 -0.1868
vn -0.4034 -0.8957 -0.1870
vn -0.4110 -0.8925 -0.1859
vn -0.3622 -0.9133 0.1864
vn -0.3684 -0.9116 0.1824
vn -0.3674 -0.9122 0.1816
vn -0.3580 -0.9151 0.1857
vn -0.3907 -0.9020 -0.1836
vn -0.3980 -0.8984 -0.1855
vn -0.3729 -0.9088 0.1873
vn -0.3805 -0.9056 0.1872
vn -0.4124 -0.7205 -0.5575
vn -0.4123 -0.7205 -0.5575
vn -0.4123 -0.7205 -0.5576
vn -0.4158 -0.8906 -0.1844
vn -0.4211 -0.8880 -0.1846
vn -0.3541 -0.9168 0.1845
vn -0.3488 -0.9189 0.1842
vn -0.2344 -0.7964 0.5576
vn -0.2344 -0.7964 0.5575
vn -0.2597 -0.7855 0.5617
vn -0.2597 -0.7856 0.5616
vn -0.2851 -0.7748 0.5643
vn -0.2852 -0.7748 0.5643
vn -0.3106 -0.7639 0.5658
vn -0.3106 -0.7639 0.5657
vn -0.3106 -0.7639 0.5656
vn -0.3881 -0.9031 0.1841
vn -0.3866 -0.9038 0.1836
vn -0.3866 -0.9038 -0.1836
vn -0.3864 -0.9039 -0.1835
vn -0.3362 -0.7530 -0.5657
vn -0.3617 -0.7421 -0.5643
vn -0.3871 -0.7312 -0.5616
vn -0.3871 -0.7313 -0.5616
vn -0.4437 -0.8783 -0.1781
vn -0.4309 -0.8843 -0.1798
vn -0.4386 -0.8812 -0.1765
vn -0.4434 -0.8785 -0.1776
vn -0.3281 -0.9286 0.1735
vn -0.3364 -0.9250 0.1766
vn -0.3363 -0.9251 0.1764
vn -0.3282 -0.9285 0.1738
vn -0.4270 -0.8857 -0.1821
vn -0.4270 -0.8856 -0.1827
vn -0.3452 -0.9215 0.1779
vn -0.3441 -0.9220 0.1778
vn -0.5107 -0.6786 -0.5279
vn -0.4497 -0.8757 -0.1759
vn -0.4545 -0.8743 -0.1704
vn -0.3190 -0.9326 0.1688
vn -0.3170 -0.9329 0.1709
vn -0.1361 -0.8383 0.5279
vn -0.1360 -0.8383 0.5279
vn -0.1601 -0.8281 0.5373
vn -0.1601 -0.8281 0.5372
vn -0.1845 -0.8177 0.5452
vn -0.1845 -0.8177 0.5453
vn -0.2092 -0.8071 0.5521
vn -0.2093 -0.8071 0.5521
vn -0.2091 -0.8071 0.5522
vn -0.4375 -0.7098 -0.5521
vn -0.4374 -0.7098 -0.5521
vn -0.4622 -0.6993 -0.5453
vn -0.4866 -0.6888 -0.5373
vn -0.4866 -0.6889 -0.5373
vn -0.4727 -0.8673 -0.1560
vn -0.4631 -0.8711 -0.1635
vn -0.4682 -0.8688 -0.1611
vn -0.4769 -0.8642 -0.1604
vn -0.2979 -0.9417 0.1564
vn -0.3073 -0.9376 0.1628
vn -0.3073 -0.9376 0.1626
vn -0.2987 -0.9413 0.1573
vn -0.4579 -0.8734 -0.1659
vn -0.4583 -0.8733 -0.1654
vn -0.3161 -0.9338 0.1676
vn -0.3161 -0.9335 0.1694
vn -0.6018 -0.6397 -0.4781
vn -0.4777 -0.8647 -0.1552
vn -0.4810 -0.8634 -0.1519
vn -0.2876 -0.9448 0.1566
vn -0.2886 -0.9446 0.1564
vn -0.0449 -0.8771 0.4781
vn -0.0449 -0.8772 0.4781
vn -0.0668 -0.8678 0.4923
vn -0.0668 -0.8678 0.4925
vn -0.0668 -0.8679 0.4923
vn -0.0893 -0.8582 0.5054
vn -0.0894 -0.8583 0.5054
vn -0.1124 -0.8484 0.5173
vn -0.5343 -0.6685 -0.5173
vn -0.5343 -0.6686 -0.5172
vn -0.5574 -0.6587 -0.5054
vn -0.5799 -0.6491 -0.4923
vn -0.5800 -0.6491 -0.4923
vn -0.4999 -0.8546 -0.1406
vn -0.4928 -0.8575 -0.1474
vn -0.4965 -0.8560 -0.1441
vn -0.5028 -0.8534 -0.1376
vn -0.2700 -0.9524 0.1416
vn -0.2757 -0.9502 0.1453
vn -0.2753 -0.9502 0.1460
vn -0.2739 -0.9521 0.1362
vn -0.4856 -0.8617 -0.1471
vn -0.4845 -0.8621 -0.1487
vn -0.2823 -0.9469 0.1538
vn -0.2856 -0.9469 0.1475
vn -0.6823 -0.6054 -0.4098
vn -0.5084 -0.8509 -0.1320
vn -0.5084 -0.8509 -0.1324
vn -0.2654 -0.9546 0.1353
vn -0.2611 -0.9564 0.1307
vn 0.0356 -0.9115 0.4099
vn 0.0355 -0.9115 0.4098
vn 0.0166 -0.9034 0.4285
vn -0.0031 -0.8950 0.4461
vn -0.0237 -0.8862 0.4626
vn -0.0237 -0.8863 0.4626
vn -0.0237 -0.8862 0.4627
vn -0.6231 -0.6307 -0.4626
vn -0.6436 -0.6219 -0.4462
vn -0.6436 -0.6219 -0.4461
vn -0.6634 -0.6135 -0.4285
vn -0.5226 -0.8450 -0.1137
vn -0.5172 -0.8473 -0.1206
vn -0.5195 -0.8463 -0.1179
vn -0.5253 -0.8437 -0.1103
vn -0.2455 -0.9630 0.1116
vn -0.2500 -0.9608 0.1200
vn -0.2506 -0.9607 0.1196
vn -0.2459 -0.9628 0.1115
vn -0.5153 -0.8481 -0.1230
vn -0.5144 -0.8481 -0.1268
vn -0.2559 -0.9587 0.1245
vn -0.2586 -0.9575 0.1277
vn -0.7490 -0.5770 -0.3257
vn -0.7489 -0.5772 -0.3257
vn -0.7491 -0.5769 -0.3257
vn -0.7492 -0.5767 -0.3257
vn -0.5298 -0.8416 -0.1050
vn -0.5290 -0.8419 -0.1061
vn -0.2410 -0.9653 0.1001
vn -0.2461 -0.9640 0.1007
vn 0.1022 -0.9399 0.3258
vn 0.0869 -0.9334 0.3481
vn 0.0708 -0.9265 0.3696
vn 0.0536 -0.9192 0.3902
vn 0.0536 -0.9192 0.3901
vn -0.7004 -0.5977 -0.3901
vn -0.7005 -0.5977 -0.3901
vn -0.7175 -0.5904 -0.3696
vn -0.7175 -0.5904 -0.3695
vn -0.7337 -0.5834 -0.3482
vn -0.7336 -0.5835 -0.3483
vn -0.7337 -0.5835 -0.3481
vn -0.5407 -0.8371 -0.0827
vn -0.5365 -0.8390 -0.0904
vn -0.5383 -0.8383 -0.0870
vn -0.5426 -0.8364 -0.0775
vn -0.2268 -0.9708 0.0784
vn -0.2330 -0.9684 0.0887
vn -0.2325 -0.9685 0.0894
vn -0.2328 -0.9694 0.0779
vn -0.5307 -0.8423 -0.0940
vn -0.5301 -0.8429 -0.0927
vn -0.2419 -0.9657 0.0940
vn -0.2410 -0.9659 0.0950
vn -0.7992 -0.5556 -0.2293
vn -0.5454 -0.8351 -0.0722
vn -0.5455 -0.8350 -0.0723
vn -0.2249 -0.9717 0.0727
vn -0.2255 -0.9716 0.0721
vn 0.1525 -0.9613 0.2293
vn 0.1415 -0.9567 0.2544
vn 0.1295 -0.9515 0.2789
vn 0.1164 -0.9460 0.3027
vn 0.1164 -0.9459 0.3027
vn -0.7632 -0.5709 -0.3027
vn -0.7631 -0.5709 -0.3027
vn -0.7762 -0.5654 -0.2789
vn -0.7763 -0.5654 -0.2789
vn -0.7883 -0.5602 -0.2544
vn -0.5493 -0.8344 -0.0456
vn -0.5501 -0.8331 -0.0578
vn -0.5505 -0.8333 -0.0504
vn -0.5514 -0.8332 -0.0420
vn -0.2170 -0.9751 0.0459
vn -0.2221 -0.9737 0.0507
vn -0.2212 -0.9739 0.0502
vn -0.2174 -0.9750 0.0464
vn -0.5488 -0.8335 -0.0640
vn -0.5489 -0.8335 -0.0638
vn -0.2280 -0.9716 0.0628
vn -0.2267 -0.9720 0.0613
vn -0.8312 -0.5420 -0.1240
vn -0.8312 -0.5419 -0.1240
vn -0.8312 -0.5420 -0.1237
vn -0.5546 -0.8313 -0.0377
vn -0.5546 -0.8312 -0.0386
vn -0.2156 -0.9758 0.0366
vn -0.2161 -0.9757 0.0367
vn 0.1845 -0.9750 0.1240
vn 0.1783 -0.9723 0.1509
vn 0.1783 -0.9723 0.1510
vn 0.1708 -0.9692 0.1775
vn 0.1707 -0.9692 0.1775
vn 0.1622 -0.9655 0.2036
vn -0.8090 -0.5513 -0.2036
vn -0.8090 -0.5514 -0.2036
vn -0.8090 -0.5513 -0.2037
vn -0.8178 -0.5474 -0.1776
vn -0.8178 -0.5473 -0.1776
vn -0.8178 -0.5474 -0.1775
vn -0.8177 -0.5476 -0.1775
vn -0.8250 -0.5446 -0.1509
vn -0.8250 -0.5447 -0.1509
vn -0.5544 -0.8322 -0.0105
vn -0.5570 -0.8302 -0.0211
vn -0.5576 -0.8299 -0.0154
vn -0.5556 -0.8314 -0.0066
vn -0.2173 -0.9760 0.0111
vn -0.2115 -0.9772 0.0179
vn -0.2149 -0.9765 0.0182
vn -0.2177 -0.9760 0.0097
vn -0.5539 -0.8320 -0.0306
vn -0.5560 -0.8306 -0.0301
vn -0.2180 -0.9756 0.0248
vn -0.2176 -0.9757 0.0263
vn -0.8437 -0.5367 -0.0140
vn -0.8437 -0.5366 -0.0139
vn -0.5549 -0.8319 -0.0000
vn -0.2175 -0.9761 -0.0001
vn -0.2174 -0.9761 -0.0000
vn 0.1970 -0.9803 0.0139
vn 0.1957 -0.9798 0.0416
vn 0.1932 -0.9787 0.0693
vn 0.1895 -0.9771 0.0967
vn -0.8362 -0.5398 -0.0967
vn -0.8400 -0.5382 -0.0692
vn -0.8425 -0.5371 -0.0416
vn -0.5565 -0.8304 0.0290
vn -0.5569 -0.8304 0.0151
vn -0.5576 -0.8299 0.0193
vn -0.5545 -0.8316 0.0308
vn -0.2180 -0.9756 -0.0247
vn -0.2116 -0.9772 -0.0178
vn -0.2150 -0.9765 -0.0183
vn -0.2176 -0.9757 -0.0262
vn -0.5547 -0.8320 0.0090
vn -0.5545 -0.8322 0.0083
vn -0.2173 -0.9760 -0.0112
vn -0.2177 -0.9760 -0.0098
vn -0.8362 -0.5398 0.0967
vn -0.5545 -0.8313 0.0377
vn -0.5545 -0.8313 0.0386
vn -0.2156 -0.9758 -0.0366
vn -0.2162 -0.9757 -0.0367
vn 0.1895 -0.9771 -0.0967
vn 0.1932 -0.9787 -0.0692
vn 0.1957 -0.9798 -0.0417
vn 0.1970 -0.9803 -0.0139
vn -0.8437 -0.5367 0.0139
vn -0.8437 -0.5366 0.0139
vn -0.8436 -0.5367 0.0139
vn -0.8425 -0.5371 0.0416
vn -0.8400 -0.5382 0.0692
vn -0.5491 -0.8336 0.0605
vn -0.5505 -0.8333 0.0506
vn -0.5513 -0.8324 0.0555
vn -0.5473 -0.8344 0.0661
vn -0.2280 -0.9716 -0.0626
vn -0.2209 -0.9740 -0.0507
vn -0.2199 -0.9742 -0.0506
vn -0.2267 -0.9720 -0.0612
vn -0.5500 -0.8340 0.0440
vn -0.5499 -0.8341 0.0427
vn -0.2170 -0.9751 -0.0460
vn -0.2172 -0.9750 -0.0465
vn -0.8090 -0.5515 0.2036
vn -0.8090 -0.5514 0.2036
vn -0.8089 -0.5516 0.2036
vn -0.5455 -0.8350 0.0724
vn -0.5456 -0.8349 0.0725
vn -0.2250 -0.9716 -0.0728
vn -0.2255 -0.9716 -0.0721
vn 0.1622 -0.9655 -0.2036
vn 0.1709 -0.9692 -0.1775
vn 0.1708 -0.9692 -0.1775
vn 0.1782 -0.9724 -0.1508
vn 0.1781 -0.9724 -0.1507
vn 0.1784 -0.9723 -0.1509
vn 0.1783 -0.9723 -0.1509
vn 0.1845 -0.9750 -0.1240
vn -0.8312 -0.5419 0.1240
vn -0.8250 -0.5446 0.1509
vn -0.8177 -0.5477 0.1775
vn -0.8176 -0.5477 0.1775
vn -0.5313 -0.8421 0.0925
vn -0.5381 -0.8384 0.0862
vn -0.5370 -0.8388 0.0898
vn -0.5300 -0.8423 0.0977
vn -0.2415 -0.9659 -0.0934
vn -0.2328 -0.9685 -0.0887
vn -0.2322 -0.9685 -0.0895
vn -0.2410 -0.9659 -0.0948
vn -0.5418 -0.8365 0.0815
vn -0.5420 -0.8365 0.0809
vn -0.2266 -0.9708 -0.0785
vn -0.2330 -0.9693 -0.0781
vn -0.7631 -0.5710 0.3027
vn -0.5297 -0.8416 0.1050
vn -0.5288 -0.8420 0.1064
vn -0.2410 -0.9654 -0.1001
vn -0.2462 -0.9640 -0.1008
vn 0.1164 -0.9460 -0.3027
vn 0.1164 -0.9459 -0.3027
vn 0.1295 -0.9516 -0.2789
vn 0.1295 -0.9515 -0.2789
vn 0.1415 -0.9567 -0.2544
vn 0.1415 -0.9567 -0.2545
vn 0.1525 -0.9613 -0.2294
vn 0.1525 -0.9613 -0.2293
vn -0.7993 -0.5555 0.2293
vn -0.7992 -0.5556 0.2293
vn -0.7883 -0.5602 0.2544
vn -0.7763 -0.5654 0.2789
vn -0.5153 -0.8479 0.1243
vn -0.5197 -0.8462 0.1175
vn -0.5175 -0.8472 0.1205
vn -0.5108 -0.8500 0.1285
vn -0.2570 -0.9580 -0.1271
vn -0.2492 -0.9610 -0.1199
vn -0.2503 -0.9607 -0.1201
vn -0.2570 -0.9581 -0.1267
vn -0.5238 -0.8443 0.1130
vn -0.5240 -0.8443 0.1127
vn -0.2454 -0.9630 -0.1118
vn -0.2460 -0.9628 -0.1118
vn -0.7004 -0.5977 0.3901
vn -0.5084 -0.8509 0.1320
vn -0.5083 -0.8509 0.1324
vn -0.2617 -0.9559 -0.1335
vn -0.2615 -0.9560 -0.1329
vn 0.0536 -0.9192 -0.3902
vn 0.0536 -0.9192 -0.3901
vn 0.0708 -0.9265 -0.3696
vn 0.0869 -0.9334 -0.3480
vn 0.0869 -0.9334 -0.3481
vn 0.1021 -0.9399 -0.3259
vn 0.1022 -0.9399 -0.3258
vn -0.7489 -0.5770 0.3258
vn -0.7337 -0.5836 0.3481
vn -0.7337 -0.5835 0.3481
vn -0.7336 -0.5836 0.3481
vn -0.7176 -0.5904 0.3695
vn -0.7176 -0.5904 0.3693
vn -0.7177 -0.5904 0.3694
vn -0.4899 -0.8596 0.1454
vn -0.4963 -0.8562 0.1436
vn -0.4930 -0.8575 0.1469
vn -0.4844 -0.8617 0.1508
vn -0.2797 -0.9481 -0.1513
vn -0.2757 -0.9502 -0.1453
vn -0.2753 -0.9502 -0.1460
vn -0.2851 -0.9472 -0.1470
vn -0.5014 -0.8540 0.1390
vn -0.5015 -0.8539 0.1391
vn -0.2699 -0.9524 -0.1417
vn -0.2739 -0.9521 -0.1362
vn -0.6231 -0.6307 0.4626
vn -0.6231 -0.6307 0.4625
vn -0.4794 -0.8642 0.1530
vn -0.4792 -0.8643 0.1528
vn -0.2879 -0.9448 -0.1562
vn -0.2888 -0.9446 -0.1560
vn -0.0237 -0.8862 -0.4626
vn -0.0237 -0.8863 -0.4626
vn -0.0031 -0.8950 -0.4461
vn -0.0031 -0.8950 -0.4462
vn 0.0166 -0.9034 -0.4285
vn 0.0355 -0.9115 -0.4098
vn -0.6823 -0.6054 0.4098
vn -0.6634 -0.6134 0.4285
vn -0.6634 -0.6135 0.4285
vn -0.6436 -0.6219 0.4461
vn -0.4613 -0.8717 0.1656
vn -0.4689 -0.8684 0.1613
vn -0.4622 -0.8714 0.1647
vn -0.4550 -0.8745 0.1677
vn -0.3139 -0.9349 -0.1654
vn -0.3064 -0.9379 -0.1626
vn -0.3066 -0.9379 -0.1625
vn -0.3132 -0.9352 -0.1652
vn -0.4709 -0.8680 0.1576
vn -0.4718 -0.8676 0.1570
vn -0.2981 -0.9416 -0.1564
vn -0.2990 -0.9412 -0.1575
vn -0.5343 -0.6685 0.5173
vn -0.4529 -0.8752 0.1697
vn -0.4537 -0.8748 0.1702
vn -0.3191 -0.9326 -0.1687
vn -0.3167 -0.9330 -0.1708
vn -0.1124 -0.8484 -0.5172
vn -0.1124 -0.8484 -0.5173
vn -0.0890 -0.8582 -0.5055
vn -0.0893 -0.8582 -0.5054
vn -0.0892 -0.8582 -0.5054
vn -0.0893 -0.8583 -0.5054
vn -0.0668 -0.8678 -0.4924
vn -0.0668 -0.8678 -0.4923
vn -0.0669 -0.8678 -0.4924
vn -0.0449 -0.8771 -0.4781
vn -0.0449 -0.8772 -0.4781
vn -0.0450 -0.8772 -0.4781
vn -0.6018 -0.6397 0.4781
vn -0.5799 -0.6491 0.4923
vn -0.5574 -0.6587 0.5054
vn -0.4294 -0.8847 0.1816
vn -0.4338 -0.8838 0.1754
vn -0.4318 -0.8840 0.1792
vn -0.4255 -0.8863 0.1828
vn -0.3455 -0.9215 -0.1775
vn -0.3364 -0.9250 -0.1765
vn -0.3364 -0.9251 -0.1763
vn -0.3426 -0.9226 -0.1771
vn -0.4435 -0.8785 0.1776
vn -0.4435 -0.8784 0.1783
vn -0.3283 -0.9285 -0.1733
vn -0.3285 -0.9284 -0.1736
vn -0.4374 -0.7098 0.5521
vn -0.4374 -0.7098 0.5522
vn -0.4375 -0.7098 0.5521
vn -0.4177 -0.8894 0.1860
vn -0.4185 -0.8891 0.1854
vn -0.3526 -0.9172 -0.1857
vn -0.3533 -0.9170 -0.1853
vn -0.2093 -0.8071 -0.5521
vn -0.1845 -0.8177 -0.5453
vn -0.1845 -0.8177 -0.5452
vn -0.1601 -0.8280 -0.5373
vn -0.1601 -0.8280 -0.5374
vn -0.1601 -0.8281 -0.5373
vn -0.1361 -0.8383 -0.5280
vn -0.5107 -0.6786 0.5279
vn -0.4867 -0.6888 0.5373
vn -0.4866 -0.6888 0.5373
vn -0.4622 -0.6993 0.5453
vn -0.4620 -0.6994 0.5453
vn -0.4622 -0.6993 0.5454
vn -0.3977 -0.8986 0.1855
vn -0.4042 -0.8954 0.1867
vn -0.3998 -0.8973 0.1872
vn -0.3904 -0.9019 0.1847
vn -0.3803 -0.9058 -0.1868
vn -0.3684 -0.9115 -0.1831
vn -0.3678 -0.9119 -0.1823
vn -0.3777 -0.9064 -0.1891
vn -0.4107 -0.8926 0.1861
vn -0.4109 -0.8924 0.1862
vn -0.3595 -0.9143 -0.1869
vn -0.3600 -0.9142 -0.1862
vn -0.3360 -0.7530 0.5657
vn -0.3361 -0.7530 0.5657
vn -0.3860 -0.9041 0.1833
vn -0.3862 -0.9040 0.1834
vn -0.3885 -0.9023 -0.1870
vn -0.3883 -0.9029 -0.1847
vn -0.3106 -0.7639 -0.5657
vn -0.2850 -0.7748 -0.5643
vn -0.2849 -0.7748 -0.5644
vn -0.2851 -0.7747 -0.5644
vn -0.2851 -0.7748 -0.5643
vn -0.2597 -0.7856 -0.5616
vn -0.2344 -0.7964 -0.5575
vn -0.4124 -0.7205 0.5575
vn -0.4122 -0.7206 0.5575
vn -0.4125 -0.7205 0.5574
vn -0.3870 -0.7313 0.5616
vn -0.3871 -0.7313 0.5616
vn -0.3869 -0.7314 0.5616
vn -0.3617 -0.7421 0.5643
vn -0.3628 -0.9138 0.1824
vn -0.3723 -0.9093 0.1860
vn -0.3640 -0.9128 0.1852
vn -0.3580 -0.9158 0.1822
vn -0.4112 -0.8920 -0.1880
vn -0.4018 -0.8962 -0.1880
vn -0.4020 -0.8961 -0.1882
vn -0.4135 -0.8913 -0.1861
vn -0.3761 -0.9081 0.1839
vn -0.3759 -0.9083 0.1836
vn -0.3928 -0.9000 -0.1889
vn -0.3928 -0.9001 -0.1886
vn -0.3557 -0.9164 0.1834
vn -0.3534 -0.9181 0.1793
vn -0.4187 -0.8887 -0.1869
vn -0.4202 -0.8897 -0.1786
vn -0.3872 -0.7313 -0.5615
vn -0.3871 -0.7313 -0.5615
vn -0.3362 -0.7529 -0.5657
vn -0.3361 -0.7529 -0.5658
vn -0.3362 -0.7529 -0.5658
vn -0.3294 -0.9272 0.1784
vn -0.3372 -0.9240 0.1803
vn -0.3335 -0.9256 0.1792
vn -0.3241 -0.9298 0.1745
vn -0.4449 -0.8777 -0.1779
vn -0.4325 -0.8841 -0.1770
vn -0.4319 -0.8841 -0.1787
vn -0.4433 -0.8783 -0.1789
vn -0.3440 -0.9220 0.1777
vn -0.3456 -0.9216 0.1768
vn -0.4259 -0.8859 -0.1836
vn -0.4266 -0.8857 -0.1833
vn -0.1361 -0.8383 0.5280
vn -0.3226 -0.9309 0.1714
vn -0.3214 -0.9307 0.1748
vn -0.4520 -0.8750 -0.1736
vn -0.4519 -0.8750 -0.1734
vn -0.5106 -0.6787 -0.5279
vn -0.4374 -0.7099 -0.5521
vn -0.2094 -0.8071 0.5521
vn -0.1845 -0.8176 0.5454
vn -0.1597 -0.8283 0.5371
vn -0.2981 -0.9407 0.1621
vn -0.3056 -0.9376 0.1662
vn -0.3024 -0.9389 0.1645
vn -0.2946 -0.9422 0.1598
vn -0.4718 -0.8675 -0.1579
vn -0.4647 -0.8697 -0.1665
vn -0.4647 -0.8696 -0.1670
vn -0.4723 -0.8672 -0.1579
vn -0.3115 -0.9350 0.1694
vn -0.3115 -0.9350 0.1697
vn -0.4594 -0.8718 -0.1701
vn -0.4595 -0.8718 -0.1698
vn -0.0448 -0.8772 0.4781
vn -0.0448 -0.8771 0.4781
vn -0.2887 -0.9445 0.1565
vn -0.2887 -0.9446 0.1563
vn -0.4818 -0.8630 -0.1519
vn -0.4812 -0.8632 -0.1525
vn -0.5799 -0.6491 -0.4924
vn -0.2724 -0.9517 0.1415
vn -0.2774 -0.9493 0.1476
vn -0.2734 -0.9514 0.1420
vn -0.2665 -0.9542 0.1360
vn -0.5032 -0.8535 -0.1355
vn -0.4908 -0.8590 -0.1456
vn -0.4955 -0.8561 -0.1471
vn -0.5036 -0.8530 -0.1374
vn -0.2823 -0.9474 0.1507
vn -0.2821 -0.9475 0.1509
vn -0.4886 -0.8593 -0.1512
vn -0.4881 -0.8596 -0.1508
vn -0.2625 -0.9564 0.1282
vn -0.2667 -0.9551 0.1286
vn -0.5041 -0.8538 -0.1301
vn -0.5038 -0.8538 -0.1307
vn -0.6824 -0.6054 -0.4096
vn -0.6825 -0.6054 -0.4095
vn -0.6824 -0.6054 -0.4097
vn -0.6633 -0.6136 -0.4285
vn -0.6632 -0.6136 -0.4286
vn -0.6632 -0.6135 -0.4286
vn -0.6633 -0.6135 -0.4285
vn -0.6436 -0.6220 -0.4460
vn -0.0032 -0.8950 0.4461
vn -0.0030 -0.8950 0.4461
vn 0.0166 -0.9034 0.4286
vn -0.2505 -0.9617 0.1110
vn -0.2560 -0.9592 0.1203
vn -0.2526 -0.9608 0.1141
vn -0.2473 -0.9629 0.1077
vn -0.5196 -0.8470 -0.1122
vn -0.5169 -0.8480 -0.1170
vn -0.5166 -0.8482 -0.1168
vn -0.5217 -0.8455 -0.1141
vn -0.2605 -0.9575 0.1238
vn -0.2610 -0.9574 0.1237
vn -0.5110 -0.8506 -0.1235
vn -0.5112 -0.8506 -0.1234
vn -0.2418 -0.9645 0.1062
vn -0.2444 -0.9638 0.1069
vn -0.5290 -0.8419 -0.1066
vn -0.5290 -0.8420 -0.1058
vn -0.7490 -0.5770 -0.3258
vn -0.7489 -0.5770 -0.3258
vn -0.7338 -0.5835 -0.3480
vn -0.7337 -0.5835 -0.3482
vn -0.7338 -0.5835 -0.3481
vn -0.7175 -0.5905 -0.3695
vn 0.0708 -0.9265 0.3695
vn -0.2330 -0.9691 0.0806
vn -0.2372 -0.9673 0.0898
vn -0.2349 -0.9684 0.0844
vn -0.2309 -0.9699 0.0768
vn -0.5375 -0.8395 -0.0793
vn -0.5362 -0.8398 -0.0845
vn -0.5358 -0.8401 -0.0849
vn -0.5380 -0.8392 -0.0792
vn -0.2417 -0.9657 0.0951
vn -0.2417 -0.9658 0.0941
vn -0.5304 -0.8426 -0.0935
vn -0.5308 -0.8423 -0.0939
vn -0.2289 -0.9710 0.0688
vn -0.2287 -0.9710 0.0691
vn -0.5428 -0.8366 -0.0744
vn -0.5439 -0.8359 -0.0743
vn -0.7993 -0.5555 -0.2292
vn -0.7991 -0.5558 -0.2291
vn -0.7992 -0.5557 -0.2293
vn -0.7631 -0.5710 -0.3027
vn -0.7631 -0.5709 -0.3029
vn 0.1295 -0.9516 0.2789
vn 0.1415 -0.9567 0.2543
vn -0.2187 -0.9746 0.0483
vn -0.2220 -0.9733 0.0579
vn -0.2182 -0.9744 0.0533
vn -0.2164 -0.9753 0.0437
vn -0.5544 -0.8310 -0.0454
vn -0.5505 -0.8331 -0.0543
vn -0.5509 -0.8328 -0.0544
vn -0.5537 -0.8316 -0.0433
vn -0.2267 -0.9720 0.0612
vn -0.2272 -0.9719 0.0614
vn -0.5496 -0.8330 -0.0628
vn -0.5441 -0.8364 -0.0656
vn 0.1845 -0.9750 0.1239
vn 0.1844 -0.9750 0.1238
vn 0.1844 -0.9750 0.1239
vn -0.2194 -0.9750 0.0346
vn -0.2202 -0.9748 0.0349
vn -0.5511 -0.8337 -0.0348
vn -0.5513 -0.8335 -0.0354
vn -0.8311 -0.5420 -0.1242
vn -0.8315 -0.5415 -0.1240
vn -0.8176 -0.5477 -0.1775
vn 0.1623 -0.9655 0.2036
vn 0.1709 -0.9692 0.1775
vn -0.2135 -0.9769 0.0133
vn -0.2138 -0.9766 0.0231
vn -0.2133 -0.9769 0.0146
vn -0.2136 -0.9769 0.0048
vn -0.5588 -0.8292 -0.0085
vn -0.5533 -0.8327 -0.0199
vn -0.5546 -0.8319 -0.0216
vn -0.5587 -0.8293 -0.0091
vn -0.2179 -0.9756 0.0259
vn -0.5530 -0.8326 -0.0301
vn -0.5543 -0.8318 -0.0308
vn -0.2175 -0.9761 0.0002
vn -0.2179 -0.9760 0.0003
vn -0.5589 -0.8292 -0.0000
vn -0.8436 -0.5367 -0.0139
vn -0.8400 -0.5382 -0.0691
vn -0.8362 -0.5399 -0.0966
vn -0.8363 -0.5397 -0.0967
vn -0.8362 -0.5398 -0.0966
vn -0.8360 -0.5402 -0.0966
vn 0.1932 -0.9787 0.0692
vn 0.1957 -0.9798 0.0417
vn -0.2171 -0.9758 -0.0244
vn -0.2140 -0.9767 -0.0149
vn -0.2112 -0.9772 -0.0204
vn -0.2180 -0.9755 -0.0292
vn -0.5530 -0.8327 0.0299
vn -0.5535 -0.8326 0.0199
vn -0.5545 -0.8319 0.0214
vn -0.5543 -0.8317 0.0308
vn -0.2111 -0.9774 -0.0115
vn -0.2101 -0.9776 -0.0091
vn -0.5589 -0.8292 0.0085
vn -0.5586 -0.8294 0.0091
vn -0.2194 -0.9750 -0.0346
vn -0.2201 -0.9748 -0.0348
vn -0.5512 -0.8337 0.0349
vn -0.5514 -0.8335 0.0355
vn -0.8362 -0.5399 0.0968
vn -0.8362 -0.5398 0.0966
vn -0.8361 -0.5399 0.0967
vn -0.8400 -0.5382 0.0691
vn -0.8437 -0.5366 0.0140
vn 0.1931 -0.9787 -0.0692
vn -0.2250 -0.9726 -0.0588
vn -0.2183 -0.9745 -0.0522
vn -0.2220 -0.9733 -0.0577
vn -0.2265 -0.9718 -0.0653
vn -0.5496 -0.8330 0.0626
vn -0.5505 -0.8330 0.0543
vn -0.5509 -0.8328 0.0543
vn -0.5469 -0.8349 0.0626
vn -0.2173 -0.9750 -0.0465
vn -0.2167 -0.9751 -0.0469
vn -0.5543 -0.8311 0.0453
vn -0.5538 -0.8315 0.0438
vn 0.1623 -0.9655 -0.2036
vn -0.2281 -0.9712 -0.0682
vn -0.2284 -0.9711 -0.0687
vn -0.5429 -0.8365 0.0745
vn -0.5440 -0.8358 0.0744
vn -0.8251 -0.5445 0.1508
vn -0.8252 -0.5444 0.1507
vn -0.8311 -0.5421 0.1239
vn -0.8312 -0.5420 0.1239
vn -0.8312 -0.5420 0.1240
vn -0.8314 -0.5415 0.1244
vn -0.2380 -0.9669 -0.0915
vn -0.2352 -0.9682 -0.0849
vn -0.2372 -0.9674 -0.0894
vn -0.2411 -0.9654 -0.0995
vn -0.5303 -0.8427 0.0936
vn -0.5374 -0.8391 0.0844
vn -0.5360 -0.8400 0.0846
vn -0.5307 -0.8423 0.0940
vn -0.2322 -0.9695 -0.0785
vn -0.2325 -0.9694 -0.0785
vn -0.5375 -0.8396 0.0791
vn -0.5380 -0.8393 0.0790
vn -0.2418 -0.9645 -0.1062
vn -0.2431 -0.9641 -0.1072
vn -0.5289 -0.8420 0.1066
vn -0.5289 -0.8420 0.1058
vn -0.7632 -0.5709 0.3027
vn -0.7632 -0.5710 0.3026
vn -0.7762 -0.5654 0.2789
vn -0.7762 -0.5654 0.2790
vn -0.7882 -0.5603 0.2545
vn -0.7881 -0.5604 0.2545
vn -0.7992 -0.5556 0.2294
vn -0.7990 -0.5557 0.2297
vn 0.1524 -0.9613 -0.2293
vn 0.1414 -0.9567 -0.2543
vn 0.1295 -0.9516 -0.2788
vn -0.2589 -0.9581 -0.1224
vn -0.2517 -0.9610 -0.1146
vn -0.2566 -0.9591 -0.1193
vn -0.2611 -0.9570 -0.1261
vn -0.5109 -0.8507 0.1232
vn -0.5168 -0.8481 0.1168
vn -0.5165 -0.8483 0.1165
vn -0.5111 -0.8507 0.1230
vn -0.2491 -0.9623 -0.1088
vn -0.2493 -0.9624 -0.1081
vn -0.5194 -0.8471 0.1120
vn -0.5218 -0.8454 0.1142
vn 0.0537 -0.9192 -0.3901
vn 0.0540 -0.9194 -0.3897
vn 0.0536 -0.9192 -0.3900
vn -0.2638 -0.9561 -0.1277
vn -0.2667 -0.9551 -0.1290
vn -0.5042 -0.8538 0.1296
vn -0.5040 -0.8538 0.1302
vn -0.7003 -0.5978 0.3902
vn -0.7004 -0.5978 0.3901
vn -0.7175 -0.5904 0.3696
vn -0.7337 -0.5835 0.3482
vn -0.7490 -0.5770 0.3258
vn 0.0869 -0.9334 -0.3482
vn -0.2809 -0.9481 -0.1493
vn -0.2744 -0.9514 -0.1399
vn -0.2790 -0.9489 -0.1475
vn -0.2836 -0.9469 -0.1517
vn -0.4886 -0.8593 0.1513
vn -0.4908 -0.8591 0.1456
vn -0.4953 -0.8562 0.1471
vn -0.4881 -0.8597 0.1509
vn -0.2739 -0.9521 -0.1363
vn -0.2741 -0.9519 -0.1366
vn -0.5033 -0.8534 0.1355
vn -0.5037 -0.8529 0.1375
vn -0.2887 -0.9445 -0.1565
vn -0.2889 -0.9445 -0.1563
vn -0.4806 -0.8637 0.1519
vn -0.4806 -0.8636 0.1527
vn -0.6436 -0.6220 0.4461
vn -0.6633 -0.6135 0.4285
vn -0.3099 -0.9357 -0.1686
vn -0.3023 -0.9389 -0.1647
vn -0.3056 -0.9375 -0.1664
vn -0.3132 -0.9343 -0.1704
vn -0.4592 -0.8719 0.1699
vn -0.4656 -0.8692 0.1665
vn -0.4658 -0.8690 0.1669
vn -0.4592 -0.8720 0.1697
vn -0.2963 -0.9414 -0.1612
vn -0.2962 -0.9414 -0.1613
vn -0.4719 -0.8674 0.1578
vn -0.4725 -0.8671 0.1577
vn -0.1125 -0.8484 -0.5172
vn -0.1124 -0.8484 -0.5174
vn -0.3222 -0.9307 -0.1731
vn -0.3205 -0.9310 -0.1748
vn -0.4521 -0.8750 0.1735
vn -0.4520 -0.8750 0.1732
vn -0.5343 -0.6685 0.5174
vn -0.5577 -0.6585 0.5053
vn -0.5573 -0.6589 0.5053
vn -0.0449 -0.8772 -0.4780
vn -0.0667 -0.8678 -0.4924
vn -0.0667 -0.8678 -0.4923
vn -0.0666 -0.8679 -0.4922
vn -0.0892 -0.8583 -0.5054
vn -0.0893 -0.8582 -0.5055
vn -0.0890 -0.8583 -0.5053
vn -0.3391 -0.9232 -0.1810
vn -0.3331 -0.9258 -0.1786
vn -0.3364 -0.9243 -0.1804
vn -0.3473 -0.9201 -0.1812
vn -0.4247 -0.8866 0.1833
vn -0.4325 -0.8841 0.1770
vn -0.4320 -0.8842 0.1776
vn -0.4255 -0.8861 0.1838
vn -0.3262 -0.9283 -0.1786
vn -0.3253 -0.9288 -0.1776
vn -0.4464 -0.8775 0.1750
vn -0.4445 -0.8792 0.1715
vn -0.2094 -0.8071 -0.5521
vn -0.3558 -0.9164 -0.1831
vn -0.3536 -0.9181 -0.1790
vn -0.4195 -0.8885 0.1860
vn -0.4196 -0.8885 0.1859
vn -0.4374 -0.7099 0.5521
vn -0.4370 -0.7100 0.5521
vn -0.4866 -0.6889 0.5373
vn -0.5107 -0.6787 0.5277
vn -0.1361 -0.8383 -0.5279
vn -0.1601 -0.8281 -0.5372
vn -0.3765 -0.9081 -0.1832
vn -0.3647 -0.9125 -0.1850
vn -0.3729 -0.9089 -0.1866
vn -0.3771 -0.9078 -0.1835
vn -0.3963 -0.8987 0.1877
vn -0.4018 -0.8964 0.1873
vn -0.4017 -0.8963 0.1877
vn -0.3905 -0.9013 0.1876
vn -0.3609 -0.9147 -0.1820
vn -0.3612 -0.9147 -0.1814
vn -0.4109 -0.8922 0.1877
vn -0.4136 -0.8913 0.1861
vn -0.3106 -0.7639 -0.5656
vn -0.3362 -0.7530 0.5657
vn -0.4123 -0.7206 0.5575
vn -0.4120 -0.7207 0.5576
vn -0.4121 -0.7206 0.5576
vn -0.4123 -0.7205 0.5575
vn -0.2344 -0.7964 -0.5576
vn -0.2597 -0.7856 -0.5615
vn -0.2597 -0.7856 -0.5617
vn 0.3331 0.9263 -0.1759
vn 0.3385 0.9243 -0.1763
vn 0.3310 0.9269 -0.1771
vn 0.3237 0.9295 -0.1768
vn 0.3433 0.9224 -0.1769
vn 0.3471 0.9204 -0.1801
vn 0.4348 0.8833 0.1751
vn 0.4363 0.8826 0.1749
vn 0.4425 0.8801 0.1718
vn 0.4455 0.8786 0.1722
vn 0.4250 0.8871 0.1799
vn 0.4284 0.8857 0.1788
vn 0.1361 0.8383 -0.5279
vn 0.1601 0.8281 -0.5373
vn 0.1845 0.8177 -0.5453
vn 0.2093 0.8071 -0.5521
vn 0.4375 0.7098 0.5521
vn 0.4374 0.7099 0.5521
vn 0.4622 0.6993 0.5453
vn 0.4867 0.6888 0.5373
vn 0.4866 0.6888 0.5373
vn 0.4866 0.6888 0.5374
vn 0.5107 0.6786 0.5279
vn 0.5108 0.6786 0.5279
vn 0.4523 0.8757 0.1690
vn 0.4479 0.8775 0.1716
vn 0.3157 0.9331 -0.1720
vn 0.3160 0.9330 -0.1723
vn 0.3035 0.9391 -0.1612
vn 0.3078 0.9372 -0.1639
vn 0.3005 0.9404 -0.1594
vn 0.2962 0.9422 -0.1568
vn 0.3134 0.9351 -0.1652
vn 0.3140 0.9349 -0.1656
vn 0.4655 0.8701 0.1622
vn 0.4654 0.8700 0.1624
vn 0.4710 0.8677 0.1593
vn 0.4745 0.8661 0.1570
vn 0.4553 0.8744 0.1674
vn 0.4608 0.8720 0.1654
vn 0.0450 0.8772 -0.4781
vn 0.0449 0.8772 -0.4781
vn 0.0450 0.8771 -0.4781
vn 0.0450 0.8771 -0.4782
vn 0.0668 0.8679 -0.4923
vn 0.0668 0.8678 -0.4923
vn 0.0891 0.8582 -0.5055
vn 0.0890 0.8583 -0.5053
vn 0.0892 0.8583 -0.5054
vn 0.0893 0.8582 -0.5055
vn 0.1124 0.8484 -0.5173
vn 0.5343 0.6685 0.5174
vn 0.5342 0.6685 0.5174
vn 0.5343 0.6684 0.5175
vn 0.5343 0.6685 0.5173
vn 0.5574 0.6587 0.5054
vn 0.5577 0.6585 0.5054
vn 0.5800 0.6491 0.4923
vn 0.5799 0.6491 0.4923
vn 0.5801 0.6490 0.4922
vn 0.5800 0.6491 0.4921
vn 0.6018 0.6397 0.4781
vn 0.4792 0.8643 0.1530
vn 0.4792 0.8643 0.1532
vn 0.2913 0.9444 -0.1528
vn 0.2912 0.9443 -0.1530
vn 0.2750 0.9506 -0.1441
vn 0.2777 0.9495 -0.1461
vn 0.2712 0.9531 -0.1341
vn 0.2691 0.9535 -0.1355
vn 0.2826 0.9480 -0.1461
vn 0.2830 0.9478 -0.1470
vn 0.4951 0.8565 0.1458
vn 0.4946 0.8570 0.1451
vn 0.4997 0.8554 0.1363
vn 0.5001 0.8551 0.1366
vn 0.4845 0.8617 0.1507
vn 0.4910 0.8588 0.1464
vn -0.0355 0.9115 -0.4098
vn -0.0353 0.9115 -0.4098
vn -0.0354 0.9115 -0.4098
vn -0.0355 0.9115 -0.4097
vn -0.0166 0.9034 -0.4285
vn 0.0031 0.8950 -0.4461
vn 0.0237 0.8862 -0.4626
vn 0.6231 0.6307 0.4626
vn 0.6436 0.6219 0.4460
vn 0.6437 0.6219 0.4460
vn 0.6633 0.6135 0.4285
vn 0.6823 0.6054 0.4098
vn 0.6823 0.6054 0.4097
vn 0.5068 0.8523 0.1295
vn 0.5047 0.8531 0.1324
vn 0.2641 0.9558 -0.1295
vn 0.2663 0.9548 -0.1323
vn 0.2505 0.9613 -0.1152
vn 0.2560 0.9589 -0.1223
vn 0.2455 0.9628 -0.1129
vn 0.2463 0.9627 -0.1118
vn 0.2552 0.9589 -0.1244
vn 0.2565 0.9584 -0.1256
vn 0.5187 0.8464 0.1206
vn 0.5183 0.8466 0.1208
vn 0.5210 0.8459 0.1143
vn 0.5244 0.8448 0.1066
vn 0.5124 0.8491 0.1285
vn 0.5146 0.8485 0.1238
vn -0.1021 0.9399 -0.3259
vn -0.0869 0.9334 -0.3481
vn -0.0708 0.9265 -0.3696
vn -0.0708 0.9265 -0.3697
vn -0.0537 0.9193 -0.3899
vn -0.0537 0.9192 -0.3901
vn -0.0537 0.9192 -0.3900
vn -0.0536 0.9193 -0.3899
vn 0.7004 0.5977 0.3902
vn 0.7175 0.5904 0.3696
vn 0.7337 0.5835 0.3481
vn 0.7491 0.5768 0.3258
vn 0.7490 0.5770 0.3258
vn 0.7489 0.5770 0.3258
vn 0.5262 0.8443 0.1014
vn 0.5265 0.8440 0.1024
vn 0.2434 0.9646 -0.1013
vn 0.2453 0.9638 -0.1046
vn 0.2318 0.9688 -0.0874
vn 0.2344 0.9679 -0.0906
vn 0.2338 0.9692 -0.0772
vn 0.2324 0.9694 -0.0788
vn 0.2395 0.9665 -0.0920
vn 0.2378 0.9669 -0.0927
vn 0.5377 0.8384 0.0887
vn 0.5374 0.8387 0.0886
vn 0.5369 0.8399 0.0799
vn 0.5413 0.8374 0.0761
vn 0.5325 0.8406 0.0989
vn 0.5343 0.8400 0.0943
vn -0.1524 0.9613 -0.2295
vn -0.1525 0.9613 -0.2293
vn -0.1525 0.9613 -0.2294
vn -0.1415 0.9567 -0.2544
vn -0.1295 0.9515 -0.2789
vn -0.1295 0.9516 -0.2789
vn -0.1295 0.9516 -0.2788
vn -0.1164 0.9460 -0.3027
vn -0.1164 0.9459 -0.3027
vn 0.7631 0.5710 0.3027
vn 0.7630 0.5711 0.3027
vn 0.7763 0.5653 0.2789
vn 0.7763 0.5653 0.2790
vn 0.7883 0.5602 0.2544
vn 0.7883 0.5603 0.2544
vn 0.7992 0.5556 0.2293
vn 0.7992 0.5556 0.2292
vn 0.5451 0.8353 0.0719
vn 0.5446 0.8356 0.0717
vn 0.2252 0.9718 -0.0697
vn 0.2262 0.9713 -0.0734
vn 0.2194 0.9743 -0.0511
vn 0.2191 0.9740 -0.0578
vn 0.2172 0.9752 -0.0438
vn 0.2174 0.9751 -0.0444
vn 0.2250 0.9721 -0.0659
vn 0.2264 0.9720 -0.0638
vn 0.5477 0.8347 0.0570
vn 0.5469 0.8353 0.0559
vn 0.5520 0.8324 0.0494
vn 0.5539 0.8314 0.0429
vn 0.5470 0.8344 0.0668
vn 0.5474 0.8349 0.0579
vn -0.1846 0.9750 -0.1240
vn -0.1845 0.9750 -0.1240
vn -0.1845 0.9750 -0.1241
vn -0.1783 0.9723 -0.1509
vn -0.1709 0.9692 -0.1775
vn -0.1623 0.9655 -0.2036
vn 0.8090 0.5514 0.2036
vn 0.8176 0.5477 0.1775
vn 0.8250 0.5446 0.1509
vn 0.8313 0.5419 0.1240
vn 0.8313 0.5418 0.1240
vn 0.8312 0.5419 0.1240
vn 0.5555 0.8307 0.0361
vn 0.5552 0.8309 0.0362
vn 0.2202 0.9748 -0.0355
vn 0.2186 0.9750 -0.0394
vn 0.2133 0.9769 -0.0145
vn 0.2133 0.9767 -0.0217
vn 0.2107 0.9775 -0.0073
vn 0.2114 0.9774 -0.0067
vn 0.2138 0.9765 -0.0287
vn 0.2141 0.9764 -0.0279
vn 0.5583 0.8294 0.0195
vn 0.5576 0.8299 0.0191
vn 0.5550 0.8318 0.0118
vn 0.5552 0.8317 0.0069
vn 0.5547 0.8314 0.0317
vn 0.5560 0.8309 0.0230
vn -0.1970 0.9803 -0.0139
vn -0.1957 0.9798 -0.0417
vn -0.1958 0.9798 -0.0417
vn -0.1932 0.9787 -0.0691
vn -0.1932 0.9787 -0.0692
vn -0.1895 0.9771 -0.0967
vn 0.8363 0.5396 0.0967
vn 0.8362 0.5398 0.0967
vn 0.8363 0.5397 0.0967
vn 0.8364 0.5395 0.0967
vn 0.8400 0.5382 0.0692
vn 0.8425 0.5371 0.0416
vn 0.8437 0.5366 0.0139
vn 0.8437 0.5367 0.0139
vn 0.5549 0.8319 -0.0000
vn 0.2161 0.9764 0.0037
vn 0.2153 0.9765 -0.0039
vn 0.2134 0.9767 0.0217
vn 0.2126 0.9770 0.0147
vn 0.2139 0.9764 0.0289
vn 0.2143 0.9763 0.0284
vn 0.2102 0.9776 0.0097
vn 0.2108 0.9775 0.0109
vn 0.5583 0.8294 -0.0194
vn 0.5576 0.8299 -0.0190
vn 0.5561 0.8308 -0.0229
vn 0.5548 0.8314 -0.0317
vn 0.5552 0.8317 -0.0069
vn 0.5550 0.8318 -0.0118
vn -0.1895 0.9771 0.0967
vn -0.1932 0.9787 0.0691
vn -0.1932 0.9787 0.0692
vn -0.1957 0.9798 0.0417
vn -0.1958 0.9798 0.0417
vn -0.1970 0.9803 0.0139
vn 0.8437 0.5367 -0.0139
vn 0.8436 0.5367 -0.0139
vn 0.8437 0.5366 -0.0139
vn 0.8425 0.5371 -0.0416
vn 0.8400 0.5382 -0.0693
vn 0.8399 0.5382 -0.0694
vn 0.8400 0.5382 -0.0694
vn 0.8362 0.5398 -0.0967
vn 0.8362 0.5398 -0.0966
vn 0.5555 0.8308 -0.0361
vn 0.5551 0.8310 -0.0363
vn 0.2199 0.9747 0.0394
vn 0.2182 0.9754 0.0323
vn 0.2194 0.9739 0.0581
vn 0.2198 0.9742 0.0511
vn 0.2253 0.9721 0.0661
vn 0.2270 0.9719 0.0625
vn 0.2170 0.9752 0.0439
vn 0.2170 0.9751 0.0448
vn 0.5484 0.8343 -0.0574
vn 0.5477 0.8347 -0.0570
vn 0.5482 0.8344 -0.0579
vn 0.5470 0.8345 -0.0668
vn 0.5539 0.8315 -0.0425
vn 0.5517 0.8325 -0.0497
vn -0.1623 0.9655 0.2036
vn -0.1709 0.9692 0.1775
vn -0.1783 0.9723 0.1509
vn -0.1844 0.9750 0.1240
vn -0.1845 0.9750 0.1242
vn -0.1844 0.9750 0.1241
vn -0.1845 0.9750 0.1240
vn 0.8312 0.5419 -0.1240
vn 0.8312 0.5419 -0.1241
vn 0.8250 0.5446 -0.1508
vn 0.8176 0.5477 -0.1775
vn 0.8176 0.5478 -0.1775
vn 0.8090 0.5514 -0.2036
vn 0.8091 0.5513 -0.2036
vn 0.5451 0.8353 -0.0720
vn 0.5446 0.8356 -0.0718
vn 0.2271 0.9711 0.0739
vn 0.2253 0.9717 0.0708
vn 0.2334 0.9682 0.0899
vn 0.2320 0.9689 0.0862
vn 0.2420 0.9656 0.0954
vn 0.2410 0.9657 0.0969
vn 0.2332 0.9694 0.0766
vn 0.2323 0.9695 0.0786
vn 0.5379 0.8383 -0.0887
vn 0.5375 0.8386 -0.0886
vn 0.5343 0.8400 -0.0943
vn 0.5326 0.8406 -0.0989
vn 0.5413 0.8374 -0.0760
vn 0.5368 0.8399 -0.0803
vn -0.1164 0.9460 0.3027
vn -0.1164 0.9459 0.3027
vn -0.1295 0.9515 0.2789
vn -0.1295 0.9516 0.2789
vn -0.1415 0.9567 0.2544
vn -0.1526 0.9613 0.2293
vn -0.1525 0.9613 0.2293
vn 0.7992 0.5556 -0.2292
vn 0.7992 0.5556 -0.2293
vn 0.7993 0.5555 -0.2294
vn 0.7883 0.5602 -0.2544
vn 0.7762 0.5654 -0.2789
vn 0.7630 0.5711 -0.3027
vn 0.5262 0.8443 -0.1014
vn 0.5265 0.8440 -0.1023
vn 0.2452 0.9639 0.1036
vn 0.2427 0.9648 0.1009
vn 0.2551 0.9593 0.1213
vn 0.2495 0.9616 0.1144
vn 0.2556 0.9585 0.1266
vn 0.2572 0.9581 0.1264
vn 0.2467 0.9624 0.1139
vn 0.2467 0.9625 0.1125
vn 0.5181 0.8467 -0.1213
vn 0.5175 0.8471 -0.1214
vn 0.5148 0.8484 -0.1236
vn 0.5117 0.8494 -0.1293
vn 0.5242 0.8449 -0.1064
vn 0.5209 0.8460 -0.1142
vn -0.0536 0.9192 0.3902
vn -0.0707 0.9265 0.3696
vn -0.0869 0.9334 0.3481
vn -0.1021 0.9399 0.3259
vn -0.1022 0.9399 0.3259
vn 0.7489 0.5770 -0.3258
vn 0.7338 0.5834 -0.3481
vn 0.7337 0.5835 -0.3481
vn 0.7176 0.5905 -0.3693
vn 0.7175 0.5904 -0.3696
vn 0.7176 0.5904 -0.3695
vn 0.7176 0.5904 -0.3694
vn 0.7004 0.5977 -0.3902
vn 0.5055 0.8529 -0.1307
vn 0.5057 0.8527 -0.1310
vn 0.2659 0.9550 0.1316
vn 0.2635 0.9560 0.1294
vn 0.2771 0.9497 0.1460
vn 0.2747 0.9508 0.1435
vn 0.2863 0.9469 0.1466
vn 0.2860 0.9466 0.1489
vn 0.2720 0.9519 0.1412
vn 0.2719 0.9521 0.1401
vn 0.4951 0.8565 -0.1458
vn 0.4945 0.8570 -0.1451
vn 0.4911 0.8587 -0.1465
vn 0.4845 0.8617 -0.1508
vn 0.5013 0.8546 -0.1358
vn 0.4981 0.8561 -0.1379
vn 0.0237 0.8862 0.4627
vn 0.0237 0.8862 0.4626
vn 0.0031 0.8950 0.4461
vn -0.0166 0.9034 0.4285
vn -0.0354 0.9115 0.4098
vn -0.0355 0.9115 0.4098
vn 0.6823 0.6054 -0.4098
vn 0.6823 0.6055 -0.4098
vn 0.6633 0.6135 -0.4285
vn 0.6436 0.6219 -0.4461
vn 0.6231 0.6307 -0.4626
vn 0.6231 0.6307 -0.4624
vn 0.4792 0.8644 -0.1524
vn 0.4789 0.8645 -0.1526
vn 0.2926 0.9437 0.1543
vn 0.2892 0.9451 0.1523
vn 0.3085 0.9369 0.1644
vn 0.3035 0.9392 0.1608
vn 0.3121 0.9357 0.1644
vn 0.3092 0.9365 0.1656
vn 0.2985 0.9413 0.1577
vn 0.2986 0.9412 0.1579
vn 0.4655 0.8700 -0.1625
vn 0.4656 0.8699 -0.1628
vn 0.4602 0.8722 -0.1657
vn 0.4559 0.8741 -0.1674
vn 0.4745 0.8662 -0.1569
vn 0.4710 0.8676 -0.1592
vn 0.1124 0.8484 0.5173
vn 0.1123 0.8484 0.5173
vn 0.0893 0.8582 0.5055
vn 0.0893 0.8582 0.5054
vn 0.0894 0.8582 0.5054
vn 0.0895 0.8582 0.5055
vn 0.0668 0.8678 0.4923
vn 0.0668 0.8679 0.4923
vn 0.0449 0.8772 0.4781
vn 0.6018 0.6397 -0.4781
vn 0.6018 0.6397 -0.4782
vn 0.5799 0.6491 -0.4924
vn 0.5798 0.6491 -0.4924
vn 0.5575 0.6586 -0.5054
vn 0.5574 0.6587 -0.5054
vn 0.5343 0.6685 -0.5173
vn 0.5342 0.6686 -0.5173
vn 0.5343 0.6686 -0.5173
vn 0.5343 0.6685 -0.5174
vn 0.4501 0.8768 -0.1694
vn 0.4506 0.8765 -0.1696
vn 0.3241 0.9303 0.1718
vn 0.3170 0.9331 0.1697
vn 0.3388 0.9240 0.1773
vn 0.3334 0.9263 0.1754
vn 0.3448 0.9216 0.1784
vn 0.3456 0.9213 0.1785
vn 0.3310 0.9269 0.1770
vn 0.3274 0.9278 0.1788
vn 0.4348 0.8834 -0.1748
vn 0.4361 0.8828 -0.1747
vn 0.4287 0.8856 -0.1786
vn 0.4250 0.8872 -0.1797
vn 0.4476 0.8769 -0.1752
vn 0.4398 0.8805 -0.1770
vn 0.2093 0.8071 0.5521
vn 0.1844 0.8176 0.5454
vn 0.1845 0.8176 0.5454
vn 0.1599 0.8283 0.5370
vn 0.1601 0.8281 0.5373
vn 0.1600 0.8281 0.5373
vn 0.1361 0.8383 0.5279
vn 0.1361 0.8383 0.5280
vn 0.5107 0.6785 -0.5280
vn 0.5107 0.6786 -0.5279
vn 0.5107 0.6786 -0.5280
vn 0.4866 0.6888 -0.5374
vn 0.4866 0.6888 -0.5373
vn 0.4622 0.6993 -0.5453
vn 0.4375 0.7098 -0.5521
vn 0.4189 0.8898 -0.1810
vn 0.4189 0.8898 -0.1813
vn 0.3540 0.9174 0.1816
vn 0.3505 0.9189 0.1811
vn 0.3715 0.9094 0.1871
vn 0.3652 0.9119 0.1870
vn 0.3776 0.9066 0.1882
vn 0.3773 0.9069 0.1877
vn 0.3586 0.9145 0.1870
vn 0.3600 0.9142 0.1862
vn 0.4020 0.8972 -0.1828
vn 0.4020 0.8970 -0.1836
vn 0.3971 0.8986 -0.1864
vn 0.3929 0.9000 -0.1888
vn 0.4126 0.8928 -0.1807
vn 0.4070 0.8946 -0.1842
vn 0.3106 0.7639 0.5657
vn 0.2851 0.7748 0.5642
vn 0.2851 0.7748 0.5643
vn 0.2597 0.7856 0.5616
vn 0.2597 0.7856 0.5615
vn 0.2344 0.7964 0.5575
vn 0.4123 0.7205 -0.5576
vn 0.4123 0.7205 -0.5575
vn 0.4124 0.7205 -0.5575
vn 0.3871 0.7313 -0.5615
vn 0.3871 0.7313 -0.5616
vn 0.3870 0.7313 -0.5616
vn 0.3617 0.7421 -0.5643
vn 0.3367 0.7529 -0.5655
vn 0.3362 0.7529 -0.5657
vn 0.3362 0.7531 -0.5655
vn 0.3363 0.7530 -0.5656
vn 0.3820 0.9051 -0.1866
vn 0.3826 0.9053 -0.1846
vn 0.3871 0.9036 0.1834
vn 0.3819 0.9054 0.1853
vn 0.4045 0.8959 0.1836
vn 0.4002 0.8979 0.1834
vn 0.4097 0.8939 0.1816
vn 0.4096 0.8939 0.1821
vn 0.3927 0.9012 0.1832
vn 0.3918 0.9016 0.1835
vn 0.3696 0.9110 -0.1829
vn 0.3695 0.9110 -0.1834
vn 0.3623 0.9140 -0.1824
vn 0.3580 0.9158 -0.1822
vn 0.3766 0.9069 -0.1889
vn 0.3735 0.9088 -0.1860
vn 0.4123 0.7205 0.5575
vn 0.4124 0.7205 0.5575
vn 0.4123 0.7206 0.5575
vn 0.3870 0.7313 0.5616
vn 0.3616 0.7422 0.5643
vn 0.3615 0.7422 0.5643
vn 0.3361 0.7530 0.5657
vn 0.3106 0.7638 -0.5658
vn 0.3107 0.7638 -0.5658
vn 0.2849 0.7750 -0.5640
vn 0.2850 0.7748 -0.5643
vn 0.2597 0.7856 -0.5615
vn 0.3482 0.9192 -0.1839
vn 0.3509 0.9178 -0.1859
vn 0.4227 0.8877 0.1824
vn 0.4147 0.8911 0.1845
vn 0.4368 0.8816 0.1791
vn 0.4334 0.8830 0.1802
vn 0.4443 0.8780 0.1779
vn 0.4445 0.8782 0.1766
vn 0.4294 0.8854 0.1781
vn 0.4276 0.8862 0.1783
vn 0.3350 0.9247 -0.1809
vn 0.3344 0.9249 -0.1807
vn 0.3286 0.9277 -0.1774
vn 0.3251 0.9292 -0.1758
vn 0.3468 0.9202 -0.1813
vn 0.3460 0.9208 -0.1801
vn 0.4865 0.6889 0.5374
vn 0.4866 0.6889 0.5373
vn 0.4622 0.6993 0.5454
vn 0.4622 0.6992 0.5453
vn 0.4622 0.6992 0.5454
vn 0.4374 0.7098 0.5522
vn 0.4374 0.7098 0.5521
vn 0.1601 0.8281 -0.5372
vn 0.1600 0.8281 -0.5372
vn 0.3182 0.9318 -0.1745
vn 0.3164 0.9324 -0.1745
vn 0.4516 0.8758 0.1701
vn 0.4487 0.8770 0.1720
vn 0.4680 0.8683 0.1647
vn 0.4648 0.8697 0.1661
vn 0.4701 0.8679 0.1609
vn 0.4730 0.8671 0.1562
vn 0.4599 0.8716 0.1698
vn 0.4596 0.8719 0.1692
vn 0.3036 0.9382 -0.1661
vn 0.3040 0.9381 -0.1659
vn 0.3010 0.9403 -0.1586
vn 0.2955 0.9423 -0.1572
vn 0.3133 0.9343 -0.1704
vn 0.3100 0.9356 -0.1687
vn 0.0893 0.8582 -0.5054
vn 0.0893 0.8583 -0.5054
vn 0.0894 0.8582 -0.5054
vn 0.0668 0.8678 -0.4924
vn 0.0449 0.8772 -0.4780
vn 0.2929 0.9439 -0.1528
vn 0.2922 0.9440 -0.1535
vn 0.4822 0.8629 0.1514
vn 0.4777 0.8647 0.1550
vn 0.4954 0.8572 0.1411
vn 0.4905 0.8594 0.1442
vn 0.4998 0.8555 0.1353
vn 0.5005 0.8552 0.1348
vn 0.4888 0.8592 0.1514
vn 0.4882 0.8596 0.1507
vn 0.2779 0.9503 -0.1404
vn 0.2786 0.9498 -0.1420
vn 0.2732 0.9517 -0.1399
vn 0.2710 0.9531 -0.1344
vn 0.2833 0.9470 -0.1517
vn 0.2809 0.9481 -0.1490
vn 0.6634 0.6134 0.4285
vn 0.6435 0.6219 0.4461
vn 0.6436 0.6219 0.4461
vn 0.6436 0.6220 0.4461
vn 0.0031 0.8950 -0.4460
vn 0.0033 0.8950 -0.4460
vn 0.0030 0.8950 -0.4461
vn 0.0030 0.8950 -0.4460
vn 0.2658 0.9551 -0.1306
vn 0.2655 0.9552 -0.1307
vn 0.5067 0.8525 0.1287
vn 0.5040 0.8535 0.1324
vn 0.5198 0.8461 0.1179
vn 0.5172 0.8473 0.1206
vn 0.5216 0.8462 0.1086
vn 0.5222 0.8458 0.1091
vn 0.5134 0.8485 0.1282
vn 0.5150 0.8479 0.1259
vn 0.2557 0.9598 -0.1158
vn 0.2493 0.9610 -0.1201
vn 0.2505 0.9617 -0.1109
vn 0.2473 0.9629 -0.1079
vn 0.2610 0.9571 -0.1256
vn 0.2581 0.9584 -0.1220
vn 0.7338 0.5834 0.3481
vn 0.7337 0.5836 0.3481
vn 0.7003 0.5977 0.3902
vn -0.0536 0.9192 -0.3901
vn -0.0535 0.9192 -0.3901
vn -0.0703 0.9264 -0.3699
vn -0.0707 0.9265 -0.3696
vn -0.0869 0.9334 -0.3482
vn -0.1022 0.9399 -0.3259
vn -0.1022 0.9398 -0.3259
vn 0.2461 0.9639 -0.1021
vn 0.2469 0.9635 -0.1039
vn 0.5271 0.8438 0.1010
vn 0.5258 0.8441 0.1048
vn 0.5380 0.8387 0.0847
vn 0.5386 0.8380 0.0873
vn 0.5431 0.8357 0.0814
vn 0.5425 0.8362 0.0802
vn 0.5350 0.8393 0.0967
vn 0.5341 0.8399 0.0964
vn 0.2356 0.9681 -0.0848
vn 0.2355 0.9681 -0.0858
vn 0.2303 0.9696 -0.0823
vn 0.2283 0.9704 -0.0790
vn 0.2412 0.9656 -0.0977
vn 0.2396 0.9664 -0.0928
vn -0.1163 0.9460 -0.3027
vn -0.1416 0.9567 -0.2544
vn -0.1524 0.9613 -0.2294
vn 0.2290 0.9710 -0.0685
vn 0.2286 0.9711 -0.0694
vn 0.5426 0.8371 0.0694
vn 0.5416 0.8375 0.0734
vn 0.5487 0.8344 0.0517
vn 0.5476 0.8349 0.0553
vn 0.5498 0.8341 0.0443
vn 0.5497 0.8342 0.0443
vn 0.5451 0.8360 0.0621
vn 0.5451 0.8360 0.0622
vn 0.2245 0.9729 -0.0551
vn 0.2229 0.9732 -0.0573
vn 0.2213 0.9741 -0.0470
vn 0.2204 0.9745 -0.0427
vn 0.2271 0.9717 -0.0645
vn 0.2243 0.9727 -0.0590
vn -0.1621 0.9656 -0.2035
vn -0.1622 0.9655 -0.2036
vn -0.1708 0.9692 -0.1775
vn -0.1782 0.9724 -0.1509
vn -0.1782 0.9723 -0.1509
vn 0.2213 0.9746 -0.0348
vn 0.2192 0.9749 -0.0394
vn 0.5524 0.8329 0.0333
vn 0.5514 0.8334 0.0384
vn 0.5577 0.8299 0.0163
vn 0.5570 0.8302 0.0212
vn 0.5586 0.8294 0.0089
vn 0.5549 0.8315 0.0273
vn 0.5550 0.8315 0.0232
vn 0.2132 0.9768 -0.0206
vn 0.2136 0.9767 -0.0207
vn 0.2153 0.9765 -0.0131
vn 0.2161 0.9763 -0.0055
vn 0.2145 0.9763 -0.0299
vn 0.2140 0.9765 -0.0252
vn 0.8436 0.5368 0.0140
vn 0.8400 0.5381 0.0692
vn 0.8362 0.5398 0.0966
vn 0.8362 0.5398 0.0968
vn -0.1894 0.9771 -0.0967
vn -0.1956 0.9798 -0.0417
vn 0.2175 0.9761 -0.0000
vn 0.2174 0.9761 -0.0000
vn 0.5582 0.8297 -0.0028
vn 0.5582 0.8297 0.0029
vn 0.5572 0.8301 -0.0210
vn 0.5574 0.8301 -0.0158
vn 0.5536 0.8322 -0.0311
vn 0.5539 0.8320 -0.0306
vn 0.5586 0.8294 -0.0090
vn 0.5586 0.8294 -0.0091
vn 0.2132 0.9768 0.0207
vn 0.2137 0.9767 0.0208
vn 0.2140 0.9765 0.0252
vn 0.2144 0.9763 0.0298
vn 0.2161 0.9764 0.0054
vn 0.2153 0.9765 0.0131
vn 0.8362 0.5399 -0.0967
vn 0.8362 0.5399 -0.0966
vn 0.8362 0.5398 -0.0968
vn 0.8400 0.5382 -0.0692
vn 0.8400 0.5381 -0.0692
vn 0.8425 0.5371 -0.0415
vn 0.8437 0.5367 -0.0140
vn -0.1957 0.9798 0.0416
vn -0.1895 0.9771 0.0968
vn 0.2211 0.9746 0.0346
vn 0.2199 0.9747 0.0390
vn 0.5512 0.8335 -0.0378
vn 0.5525 0.8329 -0.0332
vn 0.5476 0.8349 -0.0555
vn 0.5486 0.8345 -0.0518
vn 0.5452 0.8360 -0.0620
vn 0.5499 0.8341 -0.0442
vn 0.5499 0.8340 -0.0440
vn 0.2244 0.9729 0.0550
vn 0.2237 0.9730 0.0567
vn 0.2243 0.9727 0.0591
vn 0.2270 0.9718 0.0644
vn 0.2204 0.9745 0.0427
vn 0.2213 0.9741 0.0471
vn 0.8090 0.5515 -0.2036
vn 0.8250 0.5446 -0.1509
vn 0.8312 0.5420 -0.1240
vn -0.1621 0.9655 0.2036
vn -0.1622 0.9655 0.2036
vn -0.1622 0.9655 0.2038
vn 0.2286 0.9711 0.0684
vn 0.2284 0.9711 0.0693
vn 0.5414 0.8375 -0.0735
vn 0.5429 0.8370 -0.0685
vn 0.5339 0.8405 -0.0922
vn 0.5378 0.8389 -0.0839
vn 0.5343 0.8396 -0.0976
vn 0.5335 0.8402 -0.0970
vn 0.5420 0.8363 -0.0827
vn 0.5420 0.8364 -0.0815
vn 0.2354 0.9682 0.0844
vn 0.2355 0.9681 0.0854
vn 0.2397 0.9664 0.0929
vn 0.2411 0.9656 0.0978
vn 0.2283 0.9704 0.0789
vn 0.2303 0.9696 0.0822
vn 0.7631 0.5709 -0.3027
vn 0.7631 0.5710 -0.3027
vn 0.7763 0.5654 -0.2788
vn 0.7763 0.5653 -0.2789
vn 0.7762 0.5655 -0.2787
vn -0.1415 0.9567 0.2545
vn -0.1164 0.9460 0.3026
vn 0.2461 0.9639 0.1020
vn 0.2469 0.9635 0.1039
vn 0.5256 0.8443 -0.1041
vn 0.5276 0.8435 -0.1004
vn 0.5179 0.8470 -0.1202
vn 0.5199 0.8462 -0.1171
vn 0.5109 0.8500 -0.1281
vn 0.5107 0.8503 -0.1272
vn 0.5207 0.8467 -0.1091
vn 0.5209 0.8465 -0.1103
vn 0.2551 0.9601 0.1144
vn 0.2501 0.9608 0.1199
vn 0.2577 0.9585 0.1217
vn 0.2612 0.9571 0.1256
vn 0.2472 0.9629 0.1079
vn 0.2505 0.9618 0.1108
vn 0.7004 0.5977 -0.3901
vn 0.7004 0.5978 -0.3900
vn -0.1020 0.9399 0.3259
vn -0.1022 0.9399 0.3258
vn -0.0869 0.9334 0.3482
vn -0.0708 0.9265 0.3696
vn -0.0536 0.9192 0.3901
vn 0.2658 0.9551 0.1306
vn 0.2655 0.9552 0.1307
vn 0.5042 0.8535 -0.1317
vn 0.5072 0.8522 -0.1288
vn 0.4911 0.8590 -0.1446
vn 0.4941 0.8578 -0.1414
vn 0.4888 0.8591 -0.1517
vn 0.4882 0.8596 -0.1508
vn 0.4995 0.8556 -0.1358
vn 0.4994 0.8557 -0.1355
vn 0.2779 0.9503 0.1404
vn 0.2786 0.9498 0.1420
vn 0.2808 0.9481 0.1490
vn 0.2833 0.9470 0.1518
vn 0.2710 0.9531 0.1344
vn 0.2732 0.9517 0.1399
vn 0.6436 0.6219 -0.4462
vn 0.6633 0.6136 -0.4285
vn 0.6822 0.6054 -0.4099
vn 0.6821 0.6055 -0.4100
vn -0.0165 0.9034 0.4285
vn -0.0164 0.9034 0.4285
vn 0.0237 0.8863 0.4626
vn 0.2925 0.9439 0.1532
vn 0.2918 0.9441 0.1537
vn 0.4788 0.8644 -0.1534
vn 0.4826 0.8625 -0.1522
vn 0.4650 0.8695 -0.1664
vn 0.4683 0.8681 -0.1648
vn 0.4595 0.8716 -0.1706
vn 0.4588 0.8721 -0.1702
vn 0.4713 0.8669 -0.1623
vn 0.4713 0.8671 -0.1615
vn 0.3037 0.9382 0.1658
vn 0.3041 0.9381 0.1656
vn 0.3101 0.9356 0.1686
vn 0.3132 0.9343 0.1702
vn 0.2956 0.9423 0.1573
vn 0.3014 0.9402 0.1590
vn 0.5800 0.6491 -0.4923
vn 0.5799 0.6492 -0.4921
vn 0.5799 0.6491 -0.4923
vn 0.0449 0.8772 0.4780
vn 0.0668 0.8678 0.4924
vn 0.0668 0.8679 0.4922
vn 0.0891 0.8583 0.5054
vn 0.0893 0.8583 0.5054
vn 0.1124 0.8483 0.5174
vn 0.3184 0.9317 0.1746
vn 0.3209 0.9306 0.1759
vn 0.4492 0.8769 -0.1711
vn 0.4526 0.8753 -0.1700
vn 0.4340 0.8827 -0.1802
vn 0.4372 0.8814 -0.1785
vn 0.4302 0.8842 -0.1821
vn 0.4265 0.8869 -0.1772
vn 0.4430 0.8787 -0.1782
vn 0.4425 0.8790 -0.1774
vn 0.3351 0.9246 0.1812
vn 0.3345 0.9249 0.1807
vn 0.3447 0.9216 0.1787
vn 0.3467 0.9204 0.1809
vn 0.3248 0.9294 0.1755
vn 0.3283 0.9277 0.1777
vn 0.4374 0.7098 -0.5521
vn 0.4373 0.7098 -0.5521
vn 0.4374 0.7098 -0.5522
vn 0.1601 0.8281 0.5372
vn 0.1845 0.8177 0.5453
vn 0.3494 0.9185 0.1850
vn 0.3509 0.9180 0.1849
vn 0.4152 0.8910 -0.1838
vn 0.4222 0.8875 -0.1848
vn 0.3998 0.8980 -0.1837
vn 0.4042 0.8962 -0.1832
vn 0.3924 0.9013 -0.1835
vn 0.3918 0.9016 -0.1836
vn 0.4102 0.8938 -0.1815
vn 0.4106 0.8935 -0.1817
vn 0.3705 0.9106 0.1831
vn 0.3704 0.9106 0.1834
vn 0.3736 0.9087 0.1862
vn 0.3747 0.9079 0.1881
vn 0.3578 0.9158 0.1823
vn 0.3622 0.9141 0.1823
vn 0.3362 0.7530 -0.5657
vn 0.3361 0.7530 -0.5657
vn 0.3870 0.7313 -0.5617
vn 0.2344 0.7963 0.5576
vn 0.2850 0.7748 0.5643
vn -0.9362 0.2326 0.2635
vn -0.9233 0.2271 0.3099
vn -0.9232 0.2271 0.3099
vn -0.9233 0.2269 0.3098
vn -0.9231 0.2272 0.3101
vn -0.8160 0.5145 0.2636
vn -0.8160 0.5144 0.2636
vn -0.8030 0.5091 0.3098
vn -0.8031 0.5090 0.3099
vn -0.8029 0.5091 0.3100
vn -0.9746 -0.1166 0.1911
vn -0.9746 -0.1166 0.1910
vn -0.9651 -0.1206 0.2326
vn -0.9651 -0.1207 0.2326
vn -0.9536 -0.1255 0.2735
vn -0.9536 -0.1255 0.2736
vn -0.9404 -0.1312 0.3138
vn -0.9082 0.2207 0.3556
vn -0.7880 0.5026 0.3556
vn -0.7880 0.5026 0.3555
vn -0.5564 0.7694 0.3138
vn -0.5564 0.7694 0.3137
vn -0.5697 0.7750 0.2735
vn -0.5810 0.7799 0.2326
vn -0.5811 0.7799 0.2326
vn -0.5906 0.7840 0.1911
vn -0.5906 0.7840 0.1908
vn -0.5906 0.7840 0.1910
vn -0.8268 0.5191 0.2166
vn -0.8268 0.5192 0.2166
vn -0.9470 0.2372 0.2166
vn 0.0068 -0.1695 -0.9855
vn 0.0512 -0.1884 -0.9808
vn 0.1270 0.1125 -0.9855
vn 0.1270 0.1124 -0.9855
vn 0.1713 0.0935 -0.9808
vn -0.1723 -0.4587 -0.8717
vn -0.1330 -0.4755 -0.8696
vn -0.0938 -0.4921 -0.8655
vn -0.0549 -0.5087 -0.8592
vn -0.0550 -0.5089 -0.8591
vn -0.0549 -0.5088 -0.8591
vn 0.0953 -0.2072 -0.9736
vn 0.2155 0.0747 -0.9736
vn 0.3291 0.3918 -0.8592
vn 0.3292 0.3918 -0.8592
vn 0.2902 0.4084 -0.8654
vn 0.2902 0.4085 -0.8654
vn 0.2510 0.4251 -0.8696
vn 0.2510 0.4251 -0.8697
vn 0.2118 0.4420 -0.8717
vn 0.2117 0.4419 -0.8717
vn 0.2122 0.4421 -0.8715
vn 0.0824 0.1314 -0.9879
vn -0.0377 -0.1505 -0.9879
vn -0.8720 0.2053 -0.4444
vn -0.8720 0.2053 -0.4443
vn -0.8720 0.2053 -0.4445
vn -0.8510 0.1963 -0.4871
vn -0.7518 0.4872 -0.4443
vn -0.7518 0.4871 -0.4443
vn -0.7308 0.4782 -0.4871
vn -0.7309 0.4781 -0.4871
vn -0.9253 -0.1376 -0.3534
vn -0.9253 -0.1375 -0.3534
vn -0.9085 -0.1448 -0.3921
vn -0.8899 -0.1527 -0.4298
vn -0.8697 -0.1614 -0.4665
vn -0.8697 -0.1613 -0.4665
vn -0.8281 0.1865 -0.5286
vn -0.7079 0.4685 -0.5286
vn -0.7079 0.4684 -0.5286
vn -0.7080 0.4685 -0.5285
vn -0.4857 0.7393 -0.4665
vn -0.4856 0.7393 -0.4665
vn -0.5059 0.7479 -0.4298
vn -0.5245 0.7558 -0.3920
vn -0.5245 0.7558 -0.3921
vn -0.5413 0.7630 -0.3533
vn -0.5412 0.7631 -0.3533
vn -0.5412 0.7631 -0.3532
vn -0.7709 0.4953 -0.4005
vn -0.8911 0.2134 -0.4004
vn -0.8911 0.2134 -0.4005
vn -0.8720 0.2053 0.4443
vn -0.8721 0.2052 0.4443
vn -0.8721 0.2050 0.4443
vn -0.8721 0.2051 0.4443
vn -0.8510 0.1963 0.4871
vn -0.7518 0.4872 0.4443
vn -0.7519 0.4871 0.4443
vn -0.7308 0.4782 0.4871
vn -0.9253 -0.1377 0.3534
vn -0.9085 -0.1448 0.3921
vn -0.8899 -0.1528 0.4298
vn -0.8899 -0.1527 0.4298
vn -0.8697 -0.1614 0.4665
vn -0.8281 0.1865 0.5286
vn -0.7079 0.4684 0.5286
vn -0.4857 0.7392 0.4665
vn -0.4857 0.7392 0.4666
vn -0.5059 0.7479 0.4298
vn -0.5245 0.7558 0.3921
vn -0.5413 0.7629 0.3535
vn -0.5413 0.7629 0.3534
vn -0.7709 0.4953 0.4005
vn -0.8911 0.2134 0.4005
vn 0.0068 -0.1695 0.9855
vn 0.0512 -0.1884 0.9808
vn 0.1270 0.1124 0.9855
vn 0.1270 0.1123 0.9855
vn 0.1713 0.0934 0.9808
vn 0.1714 0.0933 0.9808
vn 0.1713 0.0935 0.9808
vn -0.1723 -0.4587 0.8717
vn -0.1330 -0.4755 0.8696
vn -0.0938 -0.4922 0.8654
vn -0.0937 -0.4921 0.8655
vn -0.0938 -0.4921 0.8655
vn -0.0938 -0.4921 0.8654
vn -0.0550 -0.5088 0.8591
vn -0.0549 -0.5088 0.8591
vn -0.0549 -0.5086 0.8592
vn 0.0953 -0.2072 0.9736
vn 0.2155 0.0747 0.9736
vn 0.3291 0.3918 0.8592
vn 0.2902 0.4084 0.8654
vn 0.2902 0.4085 0.8654
vn 0.2510 0.4251 0.8696
vn 0.2116 0.4420 0.8717
vn 0.2117 0.4419 0.8717
vn 0.2115 0.4421 0.8717
vn 0.0824 0.1314 0.9879
vn -0.0377 -0.1505 0.9879
vn -0.0377 -0.1507 0.9879
vn -0.9362 0.2326 -0.2636
vn -0.9232 0.2271 -0.3099
vn -0.8160 0.5144 -0.2636
vn -0.8160 0.5145 -0.2636
vn -0.8030 0.5090 -0.3100
vn -0.8030 0.5090 -0.3101
vn -0.9746 -0.1166 -0.1911
vn -0.9746 -0.1165 -0.1912
vn -0.9651 -0.1207 -0.2326
vn -0.9536 -0.1256 -0.2735
vn -0.9404 -0.1312 -0.3138
vn -0.9082 0.2207 -0.3556
vn -0.7881 0.5025 -0.3556
vn -0.7880 0.5026 -0.3556
vn -0.7879 0.5025 -0.3560
vn -0.5564 0.7694 -0.3138
vn -0.5697 0.7750 -0.2735
vn -0.5812 0.7798 -0.2326
vn -0.5811 0.7799 -0.2326
vn -0.5906 0.7840 -0.1911
vn -0.8268 0.5191 -0.2166
vn -0.9470 0.2372 -0.2166
vn -0.9470 0.2372 -0.2165
vn -0.7767 0.1646 0.6080
vn -0.7484 0.1526 0.6454
vn -0.6565 0.4465 0.6080
vn -0.6283 0.4344 0.6454
vn -0.6282 0.4344 0.6454
vn -0.8478 -0.1707 0.5021
vn -0.8478 -0.1706 0.5021
vn -0.8243 -0.1807 0.5365
vn -0.7994 -0.1913 0.5695
vn -0.7730 -0.2026 0.6012
vn -0.7729 -0.2026 0.6013
vn -0.7730 -0.2026 0.6013
vn -0.7184 0.1398 0.6814
vn -0.7184 0.1398 0.6815
vn -0.7185 0.1398 0.6814
vn -0.5983 0.4217 0.6814
vn -0.3888 0.6980 0.6013
vn -0.3889 0.6980 0.6013
vn -0.3888 0.6980 0.6014
vn -0.4154 0.7093 0.5694
vn -0.4155 0.7094 0.5694
vn -0.4154 0.7093 0.5695
vn -0.4403 0.7200 0.5365
vn -0.4403 0.7199 0.5365
vn -0.4638 0.7299 0.5022
vn -0.4638 0.7300 0.5021
vn -0.4637 0.7300 0.5021
vn -0.6831 0.4578 0.5690
vn -0.8033 0.1759 0.5690
vn -0.8033 0.1758 0.5690
vn 0.1824 -0.2443 0.9524
vn 0.2250 -0.2625 0.9383
vn 0.3026 0.0376 0.9524
vn 0.3453 0.0194 0.9383
vn 0.3455 0.0194 0.9382
vn 0.3452 0.0194 0.9383
vn -0.0162 -0.5252 0.8508
vn 0.0220 -0.5415 0.8404
vn 0.0219 -0.5415 0.8404
vn 0.0597 -0.5577 0.8279
vn 0.0598 -0.5578 0.8278
vn 0.0967 -0.5734 0.8136
vn 0.0966 -0.5733 0.8136
vn 0.0967 -0.5733 0.8136
vn 0.2670 -0.2804 0.9220
vn 0.2669 -0.2803 0.9220
vn 0.3872 0.0015 0.9220
vn 0.4806 0.3272 0.8136
vn 0.4807 0.3272 0.8136
vn 0.4436 0.3429 0.8280
vn 0.4436 0.3430 0.8280
vn 0.4060 0.3591 0.8404
vn 0.3678 0.3754 0.8508
vn 0.2593 0.0560 0.9642
vn 0.1391 -0.2259 0.9642
vn -0.9667 0.2456 -0.0726
vn -0.9667 0.2456 -0.0727
vn -0.9666 0.2456 -0.0726
vn -0.9623 0.2436 -0.1209
vn -0.9623 0.2437 -0.1209
vn -0.8465 0.5274 -0.0727
vn -0.8465 0.5275 -0.0727
vn -0.8464 0.5275 -0.0727
vn -0.8421 0.5256 -0.1209
vn -0.9939 -0.1084 -0.0214
vn -0.9919 -0.1093 -0.0642
vn -0.9919 -0.1092 -0.0642
vn -0.9881 -0.1108 -0.1068
vn -0.9881 -0.1109 -0.1067
vn -0.9823 -0.1133 -0.1490
vn -0.9557 0.2409 -0.1689
vn -0.8357 0.5226 -0.1688
vn -0.8357 0.5226 -0.1689
vn -0.8359 0.5223 -0.1689
vn -0.8357 0.5227 -0.1686
vn -0.5983 0.7873 -0.1490
vn -0.6041 0.7897 -0.1067
vn -0.6080 0.7914 -0.0641
vn -0.6079 0.7914 -0.0642
vn -0.6080 0.7914 -0.0642
vn -0.6099 0.7922 -0.0214
vn -0.8486 0.5284 -0.0243
vn -0.9688 0.2465 -0.0243
vn -0.6538 0.1121 0.7483
vn -0.6537 0.1121 0.7484
vn -0.6538 0.1122 0.7483
vn -0.6194 0.0975 0.7790
vn -0.5336 0.3940 0.7483
vn -0.5336 0.3941 0.7483
vn -0.5336 0.3940 0.7484
vn -0.4992 0.3794 0.7790
vn -0.7451 -0.2145 0.6316
vn -0.7451 -0.2145 0.6315
vn -0.7159 -0.2269 0.6603
vn -0.7159 -0.2268 0.6604
vn -0.6855 -0.2399 0.6874
vn -0.6855 -0.2397 0.6875
vn -0.6855 -0.2398 0.6874
vn -0.6539 -0.2534 0.7129
vn -0.5835 0.0822 0.8079
vn -0.5836 0.0821 0.8079
vn -0.4634 0.3642 0.8078
vn -0.4634 0.3641 0.8079
vn -0.2699 0.6472 0.7129
vn -0.3015 0.6607 0.6874
vn -0.3319 0.6737 0.6603
vn -0.3611 0.6861 0.6316
vn -0.5667 0.4082 0.7157
vn -0.6869 0.1263 0.7157
vn 0.3486 -0.3152 0.8827
vn 0.3879 -0.3320 0.8598
vn 0.4688 -0.0333 0.8827
vn 0.4687 -0.0334 0.8827
vn 0.5080 -0.0502 0.8599
vn 0.5081 -0.0501 0.8598
vn 0.1331 -0.5889 0.7972
vn 0.1329 -0.5888 0.7973
vn 0.1687 -0.6040 0.7789
vn 0.1687 -0.6041 0.7789
vn 0.2037 -0.6187 0.7588
vn 0.2035 -0.6189 0.7587
vn 0.2034 -0.6189 0.7587
vn 0.2371 -0.6333 0.7367
vn 0.4262 -0.3483 0.8349
vn 0.5464 -0.0665 0.8349
vn 0.5464 -0.0664 0.8349
vn 0.6211 0.2673 0.7367
vn 0.6211 0.2673 0.7368
vn 0.5873 0.2817 0.7587
vn 0.5872 0.2818 0.7588
vn 0.5874 0.2817 0.7587
vn 0.5527 0.2965 0.7789
vn 0.5527 0.2965 0.7788
vn 0.5171 0.3117 0.7972
vn 0.4285 -0.0161 0.9034
vn 0.3083 -0.2980 0.9034
vn -0.9623 0.2437 0.1209
vn -0.9667 0.2455 0.0726
vn -0.9666 0.2456 0.0727
vn -0.8421 0.5256 0.1209
vn -0.8464 0.5275 0.0727
vn -0.8465 0.5275 0.0727
vn -0.9823 -0.1132 0.1489
vn -0.9823 -0.1133 0.1490
vn -0.9881 -0.1109 0.1067
vn -0.9919 -0.1092 0.0642
vn -0.9939 -0.1084 0.0214
vn -0.9688 0.2465 0.0243
vn -0.8486 0.5284 0.0243
vn -0.8487 0.5284 0.0243
vn -0.6099 0.7922 0.0214
vn -0.6079 0.7914 0.0642
vn -0.6080 0.7914 0.0642
vn -0.6041 0.7897 0.1067
vn -0.5983 0.7873 0.1490
vn -0.5983 0.7873 0.1489
vn -0.8356 0.5227 0.1688
vn -0.8356 0.5228 0.1689
vn -0.8355 0.5229 0.1687
vn -0.9557 0.2409 0.1689
vn -0.5081 0.0501 0.8598
vn -0.5081 0.0501 0.8599
vn -0.4688 0.0332 0.8827
vn -0.4688 0.0333 0.8827
vn -0.3879 0.3320 0.8598
vn -0.3880 0.3320 0.8598
vn -0.3487 0.3152 0.8827
vn -0.3488 0.3152 0.8826
vn -0.3486 0.3152 0.8827
vn -0.6212 -0.2673 0.7367
vn -0.6211 -0.2673 0.7367
vn -0.5877 -0.2817 0.7585
vn -0.5874 -0.2817 0.7586
vn -0.5874 -0.2817 0.7587
vn -0.5873 -0.2817 0.7587
vn -0.5528 -0.2965 0.7788
vn -0.5527 -0.2965 0.7789
vn -0.5171 -0.3117 0.7972
vn -0.5170 -0.3117 0.7972
vn -0.4285 0.0161 0.9034
vn -0.3082 0.2981 0.9034
vn -0.3083 0.2980 0.9034
vn -0.1330 0.5889 0.7972
vn -0.1330 0.5888 0.7972
vn -0.1331 0.5889 0.7972
vn -0.1687 0.6040 0.7789
vn -0.1686 0.6041 0.7789
vn -0.1687 0.6041 0.7789
vn -0.2033 0.6189 0.7587
vn -0.2034 0.6190 0.7586
vn -0.2034 0.6189 0.7587
vn -0.2371 0.6333 0.7367
vn -0.2370 0.6333 0.7367
vn -0.2366 0.6334 0.7368
vn -0.4262 0.3483 0.8349
vn -0.5464 0.0664 0.8349
vn -0.5465 0.0664 0.8348
vn 0.4992 -0.3794 0.7790
vn 0.5336 -0.3941 0.7483
vn 0.6194 -0.0976 0.7790
vn 0.6194 -0.0975 0.7790
vn 0.6192 -0.0971 0.7792
vn 0.6192 -0.0974 0.7791
vn 0.6538 -0.1122 0.7483
vn 0.6538 -0.1123 0.7483
vn 0.2695 -0.6473 0.7130
vn 0.2699 -0.6472 0.7130
vn 0.2698 -0.6472 0.7130
vn 0.2699 -0.6472 0.7129
vn 0.3016 -0.6607 0.6874
vn 0.3015 -0.6607 0.6874
vn 0.3319 -0.6737 0.6603
vn 0.3611 -0.6861 0.6316
vn 0.5667 -0.4082 0.7157
vn 0.5667 -0.4083 0.7157
vn 0.6869 -0.1263 0.7157
vn 0.7451 0.2145 0.6315
vn 0.7450 0.2145 0.6316
vn 0.7452 0.2145 0.6314
vn 0.7157 0.2270 0.6605
vn 0.7155 0.2271 0.6607
vn 0.7157 0.2271 0.6605
vn 0.7159 0.2270 0.6603
vn 0.6855 0.2399 0.6874
vn 0.6539 0.2534 0.7129
vn 0.5834 -0.0822 0.8080
vn 0.5833 -0.0820 0.8081
vn 0.5835 -0.0821 0.8080
vn 0.5835 -0.0822 0.8079
vn 0.4634 -0.3641 0.8079
vn -0.9362 0.2326 0.2636
vn -0.8030 0.5090 0.3099
vn -0.8159 0.5146 0.2636
vn -0.8161 0.5144 0.2635
vn -0.9536 -0.1256 0.2735
vn -0.9536 -0.1256 0.2736
vn -0.9470 0.2371 0.2166
vn -0.3452 -0.0194 0.9383
vn -0.3451 -0.0194 0.9384
vn -0.3026 -0.0376 0.9524
vn -0.2250 0.2625 0.9383
vn -0.1824 0.2443 0.9524
vn -0.4806 -0.3271 0.8137
vn -0.4806 -0.3272 0.8136
vn -0.4805 -0.3271 0.8137
vn -0.4436 -0.3430 0.8280
vn -0.4060 -0.3591 0.8404
vn -0.3678 -0.3753 0.8508
vn -0.3678 -0.3754 0.8507
vn -0.2593 -0.0560 0.9642
vn -0.1391 0.2259 0.9642
vn 0.0162 0.5252 0.8509
vn 0.0162 0.5252 0.8508
vn -0.0220 0.5415 0.8404
vn -0.0596 0.5576 0.8280
vn -0.0967 0.5734 0.8136
vn -0.2670 0.2804 0.9220
vn -0.2671 0.2805 0.9220
vn -0.2670 0.2805 0.9220
vn -0.3872 -0.0015 0.9220
vn 0.6283 -0.4344 0.6454
vn 0.6282 -0.4344 0.6454
vn 0.6565 -0.4465 0.6080
vn 0.7484 -0.1525 0.6454
vn 0.7767 -0.1646 0.6080
vn 0.3890 -0.6980 0.6012
vn 0.4155 -0.7093 0.5695
vn 0.4154 -0.7093 0.5695
vn 0.4403 -0.7199 0.5365
vn 0.4404 -0.7199 0.5365
vn 0.4638 -0.7299 0.5021
vn 0.6831 -0.4578 0.5691
vn 0.8033 -0.1759 0.5690
vn 0.8033 -0.1760 0.5690
vn 0.8478 0.1707 0.5021
vn 0.8243 0.1807 0.5365
vn 0.7994 0.1913 0.5695
vn 0.7730 0.2026 0.6012
vn 0.7184 -0.1398 0.6814
vn 0.7185 -0.1398 0.6814
vn 0.5983 -0.4217 0.6814
vn 0.5983 -0.4216 0.6814
vn -0.8509 0.1963 0.4872
vn -0.7519 0.4871 0.4442
vn -0.8697 -0.1613 0.4665
vn -0.8697 -0.1613 0.4664
vn -0.9254 -0.1376 0.3533
vn -0.9253 -0.1376 0.3534
vn -0.9253 -0.1376 0.3533
vn -0.8911 0.2133 0.4005
vn -0.5413 0.7630 0.3534
vn -0.4856 0.7393 0.4666
vn -0.7078 0.4683 0.5288
vn -0.7079 0.4682 0.5288
vn -0.7079 0.4683 0.5287
vn -0.7079 0.4684 0.5287
vn -0.8281 0.1865 0.5287
vn -0.1713 -0.0936 0.9808
vn -0.1713 -0.0935 0.9808
vn -0.1270 -0.1124 0.9855
vn -0.1270 -0.1125 0.9855
vn -0.0511 0.1884 0.9808
vn -0.0510 0.1884 0.9808
vn -0.0068 0.1695 0.9855
vn -0.3291 -0.3918 0.8592
vn -0.3290 -0.3918 0.8592
vn -0.2901 -0.4082 0.8656
vn -0.2900 -0.4082 0.8656
vn -0.2510 -0.4251 0.8696
vn -0.2117 -0.4419 0.8717
vn -0.0824 -0.1314 0.9879
vn -0.0825 -0.1315 0.9879
vn 0.0377 0.1506 0.9879
vn 0.0377 0.1505 0.9879
vn 0.0378 0.1505 0.9879
vn 0.1723 0.4587 0.8717
vn 0.1330 0.4755 0.8696
vn 0.0938 0.4922 0.8654
vn 0.0937 0.4922 0.8654
vn 0.0549 0.5087 0.8592
vn -0.0953 0.2072 0.9736
vn -0.2155 -0.0747 0.9736
vn 0.7306 -0.4783 0.4872
vn 0.7307 -0.4782 0.4871
vn 0.7308 -0.4782 0.4871
vn 0.7518 -0.4872 0.4443
vn 0.7518 -0.4871 0.4443
vn 0.8511 -0.1963 0.4870
vn 0.8511 -0.1963 0.4869
vn 0.8510 -0.1963 0.4870
vn 0.8720 -0.2053 0.4443
vn 0.8721 -0.2052 0.4443
vn 0.4857 -0.7392 0.4665
vn 0.5059 -0.7479 0.4298
vn 0.5245 -0.7558 0.3921
vn 0.5413 -0.7630 0.3534
vn 0.7709 -0.4953 0.4005
vn 0.8911 -0.2134 0.4005
vn 0.9253 0.1376 0.3534
vn 0.9085 0.1448 0.3921
vn 0.8899 0.1527 0.4298
vn 0.8697 0.1613 0.4665
vn 0.8281 -0.1865 0.5286
vn 0.7079 -0.4684 0.5286
vn -0.7485 0.1525 0.6454
vn -0.7484 0.1525 0.6454
vn -0.7484 0.1525 0.6455
vn -0.7766 0.1647 0.6081
vn -0.6282 0.4344 0.6455
vn -0.7733 -0.2026 0.6008
vn -0.7995 -0.1912 0.5694
vn -0.7995 -0.1912 0.5695
vn -0.7995 -0.1913 0.5695
vn -0.8243 -0.1807 0.5366
vn -0.8242 -0.1806 0.5367
vn -0.8478 -0.1708 0.5020
vn -0.8033 0.1760 0.5689
vn -0.8034 0.1761 0.5689
vn -0.4638 0.7299 0.5021
vn -0.4153 0.7093 0.5696
vn -0.3890 0.6981 0.6011
vn -0.3890 0.6980 0.6012
vn -0.3890 0.6982 0.6010
vn -0.5982 0.4217 0.6814
vn -0.5983 0.4217 0.6813
vn 0.8030 -0.5090 0.3099
vn 0.8031 -0.5090 0.3099
vn 0.8160 -0.5143 0.2637
vn 0.8160 -0.5145 0.2636
vn 0.9232 -0.2271 0.3099
vn 0.9232 -0.2272 0.3099
vn 0.9362 -0.2326 0.2636
vn 0.5564 -0.7694 0.3138
vn 0.5697 -0.7750 0.2736
vn 0.5697 -0.7750 0.2735
vn 0.5811 -0.7799 0.2326
vn 0.5906 -0.7840 0.1910
vn 0.5906 -0.7840 0.1911
vn 0.8268 -0.5191 0.2166
vn 0.9470 -0.2372 0.2166
vn 0.9746 0.1166 0.1911
vn 0.9746 0.1167 0.1911
vn 0.9651 0.1207 0.2326
vn 0.9536 0.1256 0.2735
vn 0.9404 0.1312 0.3138
vn 0.9082 -0.2207 0.3556
vn 0.7880 -0.5026 0.3556
vn -0.6855 -0.2400 0.6874
vn -0.6855 -0.2399 0.6875
vn -0.7160 -0.2269 0.6602
vn -0.7161 -0.2269 0.6601
vn -0.7450 -0.2145 0.6316
vn -0.7450 -0.2145 0.6317
vn -0.5667 0.4082 0.7156
vn -0.5667 0.4081 0.7157
vn -0.3611 0.6861 0.6315
vn -0.3016 0.6607 0.6874
vn -0.2699 0.6473 0.7129
vn -0.5835 0.0823 0.8079
vn -0.5835 0.0823 0.8080
vn 0.8421 -0.5256 0.1209
vn 0.8418 -0.5260 0.1209
vn 0.8464 -0.5275 0.0727
vn 0.8465 -0.5275 0.0727
vn 0.9623 -0.2435 0.1209
vn 0.9623 -0.2437 0.1209
vn 0.9623 -0.2438 0.1210
vn 0.9666 -0.2456 0.0727
vn 0.5983 -0.7873 0.1489
vn 0.5983 -0.7873 0.1490
vn 0.6040 -0.7897 0.1071
vn 0.6041 -0.7897 0.1067
vn 0.6043 -0.7896 0.1067
vn 0.6080 -0.7914 0.0642
vn 0.6079 -0.7914 0.0642
vn 0.6083 -0.7911 0.0641
vn 0.6099 -0.7922 0.0214
vn 0.6098 -0.7922 0.0214
vn 0.8486 -0.5284 0.0243
vn 0.9689 -0.2465 0.0243
vn 0.9688 -0.2465 0.0243
vn 0.9939 0.1084 0.0214
vn 0.9939 0.1086 0.0214
vn 0.9920 0.1091 0.0641
vn 0.9920 0.1092 0.0641
vn 0.9919 0.1092 0.0642
vn 0.9881 0.1109 0.1067
vn 0.9823 0.1134 0.1490
vn 0.9823 0.1135 0.1490
vn 0.9823 0.1133 0.1490
vn 0.9557 -0.2409 0.1689
vn 0.8355 -0.5228 0.1689
vn -0.4687 0.0331 0.8827
vn -0.4686 0.0329 0.8828
vn -0.5080 0.0501 0.8599
vn -0.3485 0.3152 0.8827
vn -0.5173 -0.3118 0.7970
vn -0.5171 -0.3117 0.7971
vn -0.5174 -0.3117 0.7970
vn -0.5873 -0.2817 0.7588
vn -0.5872 -0.2817 0.7588
vn -0.2033 0.6188 0.7588
vn 0.8464 -0.5275 -0.0727
vn 0.8464 -0.5276 -0.0727
vn 0.8465 -0.5274 -0.0728
vn 0.8421 -0.5256 -0.1209
vn 0.9667 -0.2456 -0.0727
vn 0.9666 -0.2456 -0.0727
vn 0.9623 -0.2438 -0.1210
vn 0.9623 -0.2437 -0.1209
vn 0.9623 -0.2436 -0.1209
vn 0.6099 -0.7922 -0.0214
vn 0.6080 -0.7914 -0.0642
vn 0.6079 -0.7914 -0.0642
vn 0.6080 -0.7913 -0.0642
vn 0.6041 -0.7897 -0.1067
vn 0.6041 -0.7897 -0.1068
vn 0.6041 -0.7897 -0.1069
vn 0.5983 -0.7873 -0.1490
vn 0.5983 -0.7873 -0.1491
vn 0.8355 -0.5228 -0.1689
vn 0.9557 -0.2409 -0.1689
vn 0.9823 0.1133 -0.1490
vn 0.9881 0.1109 -0.1067
vn 0.9919 0.1092 -0.0642
vn 0.9920 0.1092 -0.0641
vn 0.9939 0.1084 -0.0214
vn 0.9939 0.1083 -0.0214
vn 0.9689 -0.2464 -0.0243
vn 0.9689 -0.2463 -0.0243
vn 0.9689 -0.2465 -0.0243
vn 0.9688 -0.2465 -0.0243
vn 0.8486 -0.5284 -0.0243
vn -0.3021 -0.0374 0.9525
vn -0.1825 0.2443 0.9524
vn -0.2252 0.2625 0.9383
vn -0.3678 -0.3752 0.8508
vn -0.3679 -0.3753 0.8508
vn -0.4060 -0.3590 0.8404
vn -0.4807 -0.3272 0.8136
vn -0.3873 -0.0015 0.9220
vn -0.0967 0.5734 0.8135
vn -0.0966 0.5734 0.8136
vn -0.0221 0.5415 0.8404
vn 0.0163 0.5252 0.8508
vn 0.8160 -0.5145 -0.2636
vn 0.8030 -0.5091 -0.3099
vn 0.8030 -0.5090 -0.3099
vn 0.9362 -0.2326 -0.2636
vn 0.9232 -0.2271 -0.3099
vn 0.5906 -0.7840 -0.1911
vn 0.5811 -0.7799 -0.2326
vn 0.5697 -0.7750 -0.2735
vn 0.5697 -0.7750 -0.2736
vn 0.5564 -0.7694 -0.3138
vn 0.7880 -0.5026 -0.3556
vn 0.9082 -0.2207 -0.3556
vn 0.9404 0.1312 -0.3137
vn 0.9405 0.1311 -0.3136
vn 0.9404 0.1312 -0.3138
vn 0.9536 0.1256 -0.2735
vn 0.9651 0.1207 -0.2326
vn 0.9746 0.1166 -0.1911
vn 0.9746 0.1166 -0.1912
vn 0.9470 -0.2372 -0.2166
vn 0.8268 -0.5191 -0.2166
vn -0.1269 -0.1123 0.9855
vn -0.1268 -0.1124 0.9855
vn -0.2114 -0.4419 0.8718
vn -0.2117 -0.4419 0.8718
vn -0.2116 -0.4418 0.8718
vn -0.2117 -0.4420 0.8717
vn -0.2902 -0.4084 0.8654
vn -0.3292 -0.3914 0.8593
vn 0.0549 0.5088 0.8591
vn 0.0938 0.4921 0.8655
vn 0.1331 0.4755 0.8696
vn 0.1724 0.4587 0.8717
vn 0.1724 0.4588 0.8717
vn 0.0377 0.1504 0.9879
vn 0.7519 -0.4872 -0.4443
vn 0.7518 -0.4871 -0.4443
vn 0.7518 -0.4872 -0.4443
vn 0.7308 -0.4782 -0.4871
vn 0.7308 -0.4781 -0.4871
vn 0.7308 -0.4783 -0.4871
vn 0.8721 -0.2052 -0.4443
vn 0.8720 -0.2053 -0.4443
vn 0.8720 -0.2052 -0.4444
vn 0.8721 -0.2051 -0.4443
vn 0.8510 -0.1962 -0.4871
vn 0.8510 -0.1963 -0.4871
vn 0.5413 -0.7630 -0.3534
vn 0.5245 -0.7558 -0.3921
vn 0.5244 -0.7558 -0.3921
vn 0.5059 -0.7479 -0.4298
vn 0.4857 -0.7392 -0.4665
vn 0.4857 -0.7393 -0.4665
vn 0.7079 -0.4684 -0.5286
vn 0.7080 -0.4684 -0.5285
vn 0.8281 -0.1865 -0.5286
vn 0.8281 -0.1864 -0.5287
vn 0.8697 0.1613 -0.4665
vn 0.8697 0.1614 -0.4665
vn 0.8899 0.1527 -0.4298
vn 0.8899 0.1524 -0.4299
vn 0.8899 0.1525 -0.4298
vn 0.9085 0.1448 -0.3921
vn 0.9253 0.1376 -0.3534
vn 0.8911 -0.2134 -0.4005
vn 0.7709 -0.4953 -0.4005
vn 0.0511 -0.1884 0.9808
vn 0.1712 0.0935 0.9808
vn 0.1269 0.1124 0.9855
vn -0.0550 -0.5087 0.8592
vn -0.0549 -0.5087 0.8592
vn -0.0938 -0.4920 0.8655
vn -0.1330 -0.4756 0.8696
vn -0.1723 -0.4589 0.8716
vn 0.2118 0.4419 0.8717
vn 0.2510 0.4250 0.8697
vn 0.2509 0.4249 0.8698
vn 0.3292 0.3917 0.8592
vn 0.3291 0.3917 0.8592
vn 0.6565 -0.4465 -0.6080
vn 0.6282 -0.4345 -0.6454
vn 0.7767 -0.1646 -0.6080
vn 0.7485 -0.1525 -0.6454
vn 0.7484 -0.1525 -0.6454
vn 0.4638 -0.7299 -0.5021
vn 0.4404 -0.7199 -0.5364
vn 0.4404 -0.7199 -0.5365
vn 0.4154 -0.7093 -0.5695
vn 0.3890 -0.6980 -0.6012
vn 0.5983 -0.4216 -0.6814
vn 0.5983 -0.4217 -0.6814
vn 0.5983 -0.4217 -0.6813
vn 0.7185 -0.1398 -0.6813
vn 0.7730 0.2026 -0.6012
vn 0.7995 0.1913 -0.5694
vn 0.7996 0.1912 -0.5693
vn 0.7995 0.1913 -0.5695
vn 0.7994 0.1913 -0.5695
vn 0.8245 0.1807 -0.5363
vn 0.8243 0.1807 -0.5365
vn 0.8243 0.1808 -0.5365
vn 0.8477 0.1707 -0.5022
vn 0.8475 0.1705 -0.5026
vn 0.8478 0.1707 -0.5021
vn 0.8033 -0.1759 -0.5690
vn 0.6831 -0.4578 -0.5691
vn 0.6831 -0.4578 -0.5690
vn 0.2251 -0.2625 0.9383
vn 0.2252 -0.2625 0.9383
vn 0.3025 0.0376 0.9524
vn 0.0966 -0.5734 0.8136
vn 0.0596 -0.5576 0.8280
vn 0.0221 -0.5415 0.8404
vn -0.0162 -0.5252 0.8509
vn -0.0161 -0.5251 0.8509
vn 0.1391 -0.2260 0.9642
vn 0.1390 -0.2265 0.9640
vn 0.2593 0.0561 0.9642
vn 0.2594 0.0562 0.9641
vn 0.3678 0.3753 0.8508
vn 0.2671 -0.2804 0.9220
vn 0.2671 -0.2805 0.9220
vn 0.2671 -0.2805 0.9219
vn 0.5336 -0.3941 -0.7483
vn 0.4992 -0.3794 -0.7790
vn 0.6538 -0.1121 -0.7483
vn 0.6538 -0.1122 -0.7483
vn 0.6194 -0.0975 -0.7790
vn 0.3611 -0.6861 -0.6316
vn 0.3319 -0.6736 -0.6603
vn 0.3319 -0.6737 -0.6603
vn 0.3015 -0.6607 -0.6874
vn 0.3016 -0.6607 -0.6874
vn 0.2699 -0.6472 -0.7129
vn 0.4634 -0.3641 -0.8079
vn 0.5835 -0.0822 -0.8079
vn 0.6539 0.2534 -0.7129
vn 0.6855 0.2399 -0.6874
vn 0.6856 0.2399 -0.6874
vn 0.7159 0.2269 -0.6603
vn 0.7159 0.2270 -0.6603
vn 0.7451 0.2143 -0.6315
vn 0.7451 0.2145 -0.6316
vn 0.7452 0.2145 -0.6314
vn 0.7453 0.2144 -0.6313
vn 0.6869 -0.1263 -0.7157
vn 0.5666 -0.4082 -0.7158
vn 0.5667 -0.4082 -0.7157
vn 0.3881 -0.3320 0.8597
vn 0.3880 -0.3320 0.8598
vn 0.4686 -0.0332 0.8828
vn 0.4684 -0.0331 0.8829
vn 0.2371 -0.6332 0.7367
vn 0.5171 0.3116 0.7972
vn 0.5528 0.2965 0.7788
vn 0.5873 0.2817 0.7588
vn 0.3879 -0.3320 -0.8598
vn 0.3486 -0.3152 -0.8827
vn 0.3486 -0.3151 -0.8827
vn 0.5081 -0.0501 -0.8598
vn 0.4687 -0.0334 -0.8827
vn 0.4688 -0.0333 -0.8827
vn 0.2371 -0.6332 -0.7368
vn 0.2033 -0.6189 -0.7587
vn 0.1687 -0.6041 -0.7789
vn 0.1687 -0.6041 -0.7788
vn 0.1331 -0.5889 -0.7972
vn 0.1330 -0.5889 -0.7972
vn 0.3083 -0.2980 -0.9034
vn 0.4285 -0.0161 -0.9034
vn 0.5171 0.3117 -0.7972
vn 0.5527 0.2965 -0.7789
vn 0.5527 0.2965 -0.7788
vn 0.5873 0.2817 -0.7587
vn 0.5873 0.2817 -0.7588
vn 0.6212 0.2673 -0.7367
vn 0.6211 0.2673 -0.7367
vn 0.5464 -0.0664 -0.8349
vn 0.4262 -0.3483 -0.8349
vn 0.3610 -0.6862 0.6315
vn 0.3015 -0.6608 0.6874
vn 0.3017 -0.6606 0.6874
vn 0.5836 -0.0822 0.8079
vn 0.6855 0.2399 0.6875
vn 0.7159 0.2269 0.6603
vn 0.7451 0.2145 0.6316
vn 0.5666 -0.4083 0.7157
vn 0.2250 -0.2624 -0.9383
vn 0.2250 -0.2625 -0.9383
vn 0.1824 -0.2443 -0.9524
vn 0.1824 -0.2442 -0.9524
vn 0.3451 0.0194 -0.9383
vn 0.3452 0.0193 -0.9383
vn 0.3451 0.0193 -0.9384
vn 0.3451 0.0194 -0.9384
vn 0.3026 0.0376 -0.9524
vn 0.0966 -0.5734 -0.8136
vn 0.0596 -0.5576 -0.8280
vn 0.0220 -0.5416 -0.8404
vn 0.0220 -0.5415 -0.8404
vn -0.0162 -0.5252 -0.8508
vn 0.1390 -0.2259 -0.9642
vn 0.1390 -0.2257 -0.9642
vn 0.1391 -0.2259 -0.9642
vn 0.2593 0.0560 -0.9642
vn 0.3678 0.3752 -0.8508
vn 0.3678 0.3753 -0.8508
vn 0.3678 0.3752 -0.8509
vn 0.4060 0.3591 -0.8404
vn 0.4436 0.3430 -0.8280
vn 0.4806 0.3272 -0.8136
vn 0.3872 0.0015 -0.9220
vn 0.3872 0.0014 -0.9220
vn 0.2670 -0.2804 -0.9220
vn 0.6283 -0.4344 0.6453
vn 0.7485 -0.1526 0.6454
vn 0.7185 -0.1398 0.6813
vn 0.7729 0.2026 0.6013
vn 0.7995 0.1912 0.5695
vn 0.7994 0.1912 0.5695
vn 0.8478 0.1708 0.5021
vn 0.8477 0.1708 0.5022
vn 0.6831 -0.4578 0.5690
vn -0.0938 -0.4922 -0.8654
vn -0.1330 -0.4756 -0.8696
vn -0.1722 -0.4588 -0.8717
vn -0.1722 -0.4586 -0.8718
vn 0.2118 0.4419 -0.8717
vn 0.2511 0.4252 -0.8696
vn 0.2901 0.4083 -0.8655
vn 0.2901 0.4082 -0.8656
vn 0.2154 0.0747 -0.9737
vn 0.0952 -0.2072 -0.9737
vn 0.7518 -0.4871 0.4444
vn 0.7519 -0.4870 0.4444
vn 0.7308 -0.4782 0.4870
vn 0.8720 -0.2054 0.4443
vn 0.8720 -0.2054 0.4444
vn 0.8510 -0.1963 0.4871
vn 0.8510 -0.1962 0.4871
vn 0.5413 -0.7629 0.3534
vn 0.5414 -0.7629 0.3534
vn 0.9253 0.1376 0.3533
vn 0.7709 -0.4953 0.4004
vn -0.1270 -0.1124 -0.9855
vn -0.1269 -0.1123 -0.9855
vn -0.1713 -0.0936 -0.9808
vn -0.1713 -0.0935 -0.9808
vn -0.0068 0.1695 -0.9855
vn -0.0512 0.1884 -0.9808
vn -0.2118 -0.4418 -0.8717
vn -0.2118 -0.4418 -0.8718
vn -0.2119 -0.4418 -0.8717
vn -0.2118 -0.4419 -0.8717
vn -0.2510 -0.4251 -0.8696
vn -0.2511 -0.4251 -0.8696
vn -0.2901 -0.4083 -0.8655
vn -0.2902 -0.4084 -0.8654
vn -0.2902 -0.4083 -0.8655
vn -0.2901 -0.4082 -0.8656
vn -0.3291 -0.3918 -0.8592
vn -0.2156 -0.0747 -0.9736
vn -0.2155 -0.0747 -0.9736
vn -0.0952 0.2072 -0.9736
vn -0.0949 0.2072 -0.9737
vn -0.0952 0.2072 -0.9737
vn -0.0953 0.2072 -0.9736
vn 0.0549 0.5086 -0.8592
vn 0.0549 0.5087 -0.8592
vn 0.0938 0.4921 -0.8655
vn 0.1330 0.4755 -0.8696
vn 0.1723 0.4587 -0.8717
vn 0.0377 0.1505 -0.9879
vn -0.0824 -0.1314 -0.9879
vn 0.8160 -0.5144 0.2636
vn 0.8030 -0.5090 0.3100
vn 0.8030 -0.5090 0.3101
vn 0.9362 -0.2327 0.2636
vn 0.9362 -0.2327 0.2635
vn 0.9361 -0.2329 0.2636
vn 0.7881 -0.5025 0.3555
vn 0.9536 0.1255 0.2735
vn -0.3026 -0.0375 -0.9524
vn -0.3451 -0.0196 -0.9384
vn -0.3449 -0.0197 -0.9384
vn -0.3451 -0.0195 -0.9384
vn -0.3452 -0.0193 -0.9383
vn -0.1824 0.2443 -0.9524
vn -0.2249 0.2624 -0.9384
vn -0.2250 0.2625 -0.9383
vn -0.2250 0.2624 -0.9384
vn -0.2247 0.2623 -0.9385
vn -0.3678 -0.3753 -0.8508
vn -0.4061 -0.3590 -0.8404
vn -0.4060 -0.3591 -0.8404
vn -0.4436 -0.3430 -0.8280
vn -0.4436 -0.3431 -0.8280
vn -0.4806 -0.3272 -0.8136
vn -0.3872 -0.0014 -0.9220
vn -0.3872 -0.0015 -0.9220
vn -0.2670 0.2804 -0.9220
vn -0.0967 0.5734 -0.8136
vn -0.0596 0.5576 -0.8280
vn -0.0597 0.5576 -0.8280
vn -0.0220 0.5415 -0.8404
vn 0.0162 0.5252 -0.8508
vn -0.1391 0.2259 -0.9642
vn -0.1392 0.2259 -0.9642
vn -0.2593 -0.0560 -0.9642
vn 0.8421 -0.5255 0.1209
vn 0.9667 -0.2456 0.0727
vn 0.9623 -0.2436 0.1209
vn 0.6099 -0.7922 0.0215
vn 0.6080 -0.7913 0.0642
vn 0.6042 -0.7897 0.1066
vn 0.5984 -0.7872 0.1489
vn 0.5983 -0.7873 0.1491
vn 0.8355 -0.5229 0.1687
vn 0.9881 0.1110 0.1067
vn 0.8487 -0.5284 0.0243
vn 0.8486 -0.5284 0.0242
vn -0.4688 0.0333 -0.8827
vn -0.5081 0.0501 -0.8598
vn -0.3486 0.3152 -0.8827
vn -0.3878 0.3321 -0.8598
vn -0.3879 0.3320 -0.8598
vn -0.5171 -0.3117 -0.7972
vn -0.5171 -0.3117 -0.7971
vn -0.5527 -0.2964 -0.7789
vn -0.5527 -0.2965 -0.7789
vn -0.5873 -0.2817 -0.7588
vn -0.5873 -0.2817 -0.7587
vn -0.6211 -0.2673 -0.7367
vn -0.5464 0.0665 -0.8349
vn -0.5464 0.0664 -0.8349
vn -0.4261 0.3482 -0.8350
vn -0.4262 0.3483 -0.8349
vn -0.2371 0.6333 -0.7367
vn -0.2033 0.6189 -0.7587
vn -0.1687 0.6041 -0.7789
vn -0.1331 0.5889 -0.7972
vn -0.3083 0.2980 -0.9034
vn -0.4285 0.0161 -0.9034
vn 0.8421 -0.5257 -0.1209
vn 0.8465 -0.5275 -0.0727
vn 0.5984 -0.7872 -0.1489
vn 0.5983 -0.7873 -0.1489
vn 0.5983 -0.7874 -0.1488
vn 0.6041 -0.7897 -0.1066
vn 0.8487 -0.5284 -0.0243
vn 0.9881 0.1109 -0.1068
vn 0.9823 0.1133 -0.1491
vn 0.9823 0.1134 -0.1492
vn 0.9557 -0.2410 -0.1689
vn 0.8356 -0.5228 -0.1689
vn 0.8355 -0.5228 -0.1690
vn 0.8357 -0.5225 -0.1690
vn 0.8356 -0.5227 -0.1689
vn -0.6194 0.0975 -0.7790
vn -0.6537 0.1123 -0.7484
vn -0.6535 0.1123 -0.7485
vn -0.6538 0.1122 -0.7483
vn -0.4992 0.3794 -0.7790
vn -0.5336 0.3940 -0.7483
vn -0.5336 0.3941 -0.7483
vn -0.6539 -0.2534 -0.7129
vn -0.6855 -0.2399 -0.6874
vn -0.7160 -0.2271 -0.6602
vn -0.7159 -0.2269 -0.6603
vn -0.7450 -0.2144 -0.6317
vn -0.7450 -0.2145 -0.6316
vn -0.7450 -0.2146 -0.6316
vn -0.6868 0.1263 -0.7157
vn -0.6869 0.1263 -0.7157
vn -0.5668 0.4081 -0.7157
vn -0.5669 0.4081 -0.7156
vn -0.5667 0.4082 -0.7157
vn -0.3611 0.6861 -0.6316
vn -0.3319 0.6737 -0.6603
vn -0.3014 0.6608 -0.6874
vn -0.3015 0.6607 -0.6874
vn -0.3015 0.6608 -0.6874
vn -0.2699 0.6472 -0.7129
vn -0.4634 0.3641 -0.8079
vn -0.5835 0.0822 -0.8079
vn 0.8030 -0.5090 -0.3100
vn 0.8159 -0.5145 -0.2636
vn 0.8160 -0.5145 -0.2637
vn 0.9362 -0.2325 -0.2635
vn 0.9362 -0.2326 -0.2635
vn 0.9470 -0.2371 -0.2166
vn 0.9536 0.1255 -0.2735
vn 0.7880 -0.5027 -0.3556
vn 0.7880 -0.5027 -0.3555
vn -0.7484 0.1526 -0.6454
vn -0.7485 0.1526 -0.6454
vn -0.7767 0.1646 -0.6080
vn -0.6282 0.4345 -0.6454
vn -0.6282 0.4344 -0.6454
vn -0.6565 0.4465 -0.6080
vn -0.6565 0.4466 -0.6080
vn -0.7730 -0.2026 -0.6012
vn -0.7994 -0.1913 -0.5695
vn -0.7995 -0.1913 -0.5694
vn -0.7995 -0.1913 -0.5695
vn -0.8243 -0.1808 -0.5365
vn -0.8242 -0.1806 -0.5367
vn -0.8243 -0.1808 -0.5366
vn -0.8243 -0.1807 -0.5365
vn -0.8478 -0.1707 -0.5020
vn -0.8478 -0.1707 -0.5021
vn -0.8479 -0.1709 -0.5019
vn -0.8033 0.1759 -0.5691
vn -0.8033 0.1759 -0.5690
vn -0.6831 0.4578 -0.5690
vn -0.4637 0.7299 -0.5021
vn -0.4638 0.7299 -0.5021
vn -0.4639 0.7298 -0.5022
vn -0.4403 0.7199 -0.5365
vn -0.4155 0.7092 -0.5695
vn -0.4154 0.7093 -0.5696
vn -0.4156 0.7093 -0.5693
vn -0.4154 0.7093 -0.5695
vn -0.3890 0.6980 -0.6012
vn -0.3890 0.6981 -0.6011
vn -0.5983 0.4217 -0.6814
vn -0.7185 0.1398 -0.6813
vn -0.7184 0.1398 -0.6814
vn -0.7185 0.1398 -0.6814
vn 0.7307 -0.4782 -0.4872
vn 0.7519 -0.4871 -0.4442
vn 0.7519 -0.4871 -0.4443
vn 0.8510 -0.1963 -0.4870
vn 0.8720 -0.2053 -0.4444
vn 0.4856 -0.7392 -0.4666
vn 0.5059 -0.7479 -0.4297
vn 0.5413 -0.7630 -0.3533
vn 0.5413 -0.7630 -0.3532
vn 0.8911 -0.2133 -0.4006
vn 0.9253 0.1375 -0.3534
vn 0.9253 0.1377 -0.3534
vn 0.9085 0.1447 -0.3921
vn 0.8281 -0.1865 -0.5287
vn 0.7079 -0.4685 -0.5286
vn -0.1714 -0.0935 -0.9808
vn -0.0511 0.1883 -0.9808
vn -0.0511 0.1884 -0.9808
vn -0.3291 -0.3917 -0.8592
vn -0.2902 -0.4084 -0.8655
vn -0.2902 -0.4085 -0.8654
vn -0.2117 -0.4418 -0.8718
vn -0.2116 -0.4418 -0.8718
vn -0.2117 -0.4419 -0.8717
vn 0.1723 0.4588 -0.8717
vn 0.1329 0.4755 -0.8696
vn 0.1328 0.4755 -0.8696
vn 0.0939 0.4921 -0.8654
vn 0.0938 0.4921 -0.8654
vn 0.0550 0.5087 -0.8592
vn -0.2155 -0.0747 -0.9737
vn -0.8510 0.1963 -0.4870
vn -0.8720 0.2052 -0.4443
vn -0.8721 0.2051 -0.4443
vn -0.8721 0.2052 -0.4443
vn -0.7309 0.4782 -0.4870
vn -0.7308 0.4782 -0.4870
vn -0.7519 0.4870 -0.4444
vn -0.7519 0.4871 -0.4443
vn -0.9084 -0.1448 -0.3921
vn -0.8911 0.2133 -0.4005
vn -0.8912 0.2130 -0.4005
vn -0.5413 0.7629 -0.3534
vn -0.5058 0.7480 -0.4298
vn -0.5059 0.7478 -0.4299
vn -0.4857 0.7392 -0.4665
vn 0.6282 -0.4344 -0.6455
vn 0.6283 -0.4344 -0.6454
vn 0.6282 -0.4344 -0.6454
vn 0.7484 -0.1526 -0.6454
vn 0.4403 -0.7199 -0.5365
vn 0.4638 -0.7299 -0.5022
vn 0.4637 -0.7299 -0.5022
vn 0.8032 -0.1761 -0.5691
vn 0.8034 -0.1759 -0.5689
vn 0.7184 -0.1398 -0.6814
vn 0.7185 -0.1398 -0.6814
vn 0.7184 -0.1398 -0.6815
vn -0.3452 -0.0194 -0.9383
vn -0.3453 -0.0194 -0.9383
vn -0.3026 -0.0376 -0.9524
vn -0.1824 0.2445 -0.9523
vn -0.4806 -0.3273 -0.8136
vn -0.4059 -0.3591 -0.8404
vn -0.3680 -0.3753 -0.8507
vn -0.3678 -0.3755 -0.8507
vn 0.0161 0.5253 -0.8508
vn 0.0161 0.5252 -0.8508
vn 0.0162 0.5253 -0.8508
vn -0.0596 0.5575 -0.8280
vn -0.0593 0.5572 -0.8282
vn -0.0966 0.5733 -0.8136
vn -0.0965 0.5733 -0.8137
vn -0.0965 0.5733 -0.8136
vn -0.0966 0.5734 -0.8136
vn -0.2671 0.2804 -0.9220
vn -0.3874 -0.0015 -0.9219
vn -0.3876 -0.0015 -0.9218
vn -0.9232 0.2271 -0.3100
vn -0.8030 0.5090 -0.3099
vn -0.8031 0.5088 -0.3101
vn -0.8031 0.5089 -0.3100
vn -0.8031 0.5090 -0.3099
vn -0.8160 0.5145 -0.2635
vn -0.9404 -0.1311 -0.3138
vn -0.9536 -0.1255 -0.2736
vn -0.9537 -0.1255 -0.2735
vn -0.9536 -0.1255 -0.2735
vn -0.9651 -0.1207 -0.2325
vn -0.5811 0.7799 -0.2327
vn -0.7880 0.5026 -0.3555
vn -0.7880 0.5025 -0.3556
vn 0.2699 -0.6473 -0.7129
vn 0.2700 -0.6472 -0.7129
vn 0.3016 -0.6606 -0.6874
vn 0.3015 -0.6608 -0.6874
vn 0.5666 -0.4081 -0.7158
vn 0.7450 0.2146 -0.6316
vn 0.7450 0.2145 -0.6316
vn 0.7160 0.2271 -0.6601
vn 0.6854 0.2398 -0.6875
vn 0.6854 0.2400 -0.6875
vn 0.6855 0.2400 -0.6874
vn 0.4634 -0.3642 -0.8079
vn 0.4633 -0.3642 -0.8079
vn -0.5874 -0.2817 -0.7587
vn -0.5873 -0.2818 -0.7587
vn -0.5526 -0.2965 -0.7789
vn -0.5172 -0.3118 -0.7971
vn -0.4285 0.0162 -0.9034
vn -0.4284 0.0163 -0.9034
vn -0.3083 0.2981 -0.9034
vn -0.1332 0.5889 -0.7972
vn -0.1333 0.5888 -0.7972
vn -0.1687 0.6041 -0.7788
vn -0.2035 0.6189 -0.7586
vn -0.2034 0.6189 -0.7587
vn -0.2371 0.6334 -0.7366
vn -0.4262 0.3485 -0.8348
vn -0.5468 0.0664 -0.8347
vn -0.9622 0.2439 -0.1211
vn -0.9666 0.2456 -0.0727
vn -0.8421 0.5255 -0.1209
vn -0.9823 -0.1133 -0.1491
vn -0.9823 -0.1132 -0.1490
vn -0.9920 -0.1091 -0.0642
vn -0.9919 -0.1091 -0.0643
vn -0.9939 -0.1085 -0.0214
vn -0.9939 -0.1085 -0.0215
vn -0.8486 0.5285 -0.0243
vn -0.6099 0.7922 -0.0215
vn -0.6080 0.7913 -0.0642
vn -0.6041 0.7897 -0.1066
vn -0.5983 0.7873 -0.1491
vn -0.5983 0.7873 -0.1489
vn -0.8355 0.5228 -0.1689
vn -0.8355 0.5229 -0.1689
vn -0.9557 0.2410 -0.1689
vn 0.3880 -0.3320 -0.8598
vn 0.1687 -0.6040 -0.7789
vn 0.2034 -0.6188 -0.7587
vn 0.2034 -0.6187 -0.7589
vn 0.2033 -0.6188 -0.7588
vn 0.2034 -0.6189 -0.7587
vn 0.2371 -0.6332 -0.7367
vn 0.2372 -0.6332 -0.7368
vn 0.2371 -0.6333 -0.7367
vn 0.4261 -0.3483 -0.8349
vn 0.5466 -0.0666 -0.8348
vn 0.6211 0.2673 -0.7368
vn 0.6212 0.2673 -0.7366
vn 0.5874 0.2816 -0.7587
vn 0.5873 0.2818 -0.7587
vn 0.5527 0.2966 -0.7789
vn 0.5527 0.2961 -0.7790
vn 0.5171 0.3116 -0.7972
vn 0.3083 -0.2979 -0.9034
vn -0.7451 -0.2145 -0.6316
vn -0.6853 -0.2401 -0.6876
vn -0.6854 -0.2399 -0.6875
vn -0.6855 -0.2401 -0.6873
vn -0.5836 0.0822 -0.8079
vn -0.4634 0.3642 -0.8079
vn -0.3318 0.6738 -0.6602
vn -0.3318 0.6737 -0.6603
vn -0.5667 0.4081 -0.7157
vn -0.9623 0.2438 0.1208
vn -0.8464 0.5276 0.0727
vn -0.8422 0.5255 0.1209
vn -0.9939 -0.1085 0.0215
vn -0.9939 -0.1086 0.0216
vn -0.9920 -0.1091 0.0640
vn -0.9920 -0.1089 0.0642
vn -0.9920 -0.1091 0.0642
vn -0.9823 -0.1134 0.1490
vn -0.8355 0.5228 0.1689
vn -0.8355 0.5229 0.1689
vn -0.5983 0.7873 0.1491
vn -0.6041 0.7897 0.1066
vn -0.6080 0.7913 0.0642
vn -0.6098 0.7922 0.0213
vn -0.8486 0.5285 0.0243
vn -0.9689 0.2464 0.0243
vn 0.2250 -0.2626 -0.9383
vn 0.3026 0.0375 -0.9524
vn 0.3453 0.0194 -0.9383
vn 0.3454 0.0194 -0.9382
vn 0.3452 0.0194 -0.9383
vn 0.0219 -0.5415 -0.8404
vn 0.0597 -0.5576 -0.8280
vn 0.2669 -0.2804 -0.9220
vn 0.3874 0.0015 -0.9219
vn 0.3873 0.0015 -0.9220
vn 0.4435 0.3430 -0.8280
vn 0.4434 0.3428 -0.8282
vn 0.4435 0.3429 -0.8281
vn 0.4059 0.3591 -0.8404
vn 0.3677 0.3754 -0.8508
vn 0.3677 0.3755 -0.8508
vn -0.7485 0.1524 -0.6454
vn -0.7484 0.1525 -0.6454
vn -0.6282 0.4344 -0.6455
vn -0.6283 0.4344 -0.6455
vn -0.8478 -0.1708 -0.5021
vn -0.7995 -0.1913 -0.5693
vn -0.7729 -0.2026 -0.6013
vn -0.5982 0.4217 -0.6814
vn -0.4154 0.7094 -0.5694
vn -0.4156 0.7094 -0.5692
vn -0.6830 0.4578 -0.5691
vn -0.6830 0.4579 -0.5691
vn -0.6831 0.4579 -0.5690
vn -0.8033 0.1758 -0.5691
vn -0.8033 0.1757 -0.5690
vn -0.6343 -0.0000 -0.7731
vn -0.8305 -0.5509 0.0821
vn -0.8305 -0.5510 0.0821
vn 0.7989 -0.5505 0.2423
vn -0.7988 -0.5506 0.2422
vn -0.7989 -0.5505 0.2423
vn -0.7989 -0.5505 0.2422
vn 0.8308 -0.5505 0.0817
vn 0.8308 -0.5506 0.0818
vn 0.8307 -0.5506 0.0818
vn -0.7362 -0.5506 0.3936
vn -0.7357 -0.5511 0.3937
vn -0.7361 -0.5507 0.3935
vn -0.7362 -0.5506 0.3935
vn 0.8307 -0.5507 -0.0819
vn 0.8308 -0.5505 -0.0818
vn -0.6453 -0.5506 0.5295
vn -0.6451 -0.5511 0.5293
vn -0.6454 -0.5505 0.5295
vn -0.6455 -0.5504 0.5296
vn 0.7989 -0.5505 -0.2424
vn 0.7989 -0.5505 -0.2423
vn -0.5296 -0.5506 0.6452
vn -0.5296 -0.5505 0.6454
vn -0.5296 -0.5505 0.6453
vn 0.7364 -0.5502 -0.3936
vn 0.7361 -0.5507 -0.3935
vn 0.7363 -0.5503 -0.3936
vn 0.7362 -0.5505 -0.3935
vn -0.3937 -0.5500 0.7365
vn -0.3936 -0.5502 0.7365
vn -0.3937 -0.5502 0.7364
vn -0.3937 -0.5503 0.7363
vn -0.0818 -0.5506 -0.8308
vn -0.0817 -0.5505 -0.8309
vn -0.0818 -0.5505 -0.8308
vn 0.6454 -0.5505 -0.5296
vn 0.6453 -0.5506 -0.5296
vn 0.6451 -0.5506 -0.5297
vn 0.6454 -0.5505 -0.5295
vn -0.2423 -0.5505 0.7989
vn -0.2423 -0.5504 -0.7989
vn -0.2423 -0.5505 -0.7989
vn 0.5297 -0.5504 -0.6453
vn 0.5296 -0.5506 -0.6453
vn 0.5297 -0.5505 -0.6453
vn -0.0817 -0.5504 0.8309
vn -0.0820 -0.5510 0.8305
vn -0.0818 -0.5505 0.8308
vn -0.3935 -0.5507 -0.7362
vn -0.3935 -0.5506 -0.7362
vn 0.3935 -0.5506 -0.7362
vn 0.3935 -0.5505 -0.7362
vn 0.3935 -0.5505 -0.7363
vn 0.0818 -0.5505 0.8308
vn 0.0813 -0.5504 0.8309
vn 0.0817 -0.5506 0.8308
vn -0.5296 -0.5506 -0.6453
vn -0.5295 -0.5507 -0.6453
vn -0.5296 -0.5505 -0.6453
vn 0.2422 -0.5506 -0.7989
vn 0.2416 -0.5509 -0.7988
vn 0.2423 -0.5505 -0.7989
vn 0.2423 -0.5505 0.7989
vn -0.6453 -0.5506 -0.5296
vn -0.6453 -0.5505 -0.5296
vn -0.6453 -0.5506 -0.5295
vn 0.0819 -0.5507 -0.8307
vn 0.0821 -0.5510 -0.8305
vn 0.0819 -0.5506 -0.8307
vn 0.0822 -0.5509 -0.8305
vn 0.3938 -0.5505 0.7361
vn 0.3935 -0.5505 0.7362
vn 0.3937 -0.5507 0.7361
vn 0.3935 -0.5506 0.7362
vn -0.7362 -0.5506 -0.3935
vn -0.7362 -0.5507 -0.3935
vn -0.7361 -0.5507 -0.3935
vn 0.5297 -0.5505 0.6452
vn 0.5296 -0.5505 0.6453
vn 0.5297 -0.5506 0.6451
vn 0.5299 -0.5504 0.6452
vn -0.7988 -0.5506 -0.2422
vn -0.7988 -0.5509 -0.2419
vn -0.7989 -0.5506 -0.2422
vn -0.7990 -0.5504 -0.2423
vn 0.6453 -0.5505 0.5296
vn 0.6452 -0.5505 0.5297
vn 0.6452 -0.5506 0.5297
vn -0.8308 -0.5505 -0.0818
vn -0.8307 -0.5506 -0.0819
vn 0.7362 -0.5504 0.3937
vn 0.7361 -0.5506 0.3936
vn 0.7363 -0.5505 0.3935
vn 0.7363 -0.5504 0.3935
vn 0.2903 -0.0000 -0.9569
vn 0.2901 -0.0000 -0.9570
vn 0.2903 -0.0000 0.9569
vn 0.2901 -0.0000 0.9570
vn -0.7731 -0.0000 -0.6343
vn 0.0981 -0.0000 -0.9952
vn 0.0984 -0.0000 -0.9951
vn 0.0980 -0.0000 -0.9952
vn 0.4716 -0.0000 0.8818
vn 0.4718 -0.0000 0.8817
vn 0.4713 -0.0000 0.8820
vn -0.8820 -0.0000 -0.4713
vn 0.6343 -0.0000 0.7731
vn -0.9570 -0.0000 -0.2901
vn -0.9571 -0.0000 -0.2898
vn 0.7731 -0.0000 0.6343
vn -0.9952 -0.0000 -0.0983
vn -0.9952 -0.0000 -0.0980
vn 0.8817 -0.0000 0.4718
vn -0.9952 -0.0000 0.0981
vn -0.9951 -0.0000 0.0984
vn -0.9952 -0.0000 0.0980
vn 0.9569 -0.0000 0.2903
vn -0.9569 -0.0000 0.2903
vn -0.9570 -0.0000 0.2900
vn 0.9952 -0.0000 0.0981
vn 0.9952 -0.0000 0.0980
vn 0.9951 -0.0000 0.0984
vn -0.8817 -0.0000 0.4718
vn 0.9952 -0.0000 -0.0983
vn 0.9952 -0.0000 -0.0980
vn -0.7731 -0.0000 0.6343
vn 0.9571 -0.0000 -0.2898
vn 0.9569 -0.0000 -0.2903
vn 0.9570 -0.0000 -0.2901
vn -0.6343 -0.0000 0.7731
vn 0.8820 -0.0000 -0.4713
vn -0.4713 -0.0000 0.8820
vn -0.0983 -0.0000 -0.9952
vn 0.7731 -0.0000 -0.6343
vn -0.2903 -0.0000 0.9569
vn -0.2901 -0.0000 -0.9570
vn -0.2903 -0.0000 -0.9569
vn 0.6343 -0.0000 -0.7731
vn -0.0983 -0.0000 0.9952
vn -0.4713 -0.0000 -0.8820
vn 0.4716 -0.0000 -0.8818
vn 0.4718 -0.0000 -0.8817
vn 0.4713 -0.0000 -0.8820
vn 0.0981 -0.0000 0.9952
vn 0.0980 -0.0000 0.9952
vn 0.0984 -0.0000 0.9951
vn 0.9952 -0.0000 -0.0981
vn 0.2439 -0.8557 -0.4563
vn 0.2439 -0.8559 -0.4560
vn 0.2440 -0.8556 -0.4564
vn 0.2440 -0.8557 -0.4564
vn 0.0507 -0.8559 0.5147
vn 0.0508 -0.8558 0.5147
vn 0.0507 -0.8559 0.5146
vn 0.0506 -0.8560 0.5145
vn -0.3284 -0.8556 -0.4002
vn -0.3283 -0.8557 -0.4000
vn -0.3285 -0.8554 -0.4005
vn 0.1502 -0.8556 -0.4954
vn 0.1502 -0.8558 -0.4951
vn 0.1502 -0.8557 -0.4952
vn 0.1503 -0.8557 0.4952
vn 0.1502 -0.8557 0.4953
vn 0.1500 -0.8557 0.4953
vn 0.1504 -0.8556 0.4953
vn -0.4002 -0.8556 -0.3283
vn -0.3998 -0.8558 -0.3283
vn -0.4001 -0.8557 -0.3283
vn 0.0507 -0.8559 -0.5147
vn 0.0507 -0.8557 -0.5149
vn 0.0507 -0.8559 -0.5146
vn 0.0508 -0.8558 -0.5147
vn 0.2441 -0.8556 0.4565
vn 0.2442 -0.8555 0.4566
vn 0.2441 -0.8555 0.4566
vn -0.4565 -0.8556 -0.2441
vn -0.4566 -0.8555 -0.2442
vn -0.4566 -0.8556 -0.2441
vn -0.4569 -0.8554 -0.2441
vn 0.3282 -0.8556 0.4004
vn 0.3280 -0.8557 0.4003
vn 0.3283 -0.8555 0.4003
vn 0.3284 -0.8555 0.4002
vn -0.4950 -0.8558 -0.1503
vn -0.4951 -0.8558 -0.1502
vn -0.4951 -0.8557 -0.1502
vn 0.4003 -0.8556 0.3284
vn 0.4001 -0.8557 0.3283
vn 0.4001 -0.8556 0.3284
vn 0.3998 -0.8558 0.3283
vn -0.5149 -0.8558 -0.0507
vn -0.5147 -0.8558 -0.0508
vn -0.5147 -0.8559 -0.0507
vn -0.5151 -0.8556 -0.0507
vn 0.4563 -0.8558 0.2439
vn 0.4559 -0.8559 0.2439
vn 0.4564 -0.8557 0.2439
vn 0.4566 -0.8556 0.2440
vn -0.5149 -0.8558 0.0508
vn -0.5145 -0.8560 0.0506
vn -0.5150 -0.8557 0.0508
vn -0.5147 -0.8558 0.0508
vn 0.4950 -0.8558 0.1502
vn 0.4951 -0.8558 0.1502
vn 0.4948 -0.8559 0.1502
vn -0.4953 -0.8557 0.1501
vn -0.4956 -0.8555 0.1501
vn -0.4952 -0.8557 0.1502
vn -0.4951 -0.8558 0.1502
vn 0.5149 -0.8558 0.0507
vn 0.5149 -0.8557 0.0507
vn 0.5147 -0.8559 0.0507
vn 0.5148 -0.8558 0.0507
vn -0.4565 -0.8556 0.2441
vn -0.4566 -0.8555 0.2441
vn -0.4569 -0.8554 0.2441
vn 0.5147 -0.8559 -0.0507
vn 0.5147 -0.8558 -0.0508
vn 0.5150 -0.8557 -0.0508
vn 0.5148 -0.8558 -0.0507
vn -0.4003 -0.8556 0.3282
vn -0.4001 -0.8556 0.3283
vn -0.4001 -0.8557 0.3283
vn -0.4001 -0.8557 0.3282
vn 0.4948 -0.8559 -0.1501
vn 0.4951 -0.8557 -0.1502
vn 0.4949 -0.8558 -0.1503
vn 0.4950 -0.8558 -0.1503
vn -0.3283 -0.8557 0.4000
vn -0.3284 -0.8556 0.4002
vn -0.3283 -0.8557 0.3999
vn 0.4564 -0.8557 -0.2439
vn 0.4564 -0.8557 -0.2440
vn 0.4564 -0.8557 -0.2438
vn -0.2441 -0.8556 0.4565
vn -0.2443 -0.8554 0.4568
vn -0.2440 -0.8556 0.4564
vn -0.0507 -0.8559 -0.5146
vn -0.0506 -0.8560 -0.5145
vn -0.0507 -0.8559 -0.5147
vn -0.0508 -0.8558 -0.5147
vn 0.4000 -0.8558 -0.3281
vn 0.4000 -0.8557 -0.3282
vn 0.4001 -0.8557 -0.3283
vn 0.4001 -0.8557 -0.3282
vn -0.1501 -0.8557 0.4953
vn -0.1502 -0.8558 0.4951
vn -0.1502 -0.8557 0.4951
vn -0.1502 -0.8557 0.4953
vn -0.1502 -0.8556 -0.4954
vn -0.1502 -0.8556 -0.4953
vn -0.1502 -0.8557 -0.4952
vn -0.1502 -0.8558 -0.4950
vn 0.3283 -0.8557 -0.4001
vn 0.3283 -0.8556 -0.4001
vn 0.3283 -0.8557 -0.3999
vn 0.3283 -0.8557 -0.4000
vn -0.0506 -0.8558 0.5149
vn -0.0507 -0.8560 0.5145
vn -0.0507 -0.8559 0.5147
vn -0.0506 -0.8558 0.5148
vn -0.2440 -0.8556 -0.4564
vn -0.2438 -0.8557 -0.4564
vn -0.2440 -0.8557 -0.4564
vn -0.2441 -0.8556 -0.4565
vn -0.7732 -0.0000 0.6342
vn -0.6342 -0.0000 0.7732
vn -0.6343 -0.0000 0.7730
vn 0.8818 -0.0000 -0.4716
vn -0.4716 -0.0000 0.8818
vn -0.0981 -0.0000 -0.9952
vn -0.0977 -0.0000 -0.9952
vn 0.7730 -0.0000 -0.6343
vn 0.7735 -0.0000 -0.6338
vn 0.7732 -0.0000 -0.6342
vn 0.6343 -0.0000 -0.7730
vn 0.6344 -0.0000 -0.7730
vn -0.0981 -0.0000 0.9952
vn -0.0977 -0.0000 0.9952
vn -0.4716 -0.0000 -0.8818
vn 0.0977 -0.0000 0.9952
vn -0.6345 -0.0000 -0.7729
vn -0.6342 -0.0000 -0.7732
vn -0.6346 -0.0000 -0.7729
vn -0.7732 -0.0000 -0.6342
vn 0.0977 -0.0000 -0.9952
vn -0.8818 -0.0000 -0.4716
vn 0.6344 -0.0000 0.7730
vn 0.6343 -0.0000 0.7730
vn -0.9569 -0.0000 -0.2903
vn 0.7729 -0.0000 0.6346
vn -0.9952 -0.0000 -0.0981
vn 0.8818 -0.0000 0.4716
vn -0.8818 -0.0000 0.4716
vn 0.3549 -0.0000 0.9349
vn 0.3550 -0.0000 0.9349
vn 0.1657 -0.0000 0.9862
vn -0.0299 -0.0000 0.9996
vn -0.2243 -0.0000 0.9745
vn -0.4101 -0.0000 0.9120
vn -0.4102 -0.0000 0.9120
vn -0.5801 -0.0000 0.8145
vn -0.5802 -0.0000 0.8145
vn -0.7279 -0.0000 0.6857
vn -0.8476 -0.0000 0.5306
vn -0.8477 -0.0000 0.5305
vn -0.8476 -0.0000 0.5307
vn -0.9349 -0.0000 0.3549
vn -0.9862 -0.0000 0.1657
vn -0.9996 -0.0000 -0.0299
vn -0.9745 -0.0000 -0.2243
vn -0.9120 -0.0000 -0.4101
vn -0.9121 -0.0000 -0.4101
vn -0.8145 -0.0000 -0.5801
vn -0.6857 -0.0000 -0.7279
vn -0.5305 -0.0000 -0.8477
vn -0.5304 -0.0000 -0.8477
vn -0.3549 -0.0000 -0.9349
vn -0.3550 -0.0000 -0.9349
vn -0.1657 -0.0000 -0.9862
vn 0.0299 -0.0000 -0.9996
vn 0.2243 -0.0000 -0.9745
vn 0.4101 -0.0000 -0.9120
vn 0.5801 -0.0000 -0.8145
vn 0.5802 -0.0000 -0.8145
vn 0.7279 -0.0000 -0.6857
vn 0.8477 -0.0000 -0.5305
vn 0.9349 -0.0000 -0.3549
vn 0.9862 -0.0000 -0.1657
vn 0.9996 -0.0000 0.0299
vn 0.9745 -0.0000 0.2244
vn 0.9120 -0.0000 0.4101
vn 0.9121 -0.0000 0.4101
vn 0.8145 -0.0000 0.5802
vn 0.8145 -0.0000 0.5801
vn -0.8312 0.4607 0.3113
vn -0.8312 0.4607 0.3114
vn 0.6857 -0.0000 0.7279
vn 0.5305 -0.0000 0.8477
vn 0.5307 -0.0000 0.8476
vn 0.5306 -0.0000 0.8476
vn -0.0000 -1.0000 -0.0001
vn -0.0000 -1.0000 0.0002
vn -0.0000 -1.0000 0.0003
vn -0.0000 -1.0000 0.0001
vn -0.0000 -1.0000 -0.0003
vn -0.0000 -1.0000 -0.0005
vn -0.0579 0.6232 0.7799
vn -0.0580 0.6233 0.7799
vn 0.0799 0.7022 -0.7075
vn 0.0799 0.7021 -0.7075
vn 0.0799 0.7021 -0.7076
vn 0.1629 0.9797 -0.1166
vn 0.1629 0.9797 -0.1167
vn -0.3330 0.4516 0.8277
vn -0.6770 0.4608 -0.5739
vn -0.6771 0.4609 -0.5738
vn -0.6770 0.4608 -0.5738
vn 0.1180 0.9930 -0.0100
vn 0.1180 0.9930 -0.0099
vn 0.4226 0.5301 0.7351
vn 0.5558 0.6037 0.5715
vn 0.5559 0.6037 0.5715
vn -0.8784 0.4584 0.1349
vn 0.2241 0.8075 -0.5457
vn 0.2940 0.9504 -0.1014
vn -0.4980 0.4548 0.7383
vn -0.5216 0.4843 -0.7024
vn 0.0647 0.9978 -0.0115
vn 0.2446 0.4843 0.8400
vn 0.2447 0.4842 0.8400
vn -0.8892 0.4548 -0.0494
vn -0.8892 0.4548 -0.0493
vn 0.2814 0.8945 -0.3473
vn 0.4467 0.8946 -0.0144
vn 0.4466 0.8946 -0.0144
vn -0.6383 0.4584 0.6184
vn -0.3304 0.5300 -0.7810
vn 0.0482 0.9978 -0.0446
vn 0.0482 0.4608 0.8862
vn -0.8607 0.4517 -0.2348
vn 0.2584 0.9504 -0.1730
vn 0.5702 0.8075 0.1511
vn 0.5707 0.8070 0.1517
vn 0.5702 0.8075 0.1510
vn -0.7503 0.4606 0.4742
vn -0.1194 0.6037 -0.7882
vn -0.1195 0.6037 -0.7882
vn 0.0792 0.9930 -0.0881
vn 0.0792 0.9930 -0.0880
vn 0.0792 0.9930 -0.0882
vn -0.1484 0.4521 0.8796
vn -0.1484 0.4521 0.8795
vn -0.7905 0.4521 -0.4132
vn 0.1914 0.9797 -0.0593
vn 0.1914 0.9797 -0.0594
vn 0.6121 0.7021 0.3639
vn 0.6122 0.7021 0.3638
vn 0.6122 0.7020 0.3638
vn 0.8203 -0.4015 -0.4074
vn 0.8200 -0.4015 -0.4079
vn 0.8203 -0.4015 -0.4073
vn 0.8202 -0.4014 -0.4075
vn 0.8202 -0.4017 -0.4074
vn 0.8202 -0.4016 -0.4074
vn 0.8204 -0.4012 -0.4074
vn 0.8202 -0.4015 -0.4074
vn 0.8202 -0.4012 -0.4079
vn 0.8201 -0.4018 -0.4074
vn 0.8204 -0.4011 -0.4074
vn 0.8199 -0.4021 -0.4076
vn 0.8203 -0.4014 -0.4074
vn 0.8201 -0.4017 -0.4075
vn 0.8202 -0.4017 -0.4073
vn 0.8202 -0.4013 -0.4078
vn 0.8203 -0.4014 -0.4075
vn 0.8205 -0.4008 -0.4077
vn 0.8201 -0.4016 -0.4076
vn 0.8202 -0.4015 -0.4075
vn 0.9366 -0.1056 0.3342
vn 0.9366 -0.1055 0.3341
vn 0.9366 -0.1056 0.3341
vn 0.2996 -0.1056 -0.9482
vn 0.2997 -0.1054 -0.9482
vn 0.2997 -0.1056 -0.9482
vn -0.1544 0.7314 0.6643
vn -0.1545 0.7314 0.6642
vn 0.5748 -0.0878 0.8136
vn 0.5748 -0.0879 0.8136
vn 0.5749 -0.0878 0.8135
vn 0.8931 0.3342 -0.3011
vn 0.8932 0.3341 -0.3010
vn -0.2405 0.8072 0.5390
vn -0.2405 0.8072 0.5391
vn 0.7743 0.6270 0.0857
vn 0.7743 0.6269 0.0857
vn -0.3184 0.8550 0.4093
vn -0.3184 0.8550 0.4094
vn 0.6107 0.7775 0.1501
vn 0.6108 0.7775 0.1501
vn -0.3901 0.8780 0.2774
vn -0.3901 0.8780 0.2772
vn 0.4802 0.8702 0.1104
vn 0.4802 0.8701 0.1105
vn 0.4802 0.8702 0.1105
vn 0.4801 0.8702 0.1104
vn -0.4567 0.8780 0.1432
vn 0.3773 0.9256 0.0287
vn -0.5185 0.8551 0.0064
vn -0.5186 0.8550 0.0064
vn -0.5185 0.8550 0.0064
vn 0.2976 0.9517 -0.0750
vn 0.2976 0.9518 -0.0748
vn 0.2976 0.9518 -0.0749
vn -0.5748 0.8072 -0.1341
vn -0.5748 0.8072 -0.1342
vn 0.2395 0.9518 -0.1918
vn 0.2395 0.9518 -0.1917
vn -0.6226 0.7314 -0.2783
vn 0.2052 0.9256 -0.3180
vn 0.2052 0.9256 -0.3179
vn 0.2052 0.9256 -0.3181
vn -0.6564 0.6232 -0.4251
vn -0.6564 0.6233 -0.4250
vn 0.2022 0.8702 -0.4493
vn 0.2021 0.8702 -0.4494
vn -0.6664 0.4793 -0.5711
vn 0.3422 0.0998 0.9343
vn 0.3422 0.0999 0.9343
vn 0.2495 0.7775 -0.5773
vn 0.2493 0.7774 -0.5774
vn 0.2493 0.7775 -0.5774
vn 0.2495 0.7776 -0.5772
vn -0.6363 0.3010 -0.7103
vn -0.6363 0.3011 -0.7103
vn 0.1816 0.3010 0.9362
vn 0.1815 0.3009 0.9362
vn 0.1817 0.3010 0.9362
vn 0.3997 0.6269 -0.6688
vn 0.3996 0.6269 -0.6688
vn -0.5377 0.0998 -0.8372
vn -0.5377 0.0999 -0.8372
vn 0.0526 0.4793 0.8761
vn 0.0523 0.4793 0.8761
vn 0.0524 0.4793 0.8761
vn 0.7795 0.3342 -0.5297
vn 0.7796 0.3341 -0.5297
vn 0.7796 0.3342 -0.5296
vn 0.7796 0.3342 -0.5297
vn -0.3010 -0.0878 -0.9496
vn -0.3009 -0.0877 -0.9496
vn -0.7148 -0.0000 0.6993
vn -0.7148 -0.0000 0.6994
vn -0.8375 -0.0000 0.5465
vn -0.9280 -0.0000 0.3726
vn -0.9829 -0.0000 0.1844
vn -0.9999 -0.0000 -0.0109
vn -0.9786 -0.0000 -0.2057
vn -0.9197 -0.0000 -0.3927
vn -0.9197 -0.0000 -0.3926
vn -0.8253 -0.0000 -0.5646
vn -0.8254 -0.0000 -0.5646
vn -0.6993 -0.0000 -0.7148
vn -0.5465 -0.0000 -0.8375
vn -0.5465 -0.0000 -0.8374
vn -0.3726 -0.0000 -0.9280
vn -0.3725 -0.0000 -0.9280
vn -0.1844 -0.0000 -0.9828
vn -0.1844 -0.0000 -0.9829
vn 0.0109 -0.0000 -0.9999
vn 0.2058 -0.0000 -0.9786
vn 0.3927 -0.0000 -0.9196
vn 0.3927 -0.0000 -0.9197
vn 0.5645 -0.0000 -0.8254
vn 0.5646 -0.0000 -0.8254
vn 0.7147 -0.0000 -0.6994
vn 0.7148 -0.0000 -0.6993
vn 0.8375 -0.0000 -0.5465
vn 0.9280 -0.0000 -0.3726
vn 0.9828 -0.0000 -0.1844
vn 0.9999 -0.0000 0.0109
vn 0.9786 -0.0000 0.2058
vn 0.9197 -0.0000 0.3927
vn 0.8254 -0.0000 0.5646
vn 0.6993 -0.0000 0.7148
vn 0.5464 -0.0000 0.8375
vn 0.5465 -0.0000 0.8374
vn 0.3726 -0.0000 0.9280
vn 0.1844 -0.0000 0.9829
vn -0.0109 -0.0000 0.9999
vn -0.2058 -0.0000 0.9786
vn -0.6179 0.4606 -0.6372
vn -0.3927 -0.0000 0.9197
vn -0.3926 -0.0000 0.9197
vn -0.5647 -0.0000 0.8253
vn -0.5649 -0.0000 0.8252
vn -0.5646 -0.0000 0.8253
vn -0.5646 -0.0000 0.8254
vn -0.0000 -1.0000 0.0005
vn -0.0000 -1.0000 -0.0002
vn -0.7379 0.6232 0.2590
vn -0.7379 0.6233 0.2589
vn 0.6804 0.7021 -0.2098
vn 0.6804 0.7021 -0.2100
vn 0.6804 0.7021 -0.2099
vn 0.1721 0.9797 0.1026
vn -0.8918 0.4517 0.0260
vn 0.2550 0.4607 -0.8501
vn 0.2549 0.4607 -0.8501
vn 0.0563 0.9930 0.1041
vn 0.0563 0.9930 0.1042
vn 0.0563 0.9930 0.1043
vn -0.5047 0.5300 0.6815
vn -0.5046 0.5300 0.6815
vn -0.3013 0.6037 0.7381
vn -0.3012 0.6037 0.7381
vn -0.3012 0.6037 0.7382
vn -0.4751 0.4584 -0.7511
vn 0.5897 0.8075 -0.0128
vn 0.5897 0.8075 -0.0129
vn 0.5897 0.8075 -0.0130
vn 0.2105 0.9504 0.2289
vn 0.2105 0.9504 0.2290
vn -0.8759 0.4548 -0.1610
vn -0.8759 0.4548 -0.1609
vn 0.4350 0.4843 -0.7591
vn 0.0364 0.9978 0.0547
vn 0.0364 0.9978 0.0548
vn -0.6720 0.4843 0.5603
vn -0.6720 0.4842 0.5603
vn -0.3106 0.4548 -0.8347
vn 0.4308 0.8946 0.1188
vn 0.4307 0.8946 0.1189
vn 0.4307 0.8946 0.1190
vn 0.1919 0.8946 0.4037
vn 0.1918 0.8946 0.4037
vn 0.1919 0.8945 0.4037
vn 0.1920 0.8945 0.4037
vn -0.8222 0.4584 -0.3375
vn -0.8221 0.4585 -0.3375
vn -0.8222 0.4583 -0.3375
vn -0.8223 0.4582 -0.3375
vn 0.5836 0.5300 -0.6153
vn 0.5836 0.5300 -0.6152
vn 0.5835 0.5300 -0.6153
vn 0.5835 0.5301 -0.6153
vn 0.0602 0.9978 0.0264
vn 0.0602 0.9978 0.0263
vn -0.7929 0.4608 0.3987
vn -0.7929 0.4608 0.3988
vn -0.1292 0.4517 -0.8828
vn -0.1293 0.4517 -0.8827
vn 0.2619 0.9504 0.1677
vn 0.2619 0.9504 0.1676
vn 0.0898 0.8075 0.5830
vn 0.0897 0.8075 0.5830
vn -0.7348 0.4606 -0.4979
vn 0.6745 0.6037 -0.4249
vn 0.6745 0.6038 -0.4249
vn 0.1124 0.9930 0.0374
vn -0.8654 0.4521 0.2159
vn -0.8654 0.4521 0.2160
vn 0.0624 0.4521 -0.8898
vn 0.0624 0.4520 -0.8898
vn 0.1309 0.9797 0.1516
vn 0.1309 0.9797 0.1517
vn -0.0884 0.7021 0.7066
vn -0.0885 0.7021 0.7065
vn -0.0886 0.7021 0.7065
vn 0.7016 -0.4014 0.5887
vn 0.7015 -0.4017 0.5887
vn 0.7018 -0.4012 0.5886
vn 0.7014 -0.4013 0.5890
vn 0.7017 -0.4010 0.5890
vn 0.7016 -0.4014 0.5888
vn 0.7016 -0.4015 0.5887
vn 0.7018 -0.4013 0.5886
vn 0.7017 -0.4014 0.5887
vn 0.7014 -0.4016 0.5889
vn 0.7016 -0.4015 0.5886
vn 0.7019 -0.4015 0.5884
vn 0.7019 -0.4014 0.5884
vn 0.7018 -0.4012 0.5887
vn 0.7016 -0.4012 0.5889
vn 0.0686 -0.1056 0.9920
vn 0.0686 -0.1055 0.9920
vn 0.0688 -0.1055 0.9920
vn 0.9889 -0.1055 -0.1047
vn 0.9889 -0.1055 -0.1046
vn 0.9889 -0.1054 -0.1047
vn -0.6706 0.7314 0.1241
vn -0.6706 0.7314 0.1242
vn -0.6706 0.7314 0.1243
vn -0.5157 -0.0879 0.8523
vn -0.5156 -0.0879 0.8523
vn 0.6333 0.3342 0.6980
vn 0.6333 0.3343 0.6979
vn 0.6334 0.3342 0.6979
vn 0.6334 0.3341 0.6980
vn -0.5902 0.8072 -0.0046
vn -0.5903 0.8072 -0.0046
vn 0.2313 0.6269 0.7440
vn 0.2312 0.6269 0.7440
vn -0.5025 0.8550 -0.1281
vn -0.5027 0.8550 -0.1280
vn -0.5026 0.8550 -0.1280
vn 0.1067 0.7775 0.6197
vn 0.1067 0.7775 0.6198
vn 0.1068 0.7775 0.6197
vn 0.1069 0.7775 0.6197
vn -0.4102 0.8781 -0.2464
vn -0.4102 0.8781 -0.2465
vn -0.4101 0.8781 -0.2463
vn 0.0908 0.8702 0.4842
vn -0.3140 0.8780 -0.3612
vn -0.3140 0.8780 -0.3613
vn 0.1247 0.9256 0.3573
vn 0.1247 0.9256 0.3574
vn -0.2134 0.8550 -0.4726
vn -0.2133 0.8550 -0.4727
vn 0.1877 0.9518 0.2426
vn -0.1070 0.8072 -0.5804
vn -0.1071 0.8073 -0.5804
vn -0.1071 0.8072 -0.5805
vn 0.2716 0.9518 0.1427
vn 0.2716 0.9518 0.1428
vn 0.0059 0.7314 -0.6819
vn 0.0059 0.7314 -0.6820
vn 0.3735 0.9256 0.0608
vn 0.3735 0.9257 0.0608
vn 0.1270 0.6231 -0.7717
vn 0.1269 0.6233 -0.7716
vn 0.4927 0.8702 0.0054
vn 0.2568 0.4794 -0.8392
vn 0.2568 0.4795 -0.8392
vn 0.2567 0.4795 -0.8391
vn -0.7192 0.0998 0.6876
vn -0.7194 0.0997 0.6874
vn -0.7193 0.0997 0.6875
vn 0.6288 0.7776 -0.0025
vn 0.6287 0.7776 -0.0025
vn 0.6289 0.7775 -0.0024
vn 0.3964 0.3008 -0.8674
vn 0.3964 0.3009 -0.8674
vn -0.7853 0.3010 0.5410
vn -0.7853 0.3010 0.5411
vn 0.7728 0.6270 0.0986
vn 0.7728 0.6269 0.0986
vn 0.5522 0.0998 -0.8277
vn 0.5523 0.0998 -0.8277
vn 0.5524 0.0998 -0.8276
vn -0.7819 0.4793 0.3986
vn -0.7819 0.4794 0.3986
vn 0.7974 0.3343 0.5024
vn 0.7973 0.3343 0.5025
vn 0.7974 0.3343 0.5025
vn 0.7497 -0.0878 -0.6559
vn 0.7498 -0.0878 -0.6558
vn 0.7500 -0.0879 -0.6555
vn -0.0602 -0.0000 0.9982
vn -0.2538 -0.0000 0.9673
vn -0.4375 -0.0000 0.8992
vn -0.4376 -0.0000 0.8992
vn -0.6046 -0.0000 0.7965
vn -0.6046 -0.0000 0.7966
vn -0.7484 -0.0000 0.6632
vn -0.7483 -0.0000 0.6633
vn -0.8634 -0.0000 0.5045
vn -0.8634 -0.0000 0.5044
vn -0.8635 -0.0000 0.5044
vn -0.9452 -0.0000 0.3264
vn -0.9452 -0.0000 0.3265
vn -0.9908 -0.0000 0.1357
vn -0.9982 -0.0000 -0.0602
vn -0.9673 -0.0000 -0.2538
vn -0.8992 -0.0000 -0.4376
vn -0.7965 -0.0000 -0.6046
vn -0.6633 -0.0000 -0.7484
vn -0.5045 -0.0000 -0.8634
vn -0.5044 -0.0000 -0.8635
vn -0.3264 -0.0000 -0.9452
vn -0.1356 -0.0000 -0.9908
vn -0.1357 -0.0000 -0.9908
vn 0.0601 -0.0000 -0.9982
vn 0.0602 -0.0000 -0.9982
vn 0.0603 -0.0000 -0.9982
vn 0.2538 -0.0000 -0.9673
vn 0.4375 -0.0000 -0.8992
vn 0.4376 -0.0000 -0.8992
vn 0.6046 -0.0000 -0.7966
vn 0.6046 -0.0000 -0.7965
vn 0.6047 -0.0000 -0.7964
vn 0.7484 -0.0000 -0.6633
vn 0.8634 -0.0000 -0.5045
vn 0.8634 -0.0000 -0.5044
vn 0.9452 -0.0000 -0.3264
vn 0.9907 -0.0000 -0.1357
vn 0.9982 -0.0000 0.0602
vn 0.9673 -0.0000 0.2538
vn 0.8992 -0.0000 0.4376
vn 0.7966 -0.0000 0.6045
vn 0.7967 -0.0000 0.6044
vn 0.7967 -0.0000 0.6043
vn 0.6633 -0.0000 0.7484
vn 0.5044 -0.0000 0.8635
vn 0.5045 -0.0000 0.8634
vn -0.8857 0.4606 -0.0575
vn -0.8858 0.4606 -0.0573
vn 0.3264 -0.0000 0.9452
vn 0.1357 -0.0000 0.9908
vn 0.1357 -0.0000 0.9907
vn -0.0000 -1.0000 0.0006
vn -0.3730 0.6232 0.6874
vn -0.3731 0.6233 0.6873
vn -0.3731 0.6232 0.6873
vn 0.3634 0.7021 -0.6124
vn 0.3633 0.7022 -0.6124
vn 0.3633 0.7021 -0.6124
vn 0.1964 0.9797 -0.0395
vn -0.6435 0.4517 0.6180
vn -0.6434 0.4517 0.6180
vn -0.3818 0.4608 -0.8012
vn 0.1117 0.9930 0.0394
vn 0.0836 0.5300 0.8439
vn 0.2722 0.6037 0.7493
vn -0.8564 0.4584 -0.2376
vn -0.8564 0.4584 -0.2377
vn -0.8564 0.4584 -0.2375
vn 0.4284 0.8075 -0.4055
vn 0.3097 0.9504 0.0282
vn 0.3097 0.9504 0.0284
vn -0.7572 0.4548 0.4688
vn -0.7572 0.4548 0.4689
vn -0.1871 0.4843 -0.8547
vn -0.1872 0.4843 -0.8547
vn -0.1872 0.4843 -0.8546
vn 0.0637 0.9978 0.0160
vn 0.0637 0.9978 0.0161
vn -0.1220 0.4843 0.8664
vn -0.1219 0.4843 0.8664
vn -0.7906 0.4548 -0.4100
vn -0.7906 0.4548 -0.4099
vn 0.3992 0.8945 -0.2011
vn 0.3992 0.8945 -0.2012
vn 0.3993 0.8945 -0.2010
vn 0.4133 0.8945 0.1703
vn 0.4132 0.8946 0.1703
vn -0.8359 0.4584 0.3019
vn -0.8359 0.4584 0.3020
vn 0.0194 0.5301 -0.8477
vn 0.0193 0.5301 -0.8477
vn 0.0623 0.9978 -0.0208
vn 0.0623 0.9978 -0.0209
vn -0.3199 0.4608 0.8279
vn -0.3198 0.4608 0.8279
vn -0.6884 0.4516 -0.5676
vn -0.6885 0.4516 -0.5675
vn 0.3067 0.9504 -0.0517
vn 0.3066 0.9504 -0.0517
vn 0.4579 0.8075 0.3718
vn 0.4579 0.8075 0.3719
vn -0.8788 0.4606 0.1244
vn -0.8788 0.4606 0.1243
vn 0.2146 0.6037 -0.7678
vn 0.2147 0.6037 -0.7678
vn 0.1084 0.9930 -0.0477
vn 0.1084 0.9930 -0.0476
vn 0.1084 0.9930 -0.0478
vn 0.1084 0.9930 -0.0479
vn -0.4964 0.4521 0.7411
vn -0.5512 0.4521 -0.7013
vn 0.1989 0.9797 0.0244
vn 0.1989 0.9797 0.0245
vn 0.1989 0.9797 0.0243
vn 0.4088 0.7021 0.5831
vn 0.4087 0.7021 0.5831
vn 0.9152 -0.4015 -0.0347
vn 0.9153 -0.4011 -0.0353
vn 0.9152 -0.4015 -0.0348
vn 0.9151 -0.4017 -0.0342
vn 0.9152 -0.4015 -0.0346
vn 0.9150 -0.4019 -0.0345
vn 0.9152 -0.4015 -0.0350
vn 0.9150 -0.4019 -0.0347
vn 0.9153 -0.4013 -0.0348
vn 0.9152 -0.4015 -0.0345
vn 0.9152 -0.4016 -0.0346
vn 0.9152 -0.4015 -0.0344
vn 0.9152 -0.4014 -0.0349
vn 0.9152 -0.4014 -0.0347
vn 0.9152 -0.4014 -0.0344
vn 0.9151 -0.4018 -0.0347
vn 0.9153 -0.4014 -0.0347
vn 0.9152 -0.4016 -0.0347
vn 0.7169 -0.1056 0.6891
vn 0.7169 -0.1056 0.6892
vn 0.7168 -0.1056 0.6892
vn 0.6625 -0.1056 -0.7416
vn 0.6626 -0.1055 -0.7415
vn 0.6626 -0.1056 -0.7415
vn -0.4135 0.7314 0.5423
vn 0.1902 -0.0877 0.9778
vn 0.1903 -0.0877 0.9778
vn 0.1900 -0.0877 0.9779
vn 0.9380 0.3342 0.0922
vn 0.9380 0.3342 0.0921
vn 0.9380 0.3343 0.0922
vn -0.4406 0.8072 0.3928
vn -0.4406 0.8072 0.3929
vn -0.4406 0.8071 0.3929
vn 0.6709 0.6269 0.3960
vn 0.6710 0.6269 0.3961
vn -0.4584 0.8550 0.2426
vn -0.4584 0.8550 0.2425
vn 0.4953 0.7775 0.3875
vn 0.4952 0.7775 0.3876
vn -0.4694 0.8781 0.0926
vn -0.4695 0.8781 0.0928
vn -0.4695 0.8781 0.0927
vn -0.4695 0.8781 0.0926
vn 0.3925 0.8702 0.2977
vn 0.3925 0.8702 0.2979
vn -0.4752 0.8780 -0.0570
vn -0.4752 0.8780 -0.0569
vn 0.3323 0.9256 0.1810
vn -0.4755 0.8550 -0.2070
vn -0.4755 0.8550 -0.2071
vn 0.3021 0.9518 0.0538
vn 0.3021 0.9518 0.0539
vn -0.4691 0.8072 -0.3583
vn 0.2971 0.9518 -0.0765
vn -0.4535 0.7314 -0.5093
vn -0.4535 0.7314 -0.5094
vn 0.3176 0.9256 -0.2058
vn 0.3176 0.9256 -0.2057
vn -0.4240 0.6232 -0.6571
vn -0.4240 0.6232 -0.6572
vn 0.3687 0.8702 -0.3267
vn 0.3687 0.8702 -0.3268
vn -0.3730 0.4794 -0.7944
vn -0.3731 0.4794 -0.7943
vn -0.3731 0.4794 -0.7944
vn -0.0715 0.0998 0.9924
vn -0.0716 0.0998 0.9924
vn 0.4644 0.7776 -0.4239
vn 0.4644 0.7775 -0.4241
vn 0.4644 0.7776 -0.4238
vn -0.2886 0.3010 -0.9089
vn -0.2885 0.3010 -0.9089
vn -0.2188 0.3010 0.9282
vn -0.2187 0.3010 0.9282
vn 0.6389 0.6269 -0.4459
vn 0.6389 0.6269 -0.4458
vn -0.1465 0.0998 -0.9842
vn -0.3117 0.4794 0.8204
vn -0.3118 0.4794 0.8204
vn -0.3118 0.4795 0.8203
vn 0.9283 0.3342 -0.1629
vn 0.9284 0.3340 -0.1629
vn 0.1154 -0.0878 -0.9894
vn 0.1155 -0.0878 -0.9894
vt 0.000000 0.000000
vt 1.000000 1.000000
vt 0.968800 1.000000
vt 0.968800 0.500000
vt 1.000000 0.500000
vt 0.937500 1.000000
vt 0.937500 0.500000
vt 0.906200 1.000000
vt 0.906200 0.500000
vt 0.875000 1.000000
vt 0.875000 0.500000
vt 0.843800 1.000000
vt 0.843800 0.500000
vt 0.812500 0.500000
vt 0.812500 1.000000
vt 0.781200 0.500000
vt 0.781200 1.000000
vt 0.750000 1.000000
vt 0.750000 0.500000
vt 0.718800 0.500000
vt 0.718800 1.000000
vt 0.687500 0.500000
vt 0.687500 1.000000
vt 0.656200 0.500000
vt 0.656200 1.000000
vt 0.625000 1.000000
vt 0.625000 0.500000
vt 0.593800 0.500000
vt 0.593800 1.000000
vt 0.562500 0.500000
vt 0.562500 1.000000
vt 0.531200 0.500000
vt 0.531200 1.000000
vt 0.500000 0.500000
vt 0.500000 1.000000
vt 0.468800 0.500000
vt 0.468800 1.000000
vt 0.437500 0.500000
vt 0.437500 1.000000
vt 0.406200 0.500000
vt 0.406200 1.000000
vt 0.375000 1.000000
vt 0.375000 0.500000
vt 0.343800 1.000000
vt 0.343800 0.500000
vt 0.312500 0.500000
vt 0.312500 1.000000
vt 0.281200 0.500000
vt 0.281200 1.000000
vt 0.250000 1.000000
vt 0.250000 0.500000
vt 0.218800 1.000000
vt 0.218800 0.500000
vt 0.187500 0.500000
vt 0.187500 1.000000
vt 0.156200 1.000000
vt 0.156200 0.500000
vt 0.125000 0.500000
vt 0.125000 1.000000
vt 0.093800 0.500000
vt 0.093800 1.000000
vt 0.062500 1.000000
vt 0.062500 0.500000
vt 0.031200 1.000000
vt 0.031200 0.500000
vt 0.000000 1.000000
vt 0.000000 0.500000
vt 0.796800 0.485400
vt 0.841800 0.471700
vt 0.883300 0.449600
vt 0.919700 0.419700
vt 0.949600 0.383300
vt 0.971700 0.341800
vt 0.985400 0.296800
vt 0.990000 0.250000
vt 0.985400 0.203200
vt 0.971700 0.158200
vt 0.949600 0.116700
vt 0.919700 0.080300
vt 0.883300 0.050400
vt 0.841800 0.028300
vt 0.796800 0.014600
vt 0.750000 0.010000
vt 0.703200 0.014600
vt 0.658200 0.028300
vt 0.616700 0.050400
vt 0.580300 0.080300
vt 0.550400 0.116700
vt 0.528300 0.158200
vt 0.514600 0.203200
vt 0.510000 0.250000
vt 0.514600 0.296800
vt 0.528300 0.341800
vt 0.550400 0.383300
vt 0.580300 0.419700
vt 0.616700 0.449600
vt 0.658200 0.471700
vt 0.750000 0.490000
vt 0.703200 0.485400
vt 0.296800 0.485400
vt 0.250000 0.490000
vt 0.203200 0.485400
vt 0.158200 0.471700
vt 0.116700 0.449600
vt 0.080300 0.419700
vt 0.050400 0.383300
vt 0.028300 0.341800
vt 0.014600 0.296800
vt 0.010000 0.250000
vt 0.014600 0.203200
vt 0.028300 0.158200
vt 0.050400 0.116700
vt 0.080300 0.080300
vt 0.116700 0.050400
vt 0.158200 0.028300
vt 0.203200 0.014600
vt 0.250000 0.010000
vt 0.296800 0.014600
vt 0.341800 0.028300
vt 0.383300 0.050400
vt 0.419700 0.080300
vt 0.449600 0.116700
vt 0.471700 0.158200
vt 0.485400 0.203200
vt 0.490000 0.250000
vt 0.485400 0.296800
vt 0.471700 0.341800
vt 0.449600 0.383300
vt 0.419700 0.419700
vt 0.383300 0.449600
vt 0.341800 0.471700
s 1
g off
g pata_izquierda_delantera_Goddard_None
usemtl Goddard_None
f 1/1/1 2/1/1 3/1/1
f 3/1/1 4/1/1 5/1/1
f 1/1/1 3/1/1 5/1/1
f 5/1/1 6/1/1 7/1/1
f 7/1/1 8/1/1 9/1/1
f 5/1/1 7/1/1 9/1/1
f 1/1/1 5/1/1 9/1/1
f 9/1/1 10/1/1 11/1/1
f 11/1/1 12/1/1 13/1/1
f 9/1/1 11/1/1 13/1/1
f 13/1/1 14/1/1 15/1/1
f 15/1/1 16/1/1 17/1/1
f 13/1/1 15/1/1 17/1/1
f 9/1/1 13/1/1 17/1/1
f 17/1/1 18/1/1 19/1/1
f 19/1/1 20/1/1 21/1/1
f 17/1/1 19/1/1 21/1/1
f 21/1/1 22/1/1 23/1/1
f 23/1/1 24/1/1 25/1/1
f 21/1/1 23/1/1 25/1/1
f 17/1/1 21/1/1 25/1/1
f 9/1/1 17/1/1 25/1/1
f 1/1/1 9/1/1 25/1/1
f 26/1/1 27/1/1 28/1/1
f 25/1/1 26/1/1 28/1/1
f 25/1/1 28/1/1 29/1/1
f 1/1/1 25/1/1 29/1/1
f 30/1/1 1/1/1 29/1/1
f 30/1/1 29/1/1 31/1/1
f 30/1/1 31/1/1 32/1/1
s 2
f 33/1/2 34/1/2 35/1/2
f 35/1/2 36/1/2 37/1/2
f 33/1/2 35/1/2 37/1/2
f 37/1/2 38/1/2 39/1/2
f 39/1/2 40/1/2 41/1/2
f 37/1/2 39/1/2 41/1/2
f 33/1/2 37/1/2 41/1/2
f 41/1/2 42/1/2 43/1/2
f 43/1/2 44/1/2 45/1/2
f 41/1/2 43/1/2 45/1/2
f 45/1/2 46/1/2 47/1/2
f 47/1/2 48/1/2 49/1/2
f 45/1/2 47/1/2 49/1/2
f 41/1/2 45/1/2 49/1/2
f 33/1/2 41/1/2 49/1/2
f 49/1/2 50/1/2 51/1/2
f 51/1/2 52/1/2 53/1/2
f 49/1/2 51/1/2 53/1/2
f 53/1/2 54/1/2 55/1/2
f 55/1/2 56/1/2 57/1/2
f 53/1/2 55/1/2 57/1/2
f 49/1/2 53/1/2 57/1/2
f 57/1/2 58/1/2 59/1/2
f 59/1/2 60/1/2 61/1/2
f 57/1/2 59/1/2 61/1/2
f 61/1/2 62/1/2 63/1/2
f 61/1/2 63/1/2 64/1/2
f 57/1/2 61/1/2 64/1/2
f 49/1/2 57/1/2 64/1/2
f 33/1/2 49/1/2 64/1/2
s 3
f 26/1/3 39/1/4 38/1/5
f 38/1/5 27/1/4 26/1/3
s 4
f 12/1/6 53/1/7 52/1/8
f 52/1/8 13/1/9 12/1/6
s 5
f 40/1/10 39/1/11 26/1/12
f 26/1/12 25/1/11 40/1/10
s 6
f 11/1/13 54/1/14 53/1/15
f 53/1/15 12/1/16 11/1/13
s 7
f 40/1/17 25/1/18 24/1/19
f 24/1/19 41/1/20 40/1/17
s 8
f 10/1/21 55/1/22 54/1/23
f 54/1/23 11/1/21 10/1/21
s 9
f 24/1/24 23/1/25 42/1/26
f 42/1/26 41/1/27 24/1/24
s 10
f 9/1/28 56/1/29 55/1/28
f 55/1/28 10/1/28 9/1/28
s 11
f 22/1/30 43/1/30 42/1/31
f 42/1/31 23/1/32 22/1/30
s 12
f 8/1/33 57/1/33 56/1/34
f 56/1/34 9/1/33 8/1/33
s 13
f 21/1/35 44/1/36 43/1/37
f 43/1/37 22/1/38 21/1/35
s 14
f 7/1/39 58/1/40 57/1/41
f 57/1/41 8/1/42 7/1/39
s 15
f 20/1/43 45/1/44 44/1/45
f 44/1/45 21/1/46 20/1/43
s 16
f 6/1/47 59/1/48 58/1/49
f 58/1/49 7/1/49 6/1/47
s 17
f 19/1/50 46/1/51 45/1/52
f 45/1/52 20/1/53 19/1/50
s 18
f 64/1/54 1/1/55 30/1/54
f 30/1/54 33/1/54 64/1/54
s 19
f 5/1/56 60/1/57 59/1/58
f 59/1/58 6/1/59 5/1/56
s 20
f 18/1/60 47/1/61 46/1/62
f 46/1/62 19/1/63 18/1/60
s 21
f 33/1/64 30/1/65 32/1/66
f 32/1/66 34/1/67 33/1/64
s 22
f 4/1/68 61/1/69 60/1/70
f 60/1/70 5/1/71 4/1/68
s 23
f 17/1/72 48/1/73 47/1/74
f 47/1/74 18/1/74 17/1/72
s 24
f 34/1/75 32/1/76 31/1/77
f 31/1/77 35/1/75 34/1/75
s 25
f 3/1/78 62/1/79 61/1/78
f 61/1/78 4/1/78 3/1/78
s 26
f 16/1/80 49/1/81 48/1/82
f 48/1/82 17/1/83 16/1/80
s 27
f 31/1/84 29/1/85 36/1/86
f 36/1/86 35/1/87 31/1/84
s 28
f 2/1/88 63/1/88 62/1/89
f 62/1/89 3/1/89 2/1/88
s 29
f 15/1/90 50/1/91 49/1/92
f 49/1/92 16/1/93 15/1/90
s 30
f 28/1/94 37/1/95 36/1/96
f 36/1/96 29/1/97 28/1/94
s 31
f 2/1/98 1/1/99 64/1/99
f 64/1/99 63/1/99 2/1/98
s 32
f 14/1/100 51/1/101 50/1/102
f 50/1/102 15/1/103 14/1/100
s 33
f 38/1/104 37/1/105 28/1/106
f 28/1/106 27/1/107 38/1/104
s 34
f 13/1/108 52/1/109 51/1/110
f 51/1/110 14/1/111 13/1/108
s 35
f 65/1/112 66/1/113 67/1/114
f 67/1/114 68/1/113 69/1/115
f 65/1/112 67/1/114 69/1/115
f 69/1/115 70/1/116 71/1/117
f 71/1/117 72/1/113 73/1/118
f 69/1/115 71/1/117 73/1/118
f 65/1/112 69/1/115 73/1/118
f 73/1/118 74/1/113 75/1/119
f 75/1/119 76/1/120 77/1/121
f 73/1/118 75/1/119 77/1/121
f 77/1/121 78/1/113 79/1/113
f 79/1/113 80/1/113 81/1/121
f 77/1/121 79/1/113 81/1/121
f 73/1/118 77/1/121 81/1/121
f 81/1/121 82/1/113 83/1/114
f 83/1/114 84/1/113 85/1/122
f 81/1/121 83/1/114 85/1/122
f 85/1/122 86/1/113 87/1/121
f 87/1/121 88/1/113 89/1/112
f 85/1/122 87/1/121 89/1/112
f 81/1/121 85/1/122 89/1/112
f 73/1/118 81/1/121 89/1/112
f 65/1/112 73/1/118 89/1/112
f 90/1/113 91/1/113 92/1/113
f 89/1/112 90/1/113 92/1/113
f 89/1/112 92/1/113 93/1/120
f 65/1/112 89/1/112 93/1/120
f 94/1/114 65/1/112 93/1/120
f 94/1/114 93/1/120 95/1/113
f 94/1/114 95/1/113 96/1/113
s 36
f 97/1/123 98/1/124 99/1/125
f 99/1/125 100/1/126 97/1/123
s 37
f 83/1/127 101/1/128 102/1/129
f 102/1/129 84/1/129 83/1/127
s 38
f 103/1/130 65/1/130 94/1/130
f 94/1/130 104/1/131 103/1/130
s 39
f 69/1/132 105/1/132 106/1/132
f 106/1/132 70/1/132 69/1/132
s 40
f 82/1/133 107/1/134 101/1/134
f 101/1/134 83/1/135 82/1/133
s 41
f 104/1/136 94/1/137 96/1/138
f 96/1/138 108/1/139 104/1/136
s 42
f 68/1/140 109/1/141 105/1/142
f 105/1/142 69/1/141 68/1/140
s 43
f 81/1/143 110/1/143 107/1/143
f 107/1/143 82/1/143 81/1/143
s 44
f 108/1/144 96/1/145 95/1/146
f 95/1/146 111/1/144 108/1/144
s 45
f 67/1/147 112/1/148 109/1/148
f 109/1/148 68/1/147 67/1/147
s 46
f 80/1/149 113/1/149 110/1/149
f 110/1/149 81/1/149 80/1/149
s 47
f 95/1/150 93/1/151 114/1/150
f 114/1/150 111/1/152 95/1/150
s 48
f 66/1/153 115/1/154 112/1/153
f 112/1/153 67/1/155 66/1/153
s 49
f 79/1/156 116/1/157 113/1/156
f 113/1/156 80/1/158 79/1/156
s 50
f 92/1/159 117/1/160 114/1/161
f 114/1/161 93/1/162 92/1/159
s 51
f 66/1/163 65/1/163 103/1/163
f 103/1/163 115/1/163 66/1/163
s 52
f 78/1/164 118/1/165 116/1/166
f 116/1/166 79/1/166 78/1/164
s 53
f 119/1/167 117/1/168 92/1/169
f 92/1/169 91/1/170 119/1/167
s 54
f 77/1/171 120/1/172 118/1/173
f 118/1/173 78/1/174 77/1/171
s 55
f 90/1/175 121/1/175 119/1/175
f 119/1/175 91/1/175 90/1/175
s 56
f 76/1/176 122/1/177 120/1/176
f 120/1/176 77/1/178 76/1/176
s 57
f 100/1/179 121/1/180 90/1/181
f 90/1/181 89/1/182 100/1/179
s 58
f 75/1/183 123/1/184 122/1/184
f 122/1/184 76/1/185 75/1/183
s 59
f 100/1/186 89/1/187 88/1/188
f 88/1/188 97/1/189 100/1/186
s 60
f 74/1/190 124/1/191 123/1/191
f 123/1/191 75/1/191 74/1/190
s 61
f 88/1/192 87/1/192 125/1/192
f 125/1/192 97/1/192 88/1/192
s 62
f 73/1/193 126/1/194 124/1/195
f 124/1/195 74/1/196 73/1/193
s 63
f 86/1/197 127/1/198 125/1/199
f 125/1/199 87/1/200 86/1/197
s 64
f 72/1/201 128/1/202 126/1/203
f 126/1/203 73/1/204 72/1/201
s 65
f 85/1/205 129/1/206 127/1/207
f 127/1/207 86/1/208 85/1/205
s 66
f 71/1/209 130/1/210 128/1/209
f 128/1/209 72/1/209 71/1/209
s 67
f 84/1/211 102/1/211 129/1/211
f 129/1/211 85/1/211 84/1/211
s 68
f 70/1/212 106/1/213 130/1/214
f 130/1/214 71/1/215 70/1/212
s 69
f 131/1/216 132/1/217 133/1/218
f 133/1/218 134/1/219 131/1/216
s 70
f 124/1/220 135/1/221 136/1/222
f 136/1/222 123/1/223 124/1/220
s 71
f 125/1/224 137/1/225 98/1/226
f 98/1/226 97/1/227 125/1/224
s 72
f 126/1/228 138/1/229 135/1/230
f 135/1/230 124/1/231 126/1/228
s 73
f 127/1/232 134/1/233 137/1/232
f 137/1/232 125/1/234 127/1/232
s 74
f 128/1/235 139/1/236 138/1/236
f 138/1/236 126/1/235 128/1/235
s 75
f 129/1/237 131/1/238 134/1/239
f 134/1/239 127/1/239 129/1/237
s 76
f 130/1/240 140/1/241 139/1/242
f 139/1/242 128/1/243 130/1/240
s 77
f 102/1/244 141/1/244 131/1/244
f 131/1/244 129/1/245 102/1/244
s 78
f 106/1/246 142/1/247 140/1/248
f 140/1/248 130/1/249 106/1/246
s 79
f 101/1/250 143/1/251 141/1/250
f 141/1/250 102/1/252 101/1/250
s 80
f 104/1/253 144/1/253 145/1/253
f 145/1/253 103/1/253 104/1/253
s 81
f 105/1/254 146/1/255 142/1/255
f 142/1/255 106/1/256 105/1/254
s 82
f 107/1/257 147/1/258 143/1/257
f 143/1/257 101/1/258 107/1/257
s 83
f 108/1/259 148/1/260 144/1/260
f 144/1/260 104/1/260 108/1/259
s 84
f 109/1/261 149/1/262 146/1/263
f 146/1/263 105/1/262 109/1/261
s 85
f 110/1/264 150/1/264 147/1/265
f 147/1/265 107/1/266 110/1/264
s 86
f 111/1/267 151/1/268 148/1/269
f 148/1/269 108/1/270 111/1/267
s 87
f 112/1/271 152/1/272 149/1/273
f 149/1/273 109/1/274 112/1/271
s 88
f 113/1/275 153/1/276 150/1/277
f 150/1/277 110/1/278 113/1/275
s 89
f 114/1/279 154/1/280 151/1/281
f 151/1/281 111/1/282 114/1/279
s 90
f 115/1/283 155/1/284 152/1/283
f 152/1/283 112/1/285 115/1/283
s 91
f 116/1/286 156/1/287 153/1/288
f 153/1/288 113/1/289 116/1/286
s 92
f 117/1/290 157/1/291 154/1/291
f 154/1/291 114/1/292 117/1/290
s 93
f 115/1/293 103/1/294 145/1/294
f 145/1/294 155/1/293 115/1/293
s 94
f 118/1/295 158/1/296 156/1/297
f 156/1/297 116/1/298 118/1/295
s 95
f 119/1/299 159/1/300 157/1/299
f 157/1/299 117/1/301 119/1/299
s 96
f 120/1/302 160/1/302 158/1/303
f 158/1/303 118/1/302 120/1/302
s 97
f 121/1/304 161/1/305 159/1/306
f 159/1/306 119/1/307 121/1/304
s 98
f 122/1/308 162/1/309 160/1/308
f 160/1/308 120/1/309 122/1/308
s 99
f 100/1/310 99/1/311 161/1/312
f 161/1/312 121/1/313 100/1/310
s 100
f 123/1/314 136/1/315 162/1/316
f 162/1/316 122/1/317 123/1/314
s 101
f 163/1/318 164/1/318 165/1/319
f 165/1/319 166/1/320 163/1/318
s 102
f 140/1/321 167/1/322 168/1/323
f 168/1/323 139/1/324 140/1/321
s 103
f 141/1/325 169/1/325 132/1/325
f 132/1/325 131/1/325 141/1/325
s 104
f 142/1/326 170/1/326 167/1/326
f 167/1/326 140/1/326 142/1/326
s 105
f 143/1/327 163/1/327 169/1/327
f 169/1/327 141/1/328 143/1/327
s 106
f 144/1/329 171/1/330 172/1/331
f 172/1/331 145/1/332 144/1/329
s 107
f 146/1/333 173/1/334 170/1/334
f 170/1/334 142/1/335 146/1/333
s 108
f 147/1/336 164/1/336 163/1/337
f 163/1/337 143/1/338 147/1/336
s 109
f 148/1/339 174/1/340 171/1/341
f 171/1/341 144/1/342 148/1/339
s 110
f 149/1/343 175/1/343 173/1/343
f 173/1/343 146/1/343 149/1/343
s 111
f 150/1/344 176/1/345 164/1/346
f 164/1/346 147/1/345 150/1/344
s 112
f 151/1/347 177/1/348 174/1/347
f 174/1/347 148/1/349 151/1/347
s 113
f 152/1/350 178/1/350 175/1/351
f 175/1/351 149/1/352 152/1/350
s 114
f 153/1/353 179/1/354 176/1/355
f 176/1/355 150/1/356 153/1/353
s 115
f 154/1/357 180/1/357 177/1/357
f 177/1/357 151/1/358 154/1/357
s 116
f 155/1/359 181/1/359 178/1/359
f 178/1/359 152/1/359 155/1/359
s 117
f 156/1/360 182/1/360 179/1/361
f 179/1/361 153/1/360 156/1/360
s 118
f 157/1/362 183/1/363 180/1/364
f 180/1/364 154/1/365 157/1/362
s 119
f 155/1/366 145/1/366 172/1/366
f 172/1/366 181/1/366 155/1/366
s 120
f 158/1/367 184/1/368 182/1/368
f 182/1/368 156/1/369 158/1/367
s 121
f 159/1/370 185/1/371 183/1/370
f 183/1/370 157/1/372 159/1/370
s 122
f 160/1/373 186/1/374 184/1/375
f 184/1/375 158/1/376 160/1/373
s 123
f 161/1/377 187/1/378 185/1/379
f 185/1/379 159/1/380 161/1/377
s 124
f 162/1/381 188/1/381 186/1/382
f 186/1/382 160/1/381 162/1/381
s 125
f 99/1/383 189/1/384 187/1/385
f 187/1/385 161/1/386 99/1/383
s 126
f 136/1/387 190/1/387 188/1/387
f 188/1/387 162/1/387 136/1/387
s 127
f 98/1/388 191/1/389 189/1/390
f 189/1/390 99/1/391 98/1/388
s 128
f 135/1/392 192/1/393 190/1/394
f 190/1/394 136/1/395 135/1/392
s 129
f 137/1/396 193/1/397 191/1/398
f 191/1/398 98/1/399 137/1/396
s 130
f 138/1/400 194/1/401 192/1/402
f 192/1/402 135/1/403 138/1/400
s 131
f 134/1/404 133/1/405 193/1/406
f 193/1/406 137/1/407 134/1/404
s 132
f 139/1/408 168/1/409 194/1/410
f 194/1/410 138/1/411 139/1/408
s 133
f 195/1/412 196/1/413 197/1/414
f 197/1/414 198/1/415 195/1/412
s 134
f 174/1/138 199/1/136 200/1/138
f 200/1/138 171/1/416 174/1/138
s 135
f 201/1/417 202/1/418 173/1/417
f 173/1/417 175/1/419 201/1/417
s 136
f 164/1/420 176/1/421 203/1/422
f 203/1/422 165/1/420 164/1/420
s 137
f 177/1/146 204/1/423 199/1/424
f 199/1/424 174/1/424 177/1/146
s 138
f 175/1/148 178/1/147 205/1/148
f 205/1/148 201/1/147 175/1/148
s 139
f 176/1/425 179/1/426 198/1/426
f 198/1/426 203/1/427 176/1/425
s 140
f 180/1/428 206/1/429 204/1/429
f 204/1/429 177/1/429 180/1/428
s 141
f 178/1/155 181/1/430 207/1/155
f 207/1/155 205/1/155 178/1/155
s 142
f 179/1/431 182/1/432 195/1/158
f 195/1/158 198/1/156 179/1/431
s 143
f 183/1/433 208/1/434 206/1/433
f 206/1/433 180/1/433 183/1/433
s 144
f 207/1/435 181/1/436 172/1/437
f 172/1/437 209/1/438 207/1/435
s 145
f 182/1/166 184/1/166 210/1/166
f 210/1/166 195/1/166 182/1/166
s 146
f 185/1/439 211/1/440 208/1/441
f 208/1/441 183/1/442 185/1/439
s 147
f 212/1/171 210/1/171 184/1/171
f 184/1/171 186/1/443 212/1/171
s 148
f 187/1/444 213/1/445 211/1/444
f 211/1/444 185/1/444 187/1/444
s 149
f 186/1/446 188/1/446 214/1/446
f 214/1/446 212/1/446 186/1/446
s 150
f 187/1/447 189/1/447 215/1/182
f 215/1/182 213/1/448 187/1/447
s 151
f 188/1/183 190/1/449 216/1/450
f 216/1/450 214/1/184 188/1/183
s 152
f 189/1/451 191/1/452 217/1/451
f 217/1/451 215/1/451 189/1/451
s 153
f 218/1/191 216/1/191 190/1/453
f 190/1/453 192/1/453 218/1/191
s 154
f 217/1/454 191/1/455 193/1/456
f 193/1/456 219/1/457 217/1/454
s 155
f 192/1/196 194/1/458 220/1/459
f 220/1/459 218/1/460 192/1/196
s 156
f 193/1/461 133/1/462 221/1/198
f 221/1/198 219/1/463 193/1/461
s 157
f 194/1/203 168/1/464 222/1/465
f 222/1/465 220/1/466 194/1/203
s 158
f 221/1/467 133/1/468 132/1/467
f 132/1/467 223/1/468 221/1/467
s 159
f 224/1/469 222/1/470 168/1/471
f 168/1/471 167/1/472 224/1/469
s 160
f 223/1/473 132/1/474 169/1/211
f 169/1/211 225/1/475 223/1/473
s 161
f 167/1/476 170/1/213 226/1/477
f 226/1/477 224/1/478 167/1/476
s 162
f 166/1/129 225/1/129 169/1/479
f 169/1/479 163/1/129 166/1/129
s 163
f 171/1/480 200/1/480 209/1/480
f 209/1/480 172/1/481 171/1/480
s 164
f 170/1/482 173/1/482 202/1/482
f 202/1/482 226/1/482 170/1/482
s 165
f 227/1/483 228/1/484 229/1/485
f 229/1/485 230/1/486 227/1/483
s 166
f 208/1/487 231/1/488 232/1/487
f 232/1/487 206/1/489 208/1/487
s 167
f 233/1/490 207/1/491 209/1/490
f 209/1/490 234/1/492 233/1/490
s 168
f 196/1/493 195/1/494 210/1/493
f 210/1/493 235/1/495 196/1/493
s 169
f 236/1/496 231/1/497 208/1/496
f 208/1/496 211/1/496 236/1/496
s 170
f 212/1/498 230/1/499 235/1/500
f 235/1/500 210/1/501 212/1/498
s 171
f 213/1/502 237/1/503 236/1/504
f 236/1/504 211/1/505 213/1/502
s 172
f 214/1/506 227/1/507 230/1/508
f 230/1/508 212/1/509 214/1/506
s 173
f 215/1/510 238/1/511 237/1/512
f 237/1/512 213/1/513 215/1/510
s 174
f 239/1/514 227/1/515 214/1/516
f 214/1/516 216/1/517 239/1/514
s 175
f 217/1/518 240/1/519 238/1/520
f 238/1/520 215/1/521 217/1/518
s 176
f 218/1/522 241/1/522 239/1/523
f 239/1/523 216/1/522 218/1/522
s 177
f 242/1/524 240/1/525 217/1/526
f 217/1/526 219/1/527 242/1/524
s 178
f 220/1/528 243/1/529 241/1/530
f 241/1/530 218/1/531 220/1/528
s 179
f 221/1/532 244/1/533 242/1/534
f 242/1/534 219/1/535 221/1/532
s 180
f 245/1/536 243/1/537 220/1/538
f 220/1/538 222/1/539 245/1/536
s 181
f 223/1/540 246/1/540 244/1/540
f 244/1/540 221/1/540 223/1/540
s 182
f 224/1/541 247/1/541 245/1/542
f 245/1/542 222/1/543 224/1/541
s 183
f 248/1/544 246/1/545 223/1/545
f 223/1/545 225/1/544 248/1/544
s 184
f 226/1/546 249/1/547 247/1/548
f 247/1/548 224/1/549 226/1/546
s 185
f 166/1/550 250/1/550 248/1/550
f 248/1/550 225/1/550 166/1/550
s 186
f 200/1/551 251/1/552 234/1/553
f 234/1/553 209/1/554 200/1/551
s 187
f 249/1/555 226/1/555 202/1/555
f 202/1/555 252/1/556 249/1/555
s 188
f 165/1/557 253/1/558 250/1/557
f 250/1/557 166/1/559 165/1/557
s 189
f 199/1/560 254/1/561 251/1/562
f 251/1/562 200/1/563 199/1/560
s 190
f 201/1/564 255/1/565 252/1/566
f 252/1/566 202/1/567 201/1/564
s 191
f 256/1/568 253/1/569 165/1/570
f 165/1/570 203/1/569 256/1/568
s 192
f 257/1/571 254/1/572 199/1/573
f 199/1/573 204/1/574 257/1/571
s 193
f 205/1/575 258/1/576 255/1/577
f 255/1/577 201/1/577 205/1/575
s 194
f 198/1/578 197/1/579 256/1/580
f 256/1/580 203/1/581 198/1/578
s 195
f 206/1/582 232/1/582 257/1/583
f 257/1/583 204/1/582 206/1/582
s 196
f 233/1/584 258/1/585 205/1/585
f 205/1/585 207/1/586 233/1/584
s 197
f 259/1/587 260/1/196 261/1/588
f 261/1/588 262/1/589 259/1/587
s 198
f 263/1/590 237/1/591 238/1/592
f 238/1/592 264/1/593 263/1/590
s 199
f 239/1/594 265/1/595 228/1/594
f 228/1/594 227/1/596 239/1/594
s 200
f 240/1/597 266/1/598 264/1/597
f 264/1/597 238/1/599 240/1/597
s 201
f 265/1/600 239/1/601 241/1/602
f 241/1/602 261/1/603 265/1/600
s 202
f 242/1/604 267/1/605 266/1/604
f 266/1/604 240/1/604 242/1/604
s 203
f 243/1/606 262/1/607 261/1/608
f 261/1/608 241/1/606 243/1/606
s 204
f 268/1/609 267/1/610 242/1/611
f 242/1/611 244/1/612 268/1/609
s 205
f 245/1/613 269/1/614 262/1/615
f 262/1/615 243/1/616 245/1/613
s 206
f 246/1/617 270/1/618 268/1/619
f 268/1/619 244/1/618 246/1/617
s 207
f 269/1/620 245/1/621 247/1/620
f 247/1/620 271/1/622 269/1/620
s 208
f 248/1/623 272/1/624 270/1/624
f 270/1/624 246/1/624 248/1/623
s 209
f 249/1/625 273/1/626 271/1/627
f 271/1/627 247/1/628 249/1/625
s 210
f 274/1/629 272/1/630 248/1/631
f 248/1/631 250/1/630 274/1/629
s 211
f 234/1/632 251/1/633 275/1/634
f 275/1/634 276/1/635 234/1/632
s 212
f 252/1/636 277/1/637 273/1/638
f 273/1/638 249/1/639 252/1/636
s 213
f 253/1/640 278/1/641 274/1/640
f 274/1/640 250/1/642 253/1/640
s 214
f 254/1/643 279/1/644 275/1/644
f 275/1/644 251/1/643 254/1/643
s 215
f 280/1/645 277/1/645 252/1/645
f 252/1/645 255/1/646 280/1/645
s 216
f 256/1/647 281/1/647 278/1/647
f 278/1/647 253/1/647 256/1/647
s 217
f 257/1/648 282/1/648 279/1/648
f 279/1/648 254/1/649 257/1/648
s 218
f 258/1/650 283/1/651 280/1/652
f 280/1/652 255/1/653 258/1/650
s 219
f 281/1/654 256/1/655 197/1/654
f 197/1/654 284/1/654 281/1/654
s 220
f 232/1/656 285/1/657 282/1/658
f 282/1/658 257/1/659 232/1/656
s 221
f 233/1/660 286/1/661 283/1/662
f 283/1/662 258/1/663 233/1/660
s 222
f 196/1/664 287/1/665 284/1/664
f 284/1/664 197/1/666 196/1/664
s 223
f 285/1/667 232/1/668 231/1/669
f 231/1/669 288/1/670 285/1/667
s 224
f 276/1/671 286/1/672 233/1/673
f 233/1/673 234/1/672 276/1/671
s 225
f 235/1/674 289/1/675 287/1/676
f 287/1/676 196/1/677 235/1/674
s 226
f 236/1/678 290/1/679 288/1/680
f 288/1/680 231/1/679 236/1/678
s 227
f 289/1/681 235/1/681 230/1/681
f 230/1/681 229/1/682 289/1/681
s 228
f 237/1/683 263/1/684 290/1/685
f 290/1/685 236/1/686 237/1/683
s 229
f 291/1/687 292/1/687 293/1/688
f 293/1/688 294/1/687 291/1/687
s 230
f 268/1/689 295/1/690 296/1/691
f 296/1/691 267/1/198 268/1/689
s 231
f 269/1/692 297/1/464 259/1/203
f 259/1/203 262/1/465 269/1/692
s 232
f 298/1/693 295/1/693 268/1/694
f 268/1/694 270/1/694 298/1/693
s 233
f 271/1/695 294/1/696 297/1/695
f 297/1/695 269/1/697 271/1/695
s 234
f 272/1/698 299/1/699 298/1/698
f 298/1/698 270/1/700 272/1/698
s 235
f 291/1/478 294/1/701 271/1/702
f 271/1/702 273/1/478 291/1/478
s 236
f 274/1/703 300/1/129 299/1/703
f 299/1/703 272/1/704 274/1/703
s 237
f 276/1/705 275/1/705 301/1/131
f 301/1/131 302/1/705 276/1/705
s 238
f 277/1/706 303/1/706 291/1/706
f 291/1/706 273/1/706 277/1/706
s 239
f 304/1/707 300/1/319 274/1/708
f 274/1/708 278/1/709 304/1/707
s 240
f 301/1/710 275/1/711 279/1/712
f 279/1/712 305/1/713 301/1/710
s 241
f 280/1/714 306/1/715 303/1/714
f 303/1/714 277/1/714 280/1/714
s 242
f 281/1/716 307/1/716 304/1/716
f 304/1/716 278/1/716 281/1/716
s 243
f 305/1/717 279/1/718 282/1/719
f 282/1/719 308/1/717 305/1/717
s 244
f 309/1/720 306/1/720 280/1/720
f 280/1/720 283/1/720 309/1/720
s 245
f 284/1/721 310/1/722 307/1/723
f 307/1/723 281/1/723 284/1/721
s 246
f 285/1/152 311/1/724 308/1/724
f 308/1/724 282/1/151 285/1/152
s 247
f 286/1/725 312/1/726 309/1/726
f 309/1/726 283/1/726 286/1/725
s 248
f 313/1/727 310/1/728 284/1/729
f 284/1/729 287/1/730 313/1/727
s 249
f 288/1/731 314/1/732 311/1/731
f 311/1/731 285/1/732 288/1/731
s 250
f 302/1/436 312/1/436 286/1/436
f 286/1/436 276/1/436 302/1/436
s 251
f 289/1/733 315/1/733 313/1/733
f 313/1/733 287/1/166 289/1/733
s 252
f 314/1/734 288/1/735 290/1/441
f 290/1/441 316/1/736 314/1/734
s 253
f 229/1/173 317/1/173 315/1/173
f 315/1/173 289/1/737 229/1/173
s 254
f 263/1/738 318/1/739 316/1/740
f 316/1/740 290/1/741 263/1/738
s 255
f 319/1/742 317/1/742 229/1/742
f 229/1/742 228/1/742 319/1/742
s 256
f 264/1/447 320/1/743 318/1/447
f 318/1/447 263/1/182 264/1/447
s 257
f 265/1/744 321/1/744 319/1/744
f 319/1/744 228/1/744 265/1/744
s 258
f 322/1/745 320/1/746 264/1/745
f 264/1/745 266/1/746 322/1/745
s 259
f 261/1/747 260/1/453 321/1/747
f 321/1/747 265/1/747 261/1/747
s 260
f 267/1/748 296/1/749 322/1/750
f 322/1/750 266/1/751 267/1/748
s 261
f 323/1/752 324/1/753 325/1/754
f 325/1/754 326/1/755 323/1/752
s 262
f 300/1/756 327/1/756 328/1/756
f 328/1/756 299/1/756 300/1/756
s 263
f 329/1/757 330/1/758 302/1/759
f 302/1/759 301/1/758 329/1/757
s 264
f 331/1/760 292/1/760 291/1/760
f 291/1/760 303/1/760 331/1/760
s 265
f 304/1/761 332/1/762 327/1/763
f 327/1/763 300/1/762 304/1/761
s 266
f 305/1/764 333/1/765 329/1/766
f 329/1/766 301/1/765 305/1/764
s 267
f 306/1/767 334/1/767 331/1/767
f 331/1/767 303/1/767 306/1/767
s 268
f 335/1/768 332/1/768 304/1/769
f 304/1/769 307/1/768 335/1/768
s 269
f 308/1/770 336/1/771 333/1/771
f 333/1/771 305/1/771 308/1/770
s 270
f 309/1/772 337/1/772 334/1/772
f 334/1/772 306/1/772 309/1/772
s 271
f 310/1/773 338/1/773 335/1/773
f 335/1/773 307/1/773 310/1/773
s 272
f 339/1/774 336/1/775 308/1/775
f 308/1/775 311/1/775 339/1/774
s 273
f 337/1/776 309/1/776 312/1/776
f 312/1/776 340/1/776 337/1/776
s 274
f 313/1/777 341/1/777 338/1/777
f 338/1/777 310/1/777 313/1/777
s 275
f 314/1/778 342/1/778 339/1/779
f 339/1/779 311/1/778 314/1/778
s 276
f 330/1/780 340/1/780 312/1/780
f 312/1/780 302/1/780 330/1/780
s 277
f 341/1/781 313/1/781 315/1/781
f 315/1/781 343/1/781 341/1/781
s 278
f 316/1/782 344/1/783 342/1/783
f 342/1/783 314/1/783 316/1/782
s 279
f 317/1/784 345/1/784 343/1/784
f 343/1/784 315/1/784 317/1/784
s 280
f 346/1/785 344/1/786 316/1/786
f 316/1/786 318/1/786 346/1/785
s 281
f 319/1/787 347/1/787 345/1/787
f 345/1/787 317/1/787 319/1/787
s 282
f 320/1/788 348/1/789 346/1/790
f 346/1/790 318/1/789 320/1/788
s 283
f 325/1/791 347/1/792 319/1/791
f 319/1/791 321/1/791 325/1/791
s 284
f 322/1/793 349/1/794 348/1/795
f 348/1/795 320/1/794 322/1/793
s 285
f 260/1/796 326/1/797 325/1/798
f 325/1/798 321/1/797 260/1/796
s 286
f 349/1/799 322/1/799 296/1/799
f 296/1/799 350/1/799 349/1/799
s 287
f 259/1/800 351/1/801 326/1/802
f 326/1/802 260/1/803 259/1/800
s 288
f 295/1/804 352/1/804 350/1/804
f 350/1/804 296/1/804 295/1/804
s 289
f 351/1/805 259/1/806 297/1/807
f 297/1/807 353/1/805 351/1/805
s 290
f 298/1/808 354/1/808 352/1/809
f 352/1/809 295/1/808 298/1/808
s 291
f 294/1/810 293/1/810 353/1/810
f 353/1/810 297/1/810 294/1/810
s 292
f 328/1/811 354/1/812 298/1/813
f 298/1/813 299/1/812 328/1/811
s 293
f 355/1/814 356/1/814 357/1/814
f 357/1/814 358/1/814 355/1/814
s 294
f 350/1/815 359/1/816 360/1/817
f 360/1/817 349/1/817 350/1/815
s 295
f 351/1/818 361/1/819 323/1/818
f 323/1/818 326/1/818 351/1/818
s 296
f 362/1/820 359/1/821 350/1/820
f 350/1/820 352/1/820 362/1/820
s 297
f 353/1/822 358/1/822 361/1/822
f 361/1/822 351/1/822 353/1/822
s 298
f 354/1/823 363/1/824 362/1/823
f 362/1/823 352/1/825 354/1/823
s 299
f 358/1/826 353/1/827 293/1/828
f 293/1/828 355/1/829 358/1/826
s 300
f 328/1/830 364/1/831 363/1/830
f 363/1/830 354/1/830 328/1/830
s 301
f 292/1/832 365/1/833 355/1/832
f 355/1/832 293/1/834 292/1/832
s 302
f 364/1/835 328/1/835 327/1/835
f 327/1/835 366/1/835 364/1/835
s 303
f 330/1/836 329/1/837 367/1/836
f 367/1/836 368/1/838 330/1/836
s 304
f 331/1/839 369/1/839 365/1/839
f 365/1/839 292/1/840 331/1/839
s 305
f 332/1/841 370/1/842 366/1/843
f 366/1/843 327/1/843 332/1/841
s 306
f 333/1/844 371/1/845 367/1/844
f 367/1/844 329/1/846 333/1/844
s 307
f 372/1/847 369/1/848 331/1/849
f 331/1/849 334/1/850 372/1/847
s 308
f 335/1/851 373/1/852 370/1/851
f 370/1/851 332/1/853 335/1/851
s 309
f 336/1/854 374/1/855 371/1/856
f 371/1/856 333/1/857 336/1/854
s 310
f 337/1/858 375/1/859 372/1/860
f 372/1/860 334/1/861 337/1/858
s 311
f 376/1/862 373/1/863 335/1/862
f 335/1/862 338/1/864 376/1/862
s 312
f 339/1/865 377/1/866 374/1/867
f 374/1/867 336/1/868 339/1/865
s 313
f 340/1/869 378/1/870 375/1/871
f 375/1/871 337/1/871 340/1/869
s 314
f 341/1/872 379/1/872 376/1/873
f 376/1/873 338/1/872 341/1/872
s 315
f 377/1/874 339/1/874 342/1/874
f 342/1/874 380/1/875 377/1/874
s 316
f 368/1/876 378/1/877 340/1/878
f 340/1/878 330/1/879 368/1/876
s 317
f 343/1/880 381/1/881 379/1/880
f 379/1/880 341/1/882 343/1/880
s 318
f 344/1/883 382/1/884 380/1/885
f 380/1/885 342/1/885 344/1/883
s 319
f 381/1/886 343/1/886 345/1/887
f 345/1/887 383/1/886 381/1/886
s 320
f 346/1/888 384/1/888 382/1/889
f 382/1/889 344/1/890 346/1/888
s 321
f 347/1/891 385/1/892 383/1/891
f 383/1/891 345/1/893 347/1/891
s 322
f 386/1/894 384/1/895 346/1/896
f 346/1/896 348/1/897 386/1/894
s 323
f 325/1/898 324/1/899 385/1/900
f 385/1/900 347/1/901 325/1/898
s 324
f 349/1/902 360/1/903 386/1/903
f 386/1/903 348/1/902 349/1/902
s 325
f 387/1/904 388/1/904 389/1/905
f 389/1/905 390/1/904 387/1/904
s 326
f 364/1/906 391/1/907 392/1/906
f 392/1/906 363/1/908 364/1/906
s 327
f 355/1/909 365/1/910 393/1/911
f 393/1/911 356/1/912 355/1/909
s 328
f 366/1/913 394/1/914 391/1/915
f 391/1/915 364/1/916 366/1/913
s 329
f 368/1/917 367/1/917 395/1/918
f 395/1/918 396/1/918 368/1/917
s 330
f 393/1/919 365/1/920 369/1/921
f 369/1/921 388/1/919 393/1/919
s 331
f 366/1/922 370/1/923 397/1/922
f 397/1/922 394/1/924 366/1/922
s 332
f 395/1/925 367/1/925 371/1/926
f 371/1/926 398/1/925 395/1/925
s 333
f 372/1/927 389/1/928 388/1/929
f 388/1/929 369/1/930 372/1/927
s 334
f 397/1/931 370/1/931 373/1/931
f 373/1/931 399/1/931 397/1/931
s 335
f 398/1/932 371/1/933 374/1/934
f 374/1/934 400/1/935 398/1/932
s 336
f 372/1/936 375/1/937 401/1/938
f 401/1/938 389/1/939 372/1/936
s 337
f 376/1/940 402/1/941 399/1/942
f 399/1/942 373/1/940 376/1/940
s 338
f 377/1/943 403/1/943 400/1/943
f 400/1/943 374/1/944 377/1/943
s 339
f 401/1/945 375/1/945 378/1/946
f 378/1/946 404/1/945 401/1/945
s 340
f 376/1/947 379/1/948 405/1/947
f 405/1/947 402/1/949 376/1/947
s 341
f 380/1/950 406/1/950 403/1/950
f 403/1/950 377/1/951 380/1/950
s 342
f 378/1/952 368/1/952 396/1/953
f 396/1/953 404/1/954 378/1/952
s 343
f 405/1/955 379/1/956 381/1/957
f 381/1/957 407/1/958 405/1/955
s 344
f 406/1/959 380/1/960 382/1/960
f 382/1/960 408/1/960 406/1/959
s 345
f 383/1/961 409/1/962 407/1/963
f 407/1/963 381/1/964 383/1/961
s 346
f 384/1/965 410/1/965 408/1/965
f 408/1/965 382/1/965 384/1/965
s 347
f 383/1/966 385/1/967 411/1/968
f 411/1/968 409/1/969 383/1/966
s 348
f 386/1/970 412/1/971 410/1/972
f 410/1/972 384/1/971 386/1/970
s 349
f 411/1/973 385/1/973 324/1/974
f 324/1/974 413/1/973 411/1/973
s 350
f 386/1/975 360/1/976 414/1/977
f 414/1/977 412/1/978 386/1/975
s 351
f 323/1/979 415/1/979 413/1/979
f 413/1/979 324/1/980 323/1/979
s 352
f 414/1/981 360/1/982 359/1/981
f 359/1/981 416/1/981 414/1/981
s 353
f 323/1/983 361/1/984 417/1/983
f 417/1/983 415/1/985 323/1/983
s 354
f 418/1/986 416/1/986 359/1/987
f 359/1/987 362/1/986 418/1/986
s 355
f 417/1/988 361/1/989 358/1/990
f 358/1/990 357/1/991 417/1/988
s 356
f 418/1/992 362/1/992 363/1/992
f 363/1/992 392/1/992 418/1/992
s 357
f 419/1/993 420/1/994 421/1/994
f 421/1/994 422/1/995 419/1/993
s 358
f 399/1/996 423/1/996 424/1/996
f 424/1/996 397/1/996 399/1/996
s 359
f 400/1/997 425/1/998 426/1/998
f 426/1/998 398/1/998 400/1/997
s 360
f 401/1/999 427/1/1000 390/1/1000
f 390/1/1000 389/1/1000 401/1/999
s 361
f 423/1/1001 399/1/1001 402/1/1001
f 402/1/1001 428/1/1001 423/1/1001
s 362
f 400/1/1002 403/1/1003 429/1/1004
f 429/1/1004 425/1/1004 400/1/1002
s 363
f 404/1/1005 421/1/1005 427/1/1005
f 427/1/1005 401/1/1005 404/1/1005
s 364
f 405/1/1006 430/1/1006 428/1/1006
f 428/1/1006 402/1/1006 405/1/1006
s 365
f 429/1/1007 403/1/1008 406/1/1009
f 406/1/1009 431/1/1008 429/1/1007
s 366
f 422/1/1010 421/1/1010 404/1/1011
f 404/1/1011 396/1/1010 422/1/1010
s 367
f 407/1/1012 432/1/1012 430/1/1012
f 430/1/1012 405/1/1012 407/1/1012
s 368
f 408/1/1013 433/1/1014 431/1/1015
f 431/1/1015 406/1/1014 408/1/1013
s 369
f 432/1/1016 407/1/1017 409/1/1018
f 409/1/1018 434/1/1016 432/1/1016
s 370
f 408/1/1019 410/1/1020 435/1/1020
f 435/1/1020 433/1/1020 408/1/1019
s 371
f 411/1/1021 436/1/1021 434/1/1021
f 434/1/1021 409/1/1021 411/1/1021
s 372
f 435/1/1022 410/1/1023 412/1/1022
f 412/1/1022 437/1/1023 435/1/1022
s 373
f 413/1/1024 438/1/1024 436/1/1024
f 436/1/1024 411/1/1024 413/1/1024
s 374
f 414/1/1025 439/1/1026 437/1/1026
f 437/1/1026 412/1/1026 414/1/1025
s 375
f 438/1/1027 413/1/1027 415/1/1027
f 415/1/1027 440/1/1027 438/1/1027
s 376
f 416/1/1028 441/1/1028 439/1/1029
f 439/1/1029 414/1/1028 416/1/1028
s 377
f 417/1/1030 442/1/1031 440/1/1031
f 440/1/1031 415/1/1031 417/1/1030
s 378
f 416/1/1032 418/1/1033 443/1/1034
f 443/1/1034 441/1/1033 416/1/1032
s 379
f 357/1/1035 444/1/1036 442/1/1037
f 442/1/1037 417/1/1038 357/1/1035
s 380
f 445/1/1039 443/1/1040 418/1/1041
f 418/1/1041 392/1/1042 445/1/1039
s 381
f 444/1/1043 357/1/1043 356/1/1043
f 356/1/1043 446/1/1043 444/1/1043
s 382
f 445/1/1044 392/1/1044 391/1/1044
f 391/1/1044 447/1/1044 445/1/1044
s 383
f 393/1/1045 448/1/1045 446/1/1046
f 446/1/1046 356/1/1045 393/1/1045
s 384
f 447/1/1047 391/1/1047 394/1/1048
f 394/1/1048 449/1/1047 447/1/1047
s 385
f 395/1/1049 450/1/1049 422/1/1049
f 422/1/1049 396/1/1049 395/1/1049
s 386
f 388/1/1050 387/1/1050 448/1/1050
f 448/1/1050 393/1/1050 388/1/1050
s 387
f 397/1/1051 424/1/1052 449/1/1052
f 449/1/1052 394/1/1052 397/1/1051
s 388
f 450/1/1053 395/1/1053 398/1/1054
f 398/1/1054 426/1/1053 450/1/1053
s 389
f 451/1/1055 452/1/1056 453/1/1057
f 453/1/1057 454/1/1058 451/1/1055
s 390
f 432/1/1059 455/1/1059 456/1/1059
f 456/1/1059 430/1/1059 432/1/1059
s 391
f 457/1/1060 431/1/1061 433/1/1062
f 433/1/1062 458/1/1060 457/1/1060
s 392
f 434/1/1063 459/1/1064 455/1/1065
f 455/1/1065 432/1/1066 434/1/1063
s 393
f 435/1/1067 460/1/1067 458/1/1068
f 458/1/1068 433/1/1069 435/1/1067
s 394
f 459/1/1070 434/1/1070 436/1/1071
f 436/1/1071 454/1/1072 459/1/1070
s 395
f 437/1/1073 461/1/1074 460/1/1075
f 460/1/1075 435/1/1076 437/1/1073
s 396
f 438/1/1077 451/1/1078 454/1/1079
f 454/1/1079 436/1/1080 438/1/1077
s 397
f 461/1/1081 437/1/1082 439/1/1083
f 439/1/1083 462/1/1081 461/1/1081
s 398
f 440/1/1084 463/1/1085 451/1/1086
f 451/1/1086 438/1/1085 440/1/1084
s 399
f 441/1/1087 464/1/1088 462/1/1089
f 462/1/1089 439/1/1087 441/1/1087
s 400
f 463/1/1090 440/1/1091 442/1/1090
f 442/1/1090 465/1/1092 463/1/1090
s 401
f 443/1/1093 466/1/1094 464/1/1095
f 464/1/1095 441/1/1096 443/1/1093
s 402
f 444/1/1097 467/1/1098 465/1/1099
f 465/1/1099 442/1/1100 444/1/1097
s 403
f 466/1/1101 443/1/1102 445/1/1101
f 445/1/1101 468/1/1103 466/1/1101
s 404
f 446/1/1104 469/1/1104 467/1/1104
f 467/1/1104 444/1/1104 446/1/1104
s 405
f 447/1/1105 470/1/1106 468/1/1107
f 468/1/1107 445/1/1108 447/1/1105
s 406
f 469/1/1109 446/1/1110 448/1/1109
f 448/1/1109 471/1/1111 469/1/1109
s 407
f 449/1/1112 472/1/1113 470/1/1114
f 470/1/1114 447/1/1115 449/1/1112
s 408
f 422/1/1116 450/1/1117 473/1/1118
f 473/1/1118 419/1/1116 422/1/1116
s 409
f 387/1/1119 474/1/1120 471/1/1119
f 471/1/1119 448/1/1121 387/1/1119
s 410
f 472/1/1122 449/1/1123 424/1/1124
f 424/1/1124 475/1/1125 472/1/1122
s 411
f 426/1/1126 476/1/1127 473/1/1128
f 473/1/1128 450/1/1129 426/1/1126
s 412
f 390/1/1130 477/1/1131 474/1/1132
f 474/1/1132 387/1/1133 390/1/1130
s 413
f 423/1/1134 478/1/1135 475/1/1136
f 475/1/1136 424/1/1136 423/1/1134
s 414
f 476/1/1137 426/1/1138 425/1/1139
f 425/1/1139 479/1/1140 476/1/1137
s 415
f 477/1/1141 390/1/1142 427/1/1143
f 427/1/1143 480/1/1144 477/1/1141
s 416
f 428/1/1145 481/1/1146 478/1/1147
f 478/1/1147 423/1/1147 428/1/1145
s 417
f 429/1/1148 482/1/1149 479/1/1148
f 479/1/1148 425/1/1150 429/1/1148
s 418
f 421/1/1151 420/1/1152 480/1/1153
f 480/1/1153 427/1/1154 421/1/1151
s 419
f 481/1/1155 428/1/1156 430/1/1156
f 430/1/1156 456/1/1157 481/1/1155
s 420
f 431/1/1158 457/1/1159 482/1/1160
f 482/1/1160 429/1/1161 431/1/1158
s 421
f 483/1/1162 484/1/1162 485/1/1163
f 485/1/1163 486/1/1162 483/1/1162
s 422
f 487/1/1164 488/1/1165 461/1/1166
f 461/1/1166 462/1/1167 487/1/1164
s 423
f 463/1/1168 489/1/1168 452/1/1168
f 452/1/1168 451/1/1169 463/1/1168
s 424
f 464/1/1170 490/1/1171 487/1/1172
f 487/1/1172 462/1/1173 464/1/1170
s 425
f 484/1/1174 489/1/1175 463/1/1176
f 463/1/1176 465/1/1177 484/1/1174
s 426
f 466/1/1178 491/1/1179 490/1/1180
f 490/1/1180 464/1/1181 466/1/1178
s 427
f 467/1/1182 485/1/1182 484/1/1182
f 484/1/1182 465/1/1182 467/1/1182
s 428
f 492/1/1183 491/1/1184 466/1/1185
f 466/1/1185 468/1/1185 492/1/1183
s 429
f 469/1/1186 493/1/1187 485/1/1188
f 485/1/1188 467/1/1189 469/1/1186
s 430
f 470/1/1190 494/1/1190 492/1/1190
f 492/1/1190 468/1/1190 470/1/1190
s 431
f 495/1/1191 493/1/1192 469/1/1193
f 469/1/1193 471/1/1194 495/1/1191
s 432
f 472/1/1195 496/1/1195 494/1/1196
f 494/1/1196 470/1/1195 472/1/1195
s 433
f 497/1/1197 419/1/1198 473/1/1199
f 473/1/1199 498/1/1198 497/1/1197
s 434
f 474/1/1200 499/1/1201 495/1/1201
f 495/1/1201 471/1/1201 474/1/1200
s 435
f 500/1/1202 496/1/1203 472/1/1202
f 472/1/1202 475/1/1204 500/1/1202
s 436
f 498/1/1205 473/1/1205 476/1/1205
f 476/1/1205 501/1/1205 498/1/1205
s 437
f 477/1/1206 502/1/1207 499/1/1207
f 499/1/1207 474/1/1208 477/1/1206
s 438
f 478/1/1209 503/1/1209 500/1/1209
f 500/1/1209 475/1/1209 478/1/1209
s 439
f 479/1/1210 504/1/1211 501/1/1212
f 501/1/1212 476/1/1211 479/1/1210
s 440
f 505/1/1213 502/1/1214 477/1/1215
f 477/1/1215 480/1/1215 505/1/1213
s 441
f 481/1/1216 506/1/1216 503/1/1216
f 503/1/1216 478/1/1217 481/1/1216
s 442
f 504/1/1218 479/1/1218 482/1/1218
f 482/1/1218 507/1/1218 504/1/1218
s 443
f 420/1/1219 508/1/1220 505/1/1221
f 505/1/1221 480/1/1222 420/1/1219
s 444
f 509/1/1223 506/1/1223 481/1/1224
f 481/1/1224 456/1/1224 509/1/1223
s 445
f 457/1/1225 510/1/1226 507/1/1227
f 507/1/1227 482/1/1228 457/1/1225
s 446
f 497/1/1229 508/1/1230 420/1/1231
f 420/1/1231 419/1/1232 497/1/1229
s 447
f 455/1/1233 511/1/1233 509/1/1234
f 509/1/1234 456/1/1235 455/1/1233
s 448
f 458/1/1236 512/1/1237 510/1/1236
f 510/1/1236 457/1/1238 458/1/1236
s 449
f 459/1/1239 513/1/1240 511/1/1241
f 511/1/1241 455/1/1242 459/1/1239
s 450
f 512/1/1243 458/1/1244 460/1/1245
f 460/1/1245 514/1/1246 512/1/1243
s 451
f 453/1/1247 513/1/1248 459/1/1249
f 459/1/1249 454/1/1247 453/1/1247
s 452
f 461/1/1250 488/1/1250 514/1/1251
f 514/1/1251 460/1/1250 461/1/1250
s 453
f 515/1/1252 516/1/1253 517/1/1254
f 517/1/1254 518/1/1255 515/1/1252
s 454
f 492/1/1256 519/1/1256 520/1/1256
f 520/1/1256 491/1/1256 492/1/1256
s 455
f 493/1/1257 521/1/1258 486/1/1258
f 486/1/1258 485/1/1258 493/1/1257
s 456
f 522/1/1259 519/1/1260 492/1/1260
f 492/1/1260 494/1/1260 522/1/1259
s 457
f 495/1/1261 523/1/1261 521/1/1261
f 521/1/1261 493/1/1261 495/1/1261
s 458
f 496/1/1262 524/1/1263 522/1/1263
f 522/1/1263 494/1/1263 496/1/1262
s 459
f 516/1/1264 515/1/1264 497/1/1264
f 497/1/1264 498/1/1264 516/1/1264
s 460
f 525/1/1265 523/1/1265 495/1/1265
f 495/1/1265 499/1/1265 525/1/1265
s 461
f 500/1/1266 526/1/1267 524/1/1267
f 524/1/1267 496/1/1267 500/1/1266
s 462
f 501/1/1268 527/1/1269 516/1/1269
f 516/1/1269 498/1/1269 501/1/1268
s 463
f 502/1/1270 528/1/1270 525/1/1270
f 525/1/1270 499/1/1270 502/1/1270
s 464
f 529/1/1271 526/1/1271 500/1/1272
f 500/1/1272 503/1/1271 529/1/1271
s 465
f 504/1/1273 530/1/1274 527/1/1274
f 527/1/1274 501/1/1274 504/1/1273
s 466
f 505/1/1275 531/1/1275 528/1/1275
f 528/1/1275 502/1/1275 505/1/1275
s 467
f 506/1/1276 532/1/1276 529/1/1276
f 529/1/1276 503/1/1276 506/1/1276
s 468
f 533/1/1277 530/1/1277 504/1/1277
f 504/1/1277 507/1/1277 533/1/1277
s 469
f 534/1/1278 531/1/1278 505/1/1278
f 505/1/1278 508/1/1278 534/1/1278
s 470
f 509/1/1279 535/1/1280 532/1/1279
f 532/1/1279 506/1/1279 509/1/1279
s 471
f 510/1/1281 536/1/1281 533/1/1281
f 533/1/1281 507/1/1281 510/1/1281
s 472
f 534/1/1282 508/1/1282 497/1/1282
f 497/1/1282 515/1/1282 534/1/1282
s 473
f 535/1/1283 509/1/1283 511/1/1283
f 511/1/1283 537/1/1283 535/1/1283
s 474
f 512/1/1284 538/1/1285 536/1/1286
f 536/1/1286 510/1/1285 512/1/1284
s 475
f 513/1/1287 539/1/1287 537/1/1287
f 537/1/1287 511/1/1287 513/1/1287
s 476
f 540/1/1288 538/1/1288 512/1/1288
f 512/1/1288 514/1/1288 540/1/1288
s 477
f 453/1/1289 541/1/1289 539/1/1289
f 539/1/1289 513/1/1289 453/1/1289
s 478
f 488/1/1290 542/1/1290 540/1/1291
f 540/1/1291 514/1/1290 488/1/1290
s 479
f 541/1/1292 453/1/1292 452/1/1292
f 452/1/1292 543/1/1292 541/1/1292
s 480
f 487/1/1293 544/1/1294 542/1/1294
f 542/1/1294 488/1/1294 487/1/1293
s 481
f 489/1/1295 545/1/1295 543/1/1295
f 543/1/1295 452/1/1295 489/1/1295
s 482
f 546/1/1296 544/1/1297 487/1/1297
f 487/1/1297 490/1/1297 546/1/1296
s 483
f 484/1/1298 483/1/1299 545/1/1299
f 545/1/1299 489/1/1299 484/1/1298
s 484
f 491/1/1300 520/1/1301 546/1/1302
f 546/1/1302 490/1/1301 491/1/1300
s 485
f 547/1/1303 548/1/1304 549/1/1303
f 549/1/1303 550/1/1303 547/1/1303
s 486
f 525/1/1305 551/1/1306 552/1/1307
f 552/1/1307 523/1/1308 525/1/1305
s 487
f 526/1/1309 553/1/1310 554/1/1311
f 554/1/1311 524/1/1312 526/1/1309
s 488
f 527/1/1313 555/1/1314 517/1/1315
f 517/1/1315 516/1/1316 527/1/1313
s 489
f 556/1/1317 551/1/1318 525/1/1319
f 525/1/1319 528/1/1320 556/1/1317
s 490
f 529/1/1321 557/1/1322 553/1/1323
f 553/1/1323 526/1/1324 529/1/1321
s 491
f 530/1/1325 550/1/1326 555/1/1325
f 555/1/1325 527/1/1325 530/1/1325
s 492
f 531/1/1327 558/1/1328 556/1/1328
f 556/1/1328 528/1/1329 531/1/1327
s 493
f 557/1/1330 529/1/1331 532/1/1332
f 532/1/1332 559/1/1333 557/1/1330
s 494
f 533/1/1334 547/1/1335 550/1/1336
f 550/1/1336 530/1/1337 533/1/1334
s 495
f 534/1/1338 560/1/1339 558/1/1340
f 558/1/1340 531/1/1341 534/1/1338
s 496
f 535/1/1342 561/1/1343 559/1/1344
f 559/1/1344 532/1/1345 535/1/1342
s 497
f 547/1/1346 533/1/1347 536/1/1348
f 536/1/1348 562/1/1349 547/1/1346
s 498
f 560/1/1350 534/1/1351 515/1/1350
f 515/1/1350 518/1/1352 560/1/1350
s 499
f 537/1/1353 563/1/1354 561/1/1353
f 561/1/1353 535/1/1355 537/1/1353
s 500
f 538/1/1356 564/1/1357 562/1/1358
f 562/1/1358 536/1/1356 538/1/1356
s 501
f 565/1/1359 563/1/1360 537/1/1361
f 537/1/1361 539/1/1362 565/1/1359
s 502
f 540/1/1363 566/1/1364 564/1/1365
f 564/1/1365 538/1/1366 540/1/1363
s 503
f 541/1/1367 567/1/1368 565/1/1369
f 565/1/1369 539/1/1370 541/1/1367
s 504
f 568/1/1371 566/1/1372 540/1/1373
f 540/1/1373 542/1/1374 568/1/1371
s 505
f 543/1/1375 569/1/1375 567/1/1376
f 567/1/1376 541/1/1376 543/1/1375
s 506
f 544/1/1377 570/1/1378 568/1/1378
f 568/1/1378 542/1/1379 544/1/1377
s 507
f 569/1/1380 543/1/1381 545/1/1380
f 545/1/1380 571/1/1382 569/1/1380
s 508
f 546/1/1383 572/1/1384 570/1/1385
f 570/1/1385 544/1/1386 546/1/1383
s 509
f 483/1/1387 573/1/1388 571/1/1389
f 571/1/1389 545/1/1390 483/1/1387
s 510
f 574/1/1391 572/1/1392 546/1/1393
f 546/1/1393 520/1/1394 574/1/1391
s 511
f 486/1/1395 575/1/1396 573/1/1397
f 573/1/1397 483/1/1398 486/1/1395
s 512
f 519/1/1399 576/1/1400 574/1/1401
f 574/1/1401 520/1/1402 519/1/1399
s 513
f 577/1/1403 575/1/1404 486/1/1405
f 486/1/1405 521/1/1406 577/1/1403
s 514
f 522/1/1407 578/1/1407 576/1/1407
f 576/1/1407 519/1/1408 522/1/1407
s 515
f 523/1/1409 552/1/1409 577/1/1410
f 577/1/1410 521/1/1409 523/1/1409
s 516
f 578/1/1411 522/1/1411 524/1/1411
f 524/1/1411 554/1/1412 578/1/1411
s 517
f 579/1/1413 580/1/1414 581/1/1414
f 581/1/1414 582/1/1414 579/1/1413
s 518
f 560/1/1415 583/1/1415 584/1/1416
f 584/1/1416 558/1/1415 560/1/1415
s 519
f 585/1/1417 586/1/1417 559/1/1417
f 559/1/1417 561/1/1417 585/1/1417
s 520
f 562/1/1418 587/1/1419 548/1/1420
f 548/1/1420 547/1/1421 562/1/1418
s 521
f 588/1/1422 583/1/1422 560/1/1422
f 560/1/1422 518/1/1422 588/1/1422
s 522
f 563/1/1423 589/1/1423 585/1/1423
f 585/1/1423 561/1/1424 563/1/1423
s 523
f 587/1/1425 562/1/1426 564/1/1427
f 564/1/1427 581/1/1428 587/1/1425
s 524
f 565/1/1429 590/1/1430 589/1/1431
f 589/1/1431 563/1/1432 565/1/1429
s 525
f 566/1/1433 582/1/1434 581/1/1435
f 581/1/1435 564/1/1433 566/1/1433
s 526
f 591/1/1436 590/1/1437 565/1/1438
f 565/1/1438 567/1/1439 591/1/1436
s 527
f 568/1/1440 592/1/1441 582/1/1442
f 582/1/1442 566/1/1443 568/1/1440
s 528
f 569/1/1444 593/1/1444 591/1/1445
f 591/1/1445 567/1/1444 569/1/1444
s 529
f 594/1/1446 592/1/1447 568/1/1448
f 568/1/1448 570/1/1449 594/1/1446
s 530
f 571/1/1450 595/1/1451 593/1/1452
f 593/1/1452 569/1/1453 571/1/1450
s 531
f 572/1/1454 596/1/1455 594/1/1456
f 594/1/1456 570/1/1457 572/1/1454
s 532
f 597/1/1458 595/1/1459 571/1/1460
f 571/1/1460 573/1/1461 597/1/1458
s 533
f 574/1/1462 598/1/1463 596/1/1464
f 596/1/1464 572/1/1465 574/1/1462
s 534
f 575/1/1466 599/1/1467 597/1/1467
f 597/1/1467 573/1/1468 575/1/1466
s 535
f 600/1/1469 598/1/1470 574/1/1471
f 574/1/1471 576/1/1472 600/1/1469
s 536
f 577/1/1473 601/1/1474 599/1/1475
f 599/1/1475 575/1/1476 577/1/1473
s 537
f 578/1/1477 602/1/1478 600/1/1478
f 600/1/1478 576/1/1478 578/1/1477
s 538
f 603/1/1479 601/1/1480 577/1/1479
f 577/1/1479 552/1/1481 603/1/1479
s 539
f 554/1/1482 604/1/1483 602/1/1484
f 602/1/1484 578/1/1485 554/1/1482
s 540
f 518/1/1486 517/1/1486 605/1/1487
f 605/1/1487 588/1/1487 518/1/1486
s 541
f 551/1/1488 606/1/1489 603/1/1488
f 603/1/1488 552/1/1490 551/1/1488
s 542
f 607/1/1491 604/1/1492 554/1/1491
f 554/1/1491 553/1/1491 607/1/1491
s 543
f 608/1/1493 605/1/1494 517/1/1495
f 517/1/1495 555/1/1496 608/1/1493
s 544
f 556/1/1497 609/1/1498 606/1/1499
f 606/1/1499 551/1/1500 556/1/1497
s 545
f 557/1/1501 610/1/1502 607/1/1503
f 607/1/1503 553/1/1504 557/1/1501
s 546
f 549/1/1505 608/1/1506 555/1/1507
f 555/1/1507 550/1/1508 549/1/1505
s 547
f 584/1/1509 609/1/1509 556/1/1509
f 556/1/1509 558/1/1509 584/1/1509
s 548
f 559/1/1510 586/1/1511 610/1/1510
f 610/1/1510 557/1/1512 559/1/1510
s 549
f 611/1/1513 612/1/1514 613/1/1514
f 613/1/1514 614/1/1515 611/1/1513
s 550
f 591/1/1516 615/1/1517 616/1/1517
f 616/1/1517 590/1/1517 591/1/1516
s 551
f 592/1/1518 617/1/1518 579/1/1519
f 579/1/1519 582/1/1518 592/1/1518
s 552
f 615/1/1520 591/1/1521 593/1/1522
f 593/1/1522 618/1/1521 615/1/1520
s 553
f 594/1/1523 614/1/1524 617/1/1524
f 617/1/1524 592/1/1524 594/1/1523
s 554
f 595/1/1525 619/1/1526 618/1/1525
f 618/1/1525 593/1/1526 595/1/1525
s 555
f 611/1/1527 614/1/1528 594/1/1529
f 594/1/1529 596/1/1528 611/1/1527
s 556
f 597/1/1530 620/1/1531 619/1/1532
f 619/1/1532 595/1/1531 597/1/1530
s 557
f 598/1/1533 621/1/1533 611/1/1534
f 611/1/1534 596/1/1533 598/1/1533
s 558
f 622/1/1535 620/1/1536 597/1/1535
f 597/1/1535 599/1/1536 622/1/1535
s 559
f 600/1/1537 623/1/1537 621/1/1537
f 621/1/1537 598/1/1537 600/1/1537
s 560
f 601/1/1538 624/1/1539 622/1/1539
f 622/1/1539 599/1/1539 601/1/1538
s 561
f 625/1/1540 623/1/1541 600/1/1541
f 600/1/1541 602/1/1541 625/1/1540
s 562
f 603/1/1542 626/1/1543 624/1/1544
f 624/1/1544 601/1/1543 603/1/1542
s 563
f 604/1/1545 627/1/1546 625/1/1546
f 625/1/1546 602/1/1546 604/1/1545
s 564
f 628/1/1547 629/1/1547 588/1/1547
f 588/1/1547 605/1/1547 628/1/1547
s 565
f 630/1/1548 626/1/1548 603/1/1549
f 603/1/1549 606/1/1548 630/1/1548
s 566
f 607/1/1550 631/1/1551 627/1/1552
f 627/1/1552 604/1/1551 607/1/1550
s 567
f 608/1/1553 632/1/1554 628/1/1554
f 628/1/1554 605/1/1554 608/1/1553
s 568
f 609/1/1555 633/1/1556 630/1/1556
f 630/1/1556 606/1/1556 609/1/1555
s 569
f 631/1/1557 607/1/1558 610/1/1559
f 610/1/1559 634/1/1558 631/1/1557
s 570
f 549/1/1560 635/1/1560 632/1/1560
f 632/1/1560 608/1/1560 549/1/1560
s 571
f 584/1/1561 636/1/1562 633/1/1563
f 633/1/1563 609/1/1562 584/1/1561
s 572
f 586/1/1564 637/1/1564 634/1/1565
f 634/1/1565 610/1/1564 586/1/1564
s 573
f 638/1/1566 635/1/1567 549/1/1567
f 549/1/1567 548/1/1567 638/1/1566
s 574
f 639/1/1568 636/1/1569 584/1/1568
f 584/1/1568 583/1/1569 639/1/1568
s 575
f 585/1/1570 640/1/1571 637/1/1572
f 637/1/1572 586/1/1571 585/1/1570
s 576
f 587/1/1573 641/1/1573 638/1/1574
f 638/1/1574 548/1/1573 587/1/1573
s 577
f 629/1/1575 639/1/1576 583/1/1576
f 583/1/1576 588/1/1576 629/1/1575
s 578
f 640/1/1577 585/1/1578 589/1/1579
f 589/1/1579 642/1/1578 640/1/1577
s 579
f 581/1/1580 580/1/1580 641/1/1580
f 641/1/1580 587/1/1580 581/1/1580
s 580
f 590/1/1581 616/1/1581 642/1/1582
f 642/1/1582 589/1/1581 590/1/1581
s 581
f 643/1/1583 644/1/1583 645/1/1583
f 645/1/1583 646/1/1584 643/1/1583
s 582
f 620/1/1585 647/1/1586 648/1/1585
f 648/1/1585 619/1/1586 620/1/1585
s 583
f 649/1/1587 612/1/1588 611/1/1588
f 611/1/1588 621/1/1587 649/1/1587
s 584
f 622/1/1589 650/1/1590 647/1/1591
f 647/1/1591 620/1/1591 622/1/1589
s 585
f 623/1/1592 646/1/1593 649/1/1594
f 649/1/1594 621/1/1595 623/1/1592
s 586
f 650/1/1596 622/1/1596 624/1/1597
f 624/1/1597 651/1/1596 650/1/1596
s 587
f 625/1/1598 643/1/1599 646/1/1600
f 646/1/1600 623/1/1601 625/1/1598
s 588
f 626/1/1602 652/1/1603 651/1/1602
f 651/1/1602 624/1/1604 626/1/1602
s 589
f 643/1/1605 625/1/1605 627/1/1605
f 627/1/1605 653/1/1605 643/1/1605
s 590
f 629/1/1606 628/1/1606 654/1/1606
f 654/1/1606 655/1/1606 629/1/1606
s 591
f 630/1/1607 656/1/1608 652/1/1607
f 652/1/1607 626/1/1609 630/1/1607
s 592
f 631/1/1610 657/1/1611 653/1/1610
f 653/1/1610 627/1/1612 631/1/1610
s 593
f 632/1/1613 658/1/1614 654/1/1615
f 654/1/1615 628/1/1616 632/1/1613
s 594
f 659/1/1617 656/1/1617 630/1/1617
f 630/1/1617 633/1/1618 659/1/1617
s 595
f 634/1/1619 660/1/1620 657/1/1621
f 657/1/1621 631/1/1622 634/1/1619
s 596
f 635/1/1623 661/1/1624 658/1/1624
f 658/1/1624 632/1/1623 635/1/1623
s 597
f 636/1/1625 662/1/1626 659/1/1625
f 659/1/1625 633/1/1627 636/1/1625
s 598
f 663/1/1628 660/1/1629 634/1/1630
f 634/1/1630 637/1/1631 663/1/1628
s 599
f 638/1/1632 664/1/1633 661/1/1634
f 661/1/1634 635/1/1635 638/1/1632
s 600
f 639/1/1636 665/1/1637 662/1/1638
f 662/1/1638 636/1/1639 639/1/1636
s 601
f 640/1/1640 666/1/1641 663/1/1641
f 663/1/1641 637/1/1642 640/1/1640
s 602
f 664/1/1643 638/1/1644 641/1/1645
f 641/1/1645 667/1/1644 664/1/1643
s 603
f 655/1/1646 665/1/1647 639/1/1648
f 639/1/1648 629/1/1649 655/1/1646
s 604
f 642/1/1650 668/1/1651 666/1/1652
f 666/1/1652 640/1/1653 642/1/1650
s 605
f 580/1/1654 669/1/1654 667/1/1654
f 667/1/1654 641/1/1655 580/1/1654
s 606
f 670/1/1656 668/1/1657 642/1/1656
f 642/1/1656 616/1/1658 670/1/1656
s 607
f 579/1/1659 671/1/1660 669/1/1661
f 669/1/1661 580/1/1662 579/1/1659
s 608
f 615/1/1663 672/1/1664 670/1/1665
f 670/1/1665 616/1/1666 615/1/1663
s 609
f 673/1/1667 671/1/1668 579/1/1667
f 579/1/1667 617/1/1667 673/1/1667
s 610
f 618/1/1669 674/1/1670 672/1/1671
f 672/1/1671 615/1/1672 618/1/1669
s 611
f 614/1/1673 613/1/1674 673/1/1673
f 673/1/1673 617/1/1675 614/1/1673
s 612
f 674/1/1676 618/1/1677 619/1/1678
f 619/1/1678 648/1/1679 674/1/1676
s 613
f 675/1/1680 676/1/1681 677/1/1680
f 677/1/1680 678/1/1681 675/1/1680
s 614
f 651/1/1682 652/1/1683 679/1/1682
f 679/1/1682 680/1/1684 651/1/1682
s 615
f 653/1/1685 681/1/1685 644/1/1686
f 644/1/1686 643/1/1686 653/1/1685
s 616
f 655/1/1687 654/1/1687 682/1/1687
f 682/1/1687 683/1/1687 655/1/1687
s 617
f 679/1/1688 652/1/1688 656/1/1688
f 656/1/1688 684/1/1688 679/1/1688
s 618
f 653/1/1689 657/1/1690 678/1/1689
f 678/1/1689 681/1/1691 653/1/1689
s 619
f 682/1/1692 654/1/1693 658/1/1694
f 658/1/1694 685/1/1695 682/1/1692
s 620
f 659/1/1696 686/1/1696 684/1/1697
f 684/1/1697 656/1/1698 659/1/1696
s 621
f 678/1/1699 657/1/1699 660/1/1699
f 660/1/1699 675/1/1699 678/1/1699
s 622
f 687/1/1700 685/1/1701 658/1/1702
f 658/1/1702 661/1/1703 687/1/1700
s 623
f 659/1/1704 662/1/1705 688/1/1706
f 688/1/1706 686/1/1704 659/1/1704
s 624
f 663/1/1707 689/1/1708 675/1/1707
f 675/1/1707 660/1/1709 663/1/1707
s 625
f 664/1/1710 690/1/1711 687/1/1712
f 687/1/1712 661/1/1710 664/1/1710
s 626
f 688/1/1713 662/1/1714 665/1/1715
f 665/1/1715 691/1/1716 688/1/1713
s 627
f 663/1/1717 666/1/1718 692/1/1719
f 692/1/1719 689/1/1720 663/1/1717
s 628
f 667/1/1721 693/1/1721 690/1/1721
f 690/1/1721 664/1/1721 667/1/1721
s 629
f 665/1/1722 655/1/1722 683/1/1722
f 683/1/1722 691/1/1722 665/1/1722
s 630
f 692/1/1723 666/1/1724 668/1/1725
f 668/1/1725 694/1/1726 692/1/1723
s 631
f 695/1/1727 693/1/1727 667/1/1727
f 667/1/1727 669/1/1728 695/1/1727
s 632
f 670/1/1729 696/1/1730 694/1/1730
f 694/1/1730 668/1/1730 670/1/1729
s 633
f 671/1/1731 697/1/1732 695/1/1733
f 695/1/1733 669/1/1734 671/1/1731
s 634
f 670/1/1735 672/1/1735 698/1/1735
f 698/1/1735 696/1/1735 670/1/1735
s 635
f 673/1/1736 699/1/1736 697/1/1737
f 697/1/1737 671/1/1738 673/1/1736
s 636
f 698/1/1739 672/1/1740 674/1/1741
f 674/1/1741 700/1/1741 698/1/1739
s 637
f 673/1/1742 613/1/1743 701/1/1744
f 701/1/1744 699/1/1743 673/1/1742
s 638
f 648/1/1745 702/1/1745 700/1/1746
f 700/1/1746 674/1/1747 648/1/1745
s 639
f 701/1/1748 613/1/1749 612/1/1748
f 612/1/1748 703/1/1749 701/1/1748
s 640
f 648/1/1750 647/1/1751 704/1/1751
f 704/1/1751 702/1/1751 648/1/1750
s 641
f 705/1/1752 703/1/1753 612/1/1754
f 612/1/1754 649/1/1752 705/1/1752
s 642
f 704/1/1755 647/1/1756 650/1/1757
f 650/1/1757 706/1/1758 704/1/1755
s 643
f 705/1/1759 649/1/1760 646/1/1759
f 646/1/1759 645/1/1759 705/1/1759
s 644
f 651/1/1761 680/1/1761 706/1/1762
f 706/1/1762 650/1/1761 651/1/1761
s 645
f 707/1/1763 708/1/1764 709/1/1764
f 709/1/1764 710/1/1764 707/1/1763
s 646
f 687/1/1765 711/1/1765 712/1/1765
f 712/1/1765 685/1/1765 687/1/1765
s 647
f 688/1/1766 713/1/1766 714/1/1766
f 714/1/1766 686/1/1766 688/1/1766
s 648
f 676/1/1767 675/1/1767 689/1/1767
f 689/1/1767 715/1/1767 676/1/1767
s 649
f 687/1/1768 690/1/1768 716/1/1768
f 716/1/1768 711/1/1768 687/1/1768
s 650
f 691/1/1769 717/1/1769 713/1/1769
f 713/1/1769 688/1/1769 691/1/1769
s 651
f 692/1/1770 710/1/1770 715/1/1770
f 715/1/1770 689/1/1770 692/1/1770
s 652
f 716/1/1771 690/1/1771 693/1/1771
f 693/1/1771 718/1/1771 716/1/1771
s 653
f 719/1/1772 717/1/1772 691/1/1772
f 691/1/1772 683/1/1772 719/1/1772
s 654
f 694/1/1773 707/1/1773 710/1/1773
f 710/1/1773 692/1/1773 694/1/1773
s 655
f 695/1/1774 720/1/1774 718/1/1774
f 718/1/1774 693/1/1774 695/1/1774
s 656
f 707/1/1775 694/1/1775 696/1/1775
f 696/1/1775 721/1/1775 707/1/1775
s 657
f 695/1/1776 697/1/1776 722/1/1776
f 722/1/1776 720/1/1776 695/1/1776
s 658
f 698/1/1777 723/1/1777 721/1/1777
f 721/1/1777 696/1/1777 698/1/1777
s 659
f 722/1/1778 697/1/1778 699/1/1779
f 699/1/1779 724/1/1778 722/1/1778
s 660
f 700/1/1780 725/1/1780 723/1/1780
f 723/1/1780 698/1/1780 700/1/1780
s 661
f 701/1/1781 726/1/1781 724/1/1781
f 724/1/1781 699/1/1781 701/1/1781
s 662
f 725/1/1782 700/1/1782 702/1/1782
f 702/1/1782 727/1/1782 725/1/1782
s 663
f 703/1/1783 728/1/1783 726/1/1783
f 726/1/1783 701/1/1783 703/1/1783
s 664
f 704/1/1784 729/1/1785 727/1/1785
f 727/1/1785 702/1/1786 704/1/1784
s 665
f 703/1/1787 705/1/1787 730/1/1787
f 730/1/1787 728/1/1787 703/1/1787
s 666
f 706/1/1788 731/1/1789 729/1/1789
f 729/1/1789 704/1/1789 706/1/1788
s 667
f 732/1/1790 730/1/1790 705/1/1790
f 705/1/1790 645/1/1790 732/1/1790
s 668
f 731/1/1791 706/1/1791 680/1/1792
f 680/1/1792 733/1/1791 731/1/1791
s 669
f 732/1/1793 645/1/1793 644/1/1793
f 644/1/1793 734/1/1793 732/1/1793
s 670
f 679/1/1794 735/1/1794 733/1/1794
f 733/1/1794 680/1/1794 679/1/1794
s 671
f 734/1/1795 644/1/1795 681/1/1795
f 681/1/1795 736/1/1795 734/1/1795
s 672
f 682/1/1796 737/1/1797 719/1/1796
f 719/1/1796 683/1/1797 682/1/1796
s 673
f 684/1/1798 738/1/1798 735/1/1798
f 735/1/1798 679/1/1798 684/1/1798
s 674
f 678/1/1799 677/1/1799 736/1/1799
f 736/1/1799 681/1/1799 678/1/1799
s 675
f 737/1/1800 682/1/1800 685/1/1800
f 685/1/1800 712/1/1800 737/1/1800
s 676
f 738/1/1801 684/1/1801 686/1/1801
f 686/1/1801 714/1/1801 738/1/1801
s 677
f 739/1/1802 740/1/1802 741/1/1802
f 741/1/1802 742/1/1802 739/1/1802
s 678
f 743/1/1803 718/1/1804 720/1/1805
f 720/1/1805 744/1/1806 743/1/1803
s 679
f 721/1/1807 745/1/1808 708/1/1809
f 708/1/1809 707/1/1807 721/1/1807
s 680
f 722/1/1810 746/1/1811 744/1/1812
f 744/1/1812 720/1/1813 722/1/1810
s 681
f 745/1/1814 721/1/1815 723/1/1815
f 723/1/1815 742/1/1816 745/1/1814
s 682
f 724/1/1817 747/1/1818 746/1/1819
f 746/1/1819 722/1/1819 724/1/1817
s 683
f 725/1/1820 739/1/1820 742/1/1820
f 742/1/1820 723/1/1820 725/1/1820
s 684
f 747/1/1821 724/1/1821 726/1/1821
f 726/1/1821 748/1/1822 747/1/1821
s 685
f 727/1/1823 749/1/1824 739/1/1825
f 739/1/1825 725/1/1825 727/1/1823
s 686
f 728/1/1826 750/1/1827 748/1/1828
f 748/1/1828 726/1/1829 728/1/1826
s 687
f 749/1/1830 727/1/1831 729/1/1832
f 729/1/1832 751/1/1833 749/1/1830
s 688
f 730/1/1834 752/1/1835 750/1/1835
f 750/1/1835 728/1/1836 730/1/1834
s 689
f 731/1/1837 753/1/1838 751/1/1837
f 751/1/1837 729/1/1839 731/1/1837
s 690
f 752/1/1840 730/1/1841 732/1/1842
f 732/1/1842 754/1/1843 752/1/1840
s 691
f 733/1/1844 755/1/1845 753/1/1846
f 753/1/1846 731/1/1847 733/1/1844
s 692
f 734/1/1848 756/1/1848 754/1/1848
f 754/1/1848 732/1/1849 734/1/1848
s 693
f 755/1/1850 733/1/1850 735/1/1850
f 735/1/1850 757/1/1850 755/1/1850
s 694
f 736/1/1851 758/1/1852 756/1/1851
f 756/1/1851 734/1/1853 736/1/1851
s 695
f 719/1/1854 737/1/1855 759/1/1855
f 759/1/1855 760/1/1855 719/1/1854
s 696
f 738/1/1856 761/1/1857 757/1/1858
f 757/1/1858 735/1/1859 738/1/1856
s 697
f 758/1/1860 736/1/1861 677/1/1862
f 677/1/1862 762/1/1863 758/1/1860
s 698
f 712/1/1864 763/1/1865 759/1/1865
f 759/1/1865 737/1/1866 712/1/1864
s 699
f 714/1/1867 764/1/1867 761/1/1868
f 761/1/1868 738/1/1869 714/1/1867
s 700
f 676/1/1870 765/1/1871 762/1/1870
f 762/1/1870 677/1/1870 676/1/1870
s 701
f 763/1/1872 712/1/1873 711/1/1872
f 711/1/1872 766/1/1872 763/1/1872
s 702
f 764/1/1874 714/1/1875 713/1/1874
f 713/1/1874 767/1/1874 764/1/1874
s 703
f 715/1/1876 768/1/1877 765/1/1878
f 765/1/1878 676/1/1877 715/1/1876
s 704
f 716/1/1879 769/1/1880 766/1/1881
f 766/1/1881 711/1/1882 716/1/1879
s 705
f 717/1/1883 770/1/1884 767/1/1885
f 767/1/1885 713/1/1884 717/1/1883
s 706
f 768/1/1886 715/1/1887 710/1/1888
f 710/1/1888 709/1/1889 768/1/1886
s 707
f 718/1/1890 743/1/1890 769/1/1890
f 769/1/1890 716/1/1890 718/1/1890
s 708
f 760/1/1891 770/1/1892 717/1/1892
f 717/1/1892 719/1/1893 760/1/1891
s 709
f 771/1/1894 772/1/1894 773/1/1895
f 773/1/1895 774/1/1896 771/1/1894
s 710
f 748/1/1897 775/1/1898 776/1/1897
f 776/1/1897 747/1/1898 748/1/1897
s 711
f 749/1/1899 777/1/1900 740/1/1899
f 740/1/1899 739/1/1899 749/1/1899
s 712
f 750/1/1901 778/1/1901 775/1/1901
f 775/1/1901 748/1/1901 750/1/1901
s 713
f 751/1/1902 774/1/1903 777/1/1904
f 777/1/1904 749/1/1904 751/1/1902
s 714
f 779/1/1905 778/1/1905 750/1/1905
f 750/1/1905 752/1/1905 779/1/1905
s 715
f 753/1/1906 771/1/1907 774/1/1908
f 774/1/1908 751/1/1909 753/1/1906
s 716
f 754/1/1910 780/1/1911 779/1/1910
f 779/1/1910 752/1/1912 754/1/1910
s 717
f 781/1/1913 771/1/1913 753/1/1913
f 753/1/1913 755/1/1914 781/1/1913
s 718
f 780/1/1915 754/1/1915 756/1/1915
f 756/1/1915 782/1/1916 780/1/1915
s 719
f 783/1/1917 781/1/1917 755/1/1917
f 755/1/1917 757/1/1918 783/1/1917
s 720
f 758/1/1919 784/1/1919 782/1/1919
f 782/1/1919 756/1/1920 758/1/1919
s 721
f 785/1/1921 760/1/1922 759/1/1922
f 759/1/1922 786/1/1923 785/1/1921
s 722
f 787/1/1924 783/1/1924 757/1/1924
f 757/1/1924 761/1/1924 787/1/1924
s 723
f 762/1/1925 788/1/1926 784/1/1925
f 784/1/1925 758/1/1927 762/1/1925
s 724
f 786/1/1928 759/1/1929 763/1/1930
f 763/1/1930 789/1/1929 786/1/1928
s 725
f 787/1/1931 761/1/1932 764/1/1931
f 764/1/1931 790/1/1932 787/1/1931
s 726
f 765/1/1933 791/1/1934 788/1/1934
f 788/1/1934 762/1/1934 765/1/1933
s 727
f 766/1/1935 792/1/1935 789/1/1935
f 789/1/1935 763/1/1935 766/1/1935
s 728
f 767/1/1936 793/1/1936 790/1/1936
f 790/1/1936 764/1/1936 767/1/1936
s 729
f 768/1/1937 794/1/1938 791/1/1939
f 791/1/1939 765/1/1937 768/1/1937
s 730
f 792/1/1940 766/1/1941 769/1/1941
f 769/1/1941 795/1/1941 792/1/1940
s 731
f 770/1/1942 796/1/1943 793/1/1943
f 793/1/1943 767/1/1943 770/1/1942
s 732
f 709/1/1944 797/1/1945 794/1/1945
f 794/1/1945 768/1/1944 709/1/1944
s 733
f 743/1/1946 798/1/1946 795/1/1946
f 795/1/1946 769/1/1946 743/1/1946
s 734
f 785/1/1947 796/1/1948 770/1/1947
f 770/1/1947 760/1/1949 785/1/1947
s 735
f 708/1/1950 799/1/1950 797/1/1950
f 797/1/1950 709/1/1950 708/1/1950
s 736
f 744/1/1951 800/1/1951 798/1/1951
f 798/1/1951 743/1/1951 744/1/1951
s 737
f 745/1/1952 801/1/1952 799/1/1952
f 799/1/1952 708/1/1953 745/1/1952
s 738
f 800/1/1954 744/1/1954 746/1/1954
f 746/1/1954 802/1/1954 800/1/1954
s 739
f 742/1/1955 741/1/1955 801/1/1955
f 801/1/1955 745/1/1956 742/1/1955
s 740
f 776/1/1957 802/1/1957 746/1/1957
f 746/1/1957 747/1/1957 776/1/1957
s 741
f 803/1/1958 804/1/1959 805/1/1960
f 805/1/1960 806/1/1959 803/1/1958
s 742
f 807/1/1961 808/1/1961 779/1/1961
f 779/1/1961 780/1/1961 807/1/1961
s 743
f 809/1/1962 772/1/1963 771/1/1964
f 771/1/1964 781/1/1963 809/1/1962
s 744
f 782/1/1965 810/1/1965 807/1/1965
f 807/1/1965 780/1/1965 782/1/1965
s 745
f 811/1/1966 809/1/1967 781/1/1968
f 781/1/1968 783/1/1967 811/1/1966
s 746
f 784/1/1969 812/1/1969 810/1/1969
f 810/1/1969 782/1/1969 784/1/1969
s 747
f 785/1/1970 786/1/1970 813/1/1970
f 813/1/1970 814/1/1970 785/1/1970
s 748
f 787/1/1971 815/1/1971 811/1/1972
f 811/1/1972 783/1/1971 787/1/1971
s 749
f 812/1/1973 784/1/1973 788/1/1973
f 788/1/1973 816/1/1973 812/1/1973
s 750
f 789/1/1974 817/1/1974 813/1/1974
f 813/1/1974 786/1/1974 789/1/1974
s 751
f 815/1/1975 787/1/1976 790/1/1976
f 790/1/1976 818/1/1976 815/1/1975
s 752
f 791/1/1977 819/1/1977 816/1/1977
f 816/1/1977 788/1/1977 791/1/1977
s 753
f 792/1/1978 820/1/1978 817/1/1978
f 817/1/1978 789/1/1978 792/1/1978
s 754
f 821/1/1979 818/1/1980 790/1/1980
f 790/1/1980 793/1/1980 821/1/1979
s 755
f 822/1/1981 819/1/1981 791/1/1981
f 791/1/1981 794/1/1981 822/1/1981
s 756
f 795/1/1982 823/1/1982 820/1/1982
f 820/1/1982 792/1/1982 795/1/1982
s 757
f 796/1/1983 824/1/1983 821/1/1983
f 821/1/1983 793/1/1983 796/1/1983
s 758
f 822/1/1984 794/1/1985 797/1/1986
f 797/1/1986 805/1/1985 822/1/1984
s 759
f 798/1/1987 825/1/1987 823/1/1987
f 823/1/1987 795/1/1987 798/1/1987
s 760
f 814/1/1988 824/1/1988 796/1/1988
f 796/1/1988 785/1/1988 814/1/1988
s 761
f 799/1/1989 806/1/1990 805/1/1991
f 805/1/1991 797/1/1990 799/1/1989
s 762
f 825/1/1992 798/1/1992 800/1/1992
f 800/1/1992 826/1/1992 825/1/1992
s 763
f 806/1/1993 799/1/1993 801/1/1994
f 801/1/1994 827/1/1993 806/1/1993
s 764
f 802/1/1995 828/1/1995 826/1/1996
f 826/1/1996 800/1/1996 802/1/1995
s 765
f 827/1/1997 801/1/1998 741/1/1999
f 741/1/1999 829/1/1998 827/1/1997
s 766
f 830/1/2000 828/1/2000 802/1/2000
f 802/1/2000 776/1/2000 830/1/2000
s 767
f 831/1/2001 829/1/2001 741/1/2001
f 741/1/2001 740/1/2001 831/1/2001
s 768
f 832/1/2002 830/1/2002 776/1/2002
f 776/1/2002 775/1/2002 832/1/2002
s 769
f 777/1/2003 833/1/2004 831/1/2005
f 831/1/2005 740/1/2004 777/1/2003
s 770
f 778/1/2006 834/1/2006 832/1/2006
f 832/1/2006 775/1/2006 778/1/2006
s 771
f 833/1/2007 777/1/2008 774/1/2009
f 774/1/2009 773/1/2010 833/1/2007
s 772
f 778/1/2011 779/1/2011 808/1/2011
f 808/1/2011 834/1/2011 778/1/2011
s 773
f 835/1/2012 836/1/2013 837/1/2013
f 837/1/2013 838/1/2014 835/1/2012
s 774
f 825/1/2015 826/1/2016 839/1/2017
f 839/1/2017 840/1/2018 825/1/2015
s 775
f 827/1/2019 841/1/2019 803/1/2019
f 803/1/2019 806/1/2019 827/1/2019
s 776
f 842/1/2020 839/1/2020 826/1/2021
f 826/1/2021 828/1/2022 842/1/2020
s 777
f 829/1/2023 835/1/2023 841/1/2023
f 841/1/2023 827/1/2023 829/1/2023
s 778
f 830/1/2024 843/1/2025 842/1/2026
f 842/1/2026 828/1/2027 830/1/2024
s 779
f 835/1/2028 829/1/2029 831/1/2030
f 831/1/2030 836/1/2030 835/1/2028
s 780
f 832/1/2031 844/1/2032 843/1/2033
f 843/1/2033 830/1/2034 832/1/2031
s 781
f 833/1/2035 845/1/2036 836/1/2037
f 836/1/2037 831/1/2038 833/1/2035
s 782
f 832/1/2039 834/1/2040 846/1/2040
f 846/1/2040 844/1/2041 832/1/2039
s 783
f 833/1/2042 773/1/2043 847/1/2044
f 847/1/2044 845/1/2045 833/1/2042
s 784
f 808/1/2046 848/1/2047 846/1/2046
f 846/1/2046 834/1/2046 808/1/2046
s 785
f 849/1/2048 847/1/2049 773/1/2050
f 773/1/2050 772/1/2051 849/1/2048
s 786
f 850/1/2052 848/1/2053 808/1/2052
f 808/1/2052 807/1/2052 850/1/2052
s 787
f 849/1/2054 772/1/2055 809/1/2056
f 809/1/2056 851/1/2057 849/1/2054
s 788
f 852/1/2058 850/1/2059 807/1/2058
f 807/1/2058 810/1/2058 852/1/2058
s 789
f 811/1/2060 853/1/2061 851/1/2060
f 851/1/2060 809/1/2062 811/1/2060
s 790
f 810/1/2063 812/1/2063 854/1/2064
f 854/1/2064 852/1/2063 810/1/2063
s 791
f 855/1/2065 856/1/2065 814/1/2066
f 814/1/2066 813/1/2067 855/1/2065
s 792
f 811/1/2068 815/1/2069 857/1/2068
f 857/1/2068 853/1/2070 811/1/2068
s 793
f 854/1/2071 812/1/2072 816/1/2073
f 816/1/2073 858/1/2074 854/1/2071
s 794
f 855/1/2075 813/1/2076 817/1/2077
f 817/1/2077 859/1/2078 855/1/2075
s 795
f 818/1/2079 860/1/2080 857/1/2081
f 857/1/2081 815/1/2082 818/1/2079
s 796
f 816/1/2083 819/1/2084 861/1/2085
f 861/1/2085 858/1/2086 816/1/2083
s 797
f 817/1/2087 820/1/2088 862/1/2089
f 862/1/2089 859/1/2090 817/1/2087
s 798
f 863/1/2091 860/1/2092 818/1/2093
f 818/1/2093 821/1/2094 863/1/2091
s 799
f 822/1/2095 864/1/2096 861/1/2097
f 861/1/2097 819/1/2096 822/1/2095
s 800
f 865/1/2098 862/1/2099 820/1/2099
f 820/1/2099 823/1/2099 865/1/2098
s 801
f 866/1/2100 863/1/2101 821/1/2102
f 821/1/2102 824/1/2103 866/1/2100
s 802
f 864/1/2104 822/1/2105 805/1/2104
f 805/1/2104 804/1/2104 864/1/2104
s 803
f 825/1/2106 840/1/2107 865/1/2106
f 865/1/2106 823/1/2108 825/1/2106
s 804
f 824/1/2109 814/1/2110 856/1/2111
f 856/1/2111 866/1/2112 824/1/2109
s 805
f 867/1/2113 868/1/2113 869/1/2114
f 869/1/2114 870/1/2113 871/1/2115
f 869/1/2114 871/1/2115 872/1/2116
f 867/1/2113 869/1/2114 872/1/2116
f 873/1/2113 874/1/2113 875/1/2117
f 872/1/2116 873/1/2113 875/1/2117
f 875/1/2117 876/1/2113 877/1/2118
f 875/1/2117 877/1/2118 878/1/2119
f 872/1/2116 875/1/2117 878/1/2119
f 872/1/2116 878/1/2119 879/1/2113
f 872/1/2116 879/1/2113 880/1/2120
f 881/1/2113 882/1/2113 883/1/2113
f 880/1/2120 881/1/2113 883/1/2113
f 880/1/2120 883/1/2113 884/1/2121
f 880/1/2120 884/1/2121 885/1/2122
f 872/1/2116 880/1/2120 885/1/2122
f 872/1/2116 885/1/2122 886/1/2123
f 838/1/2124 837/1/2113 887/1/2125
f 886/1/2123 838/1/2124 887/1/2125
f 886/1/2123 887/1/2125 888/1/2126
f 886/1/2123 888/1/2126 889/1/2127
f 872/1/2116 886/1/2123 889/1/2127
f 872/1/2116 889/1/2127 890/1/2119
f 891/1/2128 892/1/2113 893/1/2121
f 890/1/2119 891/1/2128 893/1/2121
f 890/1/2119 893/1/2121 894/1/2129
f 872/1/2116 890/1/2119 894/1/2129
f 872/1/2116 894/1/2129 895/1/2130
f 872/1/2116 895/1/2130 896/1/2123
f 867/1/2113 872/1/2116 896/1/2123
s 806
f 875/1/2131 874/1/2132 843/1/2131
f 843/1/2131 844/1/2133 875/1/2131
s 807
f 887/1/2134 837/1/2134 836/1/2134
f 836/1/2134 845/1/2134 887/1/2134
s 808
f 844/1/2135 846/1/2135 876/1/2135
f 876/1/2135 875/1/2135 844/1/2135
s 809
f 847/1/2136 888/1/2137 887/1/2136
f 887/1/2136 845/1/2138 847/1/2136
s 810
f 877/1/2139 876/1/2140 846/1/2141
f 846/1/2141 848/1/2139 877/1/2139
s 811
f 849/1/2142 889/1/2143 888/1/2142
f 888/1/2142 847/1/2143 849/1/2142
s 812
f 850/1/2144 878/1/2145 877/1/2146
f 877/1/2146 848/1/2147 850/1/2144
s 813
f 889/1/2148 849/1/2148 851/1/2148
f 851/1/2148 890/1/2148 889/1/2148
s 814
f 852/1/2149 879/1/2150 878/1/2151
f 878/1/2151 850/1/2152 852/1/2149
s 815
f 890/1/2153 851/1/2154 853/1/2154
f 853/1/2154 891/1/2153 890/1/2153
s 816
f 879/1/2155 852/1/2156 854/1/2157
f 854/1/2157 880/1/2158 879/1/2155
s 817
f 867/1/2159 896/1/2160 856/1/2159
f 856/1/2159 855/1/2159 867/1/2159
s 818
f 853/1/2161 857/1/2161 892/1/2161
f 892/1/2161 891/1/2161 853/1/2161
s 819
f 881/1/2162 880/1/2163 854/1/2162
f 854/1/2162 858/1/2164 881/1/2162
s 820
f 868/1/2165 867/1/2166 855/1/2165
f 855/1/2165 859/1/2167 868/1/2165
s 821
f 893/1/2168 892/1/2169 857/1/2170
f 857/1/2170 860/1/2169 893/1/2168
s 822
f 858/1/2171 861/1/2171 882/1/2171
f 882/1/2171 881/1/2172 858/1/2171
s 823
f 862/1/2173 869/1/2173 868/1/2173
f 868/1/2173 859/1/2173 862/1/2173
s 824
f 863/1/2174 894/1/2175 893/1/2175
f 893/1/2175 860/1/2176 863/1/2174
s 825
f 883/1/2177 882/1/2178 861/1/2179
f 861/1/2179 864/1/2180 883/1/2177
s 826
f 869/1/2181 862/1/2181 865/1/2181
f 865/1/2181 870/1/2181 869/1/2181
s 827
f 866/1/2182 895/1/2182 894/1/2182
f 894/1/2182 863/1/2182 866/1/2182
s 828
f 804/1/2183 884/1/2183 883/1/2183
f 883/1/2183 864/1/2183 804/1/2183
s 829
f 871/1/2184 870/1/2185 865/1/2186
f 865/1/2186 840/1/2187 871/1/2184
s 830
f 895/1/2188 866/1/2189 856/1/2189
f 856/1/2189 896/1/2189 895/1/2188
s 831
f 803/1/2190 885/1/2191 884/1/2191
f 884/1/2191 804/1/2192 803/1/2190
s 832
f 839/1/2193 872/1/2194 871/1/2194
f 871/1/2194 840/1/2194 839/1/2193
s 833
f 885/1/2195 803/1/2195 841/1/2196
f 841/1/2196 886/1/2197 885/1/2195
s 834
f 842/1/2198 873/1/2198 872/1/2198
f 872/1/2198 839/1/2198 842/1/2198
s 835
f 886/1/2199 841/1/2200 835/1/2199
f 835/1/2199 838/1/2201 886/1/2199
s 836
f 873/1/2202 842/1/2202 843/1/2202
f 843/1/2202 874/1/2202 873/1/2202
s 837
f 897/1/2203 898/1/2204 899/1/2205
f 899/1/2205 900/1/2206 897/1/2203
f 900/1/2206 899/1/2205 901/1/2207
f 901/1/2207 902/1/2208 900/1/2206
s 838
f 900/1/2209 903/1/2210 904/1/2211
f 904/1/2211 897/1/2212 900/1/2209
f 905/1/2213 903/1/2210 900/1/2209
f 900/1/2209 902/1/2214 905/1/2213
s 839
f 906/1/2215 907/1/2215 908/1/2215
f 908/1/2215 898/1/2215 906/1/2215
s 840
f 909/1/2216 899/1/2217 898/1/2217
f 898/1/2217 908/1/2217 909/1/2216
s 841
f 909/1/2218 910/1/2218 901/1/2218
f 901/1/2218 899/1/2218 909/1/2218
s 842
f 901/1/2219 910/1/2219 911/1/2220
f 911/1/2220 912/1/2220 901/1/2219
s 837
f 913/1/2221 902/1/2208 901/1/2207
f 901/1/2207 912/1/2222 913/1/2221
s 838
f 913/1/2223 914/1/2224 905/1/2213
f 905/1/2213 902/1/2214 913/1/2223
s 843
f 915/1/2225 905/1/2226 914/1/2226
f 914/1/2226 916/1/2226 915/1/2225
s 844
f 905/1/2227 915/1/2228 917/1/2228
f 917/1/2228 903/1/2228 905/1/2227
s 845
f 903/1/2229 917/1/2230 918/1/2230
f 918/1/2230 904/1/2231 903/1/2229
s 846
f 918/1/2232 919/1/2233 920/1/2233
f 920/1/2233 904/1/2234 918/1/2232
s 838
f 897/1/2212 904/1/2211 920/1/2235
f 920/1/2235 921/1/2236 897/1/2212
s 837
f 906/1/2237 898/1/2204 897/1/2203
f 897/1/2203 921/1/2238 906/1/2237
s 847
f 922/1/2239 923/1/2240 924/1/2241
f 924/1/2241 925/1/2242 922/1/2239
s 848
f 926/1/2243 927/1/2244 923/1/2245
f 923/1/2245 922/1/2246 926/1/2243
s 847
f 923/1/2240 928/1/2247 929/1/2248
f 929/1/2248 924/1/2241 923/1/2240
s 848
f 923/1/2245 927/1/2244 930/1/2249
f 930/1/2249 928/1/2250 923/1/2245
s 849
f 931/1/2251 925/1/2251 932/1/2252
f 932/1/2252 933/1/2253 931/1/2251
s 847
f 922/1/2239 925/1/2242 931/1/2254
f 931/1/2254 934/1/2255 922/1/2239
s 848
f 935/1/2256 926/1/2243 922/1/2246
f 922/1/2246 934/1/2257 935/1/2256
s 850
f 926/1/2258 935/1/2259 936/1/2259
f 936/1/2259 937/1/2259 926/1/2258
s 851
f 938/1/2260 927/1/2261 926/1/2261
f 926/1/2261 937/1/2261 938/1/2260
s 852
f 939/1/2262 930/1/2263 927/1/2262
f 927/1/2262 938/1/2262 939/1/2262
s 853
f 940/1/2264 930/1/2265 939/1/2266
f 939/1/2266 941/1/2265 940/1/2264
s 848
f 940/1/2267 942/1/2268 928/1/2250
f 928/1/2250 930/1/2249 940/1/2267
s 847
f 928/1/2247 942/1/2269 943/1/2270
f 943/1/2270 929/1/2248 928/1/2247
s 854
f 944/1/2271 929/1/2271 943/1/2271
f 943/1/2271 945/1/2271 944/1/2271
s 855
f 924/1/2272 929/1/2272 944/1/2272
f 944/1/2272 946/1/2272 924/1/2272
s 856
f 925/1/2273 924/1/2274 946/1/2274
f 946/1/2274 932/1/2274 925/1/2273
s 847
f 947/1/2275 948/1/2276 949/1/2277
f 949/1/2277 950/1/2278 947/1/2275
s 848
f 951/1/2279 952/1/2280 948/1/2281
f 948/1/2281 947/1/2282 951/1/2279
s 847
f 948/1/2276 953/1/2283 954/1/2284
f 954/1/2284 949/1/2277 948/1/2276
s 848
f 948/1/2281 952/1/2280 955/1/2285
f 955/1/2285 953/1/2286 948/1/2281
s 857
f 950/1/2287 956/1/2287 957/1/2287
f 957/1/2287 958/1/2287 950/1/2287
s 847
f 958/1/2288 959/1/2289 947/1/2275
f 947/1/2275 950/1/2278 958/1/2288
s 848
f 951/1/2279 947/1/2282 959/1/2290
f 959/1/2290 960/1/2291 951/1/2279
s 858
f 960/1/2292 961/1/2292 962/1/2292
f 962/1/2292 951/1/2293 960/1/2292
s 859
f 963/1/2294 952/1/2295 951/1/2294
f 951/1/2294 962/1/2294 963/1/2294
s 860
f 964/1/2296 955/1/2297 952/1/2297
f 952/1/2297 963/1/2297 964/1/2296
s 861
f 935/1/2298 955/1/2299 964/1/2298
f 964/1/2298 936/1/2300 935/1/2298
s 848
f 934/1/2257 953/1/2286 955/1/2285
f 955/1/2285 935/1/2256 934/1/2257
s 847
f 934/1/2255 931/1/2254 954/1/2284
f 954/1/2284 953/1/2283 934/1/2255
s 862
f 931/1/2301 933/1/2302 965/1/2302
f 965/1/2302 954/1/2301 931/1/2301
s 863
f 949/1/2303 954/1/2303 965/1/2303
f 965/1/2303 966/1/2303 949/1/2303
s 864
f 950/1/2304 949/1/2305 966/1/2304
f 966/1/2304 956/1/2304 950/1/2304
s 847
f 967/1/2306 968/1/2307 969/1/2308
f 969/1/2308 970/1/2309 967/1/2306
s 848
f 971/1/2310 972/1/2311 968/1/2312
f 968/1/2312 967/1/2313 971/1/2310
s 847
f 968/1/2307 973/1/2314 974/1/2315
f 974/1/2315 969/1/2308 968/1/2307
s 848
f 968/1/2312 972/1/2311 975/1/2316
f 975/1/2316 973/1/2317 968/1/2312
s 865
f 976/1/2318 977/1/2318 978/1/2318
f 978/1/2318 970/1/2318 976/1/2318
s 847
f 967/1/2306 970/1/2309 978/1/2319
f 978/1/2319 979/1/2320 967/1/2306
s 848
f 971/1/2310 967/1/2313 979/1/2321
f 979/1/2321 980/1/2322 971/1/2310
s 866
f 980/1/2323 981/1/2324 982/1/2324
f 982/1/2324 971/1/2324 980/1/2323
s 867
f 983/1/2325 972/1/2326 971/1/2327
f 971/1/2327 982/1/2327 983/1/2325
s 868
f 984/1/2328 975/1/2328 972/1/2328
f 972/1/2328 983/1/2329 984/1/2328
s 869
f 961/1/2330 960/1/2330 975/1/2330
f 975/1/2330 984/1/2330 961/1/2330
s 848
f 959/1/2290 973/1/2317 975/1/2316
f 975/1/2316 960/1/2291 959/1/2290
s 847
f 959/1/2289 958/1/2288 974/1/2315
f 974/1/2315 973/1/2314 959/1/2289
s 870
f 958/1/2331 957/1/2331 985/1/2332
f 985/1/2332 974/1/2331 958/1/2331
s 871
f 974/1/2333 985/1/2333 986/1/2333
f 986/1/2333 969/1/2333 974/1/2333
s 872
f 970/1/2334 969/1/2335 986/1/2334
f 986/1/2334 976/1/2334 970/1/2334
s 847
f 987/1/2336 988/1/2337 989/1/2338
f 989/1/2338 990/1/2339 987/1/2336
s 848
f 991/1/2340 992/1/2341 988/1/2342
f 988/1/2342 987/1/2343 991/1/2340
s 847
f 988/1/2337 993/1/2344 994/1/2345
f 994/1/2345 989/1/2338 988/1/2337
s 848
f 988/1/2342 992/1/2341 995/1/2346
f 995/1/2346 993/1/2347 988/1/2342
s 873
f 990/1/2348 996/1/2348 997/1/2348
f 997/1/2348 998/1/2348 990/1/2348
s 847
f 990/1/2339 998/1/2349 999/1/2350
f 999/1/2350 987/1/2336 990/1/2339
s 848
f 999/1/2351 1000/1/2352 991/1/2340
f 991/1/2340 987/1/2343 999/1/2351
s 874
f 1001/1/2353 991/1/2354 1000/1/2354
f 1000/1/2354 1002/1/2354 1001/1/2353
s 875
f 992/1/2355 991/1/2355 1001/1/2355
f 1001/1/2355 1003/1/2355 992/1/2355
s 876
f 1004/1/2356 995/1/2356 992/1/2356
f 992/1/2356 1003/1/2356 1004/1/2356
s 877
f 981/1/2357 980/1/2358 995/1/2357
f 995/1/2357 1004/1/2359 981/1/2357
s 848
f 979/1/2321 993/1/2347 995/1/2346
f 995/1/2346 980/1/2322 979/1/2321
s 847
f 979/1/2320 978/1/2319 994/1/2345
f 994/1/2345 993/1/2344 979/1/2320
s 878
f 978/1/2360 977/1/2360 1005/1/2360
f 1005/1/2360 994/1/2360 978/1/2360
s 879
f 994/1/2361 1005/1/2362 1006/1/2362
f 1006/1/2362 989/1/2362 994/1/2361
s 880
f 996/1/2363 990/1/2363 989/1/2363
f 989/1/2363 1006/1/2363 996/1/2363
s 847
f 1007/1/2364 1008/1/2365 1009/1/2366
f 1009/1/2366 1010/1/2367 1007/1/2364
s 848
f 1011/1/2368 1012/1/2369 1008/1/2370
f 1008/1/2370 1007/1/2371 1011/1/2368
s 847
f 1008/1/2365 1013/1/2372 1014/1/2373
f 1014/1/2373 1009/1/2366 1008/1/2365
s 848
f 1008/1/2370 1012/1/2369 1015/1/2374
f 1015/1/2374 1013/1/2375 1008/1/2370
s 881
f 1010/1/2376 1016/1/2377 1017/1/2378
f 1017/1/2378 1018/1/2379 1010/1/2376
s 847
f 1010/1/2367 1018/1/2380 1019/1/2381
f 1019/1/2381 1007/1/2364 1010/1/2367
s 848
f 1011/1/2368 1007/1/2371 1019/1/2382
f 1019/1/2382 1020/1/2383 1011/1/2368
s 882
f 1020/1/2384 1021/1/2384 1022/1/2384
f 1022/1/2384 1011/1/2384 1020/1/2384
s 883
f 1012/1/2385 1011/1/2385 1022/1/2385
f 1022/1/2385 1023/1/2385 1012/1/2385
s 884
f 1024/1/2386 1015/1/2386 1012/1/2386
f 1012/1/2386 1023/1/2386 1024/1/2386
s 885
f 1000/1/2387 1015/1/2388 1024/1/2387
f 1024/1/2387 1002/1/2387 1000/1/2387
s 848
f 1013/1/2375 1015/1/2374 1000/1/2352
f 1000/1/2352 999/1/2351 1013/1/2375
s 847
f 999/1/2350 998/1/2349 1014/1/2373
f 1014/1/2373 1013/1/2372 999/1/2350
s 886
f 998/1/2389 997/1/2389 1025/1/2389
f 1025/1/2389 1014/1/2390 998/1/2389
s 887
f 1014/1/2391 1025/1/2392 1026/1/2391
f 1026/1/2391 1009/1/2391 1014/1/2391
s 888
f 1016/1/2393 1010/1/2394 1009/1/2393
f 1009/1/2393 1026/1/2395 1016/1/2393
s 847
f 1027/1/2396 1028/1/2397 1029/1/2398
f 1029/1/2398 1030/1/2399 1027/1/2396
s 848
f 1031/1/2400 1032/1/2401 1028/1/2402
f 1028/1/2402 1027/1/2403 1031/1/2400
s 847
f 1028/1/2397 1033/1/2404 1034/1/2405
f 1034/1/2405 1029/1/2398 1028/1/2397
s 848
f 1028/1/2402 1032/1/2401 1035/1/2406
f 1035/1/2406 1033/1/2407 1028/1/2402
s 889
f 1030/1/2408 1036/1/2408 1037/1/2408
f 1037/1/2408 1038/1/2408 1030/1/2408
s 847
f 1030/1/2399 1038/1/2409 1039/1/2410
f 1039/1/2410 1027/1/2396 1030/1/2399
s 848
f 1031/1/2400 1027/1/2403 1039/1/2411
f 1039/1/2411 1040/1/2412 1031/1/2400
s 890
f 1040/1/2413 1041/1/2413 1042/1/2413
f 1042/1/2413 1031/1/2413 1040/1/2413
s 891
f 1032/1/2414 1031/1/2414 1042/1/2414
f 1042/1/2414 1043/1/2414 1032/1/2414
s 892
f 1044/1/2415 1035/1/2415 1032/1/2415
f 1032/1/2415 1043/1/2415 1044/1/2415
s 893
f 1020/1/2416 1035/1/2416 1044/1/2417
f 1044/1/2417 1021/1/2417 1020/1/2416
s 848
f 1019/1/2382 1033/1/2407 1035/1/2406
f 1035/1/2406 1020/1/2383 1019/1/2382
s 847
f 1019/1/2381 1018/1/2380 1034/1/2405
f 1034/1/2405 1033/1/2404 1019/1/2381
s 894
f 1018/1/2418 1017/1/2419 1045/1/2418
f 1045/1/2418 1034/1/2418 1018/1/2418
s 895
f 1034/1/2420 1045/1/2420 1046/1/2420
f 1046/1/2420 1029/1/2421 1034/1/2420
s 896
f 1036/1/2422 1030/1/2422 1029/1/2422
f 1029/1/2422 1046/1/2422 1036/1/2422
s 847
f 1047/1/2423 1048/1/2424 1049/1/2425
f 1049/1/2425 1050/1/2426 1047/1/2423
s 848
f 1051/1/2427 1052/1/2428 1048/1/2429
f 1048/1/2429 1047/1/2430 1051/1/2427
s 847
f 1048/1/2424 1053/1/2431 1054/1/2432
f 1054/1/2432 1049/1/2425 1048/1/2424
s 848
f 1048/1/2429 1052/1/2428 1055/1/2433
f 1055/1/2433 1053/1/2434 1048/1/2429
s 897
f 1050/1/2435 1056/1/2436 1057/1/2437
f 1057/1/2437 1058/1/2436 1050/1/2435
s 847
f 1050/1/2426 1058/1/2438 1059/1/2439
f 1059/1/2439 1047/1/2423 1050/1/2426
s 848
f 1051/1/2427 1047/1/2430 1059/1/2440
f 1059/1/2440 1060/1/2441 1051/1/2427
s 898
f 1060/1/2442 1061/1/2442 1062/1/2442
f 1062/1/2442 1051/1/2442 1060/1/2442
s 899
f 1052/1/2443 1051/1/2443 1062/1/2444
f 1062/1/2444 1063/1/2443 1052/1/2443
s 900
f 1064/1/2445 1055/1/2445 1052/1/2446
f 1052/1/2446 1063/1/2445 1064/1/2445
s 901
f 1040/1/2447 1055/1/2447 1064/1/2447
f 1064/1/2447 1041/1/2447 1040/1/2447
s 848
f 1039/1/2411 1053/1/2434 1055/1/2433
f 1055/1/2433 1040/1/2412 1039/1/2411
s 847
f 1039/1/2410 1038/1/2409 1054/1/2432
f 1054/1/2432 1053/1/2431 1039/1/2410
s 902
f 1038/1/2448 1037/1/2449 1065/1/2449
f 1065/1/2449 1054/1/2450 1038/1/2448
s 903
f 1054/1/2451 1065/1/2452 1066/1/2453
f 1066/1/2453 1049/1/2454 1054/1/2451
s 904
f 1056/1/2455 1050/1/2455 1049/1/2455
f 1049/1/2455 1066/1/2456 1056/1/2455
s 847
f 1067/1/2457 1068/1/2458 1069/1/2459
f 1069/1/2459 1070/1/2460 1067/1/2457
s 848
f 1071/1/2461 1072/1/2462 1068/1/2463
f 1068/1/2463 1067/1/2464 1071/1/2461
s 847
f 1068/1/2458 1073/1/2465 1074/1/2466
f 1074/1/2466 1069/1/2459 1068/1/2458
s 848
f 1068/1/2463 1072/1/2462 1075/1/2467
f 1075/1/2467 1073/1/2468 1068/1/2463
s 905
f 1070/1/2469 1076/1/2470 1077/1/2470
f 1077/1/2470 1078/1/2469 1070/1/2469
s 847
f 1070/1/2460 1078/1/2471 1079/1/2471
f 1079/1/2471 1067/1/2457 1070/1/2460
s 848
f 1071/1/2461 1067/1/2464 1079/1/2472
f 1079/1/2472 1080/1/2473 1071/1/2461
s 906
f 1081/1/2474 1071/1/2474 1080/1/2474
f 1080/1/2474 1082/1/2474 1081/1/2474
s 907
f 1072/1/2475 1071/1/2475 1081/1/2475
f 1081/1/2475 1083/1/2475 1072/1/2475
s 908
f 1084/1/2476 1075/1/2476 1072/1/2476
f 1072/1/2476 1083/1/2476 1084/1/2476
s 909
f 1060/1/2477 1075/1/2477 1084/1/2477
f 1084/1/2477 1061/1/2477 1060/1/2477
s 848
f 1059/1/2440 1073/1/2468 1075/1/2467
f 1075/1/2467 1060/1/2441 1059/1/2440
s 847
f 1059/1/2439 1058/1/2438 1074/1/2466
f 1074/1/2466 1073/1/2465 1059/1/2439
s 910
f 1058/1/2478 1057/1/2478 1085/1/2478
f 1085/1/2478 1074/1/2478 1058/1/2478
s 911
f 1074/1/2479 1085/1/2479 1086/1/2479
f 1086/1/2479 1069/1/2479 1074/1/2479
s 912
f 1076/1/2480 1070/1/2480 1069/1/2480
f 1069/1/2480 1086/1/2480 1076/1/2480
s 847
f 1087/1/2481 1088/1/2482 1089/1/2483
f 1089/1/2483 1090/1/2484 1087/1/2481
s 848
f 1091/1/2485 1092/1/2486 1088/1/2487
f 1088/1/2487 1087/1/2488 1091/1/2485
s 847
f 1088/1/2482 1093/1/2489 1094/1/2490
f 1094/1/2490 1089/1/2483 1088/1/2482
s 848
f 1088/1/2487 1092/1/2486 1095/1/2491
f 1095/1/2491 1093/1/2492 1088/1/2487
s 913
f 1090/1/2493 1096/1/2493 1097/1/2493
f 1097/1/2493 1098/1/2493 1090/1/2493
s 847
f 1090/1/2484 1098/1/2494 1099/1/2495
f 1099/1/2495 1087/1/2481 1090/1/2484
s 848
f 1091/1/2485 1087/1/2488 1099/1/2496
f 1099/1/2496 1100/1/2497 1091/1/2485
s 914
f 1101/1/2498 1091/1/2498 1100/1/2498
f 1100/1/2498 1102/1/2498 1101/1/2498
s 915
f 1092/1/2499 1091/1/2499 1101/1/2499
f 1101/1/2499 1103/1/2499 1092/1/2499
s 916
f 1104/1/2500 1095/1/2500 1092/1/2500
f 1092/1/2500 1103/1/2500 1104/1/2500
s 917
f 1082/1/2501 1080/1/2501 1095/1/2501
f 1095/1/2501 1104/1/2501 1082/1/2501
s 848
f 1079/1/2472 1093/1/2492 1095/1/2491
f 1095/1/2491 1080/1/2473 1079/1/2472
s 847
f 1079/1/2471 1078/1/2471 1094/1/2490
f 1094/1/2490 1093/1/2489 1079/1/2471
s 918
f 1078/1/2502 1077/1/2503 1105/1/2502
f 1105/1/2502 1094/1/2504 1078/1/2502
s 919
f 1094/1/2505 1105/1/2505 1106/1/2505
f 1106/1/2505 1089/1/2505 1094/1/2505
s 920
f 1096/1/2506 1090/1/2506 1089/1/2506
f 1089/1/2506 1106/1/2506 1096/1/2506
s 847
f 1107/1/2507 1108/1/2508 1109/1/2509
f 1109/1/2509 1110/1/2510 1107/1/2507
s 848
f 1111/1/2511 1112/1/2512 1108/1/2513
f 1108/1/2513 1107/1/2514 1111/1/2511
s 847
f 1108/1/2508 1113/1/2515 1114/1/2516
f 1114/1/2516 1109/1/2509 1108/1/2508
s 848
f 1108/1/2513 1112/1/2512 1115/1/2517
f 1115/1/2517 1113/1/2518 1108/1/2513
s 921
f 1110/1/2519 1116/1/2520 1117/1/2520
f 1117/1/2520 1118/1/2521 1110/1/2519
s 847
f 1110/1/2510 1118/1/2522 1119/1/2523
f 1119/1/2523 1107/1/2507 1110/1/2510
s 848
f 1111/1/2511 1107/1/2514 1119/1/2524
f 1119/1/2524 1120/1/2525 1111/1/2511
s 922
f 1121/1/2526 1111/1/2526 1120/1/2526
f 1120/1/2526 1122/1/2526 1121/1/2526
s 923
f 1112/1/2527 1111/1/2527 1121/1/2527
f 1121/1/2527 1123/1/2528 1112/1/2527
s 924
f 1124/1/2529 1115/1/2530 1112/1/2531
f 1112/1/2531 1123/1/2532 1124/1/2529
s 925
f 1102/1/2533 1100/1/2533 1115/1/2533
f 1115/1/2533 1124/1/2533 1102/1/2533
s 848
f 1099/1/2496 1113/1/2518 1115/1/2517
f 1115/1/2517 1100/1/2497 1099/1/2496
s 847
f 1099/1/2495 1098/1/2494 1114/1/2516
f 1114/1/2516 1113/1/2515 1099/1/2495
s 926
f 1098/1/2534 1097/1/2534 1125/1/2534
f 1125/1/2534 1114/1/2534 1098/1/2534
s 927
f 1114/1/2535 1125/1/2535 1126/1/2535
f 1126/1/2535 1109/1/2535 1114/1/2535
s 928
f 1116/1/2536 1110/1/2537 1109/1/2536
f 1109/1/2536 1126/1/2536 1116/1/2536
s 847
f 1127/1/2538 1128/1/2539 1129/1/2540
f 1129/1/2540 1130/1/2541 1127/1/2538
s 848
f 1131/1/2542 1132/1/2543 1128/1/2544
f 1128/1/2544 1127/1/2545 1131/1/2542
s 847
f 1128/1/2539 1133/1/2546 1134/1/2547
f 1134/1/2547 1129/1/2540 1128/1/2539
s 848
f 1128/1/2544 1132/1/2543 1135/1/2548
f 1135/1/2548 1133/1/2549 1128/1/2544
s 929
f 1130/1/2550 1136/1/2550 1137/1/2550
f 1137/1/2550 1138/1/2550 1130/1/2550
s 847
f 1130/1/2541 1138/1/2551 1139/1/2552
f 1139/1/2552 1127/1/2538 1130/1/2541
s 848
f 1131/1/2542 1127/1/2545 1139/1/2553
f 1139/1/2553 1140/1/2554 1131/1/2542
s 930
f 1141/1/2555 1131/1/2555 1140/1/2555
f 1140/1/2555 1142/1/2556 1141/1/2555
s 931
f 1132/1/2557 1131/1/2557 1141/1/2557
f 1141/1/2557 1143/1/2558 1132/1/2557
s 932
f 1144/1/2559 1135/1/2559 1132/1/2560
f 1132/1/2560 1143/1/2559 1144/1/2559
s 933
f 1122/1/2561 1120/1/2562 1135/1/2562
f 1135/1/2562 1144/1/2562 1122/1/2561
s 848
f 1119/1/2524 1133/1/2549 1135/1/2548
f 1135/1/2548 1120/1/2525 1119/1/2524
s 847
f 1119/1/2523 1118/1/2522 1134/1/2547
f 1134/1/2547 1133/1/2546 1119/1/2523
s 934
f 1118/1/2563 1117/1/2563 1145/1/2564
f 1145/1/2564 1134/1/2564 1118/1/2563
s 935
f 1134/1/2565 1145/1/2565 1146/1/2565
f 1146/1/2565 1129/1/2565 1134/1/2565
s 936
f 1136/1/2566 1130/1/2566 1129/1/2566
f 1129/1/2566 1146/1/2566 1136/1/2566
s 847
f 1147/1/2567 1148/1/2568 1149/1/2569
f 1149/1/2569 1150/1/2570 1147/1/2567
s 848
f 1151/1/2571 1152/1/2572 1148/1/2573
f 1148/1/2573 1147/1/2574 1151/1/2571
s 847
f 1148/1/2568 1153/1/2575 1154/1/2576
f 1154/1/2576 1149/1/2569 1148/1/2568
s 848
f 1148/1/2573 1152/1/2572 1155/1/2577
f 1155/1/2577 1153/1/2578 1148/1/2573
s 937
f 1150/1/2579 1156/1/2579 1157/1/2579
f 1157/1/2579 1158/1/2579 1150/1/2579
s 847
f 1150/1/2570 1158/1/2580 1159/1/2581
f 1159/1/2581 1147/1/2567 1150/1/2570
s 848
f 1151/1/2571 1147/1/2574 1159/1/2582
f 1159/1/2582 1160/1/2583 1151/1/2571
s 938
f 1161/1/2584 1151/1/2585 1160/1/2584
f 1160/1/2584 1162/1/2584 1161/1/2584
s 939
f 1152/1/2586 1151/1/2586 1161/1/2586
f 1161/1/2586 1163/1/2586 1152/1/2586
s 940
f 1164/1/2587 1155/1/2588 1152/1/2588
f 1152/1/2588 1163/1/2588 1164/1/2587
s 941
f 1142/1/2589 1140/1/2590 1155/1/2590
f 1155/1/2590 1164/1/2590 1142/1/2589
s 848
f 1139/1/2553 1153/1/2578 1155/1/2577
f 1155/1/2577 1140/1/2554 1139/1/2553
s 847
f 1139/1/2552 1138/1/2551 1154/1/2576
f 1154/1/2576 1153/1/2575 1139/1/2552
s 942
f 1138/1/2591 1137/1/2591 1165/1/2591
f 1165/1/2591 1154/1/2591 1138/1/2591
s 943
f 1154/1/2592 1165/1/2593 1166/1/2594
f 1166/1/2594 1149/1/2593 1154/1/2592
s 944
f 1156/1/2595 1150/1/2595 1149/1/2596
f 1149/1/2596 1166/1/2597 1156/1/2595
s 847
f 1167/1/2598 1168/1/2599 1169/1/2600
f 1169/1/2600 1170/1/2601 1167/1/2598
s 848
f 1171/1/2602 1172/1/2603 1168/1/2604
f 1168/1/2604 1167/1/2605 1171/1/2602
s 847
f 1168/1/2599 1173/1/2606 1174/1/2607
f 1174/1/2607 1169/1/2600 1168/1/2599
s 848
f 1168/1/2604 1172/1/2603 1175/1/2608
f 1175/1/2608 1173/1/2609 1168/1/2604
s 945
f 1170/1/2610 1176/1/2610 1177/1/2610
f 1177/1/2610 1178/1/2611 1170/1/2610
s 847
f 1170/1/2601 1178/1/2612 1179/1/2613
f 1179/1/2613 1167/1/2598 1170/1/2601
s 848
f 1171/1/2602 1167/1/2605 1179/1/2614
f 1179/1/2614 1180/1/2615 1171/1/2602
s 946
f 1181/1/2616 1171/1/2617 1180/1/2616
f 1180/1/2616 1182/1/2616 1181/1/2616
s 947
f 1172/1/2618 1171/1/2619 1181/1/2618
f 1181/1/2618 1183/1/2618 1172/1/2618
s 948
f 1184/1/2620 1175/1/2620 1172/1/2620
f 1172/1/2620 1183/1/2620 1184/1/2620
s 949
f 1162/1/2621 1160/1/2621 1175/1/2621
f 1175/1/2621 1184/1/2621 1162/1/2621
s 848
f 1159/1/2582 1173/1/2609 1175/1/2608
f 1175/1/2608 1160/1/2583 1159/1/2582
s 847
f 1159/1/2581 1158/1/2580 1174/1/2607
f 1174/1/2607 1173/1/2606 1159/1/2581
s 950
f 1158/1/2622 1157/1/2622 1185/1/2622
f 1185/1/2622 1174/1/2622 1158/1/2622
s 951
f 1174/1/2623 1185/1/2624 1186/1/2623
f 1186/1/2623 1169/1/2624 1174/1/2623
s 952
f 1176/1/2625 1170/1/2625 1169/1/2625
f 1169/1/2625 1186/1/2625 1176/1/2625
s 847
f 1187/1/2626 1188/1/2627 1189/1/2628
f 1189/1/2628 1190/1/2629 1187/1/2626
s 848
f 1191/1/2630 1192/1/2631 1188/1/2632
f 1188/1/2632 1187/1/2633 1191/1/2630
s 847
f 1188/1/2627 1193/1/2634 1194/1/2635
f 1194/1/2635 1189/1/2628 1188/1/2627
s 848
f 1188/1/2632 1192/1/2631 1195/1/2636
f 1195/1/2636 1193/1/2637 1188/1/2632
s 953
f 1190/1/2638 1196/1/2638 1197/1/2638
f 1197/1/2638 1198/1/2638 1190/1/2638
s 847
f 1190/1/2629 1198/1/2639 1199/1/2640
f 1199/1/2640 1187/1/2626 1190/1/2629
s 848
f 1191/1/2630 1187/1/2633 1199/1/2641
f 1199/1/2641 1200/1/2642 1191/1/2630
s 954
f 1201/1/2643 1191/1/2644 1200/1/2644
f 1200/1/2644 1202/1/2644 1201/1/2643
s 955
f 1192/1/2645 1191/1/2646 1201/1/2647
f 1201/1/2647 1203/1/2648 1192/1/2645
s 956
f 1204/1/2649 1195/1/2650 1192/1/2651
f 1192/1/2651 1203/1/2649 1204/1/2649
s 957
f 1182/1/2652 1180/1/2653 1195/1/2654
f 1195/1/2654 1204/1/2653 1182/1/2652
s 848
f 1179/1/2614 1193/1/2637 1195/1/2636
f 1195/1/2636 1180/1/2615 1179/1/2614
s 847
f 1179/1/2613 1178/1/2612 1194/1/2635
f 1194/1/2635 1193/1/2634 1179/1/2613
s 958
f 1178/1/2655 1177/1/2655 1205/1/2655
f 1205/1/2655 1194/1/2655 1178/1/2655
s 959
f 1194/1/2656 1205/1/2656 1206/1/2656
f 1206/1/2656 1189/1/2656 1194/1/2656
s 960
f 1196/1/2657 1190/1/2657 1189/1/2657
f 1189/1/2657 1206/1/2657 1196/1/2657
s 847
f 1207/1/2658 1208/1/2659 1209/1/2660
f 1209/1/2660 1210/1/2661 1207/1/2658
s 848
f 1211/1/2662 1212/1/2663 1208/1/2664
f 1208/1/2664 1207/1/2665 1211/1/2662
s 847
f 1208/1/2659 1213/1/2666 1214/1/2667
f 1214/1/2667 1209/1/2660 1208/1/2659
s 848
f 1208/1/2664 1212/1/2663 1215/1/2668
f 1215/1/2668 1213/1/2669 1208/1/2664
s 961
f 1210/1/2670 1216/1/2671 1217/1/2672
f 1217/1/2672 1218/1/2670 1210/1/2670
s 847
f 1210/1/2661 1218/1/2673 1219/1/2674
f 1219/1/2674 1207/1/2658 1210/1/2661
s 848
f 1211/1/2662 1207/1/2665 1219/1/2675
f 1219/1/2675 1220/1/2676 1211/1/2662
s 962
f 1221/1/2677 1211/1/2677 1220/1/2677
f 1220/1/2677 1222/1/2677 1221/1/2677
s 963
f 1212/1/2678 1211/1/2678 1221/1/2679
f 1221/1/2679 1223/1/2678 1212/1/2678
s 964
f 1224/1/2680 1215/1/2681 1212/1/2680
f 1212/1/2680 1223/1/2682 1224/1/2680
s 965
f 1202/1/2683 1200/1/2683 1215/1/2683
f 1215/1/2683 1224/1/2683 1202/1/2683
s 848
f 1199/1/2641 1213/1/2669 1215/1/2668
f 1215/1/2668 1200/1/2642 1199/1/2641
s 847
f 1199/1/2640 1198/1/2639 1214/1/2667
f 1214/1/2667 1213/1/2666 1199/1/2640
s 966
f 1198/1/2684 1197/1/2684 1225/1/2684
f 1225/1/2684 1214/1/2684 1198/1/2684
s 967
f 1214/1/2685 1225/1/2686 1226/1/2685
f 1226/1/2685 1209/1/2685 1214/1/2685
s 968
f 1216/1/2687 1210/1/2687 1209/1/2688
f 1209/1/2688 1226/1/2689 1216/1/2687
s 847
f 1227/1/2690 1228/1/2691 1229/1/2692
f 1229/1/2692 1230/1/2693 1227/1/2690
s 848
f 1231/1/2694 1232/1/2695 1228/1/2696
f 1228/1/2696 1227/1/2697 1231/1/2694
s 847
f 1228/1/2691 1233/1/2698 1234/1/2699
f 1234/1/2699 1229/1/2692 1228/1/2691
s 848
f 1228/1/2696 1232/1/2695 1235/1/2700
f 1235/1/2700 1233/1/2701 1228/1/2696
s 969
f 1230/1/2702 1236/1/2703 1237/1/2703
f 1237/1/2703 1238/1/2703 1230/1/2702
s 847
f 1230/1/2693 1238/1/2704 1239/1/2705
f 1239/1/2705 1227/1/2690 1230/1/2693
s 848
f 1231/1/2694 1227/1/2697 1239/1/2706
f 1239/1/2706 1240/1/2707 1231/1/2694
s 970
f 1241/1/2708 1231/1/2708 1240/1/2708
f 1240/1/2708 1242/1/2708 1241/1/2708
s 971
f 1232/1/2709 1231/1/2710 1241/1/2711
f 1241/1/2711 1243/1/2712 1232/1/2709
s 972
f 1244/1/2713 1235/1/2713 1232/1/2713
f 1232/1/2713 1243/1/2713 1244/1/2713
s 973
f 1222/1/2714 1220/1/2714 1235/1/2714
f 1235/1/2714 1244/1/2714 1222/1/2714
s 848
f 1219/1/2675 1233/1/2701 1235/1/2700
f 1235/1/2700 1220/1/2676 1219/1/2675
s 847
f 1219/1/2674 1218/1/2673 1234/1/2699
f 1234/1/2699 1233/1/2698 1219/1/2674
s 974
f 1218/1/2715 1217/1/2716 1245/1/2715
f 1245/1/2715 1234/1/2717 1218/1/2715
s 975
f 1234/1/2718 1245/1/2719 1246/1/2719
f 1246/1/2719 1229/1/2720 1234/1/2718
s 976
f 1236/1/2721 1230/1/2721 1229/1/2721
f 1229/1/2721 1246/1/2721 1236/1/2721
s 847
f 1247/1/2722 1248/1/2723 1249/1/2724
f 1249/1/2724 1250/1/2725 1247/1/2722
s 848
f 1251/1/2726 1252/1/2727 1248/1/2728
f 1248/1/2728 1247/1/2729 1251/1/2726
s 847
f 1248/1/2723 1253/1/2730 1254/1/2731
f 1254/1/2731 1249/1/2724 1248/1/2723
s 848
f 1248/1/2728 1252/1/2727 1255/1/2732
f 1255/1/2732 1253/1/2733 1248/1/2728
s 977
f 1250/1/2259 1256/1/2259 1257/1/2259
f 1257/1/2259 1258/1/2259 1250/1/2259
s 847
f 1250/1/2725 1258/1/2734 1259/1/2735
f 1259/1/2735 1247/1/2722 1250/1/2725
s 848
f 1251/1/2726 1247/1/2729 1259/1/2736
f 1259/1/2736 1260/1/2737 1251/1/2726
s 978
f 1261/1/2252 1251/1/2251 1260/1/2252
f 1260/1/2252 1262/1/2252 1261/1/2252
s 979
f 1252/1/2274 1251/1/2738 1261/1/2739
f 1261/1/2739 1263/1/2274 1252/1/2274
s 980
f 1264/1/2272 1255/1/2272 1252/1/2272
f 1252/1/2272 1263/1/2272 1264/1/2272
s 981
f 1242/1/2740 1240/1/2271 1255/1/2741
f 1255/1/2741 1264/1/2742 1242/1/2740
s 848
f 1239/1/2706 1253/1/2733 1255/1/2732
f 1255/1/2732 1240/1/2707 1239/1/2706
s 847
f 1239/1/2705 1238/1/2704 1254/1/2731
f 1254/1/2731 1253/1/2730 1239/1/2705
s 982
f 1238/1/2265 1237/1/2265 1265/1/2265
f 1265/1/2265 1254/1/2265 1238/1/2265
s 983
f 1254/1/2262 1265/1/2262 1266/1/2262
f 1266/1/2262 1249/1/2262 1254/1/2262
s 984
f 1256/1/2261 1250/1/2261 1249/1/2261
f 1249/1/2261 1266/1/2261 1256/1/2261
s 847
f 1267/1/2743 1268/1/2744 1269/1/2745
f 1269/1/2745 1270/1/2746 1267/1/2743
s 848
f 1271/1/2747 1272/1/2748 1268/1/2749
f 1268/1/2749 1267/1/2750 1271/1/2747
s 847
f 1268/1/2744 1273/1/2751 1274/1/2752
f 1274/1/2752 1269/1/2745 1268/1/2744
s 848
f 1268/1/2749 1272/1/2748 1275/1/2753
f 1275/1/2753 1273/1/2754 1268/1/2749
s 985
f 1270/1/2755 1276/1/2755 1277/1/2292
f 1277/1/2292 1278/1/2292 1270/1/2755
s 847
f 1270/1/2746 1278/1/2756 1279/1/2757
f 1279/1/2757 1267/1/2743 1270/1/2746
s 848
f 1271/1/2747 1267/1/2750 1279/1/2758
f 1279/1/2758 1280/1/2759 1271/1/2747
s 986
f 1281/1/2760 1271/1/2287 1280/1/2287
f 1280/1/2287 1282/1/2287 1281/1/2760
s 987
f 1272/1/2304 1271/1/2304 1281/1/2304
f 1281/1/2304 1283/1/2305 1272/1/2304
s 988
f 1284/1/2303 1275/1/2303 1272/1/2303
f 1272/1/2303 1283/1/2303 1284/1/2303
s 989
f 1262/1/2302 1260/1/2302 1275/1/2761
f 1275/1/2761 1284/1/2761 1262/1/2302
s 848
f 1259/1/2736 1273/1/2754 1275/1/2753
f 1275/1/2753 1260/1/2737 1259/1/2736
s 847
f 1259/1/2735 1258/1/2734 1274/1/2752
f 1274/1/2752 1273/1/2751 1259/1/2735
s 990
f 1258/1/2299 1257/1/2299 1285/1/2762
f 1285/1/2762 1274/1/2299 1258/1/2299
s 991
f 1274/1/2763 1285/1/2763 1286/1/2763
f 1286/1/2763 1269/1/2297 1274/1/2763
s 992
f 1276/1/2764 1270/1/2294 1269/1/2294
f 1269/1/2294 1286/1/2294 1276/1/2764
s 847
f 1287/1/2765 1288/1/2766 1289/1/2767
f 1289/1/2767 1290/1/2768 1287/1/2765
s 848
f 1291/1/2769 1292/1/2770 1288/1/2771
f 1288/1/2771 1287/1/2772 1291/1/2769
s 847
f 1288/1/2766 1293/1/2773 1294/1/2774
f 1294/1/2774 1289/1/2767 1288/1/2766
s 848
f 1288/1/2771 1292/1/2770 1295/1/2775
f 1295/1/2775 1293/1/2776 1288/1/2771
s 993
f 1290/1/2777 1296/1/2324 1297/1/2778
f 1297/1/2778 1298/1/2778 1290/1/2777
s 847
f 1290/1/2768 1298/1/2779 1299/1/2780
f 1299/1/2780 1287/1/2765 1290/1/2768
s 848
f 1291/1/2769 1287/1/2772 1299/1/2781
f 1299/1/2781 1300/1/2782 1291/1/2769
s 994
f 1301/1/2318 1291/1/2318 1300/1/2318
f 1300/1/2318 1302/1/2318 1301/1/2318
s 995
f 1292/1/2783 1291/1/2783 1301/1/2783
f 1301/1/2783 1303/1/2783 1292/1/2783
s 996
f 1304/1/2333 1295/1/2333 1292/1/2333
f 1292/1/2333 1303/1/2333 1304/1/2333
s 997
f 1282/1/2331 1280/1/2331 1295/1/2331
f 1295/1/2331 1304/1/2331 1282/1/2331
s 848
f 1279/1/2758 1293/1/2776 1295/1/2775
f 1295/1/2775 1280/1/2759 1279/1/2758
s 847
f 1279/1/2757 1278/1/2756 1294/1/2774
f 1294/1/2774 1293/1/2773 1279/1/2757
s 998
f 1278/1/2330 1277/1/2330 1305/1/2330
f 1305/1/2330 1294/1/2330 1278/1/2330
s 999
f 1294/1/2328 1305/1/2328 1306/1/2328
f 1306/1/2328 1289/1/2328 1294/1/2328
s 1000
f 1296/1/2327 1290/1/2327 1289/1/2327
f 1289/1/2327 1306/1/2327 1296/1/2327
s 847
f 1307/1/2784 1308/1/2785 1309/1/2786
f 1309/1/2786 1310/1/2787 1307/1/2784
s 848
f 1311/1/2788 1312/1/2789 1308/1/2790
f 1308/1/2790 1307/1/2791 1311/1/2788
s 847
f 1308/1/2785 1313/1/2792 1314/1/2793
f 1314/1/2793 1309/1/2786 1308/1/2785
s 848
f 1308/1/2790 1312/1/2789 1315/1/2794
f 1315/1/2794 1313/1/2795 1308/1/2790
s 1001
f 1310/1/2354 1316/1/2354 1317/1/2354
f 1317/1/2354 1318/1/2354 1310/1/2354
s 847
f 1310/1/2787 1318/1/2796 1319/1/2797
f 1319/1/2797 1307/1/2784 1310/1/2787
s 848
f 1311/1/2788 1307/1/2791 1319/1/2798
f 1319/1/2798 1320/1/2799 1311/1/2788
s 1002
f 1321/1/2800 1311/1/2801 1320/1/2802
f 1320/1/2802 1322/1/2348 1321/1/2800
s 1003
f 1312/1/2803 1311/1/2804 1321/1/2805
f 1321/1/2805 1323/1/2806 1312/1/2803
s 1004
f 1324/1/2362 1315/1/2807 1312/1/2362
f 1312/1/2362 1323/1/2362 1324/1/2362
s 1005
f 1302/1/2360 1300/1/2360 1315/1/2360
f 1315/1/2360 1324/1/2360 1302/1/2360
s 848
f 1299/1/2781 1313/1/2795 1315/1/2794
f 1315/1/2794 1300/1/2782 1299/1/2781
s 847
f 1299/1/2780 1298/1/2779 1314/1/2793
f 1314/1/2793 1313/1/2792 1299/1/2780
s 1006
f 1298/1/2359 1297/1/2359 1325/1/2357
f 1325/1/2357 1314/1/2357 1298/1/2359
s 1007
f 1314/1/2356 1325/1/2808 1326/1/2808
f 1326/1/2808 1309/1/2809 1314/1/2356
s 1008
f 1316/1/2810 1310/1/2355 1309/1/2355
f 1309/1/2355 1326/1/2355 1316/1/2810
s 847
f 1327/1/2811 1328/1/2812 1329/1/2813
f 1329/1/2813 1330/1/2814 1327/1/2811
s 848
f 1331/1/2815 1332/1/2816 1328/1/2817
f 1328/1/2817 1327/1/2818 1331/1/2815
s 847
f 1328/1/2812 1333/1/2819 1334/1/2820
f 1334/1/2820 1329/1/2813 1328/1/2812
s 848
f 1328/1/2817 1332/1/2816 1335/1/2821
f 1335/1/2821 1333/1/2822 1328/1/2817
s 1009
f 1330/1/2384 1336/1/2384 1337/1/2384
f 1337/1/2384 1338/1/2384 1330/1/2384
s 847
f 1330/1/2814 1338/1/2823 1339/1/2824
f 1339/1/2824 1327/1/2811 1330/1/2814
s 848
f 1331/1/2815 1327/1/2818 1339/1/2825
f 1339/1/2825 1340/1/2826 1331/1/2815
s 1010
f 1341/1/2827 1331/1/2828 1340/1/2828
f 1340/1/2828 1342/1/2828 1341/1/2827
s 1011
f 1332/1/2829 1331/1/2830 1341/1/2831
f 1341/1/2831 1343/1/2829 1332/1/2829
s 1012
f 1344/1/2832 1335/1/2391 1332/1/2391
f 1332/1/2391 1343/1/2391 1344/1/2832
s 1013
f 1322/1/2389 1320/1/2389 1335/1/2389
f 1335/1/2389 1344/1/2389 1322/1/2389
s 848
f 1319/1/2798 1333/1/2822 1335/1/2821
f 1335/1/2821 1320/1/2799 1319/1/2798
s 847
f 1319/1/2797 1318/1/2796 1334/1/2820
f 1334/1/2820 1333/1/2819 1319/1/2797
s 1014
f 1318/1/2387 1317/1/2388 1345/1/2388
f 1345/1/2388 1334/1/2387 1318/1/2387
s 1015
f 1334/1/2386 1345/1/2833 1346/1/2386
f 1346/1/2386 1329/1/2386 1334/1/2386
s 1016
f 1336/1/2385 1330/1/2385 1329/1/2385
f 1329/1/2385 1346/1/2385 1336/1/2385
s 847
f 1347/1/2834 1348/1/2835 1349/1/2836
f 1349/1/2836 1350/1/2837 1347/1/2834
s 848
f 1351/1/2838 1352/1/2839 1348/1/2840
f 1348/1/2840 1347/1/2841 1351/1/2838
s 847
f 1348/1/2835 1353/1/2842 1354/1/2843
f 1354/1/2843 1349/1/2836 1348/1/2835
s 848
f 1348/1/2840 1352/1/2839 1355/1/2844
f 1355/1/2844 1353/1/2845 1348/1/2840
s 1017
f 1350/1/2413 1356/1/2413 1357/1/2413
f 1357/1/2413 1358/1/2413 1350/1/2413
s 847
f 1350/1/2837 1358/1/2846 1359/1/2847
f 1359/1/2847 1347/1/2834 1350/1/2837
s 848
f 1351/1/2838 1347/1/2841 1359/1/2848
f 1359/1/2848 1360/1/2849 1351/1/2838
s 1018
f 1361/1/2850 1351/1/2408 1360/1/2851
f 1360/1/2851 1362/1/2852 1361/1/2850
s 1019
f 1352/1/2422 1351/1/2422 1361/1/2422
f 1361/1/2422 1363/1/2422 1352/1/2422
s 1020
f 1364/1/2420 1355/1/2421 1352/1/2420
f 1352/1/2420 1363/1/2420 1364/1/2420
s 1021
f 1342/1/2853 1340/1/2853 1355/1/2854
f 1355/1/2854 1364/1/2418 1342/1/2853
s 848
f 1339/1/2825 1353/1/2845 1355/1/2844
f 1355/1/2844 1340/1/2826 1339/1/2825
s 847
f 1339/1/2824 1338/1/2823 1354/1/2843
f 1354/1/2843 1353/1/2842 1339/1/2824
s 1022
f 1338/1/2416 1337/1/2417 1365/1/2417
f 1365/1/2417 1354/1/2417 1338/1/2416
s 1023
f 1354/1/2855 1365/1/2855 1366/1/2855
f 1366/1/2855 1349/1/2855 1354/1/2855
s 1024
f 1356/1/2856 1350/1/2414 1349/1/2414
f 1349/1/2414 1366/1/2414 1356/1/2856
s 847
f 1367/1/2857 1368/1/2858 1369/1/2859
f 1369/1/2859 1370/1/2860 1367/1/2857
s 848
f 1371/1/2861 1372/1/2862 1368/1/2863
f 1368/1/2863 1367/1/2864 1371/1/2861
s 847
f 1368/1/2858 1373/1/2865 1374/1/2866
f 1374/1/2866 1369/1/2859 1368/1/2858
s 848
f 1368/1/2863 1372/1/2862 1375/1/2867
f 1375/1/2867 1373/1/2868 1368/1/2863
s 1025
f 1370/1/2869 1376/1/2870 1377/1/2871
f 1377/1/2871 1378/1/2442 1370/1/2869
s 847
f 1370/1/2860 1378/1/2872 1379/1/2873
f 1379/1/2873 1367/1/2857 1370/1/2860
s 848
f 1371/1/2861 1367/1/2864 1379/1/2874
f 1379/1/2874 1380/1/2875 1371/1/2861
s 1026
f 1381/1/2876 1371/1/2877 1380/1/2436
f 1380/1/2436 1382/1/2436 1381/1/2876
s 1027
f 1372/1/2455 1371/1/2455 1381/1/2455
f 1381/1/2455 1383/1/2455 1372/1/2455
s 1028
f 1384/1/2878 1375/1/2878 1372/1/2878
f 1372/1/2878 1383/1/2878 1384/1/2878
s 1029
f 1362/1/2449 1360/1/2449 1375/1/2449
f 1375/1/2449 1384/1/2449 1362/1/2449
s 848
f 1359/1/2848 1373/1/2868 1375/1/2867
f 1375/1/2867 1360/1/2849 1359/1/2848
s 847
f 1359/1/2847 1358/1/2846 1374/1/2866
f 1374/1/2866 1373/1/2865 1359/1/2847
s 1030
f 1358/1/2447 1357/1/2879 1385/1/2447
f 1385/1/2447 1374/1/2447 1358/1/2447
s 1031
f 1374/1/2880 1385/1/2880 1386/1/2880
f 1386/1/2880 1369/1/2880 1374/1/2880
s 1032
f 1376/1/2443 1370/1/2443 1369/1/2443
f 1369/1/2443 1386/1/2443 1376/1/2443
s 847
f 1387/1/2881 1388/1/2882 1389/1/2883
f 1389/1/2883 1390/1/2884 1387/1/2881
s 848
f 1391/1/2885 1392/1/2886 1388/1/2887
f 1388/1/2887 1387/1/2888 1391/1/2885
s 847
f 1388/1/2882 1393/1/2468 1394/1/2889
f 1394/1/2889 1389/1/2883 1388/1/2882
s 848
f 1388/1/2887 1392/1/2886 1395/1/2890
f 1395/1/2890 1393/1/2891 1388/1/2887
s 1033
f 1390/1/2474 1396/1/2474 1397/1/2474
f 1397/1/2474 1398/1/2474 1390/1/2474
s 847
f 1390/1/2884 1398/1/2892 1399/1/2893
f 1399/1/2893 1387/1/2881 1390/1/2884
s 848
f 1391/1/2885 1387/1/2888 1399/1/2894
f 1399/1/2894 1400/1/2894 1391/1/2885
s 1034
f 1401/1/2470 1391/1/2895 1400/1/2470
f 1400/1/2470 1402/1/2470 1401/1/2470
s 1035
f 1392/1/2480 1391/1/2480 1401/1/2480
f 1401/1/2480 1403/1/2480 1392/1/2480
s 1036
f 1404/1/2896 1395/1/2896 1392/1/2479
f 1392/1/2479 1403/1/2479 1404/1/2896
s 1037
f 1382/1/2897 1380/1/2898 1395/1/2899
f 1395/1/2899 1404/1/2900 1382/1/2897
s 848
f 1379/1/2874 1393/1/2891 1395/1/2890
f 1395/1/2890 1380/1/2875 1379/1/2874
s 847
f 1379/1/2873 1378/1/2872 1394/1/2889
f 1394/1/2889 1393/1/2468 1379/1/2873
s 1038
f 1378/1/2477 1377/1/2477 1405/1/2477
f 1405/1/2477 1394/1/2477 1378/1/2477
s 1039
f 1394/1/2901 1405/1/2901 1406/1/2901
f 1406/1/2901 1389/1/2901 1394/1/2901
s 1040
f 1396/1/2902 1390/1/2902 1389/1/2902
f 1389/1/2902 1406/1/2902 1396/1/2902
s 847
f 1407/1/2903 1408/1/2904 1409/1/2905
f 1409/1/2905 1410/1/2906 1407/1/2903
s 848
f 1411/1/2907 1412/1/2908 1408/1/2909
f 1408/1/2909 1407/1/2910 1411/1/2907
s 847
f 1408/1/2904 1413/1/2911 1414/1/2912
f 1414/1/2912 1409/1/2905 1408/1/2904
s 848
f 1408/1/2909 1412/1/2908 1415/1/2913
f 1415/1/2913 1413/1/2914 1408/1/2909
s 1041
f 1410/1/2498 1416/1/2498 1417/1/2498
f 1417/1/2498 1418/1/2498 1410/1/2498
s 847
f 1410/1/2906 1418/1/2915 1419/1/2916
f 1419/1/2916 1407/1/2903 1410/1/2906
s 848
f 1411/1/2907 1407/1/2910 1419/1/2917
f 1419/1/2917 1420/1/2918 1411/1/2907
s 1042
f 1421/1/2919 1411/1/2920 1420/1/2493
f 1420/1/2493 1422/1/2921 1421/1/2919
s 1043
f 1412/1/2506 1411/1/2506 1421/1/2922
f 1421/1/2922 1423/1/2506 1412/1/2506
s 1044
f 1424/1/2505 1415/1/2505 1412/1/2505
f 1412/1/2505 1423/1/2505 1424/1/2505
s 1045
f 1402/1/2503 1400/1/2503 1415/1/2923
f 1415/1/2923 1424/1/2503 1402/1/2503
s 848
f 1399/1/2894 1413/1/2914 1415/1/2913
f 1415/1/2913 1400/1/2894 1399/1/2894
s 847
f 1399/1/2893 1398/1/2892 1414/1/2912
f 1414/1/2912 1413/1/2911 1399/1/2893
s 1046
f 1398/1/2501 1397/1/2501 1425/1/2501
f 1425/1/2501 1414/1/2501 1398/1/2501
s 1047
f 1414/1/2500 1425/1/2500 1426/1/2500
f 1426/1/2500 1409/1/2500 1414/1/2500
s 1048
f 1416/1/2499 1410/1/2924 1409/1/2499
f 1409/1/2499 1426/1/2499 1416/1/2499
s 847
f 1427/1/2925 1428/1/2926 1429/1/2927
f 1429/1/2927 1430/1/2928 1427/1/2925
s 848
f 1431/1/2929 1432/1/2930 1428/1/2931
f 1428/1/2931 1427/1/2932 1431/1/2929
s 847
f 1428/1/2926 1433/1/2933 1434/1/2934
f 1434/1/2934 1429/1/2927 1428/1/2926
s 848
f 1428/1/2931 1432/1/2930 1435/1/2935
f 1435/1/2935 1433/1/2936 1428/1/2931
s 1049
f 1430/1/2937 1436/1/2937 1437/1/2937
f 1437/1/2937 1438/1/2937 1430/1/2937
s 847
f 1430/1/2928 1438/1/2938 1439/1/2939
f 1439/1/2939 1427/1/2925 1430/1/2928
s 848
f 1431/1/2929 1427/1/2932 1439/1/2940
f 1439/1/2940 1440/1/2941 1431/1/2929
s 1050
f 1441/1/2520 1431/1/2520 1440/1/2520
f 1440/1/2520 1442/1/2520 1441/1/2520
s 1051
f 1432/1/2537 1431/1/2537 1441/1/2537
f 1441/1/2537 1443/1/2537 1432/1/2537
s 1052
f 1444/1/2942 1435/1/2535 1432/1/2942
f 1432/1/2942 1443/1/2943 1444/1/2942
s 1053
f 1422/1/2944 1420/1/2945 1435/1/2946
f 1435/1/2946 1444/1/2947 1422/1/2944
s 848
f 1419/1/2917 1433/1/2936 1435/1/2935
f 1435/1/2935 1420/1/2918 1419/1/2917
s 847
f 1419/1/2916 1418/1/2915 1434/1/2934
f 1434/1/2934 1433/1/2933 1419/1/2916
s 1054
f 1418/1/2533 1417/1/2533 1445/1/2533
f 1445/1/2533 1434/1/2533 1418/1/2533
s 1055
f 1434/1/2532 1445/1/2532 1446/1/2532
f 1446/1/2532 1429/1/2532 1434/1/2532
s 1056
f 1436/1/2528 1430/1/2528 1429/1/2527
f 1429/1/2527 1446/1/2527 1436/1/2528
s 847
f 1447/1/2948 1448/1/2949 1449/1/2950
f 1449/1/2950 1450/1/2951 1447/1/2948
s 848
f 1451/1/2952 1452/1/2953 1448/1/2954
f 1448/1/2954 1447/1/2955 1451/1/2952
s 847
f 1448/1/2949 1453/1/2956 1454/1/2957
f 1454/1/2957 1449/1/2950 1448/1/2949
s 848
f 1448/1/2954 1452/1/2953 1455/1/2958
f 1455/1/2958 1453/1/2959 1448/1/2954
s 1057
f 1450/1/2555 1456/1/2555 1457/1/2555
f 1457/1/2555 1458/1/2556 1450/1/2555
s 847
f 1450/1/2951 1458/1/2960 1459/1/2961
f 1459/1/2961 1447/1/2948 1450/1/2951
s 848
f 1451/1/2952 1447/1/2955 1459/1/2962
f 1459/1/2962 1460/1/2963 1451/1/2952
s 1058
f 1461/1/2964 1451/1/2965 1460/1/2550
f 1460/1/2550 1462/1/2550 1461/1/2964
s 1059
f 1452/1/2966 1451/1/2966 1461/1/2967
f 1461/1/2967 1463/1/2566 1452/1/2966
s 1060
f 1464/1/2968 1455/1/2969 1452/1/2968
f 1452/1/2968 1463/1/2565 1464/1/2968
s 1061
f 1442/1/2970 1440/1/2564 1455/1/2564
f 1455/1/2564 1464/1/2971 1442/1/2970
s 848
f 1439/1/2940 1453/1/2959 1455/1/2958
f 1455/1/2958 1440/1/2941 1439/1/2940
s 847
f 1439/1/2939 1438/1/2938 1454/1/2957
f 1454/1/2957 1453/1/2956 1439/1/2939
s 1062
f 1438/1/2562 1437/1/2562 1465/1/2972
f 1465/1/2972 1454/1/2562 1438/1/2562
s 1063
f 1454/1/2559 1465/1/2559 1466/1/2973
f 1466/1/2973 1449/1/2559 1454/1/2559
s 1064
f 1456/1/2558 1450/1/2557 1449/1/2974
f 1449/1/2974 1466/1/2557 1456/1/2558
s 847
f 1467/1/2975 1468/1/2976 1469/1/2977
f 1469/1/2977 1470/1/2978 1467/1/2975
s 848
f 1471/1/2979 1472/1/2980 1468/1/2981
f 1468/1/2981 1467/1/2982 1471/1/2979
s 847
f 1468/1/2976 1473/1/2983 1474/1/2984
f 1474/1/2984 1469/1/2977 1468/1/2976
s 848
f 1468/1/2981 1472/1/2980 1475/1/2985
f 1475/1/2985 1473/1/2986 1468/1/2981
s 1065
f 1470/1/2987 1476/1/2988 1477/1/2989
f 1477/1/2989 1478/1/2585 1470/1/2987
s 847
f 1470/1/2978 1478/1/2990 1479/1/2991
f 1479/1/2991 1467/1/2975 1470/1/2978
s 848
f 1471/1/2979 1467/1/2982 1479/1/2992
f 1479/1/2992 1480/1/2993 1471/1/2979
s 1066
f 1481/1/2994 1471/1/2995 1480/1/2579
f 1480/1/2579 1482/1/2579 1481/1/2994
s 1067
f 1472/1/2996 1471/1/2996 1481/1/2996
f 1481/1/2996 1483/1/2996 1472/1/2996
s 1068
f 1484/1/2593 1475/1/2997 1472/1/2593
f 1472/1/2593 1483/1/2593 1484/1/2593
s 1069
f 1462/1/2998 1460/1/2591 1475/1/2591
f 1475/1/2591 1484/1/2591 1462/1/2998
s 848
f 1459/1/2962 1473/1/2986 1475/1/2985
f 1475/1/2985 1460/1/2963 1459/1/2962
s 847
f 1459/1/2961 1458/1/2960 1474/1/2984
f 1474/1/2984 1473/1/2983 1459/1/2961
s 1070
f 1458/1/2590 1457/1/2590 1485/1/2590
f 1485/1/2590 1474/1/2590 1458/1/2590
s 1071
f 1474/1/2588 1485/1/2588 1486/1/2999
f 1486/1/2999 1469/1/2588 1474/1/2588
s 1072
f 1476/1/2586 1470/1/2586 1469/1/2586
f 1469/1/2586 1486/1/2586 1476/1/2586
s 847
f 1487/1/3000 1488/1/3001 1489/1/3002
f 1489/1/3002 1490/1/3003 1487/1/3000
s 848
f 1491/1/3004 1492/1/3005 1488/1/3006
f 1488/1/3006 1487/1/3007 1491/1/3004
s 847
f 1488/1/3001 1493/1/3008 1494/1/3009
f 1494/1/3009 1489/1/3002 1488/1/3001
s 848
f 1488/1/3006 1492/1/3005 1495/1/3010
f 1495/1/3010 1493/1/3011 1488/1/3006
s 1073
f 1490/1/2617 1496/1/2617 1497/1/2617
f 1497/1/2617 1498/1/2616 1490/1/2617
s 847
f 1490/1/3003 1498/1/3012 1499/1/3013
f 1499/1/3013 1487/1/3000 1490/1/3003
s 848
f 1491/1/3004 1487/1/3007 1499/1/3014
f 1499/1/3014 1500/1/3015 1491/1/3004
s 1074
f 1501/1/2610 1491/1/2610 1500/1/2610
f 1500/1/2610 1502/1/2610 1501/1/2610
s 1075
f 1492/1/3016 1491/1/2625 1501/1/2625
f 1501/1/2625 1503/1/2625 1492/1/3016
s 1076
f 1504/1/3017 1495/1/3017 1492/1/3017
f 1492/1/3017 1503/1/3017 1504/1/3017
s 1077
f 1482/1/2622 1480/1/2622 1495/1/2622
f 1495/1/2622 1504/1/2622 1482/1/2622
s 848
f 1479/1/2992 1493/1/3011 1495/1/3010
f 1495/1/3010 1480/1/2993 1479/1/2992
s 847
f 1479/1/2991 1478/1/2990 1494/1/3009
f 1494/1/3009 1493/1/3008 1479/1/2991
s 1078
f 1478/1/2621 1477/1/2621 1505/1/2621
f 1505/1/2621 1494/1/2621 1478/1/2621
s 1079
f 1494/1/2620 1505/1/2620 1506/1/2620
f 1506/1/2620 1489/1/2620 1494/1/2620
s 1080
f 1496/1/2618 1490/1/2618 1489/1/2618
f 1489/1/2618 1506/1/2618 1496/1/2618
s 847
f 1507/1/3018 1508/1/3019 1509/1/3020
f 1509/1/3020 1510/1/3021 1507/1/3018
s 848
f 1511/1/3022 1512/1/3023 1508/1/3024
f 1508/1/3024 1507/1/3025 1511/1/3022
s 847
f 1508/1/3019 1513/1/3026 1514/1/3027
f 1514/1/3027 1509/1/3020 1508/1/3019
s 848
f 1508/1/3024 1512/1/3023 1515/1/3028
f 1515/1/3028 1513/1/3029 1508/1/3024
s 1081
f 1510/1/3030 1516/1/2644 1517/1/3031
f 1517/1/3031 1518/1/2644 1510/1/3030
s 847
f 1510/1/3021 1518/1/3032 1519/1/3033
f 1519/1/3033 1507/1/3018 1510/1/3021
s 848
f 1511/1/3022 1507/1/3025 1519/1/3034
f 1519/1/3034 1520/1/3035 1511/1/3022
s 1082
f 1521/1/2638 1511/1/3036 1520/1/2638
f 1520/1/2638 1522/1/2638 1521/1/2638
s 1083
f 1512/1/3037 1511/1/2657 1521/1/2657
f 1521/1/2657 1523/1/3038 1512/1/3037
s 1084
f 1524/1/2656 1515/1/2656 1512/1/2656
f 1512/1/2656 1523/1/2656 1524/1/2656
s 1085
f 1502/1/2655 1500/1/2655 1515/1/2655
f 1515/1/2655 1524/1/2655 1502/1/2655
s 848
f 1499/1/3014 1513/1/3029 1515/1/3028
f 1515/1/3028 1500/1/3015 1499/1/3014
s 847
f 1499/1/3013 1498/1/3012 1514/1/3027
f 1514/1/3027 1513/1/3026 1499/1/3013
s 1086
f 1498/1/2653 1497/1/3039 1525/1/2653
f 1525/1/2653 1514/1/2652 1498/1/2653
s 1087
f 1514/1/3040 1525/1/2649 1526/1/3041
f 1526/1/3041 1509/1/3042 1514/1/3040
s 1088
f 1516/1/3043 1510/1/3044 1509/1/3043
f 1509/1/3043 1526/1/3045 1516/1/3043
s 847
f 1527/1/3046 1528/1/3047 1529/1/3048
f 1529/1/3048 1530/1/3049 1527/1/3046
s 848
f 1531/1/3050 1532/1/3051 1528/1/3052
f 1528/1/3052 1527/1/3053 1531/1/3050
s 847
f 1528/1/3047 1533/1/3054 1534/1/3055
f 1534/1/3055 1529/1/3048 1528/1/3047
s 848
f 1528/1/3052 1532/1/3051 1535/1/3056
f 1535/1/3056 1533/1/3057 1528/1/3052
s 1089
f 1530/1/3058 1536/1/3058 1537/1/2677
f 1537/1/2677 1538/1/2677 1530/1/3058
s 847
f 1530/1/3049 1538/1/3059 1539/1/3060
f 1539/1/3060 1527/1/3046 1530/1/3049
s 848
f 1531/1/3050 1527/1/3053 1539/1/3061
f 1539/1/3061 1540/1/3062 1531/1/3050
s 1090
f 1541/1/3063 1531/1/2670 1540/1/3063
f 1540/1/3063 1542/1/3064 1541/1/3063
s 1091
f 1532/1/2687 1531/1/2687 1541/1/2687
f 1541/1/2687 1543/1/2687 1532/1/2687
s 1092
f 1544/1/3065 1535/1/3065 1532/1/2686
f 1532/1/2686 1543/1/2686 1544/1/3065
s 1093
f 1522/1/2684 1520/1/2684 1535/1/3066
f 1535/1/3066 1544/1/2684 1522/1/2684
s 848
f 1519/1/3034 1533/1/3057 1535/1/3056
f 1535/1/3056 1520/1/3035 1519/1/3034
s 847
f 1519/1/3033 1518/1/3032 1534/1/3055
f 1534/1/3055 1533/1/3054 1519/1/3033
s 1094
f 1518/1/3067 1517/1/3067 1545/1/3067
f 1545/1/3067 1534/1/3067 1518/1/3067
s 1095
f 1534/1/2682 1545/1/3068 1546/1/2682
f 1546/1/2682 1529/1/2682 1534/1/2682
s 1096
f 1536/1/2678 1530/1/2678 1529/1/2678
f 1529/1/2678 1546/1/2678 1536/1/2678
s 847
f 1547/1/3069 1548/1/3070 1549/1/3071
f 1549/1/3071 1550/1/3072 1547/1/3069
s 848
f 1551/1/3073 1552/1/3074 1548/1/3075
f 1548/1/3075 1547/1/3076 1551/1/3073
s 847
f 1548/1/3070 1553/1/3077 1554/1/3078
f 1554/1/3078 1549/1/3071 1548/1/3070
s 848
f 1548/1/3075 1552/1/3074 1555/1/3079
f 1555/1/3079 1553/1/3080 1548/1/3075
s 1097
f 1550/1/3081 1556/1/3081 945/1/3081
f 945/1/3081 943/1/3081 1550/1/3081
s 847
f 1547/1/3069 1550/1/3072 943/1/2270
f 943/1/2270 942/1/2269 1547/1/3069
s 848
f 1547/1/3076 942/1/2268 940/1/2267
f 940/1/2267 1551/1/3073 1547/1/3076
s 1098
f 940/1/3082 941/1/3082 1557/1/2703
f 1557/1/2703 1551/1/2703 940/1/3082
s 1099
f 1552/1/2721 1551/1/2721 1557/1/2721
f 1557/1/2721 1558/1/2721 1552/1/2721
s 1100
f 1559/1/2718 1555/1/2718 1552/1/2718
f 1552/1/2718 1558/1/2719 1559/1/2718
s 1101
f 1542/1/3083 1540/1/3084 1555/1/3085
f 1555/1/3085 1559/1/3086 1542/1/3083
s 848
f 1539/1/3061 1553/1/3080 1555/1/3079
f 1555/1/3079 1540/1/3062 1539/1/3061
s 847
f 1539/1/3060 1538/1/3059 1554/1/3078
f 1554/1/3078 1553/1/3077 1539/1/3060
s 1102
f 1538/1/3087 1537/1/2714 1560/1/2714
f 1560/1/2714 1554/1/2714 1538/1/3087
s 1103
f 1554/1/3088 1560/1/2713 1561/1/3089
f 1561/1/3089 1549/1/2713 1554/1/3088
s 1104
f 1556/1/2712 1550/1/2712 1549/1/2712
f 1549/1/2712 1561/1/2712 1556/1/2712
s 837
f 1562/1/3090 1563/1/3091 1564/1/3092
f 1564/1/3092 1565/1/3093 1562/1/3090
f 1566/1/3094 1567/1/3095 1563/1/3091
f 1563/1/3091 1562/1/3090 1566/1/3094
s 838
f 1563/1/3096 1568/1/3097 1569/1/3098
f 1569/1/3098 1564/1/3099 1563/1/3096
f 1563/1/3096 1567/1/3100 1570/1/3101
f 1570/1/3101 1568/1/3097 1563/1/3096
s 1105
f 1571/1/3102 1565/1/3102 1572/1/3102
f 1572/1/3102 1573/1/3102 1571/1/3102
s 1106
f 1574/1/3103 1562/1/3103 1565/1/3103
f 1565/1/3103 1571/1/3103 1574/1/3103
s 1107
f 1562/1/3104 1574/1/3104 1575/1/3104
f 1575/1/3104 1566/1/3104 1562/1/3104
s 1108
f 906/1/3105 1566/1/3105 1575/1/3105
f 1575/1/3105 907/1/3105 906/1/3105
s 837
f 906/1/2237 921/1/2238 1567/1/3095
f 1567/1/3095 1566/1/3094 906/1/2237
s 838
f 920/1/2235 1570/1/3101 1567/1/3100
f 1567/1/3100 921/1/2236 920/1/2235
s 1109
f 1570/1/3106 920/1/3106 919/1/3106
f 919/1/3106 1576/1/3107 1570/1/3106
s 1110
f 1576/1/3108 1577/1/3108 1568/1/3108
f 1568/1/3108 1570/1/3108 1576/1/3108
s 1111
f 1568/1/3109 1577/1/3110 1578/1/3110
f 1578/1/3110 1569/1/3111 1568/1/3109
s 1112
f 1578/1/3112 1579/1/3113 1580/1/3112
f 1580/1/3112 1569/1/3112 1578/1/3112
s 838
f 1569/1/3098 1580/1/3114 1581/1/3115
f 1581/1/3115 1564/1/3099 1569/1/3098
s 837
f 1565/1/3093 1564/1/3092 1581/1/3116
f 1581/1/3116 1572/1/3117 1565/1/3093
f 1582/1/3118 1583/1/3119 1584/1/3120
f 1584/1/3120 1585/1/3121 1582/1/3118
f 1586/1/3122 1587/1/3123 1583/1/3119
f 1583/1/3119 1582/1/3118 1586/1/3122
s 838
f 1583/1/3124 1588/1/3125 1589/1/3126
f 1589/1/3126 1584/1/3127 1583/1/3124
f 1583/1/3124 1587/1/3128 1590/1/3129
f 1590/1/3129 1588/1/3125 1583/1/3124
s 1113
f 1591/1/3130 1592/1/3131 1593/1/3132
f 1593/1/3132 1585/1/3133 1591/1/3130
s 1114
f 1593/1/3134 1594/1/3135 1582/1/3134
f 1582/1/3134 1585/1/3134 1593/1/3134
s 1115
f 1582/1/3136 1594/1/3137 1595/1/3138
f 1595/1/3138 1586/1/3139 1582/1/3136
s 1116
f 1572/1/3140 1586/1/3140 1595/1/3140
f 1595/1/3140 1573/1/3140 1572/1/3140
s 837
f 1586/1/3122 1572/1/3117 1581/1/3116
f 1581/1/3116 1587/1/3123 1586/1/3122
s 838
f 1580/1/3114 1590/1/3129 1587/1/3128
f 1587/1/3128 1581/1/3115 1580/1/3114
s 1117
f 1590/1/3141 1580/1/3142 1579/1/3143
f 1579/1/3143 1596/1/3144 1590/1/3141
s 1118
f 1596/1/3145 1597/1/3145 1588/1/3146
f 1588/1/3146 1590/1/3145 1596/1/3145
s 1119
f 1598/1/3147 1589/1/3148 1588/1/3149
f 1588/1/3149 1597/1/3150 1598/1/3147
s 1120
f 1598/1/3151 1599/1/3151 1600/1/3151
f 1600/1/3151 1589/1/3151 1598/1/3151
s 838
f 1584/1/3127 1589/1/3126 1600/1/3152
f 1600/1/3152 1601/1/3153 1584/1/3127
s 837
f 1601/1/3154 1591/1/3155 1585/1/3121
f 1585/1/3121 1584/1/3120 1601/1/3154
f 1602/1/3156 1603/1/3157 1604/1/3158
f 1604/1/3158 1605/1/3159 1602/1/3156
f 1606/1/3160 1607/1/3161 1603/1/3157
f 1603/1/3157 1602/1/3156 1606/1/3160
s 838
f 1603/1/3162 1608/1/3163 1609/1/3164
f 1609/1/3164 1604/1/3165 1603/1/3162
f 1603/1/3162 1607/1/3166 1610/1/3167
f 1610/1/3167 1608/1/3163 1603/1/3162
s 1121
f 1611/1/3168 1612/1/3169 1613/1/3170
f 1613/1/3170 1605/1/3171 1611/1/3168
s 1122
f 1602/1/3172 1605/1/3172 1613/1/3172
f 1613/1/3172 1614/1/3172 1602/1/3172
s 1123
f 1602/1/3173 1614/1/3173 1615/1/3173
f 1615/1/3173 1606/1/3173 1602/1/3173
s 1124
f 1591/1/3174 1606/1/3174 1615/1/3174
f 1615/1/3174 1592/1/3174 1591/1/3174
s 837
f 1606/1/3160 1591/1/3155 1601/1/3154
f 1601/1/3154 1607/1/3161 1606/1/3160
s 838
f 1600/1/3152 1610/1/3167 1607/1/3166
f 1607/1/3166 1601/1/3153 1600/1/3152
s 1125
f 1610/1/3175 1600/1/3175 1599/1/3175
f 1599/1/3175 1616/1/3175 1610/1/3175
s 1126
f 1616/1/3176 1617/1/3176 1608/1/3177
f 1608/1/3177 1610/1/3176 1616/1/3176
s 1127
f 1617/1/3178 1618/1/3178 1609/1/3178
f 1609/1/3178 1608/1/3178 1617/1/3178
s 1128
f 1618/1/3179 1619/1/3180 1620/1/3179
f 1620/1/3179 1609/1/3179 1618/1/3179
s 838
f 1609/1/3164 1620/1/3181 1621/1/3182
f 1621/1/3182 1604/1/3165 1609/1/3164
s 837
f 1604/1/3158 1621/1/3183 1611/1/3184
f 1611/1/3184 1605/1/3159 1604/1/3158
f 1622/1/3185 1623/1/3186 1624/1/3187
f 1624/1/3187 1625/1/3188 1622/1/3185
f 1626/1/3189 1627/1/3190 1623/1/3186
f 1623/1/3186 1622/1/3185 1626/1/3189
s 838
f 1623/1/3191 1628/1/3192 1629/1/3193
f 1629/1/3193 1624/1/3194 1623/1/3191
f 1623/1/3191 1627/1/3195 1630/1/3196
f 1630/1/3196 1628/1/3192 1623/1/3191
s 1129
f 1631/1/3197 1632/1/3197 1633/1/3197
f 1633/1/3197 1625/1/3197 1631/1/3197
s 1130
f 1622/1/3198 1625/1/3198 1633/1/3198
f 1633/1/3198 1634/1/3198 1622/1/3198
s 1131
f 1622/1/3199 1634/1/3200 1635/1/3199
f 1635/1/3199 1626/1/3199 1622/1/3199
s 1132
f 1611/1/3201 1626/1/3202 1635/1/3203
f 1635/1/3203 1612/1/3204 1611/1/3201
s 837
f 1626/1/3189 1611/1/3184 1621/1/3183
f 1621/1/3183 1627/1/3190 1626/1/3189
s 838
f 1627/1/3195 1621/1/3182 1620/1/3181
f 1620/1/3181 1630/1/3196 1627/1/3195
s 1133
f 1630/1/3205 1620/1/3205 1619/1/3205
f 1619/1/3205 1636/1/3205 1630/1/3205
s 1134
f 1636/1/3206 1637/1/3206 1628/1/3206
f 1628/1/3206 1630/1/3206 1636/1/3206
s 1135
f 1637/1/3207 1638/1/3207 1629/1/3207
f 1629/1/3207 1628/1/3207 1637/1/3207
s 1136
f 1638/1/3208 1639/1/3209 1640/1/3210
f 1640/1/3210 1629/1/3210 1638/1/3208
s 838
f 1624/1/3194 1629/1/3193 1640/1/3211
f 1640/1/3211 1641/1/3212 1624/1/3194
s 837
f 1624/1/3187 1641/1/3213 1631/1/3214
f 1631/1/3214 1625/1/3188 1624/1/3187
f 1642/1/3215 1643/1/3216 1644/1/3217
f 1644/1/3217 1645/1/3218 1642/1/3215
f 1646/1/3219 1647/1/3220 1643/1/3216
f 1643/1/3216 1642/1/3215 1646/1/3219
s 838
f 1643/1/3221 1648/1/3222 1649/1/3223
f 1649/1/3223 1644/1/3224 1643/1/3221
f 1643/1/3221 1647/1/3225 1650/1/3226
f 1650/1/3226 1648/1/3222 1643/1/3221
s 1137
f 1651/1/3227 1652/1/3228 1653/1/3229
f 1653/1/3229 1645/1/3228 1651/1/3227
s 1138
f 1642/1/3230 1645/1/3230 1653/1/3230
f 1653/1/3230 1654/1/3230 1642/1/3230
s 1139
f 1642/1/3231 1654/1/3231 1655/1/3232
f 1655/1/3232 1646/1/3233 1642/1/3231
s 1140
f 1631/1/3234 1646/1/3235 1655/1/3234
f 1655/1/3234 1632/1/3234 1631/1/3234
s 837
f 1646/1/3219 1631/1/3214 1641/1/3213
f 1641/1/3213 1647/1/3220 1646/1/3219
s 838
f 1640/1/3211 1650/1/3226 1647/1/3225
f 1647/1/3225 1641/1/3212 1640/1/3211
s 1141
f 1650/1/3236 1640/1/3236 1639/1/3236
f 1639/1/3236 1656/1/3237 1650/1/3236
s 1142
f 1656/1/3238 1657/1/3238 1648/1/3239
f 1648/1/3239 1650/1/3238 1656/1/3238
s 1143
f 1657/1/3240 1658/1/3240 1649/1/3241
f 1649/1/3241 1648/1/3240 1657/1/3240
s 1144
f 1658/1/3242 1659/1/3242 1660/1/3243
f 1660/1/3243 1649/1/3242 1658/1/3242
s 838
f 1644/1/3224 1649/1/3223 1660/1/3244
f 1660/1/3244 1661/1/3245 1644/1/3224
s 837
f 1644/1/3217 1661/1/3246 1651/1/3247
f 1651/1/3247 1645/1/3218 1644/1/3217
f 1662/1/3248 1663/1/3249 1664/1/3250
f 1664/1/3250 1665/1/3251 1662/1/3248
f 1666/1/3252 1667/1/3253 1663/1/3249
f 1663/1/3249 1662/1/3248 1666/1/3252
s 838
f 1663/1/3254 1668/1/3255 1669/1/3256
f 1669/1/3256 1664/1/3257 1663/1/3254
f 1663/1/3254 1667/1/3258 1670/1/3259
f 1670/1/3259 1668/1/3255 1663/1/3254
s 1145
f 1671/1/3260 1672/1/3261 1673/1/3262
f 1673/1/3262 1665/1/3261 1671/1/3260
s 1146
f 1662/1/3263 1665/1/3263 1673/1/3263
f 1673/1/3263 1674/1/3263 1662/1/3263
s 1147
f 1662/1/3264 1674/1/3264 1675/1/3264
f 1675/1/3264 1666/1/3264 1662/1/3264
s 1148
f 1651/1/3265 1666/1/3265 1675/1/3265
f 1675/1/3265 1652/1/3265 1651/1/3265
s 837
f 1666/1/3252 1651/1/3247 1661/1/3246
f 1661/1/3246 1667/1/3253 1666/1/3252
s 838
f 1660/1/3244 1670/1/3259 1667/1/3258
f 1667/1/3258 1661/1/3245 1660/1/3244
s 1149
f 1670/1/3266 1660/1/3266 1659/1/3266
f 1659/1/3266 1676/1/3266 1670/1/3266
s 1150
f 1676/1/3267 1677/1/3267 1668/1/3267
f 1668/1/3267 1670/1/3267 1676/1/3267
s 1151
f 1677/1/3268 1678/1/3268 1669/1/3268
f 1669/1/3268 1668/1/3268 1677/1/3268
s 1152
f 1678/1/3269 1679/1/3270 1680/1/3269
f 1680/1/3269 1669/1/3271 1678/1/3269
s 838
f 1664/1/3257 1669/1/3256 1680/1/3272
f 1680/1/3272 1681/1/3273 1664/1/3257
s 837
f 1664/1/3250 1681/1/3274 1671/1/3275
f 1671/1/3275 1665/1/3251 1664/1/3250
f 1682/1/3276 1683/1/3277 1684/1/3278
f 1684/1/3278 1685/1/3279 1682/1/3276
f 1686/1/3280 1687/1/3281 1683/1/3277
f 1683/1/3277 1682/1/3276 1686/1/3280
s 838
f 1683/1/3282 1688/1/3283 1689/1/3284
f 1689/1/3284 1684/1/3285 1683/1/3282
f 1683/1/3282 1687/1/3286 1690/1/3287
f 1690/1/3287 1688/1/3283 1683/1/3282
s 1153
f 1691/1/3288 1692/1/3288 1693/1/3288
f 1693/1/3288 1685/1/3288 1691/1/3288
s 1154
f 1682/1/3289 1685/1/3289 1693/1/3290
f 1693/1/3290 1694/1/3290 1682/1/3289
s 1155
f 1682/1/3291 1694/1/3292 1695/1/3292
f 1695/1/3292 1686/1/3292 1682/1/3291
s 1156
f 1671/1/3293 1686/1/3293 1695/1/3293
f 1695/1/3293 1672/1/3293 1671/1/3293
s 837
f 1686/1/3280 1671/1/3275 1681/1/3274
f 1681/1/3274 1687/1/3281 1686/1/3280
s 838
f 1680/1/3272 1690/1/3287 1687/1/3286
f 1687/1/3286 1681/1/3273 1680/1/3272
s 1157
f 1690/1/3294 1680/1/3295 1679/1/3296
f 1679/1/3296 1696/1/3297 1690/1/3294
s 1158
f 1696/1/3298 1697/1/3298 1688/1/3298
f 1688/1/3298 1690/1/3298 1696/1/3298
s 1159
f 1697/1/3299 1698/1/3299 1689/1/3299
f 1689/1/3299 1688/1/3299 1697/1/3299
s 1160
f 1698/1/3300 1699/1/3301 1700/1/3300
f 1700/1/3300 1689/1/3300 1698/1/3300
s 838
f 1684/1/3285 1689/1/3284 1700/1/3302
f 1700/1/3302 1701/1/3302 1684/1/3285
s 837
f 1684/1/3278 1701/1/3303 1691/1/3304
f 1691/1/3304 1685/1/3279 1684/1/3278
f 1702/1/3305 1703/1/3306 1704/1/3307
f 1704/1/3307 1705/1/3308 1702/1/3305
f 1706/1/3309 1707/1/3310 1703/1/3306
f 1703/1/3306 1702/1/3305 1706/1/3309
s 838
f 1703/1/3311 1708/1/3312 1709/1/3313
f 1709/1/3313 1704/1/3314 1703/1/3311
f 1703/1/3311 1707/1/3315 1710/1/3316
f 1710/1/3316 1708/1/3312 1703/1/3311
s 1161
f 1711/1/3317 1712/1/3317 1713/1/3317
f 1713/1/3317 1705/1/3317 1711/1/3317
s 1162
f 1702/1/3318 1705/1/3319 1713/1/3319
f 1713/1/3319 1714/1/3318 1702/1/3318
s 1163
f 1702/1/3320 1714/1/3321 1715/1/3320
f 1715/1/3320 1706/1/3320 1702/1/3320
s 1164
f 1691/1/3322 1706/1/3322 1715/1/3322
f 1715/1/3322 1692/1/3322 1691/1/3322
s 837
f 1706/1/3309 1691/1/3304 1701/1/3303
f 1701/1/3303 1707/1/3310 1706/1/3309
s 838
f 1700/1/3302 1710/1/3316 1707/1/3315
f 1707/1/3315 1701/1/3302 1700/1/3302
s 1165
f 1716/1/3323 1710/1/3324 1700/1/3325
f 1700/1/3325 1699/1/3325 1716/1/3323
s 1166
f 1716/1/3326 1717/1/3326 1708/1/3326
f 1708/1/3326 1710/1/3326 1716/1/3326
s 1167
f 1717/1/3327 1718/1/3328 1709/1/3329
f 1709/1/3329 1708/1/3327 1717/1/3327
s 1168
f 1718/1/3330 1719/1/3330 1720/1/3330
f 1720/1/3330 1709/1/3331 1718/1/3330
s 838
f 1704/1/3314 1709/1/3313 1720/1/3332
f 1720/1/3332 1721/1/3333 1704/1/3314
s 837
f 1704/1/3307 1721/1/3334 1711/1/3335
f 1711/1/3335 1705/1/3308 1704/1/3307
f 1722/1/3336 1723/1/3337 1724/1/3338
f 1724/1/3338 1725/1/3339 1722/1/3336
f 1726/1/3340 1727/1/3341 1723/1/3337
f 1723/1/3337 1722/1/3336 1726/1/3340
s 838
f 1723/1/3342 1728/1/3343 1729/1/3344
f 1729/1/3344 1724/1/3345 1723/1/3342
f 1723/1/3342 1727/1/3346 1730/1/3347
f 1730/1/3347 1728/1/3343 1723/1/3342
s 1169
f 1731/1/3348 1732/1/3348 1733/1/3348
f 1733/1/3348 1725/1/3348 1731/1/3348
s 1170
f 1722/1/3349 1725/1/3349 1733/1/3349
f 1733/1/3349 1734/1/3349 1722/1/3349
s 1171
f 1722/1/3350 1734/1/3350 1735/1/3350
f 1735/1/3350 1726/1/3350 1722/1/3350
s 1172
f 1711/1/3351 1726/1/3352 1735/1/3353
f 1735/1/3353 1712/1/3354 1711/1/3351
s 837
f 1726/1/3340 1711/1/3335 1721/1/3334
f 1721/1/3334 1727/1/3341 1726/1/3340
s 838
f 1720/1/3332 1730/1/3347 1727/1/3346
f 1727/1/3346 1721/1/3333 1720/1/3332
s 1173
f 1730/1/3355 1720/1/3355 1719/1/3355
f 1719/1/3355 1736/1/3356 1730/1/3355
s 1174
f 1736/1/3357 1737/1/3357 1728/1/3357
f 1728/1/3357 1730/1/3357 1736/1/3357
s 1175
f 1737/1/3358 1738/1/3358 1729/1/3358
f 1729/1/3358 1728/1/3359 1737/1/3358
s 1176
f 1738/1/3360 1739/1/3360 1740/1/3361
f 1740/1/3361 1729/1/3360 1738/1/3360
s 838
f 1724/1/3345 1729/1/3344 1740/1/3362
f 1740/1/3362 1741/1/3363 1724/1/3345
s 837
f 1724/1/3338 1741/1/3364 1731/1/3365
f 1731/1/3365 1725/1/3339 1724/1/3338
f 1742/1/3366 1743/1/3367 1744/1/3368
f 1744/1/3368 1745/1/3369 1742/1/3366
f 1746/1/3370 1747/1/3371 1743/1/3367
f 1743/1/3367 1742/1/3366 1746/1/3370
s 838
f 1743/1/3372 1748/1/3373 1749/1/3374
f 1749/1/3374 1744/1/3375 1743/1/3372
f 1743/1/3372 1747/1/3376 1750/1/3377
f 1750/1/3377 1748/1/3373 1743/1/3372
s 1177
f 1751/1/3378 1752/1/3378 1753/1/3379
f 1753/1/3379 1745/1/3379 1751/1/3378
s 1178
f 1742/1/3380 1745/1/3380 1753/1/3381
f 1753/1/3381 1754/1/3380 1742/1/3380
s 1179
f 1742/1/3382 1754/1/3382 1755/1/3382
f 1755/1/3382 1746/1/3382 1742/1/3382
s 1180
f 1731/1/3383 1746/1/3384 1755/1/3383
f 1755/1/3383 1732/1/3383 1731/1/3383
s 837
f 1746/1/3370 1731/1/3365 1741/1/3364
f 1741/1/3364 1747/1/3371 1746/1/3370
s 838
f 1740/1/3362 1750/1/3377 1747/1/3376
f 1747/1/3376 1741/1/3363 1740/1/3362
s 1181
f 1750/1/3385 1740/1/3386 1739/1/3387
f 1739/1/3387 1756/1/3386 1750/1/3385
s 1182
f 1756/1/3388 1757/1/3388 1748/1/3388
f 1748/1/3388 1750/1/3388 1756/1/3388
s 1183
f 1757/1/3389 1758/1/3389 1749/1/3389
f 1749/1/3389 1748/1/3389 1757/1/3389
s 1184
f 1758/1/3390 1759/1/3390 1760/1/3390
f 1760/1/3390 1749/1/3390 1758/1/3390
s 838
f 1744/1/3375 1749/1/3374 1760/1/3391
f 1760/1/3391 1761/1/3392 1744/1/3375
s 837
f 1744/1/3368 1761/1/3393 1751/1/3394
f 1751/1/3394 1745/1/3369 1744/1/3368
f 1762/1/3395 1763/1/3396 1764/1/3397
f 1764/1/3397 1765/1/3398 1762/1/3395
f 1766/1/3399 1767/1/3400 1763/1/3396
f 1763/1/3396 1762/1/3395 1766/1/3399
s 838
f 1763/1/3401 1768/1/3402 1769/1/3403
f 1769/1/3403 1764/1/3404 1763/1/3401
f 1763/1/3401 1767/1/3405 1770/1/3406
f 1770/1/3406 1768/1/3402 1763/1/3401
s 1185
f 1771/1/3407 1772/1/3407 1773/1/3407
f 1773/1/3407 1765/1/3407 1771/1/3407
s 1186
f 1762/1/3408 1765/1/3408 1773/1/3408
f 1773/1/3408 1774/1/3408 1762/1/3408
s 1187
f 1762/1/3409 1774/1/3409 1775/1/3409
f 1775/1/3409 1766/1/3409 1762/1/3409
s 1188
f 1751/1/3410 1766/1/3411 1775/1/3411
f 1775/1/3411 1752/1/3411 1751/1/3410
s 837
f 1766/1/3399 1751/1/3394 1761/1/3393
f 1761/1/3393 1767/1/3400 1766/1/3399
s 838
f 1760/1/3391 1770/1/3406 1767/1/3405
f 1767/1/3405 1761/1/3392 1760/1/3391
s 1189
f 1770/1/3412 1760/1/3412 1759/1/3412
f 1759/1/3412 1776/1/3412 1770/1/3412
s 1190
f 1776/1/3413 1777/1/3414 1768/1/3413
f 1768/1/3413 1770/1/3413 1776/1/3413
s 1191
f 1777/1/3415 1778/1/3416 1769/1/3417
f 1769/1/3417 1768/1/3418 1777/1/3415
s 1192
f 1778/1/3419 1779/1/3419 1780/1/3419
f 1780/1/3419 1769/1/3419 1778/1/3419
s 838
f 1764/1/3404 1769/1/3403 1780/1/3420
f 1780/1/3420 1781/1/3421 1764/1/3404
s 837
f 1764/1/3397 1781/1/3422 1771/1/3423
f 1771/1/3423 1765/1/3398 1764/1/3397
f 1782/1/3424 1783/1/3425 1784/1/3426
f 1784/1/3426 1785/1/3427 1782/1/3424
f 1786/1/3428 1787/1/3429 1783/1/3425
f 1783/1/3425 1782/1/3424 1786/1/3428
s 838
f 1783/1/3430 1788/1/3431 1789/1/3432
f 1789/1/3432 1784/1/3433 1783/1/3430
f 1783/1/3430 1787/1/3434 1790/1/3435
f 1790/1/3435 1788/1/3431 1783/1/3430
s 1193
f 1791/1/3436 1792/1/3436 1793/1/3436
f 1793/1/3436 1785/1/3437 1791/1/3436
s 1194
f 1782/1/3438 1785/1/3438 1793/1/3438
f 1793/1/3438 1794/1/3438 1782/1/3438
s 1195
f 1782/1/3439 1794/1/3439 1795/1/3439
f 1795/1/3439 1786/1/3439 1782/1/3439
s 1196
f 1771/1/3440 1786/1/3441 1795/1/3441
f 1795/1/3441 1772/1/3440 1771/1/3440
s 837
f 1786/1/3428 1771/1/3423 1781/1/3422
f 1781/1/3422 1787/1/3429 1786/1/3428
s 838
f 1780/1/3420 1790/1/3435 1787/1/3434
f 1787/1/3434 1781/1/3421 1780/1/3420
s 1197
f 1790/1/3442 1780/1/3442 1779/1/3443
f 1779/1/3443 1796/1/3442 1790/1/3442
s 1198
f 1796/1/3444 1797/1/3444 1788/1/3444
f 1788/1/3444 1790/1/3444 1796/1/3444
s 1199
f 1797/1/3445 1798/1/3445 1789/1/3445
f 1789/1/3445 1788/1/3445 1797/1/3445
s 1200
f 1798/1/3446 1799/1/3446 1800/1/3446
f 1800/1/3446 1789/1/3447 1798/1/3446
s 838
f 1784/1/3433 1789/1/3432 1800/1/3448
f 1800/1/3448 1801/1/3449 1784/1/3433
s 837
f 1784/1/3426 1801/1/3450 1791/1/3451
f 1791/1/3451 1785/1/3427 1784/1/3426
f 1802/1/3452 1803/1/3453 1804/1/3454
f 1804/1/3454 1805/1/3455 1802/1/3452
f 1806/1/3456 1807/1/3457 1803/1/3453
f 1803/1/3453 1802/1/3452 1806/1/3456
s 838
f 1803/1/3458 1808/1/3459 1809/1/3460
f 1809/1/3460 1804/1/3461 1803/1/3458
f 1803/1/3458 1807/1/3462 1810/1/3463
f 1810/1/3463 1808/1/3459 1803/1/3458
s 1201
f 1811/1/3464 1812/1/3464 1813/1/3464
f 1813/1/3464 1805/1/3465 1811/1/3464
s 1202
f 1802/1/3466 1805/1/3467 1813/1/3468
f 1813/1/3468 1814/1/3469 1802/1/3466
s 1203
f 1802/1/3470 1814/1/3470 1815/1/3470
f 1815/1/3470 1806/1/3471 1802/1/3470
s 1204
f 1791/1/3472 1806/1/3472 1815/1/3472
f 1815/1/3472 1792/1/3472 1791/1/3472
s 837
f 1806/1/3456 1791/1/3451 1801/1/3450
f 1801/1/3450 1807/1/3457 1806/1/3456
s 838
f 1800/1/3448 1810/1/3463 1807/1/3462
f 1807/1/3462 1801/1/3449 1800/1/3448
s 1205
f 1810/1/3473 1800/1/3474 1799/1/3473
f 1799/1/3473 1816/1/3473 1810/1/3473
s 1206
f 1816/1/3475 1817/1/3475 1808/1/3476
f 1808/1/3476 1810/1/3475 1816/1/3475
s 1207
f 1817/1/3477 1818/1/3478 1809/1/3478
f 1809/1/3478 1808/1/3478 1817/1/3477
s 1208
f 1818/1/3479 1819/1/3480 1820/1/3481
f 1820/1/3481 1809/1/3482 1818/1/3479
s 838
f 1804/1/3461 1809/1/3460 1820/1/3483
f 1820/1/3483 1821/1/3484 1804/1/3461
s 837
f 1804/1/3454 1821/1/3485 1811/1/3486
f 1811/1/3486 1805/1/3455 1804/1/3454
f 1822/1/3487 1823/1/3488 1824/1/3489
f 1824/1/3489 1825/1/3490 1822/1/3487
f 1826/1/3491 1827/1/3492 1823/1/3488
f 1823/1/3488 1822/1/3487 1826/1/3491
s 838
f 1823/1/3493 1828/1/3494 1829/1/3495
f 1829/1/3495 1824/1/3496 1823/1/3493
f 1823/1/3493 1827/1/3497 1830/1/3498
f 1830/1/3498 1828/1/3494 1823/1/3493
s 1209
f 1831/1/3499 1832/1/3499 1833/1/3499
f 1833/1/3499 1825/1/3499 1831/1/3499
s 1210
f 1822/1/3500 1825/1/3500 1833/1/3501
f 1833/1/3501 1834/1/3501 1822/1/3500
s 1211
f 1822/1/3502 1834/1/3503 1835/1/3504
f 1835/1/3504 1826/1/3503 1822/1/3502
s 1212
f 1811/1/3505 1826/1/3505 1835/1/3505
f 1835/1/3505 1812/1/3506 1811/1/3505
s 837
f 1826/1/3491 1811/1/3486 1821/1/3485
f 1821/1/3485 1827/1/3492 1826/1/3491
s 838
f 1820/1/3483 1830/1/3498 1827/1/3497
f 1827/1/3497 1821/1/3484 1820/1/3483
s 1213
f 1830/1/3507 1820/1/3508 1819/1/3509
f 1819/1/3509 1836/1/3509 1830/1/3507
s 1214
f 1836/1/3510 1837/1/3511 1828/1/3511
f 1828/1/3511 1830/1/3510 1836/1/3510
s 1215
f 1837/1/3512 1838/1/3512 1829/1/3512
f 1829/1/3512 1828/1/3512 1837/1/3512
s 1216
f 1838/1/3513 1839/1/3513 1840/1/3513
f 1840/1/3513 1829/1/3513 1838/1/3513
s 838
f 1824/1/3496 1829/1/3495 1840/1/3514
f 1840/1/3514 1841/1/3515 1824/1/3496
s 837
f 1824/1/3489 1841/1/3516 1831/1/3517
f 1831/1/3517 1825/1/3490 1824/1/3489
f 1842/1/3518 1843/1/3519 1844/1/3520
f 1844/1/3520 1845/1/3521 1842/1/3518
f 1846/1/3522 1847/1/3523 1843/1/3519
f 1843/1/3519 1842/1/3518 1846/1/3522
s 838
f 1843/1/3524 1848/1/3525 1849/1/3526
f 1849/1/3526 1844/1/3527 1843/1/3524
f 1843/1/3524 1847/1/3528 1850/1/3529
f 1850/1/3529 1848/1/3525 1843/1/3524
s 1217
f 1851/1/3530 1852/1/3530 1853/1/3530
f 1853/1/3530 1845/1/3530 1851/1/3530
s 1218
f 1842/1/3531 1845/1/3532 1853/1/3532
f 1853/1/3532 1854/1/3532 1842/1/3531
s 1219
f 1842/1/3533 1854/1/3533 1855/1/3533
f 1855/1/3533 1846/1/3534 1842/1/3533
s 1220
f 1831/1/3535 1846/1/3535 1855/1/3535
f 1855/1/3535 1832/1/3535 1831/1/3535
s 837
f 1846/1/3522 1831/1/3517 1841/1/3516
f 1841/1/3516 1847/1/3523 1846/1/3522
s 838
f 1840/1/3514 1850/1/3529 1847/1/3528
f 1847/1/3528 1841/1/3515 1840/1/3514
s 1221
f 1850/1/3536 1840/1/3537 1839/1/3538
f 1839/1/3538 1856/1/3538 1850/1/3536
s 1222
f 1856/1/3539 1857/1/3540 1848/1/3539
f 1848/1/3539 1850/1/3541 1856/1/3539
s 1223
f 1857/1/3542 1858/1/3542 1849/1/3542
f 1849/1/3542 1848/1/3542 1857/1/3542
s 1224
f 1858/1/3543 1859/1/3544 1860/1/3545
f 1860/1/3545 1849/1/3546 1858/1/3543
s 838
f 1844/1/3527 1849/1/3526 1860/1/3547
f 1860/1/3547 1861/1/3548 1844/1/3527
s 837
f 1844/1/3520 1861/1/3549 1851/1/3550
f 1851/1/3550 1845/1/3521 1844/1/3520
f 1862/1/3551 1863/1/3552 1864/1/3553
f 1864/1/3553 1865/1/3554 1862/1/3551
f 1866/1/3555 1867/1/3556 1863/1/3552
f 1863/1/3552 1862/1/3551 1866/1/3555
s 838
f 1863/1/3557 1868/1/3558 1869/1/3559
f 1869/1/3559 1864/1/3560 1863/1/3557
f 1863/1/3557 1867/1/3561 1870/1/3562
f 1870/1/3562 1868/1/3558 1863/1/3557
s 1225
f 1871/1/3563 1872/1/3564 1873/1/3563
f 1873/1/3563 1865/1/3565 1871/1/3563
s 1226
f 1862/1/2231 1865/1/3566 1873/1/3566
f 1873/1/3566 1874/1/2231 1862/1/2231
s 1227
f 1862/1/3567 1874/1/2228 1875/1/3567
f 1875/1/3567 1866/1/3568 1862/1/3567
s 1228
f 1851/1/3569 1866/1/2226 1875/1/2226
f 1875/1/2226 1852/1/3569 1851/1/3569
s 837
f 1866/1/3555 1851/1/3550 1861/1/3549
f 1861/1/3549 1867/1/3556 1866/1/3555
s 838
f 1860/1/3547 1870/1/3562 1867/1/3561
f 1867/1/3561 1861/1/3548 1860/1/3547
s 1229
f 1870/1/3570 1860/1/3571 1859/1/3570
f 1859/1/3570 1876/1/2219 1870/1/3570
s 1230
f 1876/1/3572 1877/1/2218 1868/1/2218
f 1868/1/2218 1870/1/3573 1876/1/3572
s 1231
f 1877/1/3574 1878/1/2217 1869/1/3574
f 1869/1/3574 1868/1/2217 1877/1/3574
s 1232
f 1878/1/2215 1879/1/2215 1880/1/2215
f 1880/1/2215 1869/1/2215 1878/1/2215
s 838
f 1864/1/3560 1869/1/3559 1880/1/3575
f 1880/1/3575 1881/1/3576 1864/1/3560
s 837
f 1864/1/3553 1881/1/3577 1871/1/3578
f 1871/1/3578 1865/1/3554 1864/1/3553
f 1882/1/3579 1883/1/3580 1884/1/3581
f 1884/1/3581 1885/1/3582 1882/1/3579
f 1886/1/3583 1887/1/3584 1883/1/3580
f 1883/1/3580 1882/1/3579 1886/1/3583
s 838
f 1883/1/3585 1888/1/3586 1889/1/3587
f 1889/1/3587 1884/1/3588 1883/1/3585
f 1883/1/3585 1887/1/3589 1890/1/3590
f 1890/1/3590 1888/1/3586 1883/1/3585
s 1233
f 1891/1/3112 1892/1/3112 1893/1/3112
f 1893/1/3112 1885/1/3112 1891/1/3112
s 1234
f 1882/1/3591 1885/1/3592 1893/1/3110
f 1893/1/3110 1894/1/3592 1882/1/3591
s 1235
f 1882/1/3593 1894/1/3594 1895/1/3593
f 1895/1/3593 1886/1/3595 1882/1/3593
s 1236
f 1871/1/3596 1886/1/3596 1895/1/3596
f 1895/1/3596 1872/1/3597 1871/1/3596
s 837
f 1886/1/3583 1871/1/3578 1881/1/3577
f 1881/1/3577 1887/1/3584 1886/1/3583
s 838
f 1880/1/3575 1890/1/3590 1887/1/3589
f 1887/1/3589 1881/1/3576 1880/1/3575
s 1237
f 1890/1/3105 1880/1/3105 1879/1/3105
f 1879/1/3105 1896/1/3105 1890/1/3105
s 1238
f 1896/1/3104 1897/1/3104 1888/1/3104
f 1888/1/3104 1890/1/3104 1896/1/3104
s 1239
f 1897/1/3598 1898/1/3103 1889/1/3599
f 1889/1/3599 1888/1/3599 1897/1/3598
s 1240
f 1898/1/3102 1899/1/3102 1900/1/3102
f 1900/1/3102 1889/1/3102 1898/1/3102
s 838
f 1884/1/3588 1889/1/3587 1900/1/3600
f 1900/1/3600 1901/1/3601 1884/1/3588
s 837
f 1884/1/3581 1901/1/3602 1891/1/3603
f 1891/1/3603 1885/1/3582 1884/1/3581
f 1902/1/3604 1903/1/3605 1904/1/3606
f 1904/1/3606 1905/1/3607 1902/1/3604
f 1906/1/3608 1907/1/3609 1903/1/3605
f 1903/1/3605 1902/1/3604 1906/1/3608
s 838
f 1903/1/3610 1908/1/3611 1909/1/3612
f 1909/1/3612 1904/1/3613 1903/1/3610
f 1903/1/3610 1907/1/3614 1910/1/3615
f 1910/1/3615 1908/1/3611 1903/1/3610
s 1241
f 1911/1/3151 1912/1/3151 1913/1/3151
f 1913/1/3151 1905/1/3151 1911/1/3151
s 1242
f 1902/1/3148 1905/1/3148 1913/1/3148
f 1913/1/3148 1914/1/3148 1902/1/3148
s 1243
f 1902/1/3145 1914/1/3145 1915/1/3145
f 1915/1/3145 1906/1/3145 1902/1/3145
s 1244
f 1891/1/3144 1906/1/3144 1915/1/3144
f 1915/1/3144 1892/1/3144 1891/1/3144
s 837
f 1906/1/3608 1891/1/3603 1901/1/3602
f 1901/1/3602 1907/1/3609 1906/1/3608
s 838
f 1900/1/3600 1910/1/3615 1907/1/3614
f 1907/1/3614 1901/1/3601 1900/1/3600
s 1245
f 1910/1/3140 1900/1/3140 1899/1/3140
f 1899/1/3140 1916/1/3140 1910/1/3140
s 1246
f 1916/1/3616 1917/1/3617 1908/1/3618
f 1908/1/3618 1910/1/3139 1916/1/3616
s 1247
f 1917/1/3135 1918/1/3619 1909/1/3135
f 1909/1/3135 1908/1/3135 1917/1/3135
s 1248
f 1918/1/3620 1919/1/3131 1920/1/3131
f 1920/1/3131 1909/1/3131 1918/1/3620
s 838
f 1904/1/3613 1909/1/3612 1920/1/3621
f 1920/1/3621 1921/1/3622 1904/1/3613
s 837
f 1904/1/3606 1921/1/3623 1911/1/3624
f 1911/1/3624 1905/1/3607 1904/1/3606
f 1922/1/3625 1923/1/3626 1924/1/3627
f 1924/1/3627 1925/1/3628 1922/1/3625
f 1926/1/3629 1927/1/3630 1923/1/3626
f 1923/1/3626 1922/1/3625 1926/1/3629
s 838
f 1923/1/3631 1928/1/3632 1929/1/3633
f 1929/1/3633 1924/1/3634 1923/1/3631
f 1923/1/3631 1927/1/3635 1930/1/3636
f 1930/1/3636 1928/1/3632 1923/1/3631
s 1249
f 1931/1/3179 1932/1/3179 1933/1/3179
f 1933/1/3179 1925/1/3179 1931/1/3179
s 1250
f 1922/1/3178 1925/1/3178 1933/1/3637
f 1933/1/3637 1934/1/3178 1922/1/3178
s 1251
f 1922/1/3638 1934/1/3639 1935/1/3640
f 1935/1/3640 1926/1/3639 1922/1/3638
s 1252
f 1911/1/3175 1926/1/3175 1935/1/3175
f 1935/1/3175 1912/1/3175 1911/1/3175
s 837
f 1926/1/3629 1911/1/3624 1921/1/3623
f 1921/1/3623 1927/1/3630 1926/1/3629
s 838
f 1920/1/3621 1930/1/3636 1927/1/3635
f 1927/1/3635 1921/1/3622 1920/1/3621
s 1253
f 1930/1/3174 1920/1/3174 1919/1/3174
f 1919/1/3174 1936/1/3174 1930/1/3174
s 1254
f 1936/1/3641 1937/1/3642 1928/1/3643
f 1928/1/3643 1930/1/3644 1936/1/3641
s 1255
f 1937/1/3172 1938/1/3172 1929/1/3172
f 1929/1/3172 1928/1/3172 1937/1/3172
s 1256
f 1938/1/3168 1939/1/3168 1940/1/3168
f 1940/1/3168 1929/1/3168 1938/1/3168
s 838
f 1924/1/3634 1929/1/3633 1940/1/3645
f 1940/1/3645 1941/1/3646 1924/1/3634
s 837
f 1924/1/3627 1941/1/3647 1931/1/3648
f 1931/1/3648 1925/1/3628 1924/1/3627
f 1942/1/3649 1943/1/3650 1944/1/3651
f 1944/1/3651 1945/1/3652 1942/1/3649
f 1946/1/3653 1947/1/3654 1943/1/3650
f 1943/1/3650 1942/1/3649 1946/1/3653
s 838
f 1943/1/3655 1948/1/3656 1949/1/3657
f 1949/1/3657 1944/1/3658 1943/1/3655
f 1943/1/3655 1947/1/3659 1950/1/3660
f 1950/1/3660 1948/1/3656 1943/1/3655
s 1257
f 1951/1/3210 1952/1/3210 1953/1/3210
f 1953/1/3210 1945/1/3210 1951/1/3210
s 1258
f 1942/1/3661 1945/1/3207 1953/1/3662
f 1953/1/3662 1954/1/3207 1942/1/3661
s 1259
f 1942/1/3206 1954/1/3206 1955/1/3206
f 1955/1/3206 1946/1/3206 1942/1/3206
s 1260
f 1931/1/3663 1946/1/3205 1955/1/3205
f 1955/1/3205 1932/1/3205 1931/1/3663
s 837
f 1946/1/3653 1931/1/3648 1941/1/3647
f 1941/1/3647 1947/1/3654 1946/1/3653
s 838
f 1940/1/3645 1950/1/3660 1947/1/3659
f 1947/1/3659 1941/1/3646 1940/1/3645
s 1261
f 1950/1/3664 1940/1/3665 1939/1/3664
f 1939/1/3664 1956/1/3664 1950/1/3664
s 1262
f 1956/1/3666 1957/1/3667 1948/1/3667
f 1948/1/3667 1950/1/3199 1956/1/3666
s 1263
f 1957/1/3198 1958/1/3198 1949/1/3198
f 1949/1/3198 1948/1/3668 1957/1/3198
s 1264
f 1958/1/3669 1959/1/3669 1960/1/3670
f 1960/1/3670 1949/1/3669 1958/1/3669
s 838
f 1944/1/3658 1949/1/3657 1960/1/3671
f 1960/1/3671 1961/1/3672 1944/1/3658
s 837
f 1944/1/3651 1961/1/3673 1951/1/3674
f 1951/1/3674 1945/1/3652 1944/1/3651
f 1962/1/3675 1963/1/3676 1964/1/3677
f 1964/1/3677 1965/1/3678 1962/1/3675
f 1966/1/3679 1967/1/3680 1963/1/3676
f 1963/1/3676 1962/1/3675 1966/1/3679
s 838
f 1963/1/3681 1968/1/3682 1969/1/3683
f 1969/1/3683 1964/1/3684 1963/1/3681
f 1963/1/3681 1967/1/3685 1970/1/3686
f 1970/1/3686 1968/1/3682 1963/1/3681
s 1265
f 1971/1/3242 1972/1/3242 1973/1/3242
f 1973/1/3242 1965/1/3242 1971/1/3242
s 1266
f 1962/1/3240 1965/1/3240 1973/1/3240
f 1973/1/3240 1974/1/3240 1962/1/3240
s 1267
f 1962/1/3238 1974/1/3238 1975/1/3238
f 1975/1/3238 1966/1/3238 1962/1/3238
s 1268
f 1951/1/3236 1966/1/3236 1975/1/3236
f 1975/1/3236 1952/1/3236 1951/1/3236
s 837
f 1966/1/3679 1951/1/3674 1961/1/3673
f 1961/1/3673 1967/1/3680 1966/1/3679
s 838
f 1960/1/3671 1970/1/3686 1967/1/3685
f 1967/1/3685 1961/1/3672 1960/1/3671
s 1269
f 1970/1/3687 1960/1/3234 1959/1/3234
f 1959/1/3234 1976/1/3234 1970/1/3687
s 1270
f 1976/1/3231 1977/1/3231 1968/1/3231
f 1968/1/3231 1970/1/3232 1976/1/3231
s 1271
f 1977/1/3230 1978/1/3230 1969/1/3688
f 1969/1/3688 1968/1/3230 1977/1/3230
s 1272
f 1978/1/3689 1979/1/3228 1980/1/3228
f 1980/1/3228 1969/1/3228 1978/1/3689
s 838
f 1964/1/3684 1969/1/3683 1980/1/3690
f 1980/1/3690 1981/1/3691 1964/1/3684
s 837
f 1964/1/3677 1981/1/3692 1971/1/3693
f 1971/1/3693 1965/1/3678 1964/1/3677
f 1982/1/3694 1983/1/3695 1984/1/3696
f 1984/1/3696 1985/1/3697 1982/1/3694
f 1986/1/3698 1987/1/3699 1983/1/3695
f 1983/1/3695 1982/1/3694 1986/1/3698
s 838
f 1983/1/3700 1988/1/3701 1989/1/3702
f 1989/1/3702 1984/1/3703 1983/1/3700
f 1983/1/3700 1987/1/3704 1990/1/3705
f 1990/1/3705 1988/1/3701 1983/1/3700
s 1273
f 1991/1/3271 1992/1/3271 1993/1/3271
f 1993/1/3271 1985/1/3271 1991/1/3271
s 1274
f 1982/1/3268 1985/1/3268 1993/1/3268
f 1993/1/3268 1994/1/3268 1982/1/3268
s 1275
f 1982/1/3267 1994/1/3267 1995/1/3267
f 1995/1/3267 1986/1/3267 1982/1/3267
s 1276
f 1971/1/3266 1986/1/3266 1995/1/3266
f 1995/1/3266 1972/1/3266 1971/1/3266
s 837
f 1986/1/3698 1971/1/3693 1981/1/3692
f 1981/1/3692 1987/1/3699 1986/1/3698
s 838
f 1980/1/3690 1990/1/3705 1987/1/3704
f 1987/1/3704 1981/1/3691 1980/1/3690
s 1277
f 1990/1/3706 1980/1/3707 1979/1/3707
f 1979/1/3707 1996/1/3707 1990/1/3706
s 1278
f 1996/1/3708 1997/1/3708 1988/1/3708
f 1988/1/3708 1990/1/3708 1996/1/3708
s 1279
f 1997/1/3263 1998/1/3709 1989/1/3709
f 1989/1/3709 1988/1/3710 1997/1/3263
s 1280
f 1998/1/3261 1999/1/3261 2000/1/3261
f 2000/1/3261 1989/1/3261 1998/1/3261
s 838
f 1984/1/3703 1989/1/3702 2000/1/3711
f 2000/1/3711 2001/1/3712 1984/1/3703
s 837
f 1984/1/3696 2001/1/3713 1991/1/3714
f 1991/1/3714 1985/1/3697 1984/1/3696
f 2002/1/3715 2003/1/3716 2004/1/3717
f 2004/1/3717 2005/1/3717 2002/1/3715
f 2006/1/3718 2007/1/3719 2003/1/3716
f 2003/1/3716 2002/1/3715 2006/1/3718
s 838
f 2003/1/3720 2008/1/3721 2009/1/3722
f 2009/1/3722 2004/1/3723 2003/1/3720
f 2003/1/3720 2007/1/3724 2010/1/3725
f 2010/1/3725 2008/1/3721 2003/1/3720
s 1281
f 2011/1/3300 2012/1/3300 2013/1/3301
f 2013/1/3301 2005/1/3726 2011/1/3300
s 1282
f 2002/1/3299 2005/1/3299 2013/1/3299
f 2013/1/3299 2014/1/3299 2002/1/3299
s 1283
f 2002/1/3298 2014/1/3298 2015/1/3727
f 2015/1/3727 2006/1/3298 2002/1/3298
s 1284
f 1991/1/3295 2006/1/3728 2015/1/3729
f 2015/1/3729 1992/1/3295 1991/1/3295
s 837
f 2006/1/3718 1991/1/3714 2001/1/3713
f 2001/1/3713 2007/1/3719 2006/1/3718
s 838
f 2000/1/3711 2010/1/3725 2007/1/3724
f 2007/1/3724 2001/1/3712 2000/1/3711
s 1285
f 2010/1/3730 2000/1/3293 1999/1/3293
f 1999/1/3293 2016/1/3293 2010/1/3730
s 1286
f 2016/1/3292 2017/1/3292 2008/1/3292
f 2008/1/3292 2010/1/3292 2016/1/3292
s 1287
f 2017/1/3731 2018/1/3289 2009/1/3289
f 2009/1/3289 2008/1/3289 2017/1/3731
s 1288
f 2018/1/3288 2019/1/3288 2020/1/3288
f 2020/1/3288 2009/1/3288 2018/1/3288
s 838
f 2004/1/3723 2009/1/3722 2020/1/3732
f 2020/1/3732 2021/1/3733 2004/1/3723
s 837
f 2004/1/3717 2021/1/3734 2011/1/3735
f 2011/1/3735 2005/1/3717 2004/1/3717
f 2022/1/3736 2023/1/3737 2024/1/3738
f 2024/1/3738 2025/1/3739 2022/1/3736
f 2026/1/3740 2027/1/3741 2023/1/3737
f 2023/1/3737 2022/1/3736 2026/1/3740
s 838
f 2023/1/3742 2028/1/3743 2029/1/3744
f 2029/1/3744 2024/1/3745 2023/1/3742
f 2023/1/3742 2027/1/3746 2030/1/3747
f 2030/1/3747 2028/1/3743 2023/1/3742
s 1289
f 2031/1/3748 2032/1/3749 2033/1/3748
f 2033/1/3748 2025/1/3750 2031/1/3748
s 1290
f 2022/1/3327 2025/1/3751 2033/1/3752
f 2033/1/3752 2034/1/3751 2022/1/3327
s 1291
f 2022/1/3326 2034/1/3326 2035/1/3753
f 2035/1/3753 2026/1/3326 2022/1/3326
s 1292
f 2011/1/3325 2026/1/3325 2035/1/3754
f 2035/1/3754 2012/1/3754 2011/1/3325
s 837
f 2026/1/3740 2011/1/3735 2021/1/3734
f 2021/1/3734 2027/1/3741 2026/1/3740
s 838
f 2020/1/3732 2030/1/3747 2027/1/3746
f 2027/1/3746 2021/1/3733 2020/1/3732
s 1293
f 2030/1/3322 2020/1/3322 2019/1/3322
f 2019/1/3322 2036/1/3322 2030/1/3322
s 1294
f 2036/1/3755 2037/1/3755 2028/1/3755
f 2028/1/3755 2030/1/3755 2036/1/3755
s 1295
f 2037/1/3319 2038/1/3319 2029/1/3319
f 2029/1/3319 2028/1/3319 2037/1/3319
s 1296
f 2038/1/3317 2039/1/3317 2040/1/3317
f 2040/1/3317 2029/1/3756 2038/1/3317
s 838
f 2024/1/3745 2029/1/3744 2040/1/3757
f 2040/1/3757 2041/1/3758 2024/1/3745
s 837
f 2024/1/3738 2041/1/3759 2031/1/3760
f 2031/1/3760 2025/1/3739 2024/1/3738
f 2042/1/3761 2043/1/3762 2044/1/3763
f 2044/1/3763 2045/1/3763 2042/1/3761
f 2046/1/3764 2047/1/3765 2043/1/3762
f 2043/1/3762 2042/1/3761 2046/1/3764
s 838
f 2043/1/3766 2048/1/3767 2049/1/3768
f 2049/1/3768 2044/1/3769 2043/1/3766
f 2043/1/3766 2047/1/3770 2050/1/3771
f 2050/1/3771 2048/1/3767 2043/1/3766
s 1297
f 2051/1/3360 2052/1/3360 2053/1/3772
f 2053/1/3772 2045/1/3360 2051/1/3360
s 1298
f 2042/1/3359 2045/1/3359 2053/1/3359
f 2053/1/3359 2054/1/3358 2042/1/3359
s 1299
f 2042/1/3773 2054/1/3773 2055/1/3773
f 2055/1/3773 2046/1/3773 2042/1/3773
s 1300
f 2031/1/3774 2046/1/3355 2055/1/3355
f 2055/1/3355 2032/1/3355 2031/1/3774
s 837
f 2046/1/3764 2031/1/3760 2041/1/3759
f 2041/1/3759 2047/1/3765 2046/1/3764
s 838
f 2040/1/3757 2050/1/3771 2047/1/3770
f 2047/1/3770 2041/1/3758 2040/1/3757
s 1301
f 2050/1/3354 2040/1/3354 2039/1/3354
f 2039/1/3354 2056/1/3354 2050/1/3354
s 1302
f 2056/1/3350 2057/1/3350 2048/1/3350
f 2048/1/3350 2050/1/3350 2056/1/3350
s 1303
f 2057/1/3349 2058/1/3349 2049/1/3349
f 2049/1/3349 2048/1/3349 2057/1/3349
s 1304
f 2058/1/3775 2059/1/3776 2060/1/3776
f 2060/1/3776 2049/1/3777 2058/1/3775
s 838
f 2044/1/3769 2049/1/3768 2060/1/3778
f 2060/1/3778 2061/1/3779 2044/1/3769
s 837
f 2044/1/3763 2061/1/3780 2051/1/3781
f 2051/1/3781 2045/1/3763 2044/1/3763
f 2062/1/3782 2063/1/3783 2064/1/3784
f 2064/1/3784 2065/1/3785 2062/1/3782
f 2066/1/3786 2067/1/3787 2063/1/3783
f 2063/1/3783 2062/1/3782 2066/1/3786
s 838
f 2063/1/3788 2068/1/3789 2069/1/3790
f 2069/1/3790 2064/1/3791 2063/1/3788
f 2063/1/3788 2067/1/3792 2070/1/3793
f 2070/1/3793 2068/1/3789 2063/1/3788
s 1305
f 2071/1/3794 2072/1/3795 2073/1/3795
f 2073/1/3795 2065/1/3795 2071/1/3794
s 1306
f 2062/1/3796 2065/1/3797 2073/1/3796
f 2073/1/3796 2074/1/3798 2062/1/3796
s 1307
f 2062/1/3388 2074/1/3388 2075/1/3388
f 2075/1/3388 2066/1/3388 2062/1/3388
s 1308
f 2051/1/3386 2066/1/3386 2075/1/3386
f 2075/1/3386 2052/1/3386 2051/1/3386
s 837
f 2066/1/3786 2051/1/3781 2061/1/3780
f 2061/1/3780 2067/1/3787 2066/1/3786
s 838
f 2060/1/3778 2070/1/3793 2067/1/3792
f 2067/1/3792 2061/1/3779 2060/1/3778
s 1309
f 2070/1/3384 2060/1/3384 2059/1/3384
f 2059/1/3384 2076/1/3384 2070/1/3384
s 1310
f 2076/1/3799 2077/1/3382 2068/1/3382
f 2068/1/3382 2070/1/3799 2076/1/3799
s 1311
f 2077/1/3381 2078/1/3381 2069/1/3381
f 2069/1/3381 2068/1/3381 2077/1/3381
s 1312
f 2078/1/3800 2079/1/3378 2080/1/3378
f 2080/1/3378 2069/1/3378 2078/1/3800
s 838
f 2064/1/3791 2069/1/3790 2080/1/3801
f 2080/1/3801 2081/1/3802 2064/1/3791
s 837
f 2064/1/3784 2081/1/3803 2071/1/3804
f 2071/1/3804 2065/1/3785 2064/1/3784
f 2082/1/3805 2083/1/3806 2084/1/3807
f 2084/1/3807 2085/1/3808 2082/1/3805
f 2086/1/3809 2087/1/3810 2083/1/3806
f 2083/1/3806 2082/1/3805 2086/1/3809
s 838
f 2083/1/3811 2088/1/3812 2089/1/3813
f 2089/1/3813 2084/1/3814 2083/1/3811
f 2083/1/3811 2087/1/3815 2090/1/3816
f 2090/1/3816 2088/1/3812 2083/1/3811
s 1313
f 2091/1/3817 2092/1/3818 2093/1/3817
f 2093/1/3817 2085/1/3817 2091/1/3817
s 1314
f 2082/1/3416 2085/1/3416 2093/1/3416
f 2093/1/3416 2094/1/3416 2082/1/3416
s 1315
f 2082/1/3414 2094/1/3414 2095/1/3414
f 2095/1/3414 2086/1/3414 2082/1/3414
s 1316
f 2071/1/3412 2086/1/3412 2095/1/3412
f 2095/1/3412 2072/1/3412 2071/1/3412
s 837
f 2086/1/3809 2071/1/3804 2081/1/3803
f 2081/1/3803 2087/1/3810 2086/1/3809
s 838
f 2080/1/3801 2090/1/3816 2087/1/3815
f 2087/1/3815 2081/1/3802 2080/1/3801
s 1317
f 2090/1/3819 2080/1/3820 2079/1/3820
f 2079/1/3820 2096/1/3820 2090/1/3819
s 1318
f 2096/1/3409 2097/1/3409 2088/1/3821
f 2088/1/3821 2090/1/3409 2096/1/3409
s 1319
f 2097/1/3822 2098/1/3822 2089/1/3408
f 2089/1/3408 2088/1/3822 2097/1/3822
s 1320
f 2098/1/3823 2099/1/3823 2100/1/3823
f 2100/1/3823 2089/1/3823 2098/1/3823
s 838
f 2084/1/3814 2089/1/3813 2100/1/3824
f 2100/1/3824 2101/1/3825 2084/1/3814
s 837
f 2084/1/3807 2101/1/3826 2091/1/3827
f 2091/1/3827 2085/1/3808 2084/1/3807
f 2102/1/3828 2103/1/3829 2104/1/3830
f 2104/1/3830 2105/1/3831 2102/1/3828
f 2106/1/3832 2107/1/3833 2103/1/3829
f 2103/1/3829 2102/1/3828 2106/1/3832
s 838
f 2103/1/3834 2108/1/3835 2109/1/3836
f 2109/1/3836 2104/1/3837 2103/1/3834
f 2103/1/3834 2107/1/3838 2110/1/3839
f 2110/1/3839 2108/1/3835 2103/1/3834
s 1321
f 2111/1/3446 2112/1/3446 2113/1/3446
f 2113/1/3446 2105/1/3446 2111/1/3446
s 1322
f 2102/1/3445 2105/1/3840 2113/1/3445
f 2113/1/3445 2114/1/3445 2102/1/3445
s 1323
f 2102/1/3841 2114/1/3444 2115/1/3444
f 2115/1/3444 2106/1/3444 2102/1/3841
s 1324
f 2091/1/3842 2106/1/3843 2115/1/3443
f 2115/1/3443 2092/1/3442 2091/1/3842
s 837
f 2106/1/3832 2091/1/3827 2101/1/3826
f 2101/1/3826 2107/1/3833 2106/1/3832
s 838
f 2100/1/3824 2110/1/3839 2107/1/3838
f 2107/1/3838 2101/1/3825 2100/1/3824
s 1325
f 2110/1/3441 2100/1/3441 2099/1/3441
f 2099/1/3441 2116/1/3441 2110/1/3441
s 1326
f 2116/1/3844 2117/1/3439 2108/1/3844
f 2108/1/3844 2110/1/3845 2116/1/3844
s 1327
f 2117/1/3438 2118/1/3438 2109/1/3438
f 2109/1/3438 2108/1/3438 2117/1/3438
s 1328
f 2118/1/3437 2119/1/3846 2120/1/3846
f 2120/1/3846 2109/1/3846 2118/1/3437
s 838
f 2104/1/3837 2109/1/3836 2120/1/3847
f 2120/1/3847 2121/1/3848 2104/1/3837
s 837
f 2104/1/3830 2121/1/3849 2111/1/3850
f 2111/1/3850 2105/1/3831 2104/1/3830
f 2122/1/3851 2123/1/3852 2124/1/3853
f 2124/1/3853 2125/1/3854 2122/1/3851
f 2126/1/3855 2127/1/3856 2123/1/3852
f 2123/1/3852 2122/1/3851 2126/1/3855
s 838
f 2123/1/3857 2128/1/3858 2129/1/3859
f 2129/1/3859 2124/1/3860 2123/1/3857
f 2123/1/3857 2127/1/3861 2130/1/3862
f 2130/1/3862 2128/1/3858 2123/1/3857
s 1329
f 2131/1/3479 2132/1/3479 2133/1/3479
f 2133/1/3479 2125/1/3479 2131/1/3479
s 1330
f 2122/1/3478 2125/1/3478 2133/1/3478
f 2133/1/3478 2134/1/3478 2122/1/3478
s 1331
f 2122/1/3863 2134/1/3864 2135/1/3863
f 2135/1/3863 2126/1/3865 2122/1/3863
s 1332
f 2111/1/3473 2126/1/3473 2135/1/3473
f 2135/1/3473 2112/1/3473 2111/1/3473
s 837
f 2126/1/3855 2111/1/3850 2121/1/3849
f 2121/1/3849 2127/1/3856 2126/1/3855
s 838
f 2120/1/3847 2130/1/3862 2127/1/3861
f 2127/1/3861 2121/1/3848 2120/1/3847
s 1333
f 2130/1/3866 2120/1/3866 2119/1/3866
f 2119/1/3866 2136/1/3866 2130/1/3866
s 1334
f 2136/1/3867 2137/1/3867 2128/1/3470
f 2128/1/3470 2130/1/3868 2136/1/3867
s 1335
f 2137/1/3869 2138/1/3467 2129/1/3467
f 2129/1/3467 2128/1/3870 2137/1/3869
s 1336
f 2138/1/3464 2139/1/3464 2140/1/3464
f 2140/1/3464 2129/1/3871 2138/1/3464
s 838
f 2124/1/3860 2129/1/3859 2140/1/3872
f 2140/1/3872 2141/1/3873 2124/1/3860
s 837
f 2124/1/3853 2141/1/3874 2131/1/3875
f 2131/1/3875 2125/1/3854 2124/1/3853
f 2142/1/3876 2143/1/3877 2144/1/3878
f 2144/1/3878 2145/1/3879 2142/1/3876
f 2146/1/3880 2147/1/3881 2143/1/3877
f 2143/1/3877 2142/1/3876 2146/1/3880
s 838
f 2143/1/3882 2148/1/3883 2149/1/3884
f 2149/1/3884 2144/1/3885 2143/1/3882
f 2143/1/3882 2147/1/3886 2150/1/3887
f 2150/1/3887 2148/1/3883 2143/1/3882
s 1337
f 2151/1/3888 2152/1/3889 2153/1/3888
f 2153/1/3888 2145/1/3890 2151/1/3888
s 1338
f 2142/1/3512 2145/1/3512 2153/1/3512
f 2153/1/3512 2154/1/3512 2142/1/3512
s 1339
f 2142/1/3511 2154/1/3511 2155/1/3511
f 2155/1/3511 2146/1/3511 2142/1/3511
s 1340
f 2131/1/3509 2146/1/3508 2155/1/3508
f 2155/1/3508 2132/1/3508 2131/1/3509
s 837
f 2146/1/3880 2131/1/3875 2141/1/3874
f 2141/1/3874 2147/1/3881 2146/1/3880
s 838
f 2140/1/3872 2150/1/3887 2147/1/3886
f 2147/1/3886 2141/1/3873 2140/1/3872
s 1341
f 2150/1/3506 2140/1/3505 2139/1/3506
f 2139/1/3506 2156/1/3506 2150/1/3506
s 1342
f 2156/1/3503 2157/1/3503 2148/1/3891
f 2148/1/3891 2150/1/3503 2156/1/3503
s 1343
f 2157/1/3892 2158/1/3892 2149/1/3892
f 2149/1/3892 2148/1/3892 2157/1/3892
s 1344
f 2158/1/3499 2159/1/3499 2160/1/3499
f 2160/1/3499 2149/1/3499 2158/1/3499
s 838
f 2144/1/3885 2149/1/3884 2160/1/3893
f 2160/1/3893 2161/1/3894 2144/1/3885
s 837
f 2144/1/3878 2161/1/3895 2151/1/3896
f 2151/1/3896 2145/1/3879 2144/1/3878
f 2162/1/3897 2163/1/3898 2164/1/3899
f 2164/1/3899 2165/1/3900 2162/1/3897
f 2166/1/3901 2167/1/3902 2163/1/3898
f 2163/1/3898 2162/1/3897 2166/1/3901
s 838
f 2163/1/3903 2168/1/3904 2169/1/3905
f 2169/1/3905 2164/1/3906 2163/1/3903
f 2163/1/3903 2167/1/3907 2170/1/3908
f 2170/1/3908 2168/1/3904 2163/1/3903
s 1345
f 912/1/3909 911/1/3544 2171/1/3910
f 2171/1/3910 2165/1/3909 912/1/3909
s 1346
f 2162/1/3542 2165/1/3542 2171/1/3542
f 2171/1/3542 2172/1/3542 2162/1/3542
s 1347
f 2162/1/3540 2172/1/3540 2173/1/3540
f 2173/1/3540 2166/1/3911 2162/1/3540
s 1348
f 2151/1/3538 2166/1/3538 2173/1/3538
f 2173/1/3538 2152/1/3538 2151/1/3538
s 837
f 2166/1/3901 2151/1/3896 2161/1/3895
f 2161/1/3895 2167/1/3902 2166/1/3901
s 838
f 2160/1/3893 2170/1/3908 2167/1/3907
f 2167/1/3907 2161/1/3894 2160/1/3893
s 1349
f 2170/1/3912 2160/1/3535 2159/1/3912
f 2159/1/3912 2174/1/3912 2170/1/3912
s 1350
f 2174/1/3533 2175/1/3533 2168/1/3533
f 2168/1/3533 2170/1/3533 2174/1/3533
s 1351
f 2175/1/3913 2176/1/3532 2169/1/3532
f 2169/1/3532 2168/1/3532 2175/1/3913
s 1352
f 914/1/3530 2169/1/3530 2176/1/3530
f 2176/1/3530 916/1/3530 914/1/3530
s 838
f 2169/1/3905 914/1/2224 913/1/2223
f 913/1/2223 2164/1/3906 2169/1/3905
s 837
f 2164/1/3899 913/1/2221 912/1/2222
f 912/1/2222 2165/1/3900 2164/1/3899
s 1353
f 2177/1/3914 2178/1/3914 2179/1/3914
f 2179/1/3914 2180/1/3914 2177/1/3914
s 1354
f 2181/1/3915 2182/1/3916 2178/1/3917
f 2178/1/3917 2177/1/3918 2181/1/3915
s 1355
f 2178/1/3919 2183/1/3920 2184/1/3919
f 2184/1/3919 2179/1/3919 2178/1/3919
s 1356
f 2185/1/3921 2183/1/3922 2178/1/3923
f 2178/1/3923 2182/1/3922 2185/1/3921
s 1357
f 2186/1/3924 1422/1/3925 1444/1/3924
f 1444/1/3924 2180/1/3924 2186/1/3924
s 1358
f 2180/1/3926 1444/1/3927 1443/1/3927
f 1443/1/3927 2177/1/3927 2180/1/3926
s 1359
f 2181/1/3928 2177/1/3928 1443/1/3929
f 1443/1/3929 1441/1/3928 2181/1/3928
s 1360
f 2181/1/3930 1441/1/3930 1442/1/3930
f 1442/1/3930 2187/1/3930 2181/1/3930
s 1361
f 2181/1/3931 2187/1/3931 2188/1/3931
f 2188/1/3931 2182/1/3931 2181/1/3931
s 1362
f 2189/1/3932 2185/1/3933 2182/1/3933
f 2182/1/3933 2188/1/3932 2189/1/3932
s 1363
f 2185/1/3934 2189/1/3934 2059/1/3935
f 2059/1/3935 2058/1/3934 2185/1/3934
s 1364
f 2185/1/3936 2058/1/3936 2057/1/3936
f 2057/1/3936 2183/1/3936 2185/1/3936
s 1365
f 2057/1/3937 2056/1/3938 2184/1/3938
f 2184/1/3938 2183/1/3938 2057/1/3937
s 1366
f 2056/1/3939 2039/1/3940 2190/1/3941
f 2190/1/3941 2184/1/3939 2056/1/3939
s 1367
f 2179/1/3942 2184/1/3943 2190/1/3943
f 2190/1/3943 2191/1/3942 2179/1/3942
s 1368
f 2179/1/3944 2191/1/3944 2186/1/3944
f 2186/1/3944 2180/1/3944 2179/1/3944
s 1369
f 2192/1/3945 2193/1/3945 2194/1/3945
f 2194/1/3945 2195/1/3945 2192/1/3945
s 1370
f 2196/1/3946 2197/1/3946 2193/1/3946
f 2193/1/3946 2192/1/3946 2196/1/3946
s 1371
f 2193/1/3947 2198/1/3948 2199/1/3947
f 2199/1/3947 2194/1/3947 2193/1/3947
s 1372
f 2197/1/3949 2200/1/3949 2198/1/3949
f 2198/1/3949 2193/1/3949 2197/1/3949
s 1373
f 945/1/3950 1556/1/3950 2195/1/3950
f 2195/1/3950 2201/1/3950 945/1/3950
s 1374
f 1561/1/3951 2192/1/3951 2195/1/3951
f 2195/1/3951 1556/1/3951 1561/1/3951
s 1375
f 1561/1/3952 1560/1/3952 2196/1/3952
f 2196/1/3952 2192/1/3952 1561/1/3952
s 1376
f 1560/1/3953 1537/1/3954 2202/1/3955
f 2202/1/3955 2196/1/3953 1560/1/3953
s 1377
f 2196/1/3956 2202/1/3956 2203/1/3956
f 2203/1/3956 2197/1/3956 2196/1/3956
s 1378
f 2204/1/3957 2200/1/3957 2197/1/3957
f 2197/1/3957 2203/1/3957 2204/1/3957
s 1379
f 2200/1/3958 2204/1/3958 2152/1/3959
f 2152/1/3959 2173/1/3958 2200/1/3958
s 1380
f 2200/1/3960 2173/1/3960 2172/1/3960
f 2172/1/3960 2198/1/3961 2200/1/3960
s 1381
f 2198/1/3962 2172/1/3962 2171/1/3963
f 2171/1/3963 2199/1/3962 2198/1/3962
s 1382
f 2171/1/3964 911/1/3965 2205/1/3964
f 2205/1/3964 2199/1/3966 2171/1/3964
s 1383
f 2199/1/3967 2205/1/3967 2206/1/3967
f 2206/1/3967 2194/1/3967 2199/1/3967
s 1384
f 2194/1/3968 2206/1/3968 2201/1/3968
f 2201/1/3968 2195/1/3968 2194/1/3968
s 1385
f 2207/1/3969 2208/1/3970 2209/1/3971
f 2209/1/3971 2210/1/3969 2207/1/3969
s 1386
f 2211/1/3972 2212/1/3972 2208/1/3972
f 2208/1/3972 2207/1/3972 2211/1/3972
s 1387
f 2208/1/3973 2213/1/3974 2214/1/3973
f 2214/1/3973 2209/1/3973 2208/1/3973
s 1388
f 2208/1/3975 2212/1/3975 2215/1/3976
f 2215/1/3976 2213/1/3976 2208/1/3975
s 1389
f 2210/1/3977 2216/1/3977 1037/1/3978
f 1037/1/3978 1036/1/3977 2210/1/3977
s 1390
f 2210/1/3979 1036/1/3979 1046/1/3979
f 1046/1/3979 2207/1/3979 2210/1/3979
s 1391
f 2211/1/3980 2207/1/3980 1046/1/3980
f 1046/1/3980 1045/1/3980 2211/1/3980
s 1392
f 1045/1/3981 1017/1/3982 2217/1/3982
f 2217/1/3982 2211/1/3982 1045/1/3981
s 1393
f 2211/1/3983 2217/1/3983 2218/1/3983
f 2218/1/3983 2212/1/3983 2211/1/3983
s 1394
f 2219/1/3984 2215/1/3985 2212/1/3986
f 2212/1/3986 2218/1/3984 2219/1/3984
s 1395
f 1632/1/3987 1655/1/3987 2215/1/3988
f 2215/1/3988 2219/1/3987 1632/1/3987
s 1396
f 2215/1/3989 1655/1/3989 1654/1/3989
f 1654/1/3989 2213/1/3989 2215/1/3989
s 1397
f 1654/1/3990 1653/1/3990 2214/1/3990
f 2214/1/3990 2213/1/3991 1654/1/3990
s 1398
f 1653/1/3992 1652/1/3993 2220/1/3994
f 2220/1/3994 2214/1/3992 1653/1/3992
s 1399
f 2221/1/3995 2209/1/3995 2214/1/3995
f 2214/1/3995 2220/1/3995 2221/1/3995
s 1400
f 2209/1/3996 2221/1/3997 2216/1/3997
f 2216/1/3997 2210/1/3997 2209/1/3996
s 1401
f 2222/1/3998 2223/1/3999 2224/1/4000
f 2224/1/4000 2225/1/4001 2222/1/3998
s 1402
f 2226/1/4002 2227/1/4002 2223/1/4002
f 2223/1/4002 2222/1/4002 2226/1/4002
s 1403
f 2223/1/4003 2228/1/4004 2229/1/4004
f 2229/1/4004 2224/1/4003 2223/1/4003
s 1404
f 2230/1/4005 2228/1/4005 2223/1/4005
f 2223/1/4005 2227/1/4005 2230/1/4005
s 1405
f 2225/1/4006 2187/1/4006 1442/1/4006
f 1442/1/4006 1464/1/4006 2225/1/4006
s 1406
f 2225/1/4007 1464/1/4007 1463/1/4007
f 1463/1/4007 2222/1/4007 2225/1/4007
s 1407
f 2226/1/4008 2222/1/4009 1463/1/4008
f 1463/1/4008 1461/1/4008 2226/1/4008
s 1408
f 2231/1/4010 2226/1/4010 1461/1/4010
f 1461/1/4010 1462/1/4010 2231/1/4010
s 1409
f 2231/1/4011 2232/1/4011 2227/1/4011
f 2227/1/4011 2226/1/4011 2231/1/4011
s 1410
f 2233/1/4012 2230/1/4012 2227/1/4012
f 2227/1/4012 2232/1/4012 2233/1/4012
s 1411
f 2230/1/4013 2233/1/4013 2079/1/4013
f 2079/1/4013 2078/1/4014 2230/1/4013
s 1412
f 2230/1/4015 2078/1/4015 2077/1/4015
f 2077/1/4015 2228/1/4015 2230/1/4015
s 1413
f 2077/1/4016 2076/1/4016 2229/1/4016
f 2229/1/4016 2228/1/4016 2077/1/4016
s 1414
f 2059/1/4017 2189/1/4018 2229/1/4018
f 2229/1/4018 2076/1/4018 2059/1/4017
s 1415
f 2224/1/4019 2229/1/4019 2189/1/4019
f 2189/1/4019 2188/1/4019 2224/1/4019
s 1416
f 2225/1/4020 2224/1/4020 2188/1/4020
f 2188/1/4020 2187/1/4020 2225/1/4020
s 1417
f 2234/1/4021 2235/1/4021 2236/1/4021
f 2236/1/4021 2237/1/4021 2234/1/4021
s 1418
f 2238/1/4022 2239/1/4022 2235/1/4022
f 2235/1/4022 2234/1/4022 2238/1/4022
s 1419
f 2235/1/4023 2240/1/4023 2241/1/4024
f 2241/1/4024 2236/1/4024 2235/1/4023
s 1420
f 2239/1/4025 2242/1/4026 2240/1/4025
f 2240/1/4025 2235/1/4027 2239/1/4025
s 1421
f 2243/1/4028 941/1/4028 939/1/4028
f 939/1/4028 2237/1/4028 2243/1/4028
s 1422
f 938/1/4029 2234/1/4029 2237/1/4029
f 2237/1/4029 939/1/4029 938/1/4029
s 1423
f 937/1/4030 2238/1/4031 2234/1/4032
f 2234/1/4032 938/1/4033 937/1/4030
s 1424
f 2244/1/4034 2238/1/4035 937/1/4035
f 937/1/4035 936/1/4036 2244/1/4034
s 1425
f 2244/1/4037 2245/1/4037 2239/1/4037
f 2239/1/4037 2238/1/4037 2244/1/4037
s 1426
f 2246/1/4038 2242/1/4038 2239/1/4038
f 2239/1/4038 2245/1/4038 2246/1/4038
s 1427
f 2246/1/4039 919/1/4039 918/1/4039
f 918/1/4039 2242/1/4039 2246/1/4039
s 1428
f 2240/1/4040 2242/1/4040 918/1/4040
f 918/1/4040 917/1/4041 2240/1/4040
s 1429
f 2241/1/4042 2240/1/4042 917/1/4042
f 917/1/4042 915/1/4042 2241/1/4042
s 1430
f 915/1/4043 916/1/4044 2247/1/4043
f 2247/1/4043 2241/1/4045 915/1/4043
s 1431
f 2236/1/4046 2241/1/4046 2247/1/4046
f 2247/1/4046 2248/1/4046 2236/1/4046
s 1432
f 2248/1/4047 2243/1/4047 2237/1/4048
f 2237/1/4048 2236/1/4047 2248/1/4047
s 1433
f 2249/1/4049 2250/1/4049 2251/1/4049
f 2251/1/4049 2252/1/4049 2249/1/4049
s 1434
f 2253/1/4050 2254/1/4050 2250/1/4050
f 2250/1/4050 2249/1/4050 2253/1/4050
s 1435
f 2250/1/4051 2255/1/4051 2256/1/4052
f 2256/1/4052 2251/1/4052 2250/1/4051
s 1436
f 2254/1/4053 2257/1/4053 2255/1/4053
f 2255/1/4053 2250/1/4054 2254/1/4053
s 1437
f 2258/1/4055 1057/1/4055 1056/1/4056
f 1056/1/4056 2252/1/4055 2258/1/4055
s 1438
f 1066/1/4057 2249/1/4057 2252/1/4057
f 2252/1/4057 1056/1/4057 1066/1/4057
s 1439
f 1066/1/4058 1065/1/4058 2253/1/4058
f 2253/1/4058 2249/1/4058 1066/1/4058
s 1440
f 2216/1/4059 2253/1/4059 1065/1/4059
f 1065/1/4059 1037/1/4059 2216/1/4059
s 1441
f 2254/1/4060 2253/1/4060 2216/1/4060
f 2216/1/4060 2221/1/4060 2254/1/4060
s 1442
f 2254/1/4061 2221/1/4062 2220/1/4063
f 2220/1/4063 2257/1/4062 2254/1/4061
s 1443
f 1652/1/4064 1675/1/4064 2257/1/4064
f 2257/1/4064 2220/1/4064 1652/1/4064
s 1444
f 2257/1/4065 1675/1/4065 1674/1/4065
f 1674/1/4065 2255/1/4065 2257/1/4065
s 1445
f 2255/1/4066 1674/1/4067 1673/1/4067
f 1673/1/4067 2256/1/4067 2255/1/4066
s 1446
f 1672/1/4068 2259/1/4068 2256/1/4068
f 2256/1/4068 1673/1/4068 1672/1/4068
s 1447
f 2260/1/4069 2251/1/4069 2256/1/4069
f 2256/1/4069 2259/1/4069 2260/1/4069
s 1448
f 2260/1/4070 2258/1/4070 2252/1/4070
f 2252/1/4070 2251/1/4071 2260/1/4070
s 1449
f 2261/1/4072 2262/1/4072 2263/1/4072
f 2263/1/4072 2264/1/4072 2261/1/4072
s 1450
f 2265/1/4073 2266/1/4073 2262/1/4073
f 2262/1/4073 2261/1/4073 2265/1/4073
s 1451
f 2262/1/4074 2267/1/4074 2268/1/4074
f 2268/1/4074 2263/1/4074 2262/1/4074
s 1452
f 2269/1/4075 2267/1/4076 2262/1/4075
f 2262/1/4075 2266/1/4075 2269/1/4075
s 1453
f 2231/1/4077 1462/1/4078 1484/1/4077
f 1484/1/4077 2264/1/4077 2231/1/4077
s 1454
f 2264/1/4079 1484/1/4079 1483/1/4079
f 1483/1/4079 2261/1/4079 2264/1/4079
s 1455
f 2265/1/4080 2261/1/4080 1483/1/4080
f 1483/1/4080 1481/1/4080 2265/1/4080
s 1456
f 2270/1/4081 2265/1/4082 1481/1/4083
f 1481/1/4083 1482/1/4081 2270/1/4081
s 1457
f 2270/1/4084 2271/1/4085 2266/1/4084
f 2266/1/4084 2265/1/4086 2270/1/4084
s 1458
f 2271/1/4087 2272/1/4087 2269/1/4087
f 2269/1/4087 2266/1/4087 2271/1/4087
s 1459
f 2269/1/4088 2272/1/4089 2099/1/4089
f 2099/1/4089 2098/1/4090 2269/1/4088
s 1460
f 2269/1/4091 2098/1/4092 2097/1/4091
f 2097/1/4091 2267/1/4093 2269/1/4091
s 1461
f 2097/1/4094 2096/1/4095 2268/1/4095
f 2268/1/4095 2267/1/4095 2097/1/4094
s 1462
f 2096/1/4096 2079/1/4097 2233/1/4098
f 2233/1/4098 2268/1/4096 2096/1/4096
s 1463
f 2233/1/4099 2232/1/4099 2263/1/4099
f 2263/1/4099 2268/1/4099 2233/1/4099
s 1464
f 2231/1/4100 2264/1/4100 2263/1/4101
f 2263/1/4101 2232/1/4100 2231/1/4100
s 1465
f 2273/1/4102 2274/1/4102 2275/1/4102
f 2275/1/4102 2276/1/4102 2273/1/4102
s 1466
f 2277/1/4103 2278/1/4103 2274/1/4103
f 2274/1/4103 2273/1/4103 2277/1/4103
s 1467
f 2274/1/4104 2279/1/4104 2280/1/4104
f 2280/1/4104 2275/1/4104 2274/1/4104
s 1468
f 2278/1/4105 2281/1/4106 2279/1/4105
f 2279/1/4105 2274/1/4107 2278/1/4105
s 1469
f 2244/1/4108 936/1/4108 964/1/4108
f 964/1/4108 2276/1/4108 2244/1/4108
s 1470
f 963/1/4109 2273/1/4110 2276/1/4109
f 2276/1/4109 964/1/4109 963/1/4109
s 1471
f 962/1/4111 2277/1/4112 2273/1/4112
f 2273/1/4112 963/1/4112 962/1/4111
s 1472
f 962/1/4113 961/1/4114 2282/1/4114
f 2282/1/4114 2277/1/4115 962/1/4113
s 1473
f 2282/1/4116 2283/1/4116 2278/1/4117
f 2278/1/4117 2277/1/4116 2282/1/4116
s 1474
f 2284/1/4118 2281/1/4118 2278/1/4118
f 2278/1/4118 2283/1/4118 2284/1/4118
s 1475
f 2281/1/4119 2284/1/4120 1579/1/4120
f 1579/1/4120 1578/1/4120 2281/1/4119
s 1476
f 2279/1/4121 2281/1/4121 1578/1/4121
f 1578/1/4121 1577/1/4122 2279/1/4121
s 1477
f 2280/1/4123 2279/1/4123 1577/1/4123
f 1577/1/4123 1576/1/4123 2280/1/4123
s 1478
f 1576/1/4124 919/1/4124 2246/1/4124
f 2246/1/4124 2280/1/4124 1576/1/4124
s 1479
f 2245/1/4125 2275/1/4125 2280/1/4125
f 2280/1/4125 2246/1/4125 2245/1/4125
s 1480
f 2276/1/4126 2275/1/4126 2245/1/4126
f 2245/1/4126 2244/1/4126 2276/1/4126
s 1481
f 2285/1/4127 2286/1/4128 2287/1/4127
f 2287/1/4127 2288/1/4129 2285/1/4127
s 1482
f 2289/1/4130 2290/1/4131 2286/1/4130
f 2286/1/4130 2285/1/4130 2289/1/4130
s 1483
f 2286/1/4132 2291/1/4133 2292/1/4133
f 2292/1/4133 2287/1/4134 2286/1/4132
s 1484
f 2290/1/4135 2293/1/4135 2291/1/4135
f 2291/1/4135 2286/1/4135 2290/1/4135
s 1485
f 2288/1/4136 2294/1/4136 1077/1/4136
f 1077/1/4136 1076/1/4136 2288/1/4136
s 1486
f 1086/1/4137 2285/1/4137 2288/1/4137
f 2288/1/4137 1076/1/4138 1086/1/4137
s 1487
f 1086/1/4139 1085/1/4140 2289/1/4140
f 2289/1/4140 2285/1/4140 1086/1/4139
s 1488
f 1057/1/4141 2258/1/4141 2289/1/4141
f 2289/1/4141 1085/1/4141 1057/1/4141
s 1489
f 2258/1/4142 2260/1/4142 2290/1/4142
f 2290/1/4142 2289/1/4142 2258/1/4142
s 1490
f 2293/1/4143 2290/1/4144 2260/1/4145
f 2260/1/4145 2259/1/4146 2293/1/4143
s 1491
f 2293/1/4147 2259/1/4147 1672/1/4147
f 1672/1/4147 1695/1/4147 2293/1/4147
s 1492
f 2293/1/4148 1695/1/4148 1694/1/4148
f 1694/1/4148 2291/1/4148 2293/1/4148
s 1493
f 2291/1/4149 1694/1/4150 1693/1/4150
f 1693/1/4150 2292/1/4151 2291/1/4149
s 1494
f 1693/1/4152 1692/1/4152 2295/1/4152
f 2295/1/4152 2292/1/4152 1693/1/4152
s 1495
f 2287/1/4153 2292/1/4153 2295/1/4153
f 2295/1/4153 2296/1/4153 2287/1/4153
s 1496
f 2296/1/4154 2294/1/4154 2288/1/4154
f 2288/1/4154 2287/1/4154 2296/1/4154
s 1497
f 2297/1/4155 2298/1/4155 2299/1/4156
f 2299/1/4156 2300/1/4157 2297/1/4155
s 1498
f 2301/1/4158 2302/1/4158 2298/1/4158
f 2298/1/4158 2297/1/4158 2301/1/4158
s 1499
f 2298/1/4159 2303/1/4160 2304/1/4159
f 2304/1/4159 2299/1/4161 2298/1/4159
s 1500
f 2305/1/4162 2303/1/4162 2298/1/4162
f 2298/1/4162 2302/1/4162 2305/1/4162
s 1501
f 2270/1/4163 1482/1/4163 1504/1/4164
f 1504/1/4164 2300/1/4164 2270/1/4163
s 1502
f 2300/1/4165 1504/1/4166 1503/1/4166
f 1503/1/4166 2297/1/4165 2300/1/4165
s 1503
f 2301/1/4167 2297/1/4168 1503/1/4169
f 1503/1/4169 1501/1/4167 2301/1/4167
s 1504
f 2306/1/4170 2301/1/4170 1501/1/4170
f 1501/1/4170 1502/1/4170 2306/1/4170
s 1505
f 2306/1/4171 2307/1/4172 2302/1/4171
f 2302/1/4171 2301/1/4171 2306/1/4171
s 1506
f 2305/1/4173 2302/1/4174 2307/1/4174
f 2307/1/4174 2308/1/4174 2305/1/4173
s 1507
f 2305/1/4175 2308/1/4175 2119/1/4175
f 2119/1/4175 2118/1/4175 2305/1/4175
s 1508
f 2305/1/4176 2118/1/4176 2117/1/4176
f 2117/1/4176 2303/1/4176 2305/1/4176
s 1509
f 2117/1/4177 2116/1/4177 2304/1/4177
f 2304/1/4177 2303/1/4177 2117/1/4177
s 1510
f 2099/1/4178 2272/1/4178 2304/1/4178
f 2304/1/4178 2116/1/4178 2099/1/4178
s 1511
f 2271/1/4179 2299/1/4179 2304/1/4179
f 2304/1/4179 2272/1/4179 2271/1/4179
s 1512
f 2300/1/4180 2299/1/4180 2271/1/4180
f 2271/1/4180 2270/1/4180 2300/1/4180
s 1513
f 2309/1/4181 2310/1/4181 2311/1/4181
f 2311/1/4181 2312/1/4181 2309/1/4181
s 1514
f 2313/1/4182 2314/1/4182 2310/1/4182
f 2310/1/4182 2309/1/4182 2313/1/4182
s 1515
f 2310/1/4183 2315/1/4183 2316/1/4184
f 2316/1/4184 2311/1/4184 2310/1/4183
s 1516
f 2314/1/4185 2317/1/4186 2315/1/4186
f 2315/1/4186 2310/1/4186 2314/1/4185
s 1517
f 2282/1/4187 961/1/4188 984/1/4187
f 984/1/4187 2312/1/4187 2282/1/4187
s 1518
f 2312/1/4189 984/1/4190 983/1/4190
f 983/1/4190 2309/1/4190 2312/1/4189
s 1519
f 982/1/4191 2313/1/4192 2309/1/4192
f 2309/1/4192 983/1/4193 982/1/4191
s 1520
f 982/1/4194 981/1/4194 2318/1/4194
f 2318/1/4194 2313/1/4194 982/1/4194
s 1521
f 2318/1/4195 2319/1/4195 2314/1/4195
f 2314/1/4195 2313/1/4195 2318/1/4195
s 1522
f 2317/1/4196 2314/1/4197 2319/1/4197
f 2319/1/4197 2320/1/4197 2317/1/4196
s 1523
f 2317/1/4198 2320/1/4198 1599/1/4198
f 1599/1/4198 1598/1/4199 2317/1/4198
s 1524
f 2315/1/4200 2317/1/4200 1598/1/4201
f 1598/1/4201 1597/1/4202 2315/1/4200
s 1525
f 1597/1/4203 1596/1/4203 2316/1/4204
f 2316/1/4204 2315/1/4203 1597/1/4203
s 1526
f 1596/1/4205 1579/1/4205 2284/1/4205
f 2284/1/4205 2316/1/4205 1596/1/4205
s 1527
f 2283/1/4206 2311/1/4206 2316/1/4206
f 2316/1/4206 2284/1/4206 2283/1/4206
s 1528
f 2311/1/4207 2283/1/4207 2282/1/4207
f 2282/1/4207 2312/1/4207 2311/1/4207
s 1529
f 2321/1/4208 2322/1/4208 2323/1/4208
f 2323/1/4208 2324/1/4208 2321/1/4208
s 1530
f 2325/1/4209 2326/1/4209 2322/1/4209
f 2322/1/4209 2321/1/4210 2325/1/4209
s 1531
f 2322/1/4211 2327/1/4211 2328/1/4211
f 2328/1/4211 2323/1/4211 2322/1/4211
s 1532
f 2326/1/4212 2329/1/4213 2327/1/4212
f 2327/1/4212 2322/1/4212 2326/1/4212
s 1533
f 1097/1/4214 1096/1/4215 2324/1/4214
f 2324/1/4214 2330/1/4214 1097/1/4214
s 1534
f 1106/1/4216 2321/1/4216 2324/1/4216
f 2324/1/4216 1096/1/4216 1106/1/4216
s 1535
f 1106/1/4217 1105/1/4217 2325/1/4217
f 2325/1/4217 2321/1/4217 1106/1/4217
s 1536
f 2325/1/4218 1105/1/4218 1077/1/4218
f 1077/1/4218 2294/1/4218 2325/1/4218
s 1537
f 2326/1/4219 2325/1/4219 2294/1/4219
f 2294/1/4219 2296/1/4219 2326/1/4219
s 1538
f 2295/1/4220 2329/1/4220 2326/1/4221
f 2326/1/4221 2296/1/4221 2295/1/4220
s 1539
f 1715/1/4222 2329/1/4222 2295/1/4222
f 2295/1/4222 1692/1/4222 1715/1/4222
s 1540
f 2329/1/4223 1715/1/4223 1714/1/4223
f 1714/1/4223 2327/1/4224 2329/1/4223
s 1541
f 2327/1/4225 1714/1/4225 1713/1/4225
f 1713/1/4225 2328/1/4225 2327/1/4225
s 1542
f 1713/1/4226 1712/1/4227 2331/1/4226
f 2331/1/4226 2328/1/4226 1713/1/4226
s 1543
f 2323/1/4228 2328/1/4229 2331/1/4230
f 2331/1/4230 2332/1/4229 2323/1/4228
s 1544
f 2332/1/4231 2330/1/4231 2324/1/4231
f 2324/1/4231 2323/1/4231 2332/1/4231
s 1545
f 2333/1/4232 2334/1/4232 2335/1/4232
f 2335/1/4232 2336/1/4233 2333/1/4232
s 1546
f 2337/1/4234 2338/1/4235 2334/1/4235
f 2334/1/4235 2333/1/4235 2337/1/4234
s 1547
f 2334/1/4236 2339/1/4236 2340/1/4237
f 2340/1/4237 2335/1/4236 2334/1/4236
s 1548
f 2341/1/4238 2339/1/4239 2334/1/4238
f 2334/1/4238 2338/1/4240 2341/1/4238
s 1549
f 2306/1/4241 1502/1/4242 1524/1/4242
f 1524/1/4242 2336/1/4242 2306/1/4241
s 1550
f 2336/1/4243 1524/1/4244 1523/1/4245
f 1523/1/4245 2333/1/4246 2336/1/4243
s 1551
f 2337/1/4247 2333/1/4248 1523/1/4248
f 1523/1/4248 1521/1/4248 2337/1/4247
s 1552
f 2342/1/4249 2337/1/4249 1521/1/4249
f 1521/1/4249 1522/1/4250 2342/1/4249
s 1553
f 2342/1/4251 2343/1/4251 2338/1/4251
f 2338/1/4251 2337/1/4251 2342/1/4251
s 1554
f 2341/1/4252 2338/1/4253 2343/1/4253
f 2343/1/4253 2344/1/4253 2341/1/4252
s 1555
f 2341/1/4254 2344/1/4255 2139/1/4256
f 2139/1/4256 2138/1/4256 2341/1/4254
s 1556
f 2341/1/4257 2138/1/4257 2137/1/4258
f 2137/1/4258 2339/1/4259 2341/1/4257
s 1557
f 2137/1/4260 2136/1/4261 2340/1/4262
f 2340/1/4262 2339/1/4260 2137/1/4260
s 1558
f 2136/1/4263 2119/1/4263 2308/1/4264
f 2308/1/4264 2340/1/4265 2136/1/4263
s 1559
f 2335/1/4266 2340/1/4266 2308/1/4266
f 2308/1/4266 2307/1/4266 2335/1/4266
s 1560
f 2336/1/4267 2335/1/4267 2307/1/4268
f 2307/1/4268 2306/1/4267 2336/1/4267
s 1561
f 2345/1/4269 2346/1/4269 2347/1/4269
f 2347/1/4269 2348/1/4269 2345/1/4269
s 1562
f 2349/1/4270 2350/1/4270 2346/1/4270
f 2346/1/4270 2345/1/4270 2349/1/4270
s 1563
f 2346/1/4271 2351/1/4272 2352/1/4273
f 2352/1/4273 2347/1/4274 2346/1/4271
s 1564
f 2350/1/4275 2353/1/4276 2351/1/4275
f 2351/1/4275 2346/1/4275 2350/1/4275
s 1565
f 2348/1/4277 2318/1/4278 981/1/4279
f 981/1/4279 1004/1/4280 2348/1/4277
s 1566
f 1003/1/4281 2345/1/4282 2348/1/4282
f 2348/1/4282 1004/1/4282 1003/1/4281
s 1567
f 1001/1/4283 2349/1/4283 2345/1/4283
f 2345/1/4283 1003/1/4283 1001/1/4283
s 1568
f 2354/1/4284 2349/1/4284 1001/1/4284
f 1001/1/4284 1002/1/4284 2354/1/4284
s 1569
f 2354/1/4285 2355/1/4285 2350/1/4286
f 2350/1/4286 2349/1/4285 2354/1/4285
s 1570
f 2353/1/4287 2350/1/4287 2355/1/4287
f 2355/1/4287 2356/1/4287 2353/1/4287
s 1571
f 2353/1/4288 2356/1/4289 1619/1/4288
f 1619/1/4288 1618/1/4290 2353/1/4288
s 1572
f 2351/1/4291 2353/1/4292 1618/1/4293
f 1618/1/4293 1617/1/4294 2351/1/4291
s 1573
f 2352/1/4295 2351/1/4295 1617/1/4295
f 1617/1/4295 1616/1/4295 2352/1/4295
s 1574
f 1616/1/4296 1599/1/4296 2320/1/4296
f 2320/1/4296 2352/1/4296 1616/1/4296
s 1575
f 2319/1/4297 2347/1/4298 2352/1/4299
f 2352/1/4299 2320/1/4300 2319/1/4297
s 1576
f 2348/1/4301 2347/1/4301 2319/1/4301
f 2319/1/4301 2318/1/4301 2348/1/4301
s 1577
f 2357/1/3916 2358/1/3915 2359/1/3915
f 2359/1/3915 2360/1/3916 2357/1/3916
s 1578
f 2361/1/4302 2362/1/4302 2358/1/4302
f 2358/1/4302 2357/1/4302 2361/1/4302
s 1579
f 2358/1/4303 2363/1/4303 2364/1/4303
f 2364/1/4303 2359/1/4303 2358/1/4303
s 1580
f 2362/1/4304 2365/1/4305 2363/1/3919
f 2363/1/3919 2358/1/3919 2362/1/4304
s 1581
f 2360/1/3930 2366/1/3930 1117/1/3930
f 1117/1/3930 1116/1/3930 2360/1/3930
s 1582
f 1126/1/4306 2357/1/4306 2360/1/4307
f 2360/1/4307 1116/1/4306 1126/1/4306
s 1583
f 1126/1/3927 1125/1/3927 2361/1/3927
f 2361/1/3927 2357/1/3927 1126/1/3927
s 1584
f 2330/1/3924 2361/1/3924 1125/1/3924
f 1125/1/3924 1097/1/3924 2330/1/3924
s 1585
f 2362/1/3944 2361/1/3944 2330/1/4308
f 2330/1/4308 2332/1/3944 2362/1/3944
s 1586
f 2331/1/3942 2365/1/3942 2362/1/3942
f 2362/1/3942 2332/1/3942 2331/1/3942
s 1587
f 1735/1/3941 2365/1/3939 2331/1/3939
f 2331/1/3939 1712/1/3939 1735/1/3941
s 1588
f 2365/1/3938 1735/1/3938 1734/1/3938
f 1734/1/3938 2363/1/3938 2365/1/3938
s 1589
f 2363/1/3936 1734/1/3936 1733/1/3936
f 1733/1/3936 2364/1/3936 2363/1/3936
s 1590
f 1733/1/3934 1732/1/3934 2367/1/3934
f 2367/1/3934 2364/1/3934 1733/1/3934
s 1591
f 2359/1/3932 2364/1/3932 2367/1/3932
f 2367/1/3932 2368/1/3932 2359/1/3932
s 1592
f 2368/1/3931 2366/1/3931 2360/1/3931
f 2360/1/3931 2359/1/3931 2368/1/3931
s 1593
f 2369/1/4309 2370/1/4309 2371/1/4309
f 2371/1/4309 2372/1/4310 2369/1/4309
s 1594
f 2373/1/4311 2374/1/4311 2370/1/4311
f 2370/1/4311 2369/1/4311 2373/1/4311
s 1595
f 2370/1/4312 2375/1/4312 2376/1/4312
f 2376/1/4312 2371/1/4312 2370/1/4312
s 1596
f 2377/1/4313 2375/1/4313 2370/1/4313
f 2370/1/4313 2374/1/4313 2377/1/4313
s 1597
f 2342/1/4314 1522/1/4315 1544/1/4316
f 1544/1/4316 2372/1/4315 2342/1/4314
s 1598
f 2372/1/4317 1544/1/4317 1543/1/4317
f 1543/1/4317 2369/1/4317 2372/1/4317
s 1599
f 2373/1/4318 2369/1/4318 1543/1/4318
f 1543/1/4318 1541/1/4318 2373/1/4318
s 1600
f 2378/1/4319 2373/1/4319 1541/1/4319
f 1541/1/4319 1542/1/4320 2378/1/4319
s 1601
f 2378/1/4321 2379/1/4321 2374/1/4321
f 2374/1/4321 2373/1/4321 2378/1/4321
s 1602
f 2377/1/4322 2374/1/4322 2379/1/4322
f 2379/1/4322 2380/1/4322 2377/1/4322
s 1603
f 2377/1/4323 2380/1/4324 2159/1/4324
f 2159/1/4324 2158/1/4324 2377/1/4323
s 1604
f 2377/1/4325 2158/1/4325 2157/1/4325
f 2157/1/4325 2375/1/4325 2377/1/4325
s 1605
f 2157/1/4326 2156/1/4326 2376/1/4326
f 2376/1/4326 2375/1/4326 2157/1/4326
s 1606
f 2156/1/4327 2139/1/4327 2344/1/4327
f 2344/1/4327 2376/1/4327 2156/1/4327
s 1607
f 2371/1/4328 2376/1/4329 2344/1/4330
f 2344/1/4330 2343/1/4328 2371/1/4328
s 1608
f 2372/1/4331 2371/1/4331 2343/1/4331
f 2343/1/4331 2342/1/4331 2372/1/4331
s 1609
f 2381/1/4332 2382/1/4333 2383/1/4332
f 2383/1/4332 2384/1/4332 2381/1/4332
s 1610
f 2385/1/4334 2386/1/4334 2382/1/4334
f 2382/1/4334 2381/1/4334 2385/1/4334
s 1611
f 2382/1/4335 2387/1/4335 2388/1/4335
f 2388/1/4335 2383/1/4335 2382/1/4335
s 1612
f 2386/1/4336 2389/1/4336 2387/1/4336
f 2387/1/4336 2382/1/4336 2386/1/4336
s 1613
f 2354/1/4337 1002/1/4337 1024/1/4337
f 1024/1/4337 2384/1/4337 2354/1/4337
s 1614
f 1023/1/4338 2381/1/4338 2384/1/4338
f 2384/1/4338 1024/1/4339 1023/1/4338
s 1615
f 1022/1/4340 2385/1/4340 2381/1/4341
f 2381/1/4341 1023/1/4341 1022/1/4340
s 1616
f 2390/1/4342 2385/1/4342 1022/1/4342
f 1022/1/4342 1021/1/4342 2390/1/4342
s 1617
f 2390/1/4343 2391/1/4343 2386/1/4343
f 2386/1/4343 2385/1/4343 2390/1/4343
s 1618
f 2389/1/4344 2386/1/4344 2391/1/4345
f 2391/1/4345 2392/1/4345 2389/1/4344
s 1619
f 2389/1/4346 2392/1/4346 1639/1/4346
f 1639/1/4346 1638/1/4346 2389/1/4346
s 1620
f 2387/1/4347 2389/1/4347 1638/1/4347
f 1638/1/4347 1637/1/4347 2387/1/4347
s 1621
f 2388/1/4348 2387/1/4348 1637/1/4348
f 1637/1/4348 1636/1/4348 2388/1/4348
s 1622
f 1636/1/4349 1619/1/4349 2356/1/4349
f 2356/1/4349 2388/1/4349 1636/1/4349
s 1623
f 2355/1/4350 2383/1/4351 2388/1/4351
f 2388/1/4351 2356/1/4351 2355/1/4350
s 1624
f 2384/1/4352 2383/1/4352 2355/1/4353
f 2355/1/4353 2354/1/4352 2384/1/4352
s 1625
f 2393/1/4002 2394/1/4002 2395/1/4002
f 2395/1/4002 2396/1/4354 2393/1/4002
s 1626
f 2397/1/3999 2398/1/3998 2394/1/3998
f 2394/1/3998 2393/1/3999 2397/1/3999
s 1627
f 2394/1/4005 2399/1/4005 2400/1/4005
f 2400/1/4005 2395/1/4005 2394/1/4005
s 1628
f 2398/1/4355 2401/1/4004 2399/1/4004
f 2399/1/4004 2394/1/4355 2398/1/4355
s 1629
f 2396/1/4356 2402/1/4357 1137/1/4356
f 1137/1/4356 1136/1/4356 2396/1/4356
s 1630
f 1146/1/4009 2393/1/4009 2396/1/4009
f 2396/1/4009 1136/1/4009 1146/1/4009
s 1631
f 1146/1/4007 1145/1/4007 2397/1/4007
f 2397/1/4007 2393/1/4007 1146/1/4007
s 1632
f 2366/1/4358 2397/1/4359 1145/1/4360
f 1145/1/4360 1117/1/4359 2366/1/4358
s 1633
f 2398/1/4020 2397/1/4020 2366/1/4361
f 2366/1/4361 2368/1/4020 2398/1/4020
s 1634
f 2367/1/4019 2401/1/4019 2398/1/4019
f 2398/1/4019 2368/1/4019 2367/1/4019
s 1635
f 1755/1/4362 2401/1/4362 2367/1/4362
f 2367/1/4362 1732/1/4362 1755/1/4362
s 1636
f 2401/1/4016 1755/1/4016 1754/1/4016
f 1754/1/4016 2399/1/4016 2401/1/4016
s 1637
f 2399/1/4015 1754/1/4015 1753/1/4015
f 1753/1/4015 2400/1/4015 2399/1/4015
s 1638
f 1753/1/4363 1752/1/4013 2403/1/4013
f 2403/1/4013 2400/1/4013 1753/1/4363
s 1639
f 2395/1/4364 2400/1/4365 2403/1/4366
f 2403/1/4366 2404/1/4367 2395/1/4364
s 1640
f 2404/1/4011 2402/1/4011 2396/1/4368
f 2396/1/4368 2395/1/4011 2404/1/4011
s 1641
f 2405/1/4369 2406/1/4369 2407/1/4369
f 2407/1/4369 2408/1/4370 2405/1/4369
s 1642
f 2409/1/4371 2410/1/4371 2406/1/4372
f 2406/1/4372 2405/1/4371 2409/1/4371
s 1643
f 2406/1/4373 2411/1/4373 2412/1/4373
f 2412/1/4373 2407/1/4374 2406/1/4373
s 1644
f 2413/1/4375 2411/1/4375 2406/1/4375
f 2406/1/4375 2410/1/4375 2413/1/4375
s 1645
f 2378/1/4376 1542/1/4376 1559/1/4377
f 1559/1/4377 2408/1/4377 2378/1/4376
s 1646
f 2408/1/4378 1559/1/4378 1558/1/4378
f 1558/1/4378 2405/1/4379 2408/1/4378
s 1647
f 2409/1/4380 2405/1/4380 1558/1/4380
f 1558/1/4380 1557/1/4380 2409/1/4380
s 1648
f 2243/1/4381 2409/1/4381 1557/1/4381
f 1557/1/4381 941/1/4381 2243/1/4381
s 1649
f 2248/1/4382 2410/1/4382 2409/1/4383
f 2409/1/4383 2243/1/4382 2248/1/4382
s 1650
f 2247/1/4384 2413/1/4385 2410/1/4386
f 2410/1/4386 2248/1/4385 2247/1/4384
s 1651
f 2413/1/4387 2247/1/4387 916/1/4387
f 916/1/4387 2176/1/4387 2413/1/4387
s 1652
f 2413/1/4388 2176/1/4388 2175/1/4388
f 2175/1/4388 2411/1/4388 2413/1/4388
s 1653
f 2175/1/4389 2174/1/4389 2412/1/4390
f 2412/1/4390 2411/1/4389 2175/1/4389
s 1654
f 2174/1/4391 2159/1/4391 2380/1/4391
f 2380/1/4391 2412/1/4391 2174/1/4391
s 1655
f 2407/1/4392 2412/1/4392 2380/1/4392
f 2380/1/4392 2379/1/4392 2407/1/4392
s 1656
f 2408/1/4393 2407/1/4393 2379/1/4393
f 2379/1/4393 2378/1/4393 2408/1/4393
s 1657
f 2414/1/4394 2415/1/4395 2416/1/4396
f 2416/1/4396 2417/1/4396 2414/1/4394
s 1658
f 2418/1/4397 2419/1/4397 2415/1/4397
f 2415/1/4397 2414/1/4398 2418/1/4397
s 1659
f 2415/1/4399 2420/1/4400 2421/1/4399
f 2421/1/4399 2416/1/4401 2415/1/4399
s 1660
f 2419/1/4402 2422/1/4402 2420/1/4402
f 2420/1/4402 2415/1/4403 2419/1/4402
s 1661
f 2390/1/4404 1021/1/4404 1044/1/4404
f 1044/1/4404 2417/1/4404 2390/1/4404
s 1662
f 1043/1/4405 2414/1/4405 2417/1/4405
f 2417/1/4405 1044/1/4405 1043/1/4405
s 1663
f 1042/1/4406 2418/1/4406 2414/1/4406
f 2414/1/4406 1043/1/4406 1042/1/4406
s 1664
f 1042/1/4407 1041/1/4407 2423/1/4407
f 2423/1/4407 2418/1/4407 1042/1/4407
s 1665
f 2423/1/4408 2424/1/4408 2419/1/4408
f 2419/1/4408 2418/1/4408 2423/1/4408
s 1666
f 2419/1/4409 2424/1/4409 2425/1/4409
f 2425/1/4409 2422/1/4409 2419/1/4409
s 1667
f 1659/1/4410 1658/1/4410 2422/1/4410
f 2422/1/4410 2425/1/4410 1659/1/4410
s 1668
f 2420/1/4411 2422/1/4411 1658/1/4411
f 1658/1/4411 1657/1/4411 2420/1/4411
s 1669
f 2421/1/4412 2420/1/4412 1657/1/4412
f 1657/1/4412 1656/1/4412 2421/1/4412
s 1670
f 1656/1/4413 1639/1/4413 2392/1/4413
f 2392/1/4413 2421/1/4413 1656/1/4413
s 1671
f 2391/1/4414 2416/1/4414 2421/1/4414
f 2421/1/4414 2392/1/4414 2391/1/4414
s 1672
f 2417/1/4415 2416/1/4415 2391/1/4415
f 2391/1/4415 2390/1/4415 2417/1/4415
s 1673
f 2426/1/4416 2427/1/4417 2428/1/4416
f 2428/1/4416 2429/1/4418 2426/1/4416
s 1674
f 2430/1/4072 2431/1/4072 2427/1/4419
f 2427/1/4419 2426/1/4072 2430/1/4072
s 1675
f 2427/1/4075 2432/1/4420 2433/1/4075
f 2433/1/4075 2428/1/4075 2427/1/4075
s 1676
f 2431/1/4074 2434/1/4074 2432/1/4074
f 2432/1/4074 2427/1/4074 2431/1/4074
s 1677
f 2429/1/4081 2435/1/4421 1157/1/4082
f 1157/1/4082 1156/1/4082 2429/1/4081
s 1678
f 1166/1/4422 2426/1/4423 2429/1/4423
f 2429/1/4423 1156/1/4424 1166/1/4422
s 1679
f 1166/1/4079 1165/1/4079 2430/1/4425
f 2430/1/4425 2426/1/4426 1166/1/4079
s 1680
f 2402/1/4427 2430/1/4077 1165/1/4077
f 1165/1/4077 1137/1/4078 2402/1/4427
s 1681
f 2431/1/4428 2430/1/4100 2402/1/4428
f 2402/1/4428 2404/1/4429 2431/1/4428
s 1682
f 2403/1/4099 2434/1/4099 2431/1/4099
f 2431/1/4099 2404/1/4099 2403/1/4099
s 1683
f 1775/1/4430 2434/1/4430 2403/1/4430
f 2403/1/4430 1752/1/4430 1775/1/4430
s 1684
f 2434/1/4095 1775/1/4095 1774/1/4095
f 1774/1/4095 2432/1/4095 2434/1/4095
s 1685
f 2432/1/4093 1774/1/4093 1773/1/4431
f 1773/1/4431 2433/1/4093 2432/1/4093
s 1686
f 2433/1/4432 1773/1/4433 1772/1/4432
f 1772/1/4432 2436/1/4434 2433/1/4432
s 1687
f 2433/1/4087 2436/1/4435 2437/1/4087
f 2437/1/4087 2428/1/4436 2433/1/4087
s 1688
f 2428/1/4086 2437/1/4084 2435/1/4086
f 2435/1/4086 2429/1/4086 2428/1/4086
s 1689
f 2438/1/4437 2439/1/4438 2440/1/4437
f 2440/1/4437 2441/1/4437 2438/1/4437
s 1690
f 2442/1/4439 2443/1/4440 2439/1/4440
f 2439/1/4440 2438/1/4440 2442/1/4439
s 1691
f 2439/1/4441 2444/1/4442 2445/1/4441
f 2445/1/4441 2440/1/4441 2439/1/4441
s 1692
f 2446/1/4443 2444/1/4443 2439/1/4443
f 2439/1/4443 2443/1/4443 2446/1/4443
s 1693
f 2423/1/4444 1041/1/4444 1064/1/4444
f 1064/1/4444 2441/1/4444 2423/1/4444
s 1694
f 2441/1/4445 1064/1/4446 1063/1/4446
f 1063/1/4446 2438/1/4445 2441/1/4445
s 1695
f 2442/1/4447 2438/1/4447 1063/1/4447
f 1063/1/4447 1062/1/4447 2442/1/4447
s 1696
f 2447/1/4448 2442/1/4449 1062/1/4449
f 1062/1/4449 1061/1/4449 2447/1/4448
s 1697
f 2447/1/4450 2448/1/4450 2443/1/4450
f 2443/1/4450 2442/1/4450 2447/1/4450
s 1698
f 2446/1/4451 2443/1/4451 2448/1/4451
f 2448/1/4451 2449/1/4451 2446/1/4451
s 1699
f 1679/1/4452 1678/1/4452 2446/1/4453
f 2446/1/4453 2449/1/4452 1679/1/4452
s 1700
f 2446/1/4454 1678/1/4454 1677/1/4454
f 1677/1/4454 2444/1/4454 2446/1/4454
s 1701
f 1677/1/4455 1676/1/4455 2445/1/4455
f 2445/1/4455 2444/1/4455 1677/1/4455
s 1702
f 1676/1/4456 1659/1/4456 2425/1/4456
f 2425/1/4456 2445/1/4456 1676/1/4456
s 1703
f 2440/1/4457 2445/1/4457 2425/1/4457
f 2425/1/4457 2424/1/4457 2440/1/4457
s 1704
f 2441/1/4458 2440/1/4458 2424/1/4458
f 2424/1/4458 2423/1/4458 2441/1/4458
s 1705
f 2450/1/4158 2451/1/4158 2452/1/4158
f 2452/1/4158 2453/1/4158 2450/1/4158
s 1706
f 2454/1/4157 2455/1/4157 2451/1/4157
f 2451/1/4157 2450/1/4157 2454/1/4157
s 1707
f 2451/1/4162 2456/1/4162 2457/1/4162
f 2457/1/4162 2452/1/4162 2451/1/4162
s 1708
f 2455/1/4160 2458/1/4160 2456/1/4160
f 2456/1/4160 2451/1/4160 2455/1/4160
s 1709
f 2453/1/4170 2459/1/4170 1177/1/4170
f 1177/1/4170 1176/1/4170 2453/1/4170
s 1710
f 1186/1/4459 2450/1/4167 2453/1/4460
f 2453/1/4460 1176/1/4167 1186/1/4459
s 1711
f 1186/1/4461 1185/1/4462 2454/1/4461
f 2454/1/4461 2450/1/4165 1186/1/4461
s 1712
f 1185/1/4463 1157/1/4463 2435/1/4463
f 2435/1/4463 2454/1/4464 1185/1/4463
s 1713
f 2455/1/4180 2454/1/4180 2435/1/4180
f 2435/1/4180 2437/1/4180 2455/1/4180
s 1714
f 2436/1/4179 2458/1/4465 2455/1/4466
f 2455/1/4466 2437/1/4179 2436/1/4179
s 1715
f 2436/1/4467 1772/1/4178 1795/1/4178
f 1795/1/4178 2458/1/4178 2436/1/4467
s 1716
f 2458/1/4177 1795/1/4177 1794/1/4177
f 1794/1/4177 2456/1/4177 2458/1/4177
s 1717
f 2456/1/4176 1794/1/4176 1793/1/4176
f 1793/1/4176 2457/1/4468 2456/1/4176
s 1718
f 2457/1/4175 1793/1/4175 1792/1/4175
f 1792/1/4175 2460/1/4469 2457/1/4175
s 1719
f 2461/1/4174 2452/1/4174 2457/1/4174
f 2457/1/4174 2460/1/4174 2461/1/4174
s 1720
f 2452/1/4470 2461/1/4470 2459/1/4470
f 2459/1/4470 2453/1/4471 2452/1/4470
s 1721
f 2462/1/4472 2463/1/4472 2464/1/4473
f 2464/1/4473 2465/1/4472 2462/1/4472
s 1722
f 2466/1/4474 2467/1/4475 2463/1/4474
f 2463/1/4474 2462/1/4475 2466/1/4474
s 1723
f 2463/1/4476 2468/1/4477 2469/1/4478
f 2469/1/4478 2464/1/4477 2463/1/4476
s 1724
f 2470/1/4479 2468/1/4479 2463/1/4479
f 2463/1/4479 2467/1/4479 2470/1/4479
s 1725
f 2447/1/4480 1061/1/4481 1084/1/4480
f 1084/1/4480 2465/1/4480 2447/1/4480
s 1726
f 2465/1/4482 1084/1/4483 1083/1/4484
f 1083/1/4484 2462/1/4483 2465/1/4482
s 1727
f 2466/1/4485 2462/1/4486 1083/1/4487
f 1083/1/4487 1081/1/4486 2466/1/4485
s 1728
f 2466/1/4488 1081/1/4489 1082/1/4488
f 1082/1/4488 2471/1/4488 2466/1/4488
s 1729
f 2471/1/4490 2472/1/4490 2467/1/4490
f 2467/1/4490 2466/1/4490 2471/1/4490
s 1730
f 2470/1/4491 2467/1/4492 2472/1/4492
f 2472/1/4492 2473/1/4492 2470/1/4491
s 1731
f 1699/1/4493 1698/1/4493 2470/1/4493
f 2470/1/4493 2473/1/4494 1699/1/4493
s 1732
f 2470/1/4495 1698/1/4495 1697/1/4496
f 1697/1/4496 2468/1/4497 2470/1/4495
s 1733
f 1697/1/4498 1696/1/4498 2469/1/4498
f 2469/1/4498 2468/1/4498 1697/1/4498
s 1734
f 1696/1/4499 1679/1/4500 2449/1/4501
f 2449/1/4501 2469/1/4501 1696/1/4499
s 1735
f 2448/1/4502 2464/1/4502 2469/1/4502
f 2469/1/4502 2449/1/4502 2448/1/4502
s 1736
f 2464/1/4503 2448/1/4503 2447/1/4503
f 2447/1/4503 2465/1/4503 2464/1/4503
s 1737
f 2474/1/4504 2475/1/4505 2476/1/4504
f 2476/1/4504 2477/1/4235 2474/1/4504
s 1738
f 2478/1/4232 2479/1/4232 2475/1/4232
f 2475/1/4232 2474/1/4506 2478/1/4232
s 1739
f 2475/1/4507 2480/1/4507 2481/1/4240
f 2481/1/4240 2476/1/4240 2475/1/4507
s 1740
f 2479/1/4236 2482/1/4236 2480/1/4236
f 2480/1/4236 2475/1/4236 2479/1/4236
s 1741
f 2477/1/4508 2483/1/4509 1197/1/4508
f 1197/1/4508 1196/1/4510 2477/1/4508
s 1742
f 1206/1/4248 2474/1/4248 2477/1/4248
f 2477/1/4248 1196/1/4248 1206/1/4248
s 1743
f 1206/1/4511 1205/1/4246 2478/1/4511
f 2478/1/4511 2474/1/4512 1206/1/4511
s 1744
f 1205/1/4242 1177/1/4242 2459/1/4242
f 2459/1/4242 2478/1/4242 1205/1/4242
s 1745
f 2479/1/4267 2478/1/4267 2459/1/4267
f 2459/1/4267 2461/1/4267 2479/1/4267
s 1746
f 2460/1/4266 2482/1/4266 2479/1/4266
f 2479/1/4266 2461/1/4266 2460/1/4266
s 1747
f 2460/1/4263 1792/1/4263 1815/1/4263
f 1815/1/4263 2482/1/4263 2460/1/4263
s 1748
f 2482/1/4513 1815/1/4260 1814/1/4513
f 1814/1/4513 2480/1/4513 2482/1/4513
s 1749
f 2480/1/4259 1814/1/4259 1813/1/4259
f 1813/1/4259 2481/1/4259 2480/1/4259
s 1750
f 2481/1/4254 1813/1/4254 1812/1/4256
f 1812/1/4256 2484/1/4254 2481/1/4254
s 1751
f 2485/1/4253 2476/1/4253 2481/1/4253
f 2481/1/4253 2484/1/4253 2485/1/4253
s 1752
f 2476/1/4251 2485/1/4251 2483/1/4251
f 2483/1/4251 2477/1/4251 2476/1/4251
s 1753
f 2486/1/4514 2487/1/4514 2488/1/4515
f 2488/1/4515 2489/1/4516 2486/1/4514
s 1754
f 2490/1/4517 2491/1/4517 2487/1/4517
f 2487/1/4517 2486/1/4517 2490/1/4517
s 1755
f 2487/1/4518 2492/1/4519 2493/1/4519
f 2493/1/4519 2488/1/4519 2487/1/4518
s 1756
f 2494/1/4520 2492/1/4521 2487/1/4522
f 2487/1/4522 2491/1/4521 2494/1/4520
s 1757
f 2471/1/4523 1082/1/4523 1104/1/4523
f 1104/1/4523 2489/1/4523 2471/1/4523
s 1758
f 2489/1/4524 1104/1/4525 1103/1/4524
f 1103/1/4524 2486/1/4526 2489/1/4524
s 1759
f 2490/1/4527 2486/1/4527 1103/1/4528
f 1103/1/4528 1101/1/4529 2490/1/4527
s 1760
f 2490/1/4530 1101/1/4531 1102/1/4530
f 1102/1/4530 2495/1/4530 2490/1/4530
s 1761
f 2495/1/4532 2496/1/4532 2491/1/4532
f 2491/1/4532 2490/1/4532 2495/1/4532
s 1762
f 2494/1/4533 2491/1/4533 2496/1/4533
f 2496/1/4533 2497/1/4533 2494/1/4533
s 1763
f 1719/1/4534 1718/1/4534 2494/1/4534
f 2494/1/4534 2497/1/4534 1719/1/4534
s 1764
f 2494/1/4535 1718/1/4535 1717/1/4535
f 1717/1/4535 2492/1/4535 2494/1/4535
s 1765
f 1717/1/4536 1716/1/4536 2493/1/4537
f 2493/1/4537 2492/1/4536 1717/1/4536
s 1766
f 1716/1/4538 1699/1/4538 2473/1/4539
f 2473/1/4539 2493/1/4539 1716/1/4538
s 1767
f 2472/1/4540 2488/1/4541 2493/1/4542
f 2493/1/4542 2473/1/4543 2472/1/4540
s 1768
f 2471/1/4544 2489/1/4544 2488/1/4544
f 2488/1/4544 2472/1/4544 2471/1/4544
s 1769
f 2498/1/4545 2499/1/4311 2500/1/4311
f 2500/1/4311 2501/1/4311 2498/1/4545
s 1770
f 2502/1/4309 2503/1/4309 2499/1/4309
f 2499/1/4309 2498/1/4309 2502/1/4309
s 1771
f 2499/1/4546 2504/1/4313 2505/1/4313
f 2505/1/4313 2500/1/4313 2499/1/4546
s 1772
f 2503/1/4312 2506/1/4547 2504/1/4312
f 2504/1/4312 2499/1/4312 2503/1/4312
s 1773
f 2501/1/4548 2507/1/4548 1217/1/4319
f 1217/1/4319 1216/1/4549 2501/1/4548
s 1774
f 1226/1/4550 2498/1/4550 2501/1/4318
f 2501/1/4318 1216/1/4318 1226/1/4550
s 1775
f 1226/1/4317 1225/1/4317 2502/1/4317
f 2502/1/4317 2498/1/4317 1226/1/4317
s 1776
f 1225/1/4551 1197/1/4315 2483/1/4315
f 2483/1/4315 2502/1/4551 1225/1/4551
s 1777
f 2503/1/4552 2502/1/4552 2483/1/4331
f 2483/1/4331 2485/1/4331 2503/1/4552
s 1778
f 2484/1/4328 2506/1/4328 2503/1/4330
f 2503/1/4330 2485/1/4328 2484/1/4328
s 1779
f 2484/1/4553 1812/1/4327 1835/1/4327
f 1835/1/4327 2506/1/4554 2484/1/4553
s 1780
f 2506/1/4326 1835/1/4326 1834/1/4326
f 1834/1/4326 2504/1/4326 2506/1/4326
s 1781
f 2504/1/4325 1834/1/4325 1833/1/4325
f 1833/1/4325 2505/1/4555 2504/1/4325
s 1782
f 2505/1/4324 1833/1/4556 1832/1/4324
f 1832/1/4324 2508/1/4324 2505/1/4324
s 1783
f 2505/1/4322 2508/1/4322 2509/1/4322
f 2509/1/4322 2500/1/4322 2505/1/4322
s 1784
f 2500/1/4321 2509/1/4321 2507/1/4321
f 2507/1/4321 2501/1/4321 2500/1/4321
s 1785
f 2510/1/4557 2511/1/4557 2512/1/4557
f 2512/1/4557 2513/1/4557 2510/1/4557
s 1786
f 2514/1/4558 2515/1/4559 2511/1/4558
f 2511/1/4558 2510/1/4558 2514/1/4558
s 1787
f 2511/1/4560 2516/1/4560 2517/1/4560
f 2517/1/4560 2512/1/4560 2511/1/4560
s 1788
f 2518/1/4561 2516/1/4561 2511/1/4561
f 2511/1/4561 2515/1/4561 2518/1/4561
s 1789
f 2495/1/4562 1102/1/4562 1124/1/4562
f 1124/1/4562 2513/1/4562 2495/1/4562
s 1790
f 2513/1/4563 1124/1/4563 1123/1/4563
f 1123/1/4563 2510/1/4563 2513/1/4563
s 1791
f 2514/1/4564 2510/1/4564 1123/1/4565
f 1123/1/4565 1121/1/4565 2514/1/4564
s 1792
f 2514/1/4566 1121/1/4566 1122/1/4566
f 1122/1/4566 2519/1/4566 2514/1/4566
s 1793
f 2519/1/4567 2520/1/4567 2515/1/4567
f 2515/1/4567 2514/1/4567 2519/1/4567
s 1794
f 2518/1/4568 2515/1/4568 2520/1/4568
f 2520/1/4568 2521/1/4568 2518/1/4568
s 1795
f 1739/1/4569 1738/1/4569 2518/1/4570
f 2518/1/4570 2521/1/4571 1739/1/4569
s 1796
f 2518/1/4572 1738/1/4572 1737/1/4572
f 1737/1/4572 2516/1/4572 2518/1/4572
s 1797
f 1737/1/4573 1736/1/4573 2517/1/4573
f 2517/1/4573 2516/1/4573 1737/1/4573
s 1798
f 1736/1/4574 1719/1/4575 2497/1/4574
f 2497/1/4574 2517/1/4574 1736/1/4574
s 1799
f 2496/1/4576 2512/1/4576 2517/1/4576
f 2517/1/4576 2497/1/4576 2496/1/4576
s 1800
f 2512/1/4577 2496/1/4577 2495/1/4577
f 2495/1/4577 2513/1/4577 2512/1/4577
s 1801
f 2522/1/4371 2523/1/4371 2524/1/4578
f 2524/1/4578 2525/1/4579 2522/1/4371
s 1802
f 2526/1/4370 2527/1/4370 2523/1/4370
f 2523/1/4370 2522/1/4370 2526/1/4370
s 1803
f 2523/1/4375 2528/1/4375 2529/1/4375
f 2529/1/4375 2524/1/4375 2523/1/4375
s 1804
f 2527/1/4373 2530/1/4373 2528/1/4373
f 2528/1/4373 2523/1/4373 2527/1/4373
s 1805
f 2525/1/4580 2531/1/4581 1237/1/4582
f 1237/1/4582 1236/1/4583 2525/1/4580
s 1806
f 1246/1/4380 2522/1/4380 2525/1/4380
f 2525/1/4380 1236/1/4380 1246/1/4380
s 1807
f 1246/1/4584 1245/1/4584 2526/1/4584
f 2526/1/4584 2522/1/4584 1246/1/4584
s 1808
f 1245/1/4376 1217/1/4376 2507/1/4585
f 2507/1/4585 2526/1/4376 1245/1/4376
s 1809
f 2527/1/4393 2526/1/4393 2507/1/4393
f 2507/1/4393 2509/1/4393 2527/1/4393
s 1810
f 2508/1/4392 2530/1/4392 2527/1/4392
f 2527/1/4392 2509/1/4392 2508/1/4392
s 1811
f 2508/1/4586 1832/1/4586 1855/1/4586
f 1855/1/4586 2530/1/4391 2508/1/4586
s 1812
f 2530/1/4587 1855/1/4587 1854/1/4587
f 1854/1/4587 2528/1/4587 2530/1/4587
s 1813
f 2528/1/4388 1854/1/4388 1853/1/4388
f 1853/1/4388 2529/1/4588 2528/1/4388
s 1814
f 2529/1/4387 1853/1/4589 1852/1/4590
f 1852/1/4590 2532/1/4387 2529/1/4387
s 1815
f 2533/1/4591 2524/1/4591 2529/1/4591
f 2529/1/4591 2532/1/4385 2533/1/4591
s 1816
f 2524/1/4382 2533/1/4382 2531/1/4382
f 2531/1/4382 2525/1/4382 2524/1/4382
s 1817
f 2534/1/4592 2535/1/4593 2536/1/4594
f 2536/1/4594 2537/1/4594 2534/1/4592
s 1818
f 2538/1/4595 2539/1/4596 2535/1/4595
f 2535/1/4595 2534/1/4597 2538/1/4595
s 1819
f 2535/1/4598 2540/1/4599 2541/1/4600
f 2541/1/4600 2536/1/4601 2535/1/4598
s 1820
f 2542/1/4602 2540/1/4602 2535/1/4603
f 2535/1/4603 2539/1/4603 2542/1/4602
s 1821
f 2519/1/4604 1122/1/4604 1144/1/4604
f 1144/1/4604 2537/1/4604 2519/1/4604
s 1822
f 2537/1/4605 1144/1/4605 1143/1/4606
f 1143/1/4606 2534/1/4605 2537/1/4605
s 1823
f 2538/1/4607 2534/1/4607 1143/1/4607
f 1143/1/4607 1141/1/4607 2538/1/4607
s 1824
f 2538/1/4608 1141/1/4609 1142/1/4608
f 1142/1/4608 2543/1/4608 2538/1/4608
s 1825
f 2543/1/4610 2544/1/4611 2539/1/4610
f 2539/1/4610 2538/1/4610 2543/1/4610
s 1826
f 2542/1/4612 2539/1/4612 2544/1/4613
f 2544/1/4613 2545/1/4612 2542/1/4612
s 1827
f 1759/1/4614 1758/1/4615 2542/1/4614
f 2542/1/4614 2545/1/4614 1759/1/4614
s 1828
f 2542/1/4616 1758/1/4616 1757/1/4617
f 1757/1/4617 2540/1/4618 2542/1/4616
s 1829
f 1757/1/4619 1756/1/4619 2541/1/4619
f 2541/1/4619 2540/1/4619 1757/1/4619
s 1830
f 1756/1/4620 1739/1/4620 2521/1/4620
f 2521/1/4620 2541/1/4620 1756/1/4620
s 1831
f 2520/1/4621 2536/1/4621 2541/1/4621
f 2541/1/4621 2521/1/4621 2520/1/4621
s 1832
f 2536/1/4622 2520/1/4622 2519/1/4622
f 2519/1/4622 2537/1/4622 2536/1/4622
s 1833
f 2546/1/4623 2547/1/4623 2548/1/4623
f 2548/1/4623 2549/1/4623 2546/1/4623
s 1834
f 2550/1/4021 2551/1/4021 2547/1/4021
f 2547/1/4021 2546/1/4021 2550/1/4021
s 1835
f 2547/1/4027 2552/1/4027 2553/1/4624
f 2553/1/4624 2548/1/4027 2547/1/4027
s 1836
f 2551/1/4023 2554/1/4625 2552/1/4023
f 2552/1/4023 2547/1/4023 2551/1/4023
s 1837
f 2549/1/4626 2555/1/4627 1257/1/4627
f 1257/1/4627 1256/1/4036 2549/1/4626
s 1838
f 1266/1/4032 2546/1/4030 2549/1/4032
f 2549/1/4032 1256/1/4628 1266/1/4032
s 1839
f 1266/1/4029 1265/1/4029 2550/1/4629
f 2550/1/4629 2546/1/4029 1266/1/4029
s 1840
f 1265/1/4028 1237/1/4028 2531/1/4630
f 2531/1/4630 2550/1/4028 1265/1/4028
s 1841
f 2551/1/4047 2550/1/4047 2531/1/4047
f 2531/1/4047 2533/1/4047 2551/1/4047
s 1842
f 2532/1/4046 2554/1/4046 2551/1/4046
f 2551/1/4046 2533/1/4046 2532/1/4046
s 1843
f 2532/1/4631 1852/1/4044 1875/1/4631
f 1875/1/4631 2554/1/4631 2532/1/4631
s 1844
f 2554/1/4632 1875/1/4633 1874/1/4632
f 1874/1/4632 2552/1/4042 2554/1/4632
s 1845
f 2552/1/4041 1874/1/4040 1873/1/4040
f 1873/1/4040 2553/1/4041 2552/1/4041
s 1846
f 2553/1/4634 1873/1/4634 1872/1/4635
f 1872/1/4635 2556/1/4039 2553/1/4634
s 1847
f 2557/1/4038 2548/1/4038 2553/1/4038
f 2553/1/4038 2556/1/4038 2557/1/4038
s 1848
f 2548/1/4037 2557/1/4037 2555/1/4037
f 2555/1/4037 2549/1/4037 2548/1/4037
s 1849
f 2558/1/4636 2559/1/4636 2560/1/4636
f 2560/1/4636 2561/1/4636 2558/1/4636
s 1850
f 2562/1/4637 2563/1/4637 2559/1/4637
f 2559/1/4637 2558/1/4637 2562/1/4637
s 1851
f 2559/1/4638 2564/1/4638 2565/1/4638
f 2565/1/4638 2560/1/4638 2559/1/4638
s 1852
f 2566/1/4639 2564/1/4640 2559/1/4639
f 2559/1/4639 2563/1/4639 2566/1/4639
s 1853
f 2543/1/4641 1142/1/4641 1164/1/4641
f 1164/1/4641 2561/1/4641 2543/1/4641
s 1854
f 2561/1/4642 1164/1/4642 1163/1/4643
f 1163/1/4643 2558/1/4643 2561/1/4642
s 1855
f 2562/1/4644 2558/1/4644 1163/1/4644
f 1163/1/4644 1161/1/4644 2562/1/4644
s 1856
f 2562/1/4645 1161/1/4645 1162/1/4645
f 1162/1/4645 2567/1/4645 2562/1/4645
s 1857
f 2567/1/4646 2568/1/4647 2563/1/4648
f 2563/1/4648 2562/1/4647 2567/1/4646
s 1858
f 2566/1/4649 2563/1/4649 2568/1/4649
f 2568/1/4649 2569/1/4649 2566/1/4649
s 1859
f 1779/1/4650 1778/1/4650 2566/1/4650
f 2566/1/4650 2569/1/4650 1779/1/4650
s 1860
f 2566/1/4651 1778/1/4652 1777/1/4653
f 1777/1/4653 2564/1/4654 2566/1/4651
s 1861
f 1777/1/4655 1776/1/4656 2565/1/4657
f 2565/1/4657 2564/1/4657 1777/1/4655
s 1862
f 1776/1/4658 1759/1/4659 2545/1/4658
f 2545/1/4658 2565/1/4660 1776/1/4658
s 1863
f 2544/1/4661 2560/1/4661 2565/1/4661
f 2565/1/4661 2545/1/4661 2544/1/4661
s 1864
f 2543/1/4662 2561/1/4663 2560/1/4663
f 2560/1/4663 2544/1/4663 2543/1/4662
s 1865
f 2570/1/4664 2571/1/4103 2572/1/4664
f 2572/1/4664 2573/1/4665 2570/1/4664
s 1866
f 2574/1/4102 2575/1/4102 2571/1/4102
f 2571/1/4102 2570/1/4102 2574/1/4102
s 1867
f 2571/1/4107 2576/1/4107 2577/1/4107
f 2577/1/4107 2572/1/4105 2571/1/4107
s 1868
f 2575/1/4104 2578/1/4666 2576/1/4666
f 2576/1/4666 2571/1/4104 2575/1/4104
s 1869
f 2573/1/4667 2579/1/4113 1277/1/4667
f 1277/1/4667 1276/1/4667 2573/1/4667
s 1870
f 1286/1/4668 2570/1/4668 2573/1/4668
f 2573/1/4668 1276/1/4668 1286/1/4668
s 1871
f 1286/1/4109 1285/1/4669 2574/1/4109
f 2574/1/4109 2570/1/4109 1286/1/4109
s 1872
f 1285/1/4670 1257/1/4671 2555/1/4108
f 2555/1/4108 2574/1/4108 1285/1/4670
s 1873
f 2575/1/4672 2574/1/4126 2555/1/4672
f 2555/1/4672 2557/1/4673 2575/1/4672
s 1874
f 2556/1/4674 2578/1/4125 2575/1/4125
f 2575/1/4125 2557/1/4675 2556/1/4674
s 1875
f 2556/1/4676 1872/1/4676 1895/1/4676
f 1895/1/4676 2578/1/4676 2556/1/4676
s 1876
f 2578/1/4123 1895/1/4123 1894/1/4123
f 1894/1/4123 2576/1/4123 2578/1/4123
s 1877
f 2576/1/4121 1894/1/4122 1893/1/4121
f 1893/1/4121 2577/1/4122 2576/1/4121
s 1878
f 2577/1/4119 1893/1/4119 1892/1/4119
f 1892/1/4119 2580/1/4119 2577/1/4119
s 1879
f 2581/1/4118 2572/1/4118 2577/1/4118
f 2577/1/4118 2580/1/4118 2581/1/4118
s 1880
f 2572/1/4677 2581/1/4116 2579/1/4678
f 2579/1/4678 2573/1/4679 2572/1/4677
s 1881
f 2582/1/4680 2583/1/4680 2584/1/4680
f 2584/1/4680 2585/1/4680 2582/1/4680
s 1882
f 2586/1/4681 2587/1/4681 2583/1/4681
f 2583/1/4681 2582/1/4681 2586/1/4681
s 1883
f 2583/1/4682 2588/1/4683 2589/1/4683
f 2589/1/4683 2584/1/4682 2583/1/4682
s 1884
f 2590/1/4684 2588/1/4684 2583/1/4684
f 2583/1/4684 2587/1/4684 2590/1/4684
s 1885
f 2567/1/4685 1162/1/4685 1184/1/4685
f 1184/1/4685 2585/1/4685 2567/1/4685
s 1886
f 2585/1/4686 1184/1/4687 1183/1/4687
f 1183/1/4687 2582/1/4687 2585/1/4686
s 1887
f 2586/1/4688 2582/1/4688 1183/1/4688
f 1183/1/4688 1181/1/4689 2586/1/4688
s 1888
f 2586/1/4690 1181/1/4690 1182/1/4690
f 1182/1/4690 2591/1/4690 2586/1/4690
s 1889
f 2591/1/4691 2592/1/4691 2587/1/4691
f 2587/1/4691 2586/1/4691 2591/1/4691
s 1890
f 2590/1/4692 2587/1/4692 2592/1/4692
f 2592/1/4692 2593/1/4692 2590/1/4692
s 1891
f 1799/1/4693 1798/1/4693 2590/1/4693
f 2590/1/4693 2593/1/4693 1799/1/4693
s 1892
f 2590/1/4694 1798/1/4695 1797/1/4694
f 1797/1/4694 2588/1/4694 2590/1/4694
s 1893
f 1797/1/4696 1796/1/4696 2589/1/4697
f 2589/1/4697 2588/1/4696 1797/1/4696
s 1894
f 1796/1/4698 1779/1/4699 2569/1/4700
f 2569/1/4700 2589/1/4701 1796/1/4698
s 1895
f 2568/1/4702 2584/1/4702 2589/1/4702
f 2589/1/4702 2569/1/4702 2568/1/4702
s 1896
f 2567/1/4703 2585/1/4704 2584/1/4704
f 2584/1/4704 2568/1/4704 2567/1/4703
s 1897
f 2594/1/4182 2595/1/4705 2596/1/4706
f 2596/1/4706 2597/1/4182 2594/1/4182
s 1898
f 2598/1/4181 2599/1/4181 2595/1/4181
f 2595/1/4181 2594/1/4181 2598/1/4181
s 1899
f 2595/1/4186 2600/1/4186 2601/1/4186
f 2601/1/4186 2596/1/4186 2595/1/4186
s 1900
f 2599/1/4707 2602/1/4183 2600/1/4707
f 2600/1/4707 2595/1/4708 2599/1/4707
s 1901
f 2597/1/4709 2603/1/4709 1297/1/4709
f 1297/1/4709 1296/1/4709 2597/1/4709
s 1902
f 1306/1/4193 2594/1/4193 2597/1/4193
f 2597/1/4193 1296/1/4193 1306/1/4193
s 1903
f 1306/1/4190 1305/1/4189 2598/1/4190
f 2598/1/4190 2594/1/4190 1306/1/4190
s 1904
f 1305/1/4187 1277/1/4187 2579/1/4187
f 2579/1/4187 2598/1/4187 1305/1/4187
s 1905
f 2599/1/4207 2598/1/4207 2579/1/4207
f 2579/1/4207 2581/1/4207 2599/1/4207
s 1906
f 2580/1/4206 2602/1/4206 2599/1/4206
f 2599/1/4206 2581/1/4206 2580/1/4206
s 1907
f 2580/1/4710 1892/1/4710 1915/1/4710
f 1915/1/4710 2602/1/4710 2580/1/4710
s 1908
f 2602/1/4204 1915/1/4711 1914/1/4203
f 1914/1/4203 2600/1/4203 2602/1/4204
s 1909
f 2600/1/4200 1914/1/4202 1913/1/4200
f 1913/1/4200 2601/1/4712 2600/1/4200
s 1910
f 2601/1/4198 1913/1/4198 1912/1/4198
f 1912/1/4198 2604/1/4198 2601/1/4198
s 1911
f 2605/1/4197 2596/1/4197 2601/1/4197
f 2601/1/4197 2604/1/4197 2605/1/4197
s 1912
f 2596/1/4195 2605/1/4195 2603/1/4195
f 2603/1/4195 2597/1/4195 2596/1/4195
s 1913
f 2606/1/4713 2607/1/4713 2608/1/4713
f 2608/1/4713 2609/1/4713 2606/1/4713
s 1914
f 2610/1/4714 2611/1/4715 2607/1/4715
f 2607/1/4715 2606/1/4714 2610/1/4714
s 1915
f 2607/1/4716 2612/1/4716 2613/1/4716
f 2613/1/4716 2608/1/4716 2607/1/4716
s 1916
f 2614/1/4717 2612/1/4718 2607/1/4718
f 2607/1/4718 2611/1/4717 2614/1/4717
s 1917
f 2591/1/4719 1182/1/4719 1204/1/4719
f 1204/1/4719 2609/1/4719 2591/1/4719
s 1918
f 2609/1/4720 1204/1/4720 1203/1/4720
f 1203/1/4720 2606/1/4720 2609/1/4720
s 1919
f 2610/1/4721 2606/1/4721 1203/1/4721
f 1203/1/4721 1201/1/4722 2610/1/4721
s 1920
f 2610/1/4723 1201/1/4724 1202/1/4723
f 1202/1/4723 2615/1/4723 2610/1/4723
s 1921
f 2615/1/4725 2616/1/4725 2611/1/4725
f 2611/1/4725 2610/1/4725 2615/1/4725
s 1922
f 2614/1/4726 2611/1/4726 2616/1/4726
f 2616/1/4726 2617/1/4726 2614/1/4726
s 1923
f 1819/1/4727 1818/1/4727 2614/1/4727
f 2614/1/4727 2617/1/4727 1819/1/4727
s 1924
f 2614/1/4728 1818/1/4728 1817/1/4728
f 1817/1/4728 2612/1/4729 2614/1/4728
s 1925
f 1817/1/4730 1816/1/4731 2613/1/4731
f 2613/1/4731 2612/1/4730 1817/1/4730
s 1926
f 1816/1/4732 1799/1/4733 2593/1/4733
f 2593/1/4733 2613/1/4733 1816/1/4732
s 1927
f 2592/1/4734 2608/1/4734 2613/1/4734
f 2613/1/4734 2593/1/4734 2592/1/4734
s 1928
f 2608/1/4735 2592/1/4735 2591/1/4735
f 2591/1/4735 2609/1/4735 2608/1/4735
s 1929
f 2618/1/4270 2619/1/4270 2620/1/4270
f 2620/1/4270 2621/1/4270 2618/1/4270
s 1930
f 2622/1/4269 2623/1/4269 2619/1/4269
f 2619/1/4269 2618/1/4269 2622/1/4269
s 1931
f 2619/1/4275 2624/1/4275 2625/1/4275
f 2625/1/4275 2620/1/4275 2619/1/4275
s 1932
f 2623/1/4272 2626/1/4272 2624/1/4272
f 2624/1/4272 2619/1/4272 2623/1/4272
s 1933
f 2621/1/4284 2627/1/4284 1317/1/4736
f 1317/1/4736 1316/1/4284 2621/1/4284
s 1934
f 1326/1/4283 2618/1/4283 2621/1/4283
f 2621/1/4283 1316/1/4283 1326/1/4283
s 1935
f 1326/1/4737 1325/1/4282 2622/1/4738
f 2622/1/4738 2618/1/4282 1326/1/4737
s 1936
f 1325/1/4280 1297/1/4280 2603/1/4280
f 2603/1/4280 2622/1/4280 1325/1/4280
s 1937
f 2623/1/4301 2622/1/4301 2603/1/4301
f 2603/1/4301 2605/1/4301 2623/1/4301
s 1938
f 2604/1/4739 2626/1/4739 2623/1/4739
f 2623/1/4739 2605/1/4300 2604/1/4739
s 1939
f 2604/1/4296 1912/1/4296 1935/1/4296
f 1935/1/4296 2626/1/4296 2604/1/4296
s 1940
f 2626/1/4740 1935/1/4295 1934/1/4295
f 1934/1/4295 2624/1/4295 2626/1/4740
s 1941
f 2624/1/4294 1934/1/4741 1933/1/4294
f 1933/1/4294 2625/1/4741 2624/1/4294
s 1942
f 2625/1/4289 1933/1/4289 1932/1/4742
f 1932/1/4742 2628/1/4742 2625/1/4289
s 1943
f 2629/1/4287 2620/1/4287 2625/1/4287
f 2625/1/4287 2628/1/4287 2629/1/4287
s 1944
f 2620/1/4743 2629/1/4285 2627/1/4285
f 2627/1/4285 2621/1/4285 2620/1/4743
s 1945
f 2630/1/4744 2631/1/4745 2632/1/4745
f 2632/1/4745 2633/1/4745 2630/1/4744
s 1946
f 2634/1/4746 2635/1/4746 2631/1/4746
f 2631/1/4746 2630/1/4747 2634/1/4746
s 1947
f 2631/1/4748 2636/1/4749 2637/1/4750
f 2637/1/4750 2632/1/4751 2631/1/4748
s 1948
f 2638/1/4752 2636/1/4752 2631/1/4752
f 2631/1/4752 2635/1/4752 2638/1/4752
s 1949
f 2615/1/4753 1202/1/4753 1224/1/4753
f 1224/1/4753 2633/1/4753 2615/1/4753
s 1950
f 2633/1/4754 1224/1/4754 1223/1/4754
f 1223/1/4754 2630/1/4754 2633/1/4754
s 1951
f 2634/1/4755 2630/1/4756 1223/1/4756
f 1223/1/4756 1221/1/4756 2634/1/4755
s 1952
f 2634/1/4757 1221/1/4757 1222/1/4757
f 1222/1/4757 2639/1/4757 2634/1/4757
s 1953
f 2639/1/4758 2640/1/4759 2635/1/4760
f 2635/1/4760 2634/1/4760 2639/1/4758
s 1954
f 2638/1/4761 2635/1/4761 2640/1/4761
f 2640/1/4761 2641/1/4761 2638/1/4761
s 1955
f 1839/1/4762 1838/1/4763 2638/1/4762
f 2638/1/4762 2641/1/4764 1839/1/4762
s 1956
f 2638/1/4765 1838/1/4765 1837/1/4765
f 1837/1/4765 2636/1/4765 2638/1/4765
s 1957
f 1837/1/4766 1836/1/4766 2637/1/4766
f 2637/1/4766 2636/1/4766 1837/1/4766
s 1958
f 1836/1/4767 1819/1/4767 2617/1/4767
f 2617/1/4767 2637/1/4767 1836/1/4767
s 1959
f 2616/1/4768 2632/1/4768 2637/1/4769
f 2637/1/4769 2617/1/4768 2616/1/4768
s 1960
f 2632/1/4770 2616/1/4770 2615/1/4770
f 2615/1/4770 2633/1/4770 2632/1/4770
s 1961
f 2642/1/4334 2643/1/4334 2644/1/4334
f 2644/1/4334 2645/1/4334 2642/1/4334
s 1962
f 2646/1/4332 2647/1/4332 2643/1/4771
f 2643/1/4771 2642/1/4333 2646/1/4332
s 1963
f 2643/1/4336 2648/1/4336 2649/1/4336
f 2649/1/4336 2644/1/4336 2643/1/4336
s 1964
f 2647/1/4772 2650/1/4772 2648/1/4772
f 2648/1/4772 2643/1/4772 2647/1/4772
s 1965
f 2645/1/4342 2651/1/4342 1337/1/4342
f 1337/1/4342 1336/1/4342 2645/1/4342
s 1966
f 1346/1/4340 2642/1/4340 2645/1/4340
f 2645/1/4340 1336/1/4340 1346/1/4340
s 1967
f 1346/1/4339 1345/1/4339 2646/1/4339
f 2646/1/4339 2642/1/4339 1346/1/4339
s 1968
f 1345/1/4337 1317/1/4337 2627/1/4337
f 2627/1/4337 2646/1/4337 1345/1/4337
s 1969
f 2647/1/4352 2646/1/4352 2627/1/4352
f 2627/1/4352 2629/1/4352 2647/1/4352
s 1970
f 2628/1/4773 2650/1/4351 2647/1/4350
f 2647/1/4350 2629/1/4351 2628/1/4773
s 1971
f 2628/1/4774 1932/1/4774 1955/1/4774
f 1955/1/4774 2650/1/4774 2628/1/4774
s 1972
f 2650/1/4348 1955/1/4348 1954/1/4775
f 1954/1/4775 2648/1/4776 2650/1/4348
s 1973
f 2648/1/4347 1954/1/4347 1953/1/4347
f 1953/1/4347 2649/1/4347 2648/1/4347
s 1974
f 2649/1/4346 1953/1/4346 1952/1/4777
f 1952/1/4777 2652/1/4778 2649/1/4346
s 1975
f 2653/1/4344 2644/1/4344 2649/1/4344
f 2649/1/4344 2652/1/4344 2653/1/4344
s 1976
f 2644/1/4779 2653/1/4779 2651/1/4779
f 2651/1/4779 2645/1/4779 2644/1/4779
s 1977
f 2654/1/3946 2655/1/3946 2656/1/3946
f 2656/1/3946 2657/1/3946 2654/1/3946
s 1978
f 2658/1/3945 2659/1/3945 2655/1/3945
f 2655/1/3945 2654/1/3945 2658/1/3945
s 1979
f 2655/1/3949 2660/1/3949 2661/1/3949
f 2661/1/3949 2656/1/3949 2655/1/3949
s 1980
f 2662/1/3948 2660/1/3948 2655/1/3948
f 2655/1/3948 2659/1/3948 2662/1/3948
s 1981
f 2639/1/3955 1222/1/3955 1244/1/3955
f 1244/1/3955 2657/1/3955 2639/1/3955
s 1982
f 2657/1/4780 1244/1/4780 1243/1/4780
f 1243/1/4780 2654/1/4780 2657/1/4780
s 1983
f 2658/1/4781 2654/1/3951 1243/1/3951
f 1243/1/3951 1241/1/3951 2658/1/4781
s 1984
f 2658/1/3950 1241/1/3950 1242/1/4782
f 1242/1/4782 2663/1/4783 2658/1/3950
s 1985
f 2663/1/3968 2664/1/3968 2659/1/3968
f 2659/1/3968 2658/1/3968 2663/1/3968
s 1986
f 2662/1/3967 2659/1/3967 2664/1/3967
f 2664/1/3967 2665/1/3967 2662/1/3967
s 1987
f 1859/1/4784 1858/1/4784 2662/1/4784
f 2662/1/4784 2665/1/3965 1859/1/4784
s 1988
f 2662/1/4785 1858/1/3962 1857/1/3962
f 1857/1/3962 2660/1/3962 2662/1/4785
s 1989
f 1857/1/4786 1856/1/4787 2661/1/4786
f 2661/1/4786 2660/1/3960 1857/1/4786
s 1990
f 1856/1/3958 1839/1/3958 2641/1/3958
f 2641/1/3958 2661/1/3958 1856/1/3958
s 1991
f 2640/1/4788 2656/1/3957 2661/1/3957
f 2661/1/3957 2641/1/3957 2640/1/4788
s 1992
f 2639/1/4789 2657/1/4789 2656/1/4789
f 2656/1/4789 2640/1/3956 2639/1/4789
s 1993
f 2666/1/4790 2667/1/4791 2668/1/4790
f 2668/1/4790 2669/1/4398 2666/1/4790
s 1994
f 2670/1/4792 2671/1/4396 2667/1/4396
f 2667/1/4396 2666/1/4396 2670/1/4792
s 1995
f 2667/1/4793 2672/1/4794 2673/1/4793
f 2673/1/4793 2668/1/4793 2667/1/4793
s 1996
f 2671/1/4795 2674/1/4795 2672/1/4795
f 2672/1/4795 2667/1/4796 2671/1/4795
s 1997
f 2669/1/4797 2675/1/4797 1357/1/4798
f 1357/1/4798 1356/1/4797 2669/1/4797
s 1998
f 1366/1/4406 2666/1/4406 2669/1/4406
f 2669/1/4406 1356/1/4406 1366/1/4406
s 1999
f 1366/1/4405 1365/1/4405 2670/1/4405
f 2670/1/4405 2666/1/4405 1366/1/4405
s 2000
f 1365/1/4404 1337/1/4404 2651/1/4404
f 2651/1/4404 2670/1/4404 1365/1/4404
s 2001
f 2671/1/4415 2670/1/4415 2651/1/4415
f 2651/1/4415 2653/1/4415 2671/1/4415
s 2002
f 2652/1/4414 2674/1/4414 2671/1/4414
f 2671/1/4414 2653/1/4414 2652/1/4414
s 2003
f 2652/1/4413 1952/1/4413 1975/1/4413
f 1975/1/4413 2674/1/4413 2652/1/4413
s 2004
f 2674/1/4412 1975/1/4412 1974/1/4412
f 1974/1/4412 2672/1/4412 2674/1/4412
s 2005
f 2672/1/4411 1974/1/4411 1973/1/4411
f 1973/1/4411 2673/1/4411 2672/1/4411
s 2006
f 2673/1/4410 1973/1/4410 1972/1/4799
f 1972/1/4799 2676/1/4410 2673/1/4410
s 2007
f 2677/1/4409 2668/1/4409 2673/1/4409
f 2673/1/4409 2676/1/4409 2677/1/4409
s 2008
f 2668/1/4800 2677/1/4408 2675/1/4800
f 2675/1/4800 2669/1/4408 2668/1/4800
s 2009
f 2678/1/4801 2679/1/4801 2680/1/4802
f 2680/1/4802 2681/1/4801 2678/1/4801
s 2010
f 2682/1/4803 2683/1/4804 2679/1/4804
f 2679/1/4804 2678/1/4804 2682/1/4803
s 2011
f 2679/1/4805 2684/1/4805 2685/1/4805
f 2685/1/4805 2680/1/4805 2679/1/4805
s 2012
f 2686/1/4806 2684/1/4806 2679/1/4806
f 2679/1/4806 2683/1/4806 2686/1/4806
s 2013
f 2663/1/4807 1242/1/4808 1264/1/4809
f 1264/1/4809 2681/1/4810 2663/1/4807
s 2014
f 2681/1/4811 1264/1/4812 1263/1/4811
f 1263/1/4811 2678/1/4811 2681/1/4811
s 2015
f 2682/1/4813 2678/1/4814 1263/1/4815
f 1263/1/4815 1261/1/4816 2682/1/4813
s 2016
f 2682/1/4817 1261/1/4817 1262/1/4817
f 1262/1/4817 2687/1/4817 2682/1/4817
s 2017
f 2687/1/4818 2688/1/4819 2683/1/4819
f 2683/1/4819 2682/1/4819 2687/1/4818
s 2018
f 2686/1/4820 2683/1/4821 2688/1/4822
f 2688/1/4822 2689/1/4823 2686/1/4820
s 2019
f 1879/1/4824 1878/1/4825 2686/1/4825
f 2686/1/4825 2689/1/4825 1879/1/4824
s 2020
f 2686/1/4826 1878/1/4826 1877/1/4826
f 1877/1/4826 2684/1/4826 2686/1/4826
s 2021
f 1877/1/4827 1876/1/4827 2685/1/4827
f 2685/1/4827 2684/1/4827 1877/1/4827
s 2022
f 1876/1/4828 1859/1/4828 2665/1/4828
f 2665/1/4828 2685/1/4828 1876/1/4828
s 2023
f 2664/1/4829 2680/1/4829 2685/1/4829
f 2685/1/4829 2665/1/4829 2664/1/4829
s 2024
f 2663/1/4830 2681/1/4830 2680/1/4830
f 2680/1/4830 2664/1/4830 2663/1/4830
s 2025
f 2690/1/4440 2691/1/4831 2692/1/4440
f 2692/1/4440 2693/1/4440 2690/1/4440
s 2026
f 2694/1/4832 2695/1/4833 2691/1/4437
f 2691/1/4437 2690/1/4437 2694/1/4832
s 2027
f 2691/1/4834 2696/1/4443 2697/1/4835
f 2697/1/4835 2692/1/4836 2691/1/4834
s 2028
f 2695/1/4441 2698/1/4441 2696/1/4441
f 2696/1/4441 2691/1/4441 2695/1/4441
s 2029
f 2693/1/4449 2699/1/4449 1377/1/4449
f 1377/1/4449 1376/1/4449 2693/1/4449
s 2030
f 1386/1/4447 2690/1/4447 2693/1/4447
f 2693/1/4447 1376/1/4447 1386/1/4447
s 2031
f 1386/1/4446 1385/1/4446 2694/1/4446
f 2694/1/4446 2690/1/4446 1386/1/4446
s 2032
f 1385/1/4444 1357/1/4444 2675/1/4444
f 2675/1/4444 2694/1/4444 1385/1/4444
s 2033
f 2695/1/4458 2694/1/4837 2675/1/4458
f 2675/1/4458 2677/1/4458 2695/1/4458
s 2034
f 2676/1/4457 2698/1/4457 2695/1/4457
f 2695/1/4457 2677/1/4457 2676/1/4457
s 2035
f 2676/1/4456 1972/1/4456 1995/1/4456
f 1995/1/4456 2698/1/4456 2676/1/4456
s 2036
f 2698/1/4838 1995/1/4838 1994/1/4838
f 1994/1/4838 2696/1/4838 2698/1/4838
s 2037
f 2696/1/4454 1994/1/4454 1993/1/4454
f 1993/1/4454 2697/1/4454 2696/1/4454
s 2038
f 2697/1/4452 1993/1/4452 1992/1/4452
f 1992/1/4452 2700/1/4452 2697/1/4452
s 2039
f 2697/1/4451 2700/1/4451 2701/1/4451
f 2701/1/4451 2692/1/4451 2697/1/4451
s 2040
f 2692/1/4450 2701/1/4450 2699/1/4450
f 2699/1/4450 2693/1/4450 2692/1/4450
s 2041
f 2702/1/4839 2703/1/4839 2704/1/4839
f 2704/1/4839 2705/1/4839 2702/1/4839
s 2042
f 2706/1/4840 2707/1/4841 2703/1/4842
f 2703/1/4842 2702/1/4843 2706/1/4840
s 2043
f 2703/1/4844 2708/1/4844 2709/1/4844
f 2709/1/4844 2704/1/4844 2703/1/4844
s 2044
f 2710/1/4845 2708/1/4846 2703/1/4847
f 2703/1/4847 2707/1/4848 2710/1/4845
s 2045
f 2687/1/4849 1262/1/4849 1284/1/4849
f 1284/1/4849 2705/1/4849 2687/1/4849
s 2046
f 2705/1/4850 1284/1/4851 1283/1/4851
f 1283/1/4851 2702/1/4851 2705/1/4850
s 2047
f 2706/1/4852 2702/1/4852 1283/1/4853
f 1283/1/4853 1281/1/4852 2706/1/4852
s 2048
f 2706/1/4854 1281/1/4854 1282/1/4854
f 1282/1/4854 2711/1/4854 2706/1/4854
s 2049
f 2711/1/4855 2712/1/4856 2707/1/4856
f 2707/1/4856 2706/1/4856 2711/1/4855
s 2050
f 2710/1/4857 2707/1/4857 2712/1/4857
f 2712/1/4857 2713/1/4857 2710/1/4857
s 2051
f 1899/1/4858 1898/1/4858 2710/1/4858
f 2710/1/4858 2713/1/4858 1899/1/4858
s 2052
f 2710/1/4859 1898/1/4859 1897/1/4860
f 1897/1/4860 2708/1/4859 2710/1/4859
s 2053
f 1897/1/4861 1896/1/4861 2709/1/4861
f 2709/1/4861 2708/1/4861 1897/1/4861
s 2054
f 1896/1/4862 1879/1/4862 2689/1/4862
f 2689/1/4862 2709/1/4862 1896/1/4862
s 2055
f 2688/1/4863 2704/1/4863 2709/1/4863
f 2709/1/4863 2689/1/4864 2688/1/4863
s 2056
f 2704/1/4865 2688/1/4865 2687/1/4865
f 2687/1/4865 2705/1/4865 2704/1/4865
s 2057
f 2714/1/4475 2715/1/4474 2716/1/4474
f 2716/1/4474 2717/1/4475 2714/1/4475
s 2058
f 2718/1/4866 2719/1/4472 2715/1/4472
f 2715/1/4472 2714/1/4472 2718/1/4866
s 2059
f 2715/1/4479 2720/1/4479 2721/1/4479
f 2721/1/4479 2716/1/4867 2715/1/4479
s 2060
f 2719/1/4868 2722/1/4477 2720/1/4868
f 2720/1/4868 2715/1/4868 2719/1/4868
s 2061
f 2717/1/4869 2723/1/4869 1397/1/4488
f 1397/1/4488 1396/1/4488 2717/1/4869
s 2062
f 1406/1/4486 2714/1/4486 2717/1/4485
f 2717/1/4485 1396/1/4870 1406/1/4486
s 2063
f 1406/1/4483 1405/1/4483 2718/1/4871
f 2718/1/4871 2714/1/4483 1406/1/4483
s 2064
f 1405/1/4872 1377/1/4481 2699/1/4481
f 2699/1/4481 2718/1/4873 1405/1/4872
s 2065
f 2719/1/4503 2718/1/4503 2699/1/4874
f 2699/1/4874 2701/1/4503 2719/1/4503
s 2066
f 2700/1/4502 2722/1/4502 2719/1/4502
f 2719/1/4502 2701/1/4502 2700/1/4502
s 2067
f 2700/1/4501 1992/1/4501 2015/1/4501
f 2015/1/4501 2722/1/4501 2700/1/4501
s 2068
f 2722/1/4498 2015/1/4498 2014/1/4498
f 2014/1/4498 2720/1/4875 2722/1/4498
s 2069
f 2720/1/4497 2014/1/4497 2013/1/4497
f 2013/1/4497 2721/1/4497 2720/1/4497
s 2070
f 2721/1/4493 2013/1/4493 2012/1/4493
f 2012/1/4493 2724/1/4493 2721/1/4493
s 2071
f 2721/1/4492 2724/1/4492 2725/1/4492
f 2725/1/4492 2716/1/4492 2721/1/4492
s 2072
f 2716/1/4876 2725/1/4490 2723/1/4877
f 2723/1/4877 2717/1/4490 2716/1/4876
s 2073
f 2726/1/4878 2727/1/4878 2728/1/4878
f 2728/1/4878 2729/1/4878 2726/1/4878
s 2074
f 2730/1/4879 2731/1/4879 2727/1/4879
f 2727/1/4879 2726/1/4879 2730/1/4879
s 2075
f 2727/1/4880 2732/1/4880 2733/1/4880
f 2733/1/4880 2728/1/4880 2727/1/4880
s 2076
f 2734/1/4881 2732/1/4882 2727/1/4882
f 2727/1/4882 2731/1/4882 2734/1/4881
s 2077
f 2711/1/4883 1282/1/4883 1304/1/4884
f 1304/1/4884 2729/1/4883 2711/1/4883
s 2078
f 2729/1/4885 1304/1/4885 1303/1/4886
f 1303/1/4886 2726/1/4886 2729/1/4885
s 2079
f 2730/1/4887 2726/1/4888 1303/1/4888
f 1303/1/4888 1301/1/4887 2730/1/4887
s 2080
f 2730/1/4889 1301/1/4889 1302/1/4889
f 1302/1/4889 2735/1/4889 2730/1/4889
s 2081
f 2735/1/4890 2736/1/4891 2731/1/4891
f 2731/1/4891 2730/1/4891 2735/1/4890
s 2082
f 2734/1/4892 2731/1/4893 2736/1/4893
f 2736/1/4893 2737/1/4893 2734/1/4892
s 2083
f 1919/1/4894 1918/1/4894 2734/1/4894
f 2734/1/4894 2737/1/4894 1919/1/4894
s 2084
f 2734/1/4895 1918/1/4895 1917/1/4895
f 1917/1/4895 2732/1/4895 2734/1/4895
s 2085
f 1917/1/4896 1916/1/4896 2733/1/4896
f 2733/1/4896 2732/1/4896 1917/1/4896
s 2086
f 1916/1/4897 1899/1/4897 2713/1/4897
f 2713/1/4897 2733/1/4897 1916/1/4897
s 2087
f 2712/1/4898 2728/1/4898 2733/1/4898
f 2733/1/4898 2713/1/4898 2712/1/4898
s 2088
f 2711/1/4899 2729/1/4899 2728/1/4899
f 2728/1/4899 2712/1/4899 2711/1/4899
s 2089
f 2738/1/4900 2739/1/4517 2740/1/4517
f 2740/1/4517 2741/1/4517 2738/1/4900
s 2090
f 2742/1/4514 2743/1/4514 2739/1/4901
f 2739/1/4901 2738/1/4514 2742/1/4514
s 2091
f 2739/1/4521 2744/1/4521 2745/1/4521
f 2745/1/4521 2740/1/4521 2739/1/4521
s 2092
f 2743/1/4519 2746/1/4518 2744/1/4519
f 2744/1/4519 2739/1/4518 2743/1/4519
s 2093
f 2741/1/4902 2747/1/4530 1417/1/4903
f 1417/1/4903 1416/1/4904 2741/1/4902
s 2094
f 1426/1/4905 2738/1/4527 2741/1/4905
f 2741/1/4905 1416/1/4905 1426/1/4905
s 2095
f 1426/1/4526 1425/1/4526 2742/1/4526
f 2742/1/4526 2738/1/4526 1426/1/4526
s 2096
f 1425/1/4523 1397/1/4523 2723/1/4523
f 2723/1/4523 2742/1/4523 1425/1/4523
s 2097
f 2743/1/4544 2742/1/4544 2723/1/4906
f 2723/1/4906 2725/1/4906 2743/1/4544
s 2098
f 2724/1/4543 2746/1/4543 2743/1/4543
f 2743/1/4543 2725/1/4543 2724/1/4543
s 2099
f 2724/1/4538 2012/1/4538 2035/1/4538
f 2035/1/4538 2746/1/4538 2724/1/4538
s 2100
f 2746/1/4536 2035/1/4536 2034/1/4536
f 2034/1/4536 2744/1/4536 2746/1/4536
s 2101
f 2744/1/4535 2034/1/4907 2033/1/4535
f 2033/1/4535 2745/1/4535 2744/1/4535
s 2102
f 2745/1/4908 2033/1/4534 2032/1/4908
f 2032/1/4908 2748/1/4909 2745/1/4908
s 2103
f 2749/1/4910 2740/1/4533 2745/1/4533
f 2745/1/4533 2748/1/4533 2749/1/4910
s 2104
f 2740/1/4911 2749/1/4912 2747/1/4913
f 2747/1/4913 2741/1/4914 2740/1/4911
s 2105
f 2750/1/4915 2751/1/4915 2752/1/4915
f 2752/1/4915 2753/1/4915 2750/1/4915
s 2106
f 2754/1/4916 2755/1/4917 2751/1/4916
f 2751/1/4916 2750/1/4918 2754/1/4916
s 2107
f 2751/1/4919 2756/1/4919 2757/1/4919
f 2757/1/4919 2752/1/4919 2751/1/4919
s 2108
f 2758/1/4920 2756/1/4921 2751/1/4920
f 2751/1/4920 2755/1/4921 2758/1/4920
s 2109
f 2735/1/4922 1302/1/4922 1324/1/4922
f 1324/1/4922 2753/1/4922 2735/1/4922
s 2110
f 2753/1/4923 1324/1/4923 1323/1/4923
f 1323/1/4923 2750/1/4923 2753/1/4923
s 2111
f 2754/1/4924 2750/1/4925 1323/1/4925
f 1323/1/4925 1321/1/4925 2754/1/4924
s 2112
f 2754/1/4926 1321/1/4927 1322/1/4927
f 1322/1/4927 2759/1/4928 2754/1/4926
s 2113
f 2759/1/4929 2760/1/4930 2755/1/4930
f 2755/1/4930 2754/1/4930 2759/1/4929
s 2114
f 2758/1/4931 2755/1/4932 2760/1/4931
f 2760/1/4931 2761/1/4933 2758/1/4931
s 2115
f 1939/1/4934 1938/1/4934 2758/1/4934
f 2758/1/4934 2761/1/4934 1939/1/4934
s 2116
f 2758/1/4935 1938/1/4935 1937/1/4935
f 1937/1/4935 2756/1/4935 2758/1/4935
s 2117
f 1937/1/4936 1936/1/4937 2757/1/4938
f 2757/1/4938 2756/1/4938 1937/1/4936
s 2118
f 1936/1/4939 1919/1/4939 2737/1/4939
f 2737/1/4939 2757/1/4939 1936/1/4939
s 2119
f 2736/1/4940 2752/1/4940 2757/1/4940
f 2757/1/4940 2737/1/4940 2736/1/4940
s 2120
f 2735/1/4941 2753/1/4941 2752/1/4941
f 2752/1/4941 2736/1/4941 2735/1/4941
s 2121
f 2762/1/4942 2763/1/4942 2764/1/4942
f 2764/1/4942 2765/1/4559 2762/1/4942
s 2122
f 2766/1/4557 2767/1/4943 2763/1/4944
f 2763/1/4944 2762/1/4557 2766/1/4557
s 2123
f 2763/1/4561 2768/1/4561 2769/1/4561
f 2769/1/4561 2764/1/4561 2763/1/4561
s 2124
f 2767/1/4945 2770/1/4945 2768/1/4946
f 2768/1/4946 2763/1/4560 2767/1/4945
s 2125
f 2765/1/4566 2771/1/4566 1437/1/4566
f 1437/1/4566 1436/1/4566 2765/1/4566
s 2126
f 1446/1/4564 2762/1/4564 2765/1/4564
f 2765/1/4564 1436/1/4564 1446/1/4564
s 2127
f 1446/1/4563 1445/1/4563 2766/1/4563
f 2766/1/4563 2762/1/4563 1446/1/4563
s 2128
f 1445/1/4562 1417/1/4562 2747/1/4562
f 2747/1/4562 2766/1/4562 1445/1/4562
s 2129
f 2767/1/4577 2766/1/4577 2747/1/4577
f 2747/1/4577 2749/1/4577 2767/1/4577
s 2130
f 2748/1/4947 2770/1/4947 2767/1/4576
f 2767/1/4576 2749/1/4576 2748/1/4947
s 2131
f 2748/1/4574 2032/1/4574 2055/1/4574
f 2055/1/4574 2770/1/4574 2748/1/4574
s 2132
f 2770/1/4573 2055/1/4573 2054/1/4573
f 2054/1/4573 2768/1/4573 2770/1/4573
s 2133
f 2768/1/4948 2054/1/4948 2053/1/4948
f 2053/1/4948 2769/1/4948 2768/1/4948
s 2134
f 2769/1/4571 2053/1/4571 2052/1/4571
f 2052/1/4571 2772/1/4571 2769/1/4571
s 2135
f 2773/1/4568 2764/1/4568 2769/1/4568
f 2769/1/4568 2772/1/4568 2773/1/4568
s 2136
f 2764/1/4949 2773/1/4567 2771/1/4950
f 2771/1/4950 2765/1/4567 2764/1/4949
s 2137
f 2774/1/4951 2775/1/4951 2776/1/4952
f 2776/1/4952 2777/1/4951 2774/1/4951
s 2138
f 2778/1/4953 2779/1/4953 2775/1/4953
f 2775/1/4953 2774/1/4953 2778/1/4953
s 2139
f 2775/1/4954 2780/1/4954 2781/1/4955
f 2781/1/4955 2776/1/4955 2775/1/4954
s 2140
f 2782/1/4956 2780/1/4957 2775/1/4956
f 2775/1/4956 2779/1/4956 2782/1/4956
s 2141
f 2759/1/4958 1322/1/4958 1344/1/4958
f 1344/1/4958 2777/1/4958 2759/1/4958
s 2142
f 2777/1/4959 1344/1/4960 1343/1/4961
f 1343/1/4961 2774/1/4959 2777/1/4959
s 2143
f 2778/1/4962 2774/1/4963 1343/1/4964
f 1343/1/4964 1341/1/4965 2778/1/4962
s 2144
f 2778/1/4966 1341/1/4967 1342/1/4966
f 1342/1/4966 2783/1/4968 2778/1/4966
s 2145
f 2783/1/4969 2784/1/4970 2779/1/4970
f 2779/1/4970 2778/1/4970 2783/1/4969
s 2146
f 2782/1/4971 2779/1/4971 2784/1/4971
f 2784/1/4971 2785/1/4971 2782/1/4971
s 2147
f 1959/1/4972 1958/1/4973 2782/1/4974
f 2782/1/4974 2785/1/4973 1959/1/4972
s 2148
f 2782/1/4975 1958/1/4975 1957/1/4975
f 1957/1/4975 2780/1/4975 2782/1/4975
s 2149
f 1957/1/4976 1956/1/4977 2781/1/4978
f 2781/1/4978 2780/1/4979 1957/1/4976
s 2150
f 1956/1/4980 1939/1/4981 2761/1/4981
f 2761/1/4981 2781/1/4980 1956/1/4980
s 2151
f 2760/1/4982 2776/1/4982 2781/1/4982
f 2781/1/4982 2761/1/4982 2760/1/4982
s 2152
f 2776/1/4983 2760/1/4983 2759/1/4984
f 2759/1/4984 2777/1/4985 2776/1/4983
s 2153
f 2786/1/4986 2787/1/4595 2788/1/4595
f 2788/1/4595 2789/1/4595 2786/1/4986
s 2154
f 2790/1/4987 2791/1/4987 2787/1/4988
f 2787/1/4988 2786/1/4988 2790/1/4987
s 2155
f 2787/1/4989 2792/1/4989 2793/1/4989
f 2793/1/4989 2788/1/4603 2787/1/4989
s 2156
f 2791/1/4990 2794/1/4990 2792/1/4990
f 2792/1/4990 2787/1/4599 2791/1/4990
s 2157
f 2789/1/4608 2795/1/4608 1457/1/4991
f 1457/1/4991 1456/1/4608 2789/1/4608
s 2158
f 1466/1/4992 2786/1/4607 2789/1/4607
f 2789/1/4607 1456/1/4607 1466/1/4992
s 2159
f 1466/1/4605 1465/1/4605 2790/1/4605
f 2790/1/4605 2786/1/4605 1466/1/4605
s 2160
f 1465/1/4993 1437/1/4604 2771/1/4993
f 2771/1/4993 2790/1/4994 1465/1/4993
s 2161
f 2791/1/4622 2790/1/4622 2771/1/4622
f 2771/1/4622 2773/1/4622 2791/1/4622
s 2162
f 2772/1/4621 2794/1/4995 2791/1/4621
f 2791/1/4621 2773/1/4621 2772/1/4621
s 2163
f 2772/1/4996 2052/1/4997 2075/1/4620
f 2075/1/4620 2794/1/4620 2772/1/4996
s 2164
f 2794/1/4619 2075/1/4619 2074/1/4998
f 2074/1/4998 2792/1/4619 2794/1/4619
s 2165
f 2792/1/4616 2074/1/4616 2073/1/4616
f 2073/1/4616 2793/1/4616 2792/1/4616
s 2166
f 2793/1/4615 2073/1/4615 2072/1/4615
f 2072/1/4615 2796/1/4615 2793/1/4615
s 2167
f 2793/1/4999 2796/1/4999 2797/1/4999
f 2797/1/4999 2788/1/4999 2793/1/4999
s 2168
f 2788/1/5000 2797/1/4610 2795/1/5000
f 2795/1/5000 2789/1/5000 2788/1/5000
s 2169
f 2798/1/4804 2799/1/4804 2800/1/4804
f 2800/1/4804 2801/1/5001 2798/1/4804
s 2170
f 2802/1/4801 2803/1/4801 2799/1/4801
f 2799/1/4801 2798/1/4801 2802/1/4801
s 2171
f 2799/1/5002 2804/1/5003 2805/1/5003
f 2805/1/5003 2800/1/5003 2799/1/5002
s 2172
f 2799/1/4805 2803/1/4805 2806/1/4805
f 2806/1/4805 2804/1/4805 2799/1/4805
s 2173
f 2801/1/5004 2807/1/4817 933/1/4817
f 933/1/4817 932/1/4817 2801/1/5004
s 2174
f 2801/1/5005 932/1/4814 946/1/5006
f 946/1/5006 2798/1/4814 2801/1/5005
s 2175
f 944/1/4811 2802/1/4811 2798/1/4811
f 2798/1/4811 946/1/4811 944/1/4811
s 2176
f 2201/1/5007 2802/1/4810 944/1/5008
f 944/1/5008 945/1/5009 2201/1/5007
s 2177
f 2802/1/4830 2201/1/4830 2206/1/4830
f 2206/1/4830 2803/1/4830 2802/1/4830
s 2178
f 2803/1/4829 2206/1/4829 2205/1/4829
f 2205/1/4829 2806/1/4829 2803/1/4829
s 2179
f 911/1/5010 910/1/4828 2806/1/5010
f 2806/1/5010 2205/1/5010 911/1/5010
s 2180
f 2806/1/5011 910/1/4827 909/1/5011
f 909/1/5011 2804/1/5012 2806/1/5011
s 2181
f 2805/1/5013 2804/1/5013 909/1/5014
f 909/1/5014 908/1/5014 2805/1/5013
s 2182
f 908/1/4825 907/1/4825 2808/1/5015
f 2808/1/5015 2805/1/4825 908/1/4825
s 2183
f 2800/1/4823 2805/1/4823 2808/1/4823
f 2808/1/4823 2809/1/4823 2800/1/4823
s 2184
f 2800/1/4819 2809/1/4819 2807/1/4819
f 2807/1/4819 2801/1/5016 2800/1/4819
s 2185
f 2810/1/5017 2811/1/5017 2812/1/5017
f 2812/1/5017 2813/1/5017 2810/1/5017
s 2186
f 2814/1/5018 2815/1/5019 2811/1/5020
f 2811/1/5020 2810/1/3970 2814/1/5018
s 2187
f 2811/1/5021 2816/1/5021 2817/1/5021
f 2817/1/5021 2812/1/5022 2811/1/5021
s 2188
f 2818/1/5023 2816/1/5024 2811/1/5024
f 2811/1/5024 2815/1/5024 2818/1/5023
s 2189
f 2783/1/3981 1342/1/3981 1364/1/3981
f 1364/1/3981 2813/1/3981 2783/1/3981
s 2190
f 2813/1/3980 1364/1/3980 1363/1/3980
f 1363/1/3980 2810/1/3980 2813/1/3980
s 2191
f 2814/1/5025 2810/1/5025 1363/1/3979
f 1363/1/3979 1361/1/3979 2814/1/5025
s 2192
f 2819/1/3977 2814/1/3977 1361/1/3977
f 1361/1/3977 1362/1/3977 2819/1/3977
s 2193
f 2819/1/5026 2820/1/3997 2815/1/3997
f 2815/1/3997 2814/1/5027 2819/1/5026
s 2194
f 2818/1/3995 2815/1/3995 2820/1/3995
f 2820/1/3995 2821/1/3995 2818/1/3995
s 2195
f 2818/1/5028 2821/1/5028 1979/1/5028
f 1979/1/5028 1978/1/5028 2818/1/5028
s 2196
f 2818/1/3991 1978/1/3991 1977/1/3991
f 1977/1/3991 2816/1/3991 2818/1/3991
s 2197
f 1977/1/3989 1976/1/5029 2817/1/5030
f 2817/1/5030 2816/1/3989 1977/1/3989
s 2198
f 1976/1/5031 1959/1/5031 2785/1/5031
f 2785/1/5031 2817/1/5031 1976/1/5031
s 2199
f 2785/1/3985 2784/1/3985 2812/1/3985
f 2812/1/3985 2817/1/3985 2785/1/3985
s 2200
f 2783/1/3983 2813/1/3983 2812/1/3983
f 2812/1/3983 2784/1/3983 2783/1/3983
s 2201
f 2822/1/5032 2823/1/5032 2824/1/5033
f 2824/1/5033 2825/1/5034 2822/1/5032
s 2202
f 2826/1/4636 2827/1/4636 2823/1/4636
f 2823/1/4636 2822/1/4636 2826/1/4636
s 2203
f 2823/1/5035 2828/1/5035 2829/1/5035
f 2829/1/5035 2824/1/5035 2823/1/5035
s 2204
f 2827/1/4638 2830/1/4638 2828/1/4638
f 2828/1/4638 2823/1/4638 2827/1/4638
s 2205
f 2825/1/4645 2831/1/4645 1477/1/4645
f 1477/1/4645 1476/1/4645 2825/1/4645
s 2206
f 1486/1/4644 2822/1/4644 2825/1/4644
f 2825/1/4644 1476/1/4644 1486/1/4644
s 2207
f 1486/1/5036 1485/1/5036 2826/1/4642
f 2826/1/4642 2822/1/5036 1486/1/5036
s 2208
f 1485/1/5037 1457/1/5038 2795/1/5038
f 2795/1/5038 2826/1/4641 1485/1/5037
s 2209
f 2827/1/4662 2826/1/4662 2795/1/4662
f 2795/1/4662 2797/1/4662 2827/1/4662
s 2210
f 2796/1/5039 2830/1/4661 2827/1/5040
f 2827/1/5040 2797/1/4661 2796/1/5039
s 2211
f 2796/1/4660 2072/1/4660 2095/1/4660
f 2095/1/4660 2830/1/4660 2796/1/4660
s 2212
f 2830/1/4656 2095/1/4656 2094/1/4656
f 2094/1/4656 2828/1/4656 2830/1/4656
s 2213
f 2828/1/4654 2094/1/4654 2093/1/4654
f 2093/1/4654 2829/1/4654 2828/1/4654
s 2214
f 2093/1/4650 2092/1/4650 2832/1/4650
f 2832/1/4650 2829/1/4650 2093/1/4650
s 2215
f 2824/1/5041 2829/1/5042 2832/1/5041
f 2832/1/5041 2833/1/5043 2824/1/5041
s 2216
f 2825/1/4647 2824/1/4647 2833/1/4647
f 2833/1/4647 2831/1/4647 2825/1/4647
s 2217
f 2834/1/5044 2835/1/5044 2836/1/5045
f 2836/1/5045 2837/1/5045 2834/1/5044
s 2218
f 2838/1/5046 2839/1/5046 2835/1/5046
f 2835/1/5046 2834/1/5046 2838/1/5046
s 2219
f 2835/1/4846 2840/1/4846 2841/1/4846
f 2841/1/4846 2836/1/4846 2835/1/4846
s 2220
f 2835/1/4844 2839/1/4844 2842/1/5047
f 2842/1/5047 2840/1/4844 2835/1/4844
s 2221
f 957/1/5048 956/1/4854 2837/1/4854
f 2837/1/4854 2843/1/4854 957/1/5048
s 2222
f 2837/1/4852 956/1/4852 966/1/4852
f 966/1/4852 2834/1/4852 2837/1/4852
s 2223
f 966/1/4851 965/1/5049 2838/1/5049
f 2838/1/5049 2834/1/4851 966/1/4851
s 2224
f 2838/1/4849 965/1/5050 933/1/4849
f 933/1/4849 2807/1/5051 2838/1/4849
s 2225
f 2809/1/4865 2839/1/4865 2838/1/4865
f 2838/1/4865 2807/1/4865 2809/1/4865
s 2226
f 2808/1/4863 2842/1/4863 2839/1/4863
f 2839/1/4863 2809/1/4863 2808/1/4863
s 2227
f 907/1/5052 1575/1/5053 2842/1/5053
f 2842/1/5053 2808/1/5054 907/1/5052
s 2228
f 2842/1/4861 1575/1/4861 1574/1/4861
f 1574/1/4861 2840/1/4861 2842/1/4861
s 2229
f 2841/1/5055 2840/1/4859 1574/1/5055
f 1574/1/5055 1571/1/5056 2841/1/5055
s 2230
f 1571/1/5057 1573/1/5058 2844/1/5059
f 2844/1/5059 2841/1/5060 1571/1/5057
s 2231
f 2836/1/4857 2841/1/5061 2844/1/4857
f 2844/1/4857 2845/1/4857 2836/1/4857
s 2232
f 2836/1/5062 2845/1/5063 2843/1/5062
f 2843/1/5062 2837/1/5062 2836/1/5062
s 2233
f 2846/1/5064 2847/1/5064 2848/1/5064
f 2848/1/5064 2849/1/5064 2846/1/5064
s 2234
f 2850/1/4049 2851/1/4049 2847/1/4049
f 2847/1/4049 2846/1/4049 2850/1/4049
s 2235
f 2847/1/5065 2852/1/5066 2853/1/5067
f 2853/1/5067 2848/1/5068 2847/1/5065
s 2236
f 2854/1/4052 2852/1/5069 2847/1/5069
f 2847/1/5069 2851/1/4052 2854/1/4052
s 2237
f 2819/1/4059 1362/1/4059 1384/1/5070
f 1384/1/5070 2849/1/4059 2819/1/4059
s 2238
f 2849/1/5071 1384/1/5072 1383/1/5073
f 1383/1/5073 2846/1/5073 2849/1/5071
s 2239
f 2850/1/4057 2846/1/4057 1383/1/5074
f 1383/1/5074 1381/1/4057 2850/1/4057
s 2240
f 2855/1/4055 2850/1/4055 1381/1/4055
f 1381/1/4055 1382/1/4055 2855/1/4055
s 2241
f 2855/1/4070 2856/1/4070 2851/1/4070
f 2851/1/4070 2850/1/4070 2855/1/4070
s 2242
f 2854/1/4069 2851/1/4069 2856/1/4069
f 2856/1/4069 2857/1/4069 2854/1/4069
s 2243
f 2854/1/4068 2857/1/4068 1999/1/4068
f 1999/1/4068 1998/1/4068 2854/1/4068
s 2244
f 2854/1/4067 1998/1/4067 1997/1/5075
f 1997/1/5075 2852/1/4067 2854/1/4067
s 2245
f 1997/1/4065 1996/1/4065 2853/1/4065
f 2853/1/4065 2852/1/4065 1997/1/4065
s 2246
f 1996/1/4064 1979/1/4064 2821/1/4064
f 2821/1/4064 2853/1/4064 1996/1/4064
s 2247
f 2848/1/4062 2853/1/4062 2821/1/5076
f 2821/1/5076 2820/1/5077 2848/1/4062
s 2248
f 2849/1/4060 2848/1/4060 2820/1/4060
f 2820/1/4060 2819/1/4060 2849/1/4060
s 2249
f 2858/1/4681 2859/1/4681 2860/1/4681
f 2860/1/4681 2861/1/4681 2858/1/4681
s 2250
f 2862/1/4680 2863/1/4680 2859/1/4680
f 2859/1/4680 2858/1/4680 2862/1/4680
s 2251
f 2859/1/4684 2864/1/4684 2865/1/4684
f 2865/1/4684 2860/1/4684 2859/1/4684
s 2252
f 2863/1/4683 2866/1/4683 2864/1/4683
f 2864/1/4683 2859/1/4683 2863/1/4683
s 2253
f 2861/1/5078 2867/1/4690 1497/1/5079
f 1497/1/5079 1496/1/4690 2861/1/5078
s 2254
f 1506/1/5080 2858/1/4688 2861/1/5081
f 2861/1/5081 1496/1/4688 1506/1/5080
s 2255
f 1506/1/4687 1505/1/4687 2862/1/4687
f 2862/1/4687 2858/1/4687 1506/1/4687
s 2256
f 1505/1/4685 1477/1/4685 2831/1/4685
f 2831/1/4685 2862/1/4685 1505/1/4685
s 2257
f 2862/1/4704 2831/1/4704 2833/1/5082
f 2833/1/5082 2863/1/4704 2862/1/4704
s 2258
f 2832/1/4702 2866/1/4702 2863/1/4702
f 2863/1/4702 2833/1/4702 2832/1/4702
s 2259
f 2115/1/5083 2866/1/5083 2832/1/5084
f 2832/1/5084 2092/1/4699 2115/1/5083
s 2260
f 2866/1/4696 2115/1/4696 2114/1/5085
f 2114/1/5085 2864/1/4696 2866/1/4696
s 2261
f 2864/1/5086 2114/1/4694 2113/1/5087
f 2113/1/5087 2865/1/5088 2864/1/5086
s 2262
f 2113/1/4693 2112/1/4693 2868/1/4693
f 2868/1/4693 2865/1/4693 2113/1/4693
s 2263
f 2860/1/4692 2865/1/4692 2868/1/4692
f 2868/1/4692 2869/1/4692 2860/1/4692
s 2264
f 2861/1/5089 2860/1/4691 2869/1/5089
f 2869/1/5089 2867/1/5090 2861/1/5089
s 2265
f 2870/1/4879 2871/1/4879 2872/1/4879
f 2872/1/4879 2873/1/4879 2870/1/4879
s 2266
f 2874/1/4878 2875/1/4878 2871/1/4878
f 2871/1/4878 2870/1/4878 2874/1/4878
s 2267
f 2871/1/4882 2876/1/4882 2877/1/4882
f 2877/1/4882 2872/1/4882 2871/1/4882
s 2268
f 2871/1/4880 2875/1/4880 2878/1/4880
f 2878/1/4880 2876/1/4880 2871/1/4880
s 2269
f 2873/1/4889 2879/1/4889 977/1/4889
f 977/1/4889 976/1/4889 2873/1/4889
s 2270
f 2873/1/4888 976/1/5091 986/1/5092
f 986/1/5092 2870/1/4888 2873/1/4888
s 2271
f 2870/1/4886 986/1/4886 985/1/4886
f 985/1/4886 2874/1/5093 2870/1/4886
s 2272
f 985/1/5094 957/1/4883 2843/1/4884
f 2843/1/4884 2874/1/4884 985/1/5094
s 2273
f 2845/1/5095 2875/1/4899 2874/1/5095
f 2874/1/5095 2843/1/5096 2845/1/5095
s 2274
f 2844/1/5097 2878/1/5097 2875/1/5097
f 2875/1/5097 2845/1/4898 2844/1/5097
s 2275
f 1595/1/5098 2878/1/5099 2844/1/5098
f 2844/1/5098 1573/1/4897 1595/1/5098
s 2276
f 2878/1/5100 1595/1/4896 1594/1/4896
f 1594/1/4896 2876/1/5100 2878/1/5100
s 2277
f 2877/1/5101 2876/1/5102 1594/1/5102
f 1594/1/5102 1593/1/5102 2877/1/5101
s 2278
f 1593/1/5103 1592/1/4894 2880/1/5103
f 2880/1/5103 2877/1/5103 1593/1/5103
s 2279
f 2872/1/5104 2877/1/4893 2880/1/4893
f 2880/1/4893 2881/1/4893 2872/1/5104
s 2280
f 2872/1/4890 2881/1/4891 2879/1/5105
f 2879/1/5105 2873/1/4891 2872/1/4890
s 2281
f 2882/1/5106 2883/1/4130 2884/1/4131
f 2884/1/4131 2885/1/4131 2882/1/5106
s 2282
f 2886/1/4129 2887/1/5107 2883/1/4129
f 2883/1/4129 2882/1/4127 2886/1/4129
s 2283
f 2883/1/4135 2888/1/4135 2889/1/5108
f 2889/1/5108 2884/1/4135 2883/1/4135
s 2284
f 2890/1/4134 2888/1/4134 2883/1/4134
f 2883/1/4134 2887/1/4134 2890/1/4134
s 2285
f 2855/1/5109 1382/1/5110 1404/1/4141
f 1404/1/4141 2885/1/4141 2855/1/5109
s 2286
f 2885/1/4140 1404/1/4140 1403/1/4140
f 1403/1/4140 2882/1/4140 2885/1/4140
s 2287
f 2886/1/5111 2882/1/4138 1403/1/5112
f 1403/1/5112 1401/1/5111 2886/1/5111
s 2288
f 2891/1/5113 2886/1/4136 1401/1/4136
f 1401/1/4136 1402/1/5114 2891/1/5113
s 2289
f 2891/1/4154 2892/1/4154 2887/1/4154
f 2887/1/4154 2886/1/4154 2891/1/4154
s 2290
f 2890/1/5115 2887/1/4153 2892/1/4153
f 2892/1/4153 2893/1/4153 2890/1/5115
s 2291
f 2890/1/4152 2893/1/5116 2019/1/4152
f 2019/1/4152 2018/1/4152 2890/1/4152
s 2292
f 2890/1/5117 2018/1/4150 2017/1/4150
f 2017/1/4150 2888/1/4151 2890/1/5117
s 2293
f 2017/1/5118 2016/1/5118 2889/1/5118
f 2889/1/5118 2888/1/4148 2017/1/5118
s 2294
f 2016/1/5119 1999/1/4147 2857/1/4147
f 2857/1/4147 2889/1/5120 2016/1/5119
s 2295
f 2884/1/5121 2889/1/5121 2857/1/5122
f 2857/1/5122 2856/1/5121 2884/1/5121
s 2296
f 2885/1/4142 2884/1/4142 2856/1/5123
f 2856/1/5123 2855/1/5123 2885/1/4142
s 2297
f 2894/1/4714 2895/1/4714 2896/1/4714
f 2896/1/4714 2897/1/4714 2894/1/4714
s 2298
f 2898/1/5124 2899/1/5124 2895/1/5124
f 2895/1/5124 2894/1/4713 2898/1/5124
s 2299
f 2895/1/4718 2900/1/4718 2901/1/4718
f 2901/1/4718 2896/1/4718 2895/1/4718
s 2300
f 2899/1/4716 2902/1/4716 2900/1/4716
f 2900/1/4716 2895/1/4716 2899/1/4716
s 2301
f 2897/1/4723 2903/1/4723 1517/1/4723
f 1517/1/4723 1516/1/4723 2897/1/4723
s 2302
f 1526/1/4721 2894/1/4721 2897/1/5125
f 2897/1/5125 1516/1/5125 1526/1/4721
s 2303
f 1526/1/5126 1525/1/5127 2898/1/5128
f 2898/1/5128 2894/1/5129 1526/1/5126
s 2304
f 1525/1/5130 1497/1/5131 2867/1/5132
f 2867/1/5132 2898/1/5132 1525/1/5130
s 2305
f 2898/1/5133 2867/1/4735 2869/1/4735
f 2869/1/4735 2899/1/4735 2898/1/5133
s 2306
f 2868/1/5134 2902/1/4734 2899/1/4734
f 2899/1/4734 2869/1/4734 2868/1/5134
s 2307
f 2135/1/5135 2902/1/4733 2868/1/4733
f 2868/1/4733 2112/1/5136 2135/1/5135
s 2308
f 2902/1/5137 2135/1/4730 2134/1/5138
f 2134/1/5138 2900/1/4730 2902/1/5137
s 2309
f 2900/1/5139 2134/1/4728 2133/1/5140
f 2133/1/5140 2901/1/4728 2900/1/5139
s 2310
f 2133/1/4727 2132/1/5141 2904/1/5141
f 2904/1/5141 2901/1/4727 2133/1/4727
s 2311
f 2896/1/4726 2901/1/4726 2904/1/4726
f 2904/1/4726 2905/1/4726 2896/1/4726
s 2312
f 2897/1/5142 2896/1/4725 2905/1/5142
f 2905/1/5142 2903/1/4725 2897/1/5142
s 2313
f 2906/1/4918 2907/1/4918 2908/1/4918
f 2908/1/4918 2909/1/4918 2906/1/4918
s 2314
f 2910/1/4915 2911/1/4915 2907/1/4915
f 2907/1/4915 2906/1/4915 2910/1/4915
s 2315
f 2907/1/4921 2912/1/4921 2913/1/4921
f 2913/1/4921 2908/1/4921 2907/1/4921
s 2316
f 2907/1/4919 2911/1/4919 2914/1/4919
f 2914/1/4919 2912/1/4919 2907/1/4919
s 2317
f 2909/1/5143 2915/1/5143 997/1/5143
f 997/1/5143 996/1/5143 2909/1/5143
s 2318
f 2909/1/4925 996/1/4925 1006/1/4925
f 1006/1/4925 2906/1/4925 2909/1/4925
s 2319
f 2910/1/5144 2906/1/4923 1006/1/5145
f 1006/1/5145 1005/1/5146 2910/1/5144
s 2320
f 1005/1/4922 977/1/4922 2879/1/4922
f 2879/1/4922 2910/1/4922 1005/1/4922
s 2321
f 2881/1/4941 2911/1/5147 2910/1/4941
f 2910/1/4941 2879/1/4941 2881/1/4941
s 2322
f 2880/1/5148 2914/1/4940 2911/1/4940
f 2911/1/4940 2881/1/4940 2880/1/5148
s 2323
f 1615/1/4939 2914/1/4939 2880/1/4939
f 2880/1/4939 1592/1/4939 1615/1/4939
s 2324
f 2914/1/4937 1615/1/4937 1614/1/4937
f 1614/1/4937 2912/1/4937 2914/1/4937
s 2325
f 1614/1/4935 1613/1/5149 2913/1/5150
f 2913/1/5150 2912/1/4935 1614/1/4935
s 2326
f 1613/1/4934 1612/1/4934 2916/1/4934
f 2916/1/4934 2913/1/4934 1613/1/4934
s 2327
f 2908/1/5151 2913/1/4933 2916/1/4933
f 2916/1/4933 2917/1/4933 2908/1/5151
s 2328
f 2908/1/4930 2917/1/4930 2915/1/4930
f 2915/1/4930 2909/1/4930 2908/1/4930
s 2329
f 2918/1/4210 2919/1/4210 2920/1/4210
f 2920/1/4210 2921/1/4210 2918/1/4210
s 2330
f 2922/1/4208 2923/1/4208 2919/1/5152
f 2919/1/5152 2918/1/4208 2922/1/4208
s 2331
f 2919/1/4212 2924/1/4212 2925/1/4212
f 2925/1/4212 2920/1/5153 2919/1/4212
s 2332
f 2926/1/4211 2924/1/4211 2919/1/4211
f 2919/1/4211 2923/1/5154 2926/1/4211
s 2333
f 2891/1/5155 1402/1/5156 1424/1/5155
f 1424/1/5155 2921/1/4218 2891/1/5155
s 2334
f 2921/1/5157 1424/1/5158 1423/1/5159
f 1423/1/5159 2918/1/4217 2921/1/5157
s 2335
f 2922/1/4216 2918/1/4216 1423/1/4216
f 1423/1/4216 1421/1/4216 2922/1/4216
s 2336
f 1421/1/4215 1422/1/5160 2186/1/4215
f 2186/1/4215 2922/1/4215 1421/1/4215
s 2337
f 2191/1/4231 2923/1/4231 2922/1/4231
f 2922/1/4231 2186/1/4231 2191/1/4231
s 2338
f 2926/1/5161 2923/1/5161 2191/1/5161
f 2191/1/5161 2190/1/5162 2926/1/5161
s 2339
f 2926/1/5163 2190/1/5163 2039/1/5163
f 2039/1/5163 2038/1/4226 2926/1/5163
s 2340
f 2926/1/5164 2038/1/5164 2037/1/4225
f 2037/1/4225 2924/1/4225 2926/1/5164
s 2341
f 2037/1/4223 2036/1/4223 2925/1/5165
f 2925/1/5165 2924/1/4223 2037/1/4223
s 2342
f 2036/1/4222 2019/1/5166 2893/1/4222
f 2893/1/4222 2925/1/4222 2036/1/4222
s 2343
f 2920/1/4220 2925/1/4220 2893/1/4220
f 2893/1/4220 2892/1/5167 2920/1/4220
s 2344
f 2921/1/4219 2920/1/4219 2892/1/5168
f 2892/1/5168 2891/1/4219 2921/1/4219
s 2345
f 2927/1/4746 2928/1/4746 2929/1/4746
f 2929/1/4746 2930/1/4746 2927/1/4746
s 2346
f 2931/1/5169 2932/1/4745 2928/1/5169
f 2928/1/5169 2927/1/4745 2931/1/5169
s 2347
f 2928/1/4752 2933/1/4752 2934/1/5170
f 2934/1/5170 2929/1/4752 2928/1/4752
s 2348
f 2932/1/5171 2935/1/5172 2933/1/5171
f 2933/1/5171 2928/1/5173 2932/1/5171
s 2349
f 2930/1/4757 2202/1/4757 1537/1/4757
f 1537/1/4757 1536/1/4757 2930/1/4757
s 2350
f 1546/1/4756 2927/1/5174 2930/1/5174
f 2930/1/5174 1536/1/4756 1546/1/4756
s 2351
f 1546/1/4754 1545/1/5175 2931/1/5175
f 2931/1/5175 2927/1/4754 1546/1/4754
s 2352
f 1545/1/4753 1517/1/4753 2903/1/4753
f 2903/1/4753 2931/1/4753 1545/1/4753
s 2353
f 2931/1/4770 2903/1/4770 2905/1/5176
f 2905/1/5176 2932/1/5176 2931/1/4770
s 2354
f 2904/1/5177 2935/1/5178 2932/1/5177
f 2932/1/5177 2905/1/5178 2904/1/5177
s 2355
f 2155/1/4767 2935/1/4767 2904/1/4767
f 2904/1/4767 2132/1/4767 2155/1/4767
s 2356
f 2935/1/5179 2155/1/5180 2154/1/5181
f 2154/1/5181 2933/1/4766 2935/1/5179
s 2357
f 2933/1/5182 2154/1/4765 2153/1/5182
f 2153/1/5182 2934/1/5182 2933/1/5182
s 2358
f 2153/1/5183 2152/1/5184 2204/1/5183
f 2204/1/5183 2934/1/5183 2153/1/5183
s 2359
f 2934/1/4761 2204/1/4761 2203/1/4761
f 2203/1/4761 2929/1/4761 2934/1/4761
s 2360
f 2930/1/4760 2929/1/4760 2203/1/4760
f 2203/1/4760 2202/1/4760 2930/1/4760
s 2361
f 2936/1/4953 2937/1/4953 2938/1/4953
f 2938/1/4953 2939/1/4953 2936/1/4953
s 2362
f 2940/1/5185 2941/1/5186 2937/1/4952
f 2937/1/4952 2936/1/5186 2940/1/5185
s 2363
f 2937/1/4956 2942/1/4956 2943/1/4956
f 2943/1/4956 2938/1/4956 2937/1/4956
s 2364
f 2937/1/5187 2941/1/5187 2944/1/5187
f 2944/1/5187 2942/1/5188 2937/1/5187
s 2365
f 2939/1/4967 2217/1/5189 1017/1/4967
f 1017/1/4967 1016/1/4967 2939/1/4967
s 2366
f 2939/1/4965 1016/1/4965 1026/1/4965
f 1026/1/4965 2936/1/4965 2939/1/4965
s 2367
f 2940/1/4960 2936/1/4959 1026/1/4959
f 1026/1/4959 1025/1/5190 2940/1/4960
s 2368
f 1025/1/5191 997/1/5191 2915/1/5191
f 2915/1/5191 2940/1/5191 1025/1/5191
s 2369
f 2917/1/4985 2941/1/4985 2940/1/4985
f 2940/1/4985 2915/1/4985 2917/1/4985
s 2370
f 2916/1/4982 2944/1/5192 2941/1/4982
f 2941/1/4982 2917/1/4982 2916/1/4982
s 2371
f 1635/1/4980 2944/1/4980 2916/1/4980
f 2916/1/4980 1612/1/4980 1635/1/4980
s 2372
f 2944/1/5193 1635/1/4979 1634/1/5194
f 1634/1/5194 2942/1/4979 2944/1/5193
s 2373
f 1634/1/4975 1633/1/4975 2943/1/4975
f 2943/1/4975 2942/1/4975 1634/1/4975
s 2374
f 1633/1/4973 1632/1/4973 2219/1/4973
f 2219/1/4973 2943/1/4973 1633/1/4973
s 2375
f 2219/1/5195 2218/1/5196 2938/1/5197
f 2938/1/5197 2943/1/4971 2219/1/5195
s 2376
f 2939/1/5198 2938/1/4970 2218/1/5199
f 2218/1/5199 2217/1/4970 2939/1/5198
s 2377
f 2945/1/1 2946/1/1 2947/1/1
f 2947/1/1 2948/1/1 2949/1/1
f 2945/1/1 2947/1/1 2949/1/1
f 2949/1/1 2950/1/1 2951/1/1
f 2951/1/1 2952/1/1 2953/1/1
f 2949/1/1 2951/1/1 2953/1/1
f 2945/1/1 2949/1/1 2953/1/1
f 2953/1/1 2954/1/1 2955/1/1
f 2955/1/1 2956/1/1 2957/1/1
f 2953/1/1 2955/1/1 2957/1/1
f 2957/1/1 2958/1/1 2959/1/1
f 2959/1/1 2960/1/1 2961/1/1
f 2957/1/1 2959/1/1 2961/1/1
f 2953/1/1 2957/1/1 2961/1/1
f 2961/1/1 2962/1/1 2963/1/1
f 2963/1/1 2964/1/1 2965/1/1
f 2961/1/1 2963/1/1 2965/1/1
f 2965/1/1 2966/1/1 2967/1/1
f 2967/1/1 2968/1/1 2969/1/1
f 2965/1/1 2967/1/1 2969/1/1
f 2961/1/1 2965/1/1 2969/1/1
f 2953/1/1 2961/1/1 2969/1/1
f 2945/1/1 2953/1/1 2969/1/1
f 2970/1/1 2971/1/1 2972/1/1
f 2969/1/1 2970/1/1 2972/1/1
f 2969/1/1 2972/1/1 2973/1/1
f 2945/1/1 2969/1/1 2973/1/1
f 2974/1/1 2945/1/1 2973/1/1
f 2974/1/1 2973/1/1 2975/1/1
f 2974/1/1 2975/1/1 2976/1/1
s 2378
f 2977/1/5200 2978/1/5200 2979/1/5200
f 2979/1/5200 2980/1/5200 2977/1/5200
s 2379
f 2981/1/5201 2969/1/5202 2968/1/5201
f 2968/1/5201 2982/1/5201 2981/1/5201
s 2380
f 2954/1/5203 2983/1/5203 2984/1/5203
f 2984/1/5203 2955/1/5203 2954/1/5203
s 2381
f 2968/1/5204 2967/1/5205 2985/1/5205
f 2985/1/5205 2982/1/5206 2968/1/5204
s 2382
f 2953/1/5207 2986/1/5208 2983/1/5209
f 2983/1/5209 2954/1/5207 2953/1/5207
s 2383
f 2966/1/5210 2987/1/5211 2985/1/5212
f 2985/1/5212 2967/1/5213 2966/1/5210
s 2384
f 2952/1/5214 2988/1/5215 2986/1/5214
f 2986/1/5214 2953/1/5215 2952/1/5214
s 2385
f 2965/1/5216 2989/1/5217 2987/1/5218
f 2987/1/5218 2966/1/5219 2965/1/5216
s 2386
f 2951/1/5220 2990/1/5221 2988/1/5221
f 2988/1/5221 2952/1/5221 2951/1/5220
s 2387
f 2964/1/5222 2991/1/5223 2989/1/5224
f 2989/1/5224 2965/1/5223 2964/1/5222
s 2388
f 2950/1/5225 2992/1/5226 2990/1/5227
f 2990/1/5227 2951/1/5228 2950/1/5225
s 2389
f 2963/1/5229 2993/1/5230 2991/1/5231
f 2991/1/5231 2964/1/5232 2963/1/5229
s 2390
f 2994/1/5233 2945/1/5234 2974/1/5233
f 2974/1/5233 2995/1/5235 2994/1/5233
s 2391
f 2949/1/5236 2996/1/5237 2992/1/5238
f 2992/1/5238 2950/1/5239 2949/1/5236
s 2392
f 2962/1/5240 2997/1/5240 2993/1/5240
f 2993/1/5240 2963/1/5240 2962/1/5240
s 2393
f 2995/1/5241 2974/1/5242 2976/1/5242
f 2976/1/5242 2998/1/5242 2995/1/5241
s 2394
f 2948/1/5243 2999/1/5244 2996/1/5245
f 2996/1/5245 2949/1/5245 2948/1/5243
s 2395
f 2961/1/5246 3000/1/5247 2997/1/5248
f 2997/1/5248 2962/1/5248 2961/1/5246
s 2396
f 2998/1/5249 2976/1/5250 2975/1/5250
f 2975/1/5250 2980/1/5249 2998/1/5249
s 2397
f 2947/1/5251 3001/1/5251 2999/1/5252
f 2999/1/5252 2948/1/5253 2947/1/5251
s 2398
f 2960/1/5254 3002/1/5254 3000/1/5255
f 3000/1/5255 2961/1/5256 2960/1/5254
s 2399
f 2975/1/5257 2973/1/5258 2977/1/5257
f 2977/1/5257 2980/1/5259 2975/1/5257
s 2400
f 2946/1/5260 3003/1/5261 3001/1/5260
f 3001/1/5260 2947/1/5262 2946/1/5260
s 2401
f 2959/1/5263 3004/1/5263 3002/1/5263
f 3002/1/5263 2960/1/5263 2959/1/5263
s 2402
f 2972/1/5264 3005/1/5264 2977/1/5265
f 2977/1/5265 2973/1/5266 2972/1/5264
s 2403
f 2946/1/5267 2945/1/5268 2994/1/5269
f 2994/1/5269 3003/1/5270 2946/1/5267
s 2404
f 2958/1/5271 3006/1/5272 3004/1/5273
f 3004/1/5273 2959/1/5274 2958/1/5271
s 2405
f 3007/1/5275 3005/1/5276 2972/1/5275
f 2972/1/5275 2971/1/5277 3007/1/5275
s 2406
f 2957/1/5278 3008/1/5279 3006/1/5280
f 3006/1/5280 2958/1/5281 2957/1/5278
s 2407
f 2970/1/5282 3009/1/5283 3007/1/5284
f 3007/1/5284 2971/1/5285 2970/1/5282
s 2408
f 2956/1/5286 3010/1/5286 3008/1/5287
f 3008/1/5287 2957/1/5288 2956/1/5286
s 2409
f 2981/1/5289 3009/1/5290 2970/1/5289
f 2970/1/5289 2969/1/5289 2981/1/5289
s 2410
f 2955/1/5291 2984/1/5292 3010/1/5293
f 3010/1/5293 2956/1/5294 2955/1/5291
s 2411
f 3011/1/2 3012/1/2 2979/1/2
f 2979/1/2 2978/1/2 3013/1/2
f 3011/1/2 2979/1/2 3013/1/2
f 3013/1/2 3014/1/2 3015/1/2
f 3013/1/2 3015/1/2 3016/1/2
f 3011/1/2 3013/1/2 3016/1/2
f 3011/1/2 3016/1/2 3017/1/2
f 3017/1/2 3018/1/2 3019/1/2
f 3019/1/2 3020/1/2 3021/1/2
f 3017/1/2 3019/1/2 3021/1/2
f 3021/1/2 3022/1/2 3023/1/2
f 3023/1/2 3024/1/2 3025/1/2
f 3021/1/2 3023/1/2 3025/1/2
f 3017/1/2 3021/1/2 3025/1/2
f 3025/1/2 3026/1/2 3027/1/2
f 3027/1/2 3028/1/2 3029/1/2
f 3025/1/2 3027/1/2 3029/1/2
f 3029/1/2 3030/1/2 3031/1/2
f 3031/1/2 3032/1/2 3033/1/2
f 3029/1/2 3031/1/2 3033/1/2
f 3025/1/2 3029/1/2 3033/1/2
f 3017/1/2 3025/1/2 3033/1/2
f 3033/1/2 3034/1/2 3035/1/2
f 3035/1/2 3036/1/2 3037/1/2
f 3033/1/2 3035/1/2 3037/1/2
f 3037/1/2 3038/1/2 3039/1/2
f 3037/1/2 3039/1/2 3040/1/2
f 3033/1/2 3037/1/2 3040/1/2
f 3017/1/2 3033/1/2 3040/1/2
f 3011/1/2 3017/1/2 3040/1/2
s 2412
f 3003/1/5295 3039/1/5296 3038/1/5295
f 3038/1/5295 3001/1/5295 3003/1/5295
s 2413
f 3004/1/5297 3026/1/5298 3025/1/5297
f 3025/1/5297 3002/1/5297 3004/1/5297
s 2414
f 3005/1/5299 3013/1/5299 2978/1/5299
f 2978/1/5299 2977/1/5299 3005/1/5299
s 2415
f 3003/1/5300 2994/1/5301 3040/1/5301
f 3040/1/5301 3039/1/5302 3003/1/5300
s 2416
f 3006/1/5303 3027/1/5304 3026/1/5304
f 3026/1/5304 3004/1/5305 3006/1/5303
s 2417
f 3007/1/5306 3014/1/5306 3013/1/5306
f 3013/1/5306 3005/1/5306 3007/1/5306
s 2418
f 3008/1/5307 3028/1/5307 3027/1/5307
f 3027/1/5307 3006/1/5307 3008/1/5307
s 2419
f 3009/1/5308 3015/1/5309 3014/1/5308
f 3014/1/5308 3007/1/5309 3009/1/5308
s 2420
f 3010/1/5310 3029/1/5310 3028/1/5310
f 3028/1/5310 3008/1/5310 3010/1/5310
s 2421
f 2981/1/5311 3016/1/5312 3015/1/5311
f 3015/1/5311 3009/1/5312 2981/1/5311
s 2422
f 2984/1/5313 3030/1/5313 3029/1/5313
f 3029/1/5313 3010/1/5313 2984/1/5313
s 2423
f 2982/1/5314 3017/1/5315 3016/1/5314
f 3016/1/5314 2981/1/5316 2982/1/5314
s 2424
f 2983/1/5317 3031/1/5317 3030/1/5317
f 3030/1/5317 2984/1/5317 2983/1/5317
s 2425
f 2985/1/5318 3018/1/5319 3017/1/5318
f 3017/1/5318 2982/1/5318 2985/1/5318
s 2426
f 2986/1/5320 3032/1/5321 3031/1/5322
f 3031/1/5322 2983/1/5322 2986/1/5320
s 2427
f 2987/1/5323 3019/1/5323 3018/1/5323
f 3018/1/5323 2985/1/5323 2987/1/5323
s 2428
f 2988/1/5324 3033/1/5325 3032/1/5324
f 3032/1/5324 2986/1/5325 2988/1/5324
s 2429
f 2989/1/5326 3020/1/5326 3019/1/5326
f 3019/1/5326 2987/1/5326 2989/1/5326
s 2430
f 2990/1/5327 3034/1/5328 3033/1/5329
f 3033/1/5329 2988/1/5327 2990/1/5327
s 2431
f 2991/1/5330 3021/1/5330 3020/1/5330
f 3020/1/5330 2989/1/5330 2991/1/5330
s 2432
f 2992/1/5331 3035/1/5331 3034/1/5331
f 3034/1/5331 2990/1/5331 2992/1/5331
s 2433
f 2993/1/5332 3022/1/5332 3021/1/5332
f 3021/1/5332 2991/1/5332 2993/1/5332
s 2434
f 2995/1/5333 3011/1/5333 3040/1/5333
f 3040/1/5333 2994/1/5333 2995/1/5333
s 2435
f 2996/1/5334 3036/1/5334 3035/1/5334
f 3035/1/5334 2992/1/5334 2996/1/5334
s 2436
f 2997/1/5335 3023/1/5335 3022/1/5335
f 3022/1/5335 2993/1/5335 2997/1/5335
s 2437
f 2998/1/5336 3012/1/5337 3011/1/5336
f 3011/1/5336 2995/1/5337 2998/1/5336
s 2438
f 2999/1/5338 3037/1/5338 3036/1/5338
f 3036/1/5338 2996/1/5338 2999/1/5338
s 2439
f 3000/1/5339 3024/1/5339 3023/1/5339
f 3023/1/5339 2997/1/5339 3000/1/5339
s 2440
f 2980/1/5340 2979/1/5340 3012/1/5340
f 3012/1/5340 2998/1/5340 2980/1/5340
s 2441
f 3001/1/5341 3038/1/5342 3037/1/5342
f 3037/1/5342 2999/1/5343 3001/1/5341
s 2442
f 3002/1/5344 3025/1/5345 3024/1/5344
f 3024/1/5344 3000/1/5346 3002/1/5344
s 2443
f 3041/1/1 3042/1/1 3043/1/1
f 3043/1/1 3044/1/1 3045/1/1
f 3041/1/1 3043/1/1 3045/1/1
f 3045/1/1 3046/1/1 3047/1/1
f 3047/1/1 3048/1/1 3049/1/1
f 3045/1/1 3047/1/1 3049/1/1
f 3041/1/1 3045/1/1 3049/1/1
f 3049/1/1 3050/1/1 3051/1/1
f 3051/1/1 3052/1/1 3053/1/1
f 3049/1/1 3051/1/1 3053/1/1
f 3053/1/1 3054/1/1 3055/1/1
f 3055/1/1 3056/1/1 3057/1/1
f 3053/1/1 3055/1/1 3057/1/1
f 3049/1/1 3053/1/1 3057/1/1
f 3057/1/1 3058/1/1 3059/1/1
f 3059/1/1 3060/1/1 3061/1/1
f 3057/1/1 3059/1/1 3061/1/1
f 3061/1/1 3062/1/1 3063/1/1
f 3063/1/1 3064/1/1 3065/1/1
f 3061/1/1 3063/1/1 3065/1/1
f 3057/1/1 3061/1/1 3065/1/1
f 3049/1/1 3057/1/1 3065/1/1
f 3041/1/1 3049/1/1 3065/1/1
f 3066/1/1 3067/1/1 3068/1/1
f 3065/1/1 3066/1/1 3068/1/1
f 3065/1/1 3068/1/1 3069/1/1
f 3041/1/1 3065/1/1 3069/1/1
f 3070/1/1 3041/1/1 3069/1/1
f 3070/1/1 3069/1/1 3071/1/1
f 3070/1/1 3071/1/1 3072/1/1
s 2444
f 3073/1/5347 3074/1/5347 3075/1/5347
f 3075/1/5347 3076/1/5347 3073/1/5347
s 2445
f 3043/1/5348 3077/1/5349 3078/1/5350
f 3078/1/5350 3044/1/5351 3043/1/5348
s 2446
f 3056/1/5352 3079/1/5353 3080/1/5354
f 3080/1/5354 3057/1/5355 3056/1/5352
s 2447
f 3071/1/5356 3069/1/5357 3081/1/5357
f 3081/1/5357 3082/1/5358 3071/1/5356
s 2448
f 3042/1/5359 3083/1/5360 3077/1/5359
f 3077/1/5359 3043/1/5361 3042/1/5359
s 2449
f 3055/1/5362 3084/1/5363 3079/1/5364
f 3079/1/5364 3056/1/5365 3055/1/5362
s 2450
f 3068/1/5366 3085/1/5366 3081/1/5367
f 3081/1/5367 3069/1/5368 3068/1/5366
s 2451
f 3042/1/5369 3041/1/5370 3086/1/5371
f 3086/1/5371 3083/1/5372 3042/1/5369
s 2452
f 3054/1/5373 3087/1/5374 3084/1/5373
f 3084/1/5373 3055/1/5375 3054/1/5373
s 2453
f 3088/1/5376 3085/1/5377 3068/1/5378
f 3068/1/5378 3067/1/5379 3088/1/5376
s 2454
f 3053/1/5380 3089/1/5381 3087/1/5382
f 3087/1/5382 3054/1/5383 3053/1/5380
s 2455
f 3066/1/5384 3090/1/5385 3088/1/5386
f 3088/1/5386 3067/1/5386 3066/1/5384
s 2456
f 3052/1/5387 3091/1/5388 3089/1/5389
f 3089/1/5389 3053/1/5390 3052/1/5387
s 2457
f 3092/1/5391 3090/1/5392 3066/1/5393
f 3066/1/5393 3065/1/5394 3092/1/5391
s 2458
f 3051/1/5395 3093/1/5396 3091/1/5397
f 3091/1/5397 3052/1/5398 3051/1/5395
s 2459
f 3092/1/5399 3065/1/5400 3064/1/5401
f 3064/1/5401 3094/1/5402 3092/1/5399
s 2460
f 3050/1/5403 3095/1/5404 3093/1/5405
f 3093/1/5405 3051/1/5404 3050/1/5403
s 2461
f 3064/1/5406 3063/1/5407 3096/1/5408
f 3096/1/5408 3094/1/5409 3064/1/5406
s 2462
f 3049/1/5410 3076/1/5411 3095/1/5412
f 3095/1/5412 3050/1/5413 3049/1/5410
s 2463
f 3062/1/5414 3097/1/5414 3096/1/5415
f 3096/1/5415 3063/1/5416 3062/1/5414
s 2464
f 3048/1/5417 3073/1/5418 3076/1/5419
f 3076/1/5419 3049/1/5420 3048/1/5417
s 2465
f 3061/1/5421 3098/1/5422 3097/1/5423
f 3097/1/5423 3062/1/5424 3061/1/5421
s 2466
f 3047/1/5425 3099/1/5426 3073/1/5427
f 3073/1/5427 3048/1/5428 3047/1/5425
s 2467
f 3060/1/5429 3100/1/5429 3098/1/5430
f 3098/1/5430 3061/1/5431 3060/1/5429
s 2468
f 3046/1/5432 3101/1/5433 3099/1/5433
f 3099/1/5433 3047/1/5434 3046/1/5432
s 2469
f 3059/1/5435 3102/1/5436 3100/1/5435
f 3100/1/5435 3060/1/5437 3059/1/5435
s 2470
f 3086/1/5438 3041/1/5439 3070/1/5440
f 3070/1/5440 3103/1/5441 3086/1/5438
s 2471
f 3045/1/5442 3104/1/5443 3101/1/5444
f 3101/1/5444 3046/1/5445 3045/1/5442
s 2472
f 3058/1/5446 3105/1/5447 3102/1/5448
f 3102/1/5448 3059/1/5449 3058/1/5446
s 2473
f 3103/1/5450 3070/1/5451 3072/1/5452
f 3072/1/5452 3106/1/5453 3103/1/5450
s 2474
f 3044/1/5454 3078/1/5455 3104/1/5456
f 3104/1/5456 3045/1/5457 3044/1/5454
s 2475
f 3057/1/5458 3080/1/5459 3105/1/5460
f 3105/1/5460 3058/1/5461 3057/1/5458
s 2476
f 3106/1/5462 3072/1/5463 3071/1/5464
f 3071/1/5464 3082/1/5465 3106/1/5462
s 2477
f 3107/1/2 3108/1/2 3109/1/2
f 3109/1/2 3110/1/2 3111/1/2
f 3107/1/2 3109/1/2 3111/1/2
f 3111/1/2 3112/1/2 3113/1/2
f 3111/1/2 3113/1/2 3114/1/2
f 3107/1/2 3111/1/2 3114/1/2
f 3107/1/2 3114/1/2 3115/1/2
f 3115/1/2 3116/1/2 3117/1/2
f 3117/1/2 3118/1/2 3119/1/2
f 3115/1/2 3117/1/2 3119/1/2
f 3119/1/2 3120/1/2 3121/1/2
f 3121/1/2 3122/1/2 3123/1/2
f 3119/1/2 3121/1/2 3123/1/2
f 3115/1/2 3119/1/2 3123/1/2
f 3123/1/2 3124/1/2 3125/1/2
f 3125/1/2 3126/1/2 3127/1/2
f 3123/1/2 3125/1/2 3127/1/2
f 3127/1/2 3128/1/2 3129/1/2
f 3129/1/2 3075/1/2 3074/1/2
f 3127/1/2 3129/1/2 3074/1/2
f 3123/1/2 3127/1/2 3074/1/2
f 3115/1/2 3123/1/2 3074/1/2
f 3074/1/2 3130/1/2 3131/1/2
f 3131/1/2 3132/1/2 3133/1/2
f 3074/1/2 3131/1/2 3133/1/2
f 3133/1/2 3134/1/2 3135/1/2
f 3133/1/2 3135/1/2 3136/1/2
f 3074/1/2 3133/1/2 3136/1/2
f 3115/1/2 3074/1/2 3136/1/2
f 3107/1/2 3115/1/2 3136/1/2
s 2478
f 3098/1/5326 3118/1/5466 3117/1/5326
f 3117/1/5326 3097/1/5466 3098/1/5326
s 2479
f 3099/1/5328 3130/1/5328 3074/1/5328
f 3074/1/5328 3073/1/5328 3099/1/5328
s 2480
f 3100/1/5330 3119/1/5467 3118/1/5330
f 3118/1/5330 3098/1/5468 3100/1/5330
s 2481
f 3101/1/5469 3131/1/5469 3130/1/5469
f 3130/1/5469 3099/1/5469 3101/1/5469
s 2482
f 3102/1/5470 3120/1/5470 3119/1/5470
f 3119/1/5470 3100/1/5470 3102/1/5470
s 2483
f 3103/1/5471 3107/1/5471 3136/1/5471
f 3136/1/5471 3086/1/5472 3103/1/5471
s 2484
f 3104/1/5473 3132/1/5474 3131/1/5473
f 3131/1/5473 3101/1/5475 3104/1/5473
s 2485
f 3105/1/5335 3121/1/5335 3120/1/5335
f 3120/1/5335 3102/1/5335 3105/1/5335
s 2486
f 3106/1/5337 3108/1/5337 3107/1/5337
f 3107/1/5337 3103/1/5337 3106/1/5337
s 2487
f 3078/1/5476 3133/1/5477 3132/1/5476
f 3132/1/5476 3104/1/5477 3078/1/5476
s 2488
f 3080/1/5478 3122/1/5478 3121/1/5478
f 3121/1/5478 3105/1/5479 3080/1/5478
s 2489
f 3082/1/5480 3109/1/5480 3108/1/5480
f 3108/1/5480 3106/1/5480 3082/1/5480
s 2490
f 3077/1/5341 3134/1/5341 3133/1/5341
f 3133/1/5341 3078/1/5341 3077/1/5341
s 2491
f 3079/1/5344 3123/1/5344 3122/1/5344
f 3122/1/5344 3080/1/5481 3079/1/5344
s 2492
f 3081/1/5482 3110/1/5483 3109/1/5482
f 3109/1/5482 3082/1/5484 3081/1/5482
s 2493
f 3083/1/5295 3135/1/5295 3134/1/5295
f 3134/1/5295 3077/1/5295 3083/1/5295
s 2494
f 3084/1/5297 3124/1/5297 3123/1/5297
f 3123/1/5297 3079/1/5297 3084/1/5297
s 2495
f 3085/1/5485 3111/1/5485 3110/1/5485
f 3110/1/5485 3081/1/5485 3085/1/5485
s 2496
f 3083/1/5300 3086/1/5486 3136/1/5300
f 3136/1/5300 3135/1/5300 3083/1/5300
s 2497
f 3087/1/5303 3125/1/5303 3124/1/5303
f 3124/1/5303 3084/1/5303 3087/1/5303
s 2498
f 3088/1/5487 3112/1/5487 3111/1/5487
f 3111/1/5487 3085/1/5487 3088/1/5487
s 2499
f 3089/1/5488 3126/1/5489 3125/1/5489
f 3125/1/5489 3087/1/5488 3089/1/5488
s 2500
f 3090/1/5490 3113/1/5490 3112/1/5490
f 3112/1/5490 3088/1/5490 3090/1/5490
s 2501
f 3091/1/5491 3127/1/5491 3126/1/5491
f 3126/1/5491 3089/1/5491 3091/1/5491
s 2502
f 3092/1/5492 3114/1/5492 3113/1/5492
f 3113/1/5492 3090/1/5492 3092/1/5492
s 2503
f 3093/1/5493 3128/1/5493 3127/1/5493
f 3127/1/5493 3091/1/5493 3093/1/5493
s 2504
f 3094/1/5314 3115/1/5314 3114/1/5314
f 3114/1/5314 3092/1/5314 3094/1/5314
s 2505
f 3095/1/5317 3129/1/5317 3128/1/5317
f 3128/1/5317 3093/1/5317 3095/1/5317
s 2506
f 3096/1/5318 3116/1/5318 3115/1/5318
f 3115/1/5318 3094/1/5318 3096/1/5318
s 2507
f 3076/1/5320 3075/1/5320 3129/1/5320
f 3129/1/5320 3095/1/5320 3076/1/5320
s 2508
f 3097/1/5494 3117/1/5494 3116/1/5494
f 3116/1/5494 3096/1/5494 3097/1/5494
s 2509
f 3137/2/5495 3138/3/5495 3139/4/5496
f 3139/4/5496 3140/5/5496 3137/2/5495
s 2510
f 3138/3/5497 3141/6/5497 3142/7/5497
f 3142/7/5497 3139/4/5497 3138/3/5497
s 2511
f 3141/6/5498 3143/8/5498 3144/9/5498
f 3144/9/5498 3142/7/5498 3141/6/5498
s 2512
f 3143/8/5499 3145/10/5499 3146/11/5499
f 3146/11/5499 3144/9/5499 3143/8/5499
s 2513
f 3147/12/5500 3148/13/5500 3146/11/5500
f 3146/11/5500 3145/10/5501 3147/12/5500
s 2514
f 3149/14/5502 3148/13/5502 3147/12/5503
f 3147/12/5503 3150/15/5503 3149/14/5502
s 2515
f 3151/16/5504 3149/14/5504 3150/15/5504
f 3150/15/5504 3152/17/5504 3151/16/5504
s 2516
f 3153/18/5505 3154/19/5506 3151/16/5505
f 3151/16/5505 3152/17/5507 3153/18/5505
s 2517
f 3155/20/5508 3154/19/5508 3153/18/5508
f 3153/18/5508 3156/21/5508 3155/20/5508
s 2518
f 3157/22/5509 3155/20/5509 3156/21/5509
f 3156/21/5509 3158/23/5509 3157/22/5509
s 2519
f 3159/24/5510 3157/22/5510 3158/23/5510
f 3158/23/5510 3160/25/5510 3159/24/5510
s 2520
f 3161/26/5511 3162/27/5511 3159/24/5511
f 3159/24/5511 3160/25/5511 3161/26/5511
s 2521
f 3163/28/5512 3162/27/5512 3161/26/5512
f 3161/26/5512 3164/29/5513 3163/28/5512
s 2522
f 3165/30/5514 3163/28/5514 3164/29/5514
f 3164/29/5514 3166/31/5514 3165/30/5514
s 2523
f 3167/32/5515 3165/30/5515 3166/31/5515
f 3166/31/5515 3168/33/5515 3167/32/5515
s 2524
f 3169/34/5516 3167/32/5516 3168/33/5517
f 3168/33/5517 3170/35/5516 3169/34/5516
s 2525
f 3171/36/5518 3169/34/5518 3170/35/5518
f 3170/35/5518 3172/37/5519 3171/36/5518
s 2526
f 3173/38/5520 3171/36/5520 3172/37/5520
f 3172/37/5520 3174/39/5520 3173/38/5520
s 2527
f 3175/40/5521 3173/38/5521 3174/39/5521
f 3174/39/5521 3176/41/5521 3175/40/5521
s 2528
f 3177/42/5522 3178/43/5522 3175/40/5522
f 3175/40/5522 3176/41/5522 3177/42/5522
s 2529
f 3177/42/5523 3179/44/5523 3180/45/5523
f 3180/45/5523 3178/43/5523 3177/42/5523
s 2530
f 3181/46/5524 3180/45/5524 3179/44/5525
f 3179/44/5525 3182/47/5525 3181/46/5524
s 2531
f 3183/48/5526 3181/46/5526 3182/47/5526
f 3182/47/5526 3184/49/5526 3183/48/5526
s 2532
f 3185/50/5527 3186/51/5527 3183/48/5527
f 3183/48/5527 3184/49/5527 3185/50/5527
s 2533
f 3187/52/5528 3188/53/5528 3186/51/5528
f 3186/51/5528 3185/50/5528 3187/52/5528
s 2534
f 3189/54/5529 3188/53/5529 3187/52/5529
f 3187/52/5529 3190/55/5529 3189/54/5529
s 2535
f 3191/56/5530 3192/57/5530 3189/54/5530
f 3189/54/5530 3190/55/5530 3191/56/5530
s 2536
f 3193/58/5531 3192/57/5531 3191/56/5531
f 3191/56/5531 3194/59/5531 3193/58/5531
s 2537
f 3195/60/5532 3193/58/5533 3194/59/5532
f 3194/59/5532 3196/61/5533 3195/60/5532
s 2538
f 3197/62/5534 3198/63/5534 3195/60/5535
f 3195/60/5535 3196/61/5534 3197/62/5534
s 2539
f 3153/18/5536 3199/18/5537 3200/21/5537
f 3200/21/5537 3156/21/5536 3153/18/5536
s 2540
f 3201/64/5538 3202/65/5538 3198/63/5538
f 3198/63/5538 3197/62/5538 3201/64/5538
s 2541
f 3202/65/5539 3201/64/5540 3137/66/5541
f 3137/66/5541 3140/67/5539 3202/65/5539
s 2542
f 3139/68/5542 3142/69/1 3144/70/5543
f 3139/68/5542 3144/70/5543 3146/71/1
f 3146/71/1 3148/72/5544 3149/73/1
f 3149/73/1 3151/74/1 3154/75/1
f 3154/75/1 3155/76/5545 3157/77/1
f 3149/73/1 3154/75/1 3157/77/1
f 3146/71/1 3149/73/1 3157/77/1
f 3157/77/1 3159/78/1 3162/79/1
f 3162/79/1 3163/80/5544 3165/81/1
f 3157/77/1 3162/79/1 3165/81/1
f 3165/81/1 3167/82/5546 3169/83/1
f 3169/83/1 3171/84/5547 3173/85/1
f 3165/81/1 3169/83/1 3173/85/1
f 3173/85/1 3175/86/1 3178/87/1
f 3178/87/1 3180/88/5546 3181/89/1
f 3173/85/1 3178/87/1 3181/89/1
f 3181/89/1 3183/90/1 3186/91/1
f 3186/91/1 3188/92/5542 3189/93/1
f 3181/89/1 3186/91/1 3189/93/1
f 3173/85/1 3181/89/1 3189/93/1
f 3165/81/1 3173/85/1 3189/93/1
f 3157/77/1 3165/81/1 3189/93/1
f 3146/71/1 3157/77/1 3189/93/1
f 3189/93/1 3192/94/1 3193/95/5545
f 3193/95/5545 3195/96/5546 3198/97/1
f 3189/93/1 3193/95/5545 3198/97/1
f 3146/71/1 3189/93/1 3198/97/1
f 3139/68/5542 3146/71/1 3198/97/1
f 3140/98/1 3139/68/5542 3198/97/1
f 3140/98/1 3198/97/1 3202/99/1
s 2543
f 3203/8/5548 3204/8/5549 3205/10/5549
f 3205/10/5549 3206/10/5548 3203/8/5548
s 2544
f 3207/39/5550 3174/39/5551 3172/37/5550
f 3172/37/5550 3208/37/5552 3207/39/5550
s 2545
f 3209/56/5553 3191/56/5554 3190/55/5554
f 3190/55/5554 3210/55/5553 3209/56/5553
s 2546
f 3211/12/5555 3147/12/5555 3145/10/5555
f 3145/10/5555 3206/10/5555 3211/12/5555
s 2547
f 3212/31/5556 3166/31/5557 3164/29/5558
f 3164/29/5558 3213/29/5556 3212/31/5556
s 2548
f 3214/49/5559 3184/49/5559 3182/47/5559
f 3182/47/5559 3215/47/5560 3214/49/5559
s 2549
f 3138/3/5561 3137/2/5561 3216/2/5561
f 3216/2/5561 3217/3/5561 3138/3/5561
s 2550
f 3201/64/5562 3218/64/5563 3216/66/5563
f 3216/66/5563 3137/66/5562 3201/64/5562
s 2551
f 3219/23/5564 3158/23/5564 3156/21/5564
f 3156/21/5564 3200/21/5564 3219/23/5564
s 2552
f 3220/41/5565 3176/41/5565 3174/39/5565
f 3174/39/5565 3207/39/5565 3220/41/5565
s 2553
f 3209/56/5566 3221/59/5566 3194/59/5566
f 3194/59/5566 3191/56/5566 3209/56/5566
s 2554
f 3222/15/5567 3150/15/5567 3147/12/5567
f 3147/12/5567 3211/12/5567 3222/15/5567
s 2555
f 3223/33/5568 3168/33/5568 3166/31/5568
f 3166/31/5568 3212/31/5568 3223/33/5568
s 2556
f 3224/50/5569 3185/50/5569 3184/49/5569
f 3184/49/5569 3214/49/5569 3224/50/5569
s 2557
f 3217/3/5570 3225/6/5571 3141/6/5570
f 3141/6/5570 3138/3/5570 3217/3/5570
s 2558
f 3226/25/5572 3160/25/5573 3158/23/5573
f 3158/23/5573 3219/23/5573 3226/25/5572
s 2559
f 3220/41/5574 3227/42/5574 3177/42/5574
f 3177/42/5574 3176/41/5574 3220/41/5574
s 2560
f 3196/61/5575 3194/59/5575 3221/59/5575
f 3221/59/5575 3228/61/5576 3196/61/5575
s 2561
f 3229/17/5577 3152/17/5577 3150/15/5577
f 3150/15/5577 3222/15/5577 3229/17/5577
s 2562
f 3230/35/5578 3170/35/5578 3168/33/5578
f 3168/33/5578 3223/33/5578 3230/35/5578
s 2563
f 3231/52/5579 3187/52/5579 3185/50/5579
f 3185/50/5579 3224/50/5579 3231/52/5579
s 2564
f 3203/8/5580 3143/8/5580 3141/6/5580
f 3141/6/5580 3225/6/5580 3203/8/5580
s 2565
f 3232/26/5581 3161/26/5581 3160/25/5581
f 3160/25/5581 3226/25/5581 3232/26/5581
s 2566
f 3233/44/5582 3179/44/5582 3177/42/5582
f 3177/42/5582 3227/42/5582 3233/44/5582
s 2567
f 3197/62/5583 3196/61/5583 3228/61/5584
f 3228/61/5584 3234/62/5585 3197/62/5583
s 2568
f 3152/17/5586 3229/17/5586 3199/18/5586
f 3199/18/5586 3153/18/5586 3152/17/5586
s 2569
f 3208/37/5587 3172/37/5588 3170/35/5588
f 3170/35/5588 3230/35/5587 3208/37/5587
s 2570
f 3210/55/5589 3190/55/5590 3187/52/5589
f 3187/52/5589 3231/52/5591 3210/55/5589
s 2571
f 3145/10/5592 3143/8/5592 3203/8/5593
f 3203/8/5593 3206/10/5593 3145/10/5592
s 2572
f 3213/29/5594 3164/29/5594 3161/26/5594
f 3161/26/5594 3232/26/5594 3213/29/5594
s 2573
f 3215/47/5595 3182/47/5595 3179/44/5595
f 3179/44/5595 3233/44/5596 3215/47/5595
s 2574
f 3201/64/5597 3197/62/5597 3234/62/5598
f 3234/62/5598 3218/64/5599 3201/64/5597
s 2575
f 3235/100/5600 3236/101/5601 3237/102/5602
f 3237/102/5602 3238/103/5603 3239/104/5600
f 3235/100/5600 3237/102/5602 3239/104/5600
f 3239/104/5600 3240/105/5604 3241/106/5605
f 3241/106/5605 3242/107/5606 3243/108/5607
f 3239/104/5600 3241/106/5605 3243/108/5607
f 3243/108/5607 3244/109/5608 3245/110/5609
f 3245/110/5609 3246/111/5610 3247/112/5600
f 3243/108/5607 3245/110/5609 3247/112/5600
f 3239/104/5600 3243/108/5607 3247/112/5600
f 3247/112/5600 3248/113/5611 3249/114/5612
f 3249/114/5612 3250/115/5613 3251/116/5600
f 3247/112/5600 3249/114/5612 3251/116/5600
f 3251/116/5600 3252/117/5614 3253/118/5602
f 3253/118/5602 3254/119/5602 3255/120/5600
f 3251/116/5600 3253/118/5602 3255/120/5600
f 3247/112/5600 3251/116/5600 3255/120/5600
f 3239/104/5600 3247/112/5600 3255/120/5600
f 3255/120/5600 3256/121/5615 3257/122/5605
f 3257/122/5605 3258/123/5616 3259/124/5600
f 3255/120/5600 3257/122/5605 3259/124/5600
f 3255/120/5600 3259/124/5600 3260/125/5600
f 3239/104/5600 3255/120/5600 3260/125/5600
f 3260/125/5600 3261/126/5617 3262/127/5614
f 3262/127/5614 3263/128/5618 3205/129/5600
f 3260/125/5600 3262/127/5614 3205/129/5600
f 3239/104/5600 3260/125/5600 3205/129/5600
f 3235/100/5600 3239/104/5600 3205/129/5600
f 3235/100/5600 3205/129/5600 3204/130/5619
f 3235/100/5600 3204/130/5619 3264/131/5609
s 2576
f 3234/62/5620 3238/62/5621 3237/64/5622
f 3237/64/5622 3218/64/5622 3234/62/5620
s 2577
f 3208/37/5623 3251/37/5624 3250/39/5625
f 3250/39/5625 3207/39/5623 3208/37/5623
s 2578
f 3206/10/5626 3205/10/5627 3263/12/5626
f 3263/12/5626 3211/12/5626 3206/10/5626
s 2579
f 3218/64/5628 3237/64/5629 3236/66/5630
f 3236/66/5630 3216/66/5628 3218/64/5628
s 2580
f 3207/39/5631 3250/39/5631 3249/41/5631
f 3249/41/5631 3220/41/5632 3207/39/5631
s 2581
f 3211/12/5633 3263/12/5634 3262/15/5634
f 3262/15/5634 3222/15/5633 3211/12/5633
s 2582
f 3220/41/5635 3249/41/5636 3248/42/5636
f 3248/42/5636 3227/42/5635 3220/41/5635
s 2583
f 3222/15/5637 3262/15/5638 3261/17/5638
f 3261/17/5638 3229/17/5637 3222/15/5637
s 2584
f 3227/42/5639 3248/42/5640 3247/44/5639
f 3247/44/5639 3233/44/5639 3227/42/5639
s 2585
f 3199/18/5641 3229/17/5641 3261/17/5642
f 3261/17/5642 3260/18/5642 3199/18/5641
s 2586
f 3233/44/5643 3247/44/5644 3246/47/5645
f 3246/47/5645 3215/47/5646 3233/44/5643
s 2587
f 3199/18/5647 3260/18/5647 3259/21/5647
f 3259/21/5647 3200/21/5647 3199/18/5647
s 2588
f 3215/47/5648 3246/47/5648 3245/49/5648
f 3245/49/5648 3214/49/5648 3215/47/5648
s 2589
f 3200/21/5649 3259/21/5650 3258/23/5651
f 3258/23/5651 3219/23/5649 3200/21/5649
s 2590
f 3214/49/5652 3245/49/5653 3244/50/5654
f 3244/50/5654 3224/50/5652 3214/49/5652
s 2591
f 3219/23/5655 3258/23/5656 3257/25/5656
f 3257/25/5656 3226/25/5655 3219/23/5655
s 2592
f 3224/50/5657 3244/50/5658 3243/52/5657
f 3243/52/5657 3231/52/5657 3224/50/5657
s 2593
f 3226/25/5659 3257/25/5659 3256/26/5659
f 3256/26/5659 3232/26/5659 3226/25/5659
s 2594
f 3231/52/5660 3243/52/5661 3242/55/5660
f 3242/55/5660 3210/55/5662 3231/52/5660
s 2595
f 3232/26/5663 3256/26/5664 3255/29/5664
f 3255/29/5664 3213/29/5663 3232/26/5663
s 2596
f 3210/55/5665 3242/55/5666 3241/56/5666
f 3241/56/5666 3209/56/5665 3210/55/5665
s 2597
f 3213/29/5667 3255/29/5667 3254/31/5667
f 3254/31/5667 3212/31/5667 3213/29/5667
s 2598
f 3216/2/5668 3236/2/5669 3235/3/5669
f 3235/3/5669 3217/3/5668 3216/2/5668
s 2599
f 3209/56/5670 3241/56/5671 3240/59/5672
f 3240/59/5672 3221/59/5673 3209/56/5670
s 2600
f 3212/31/5674 3254/31/5674 3253/33/5675
f 3253/33/5675 3223/33/5674 3212/31/5674
s 2601
f 3217/3/5676 3235/3/5677 3264/6/5676
f 3264/6/5676 3225/6/5678 3217/3/5676
s 2602
f 3221/59/5679 3240/59/5680 3239/61/5680
f 3239/61/5680 3228/61/5680 3221/59/5679
s 2603
f 3223/33/5681 3253/33/5681 3252/35/5682
f 3252/35/5682 3230/35/5681 3223/33/5681
s 2604
f 3225/6/5683 3264/6/5684 3204/8/5685
f 3204/8/5685 3203/8/5683 3225/6/5683
s 2605
f 3228/61/5686 3239/61/5687 3238/62/5688
f 3238/62/5688 3234/62/5689 3228/61/5686
s 2606
f 3230/35/5690 3252/35/5691 3251/37/5691
f 3251/37/5691 3208/37/5690 3230/35/5690
s 2607
f 3265/3/5692 3266/4/5693 3267/5/5692
f 3267/5/5692 3268/2/5693 3265/3/5692
s 2608
f 3269/7/5694 3266/4/5694 3265/3/5694
f 3265/3/5694 3270/6/5694 3269/7/5694
s 2609
f 3271/8/5695 3272/9/5695 3269/7/5695
f 3269/7/5695 3270/6/5695 3271/8/5695
s 2610
f 3273/11/5696 3272/9/5696 3271/8/5696
f 3271/8/5696 3274/10/5696 3273/11/5696
s 2611
f 3275/12/5697 3276/13/5697 3273/11/5697
f 3273/11/5697 3274/10/5697 3275/12/5697
s 2612
f 3277/14/5698 3276/13/5698 3275/12/5698
f 3275/12/5698 3278/15/5698 3277/14/5698
s 2613
f 3279/16/5699 3277/14/5699 3278/15/5700
f 3278/15/5700 3280/17/5700 3279/16/5699
s 2614
f 3281/18/5701 3282/19/5702 3279/16/5702
f 3279/16/5702 3280/17/5701 3281/18/5701
s 2615
f 3283/20/5703 3282/19/5703 3281/18/5703
f 3281/18/5703 3284/21/5703 3283/20/5703
s 2616
f 3285/23/5704 3286/22/5704 3283/20/5704
f 3283/20/5704 3284/21/5705 3285/23/5704
s 2617
f 3287/25/5706 3288/24/5706 3286/22/5706
f 3286/22/5706 3285/23/5707 3287/25/5706
s 2618
f 3289/27/5708 3288/24/5708 3287/25/5709
f 3287/25/5709 3290/26/5709 3289/27/5708
s 2619
f 3291/29/5710 3292/28/5710 3289/27/5710
f 3289/27/5710 3290/26/5710 3291/29/5710
s 2620
f 3293/31/5711 3294/30/5711 3292/28/5711
f 3292/28/5711 3291/29/5711 3293/31/5711
s 2621
f 3295/32/5712 3294/30/5712 3293/31/5713
f 3293/31/5713 3296/33/5713 3295/32/5712
s 2622
f 3296/33/5714 3297/35/5714 3298/34/5715
f 3298/34/5715 3295/32/5715 3296/33/5714
s 2623
f 3299/37/5716 3300/36/5717 3298/34/5717
f 3298/34/5717 3297/35/5716 3299/37/5716
s 2624
f 3301/38/5718 3300/36/5718 3299/37/5718
f 3299/37/5718 3302/39/5718 3301/38/5718
s 2625
f 3303/40/5719 3301/38/5719 3302/39/5719
f 3302/39/5719 3304/41/5719 3303/40/5719
s 2626
f 3305/42/5720 3306/43/5720 3303/40/5720
f 3303/40/5720 3304/41/5720 3305/42/5720
s 2627
f 3307/45/5721 3306/43/5721 3305/42/5721
f 3305/42/5721 3308/44/5721 3307/45/5721
s 2628
f 3309/47/5722 3310/46/5722 3307/45/5722
f 3307/45/5722 3308/44/5722 3309/47/5722
s 2629
f 3311/49/5723 3312/48/5723 3310/46/5723
f 3310/46/5723 3309/47/5723 3311/49/5723
s 2630
f 3313/51/5724 3312/48/5724 3311/49/5724
f 3311/49/5724 3314/50/5724 3313/51/5724
s 2631
f 3315/53/5725 3313/51/5725 3314/50/5725
f 3314/50/5725 3316/52/5725 3315/53/5725
s 2632
f 3317/55/5726 3318/54/5727 3315/53/5727
f 3315/53/5727 3316/52/5726 3317/55/5726
s 2633
f 3319/57/5728 3318/54/5728 3317/55/5728
f 3317/55/5728 3320/56/5728 3319/57/5728
s 2634
f 3321/59/5729 3322/58/5729 3319/57/5729
f 3319/57/5729 3320/56/5729 3321/59/5729
s 2635
f 3323/61/5730 3324/60/5730 3322/58/5730
f 3322/58/5730 3321/59/5730 3323/61/5730
s 2636
f 3325/63/5731 3324/60/5731 3323/61/5731
f 3323/61/5731 3326/62/5731 3325/63/5731
s 2637
f 3327/21/5732 3284/21/5732 3281/18/5732
f 3281/18/5732 3328/18/5732 3327/21/5732
s 2638
f 3329/64/5733 3330/65/5734 3325/63/5734
f 3325/63/5734 3326/62/5733 3329/64/5733
s 2639
f 3329/64/5735 3268/66/5736 3267/67/5737
f 3267/67/5737 3330/65/5738 3329/64/5735
s 2640
f 3267/98/1 3266/68/1 3269/69/5542
f 3269/69/5542 3272/70/5545 3273/71/1
f 3267/98/1 3269/69/5542 3273/71/1
f 3276/72/1 3277/73/1 3279/74/1
f 3273/71/1 3276/72/1 3279/74/1
f 3273/71/1 3279/74/1 3282/75/1
f 3282/75/1 3283/76/5544 3286/77/1
f 3273/71/1 3282/75/1 3286/77/1
f 3273/71/1 3286/77/1 3288/78/1
f 3288/78/1 3289/79/1 3292/80/1
f 3273/71/1 3288/78/1 3292/80/1
f 3273/71/1 3292/80/1 3294/81/1
f 3294/81/1 3295/82/5546 3298/83/1
f 3273/71/1 3294/81/1 3298/83/1
f 3273/71/1 3298/83/1 3300/84/1
f 3300/84/1 3301/85/5544 3303/86/1
f 3273/71/1 3300/84/1 3303/86/1
f 3273/71/1 3303/86/1 3306/87/1
f 3306/87/1 3307/88/1 3310/89/1
f 3273/71/1 3306/87/1 3310/89/1
f 3273/71/1 3310/89/1 3312/90/1
f 3312/90/1 3313/91/1 3315/92/1
f 3273/71/1 3312/90/1 3315/92/1
f 3273/71/1 3315/92/1 3318/93/1
f 3318/93/1 3319/94/5739 3322/95/1
f 3273/71/1 3318/93/1 3322/95/1
f 3273/71/1 3322/95/1 3324/96/1
f 3267/98/1 3273/71/1 3324/96/1
f 3267/98/1 3324/96/1 3325/97/5740
f 3267/98/1 3325/97/5740 3330/99/1
s 2641
f 3331/10/5741 3332/8/5741 3333/8/5741
f 3333/8/5741 3334/10/5742 3331/10/5741
s 2642
f 3335/39/5743 3302/39/5744 3299/37/5745
f 3299/37/5745 3336/37/5745 3335/39/5743
s 2643
f 3337/56/5746 3320/56/5746 3317/55/5746
f 3317/55/5746 3338/55/5746 3337/56/5746
s 2644
f 3274/10/5747 3331/10/5747 3339/12/5747
f 3339/12/5747 3275/12/5747 3274/10/5747
s 2645
f 3291/29/5748 3340/29/5748 3341/31/5748
f 3341/31/5748 3293/31/5749 3291/29/5748
s 2646
f 3311/49/5750 3309/47/5750 3342/47/5751
f 3342/47/5751 3343/49/5752 3311/49/5750
s 2647
f 3268/2/5753 3344/2/5754 3345/3/5754
f 3345/3/5754 3265/3/5753 3268/2/5753
s 2648
f 3268/66/5755 3329/64/5755 3346/64/5756
f 3346/64/5756 3344/66/5757 3268/66/5755
s 2649
f 3327/21/5758 3347/23/5758 3285/23/5758
f 3285/23/5758 3284/21/5758 3327/21/5758
s 2650
f 3335/39/5759 3348/41/5759 3304/41/5760
f 3304/41/5760 3302/39/5761 3335/39/5759
s 2651
f 3337/56/5762 3349/59/5762 3321/59/5762
f 3321/59/5762 3320/56/5763 3337/56/5762
s 2652
f 3350/15/5764 3278/15/5765 3275/12/5765
f 3275/12/5765 3339/12/5765 3350/15/5764
s 2653
f 3351/33/5766 3296/33/5766 3293/31/5766
f 3293/31/5766 3341/31/5766 3351/33/5766
s 2654
f 3352/50/5767 3314/50/5767 3311/49/5767
f 3311/49/5767 3343/49/5768 3352/50/5767
s 2655
f 3353/6/5769 3270/6/5769 3265/3/5769
f 3265/3/5769 3345/3/5770 3353/6/5769
s 2656
f 3285/23/5771 3347/23/5771 3354/25/5771
f 3354/25/5771 3287/25/5771 3285/23/5771
s 2657
f 3305/42/5772 3304/41/5772 3348/41/5773
f 3348/41/5773 3355/42/5774 3305/42/5772
s 2658
f 3323/61/5775 3321/59/5776 3349/59/5777
f 3349/59/5777 3356/61/5778 3323/61/5775
s 2659
f 3350/15/5779 3357/17/5780 3280/17/5781
f 3280/17/5781 3278/15/5782 3350/15/5779
s 2660
f 3351/33/5783 3358/35/5784 3297/35/5785
f 3297/35/5785 3296/33/5786 3351/33/5783
s 2661
f 3352/50/5787 3359/52/5787 3316/52/5787
f 3316/52/5787 3314/50/5788 3352/50/5787
s 2662
f 3270/6/5789 3353/6/5790 3332/8/5789
f 3332/8/5789 3271/8/5789 3270/6/5789
s 2663
f 3360/26/5791 3290/26/5792 3287/25/5792
f 3287/25/5792 3354/25/5791 3360/26/5791
s 2664
f 3361/44/5793 3308/44/5794 3305/42/5794
f 3305/42/5794 3355/42/5793 3361/44/5793
s 2665
f 3362/62/5795 3326/62/5796 3323/61/5796
f 3323/61/5796 3356/61/5796 3362/62/5795
s 2666
f 3280/17/5797 3357/17/5797 3328/18/5797
f 3328/18/5797 3281/18/5797 3280/17/5797
s 2667
f 3297/35/5798 3358/35/5799 3336/37/5799
f 3336/37/5799 3299/37/5798 3297/35/5798
s 2668
f 3317/55/5800 3316/52/5800 3359/52/5800
f 3359/52/5800 3338/55/5800 3317/55/5800
s 2669
f 3331/10/5801 3274/10/5802 3271/8/5802
f 3271/8/5802 3332/8/5802 3331/10/5801
s 2670
f 3360/26/5803 3340/29/5804 3291/29/5803
f 3291/29/5803 3290/26/5803 3360/26/5803
s 2671
f 3361/44/5805 3342/47/5806 3309/47/5805
f 3309/47/5805 3308/44/5805 3361/44/5805
s 2672
f 3362/62/5807 3346/64/5807 3329/64/5808
f 3329/64/5808 3326/62/5809 3362/62/5807
s 2673
f 3363/102/5810 3364/103/5811 3365/104/5812
f 3363/102/5810 3365/104/5812 3366/105/5810
f 3366/105/5810 3367/106/5813 3368/107/5810
f 3363/102/5810 3366/105/5810 3368/107/5810
f 3363/102/5810 3368/107/5810 3369/108/5810
f 3369/108/5810 3370/109/5814 3371/110/5815
f 3363/102/5810 3369/108/5810 3371/110/5815
f 3363/102/5810 3371/110/5815 3372/111/5816
f 3372/111/5816 3373/112/5817 3374/113/5818
f 3363/102/5810 3372/111/5816 3374/113/5818
f 3363/102/5810 3374/113/5818 3375/114/5810
f 3375/114/5810 3376/115/5819 3377/116/5810
f 3363/102/5810 3375/114/5810 3377/116/5810
f 3363/102/5810 3377/116/5810 3378/117/5810
f 3378/117/5810 3379/118/5820 3380/119/5815
f 3363/102/5810 3378/117/5810 3380/119/5815
f 3363/102/5810 3380/119/5815 3381/120/5816
f 3381/120/5816 3382/121/5821 3383/122/5816
f 3363/102/5810 3381/120/5816 3383/122/5816
f 3363/102/5810 3383/122/5816 3384/123/5818
f 3384/123/5818 3385/124/5820 3386/125/5816
f 3363/102/5810 3384/123/5818 3386/125/5816
f 3386/125/5816 3387/126/5822 3388/127/5818
f 3386/125/5816 3388/127/5818 3389/128/5810
f 3363/102/5810 3386/125/5816 3389/128/5810
f 3363/102/5810 3389/128/5810 3334/129/5810
f 3334/129/5810 3333/130/5823 3390/131/5810
f 3363/102/5810 3334/129/5810 3390/131/5810
f 3391/101/5821 3363/102/5810 3390/131/5810
f 3392/100/5824 3391/101/5821 3390/131/5810
s 2674
f 3346/64/5825 3362/62/5826 3364/62/5827
f 3364/62/5827 3363/64/5827 3346/64/5825
s 2675
f 3377/37/5828 3376/39/5829 3335/39/5830
f 3335/39/5830 3336/37/5829 3377/37/5828
s 2676
f 3339/12/5831 3331/10/5831 3334/10/5832
f 3334/10/5832 3389/12/5833 3339/12/5831
s 2677
f 3344/66/5834 3346/64/5835 3363/64/5835
f 3363/64/5835 3391/66/5834 3344/66/5834
s 2678
f 3348/41/5836 3335/39/5837 3376/39/5838
f 3376/39/5838 3375/41/5839 3348/41/5836
s 2679
f 3388/15/5840 3350/15/5841 3339/12/5840
f 3339/12/5840 3389/12/5840 3388/15/5840
s 2680
f 3355/42/5842 3348/41/5843 3375/41/5843
f 3375/41/5843 3374/42/5842 3355/42/5842
s 2681
f 3357/17/5844 3350/15/5844 3388/15/5845
f 3388/15/5845 3387/17/5846 3357/17/5844
s 2682
f 3374/42/5847 3373/44/5848 3361/44/5849
f 3361/44/5849 3355/42/5850 3374/42/5847
s 2683
f 3328/18/5851 3357/17/5852 3387/17/5851
f 3387/17/5851 3386/18/5853 3328/18/5851
s 2684
f 3342/47/5854 3361/44/5854 3373/44/5854
f 3373/44/5854 3372/47/5854 3342/47/5854
s 2685
f 3386/18/5855 3385/21/5855 3327/21/5856
f 3327/21/5856 3328/18/5856 3386/18/5855
s 2686
f 3343/49/5857 3342/47/5857 3372/47/5857
f 3372/47/5857 3371/49/5858 3343/49/5857
s 2687
f 3347/23/5859 3327/21/5859 3385/21/5860
f 3385/21/5860 3384/23/5860 3347/23/5859
s 2688
f 3371/49/5861 3370/50/5861 3352/50/5861
f 3352/50/5861 3343/49/5861 3371/49/5861
s 2689
f 3354/25/5862 3347/23/5863 3384/23/5864
f 3384/23/5864 3383/25/5864 3354/25/5862
s 2690
f 3359/52/5865 3352/50/5865 3370/50/5866
f 3370/50/5866 3369/52/5866 3359/52/5865
s 2691
f 3383/25/5867 3382/26/5867 3360/26/5868
f 3360/26/5868 3354/25/5868 3383/25/5867
s 2692
f 3338/55/5869 3359/52/5870 3369/52/5869
f 3369/52/5869 3368/55/5869 3338/55/5869
s 2693
f 3340/29/5871 3360/26/5871 3382/26/5872
f 3382/26/5872 3381/29/5872 3340/29/5871
s 2694
f 3368/55/5873 3367/56/5873 3337/56/5873
f 3337/56/5873 3338/55/5873 3368/55/5873
s 2695
f 3341/31/5874 3340/29/5874 3381/29/5875
f 3381/29/5875 3380/31/5876 3341/31/5874
s 2696
f 3344/2/5877 3391/2/5878 3392/3/5879
f 3392/3/5879 3345/3/5877 3344/2/5877
s 2697
f 3349/59/5880 3337/56/5881 3367/56/5882
f 3367/56/5882 3366/59/5882 3349/59/5880
s 2698
f 3380/31/5883 3379/33/5884 3351/33/5884
f 3351/33/5884 3341/31/5884 3380/31/5883
s 2699
f 3390/6/5885 3353/6/5885 3345/3/5885
f 3345/3/5885 3392/3/5886 3390/6/5885
s 2700
f 3356/61/5887 3349/59/5888 3366/59/5888
f 3366/59/5888 3365/61/5888 3356/61/5887
s 2701
f 3358/35/5889 3351/33/5889 3379/33/5890
f 3379/33/5890 3378/35/5891 3358/35/5889
s 2702
f 3333/8/5892 3332/8/5892 3353/6/5892
f 3353/6/5892 3390/6/5893 3333/8/5892
s 2703
f 3365/61/5894 3364/62/5894 3362/62/5895
f 3362/62/5895 3356/61/5896 3365/61/5894
s 2704
f 3336/37/5897 3358/35/5897 3378/35/5898
f 3378/35/5898 3377/37/5899 3336/37/5897
s 2705
f 3393/3/5900 3394/4/5900 3395/5/5900
f 3395/5/5900 3396/2/5900 3393/3/5900
s 2706
f 3397/7/5901 3394/4/5901 3393/3/5901
f 3393/3/5901 3398/6/5901 3397/7/5901
s 2707
f 3399/8/5902 3400/9/5903 3397/7/5903
f 3397/7/5903 3398/6/5902 3399/8/5902
s 2708
f 3401/10/5904 3402/11/5905 3400/9/5905
f 3400/9/5905 3399/8/5904 3401/10/5904
s 2709
f 3403/13/5906 3402/11/5906 3401/10/5907
f 3401/10/5907 3404/12/5907 3403/13/5906
s 2710
f 3405/15/5908 3406/14/5909 3403/13/5910
f 3403/13/5910 3404/12/5908 3405/15/5908
s 2711
f 3407/17/5911 3408/16/5912 3406/14/5911
f 3406/14/5911 3405/15/5911 3407/17/5911
s 2712
f 3409/19/5913 3408/16/5913 3407/17/5913
f 3407/17/5913 3410/18/5913 3409/19/5913
s 2713
f 3411/21/5914 3412/20/5914 3409/19/5914
f 3409/19/5914 3410/18/5914 3411/21/5914
s 2714
f 3413/23/5915 3414/22/5915 3412/20/5915
f 3412/20/5915 3411/21/5915 3413/23/5915
s 2715
f 3415/24/5916 3414/22/5916 3413/23/5916
f 3413/23/5916 3416/25/5916 3415/24/5916
s 2716
f 3417/26/5917 3418/27/5917 3415/24/5917
f 3415/24/5917 3416/25/5917 3417/26/5917
s 2717
f 3419/29/5918 3420/28/5918 3418/27/5918
f 3418/27/5918 3417/26/5918 3419/29/5918
s 2718
f 3421/30/5919 3420/28/5919 3419/29/5920
f 3419/29/5920 3422/31/5919 3421/30/5919
s 2719
f 3423/32/5921 3421/30/5921 3422/31/5921
f 3422/31/5921 3424/33/5921 3423/32/5921
s 2720
f 3425/35/5922 3426/34/5923 3423/32/5923
f 3423/32/5923 3424/33/5923 3425/35/5922
s 2721
f 3427/36/5924 3426/34/5924 3425/35/5925
f 3425/35/5925 3428/37/5926 3427/36/5924
s 2722
f 3429/38/5927 3427/36/5927 3428/37/5927
f 3428/37/5927 3430/39/5927 3429/38/5927
s 2723
f 3431/41/5928 3432/40/5929 3429/38/5929
f 3429/38/5929 3430/39/5928 3431/41/5928
s 2724
f 3433/43/5930 3432/40/5930 3431/41/5931
f 3431/41/5931 3434/42/5932 3433/43/5930
s 2725
f 3435/44/5933 3436/45/5933 3433/43/5933
f 3433/43/5933 3434/42/5933 3435/44/5933
s 2726
f 3437/47/5934 3438/46/5935 3436/45/5935
f 3436/45/5935 3435/44/5934 3437/47/5934
s 2727
f 3439/48/5936 3438/46/5936 3437/47/5936
f 3437/47/5936 3440/49/5936 3439/48/5936
s 2728
f 3441/51/5937 3439/48/5937 3440/49/5937
f 3440/49/5937 3442/50/5937 3441/51/5937
s 2729
f 3443/52/5938 3444/53/5938 3441/51/5938
f 3441/51/5938 3442/50/5938 3443/52/5938
s 2730
f 3445/54/5939 3444/53/5939 3443/52/5939
f 3443/52/5939 3446/55/5939 3445/54/5939
s 2731
f 3447/56/5940 3448/57/5940 3445/54/5940
f 3445/54/5940 3446/55/5940 3447/56/5940
s 2732
f 3449/59/5941 3450/58/5942 3448/57/5942
f 3448/57/5942 3447/56/5943 3449/59/5941
s 2733
f 3451/60/5944 3450/58/5944 3449/59/5944
f 3449/59/5944 3452/61/5944 3451/60/5944
s 2734
f 3453/62/5945 3454/63/5946 3451/60/5946
f 3451/60/5946 3452/61/5946 3453/62/5945
s 2735
f 3410/18/5947 3455/18/5948 3456/21/5948
f 3456/21/5948 3411/21/5947 3410/18/5947
s 2736
f 3457/64/5949 3458/65/5949 3454/63/5949
f 3454/63/5949 3453/62/5949 3457/64/5949
s 2737
f 3457/64/5950 3396/66/5950 3395/67/5951
f 3395/67/5951 3458/65/5951 3457/64/5950
s 2738
f 3394/68/5544 3397/69/1 3400/70/1
f 3395/98/1 3394/68/5544 3400/70/1
f 3395/98/1 3400/70/1 3402/71/1
f 3402/71/1 3403/72/1 3406/73/1
f 3395/98/1 3402/71/1 3406/73/1
f 3395/98/1 3406/73/1 3408/74/1
f 3408/74/1 3409/75/1 3412/76/1
f 3395/98/1 3408/74/1 3412/76/1
f 3395/98/1 3412/76/1 3414/77/1
f 3414/77/1 3415/78/5543 3418/79/1
f 3395/98/1 3414/77/1 3418/79/1
f 3395/98/1 3418/79/1 3420/80/1
f 3420/80/1 3421/81/5952 3423/82/1
f 3395/98/1 3420/80/1 3423/82/1
f 3395/98/1 3423/82/1 3426/83/1
f 3426/83/1 3427/84/5739 3429/85/1
f 3395/98/1 3426/83/1 3429/85/1
f 3395/98/1 3429/85/1 3432/86/1
f 3432/86/1 3433/87/5544 3436/88/1
f 3395/98/1 3432/86/1 3436/88/1
f 3395/98/1 3436/88/1 3438/89/1
f 3438/89/1 3439/90/5545 3441/91/1
f 3395/98/1 3438/89/1 3441/91/1
f 3395/98/1 3441/91/1 3444/92/1
f 3444/92/1 3445/93/1 3448/94/1
f 3395/98/1 3444/92/1 3448/94/1
f 3395/98/1 3448/94/1 3450/95/1
f 3450/95/1 3451/96/1 3454/97/1
f 3395/98/1 3450/95/1 3454/97/1
f 3395/98/1 3454/97/1 3458/99/5952
s 2739
f 3459/8/5953 3460/8/5954 3461/10/5955
f 3461/10/5955 3462/10/5953 3459/8/5953
s 2740
f 3463/39/5956 3430/39/5957 3428/37/5958
f 3428/37/5958 3464/37/5956 3463/39/5956
s 2741
f 3465/56/5959 3447/56/5959 3446/55/5959
f 3446/55/5959 3466/55/5959 3465/56/5959
s 2742
f 3401/10/5960 3462/10/5961 3467/12/5960
f 3467/12/5960 3404/12/5960 3401/10/5960
s 2743
f 3422/31/5962 3419/29/5962 3468/29/5962
f 3468/29/5962 3469/31/5962 3422/31/5962
s 2744
f 3440/49/5963 3437/47/5963 3470/47/5963
f 3470/47/5963 3471/49/5963 3440/49/5963
s 2745
f 3472/3/5964 3393/3/5964 3396/2/5964
f 3396/2/5964 3473/2/5964 3472/3/5964
s 2746
f 3474/64/5965 3473/66/5965 3396/66/5965
f 3396/66/5965 3457/64/5965 3474/64/5965
s 2747
f 3411/21/5966 3456/21/5967 3475/23/5967
f 3475/23/5967 3413/23/5968 3411/21/5966
s 2748
f 3476/41/5969 3431/41/5969 3430/39/5969
f 3430/39/5969 3463/39/5969 3476/41/5969
s 2749
f 3477/59/5970 3449/59/5971 3447/56/5971
f 3447/56/5971 3465/56/5970 3477/59/5970
s 2750
f 3404/12/5972 3467/12/5972 3478/15/5973
f 3478/15/5973 3405/15/5972 3404/12/5972
s 2751
f 3479/33/5974 3424/33/5975 3422/31/5976
f 3422/31/5976 3469/31/5974 3479/33/5974
s 2752
f 3480/50/5977 3442/50/5978 3440/49/5978
f 3440/49/5978 3471/49/5977 3480/50/5977
s 2753
f 3393/3/5979 3472/3/5980 3481/6/5980
f 3481/6/5980 3398/6/5980 3393/3/5979
s 2754
f 3475/23/5981 3482/25/5981 3416/25/5981
f 3416/25/5981 3413/23/5982 3475/23/5981
s 2755
f 3434/42/5983 3431/41/5984 3476/41/5985
f 3476/41/5985 3483/42/5985 3434/42/5983
s 2756
f 3452/61/5986 3449/59/5987 3477/59/5986
f 3477/59/5986 3484/61/5986 3452/61/5986
s 2757
f 3405/15/5988 3478/15/5989 3485/17/5989
f 3485/17/5989 3407/17/5988 3405/15/5988
s 2758
f 3486/35/5990 3425/35/5991 3424/33/5990
f 3424/33/5990 3479/33/5990 3486/35/5990
s 2759
f 3487/52/5992 3443/52/5993 3442/50/5993
f 3442/50/5993 3480/50/5992 3487/52/5992
s 2760
f 3398/6/5994 3481/6/5995 3459/8/5995
f 3459/8/5995 3399/8/5994 3398/6/5994
s 2761
f 3482/25/5996 3488/26/5996 3417/26/5997
f 3417/26/5997 3416/25/5997 3482/25/5996
s 2762
f 3489/44/5998 3435/44/5999 3434/42/5999
f 3434/42/5999 3483/42/5998 3489/44/5998
s 2763
f 3490/62/6000 3453/62/6001 3452/61/6001
f 3452/61/6001 3484/61/6001 3490/62/6000
s 2764
f 3407/17/6002 3485/17/6003 3455/18/6002
f 3455/18/6002 3410/18/6002 3407/17/6002
s 2765
f 3428/37/6004 3425/35/6004 3486/35/6004
f 3486/35/6004 3464/37/6005 3428/37/6004
s 2766
f 3446/55/6006 3443/52/6007 3487/52/6008
f 3487/52/6008 3466/55/6009 3446/55/6006
s 2767
f 3399/8/6010 3459/8/6010 3462/10/6010
f 3462/10/6010 3401/10/6010 3399/8/6010
s 2768
f 3419/29/6011 3417/26/6011 3488/26/6011
f 3488/26/6011 3468/29/6011 3419/29/6011
s 2769
f 3470/47/6012 3437/47/6013 3435/44/6012
f 3435/44/6012 3489/44/6014 3470/47/6012
s 2770
f 3474/64/6015 3457/64/6016 3453/62/6015
f 3453/62/6015 3490/62/6015 3474/64/6015
s 2771
f 3491/100/6017 3492/101/6018 3493/102/6019
f 3493/102/6019 3494/103/6020 3495/104/6021
f 3491/100/6017 3493/102/6019 3495/104/6021
f 3496/105/6022 3497/106/6023 3498/107/6017
f 3495/104/6021 3496/105/6022 3498/107/6017
f 3491/100/6017 3495/104/6021 3498/107/6017
f 3499/108/6024 3500/109/6025 3501/110/6017
f 3498/107/6017 3499/108/6024 3501/110/6017
f 3502/111/6017 3503/112/6026 3504/113/6017
f 3501/110/6017 3502/111/6017 3504/113/6017
f 3498/107/6017 3501/110/6017 3504/113/6017
f 3491/100/6017 3498/107/6017 3504/113/6017
f 3505/114/6017 3506/115/6027 3507/116/6017
f 3504/113/6017 3505/114/6017 3507/116/6017
f 3508/117/6028 3509/118/6029 3510/119/6017
f 3507/116/6017 3508/117/6028 3510/119/6017
f 3504/113/6017 3507/116/6017 3510/119/6017
f 3511/120/6030 3512/121/6031 3513/122/6017
f 3510/119/6017 3511/120/6030 3513/122/6017
f 3514/123/6032 3515/124/6017 3516/125/6017
f 3513/122/6017 3514/123/6032 3516/125/6017
f 3510/119/6017 3513/122/6017 3516/125/6017
f 3504/113/6017 3510/119/6017 3516/125/6017
f 3491/100/6017 3504/113/6017 3516/125/6017
f 3517/126/6017 3518/127/6033 3519/128/6017
f 3516/125/6017 3517/126/6017 3519/128/6017
f 3461/129/6027 3460/130/6034 3520/131/6033
f 3519/128/6017 3461/129/6027 3520/131/6033
f 3516/125/6017 3519/128/6017 3520/131/6033
f 3491/100/6017 3516/125/6017 3520/131/6033
s 2772
f 3490/62/6035 3494/62/6036 3493/64/6037
f 3493/64/6037 3474/64/6035 3490/62/6035
s 2773
f 3463/39/6038 3464/37/6038 3507/37/6039
f 3507/37/6039 3506/39/6040 3463/39/6038
s 2774
f 3519/12/6041 3467/12/6041 3462/10/6041
f 3462/10/6041 3461/10/6041 3519/12/6041
s 2775
f 3493/64/6042 3492/66/6043 3473/66/6044
f 3473/66/6044 3474/64/6044 3493/64/6042
s 2776
f 3463/39/6045 3506/39/6046 3505/41/6046
f 3505/41/6046 3476/41/6047 3463/39/6045
s 2777
f 3478/15/6048 3467/12/6049 3519/12/6050
f 3519/12/6050 3518/15/6049 3478/15/6048
s 2778
f 3504/42/6051 3483/42/6052 3476/41/6051
f 3476/41/6051 3505/41/6051 3504/42/6051
s 2779
f 3478/15/6053 3518/15/6054 3517/17/6054
f 3517/17/6054 3485/17/6054 3478/15/6053
s 2780
f 3489/44/6055 3483/42/6055 3504/42/6056
f 3504/42/6056 3503/44/6056 3489/44/6055
s 2781
f 3516/18/6057 3455/18/6058 3485/17/6059
f 3485/17/6059 3517/17/6060 3516/18/6057
s 2782
f 3489/44/6061 3503/44/6062 3502/47/6062
f 3502/47/6062 3470/47/6061 3489/44/6061
s 2783
f 3456/21/6063 3455/18/6064 3516/18/6064
f 3516/18/6064 3515/21/6063 3456/21/6063
s 2784
f 3501/49/6065 3471/49/6065 3470/47/6065
f 3470/47/6065 3502/47/6065 3501/49/6065
s 2785
f 3456/21/6066 3515/21/6067 3514/23/6067
f 3514/23/6067 3475/23/6066 3456/21/6066
s 2786
f 3480/50/6068 3471/49/6068 3501/49/6069
f 3501/49/6069 3500/50/6069 3480/50/6068
s 2787
f 3475/23/6070 3514/23/6070 3513/25/6070
f 3513/25/6070 3482/25/6070 3475/23/6070
s 2788
f 3480/50/6071 3500/50/6071 3499/52/6071
f 3499/52/6071 3487/52/6071 3480/50/6071
s 2789
f 3513/25/6072 3512/26/6072 3488/26/6073
f 3488/26/6073 3482/25/6072 3513/25/6072
s 2790
f 3498/55/6074 3466/55/6075 3487/52/6075
f 3487/52/6075 3499/52/6074 3498/55/6074
s 2791
f 3511/29/6076 3468/29/6077 3488/26/6077
f 3488/26/6077 3512/26/6076 3511/29/6076
s 2792
f 3465/56/6078 3466/55/6078 3498/55/6079
f 3498/55/6079 3497/56/6078 3465/56/6078
s 2793
f 3510/31/6080 3469/31/6081 3468/29/6082
f 3468/29/6082 3511/29/6080 3510/31/6080
s 2794
f 3472/3/6083 3473/2/6083 3492/2/6084
f 3492/2/6084 3491/3/6084 3472/3/6083
s 2795
f 3465/56/6085 3497/56/6086 3496/59/6086
f 3496/59/6086 3477/59/6087 3465/56/6085
s 2796
f 3479/33/6088 3469/31/6088 3510/31/6088
f 3510/31/6088 3509/33/6089 3479/33/6088
s 2797
f 3520/6/6090 3481/6/6090 3472/3/6090
f 3472/3/6090 3491/3/6091 3520/6/6090
s 2798
f 3495/61/6092 3484/61/6092 3477/59/6093
f 3477/59/6093 3496/59/6093 3495/61/6092
s 2799
f 3479/33/6094 3509/33/6094 3508/35/6094
f 3508/35/6094 3486/35/6094 3479/33/6094
s 2800
f 3459/8/6095 3481/6/6096 3520/6/6097
f 3520/6/6097 3460/8/6097 3459/8/6095
s 2801
f 3490/62/6098 3484/61/6099 3495/61/6098
f 3495/61/6098 3494/62/6098 3490/62/6098
s 2802
f 3507/37/6100 3464/37/6101 3486/35/6101
f 3486/35/6101 3508/35/6100 3507/37/6100
